asset_a,asset_b,corr_calm,corr_crisis,delta
CRWD,DUK,-0.13208778466257234,0.9488132676115916,1.080901052274164
PG,PLTR,-0.12969548833388245,0.9350832946286751,1.0647787829625575
CRWD,PEP,-0.11032632153244122,0.9530035614745477,1.0633298830069888
MTSI,SO,-0.09026021248916839,0.9725983531519614,1.0628585656411298
CRWD,JNJ,-0.10700129255964984,0.9555647030325674,1.062565995592217
AEP,CRWD,-0.10119547730596808,0.9529119355993491,1.0541074129053172
DUK,MTSI,-0.07831226889247533,0.9753500472114408,1.053662316103916
PEP,PLTR,-0.135661342863121,0.9178527672586303,1.0535141101217513
KMB,PLTR,-0.11452201979768893,0.9347093144235064,1.0492313342211952
MRK,PLTR,-0.1352835619052851,0.9113846296748952,1.0466681915801803
CRWD,SO,-0.10640621060712668,0.9325390970396881,1.0389453076468147
PEP,RKLB,-0.10876055679279736,0.9239932238452698,1.032753780638067
AEP,MTSI,-0.050325451483928314,0.9776907806056447,1.0280162320895732
DUK,PLTR,-0.11207925133548136,0.9154127973174768,1.0274920486529582
DUK,FANG,-0.05857122302366907,0.9674048391475917,1.0259760621712608
CB,PLTR,-0.10460488429744592,0.9204501400592329,1.0250550243566787
CB,CRWD,-0.06965329992090226,0.9541161789573407,1.023769478878243
CRWD,KMB,-0.09841612958076473,0.9250257721368388,1.0234419017176035
ABBV,PLTR,-0.07575886603471912,0.9474221590815831,1.0231810251163023
CRWD,PG,-0.07598785322163096,0.9413759506871325,1.0173638039087636
FANG,SO,-0.058313770509327574,0.9588008590668066,1.0171146295761342
AEP,FANG,-0.046267293322149274,0.9660338569410637,1.0123011502632129
JNJ,PLTR,-0.09162722577612563,0.9175410426508801,1.0091682684270058
PLTR,TRV,-0.061077343851907794,0.9378270724630847,0.9989044163149925
FANG,KMB,-0.05893062817879983,0.9373850661741923,0.996315694352992
MTSI,PEP,-0.01762424204102443,0.9783216042285067,0.9959458462695311
FANG,PG,-0.03951287381585036,0.9556846704659112,0.9951975442817615
CRWD,LMT,-0.04447941333718926,0.9501680774196223,0.9946474907568116
CRWD,NOC,-0.04760155332606134,0.9464820074204715,0.9940835607465328
CRWD,TRV,-0.03549409583409944,0.957118389774832,0.9926124856089314
JNJ,MTSI,-0.012455259555627988,0.9729014121490295,0.9853566717046575
FANG,PEP,-0.015110108192102041,0.9691277018600113,0.9842378100521133
NOC,PLTR,-0.04021721598192036,0.9436313445704564,0.9838485605523768
AFL,CRWD,-0.05032441089728697,0.9328636027037984,0.9831880136010854
MTSI,PM,-0.004472056423101653,0.9755891098509896,0.9800611662740912
CRWD,XOM,-0.04681698285494401,0.9328827442524079,0.979699727107352
ALL,MTSI,-0.010312088071101002,0.9687048593589423,0.9790169474300433
ALL,CRWD,-0.023830463278300264,0.9550492911839921,0.9788797544622924
CRWD,PM,-0.022663058683060823,0.9544870519307848,0.9771501106138456
MTSI,PG,-0.018119072531288995,0.9573623742906325,0.9754814468219215
CB,RKLB,-0.04915422165204568,0.9243284108651538,0.9734826325171995
CB,MTSI,0.004645857408633727,0.9780963146162379,0.9734504572076041
RKLB,SO,-0.042545040664504326,0.9304115783716298,0.9729566190361342
CRWD,CVX,-0.022532222250949082,0.9500525282419355,0.9725847504928846
MTSI,TRV,-0.004860796846944028,0.9670838326658856,0.9719446295128297
CRWD,MCD,-0.01456408162070461,0.9573796000771253,0.97194368169783
PLTR,WM,-0.02532436037278347,0.9437748584619271,0.9690992188347106
CRWD,PSX,-0.020697015266528174,0.9479583052811897,0.968655320547718
PM,RKLB,-0.04107834116531281,0.9274651413310809,0.9685434824963938
PLTR,UNH,-0.037578712985236996,0.9302305766802775,0.9678092896655145
JNJ,RKLB,-0.04924245817346638,0.9177836902734867,0.9670261484469531
DUK,RKLB,-0.04397948606644405,0.9219275280399872,0.9659070141064313
PLTR,SO,-0.08658467734191141,0.8789524310767824,0.9655371084186939
MRK,RKLB,-0.05014819960329059,0.914060970081583,0.9642091696848736
KMB,MTSI,-0.031077607316425383,0.9315244671632448,0.9626020744796702
MCD,MTSI,0.01250718969516914,0.9746583951261032,0.962151205430934
COST,FANG,0.005881711066577283,0.9672000799274239,0.9613183688608465
ABBV,CRWD,-0.015644099731863884,0.9454205472184296,0.9610646469502935
ABBV,RKLB,-0.0716209836335437,0.8858457450955359,0.9574667287290797
AEP,PLTR,-0.045073753050113255,0.9115434611191794,0.9566172141692927
HII,PM,0.028291321595323115,0.9849028891763744,0.9566115675810513
LMT,PLTR,-0.029911229787264803,0.9244776932744556,0.9543889230617204
CRWD,UNH,0.006331417984395007,0.9599918407374217,0.9536604227530268
DG,PLTR,-0.020293445656196826,0.9312586861664763,0.9515521318226732
CRWD,VLO,-0.003042749760183476,0.9481579028969306,0.9512006526571141
CRWD,DVY,0.0033669410185533082,0.952700552678042,0.9493336116594887
FANG,LLY,0.016815530203907116,0.9658258199747007,0.9490102897707936
CRWD,DG,-0.03383686766921717,0.9146064370603263,0.9484433047295434
KMB,MPC,0.013843391312835854,0.961140740650166,0.9472973493373301
CRWD,MPC,0.010415832097059851,0.9564971379476391,0.9460813058505793
MPC,PG,0.025459938051328075,0.971017612421871,0.9455576743705429
CRWD,MRK,-0.006560923312359343,0.9380311820634218,0.9445921053757812
CRWD,GD,0.009935666187542685,0.9526033680165019,0.9426677018289592
KMB,RKLB,-0.06967598102854676,0.8720723447355686,0.9417483257641154
PG,RKLB,-0.04374761018878315,0.8974044032767886,0.9411520134655718
MPC,PEP,0.038749057639688306,0.9789753515509964,0.9402262939113081
AFL,PLTR,-0.0012876751028278205,0.9387272422759346,0.9400149173787624
CRWD,HII,0.007148784983173005,0.9465216084406628,0.9393728234574898
FANG,PM,0.03116840547936088,0.9705310533923196,0.9393626479129588
FANG,JNJ,0.02765225410363668,0.9658607137495608,0.9382084596459241
PLTR,REGN,0.00513410580410973,0.9431583398687189,0.9380242340646091
MRK,MTSI,0.030897986203036958,0.9687057038374641,0.9378077176344272
CRWD,MMM,0.018236116645986303,0.9552327784519381,0.9369966618059518
KO,PLTR,-0.14242404535880326,0.7943930891882794,0.9368171345470827
LMT,REGN,0.03808710186010206,0.9747364219739935,0.9366493201138915
ALL,PLTR,-0.0013084245726803089,0.935251906157002,0.9365603307296824
CW,PEP,0.045907460895931146,0.9823350605095561,0.936427599613625
HEI,UNH,0.03479899316220209,0.9708586005394799,0.9360596073772778
LMT,MTSI,0.03804172022221357,0.973870452493377,0.9358287322711635
CVX,MTSI,0.043566646106949644,0.9788456944519108,0.9352790483449612
AEP,MPC,0.04418250679175127,0.9771107066728287,0.9329281998810774
CRWD,RTX,0.01400338604022773,0.9466255358335891,0.9326221497933613
FANG,MCD,0.03725107909219388,0.969147863560854,0.9318967844686602
MCD,MPC,0.050355756156775185,0.982129908807634,0.9317741526508587
DUK,MPC,0.04768168246095006,0.9791667124726215,0.9314850300116715
RKLB,VLO,-0.007814669097661873,0.9234976172386055,0.9313122863362673
PLTR,XOM,-0.004220473247503392,0.9268270657888079,0.9310475390363113
LLY,RKLB,-0.0050147688860780765,0.9257875048925125,0.9308022737785906
MCD,PLTR,0.00041209393981281924,0.9308104583402887,0.930398364400476
CW,JNJ,0.05511444543949792,0.9851552015690158,0.9300407561295179
CAG,ICL,0.021568848947945536,0.9513514922650234,0.9297826433170778
MO,RKLB,-0.04721108170542481,0.8824189193112805,0.9296300010167052
NOC,REGN,0.04953054854746874,0.9768531302065805,0.9273225816591117
MCD,RKLB,-0.0075679827824387935,0.9194783585089871,0.9270463412914258
CRWD,DE,0.026317516225931994,0.952738927967421,0.926421411741489
PLTR,PM,-0.016637190822810795,0.9095579947983904,0.9261951856212012
NUE,PM,0.0394987105343074,0.9655647803666566,0.9260660698323492
PSX,RKLB,0.014465734210697807,0.9397575126576856,0.9252917784469877
NOC,RKLB,-0.02480991017826169,0.9003781701765061,0.9251880803547679
CVX,RKLB,0.0067726526847908365,0.9319006722827518,0.9251280195979609
MTSI,UNH,0.04513825978944735,0.9688017771786451,0.9236635173891978
MO,MTSI,-0.05339526828377175,0.8701428796464992,0.9235381479302709
MU,PM,0.021273585334871985,0.9441182757611403,0.9228446904262683
DUK,REGN,0.03629098882581645,0.958235359718882,0.9219443708930655
HEI,JNJ,0.054261761009749485,0.9760623219988314,0.9218005609890819
MPC,SO,0.04174197101281155,0.9632190163408738,0.9214770453280623
DUK,HII,0.06394676476457674,0.9851430741805695,0.9211963094159927
SO,XBI,0.03637823590089068,0.9574505650496937,0.921072329148803
D,PLTR,-0.07197058068936626,0.8490440822707707,0.9210146629601369
ICL,XLU,0.03747239981413438,0.9572430026890154,0.919770602874881
MTSI,XOM,0.046220145107300596,0.9654503969219012,0.9192302518146006
LMT,RKLB,0.0018417348370636049,0.9198534731575784,0.9180117383205147
MTSI,NOC,0.04236311605118561,0.9601522751021137,0.9177891590509281
PM,STLD,0.042649314752133224,0.9598986474754155,0.9172493327232824
DG,LLY,0.03904438319497279,0.9558513426887577,0.9168069594937849
AEP,HII,0.070212376536276,0.9869212380207966,0.9167088614845206
COST,MPC,0.06413428930887295,0.9795983644102374,0.9154640751013644
RKLB,XOM,-0.011648347197257209,0.9037699782066853,0.9154183254039424
DUK,PSX,0.05368189006913231,0.9689408114010328,0.9152589213319006
CAT,CRWD,0.04467746466217057,0.9596604876890324,0.9149830230268619
NOC,WM,0.05315634670037847,0.9681003978197665,0.914944051119388
FANG,PLD,0.0521159534420972,0.9663531045219622,0.914237151079865
REGN,WM,0.0382794988973017,0.9524949265659577,0.914215427668656
DUK,UAN,-0.017717178108113022,0.89627875648077,0.9139959345888831
QQQ,SO,0.05125098214178388,0.9651412008827545,0.9138902187409705
AEP,CW,0.06800006518706095,0.9816401206642207,0.9136400554771598
CRWD,REGN,0.03893350667391588,0.9521935394168858,0.9132600327429699
PLTR,SPLV,0.020788314353612468,0.9337626024071216,0.9129742880535091
CRWD,JPM,0.0435835688201681,0.9559761200256387,0.9123925512054706
LLY,PSX,0.05663109283650627,0.9683357451101477,0.9117046522736415
RKLB,TRV,-0.0011826746220785819,0.9103098398310948,0.9114925144531734
MCD,REGN,0.06406514703271513,0.9751837348577738,0.9111185878250586
GOOGL,SO,0.04989217716952109,0.9608952332433067,0.9110030560737856
PEP,STLD,0.03095313391961743,0.9419545013218481,0.9110013674022307
DG,XOM,0.04570871423616721,0.9566982052036878,0.9109894909675206
CW,MCD,0.07941686950452308,0.9897078186768891,0.910290949172366
GD,REGN,0.06828511123123433,0.9783268422832199,0.9100417310519855
DUK,XBI,0.04990608823670115,0.9597924586889072,0.909886370452206
LRCX,SO,-0.006499916915321886,0.9033732867202703,0.9098732036355922
PEP,PSX,0.059574873061940856,0.9693488326441863,0.9097739595822454
LLY,MPC,0.06849113719773395,0.9781300795656154,0.9096389423678815
DE,REGN,0.06579775720077347,0.9753842197756447,0.9095864625748713
AMAT,PM,0.04329572650227599,0.9527359015634045,0.9094401750611285
CRWD,DD,0.04339066113995076,0.9527659543921522,0.9093752932522015
CW,SO,0.053708734789591574,0.9630818963903838,0.9093731616007922
HII,SO,0.05669559448729702,0.9659699057404947,0.9092743112531977
ABBV,TDG,0.0799948936258969,0.9889916757154815,0.9089967820895846
CVX,WM,0.04008182602018798,0.9490285258297804,0.9089466998095924
LLY,VLO,0.049510495226057646,0.9581668407071124,0.9086563454810548
COST,PSX,0.059992066213025094,0.9683295396481824,0.9083374734351572
PG,VLO,0.02156377820956531,0.9297504917553502,0.9081867135457848
MU,SO,0.019812349219441416,0.9278662746544012,0.9080539254349598
CAT,REGN,0.0693491218626373,0.9770271461263368,0.9076780242636995
LRCX,PM,0.029164994403096303,0.9368127152505875,0.9076477208474912
ALL,REGN,0.05996018960344523,0.9676068432876691,0.9076466536842239
AEP,RKLB,0.021006092956156634,0.9285431864037715,0.9075370934476149
AEP,PSX,0.06154722660207289,0.9685343652585275,0.9069871386564546
ASIX,XLU,0.04992174302628369,0.9567200958043349,0.9067983527780512
PSX,SO,0.055833481535384366,0.9624923468630834,0.906658865327699
PG,UAN,-0.02004061551929105,0.8865549236677531,0.9065955391870442
AEP,GOOGL,0.054968067773545556,0.9613260347687838,0.9063579669952382
CW,LLY,0.08570146185136486,0.9919828695098897,0.9062814076585248
CW,UNH,0.07154493753759916,0.9777723888233981,0.906227451285799
PG,PSX,0.04639723170259253,0.9524058318660134,0.9060086001634208
DG,FANG,0.0184681804817668,0.9240565829531125,0.9055884024713458
MTSI,O,0.016060691800096148,0.921624043147599,0.9055633513475029
LMT,UNH,0.07167373167670162,0.9761050607814212,0.9044313291047196
CW,DUK,0.0714801760201269,0.9759100203663114,0.9044298443461845
PEP,WM,0.04873741243113752,0.9528841268249993,0.9041467143938619
FANG,MRK,0.05411058581927721,0.9579897767261648,0.9038791909068876
CVX,REGN,0.05057592774618023,0.9540600527674996,0.9034841250213194
AEP,REGN,0.058812502561848265,0.962155831082804,0.9033433285209558
PEP,UAN,-0.008189095943610844,0.8950776573879655,0.9032667533315764
FANG,WM,0.044612382834883106,0.9474831439772524,0.9028707611423693
PEP,REGN,0.06537447457664679,0.9678758866061051,0.9025014120294583
KMB,WM,0.0584040157354643,0.9600765830633217,0.9016725673278574
DUK,QQQ,0.07626167145634515,0.9779151954701264,0.9016535240137813
HEI,REGN,0.06756612539094495,0.9691309929415057,0.9015648675505608
CPB,ICL,0.024020912326925443,0.925584218328551,0.9015633060016255
GOOGL,LMT,0.0487086515526632,0.9502244757533824,0.9015158242007192
KMB,PSX,0.040070243182360264,0.9412308806474943,0.901160637465134
DUK,HEI,0.06288816679877583,0.9639078233514956,0.9010196565527198
UNH,VLO,0.05030188068385005,0.9512381257236114,0.9009362450397613
RKLB,WM,-0.025235701155882962,0.8755423749164246,0.9007780760723075
MCD,VLO,0.057605740301454246,0.9583783773330203,0.9007726370315661
CRWD,WM,0.028100271564108163,0.9287399207803071,0.9006396492161989
DUK,MU,0.016386314440599587,0.9169991397332833,0.9006128252926837
ABBV,BA,0.07736767946803158,0.9778643198309548,0.9004966403629232
CRWD,O,-0.0006931019913344795,0.8997631546069396,0.900456256598274
CRWD,MO,-0.07720403484988864,0.8228414589074261,0.9000454937573148
KMB,REGN,0.041609861339431245,0.9414666359294004,0.8998567745899692
MMM,REGN,0.07004044582234907,0.9690739434889305,0.8990334976665815
COST,HEI,0.08396324933982667,0.9828033813731789,0.8988401320333522
KMB,UAN,-0.03070959729863796,0.8678840510697321,0.8985936483683701
COST,WM,0.06176844821052578,0.9598269219212082,0.8980584737106825
JPM,WM,0.061727904717237964,0.9592308420353447,0.8975029373181067
DUK,GOOGL,0.05649559857901276,0.9539166740689172,0.8974210754899045
NOC,UNH,0.07823511981027494,0.9753965343138159,0.8971614145035409
MPC,RKLB,0.02360481519975039,0.9202535652968263,0.8966487500970759
AEP,VLO,0.05801337066274974,0.954381040499596,0.8963676698368463
IBM,WM,0.05906844795952679,0.9546453123564457,0.8955768643969189
COST,VLO,0.06364335526173974,0.9590830842263295,0.8954397289645898
REGN,TDG,0.09488416695111346,0.9901426643480504,0.895258497396937
REGN,SO,0.04225808938550034,0.9374767515846916,0.8952186621991912
JNJ,TDG,0.09658898181051843,0.9918040626184768,0.8952150808079583
FANG,VNQ,0.06929209440813729,0.9643157578770478,0.8950236634689105
ABBV,ORCL,0.08048336061663235,0.9754854969251411,0.8950021363085088
VLO,WM,0.0397460539339608,0.9346719678341964,0.8949259139002356
PG,REGN,0.06365251020230019,0.9584955568741252,0.894843046671825
DUK,STLD,0.039612563236430226,0.9342627034474417,0.8946501402110114
LLY,TDG,0.09949854808693158,0.9936530787828468,0.8941545306959152
LLY,MTSI,0.08304770545551202,0.9770462396378514,0.8939985341823394
HEI,PM,0.09210874898419873,0.9860014868881495,0.8938927379039507
REGN,XOM,0.06112603167345549,0.954551395617132,0.8934253639436764
LMT,QQQ,0.09579259690125708,0.9891415378279818,0.8933489409267247
FANG,RKLB,0.03483527476910198,0.9280126570066874,0.8931773822375855
AEP,XBI,0.06858901314270441,0.9616357931014753,0.8930467799587709
FANG,IYR,0.06933550436099747,0.9620364448046053,0.8927009404436078
UNH,WM,0.061697118503840555,0.9543214422049323,0.8926243237010918
HII,MCD,0.09915394288478074,0.9917494077776702,0.8925954648928894
HEI,LLY,0.0873950462606111,0.9799396137331237,0.8925445674725125
DG,TDG,0.07078169513349879,0.963039528353319,0.8922578332198202
BLK,LMT,0.09658871330746178,0.9887658923903759,0.8921771790829142
LLY,WM,0.05934353919598366,0.9513105178788533,0.8919669786828697
SO,STLD,0.03701964850797929,0.9288564537557895,0.8918368052478102
CVX,HEI,0.07420377026158931,0.9659271977064845,0.8917234274448952
AEP,MU,0.036649487201937836,0.9283293371561848,0.891679849954247
HII,PG,0.09742033870597755,0.9890210715667231,0.8916007328607456
GOOGL,MRK,0.052118220366426084,0.9435309213673869,0.8914127010009608
COST,CVX,0.08239450487968623,0.9737338882877172,0.891339383408031
FANG,O,0.025920439142787143,0.9171916088441973,0.8912711697014101
PM,XBI,0.07197748093581183,0.963223792855247,0.8912463119194352
AEP,UAN,-0.0012434940286923885,0.8895521383298688,0.8907956323585612
CVX,DG,0.04306512899929868,0.9336698522626894,0.8906047232633907
WM,XOM,0.052245210292115755,0.9427111734555883,0.8904659631634726
PEP,VLO,0.06472737677766763,0.9550559397631708,0.8903285629855032
HEI,WM,0.06251015120485658,0.9526213852928586,0.890111234088002
ALL,RKLB,0.023685942351385065,0.9135761591504884,0.8898902167991033
CAT,PM,0.09904509527654928,0.9886849977562887,0.8896399024797395
LXU,XLU,0.035319790667440926,0.9249398743431594,0.8896200836757184
HEI,VLO,0.06511289564825833,0.9545833910463788,0.8894704953981205
CRWD,IBM,0.05723816821512183,0.9465697168731942,0.8893315486580724
COST,LMT,0.10222180685080394,0.9911551970896975,0.8889333902388935
REGN,RKLB,0.01742509444633311,0.9060568066047832,0.88863171215845
ABBV,MTSI,0.06074429100041629,0.9492518333029034,0.8885075423024871
COST,REGN,0.08938336495463037,0.9778551541978325,0.8884717892432021
MPC,MRK,0.07837225276512043,0.9667939001939007,0.8884216474287803
HEI,MCD,0.09148162827115071,0.9798577978575564,0.8883761695864058
BLK,LLY,0.10055199409089793,0.9889214303681576,0.8883694362772596
CW,PM,0.10302481560516497,0.9912424605335367,0.8882176449283717
CRWD,FANG,0.04760909558598393,0.9351051939450957,0.8874960983591118
PM,REGN,0.09221793942786466,0.9794718825971142,0.8872539431692494
CW,PG,0.073471546164718,0.9605377673959365,0.8870662212312186
REGN,RTX,0.08323842610574804,0.9702760688783254,0.8870376427725774
MTSI,VLO,0.08666560868023701,0.9733125421210919,0.8866469334408549
PM,TDG,0.10166083578515248,0.9882473895520192,0.8865865537668667
LLY,PLTR,0.03403410525309239,0.9201544151351346,0.8861203098820423
SO,VLO,0.05644836373456616,0.9422491209207741,0.8858007571862079
AEP,QQQ,0.0963246099038789,0.9815687918355055,0.8852441819316266
CRWD,NUE,0.07027208668144609,0.9553660125532764,0.8850939258718302
CAT,WM,0.06855627709808085,0.9535430354547767,0.8849867583566958
HII,LLY,0.10523278185237259,0.9899400945056341,0.8847073126532615
PG,WM,0.07055660022117656,0.9551244964139962,0.8845678961928196
ASIX,KHC,0.04802348808396916,0.9324509919410382,0.884427503857069
IBM,PLTR,0.05497842404269137,0.9393783235287074,0.884399899486016
DUK,VLO,0.0663409437058906,0.9505561480161361,0.8842152043102455
COST,UAN,0.006201636162656031,0.8904083825031709,0.8842067463405149
LLY,UAN,0.0009509053934740976,0.8851503773838036,0.8841994719903296
BA,WM,0.06914331198097619,0.9532705662946578,0.8841272543136816
PLTR,VLO,0.032271597330246815,0.9160940163979423,0.8838224190676955
GD,UNH,0.09457851466524583,0.9779512112719088,0.883372696606663
JNJ,MPC,0.09592899509035438,0.9793011119836756,0.8833721168933213
AEP,TDG,0.10341236496919147,0.9867582765014132,0.8833459115322218
LLY,STLD,0.061823752473529094,0.9447394344821298,0.8829156820086007
MPC,PM,0.09775853192218062,0.9805141171805722,0.8827555852583916
AEP,STLD,0.05776349181428442,0.9404988717598322,0.8827353799455477
REGN,VLO,0.06652064668623268,0.9490421031298659,0.8825214564436332
CAT,DG,0.07750572510873088,0.9598770929499051,0.8823713678411742
DG,MPC,0.05601512756724647,0.9383320383340714,0.882316910766825
DG,JPM,0.0802523162161267,0.962528775660462,0.8822764594443353
CB,MU,0.04689648318762922,0.9291338553653748,0.8822373721777457
AMAT,SO,0.037379970570012744,0.9195785712872413,0.8821986007172286
AFL,MTSI,0.0718768951561434,0.953978675704603,0.8821017805484597
HII,KMB,0.08808542801109007,0.9697981185881441,0.881712690577054
HEI,IBM,0.08853761166422681,0.9702459410531779,0.881708329388951
MPC,WM,0.08730833395248891,0.9689810395068167,0.8816727055543278
BX,DG,0.07429502790778084,0.9558132940371017,0.8815182661293208
MCD,WM,0.08146377995424813,0.96231532208013,0.8808515421258819
PEP,XBI,0.07886146561739033,0.9596875302231671,0.8808260646057768
COST,HII,0.1110441944543795,0.9918479569476221,0.8808037624932425
DG,RTX,0.08386374184371898,0.964516143779592,0.880652401935873
ABBV,COST,0.10447885189117452,0.9847646236549907,0.8802857717638162
GOOGL,PM,0.0765033610417331,0.9567280164343577,0.8802246553926246
COST,UNH,0.09866569084606717,0.978753782349081,0.8800880915030138
IBM,REGN,0.09342421075509849,0.9732486362135513,0.8798244254584529
PLTR,RTX,0.04959461632939121,0.9291977137090204,0.8796030973796292
CVX,PLTR,0.03162999778146207,0.911219085153005,0.879589087371543
HEI,PEP,0.09130303206625451,0.9707912419675094,0.8794882099012549
JNJ,STLD,0.06283065329126275,0.9422337456433373,0.8794030923520746
PM,VLO,0.09373037991709877,0.9728646306214148,0.8791342507043161
MCD,UAN,0.016632538741485316,0.895661802379365,0.8790292636378797
FANG,ORCL,0.06881655896085823,0.9473517404254913,0.878535181464633
AEP,HEI,0.09108006865908369,0.9694881622380179,0.8784080935789342
JNJ,WM,0.07816156101394582,0.9560375711353666,0.8778760101214208
GD,WM,0.0823672978382411,0.9600968065414349,0.8777295087031938
SO,UAN,0.010268319531674494,0.887850348141994,0.8775820286103195
CTVA,KMB,0.007388507011841513,0.8849301885836247,0.8775416815717832
GD,PLTR,0.05649372068151571,0.9338536594926418,0.8773599388111261
MRK,PSX,0.07844048499315015,0.9555789335272983,0.8771384485341481
DUK,UNH,0.0841081580815883,0.961120664786025,0.8770125067044366
REGN,TRV,0.09629699255729061,0.9731914915695299,0.8768944990122393
DG,ORCL,0.07162743837933555,0.9483147720883663,0.8766873337090308
AEP,BLK,0.09900075797022966,0.9756255603644458,0.8766248023942161
HON,WM,0.08018678146882181,0.9566951474273728,0.876508365958551
DE,WM,0.08255596804534343,0.9587712556611533,0.8762152876158098
DUK,TDG,0.10914337533056227,0.9853345703733037,0.8761911950427415
JNJ,VLO,0.08026195231931073,0.956416874751082,0.8761549224317712
ASIX,CAG,0.05459900007408307,0.9306722303757451,0.8760732303016621
NOC,PM,0.10607648807869562,0.982093529305717,0.8760170412270214
MTSI,PSX,0.08839337560013141,0.9640453291429099,0.8756519535427785
COST,CW,0.11629330932546192,0.9919108649631199,0.875617555637658
MCD,PSX,0.09406905468992027,0.9694763937839256,0.8754073390940054
DG,HII,0.09798716355809137,0.9728430752104706,0.8748559116523793
PG,TDG,0.1100947044535963,0.9846184483759576,0.8745237439223613
DE,PM,0.11453312824456079,0.9888043166485316,0.8742711884039709
HEI,PG,0.07989425959965216,0.9539994676500825,0.8741052080504303
MPC,PLTR,0.051191707063608496,0.9252540293484709,0.8740623222848624
GOOGL,NOC,0.055248575190515445,0.9291828791332324,0.873934303942717
KMB,TDG,0.09450414966800995,0.9683979956899879,0.873893846021978
LLY,NOC,0.11068039230467107,0.9843139548843229,0.8736335625796519
ASIX,CPB,0.02201094494909644,0.8956300174341635,0.8736190724850671
AEP,UNH,0.09234828937577311,0.96592566079379,0.873577371418017
AEP,WM,0.07179319644281965,0.9451988418397101,0.8734056453968905
IBM,VLO,0.07711152308148739,0.9503046346492716,0.8731931115677842
MMM,WM,0.08584563869455124,0.9589950081129397,0.8731493694183885
BLK,DUK,0.09970767973485715,0.9727715721517552,0.8730638924168981
DG,MTSI,0.053399562903949475,0.9262836198031298,0.8728840568991804
HII,PLTR,0.06203215540010638,0.9348445879679909,0.8728124325678844
DUK,WM,0.07621292582071476,0.948967774581668,0.8727548487609533
COST,GD,0.11782417746805943,0.9905661594930447,0.8727419820249853
ABBV,DE,0.11204336120749463,0.9845960034904314,0.8725526422829368
CW,MRK,0.07303780699392842,0.9455277295240643,0.8724899225301359
HII,PEP,0.1170236502549193,0.9894122534778662,0.8723886032229469
DE,LLY,0.11531492381516849,0.9876625864774783,0.8723476626623098
SO,TDG,0.0926528340126997,0.9649832839492843,0.8723304499365846
ABBV,HEI,0.1120867700072764,0.9843105516211867,0.8722237816139103
IBM,UNH,0.09739014132580985,0.9694624039717273,0.8720722626459175
ABBV,NUE,0.10206523227282004,0.9739869266337289,0.8719216943609088
DG,HEI,0.08609120362004785,0.9576579973772631,0.8715667937572152
GOOGL,TRV,0.06920711023151131,0.9404345418313041,0.8712274315997929
COST,NOC,0.11631322629081749,0.9873827680616822,0.8710695417708647
BLK,PG,0.10484080028900179,0.9758569834525769,0.8710161831635751
PM,UAN,0.02386851433058796,0.894554546270592,0.870686031940004
DUK,LRCX,0.01809500854095864,0.8887378935220559,0.8706428849810972
BA,REGN,0.08204894208274385,0.9525475251441311,0.8704985830613873
HON,REGN,0.08485914168364686,0.9551831431708259,0.870324001487179
MPC,ORCL,0.09565754515966653,0.9659390409209064,0.8702814957612399
HEI,TRV,0.10047354036928133,0.9706208456181664,0.8701473052488851
FANG,GOOGL,0.07866424363378643,0.9488050703488955,0.8701408267151091
CW,WM,0.08625003242558744,0.9562361409936101,0.8699861085680226
O,RKLB,0.05894663340571649,0.9288822289580223,0.8699355955523058
DG,PSX,0.040641609839124175,0.9104545042135253,0.8698128943744011
ALL,HEI,0.10567250375956298,0.9753936164593437,0.8697211126997808
JNJ,UAN,0.02050146056122614,0.8898183590527542,0.869316898491528
LMT,WM,0.09022836393011258,0.9594228947725459,0.8691945308424334
ABBV,STLD,0.08647208033660629,0.9556515388929046,0.8691794585562983
MMM,PLTR,0.06666687316889447,0.9353428720773552,0.8686759989084607
BLK,NOC,0.12233456924721503,0.9909369993926517,0.8686024301454367
JNJ,PSX,0.10085503022783718,0.9693330618598552,0.8684780316320181
COST,MTSI,0.1082236061878928,0.9762848687002993,0.8680612625124065
BLK,PEP,0.11623732454825485,0.9841297459946924,0.8678924214464375
MRK,TDG,0.09391662815591553,0.9615577203755743,0.8676410922196588
ARKK,DUK,-0.08770554727853665,0.7798876268776896,0.8675931741562263
CAT,DUK,0.10658983251040793,0.9739648386692369,0.867375006158829
ALL,GOOGL,0.07341481451145225,0.9407622692728276,0.8673474547613753
HEI,KMB,0.06886716093971978,0.9361398033312893,0.8672726423915695
DG,LMT,0.09632090939173978,0.9633670562721964,0.8670461468804567
RKLB,UAN,0.01243756909175482,0.8794349697579567,0.8669974006662018
NUE,WM,0.06872350506874347,0.935515322145143,0.8667918170763995
JNJ,MU,0.056298795135431075,0.9229525583739594,0.8666537632385283
TRV,WM,0.09896338457489307,0.9653498375687278,0.8663864529938348
GD,MTSI,0.10569347800725301,0.9719604859303006,0.8662670079230476
MRK,VLO,0.0668692391724492,0.9330409209188801,0.8661716817464309
AEP,COST,0.11466255233044029,0.9807279196624754,0.8660653673320351
ABBV,UAN,0.02401373168146111,0.8900056662772347,0.8659919345957735
CVX,GOOGL,0.08976265002616443,0.9556728424920531,0.8659101924658886
TRV,VLO,0.08681582338681645,0.9525345872268532,0.8657187638400368
HEI,MMM,0.10668670082802066,0.972390422138315,0.8657037213102943
HPQ,KHC,0.0518515832025027,0.9174652032298185,0.8656136200273158
ORCL,WM,0.06778265949526124,0.9331747318058352,0.8653920723105739
DD,REGN,0.070344884664503,0.9356343090121407,0.8652894243476377
KMB,QQQ,0.0873573851937718,0.9525416531655275,0.8651842679717557
CB,LLY,0.12134690673719266,0.9864335407619582,0.8650866340247656
DG,IBM,0.10778673637857546,0.9726760634366629,0.8648893270580874
BA,DG,0.09267052078652996,0.957538128950565,0.8648676081640351
UNH,XOM,0.08503923302328951,0.9498827961018687,0.8648435630785791
DG,UAN,0.006960328747893349,0.8714158578248556,0.8644555290769623
ARKK,KMB,-0.05636364580419365,0.8079831207665318,0.8643467665707254
ABBV,FANG,0.08644466318742201,0.9507543991810401,0.864309735993618
AEP,CAT,0.11207973943143082,0.9763454507189905,0.8642657112875597
DE,DUK,0.10940004193857251,0.9735913266227468,0.8641912846841743
PEP,TDG,0.12636506311620105,0.9903517756103504,0.8639867124941494
HEI,MRK,0.07206417893175494,0.9357130830079023,0.8636489040761474
CW,LMT,0.1282561702333981,0.9916532218590547,0.8633970516256566
CRWD,STLD,0.09692044417860544,0.9602771500413232,0.8633567058627177
HEI,LMT,0.11666154559268889,0.9797229492674123,0.8630614036747234
JNJ,REGN,0.10809306489098039,0.9710297887426084,0.862936723851628
DG,TRV,0.09927814144874603,0.9620828126240609,0.8628046711753149
LLY,PM,0.12770605784217598,0.990243159240051,0.8625371013978751
CW,REGN,0.11232418212212153,0.9747864438207936,0.8624622616986721
DE,UNH,0.11380807872990979,0.9761456692581685,0.8623375905282586
CRWD,PLD,0.09661705522622857,0.9589253749430104,0.8623083197167819
CAT,COST,0.12978001952655382,0.9920860563680833,0.8623060368415295
CVX,CW,0.11405885338057296,0.9757689673515756,0.8617101139710026
MU,PEP,0.06180204723526346,0.9233720103781673,0.8615699631429038
GOOGL,JNJ,0.0922816696459219,0.9538470396767341,0.8615653700308122
ABBV,NOC,0.13086551876304484,0.9924119115399335,0.8615463927768886
CAT,UNH,0.11741031931543464,0.9786692728169597,0.861258953501525
ALL,VLO,0.10157296607925327,0.9626543579339976,0.8610813918547443
ICL,KHC,0.08022479672081399,0.9412024765647895,0.8609776798439756
DE,DG,0.10190955738872093,0.9628827264841345,0.8609731690954137
NOC,QQQ,0.12350764792067932,0.9843999205658592,0.8608922726451799
PM,PSX,0.11403928724376297,0.9748470959687028,0.8608078087249398
HEI,SO,0.0881226122822671,0.9488753748021334,0.8607527625198662
CB,COST,0.12700571380935563,0.9876150841281691,0.8606093703188135
LMT,MU,0.057444462833742604,0.9179126666697222,0.8604682038359796
DG,VLO,0.07838460446393072,0.9387553908678186,0.8603707864038879
HII,MTSI,0.1069857687410719,0.9672047163850844,0.8602189476440125
GOOGL,PEP,0.09800459609846116,0.9581241809710823,0.8601195848726212
ORCL,PM,0.09912011886535012,0.9592116256652846,0.8600915067999345
GOOGL,HII,0.09039041851582393,0.9504533801408415,0.8600629616250175
CW,IBM,0.11782408292226522,0.9778613892850074,0.8600373063627422
KMB,VLO,0.05384767430265408,0.913869158845179,0.8600214845425249
CB,VLO,0.10759171906944068,0.9675888625057446,0.859997143436304
HEI,XOM,0.09413241693147599,0.9541039275621132,0.8599715106306371
FANG,UNH,0.10184777511626528,0.9617913819984465,0.8599436068821812
CB,REGN,0.10943734434612751,0.969317019189461,0.8598796748433335
CAT,SO,0.09920415313793253,0.9589952027370309,0.8597910495990984
PG,STLD,0.058888601472602574,0.9186380248764177,0.8597494234038151
SBUX,UAN,0.02314117299708935,0.882819027896568,0.8596778548994786
REGN,UNH,0.11165449281467156,0.9710220106539555,0.859367517839284
AEP,LMT,0.11054233179137812,0.9696285872262311,0.8590862554348531
JPM,REGN,0.11043401940509653,0.9693828922714646,0.858948872866368
TRV,UAN,0.03723958261619025,0.8961647686581791,0.8589251860419889
CVX,UNH,0.10149065780601457,0.9601843675532918,0.8586937097472773
ABBV,BX,0.12058613421101588,0.9791128441047393,0.8585267098937235
CVX,QQQ,0.12188787994679516,0.9803235418709657,0.8584356619241705
DE,LMT,0.12625389361592204,0.9846581341847839,0.8584042405688619
ICL,PFE,0.01977400485519509,0.87812282639282,0.8583488215376249
BA,UNH,0.0944408557386732,0.9526889439340319,0.8582480881953587
LLY,MU,0.07529247788688488,0.9335279422875161,0.8582354644006313
BLK,MRK,0.090849166925985,0.9490103445283815,0.8581611776023965
O,UAN,0.016611288662696542,0.8747173657093995,0.8581060770467029
CW,VLO,0.10635040249086485,0.9643787576644604,0.8580283551735955
FANG,LMT,0.11088570429835837,0.9687740952381065,0.8578883909397481
AEP,DE,0.1177632613687402,0.9755479356965905,0.8577846743278503
GOOGL,PSX,0.09431909613870944,0.9520995660557953,0.8577804699170858
PLTR,UAN,0.02561166953419628,0.8832645446185758,0.8576528750843796
AFL,DG,0.08632844835900762,0.9438443359145237,0.857515887555516
ARKK,PG,-0.049862997084957686,0.8076493962348271,0.8575123933197848
ALL,LLY,0.12218103067807905,0.9796879020357343,0.8575068713576552
DG,REGN,0.11234611598034118,0.9697649654308577,0.8574188494505165
DG,NOC,0.11333539424125512,0.9704030748810561,0.857067680639801
CW,KMB,0.08072654174938033,0.9377894685829612,0.8570629268335809
HEI,NOC,0.12021579461342977,0.9769936988058744,0.8567779041924446
AMAT,DUK,0.055512034821689996,0.9116770419589441,0.8561650071372541
FANG,IBM,0.1007459530881845,0.9566047841215919,0.8558588310334074
JNJ,QQQ,0.13236562794326429,0.9882075466333682,0.8558419186901038
LMT,VLO,0.10189076365503293,0.9577162662315809,0.855825502576548
HEI,NUE,0.09184170254294728,0.947580088511413,0.8557383859684656
DUK,LMT,0.1197716468754891,0.9754570840551359,0.8556854371796467
AEP,LRCX,0.04112273572827177,0.8966385682848594,0.8555158325565877
GOOGL,XOM,0.08431882623694513,0.9392924874968985,0.8549736612599534
PG,XBI,0.08518391973338618,0.9400863332624763,0.8549024135290901
MTSI,WM,0.08374698899036,0.9385661210160933,0.8548191320257332
AEP,AMAT,0.06478859667190831,0.9195387881686564,0.8547501914967481
GOOGL,PG,0.07182576017416888,0.9263860352744875,0.8545602751003186
MPC,MTSI,0.11473953329286438,0.9692859095477282,0.8545463762548638
CW,GD,0.13691934368271957,0.9913985423994996,0.8544791987167801
CB,IBM,0.11934515521248608,0.9737669113060196,0.8544217560935334
CB,LMT,0.13118551771920128,0.985584604821988,0.8543990871027867
LMT,ORCL,0.07139219593767249,0.9257616859460209,0.8543694900083485
AEP,ORCL,0.058530835420772205,0.9128141814688289,0.8542833460480567
GD,PM,0.13384541670456104,0.988067800796385,0.8542223840918239
CAT,LLY,0.13808970835395615,0.992291219155398,0.8542015108014418
NUE,REGN,0.08636587486643227,0.9403470515137029,0.8539811766472707
ABBV,HII,0.1345716786457997,0.9885264004974755,0.8539547218516759
CW,DG,0.1039264596452204,0.957851776774334,0.8539253171291136
GD,HEI,0.12684485561790917,0.9804878984098119,0.8536430427919027
UAN,WM,0.02789297296073475,0.8814989077921778,0.853605934831443
ALL,LMT,0.12655690234112402,0.9800176666544322,0.8534607643133082
CAT,LMT,0.12879044043669952,0.9822110198303947,0.8534205793936952
PM,UNH,0.13077418882794595,0.983838287517081,0.8530640986891351
MTSI,PLD,0.12581239835638575,0.9788310167043901,0.8530186183480044
IRDM,KHC,0.041791875488152434,0.8947595256910086,0.8529676502028561
CB,DG,0.10029467866206623,0.9531984634833085,0.8529037848212423
CAG,LXU,0.010552897530100375,0.8634555591627775,0.8529026616326771
HEI,JPM,0.1179852326795339,0.970783214489059,0.8527979818095252
COST,PEP,0.13284775490454434,0.9855383590647042,0.8526906041601598
CW,TRV,0.12567117988053383,0.9782664426573999,0.852595262776866
RTX,WM,0.09760805730062745,0.9501913450298148,0.8525832877291873
LLY,REGN,0.1243738968238604,0.9767350061877138,0.8523611093638535
PEP,QQQ,0.1349603109735698,0.9872383607943737,0.8522780498208038
PLD,UAN,0.03611832178533129,0.8881238346813084,0.8520055128959771
ALL,COST,0.1295795122997575,0.9814706860352654,0.8518911737355079
BLK,SO,0.09996090199330963,0.951792152066534,0.8518312500732244
MPC,REGN,0.12048530832149598,0.9722995447464173,0.8518142364249214
CVX,TDG,0.12735505582644968,0.9791404817711165,0.8517854259446668
KHC,LXU,0.07600923756465214,0.9274797736276096,0.8514705360629574
ALL,MU,0.059732606293002595,0.9110412528003767,0.8513086465073741
DG,GD,0.11688332645463873,0.9681507891050551,0.8512674626504164
ALL,ORCL,0.09038317098049019,0.9415909146893425,0.8512077437088523
COST,XOM,0.10899404206608607,0.9601621373966139,0.8511680953305278
CVX,MU,0.07837578593829392,0.9293501226461356,0.8509743367078417
DG,MMM,0.10917258380243094,0.9600814565074257,0.8509088727049947
CRWD,VYM,0.10557637750264075,0.9562179381506726,0.8506415606480319
TDG,UNH,0.1389855030754194,0.9894507885751502,0.8504652854997308
ABBV,CW,0.13206354988309085,0.9824471846714553,0.8503836347883644
FANG,REGN,0.10809222378366067,0.9582969970274902,0.8502047732438295
DG,DUK,0.09897736797065197,0.9490889442786526,0.8501115763080007
CVX,LLY,0.11971112545495702,0.9697123381644541,0.8500012127094971
COST,DE,0.14074893630647559,0.9906123939829703,0.8498634576764947
IBM,NOC,0.13103324107124326,0.9808459415918863,0.8498127005206431
DG,PM,0.09837817643511629,0.948108346215853,0.8497301697807368
MMM,VLO,0.10547672980764293,0.955099095336849,0.8496223655292061
DG,GOOGL,0.05281069025648033,0.9023378850868174,0.8495271948303371
MRK,WM,0.07356947347424703,0.9228585749806483,0.8492891015064012
GD,VLO,0.11080027402902534,0.960024703856132,0.8492244298271067
CVX,LRCX,0.056766309433725654,0.9058242354639575,0.8490579260302319
BLK,KMB,0.11388470329206477,0.9627284519240649,0.8488437486320001
GOOGL,LLY,0.11192211171702461,0.9602353641772814,0.8483132524602568
BX,KMB,0.08464818836132773,0.9327531561831474,0.8481049678218197
GOOGL,UNH,0.0979799061448124,0.9459115644881599,0.8479316583433475
ABBV,CAT,0.13639947859311957,0.9841175875831878,0.8477181089900683
HII,MRK,0.1346923773806746,0.9818007019005028,0.8471083245198282
HII,IBM,0.14544540265256883,0.9924314231104197,0.8469860204578508
BX,PG,0.09610718165657488,0.9428235301221765,0.8467163484656016
HII,REGN,0.14589170520916894,0.9925636480676531,0.8466719428584841
NOC,VLO,0.10479668601705547,0.9514409868729153,0.8466443008558598
PM,QQQ,0.14497967835649112,0.9915436261326062,0.8465639477761151
JNJ,LMT,0.12996297640079343,0.9765057216874834,0.8465427452866899
JPM,PM,0.1330972086436526,0.9796381029837873,0.8465408943401347
MPC,TDG,0.13573132852153572,0.9821640330531989,0.8464327045316632
DE,HEI,0.13465064955762543,0.9810066523871338,0.8463560028295084
CB,GOOGL,0.11035630114205988,0.956488167084364,0.8461318659423042
MCD,UNH,0.131149281926279,0.9772398721746254,0.8460905902483464
MPC,O,0.07407066920313084,0.9196578081707102,0.8455871389675793
MRK,UAN,0.052974639766113725,0.8985078308240894,0.8455331910579756
COST,DUK,0.1309708942840207,0.9762553971971683,0.8452845029131475
DE,SO,0.11446060203145099,0.959726742974454,0.845266140943003
UAN,UNH,0.04440249608502823,0.8895917098113199,0.8451892137262916
MMM,UNH,0.12569902522687768,0.9705680051482245,0.8448689799213468
IBM,TDG,0.14401857273586716,0.988802491166594,0.8447839184307269
FANG,TDG,0.12461070504327187,0.9693354123009389,0.844724707257667
AEP,GD,0.1265919496841016,0.9712810902577547,0.8446891405736531
ORCL,VLO,0.06201426613976026,0.906685786103966,0.8446715199642058
COST,RKLB,0.08210788720862582,0.9267785266566017,0.8446706394479758
DD,WM,0.0728630169951326,0.9174765803915034,0.8446135633963707
CB,CVX,0.1341814772109548,0.9787129475966764,0.8445314703857216
MU,NOC,0.04637998288693074,0.8908195432691944,0.8444395603822636
CW,NOC,0.14129795815999624,0.9856881849696708,0.8443902268096746
CW,XOM,0.12039373670712562,0.9646993437268208,0.8443056070196951
CRWD,UAN,0.024734710343953255,0.8689244226167044,0.8441897122727512
GOOGL,KMB,0.043491313292348156,0.887625528191266,0.8441342148989178
C,CRWD,0.08337497103675316,0.9274551502632905,0.8440801792265373
CTVA,PG,0.04746475564193119,0.8915314295314607,0.8440666738895295
MCD,STLD,0.09780935070969977,0.9418380496125687,0.8440286989028689
LLY,LMT,0.14140963239575352,0.9853541394141323,0.8439445070183788
CTVA,PLTR,0.05684282130058055,0.900365735684469,0.8435229143838885
CRWD,LLY,0.11823411486777097,0.9615593341735492,0.8433252193057783
MPC,NOC,0.13225945894682298,0.9755768746167268,0.8433174156699038
LMT,UAN,0.05482436971118464,0.8980514636242272,0.8432270939130425
MRK,STLD,0.07771744697428344,0.9208905251988901,0.8431730782246067
HII,UNH,0.14784205659472766,0.9904958158519137,0.8426537592571861
CW,MMM,0.13598529584309862,0.9785820105048816,0.842596714661783
DE,PEP,0.13656051374590675,0.979071570660136,0.8425110569142292
CB,JNJ,0.14185808065583705,0.9841492110626471,0.84229113040681
ALL,WM,0.1217000918877868,0.9637385266476749,0.8420384347598882
UAN,VNQ,0.06295577099660984,0.9045552546634843,0.8415994836668744
FANG,PLTR,0.06598539140134971,0.9074365094472439,0.8414511180458941
LMT,PEP,0.13526165671894752,0.9760130981845837,0.8407514414656362
DG,MRK,0.10946121457435075,0.9501343740506918,0.840673159476341
BA,PM,0.12202845927840773,0.9625558628894855,0.8405274036110777
LLY,NUE,0.10401796825166054,0.9445413790378918,0.8405234107862313
O,PSX,0.08695423362192356,0.9271025644489385,0.8401483308270149
MTSI,RTX,0.13053593958134924,0.9705891076270827,0.8400531680457335
CB,MCD,0.14759157228751257,0.9876260984354688,0.8400345261479563
MCD,MU,0.0800898823380746,0.9201061612811148,0.8400162789430402
GD,LLY,0.1467594450954486,0.9867134486493854,0.8399540035539368
PSX,WM,0.1078229473550193,0.9477462610841029,0.8399233137290836
DUK,ORCL,0.07266785991293015,0.9125526438100643,0.8398847838971342
HEI,HON,0.12720963376936584,0.9669890641776466,0.8397794304082808
FANG,TRV,0.12732992817718855,0.9670494537509321,0.8397195255737435
TRV,UNH,0.13313066938437884,0.9727615593515154,0.8396308899671365
DE,GOOGL,0.1152886504447025,0.9547780010369421,0.8394893505922396
PEP,UNH,0.13145894868872648,0.9708724473611238,0.8394134986723973
JNJ,LRCX,0.051852418651282484,0.8912201173192071,0.8393676986679246
CB,MRK,0.11532245506495499,0.9546526483301234,0.8393301932651684
MCD,NOC,0.14725033295826095,0.986417223965952,0.839166891007691
FANG,NOC,0.12060203616079088,0.9597414581187956,0.8391394219580047
FANG,MTSI,0.12667898853112658,0.965793690582546,0.8391147020514195
ABBV,DG,0.13529253881467834,0.974256314518357,0.8389637757036787
COST,IBM,0.14048763478869544,0.9793006117854945,0.8388129769967991
PSX,UNH,0.126257586696514,0.9648945443655613,0.8386369576690473
RKLB,UNH,0.07688578256339182,0.9151588617984634,0.8382730792350715
DD,HEI,0.1063446575296155,0.9446029894950101,0.8382583319653946
NUE,PEP,0.10771646292342112,0.945891561518291,0.8381750985948699
JNJ,NOC,0.14324413156922602,0.9811926292340775,0.8379484976648515
BX,NOC,0.1044930153282415,0.9424370529201112,0.8379440375918696
MRK,REGN,0.10367769902212172,0.9415686490463597,0.837890950024238
HEI,MU,0.08391061453468478,0.9216238511905951,0.8377132366559104
HEI,ORCL,0.08665447480791919,0.9243667779056337,0.8377123030977145
MPC,UNH,0.14106085067964907,0.9787531425388997,0.8376922918592506
CVX,ORCL,0.08290754494431855,0.9205409189087718,0.8376333739644533
NUE,UNH,0.10451638637919715,0.9419697757767863,0.8374533893975892
QQQ,UNH,0.14768789080091138,0.9849090521732513,0.8372211613723399
CRWD,SPLV,0.03316747108947714,0.8699955353543727,0.8368280642648955
REGN,UAN,0.05032817195469612,0.887094034457282,0.8367658625025859
IYR,UAN,0.07066196806895945,0.9074135067886515,0.8367515387196921
IRDM,XLU,0.06306796213128633,0.8996430150458836,0.8365750529145973
CW,DE,0.15501977195232822,0.9915699602739184,0.8365501883215902
QQQ,XOM,0.12635393744196088,0.9628074916643158,0.8364535542223549
KMB,STLD,0.06104842012131742,0.8973019782446424,0.836253558123325
CB,XBI,0.12692501316291924,0.9631158655766386,0.8361908524137194
MTSI,REGN,0.1294142773846757,0.965587269444414,0.8361729920597383
RTX,VLO,0.12381563425075531,0.9599674354381538,0.8361518011873985
HII,ORCL,0.13618689978593984,0.9722959668858248,0.836109067099885
CB,HEI,0.14330247551112182,0.9793589490821306,0.8360564735710088
FANG,SBUX,0.08581524576078585,0.9217825842111059,0.8359673384503201
BA,UAN,0.06421728380003668,0.9000674650235918,0.8358501812235551
QQQ,VLO,0.1321201588915533,0.9679680577148144,0.8358478988232612
IBM,RKLB,0.06139452056886955,0.897149790550732,0.8357552699818624
LLY,UNH,0.1435336015431589,0.9790784831679995,0.8355448816248406
STLD,UNH,0.10348772568003099,0.9389732258634749,0.8354855001834439
NOC,ORCL,0.09817826016089892,0.9335934395607284,0.8354151793998295
CB,UAN,0.06585823054276992,0.901203745439931,0.835345514897161
DG,RKLB,0.032048216922583785,0.8673592009676319,0.8353109840450481
CB,FANG,0.13735289455709834,0.9726245207656216,0.8352716262085232
ALL,DG,0.1260535337979635,0.9613073382614401,0.8352538044634766
CAT,HEI,0.14683646066996683,0.9819760371791199,0.835139576509153
ALL,AMAT,0.07874653687722463,0.9138556989179183,0.8351091620406936
DE,PLTR,0.09115616048487973,0.9260946880756609,0.8349385275907811
MCD,TDG,0.16135307828909456,0.9959110451798363,0.8345579668907417
LMT,LRCX,0.05263171885463223,0.887186414786227,0.8345546959315947
DE,NOC,0.15075973398193554,0.9850775085435651,0.8343177745616296
KMB,XBI,0.09074238427825557,0.9250312928287971,0.8342889085505416
BLK,UNH,0.15210615772879824,0.9863617655424051,0.8342556078136069
FANG,MMM,0.1298476834513264,0.9640195692907225,0.834171885839396
HII,SBUX,0.10166387073108424,0.9357596375987514,0.8340957668676672
CVX,NOC,0.13071289307868755,0.9647721308169607,0.8340592377382732
PSX,REGN,0.1190733097517385,0.9530380320665006,0.8339647223147622
ICL,IRDM,0.09728520090179468,0.9311525763093491,0.8338673754075544
MU,UNH,0.0756677435221594,0.9093645738958623,0.8336968303737029
ALL,UNH,0.14509143271823124,0.9787825410527652,0.833691108334534
CAT,PEP,0.14564043841841223,0.9793093417097795,0.8336689032913672
ABBV,SBUX,0.10896985073543546,0.9424820395207072,0.8335121887852718
DUK,IBM,0.1273377660750618,0.9608388393413481,0.8335010732662862
CRWD,HON,0.11320383097145692,0.9466851256919528,0.8334812947204959
NOC,PEP,0.1435417751263743,0.9767068950632013,0.833165119936827
ABBV,DUK,0.14208791013806535,0.9751099155699775,0.8330220054319122
TDG,VLO,0.13973609397786646,0.9725100154724566,0.8327739214945902
ABBV,TRV,0.15731285517380172,0.9900656229898077,0.832752767816006
MTSI,VNQ,0.13783182365037736,0.9703918004000627,0.8325599767496853
BLK,JNJ,0.15334884508463328,0.9859065871074069,0.8325577420227736
CRWD,VNQ,0.12586924733867283,0.9583928904060864,0.8325236430674137
COST,TDG,0.16329321631246962,0.9957797334594588,0.8324865171469892
RTX,UNH,0.13777876196018393,0.9700696605027754,0.8322908985425915
ABBV,IBM,0.15799723787261236,0.9900904867473675,0.8320932488747552
CB,ORCL,0.10561099683807584,0.9374836193418268,0.8318726225037509
PLD,PSX,0.14292341173924022,0.9747786571902473,0.8318552454510071
HON,UNH,0.12366478644185394,0.9554388704688178,0.8317740840269638
MPC,VNQ,0.14624023858231314,0.9779373788217812,0.8316971402394681
ABBV,MCD,0.15453105357978206,0.9861769073244674,0.8316458537446854
DUK,GD,0.1419835672426714,0.9735380732904034,0.8315545060477321
AEP,CB,0.14910179156843945,0.9804740786629037,0.8313722870944642
ORCL,PSX,0.11720312050141692,0.9485198219712985,0.8313167014698816
ORCL,SO,0.05164852106122002,0.8829615564492194,0.8313130353879994
CB,PEP,0.15199231213133502,0.9833021091235669,0.8313097969922318
ABBV,GD,0.1581689454044583,0.9894040239541272,0.8312350785496689
ALL,IBM,0.14452262708912308,0.9752918798131662,0.8307692527240431
COST,SO,0.12934338628178113,0.9600248128219073,0.8306814265401262
KMB,UNH,0.10861934523578474,0.9388801102084088,0.830260764972624
MMM,MTSI,0.1375616230258184,0.9677400811177541,0.8301784580919357
DG,UNH,0.1317243883336595,0.9616565567691779,0.8299321684355184
HII,JNJ,0.16084120142836478,0.9904255854327708,0.829584384004406
DD,DG,0.1063389060487608,0.9358936957108622,0.8295547896621014
BLK,WM,0.14379426904467082,0.9733403701370964,0.8295461010924255
DVY,PLTR,0.10611756440970141,0.9355516608874456,0.8294340964777441
LMT,MPC,0.14942256805790177,0.9788205293257112,0.8293979612678094
DE,JNJ,0.15245775637688797,0.9816401173866939,0.8291823610098059
ABBV,GOOGL,0.0973999827648852,0.926496990696983,0.8290970079320978
SO,UNH,0.1120988740010754,0.9410484056853924,0.828949531684317
AEP,IBM,0.13123183902632066,0.960158530259623,0.8289266912333024
DG,NUE,0.11626708829697574,0.9451509745149062,0.8288838862179304
ALL,CW,0.15309235906569207,0.981860205253729,0.8287678461880369
CTVA,LLY,0.019844453127304866,0.848458562283127,0.8286141091558221
ABBV,AEP,0.1469368102576506,0.9754218002509366,0.828484989993286
LRCX,VLO,0.06378269034848481,0.8922295044282212,0.8284468140797364
CB,DE,0.1585758297663008,0.9869996430755043,0.8284238133092034
LMT,MCD,0.14494924961744843,0.9732078576774827,0.8282586080600343
ICL,LXU,0.13438934111178985,0.9624371484927031,0.8280478073809132
COST,MMM,0.1513303576288238,0.979251830641156,0.8279214730123321
ARKK,CB,-0.040113818450688406,0.787519009358573,0.8276328278092614
ALL,MCD,0.15415379344658856,0.9817279870972954,0.8275741936507068
FANG,QQQ,0.1423554515022161,0.9698892915564863,0.8275338400542702
ARKK,PEP,-0.03963139087776608,0.7877123467719681,0.8273437376497342
DUK,NUE,0.1099789706424173,0.937200535676269,0.8272215650338517
BLK,VLO,0.13666903906217448,0.9638887326963199,0.8272196936341454
ABBV,MPC,0.14438806822279007,0.9714724155525163,0.8270843473297262
DUK,LLY,0.1490082304214505,0.9759917603359157,0.8269835299144652
DG,PG,0.14372787518610697,0.970673210380023,0.826945335193916
NTR,SO,0.033504537861861396,0.8604052516088331,0.8269007137469717
JPM,VLO,0.12786888513351227,0.9547515717827169,0.8268826866492046
JPM,MTSI,0.14254869013579446,0.9694201421105187,0.8268714519747242
ORCL,UAN,0.05026019114194429,0.877052457803136,0.8267922666611918
GD,MU,0.0853558561299736,0.9121055619951197,0.8267497058651461
ALL,XBI,0.12839209365203316,0.9551127059658053,0.8267206123137721
SO,WM,0.09487550230603428,0.9215917273378447,0.8267162250318104
DG,MU,0.02878568618650182,0.8554988340074704,0.8267131478209686
CW,ORCL,0.10001891239707753,0.9263314062289696,0.8263124938318921
TDG,XOM,0.14737232947404566,0.9733293740075137,0.8259570445334681
ORCL,XOM,0.0864583310207706,0.9123834879876295,0.8259251569668589
CB,UNH,0.15236735215827538,0.978125092825435,0.8257577406671597
ALL,LRCX,0.06226881963191128,0.8878414928395714,0.82557267320766
COST,MCD,0.16721486030309346,0.99271051750252,0.8254956571994265
CB,LRCX,0.08396350304813378,0.9094336731394944,0.8254701700913606
AEP,NOC,0.14608975592220613,0.9713485626095334,0.8252588066873272
FMC,KHC,0.08134348657720919,0.9065669890016183,0.825223502424409
DOW,XLU,0.0582466902668201,0.8834598410587656,0.8252131507919456
ABBV,LMT,0.1600428705160134,0.985137543391239,0.8250946728752256
ABBV,ALL,0.16347843492170366,0.9885567071269186,0.8250782722052149
COST,STLD,0.11803390746886462,0.9429680345702869,0.8249341271014222
PLTR,PSX,0.06353199620726852,0.8883277564296551,0.8247957602223865
DUK,NOC,0.14346068287841118,0.9682319724414596,0.8247712895630485
DG,STLD,0.09698467059481469,0.9217202720353435,0.8247356014405287
AEP,LLY,0.1554659231930207,0.9801540860966789,0.8246881629036582
LMT,XBI,0.13089178274055135,0.9555676179546037,0.8246758352140523
MU,TRV,0.07889895954431875,0.9033273619346449,0.8244284023903261
ALL,FANG,0.144440845510062,0.9688153548910146,0.8243745093809526
AMAT,CVX,0.10213241128207833,0.9264603849388587,0.8243279736567805
KMB,ORCL,0.08901872375803467,0.9133362534146168,0.8243175296565821
QQQ,WM,0.13958081325383,0.9638956539223751,0.8243148406685451
TRV,XBI,0.13101176204043744,0.9550925433411003,0.8240807813006629
ABBV,RTX,0.15952910104347995,0.9835781325996161,0.8240490315561362
CW,JPM,0.15351917300249707,0.9772130774284526,0.8236939044259556
DG,QQQ,0.12637277711640824,0.9498922474072835,0.8235194702908752
IBM,UAN,0.07064219087972445,0.8941045724108789,0.8234623815311545
ALL,UAN,0.07248810899074118,0.8956243771635375,0.8231362681727963
ALL,PEP,0.1539460650780796,0.9770765350169669,0.8231304699388873
MRK,QQQ,0.12790542492163784,0.950969988227338,0.8230645633057002
FANG,USMV,0.1315741310465388,0.9544521675208189,0.82287803647428
MPC,PLD,0.1510248499940291,0.9738247994965307,0.8227999495025016
CB,CW,0.16539798214666965,0.9880394268455392,0.8226414446988696
AMAT,HEI,0.09482093056794404,0.9174418144518156,0.8226208838838716
DE,VLO,0.14169612463795742,0.9641370049595007,0.8224408803215433
GD,PEP,0.15359898267258645,0.9760087564400373,0.8224097737674508
CSCO,DG,0.061669479991728504,0.8840180989437213,0.8223486189519928
CL,PLTR,-0.18446632140713443,0.637861431552376,0.8223277529595103
FANG,MO,0.04853104554932158,0.8707989418133028,0.8222678962639811
CAT,JNJ,0.1588023691732629,0.9809937191040095,0.8221913499307465
AMAT,CB,0.1077170418890199,0.9296600621954016,0.8219430203063818
MRK,NTR,0.04025810432364762,0.8621249778416264,0.8218668735179788
DD,PM,0.1432763788514641,0.9649392051221749,0.8216628262707109
CVX,PEP,0.14605301254420627,0.9677003768375289,0.8216473642933226
IBM,SO,0.11795261592121202,0.9395871016310212,0.8216344857098092
AMAT,LMT,0.09150132950101787,0.9130852727227524,0.8215839432217346
AFL,UAN,0.08857090698630667,0.9100011659388934,0.8214302589525867
LMT,SO,0.13938335139132285,0.9607371248105806,0.8213537734192577
DD,UNH,0.11642927998416597,0.9377080311417026,0.8212787511575367
IYR,MTSI,0.1387439718241002,0.9598820000191197,0.8211380281950196
MRK,MU,0.06809114791370642,0.8891433755335275,0.8210522276198211
LLY,LRCX,0.07552891485571579,0.8965310514496406,0.8210021365939248
KMB,NTR,-0.025226490369586168,0.7957682629259063,0.8209947532954924
ABBV,JPM,0.16893305594718677,0.9898235079667032,0.8208904520195164
REGN,STLD,0.10424518030838972,0.9251191376059216,0.8208739572975319
LMT,TRV,0.1546353762435212,0.9754747621181205,0.8208393858745993
CW,MU,0.11138809482574125,0.9321112360764963,0.820723141250755
CW,HEI,0.1637635911230348,0.98441373446115,0.8206501433381153
BA,VLO,0.11694926045248072,0.9375614776858457,0.820612217233365
MPC,TRV,0.16310011970141713,0.9835786537407645,0.8204785340393473
IYR,MPC,0.1549439979673991,0.9753783521379876,0.8204343541705885
UAN,USMV,0.0837076846536491,0.9040483243362823,0.8203406396826333
AFL,RKLB,0.08366321734847831,0.9039024126941813,0.8202391953457029
BLK,REGN,0.15968629801674314,0.9798873315170822,0.820201033500339
BX,DUK,0.10404094336124822,0.9241978037618326,0.8201568604005843
CVX,XBI,0.14282910224767992,0.9629190972363749,0.8200899949886951
ALL,NOC,0.16017514713007133,0.9802313738906606,0.8200562267605893
MMM,UAN,0.06994051822675225,0.8897253774607604,0.8197848592340081
BA,HEI,0.1390280648696884,0.9585261799248622,0.8194981150551738
DUK,NTR,0.02982914595190682,0.8493017528869908,0.8194726069350841
CAT,CB,0.1672060757151506,0.9864292964148175,0.8192232206996669
CRWD,SBUX,0.0842880203320403,0.9033941326300308,0.8191061122979905
TDG,UAN,0.07842897017466273,0.8975330452984721,0.8191040751238093
LMT,PM,0.17080610472236518,0.9898305950008914,0.8190244902785262
LLY,NTR,0.011387978867978201,0.830411830176136,0.8190238513081578
MU,WM,0.036579788080863464,0.8554571063134149,0.8188773182325514
CB,NUE,0.13666913848181683,0.9553862557020204,0.8187171172202036
CB,PG,0.14633842325884777,0.9650271706136684,0.8186887473548206
CAT,NOC,0.1659427903393952,0.9845844251696516,0.8186416348302564
GOOGL,MCD,0.13201095492991965,0.9506358221577,0.8186248672277804
CRWD,IYR,0.12551725623301208,0.9440588183813411,0.818541562148329
JPM,UNH,0.14891424212623292,0.9673935692073163,0.8184793270810834
FANG,HEI,0.15326805065913926,0.9716038625755573,0.818335811916418
AEP,BX,0.10693897282317585,0.9252050862997445,0.8182661134765686
AEP,CVX,0.14545069034714214,0.9637060105701705,0.8182553202230283
BLK,MCD,0.17293756771701696,0.9909185327196872,0.8179809650026703
BX,SO,0.07709408147935971,0.8948009510137966,0.8177068695344369
HEI,UAN,0.08003182678035725,0.8977013040343679,0.8176694772540106
AEP,NUE,0.12194086589141166,0.939593262752336,0.8176523968609244
CRWD,D,-0.09067210029386877,0.7269684153099424,0.8176405156038111
TDG,TRV,0.17426821566472267,0.9919056194778011,0.8176374038130785
LRCX,PEP,0.0776361135872629,0.8951431689223049,0.8175070553350421
GOOGL,MPC,0.13182082287910818,0.949096994539416,0.8172761716603079
ASIX,IRDM,0.13849905365076856,0.955773334313721,0.8172742806629525
LLY,TRV,0.16052009755849705,0.9777828227828963,0.8172627252243992
JPM,LMT,0.1563904255216919,0.9736343421221988,0.8172439166005069
CB,DUK,0.16128734938420347,0.9784186916504566,0.8171313422662532
LMT,PG,0.13835840716271483,0.9553962286586304,0.8170378214959155
IBM,LMT,0.1541787727357167,0.9711740169229769,0.8169952441872602
BA,COST,0.14056906445365838,0.9575388752759209,0.8169698108222625
HEI,RTX,0.1572104128101292,0.9741520750965208,0.8169416622863916
NOC,UAN,0.07486651578702933,0.8917420202252638,0.8168755044382345
CVX,MCD,0.14526925756258705,0.9620839010376361,0.8168146434750491
NOC,XOM,0.1448089059139616,0.9616162340914424,0.8168073281774808
ORCL,UNH,0.10959078584078129,0.926376773476997,0.8167859876362157
AEP,DG,0.13362127927242987,0.9503902600719265,0.8167689807994967
COST,RTX,0.16317705006473757,0.979818656051772,0.8166416059870344
COST,PM,0.17391806598200585,0.9904345884337368,0.8165165224517309
ORCL,TRV,0.11292633804510821,0.9292885901692967,0.8163622521241884
CB,XOM,0.15116519075335394,0.9673832069681293,0.8162180162147754
NOC,PG,0.15144341002414433,0.967636129360515,0.8161927193363707
AMAT,VLO,0.09436651233266644,0.9105268074776337,0.8161602951449672
GOOGL,UAN,0.056185469013170924,0.8723009215156559,0.816115452502485
CRWD,FITB,0.02018991463385735,0.8361627257060414,0.8159728110721841
NOC,SO,0.1284178522862353,0.9443554772581889,0.8159376249719537
LMT,STLD,0.12265033683426568,0.9385661696420328,0.8159158328077671
MU,VLO,0.09960763376438506,0.9154321722889556,0.8158245385245705
PG,UNH,0.13977177098567628,0.9555350123934301,0.8157632414077538
CTVA,DUK,0.04780325822003099,0.8634969144686431,0.8156936562486121
COST,HON,0.15581026657337887,0.9713811997172987,0.8155709331439198
DG,HON,0.12675389585893898,0.9423067149892803,0.8155528191303414
AMAT,HII,0.1090021255616055,0.9244657329784911,0.8154636074168856
XBI,XOM,0.127756146048193,0.9430839878141627,0.8153278417659697
MTSI,STLD,0.16270727533372864,0.9779273040504511,0.8152200287167225
CAT,VLO,0.1488635054715638,0.9638357387398501,0.8149722332682863
CVX,LMT,0.14838536459628368,0.9632957775008024,0.8149104129045187
BX,PM,0.1150870746864774,0.9299470880916484,0.814860013405171
NUE,SO,0.10466651153599604,0.9194497600267943,0.8147832484907983
PSX,VNQ,0.15220479757728675,0.9669814002190711,0.8147766026417843
NTR,PEP,0.028034235177872756,0.8427730426178387,0.814738807439966
CSCO,FANG,0.12882557994415247,0.9434201406402131,0.8145945606960606
CB,GD,0.17131941017652438,0.985702600339202,0.8143831901626776
NUE,PG,0.1198972304871598,0.934167095544283,0.8142698650571232
COST,TRV,0.17037006683788172,0.9846387257234159,0.8142686588855342
FANG,SPLV,0.08699195011920836,0.9012340095940949,0.8142420594748866
HON,VLO,0.13776323458190676,0.9519955539595308,0.8142323193776241
ALL,STLD,0.1302014053865103,0.9443209156693381,0.8141195102828278
SPLV,UAN,0.06315836700805001,0.8770758611733358,0.8139174941652858
GOOGL,VLO,0.13661034709891115,0.9504945948892441,0.813884247790333
NOC,TRV,0.16428483562308852,0.9779726548418043,0.8136878192187158
ABBV,MU,0.07857664192083894,0.8921990837275439,0.813622441806705
ABBV,DD,0.14978735164354606,0.9634016166265431,0.813614264982997
PG,QQQ,0.15424832530734128,0.9677251894734357,0.8134768641660943
HON,UAN,0.08521094407985874,0.8986652483165575,0.8134543042366987
DD,SO,0.12393204594166733,0.9371895025242266,0.8132574565825593
ARKK,SO,-0.060954955852228404,0.7521656450819744,0.8131206009342028
CB,NOC,0.1663423994990194,0.9794337964067027,0.8130913969076833
C,DG,0.07675633993606876,0.8898428811757804,0.8130865412397116
GD,JNJ,0.1644723235864917,0.9774920589983421,0.8130197354118505
DE,IBM,0.16528483081904774,0.9781755758473898,0.812890745028342
MRK,NOC,0.12844654330280814,0.94128883527905,0.8128422919762419
JNJ,NUE,0.13380063162245207,0.9466036267785348,0.8128029951560828
CSCO,SO,0.04790908559247185,0.8607039701963706,0.8127948846038987
BX,LMT,0.12064796677573954,0.9333464413673404,0.8126984745916008
LLY,PLD,0.11255705502689446,0.9252510742211708,0.8126940191942763
MCD,XBI,0.1463524252563529,0.9590274910199602,0.8126750657636073
BLK,DG,0.15137014505313348,0.9639961026211801,0.8126259575680466
NOC,NUE,0.13160330034771459,0.9441885996121218,0.8125852992644071
LLY,XOM,0.1443704722927477,0.9569219839503122,0.8125515116575646
DG,SCHW,0.09943681962646746,0.9119068347333472,0.8124700151068798
ABBV,HON,0.15970644796391192,0.9721468933592422,0.8124404453953302
ASTS,DUK,-0.07583817432937437,0.7364164635553074,0.8122546378846818
CTVA,MRK,0.06429257055348217,0.8764377579833826,0.8121451874299005
MRK,NUE,0.1119795029901595,0.9240912341699822,0.8121117311798227
ABBV,CVX,0.153846745779585,0.965940241804273,0.8120934960246879
QQQ,UAN,0.0764752641931977,0.8882876002297211,0.8118123360365234
DD,DUK,0.13095028767180505,0.9427216735900765,0.8117713859182715
LRCX,MRK,0.05710004665864901,0.8688650425956979,0.8117649959370489
HEI,MPC,0.1716525942587315,0.9833557190260588,0.8117031247673273
NOC,XBI,0.133103350543139,0.9447670649425884,0.8116637143994494
MRK,UNH,0.13068286078919555,0.9420892884449186,0.811406427655723
AEP,RTX,0.15273994941290503,0.9638558590784682,0.8111159096655631
CRWD,HEI,0.149739186752082,0.960806810544667,0.811067623792585
JNJ,ORCL,0.11298640161023975,0.9239841788195022,0.8109977772092625
CB,SO,0.15673196755446922,0.9677168924466061,0.8109849248921368
AMAT,JNJ,0.10812217991568751,0.9190656591369404,0.8109434792212529
DE,MCD,0.1747729226621865,0.9855310479222879,0.8107581252601014
HII,WM,0.1629227946031054,0.9736287298615073,0.8107059352584018
MCD,NUE,0.13765834698489,0.9483505654288117,0.8106922184439217
NUE,PLTR,0.11617008170287885,0.9268041992709148,0.810634117568036
AEP,BA,0.1202038697008662,0.9307109071029072,0.810507037402041
ALL,DE,0.17183642415940406,0.9822084590869486,0.8103720349275446
ALL,TDG,0.17631829650934214,0.9866007209768125,0.8102824244674703
HII,QQQ,0.17661076742376772,0.9868227146890841,0.8102119472653164
CTVA,WM,0.08134349218379477,0.8915184610235738,0.810174968839779
DG,WM,0.14072805744843786,0.9508014674930545,0.8100734100446166
ABBV,PM,0.16612877211056537,0.9761940050065697,0.8100652328960043
CSCO,VLO,0.06426495988501768,0.8742092146813915,0.8099442547963738
BX,LLY,0.11808573005679733,0.9279813642552095,0.8098956341984122
CVX,TRV,0.1552848047051329,0.9646810660438395,0.8093962613387067
KMB,LMT,0.13627184601324552,0.9456623611950893,0.8093905151818438
PSX,TDG,0.15881878867280044,0.968152920412525,0.8093341317397246
ALL,CVX,0.1624342624244074,0.971743662715737,0.8093094002913296
BX,MRK,0.10612673763035553,0.9154130049362122,0.8092862673058567
DE,MTSI,0.16832436210084667,0.9774050870187597,0.809080724917913
BA,KMB,0.13262839190793663,0.9416248609500922,0.8089964690421556
ALL,NUE,0.14721572785382483,0.9558752002972093,0.8086594724433844
ARKK,NOC,-0.006613871765275044,0.8018760489847834,0.8084899207500584
HON,LLY,0.1561264983434536,0.9645975725752025,0.8084710742317489
COST,LLY,0.18528887403554148,0.9937522038665974,0.8084633298310558
LRCX,MCD,0.07977686185910425,0.8882338208688095,0.8084569590097053
HII,RKLB,0.10324914953443912,0.9115711365418753,0.8083219870074362
CSCO,DUK,0.05901896395975721,0.8673217092309563,0.808302745271199
GD,SO,0.14853312368879656,0.95674675208995,0.8082136284011534
HII,PLD,0.16025412310219944,0.9682537255994816,0.8079996024972822
ALL,MRK,0.14254800152326805,0.9505224223496972,0.8079744208264291
ALL,BA,0.15325623355730872,0.9611261964139182,0.8078699628566095
ABBV,MMM,0.17930197013704893,0.9870347008116415,0.8077327306745925
CTVA,DG,0.09585166321418793,0.9034791737677859,0.8076275105535979
ALL,CAT,0.17472280649920605,0.9822803960460571,0.8075575895468511
COST,NUE,0.14225310162237076,0.9496602543205773,0.8074071526982065
COST,JNJ,0.17948672656499493,0.9868730290893298,0.8073863025243349
CAG,FMC,0.10680207808701558,0.914119802205614,0.8073177241185984
CW,DD,0.14610149747766493,0.9533200780687155,0.8072185805910506
ALL,QQQ,0.1745888044706321,0.9817063587248368,0.8071175542542047
BAYRY,CRWD,0.014657074026897093,0.8217325171534209,0.8070754431265238
MU,PG,0.06552133475585631,0.8723820485637237,0.8068607138078674
HEI,PLTR,0.11916670417668701,0.9259962154108318,0.8068295112341448
COST,CTVA,0.05318631971574939,0.8599366636736142,0.8067503439578648
AMAT,CW,0.1195925160065161,0.9261853599164852,0.8065928439099691
DVY,MTSI,0.1666363713321915,0.9731800829543422,0.8065437116221508
ALL,JNJ,0.17335009977846622,0.9798199507062729,0.8064698509278068
AEP,CTVA,0.046094032616361295,0.8524113532033946,0.8063173205870333
COST,DD,0.14136454718149044,0.9476245557265031,0.8062600085450127
STLD,WM,0.10240676577644342,0.9085388430055361,0.8061320772290927
LMT,XOM,0.1494007102980149,0.9555004192812369,0.8060997089832219
AEP,ARKK,-0.030763558545671473,0.7750737546720542,0.8058373132177257
ASTS,PG,-0.08764469068290627,0.7181664333871576,0.8058111240700638
GD,KMB,0.13991428152642593,0.9456907689073786,0.8057764873809526
COST,PG,0.15923302001744338,0.9649803607958601,0.8057473407784168
ABBV,VLO,0.16428202382999912,0.969906155995895,0.8056241321658959
LMT,MMM,0.16166779914975313,0.9672274005353132,0.80555960138556
DG,SO,0.11610329787823803,0.9214528856713791,0.805349587793141
CB,MMM,0.1732219986047234,0.97854370094249,0.8053217023377666
BA,DUK,0.13565795762706712,0.940972767786009,0.8053148101589419
ABBV,AMAT,0.09757627894230196,0.9027113623092129,0.805135083366911
CVX,SO,0.15744691924958995,0.9624489582030982,0.8050020389535082
BA,CRWD,0.1294431993290386,0.9344057454665035,0.8049625461374649
CAT,CW,0.1880909544082239,0.9930407982826317,0.8049498438744078
SO,VUG,0.1281664041592276,0.9330649907509297,0.8048985865917022
LLY,SO,0.15808823263258154,0.9629602645594989,0.8048720319269174
PLTR,SCHW,0.13316361033384388,0.9377689792147251,0.8046053688808812
AMAT,WM,0.06478368668339216,0.8690593555591304,0.8042756688757382
LRCX,PSX,0.14305370876637402,0.9472581251064944,0.8042044163401204
BA,CW,0.1553568761047309,0.9595196935201186,0.8041628174153876
BA,CB,0.15205094477271658,0.9561648184612304,0.8041138736885138
MU,RTX,0.10654548690390643,0.910574371130668,0.8040288842267616
MMM,NOC,0.17356073287265514,0.9774814897044927,0.8039207568318375
CRWD,CW,0.1520872123632293,0.9559776033842144,0.8038903910209851
ABBV,SO,0.1419398729816492,0.9457202026342594,0.8037803296526101
CTVA,REGN,0.07763549371515745,0.8813744499390487,0.8037389562238912
CB,KMB,0.14706654625891824,0.9507921547410586,0.8037256084821404
ALL,DUK,0.16613341940685994,0.9698348575118056,0.8037014381049457
BLK,HEI,0.1818031993258003,0.9854464818257428,0.8036432824999424
DE,PG,0.15751571154337013,0.9611308203844704,0.8036151088411003
AFL,VLO,0.0808284497748212,0.884343450029996,0.8035150002551749
CVX,PM,0.18014120291790706,0.9835358142112844,0.8033946112933774
MU,XOM,0.0837213302634555,0.8870701681132347,0.8033488378497792
ABBV,QQQ,0.17705807273147117,0.9803713960016277,0.8033133232701566
GD,PG,0.1549256688019404,0.9582199022159477,0.8032942334140073
MTSI,SBUX,0.11269545685513142,0.9157181136606175,0.8030226568054861
CPB,LXU,0.031155844520760284,0.8340729664958483,0.802917121975088
BX,HII,0.16945888870075063,0.9723416606028709,0.8028827719021202
GD,ORCL,0.12560641234012568,0.9283955368360618,0.8027891244959361
IBM,PM,0.1745754221536308,0.977285790251059,0.8027103680974281
MTSI,TDG,0.1697549008353822,0.9723590519484822,0.8026041511130999
CTVA,KO,0.08871357685435594,0.891222889229994,0.8025093123756382
DUK,JPM,0.15959416796764495,0.9620119181291353,0.8024177501614904
CVX,PLD,0.13120981542454369,0.9336166724709006,0.802406857046357
IYR,PSX,0.16055369215027324,0.9627694044706557,0.8022157123203825
CVX,DUK,0.1671721511129982,0.969204309671718,0.8020321585587198
IRDM,LXU,0.12379745047925293,0.9256840656442349,0.8018866151649819
AMAT,DG,0.06361514376126219,0.8655011812940276,0.8018860375327654
LMT,NUE,0.142568846801138,0.9444435272580758,0.8018746804569378
LRCX,NOC,0.05631629832365679,0.8581876718224493,0.8018713734987925
ORCL,REGN,0.1385154051033225,0.940355710879112,0.8018403057757895
ASIX,PFE,0.10252763952024387,0.9042521178822114,0.8017244783619675
HON,MU,0.11884764338969182,0.9204636487070201,0.8016160053173284
MU,PLD,0.10833906621609549,0.9098731860593372,0.8015341198432417
DUK,VUG,0.14056663616649184,0.9420473516107947,0.8014807154443029
MMM,MPC,0.17879526482931218,0.9802339264575618,0.8014386616282496
CAT,PG,0.15514464456432572,0.9564516010558125,0.8013069564914868
LMT,PLD,0.12152224886132044,0.922798055874384,0.8012758070130636
GOOGL,WM,0.09281002315240708,0.8938271744216703,0.8010171512692632
BA,SO,0.11247658070933374,0.9134399507543739,0.8009633700450401
CSCO,PSX,0.16280532251607283,0.9634834142785565,0.8006780917624837
CAG,IRDM,0.05755017920086103,0.8581934408157424,0.8006432616148814
ORCL,PG,0.11953083948826437,0.920111850169812,0.8005810106815476
DE,GD,0.18620772228198068,0.9867869124265878,0.8005791901446071
FANG,LRCX,0.13259256609937864,0.9330336789191438,0.8004411128197652
PLD,RKLB,0.14311136182819229,0.9435040317398394,0.8003926699116471
DD,GOOGL,0.15662565896314987,0.9570131529394295,0.8003874939762796
MTSI,NUE,0.16951478990603447,0.9698397888531741,0.8003249989471397
ABBV,SCHW,0.12712873659243187,0.9274016486668992,0.8002729120744674
ABBV,PG,0.1886358057921148,0.9888745677650925,0.8002387619729777
KMB,NUE,0.12036851881708796,0.9204865038409277,0.8001179850238397
MTSI,UAN,0.09398931316360808,0.8938363027027563,0.7998469895391482
CRWD,NTR,0.007655538390486108,0.8074034030329961,0.7997478646425099
DG,JNJ,0.159304980650358,0.9587433551406979,0.7994383744903398
AEP,NTR,0.04377184064673982,0.8431601607298457,0.7993883200831059
CAT,GOOGL,0.16163695713335158,0.9608639065272291,0.7992269493938775
GD,UAN,0.10127067526431398,0.9001761255470325,0.7989054502827185
CTVA,NOC,0.09109800818843558,0.8899923433029102,0.7988943351144746
DE,MRK,0.14289257884545117,0.9417688505623075,0.7988762717168564
HON,MTSI,0.17555981268609303,0.9744341212070541,0.7988743085209611
COST,XBI,0.15936486555964904,0.9581861801413014,0.7988213145816524
ALL,MPC,0.18463312964659892,0.9833167497987648,0.7986836201521659
PLD,UNH,0.12274166886136584,0.9214016540371617,0.7986599851757958
HON,PM,0.18776058493469755,0.9864151327594054,0.7986545478247078
PLD,VLO,0.12691179935593963,0.9254296718487002,0.7985178724927605
CAT,MRK,0.137813427194721,0.9362988287474182,0.7984854015526972
HII,MO,0.033362037992624896,0.8318385909123439,0.798476552919719
HII,MU,0.11945617087083096,0.9178431713066026,0.7983870004357717
AFL,HEI,0.08128787626449376,0.8796722384524296,0.7983843621879358
IBM,MTSI,0.15957121038213695,0.9579191842624704,0.7983479738803334
PSX,XBI,0.16626638400056812,0.9644367169706797,0.7981703329701115
CW,HON,0.17507458740245566,0.9732251358252049,0.7981505484227492
DE,MU,0.12537209342560734,0.9234280412257934,0.7980559478001861
MRK,PM,0.16841733099421344,0.9663877519198597,0.7979704209256463
BA,ORCL,0.12956682554157492,0.927494806202333,0.7979279806607581
COST,MRK,0.14940155714201378,0.9471969465583564,0.7977953894163426
AMAT,LLY,0.12517218793044507,0.9229624070707169,0.7977902191402718
HII,UAN,0.10271320961539496,0.9003976046770265,0.7976843950616315
ABBV,AFL,0.176495545814924,0.9740564638136452,0.7975609179987212
PM,XOM,0.17436394656509047,0.9718833423272609,0.7975193957621705
LLY,ORCL,0.1263043266082384,0.9237316513633687,0.7974273247551302
AMAT,FANG,0.14538704103044858,0.9427507924770613,0.7973637514466128
JNJ,UNH,0.1783164984051919,0.9756315866913872,0.7973150882861952
NUE,ORCL,0.12368287644524986,0.9209189461848667,0.7972360697396168
WM,XBI,0.13333000208775575,0.9305449923292989,0.7972149902415431
CW,RTX,0.18593924750487542,0.9830230677077153,0.7970838202028399
AFL,REGN,0.08324704524006281,0.8803050468458519,0.7970580016057891
NOC,PLD,0.11472110313989392,0.9117685180438867,0.7970474149039928
NTR,PG,0.025649451028729776,0.8226291517729437,0.796979700744214
DG,MCD,0.16291006251910542,0.9598065306679374,0.796896468148832
ABBV,KMB,0.18170500113228344,0.9785819235204167,0.7968769223881333
PM,RTX,0.18599657049350776,0.9827851822003324,0.7967886117068246
CRWD,SCHW,0.07503566342400744,0.8717008421508659,0.7966651787268584
IBM,LLY,0.17962032676333659,0.9761872976003991,0.7965669708370625
MPC,SBUX,0.13240978958395816,0.9289579827994942,0.796548193215536
HEI,LRCX,0.09479494257096832,0.8912996642798474,0.7965047217088791
IBM,TRV,0.17590849521795943,0.9722907820321528,0.7963822868141934
ORCL,PEP,0.12745911401448112,0.9238300266712819,0.7963709126568008
CTVA,PEP,0.06677234441238712,0.8631263163312672,0.7963539719188801
LMT,MRK,0.1347844363392813,0.9308549050243382,0.7960704686850569
COST,CRWD,0.16282641164642975,0.958812545950006,0.7959861343035762
CB,WM,0.16260200888487364,0.9585851588676472,0.7959831499827735
STLD,TRV,0.1473395178246045,0.9432841348126002,0.7959446169879957
HON,PLTR,0.11697881614231354,0.9128360152873968,0.7958571991450832
GD,MCD,0.18004143222323812,0.9757845711498783,0.7957431389266402
ABBV,CTVA,0.09903196319917298,0.8947729159108985,0.7957409527117255
ABBV,XOM,0.17916463738923,0.9748219299652832,0.7956572925760532
GD,IBM,0.18097763782636467,0.9765848204022788,0.7956071825759141
DE,TRV,0.18308848311128167,0.9786712585732427,0.795582775461961
IBM,PEP,0.17095983801088938,0.9664322784580097,0.7954724404471203
HON,SO,0.1565995397245266,0.9520641704286887,0.7954646307041622
ALL,DD,0.15891787625772325,0.9543817630388166,0.7954638867810934
AEP,HON,0.1609743723637214,0.9562685158418832,0.7952941434781619
CB,TDG,0.1959135785575754,0.991118799511001,0.7952052209534256
DG,PLD,0.13359758200517463,0.9287203319898962,0.7951227499847215
CTVA,ORCL,0.0768764997592856,0.8719441539664967,0.7950676542072111
LLY,RTX,0.18066149456740643,0.9757161023839558,0.7950546078165494
COST,MU,0.13109909472881745,0.9260750483725388,0.7949759536437214
DD,VLO,0.14963367729941238,0.9445757801590062,0.7949421028595939
JNJ,NTR,0.03998200659429674,0.8348669692660236,0.7948849626717268
CSCO,CVX,0.08940212331369571,0.8838674001503807,0.794465276836685
ALL,KMB,0.1625807568047834,0.9569253368925624,0.7943445800877791
GD,RKLB,0.12269456038121651,0.9169610513154335,0.794266490934217
CAT,GD,0.19154421964221963,0.9856149022331121,0.7940706825908925
CSCO,PM,0.14640942061764475,0.9404306127714459,0.7940211921538012
AMAT,PSX,0.1687539560746234,0.9626920583400482,0.7939381022654248
MRK,PLD,0.11818650431631132,0.9119430628462472,0.7937565585299359
CAT,KMB,0.1453562629825072,0.9389393123646476,0.7935830493821403
LLY,QQQ,0.19963398936115437,0.9930723307123035,0.7934383413511491
CAT,MCD,0.1847720446406817,0.9782092361836953,0.7934371915430136
MMM,PM,0.18869353624794702,0.9821248110307533,0.7934312747828063
LRCX,UNH,0.08093138920512137,0.8743613514260242,0.7934299622209029
COST,KMB,0.15173113083819142,0.9451462458775316,0.7934151150393401
BX,JNJ,0.13876473347380108,0.9321486352259251,0.793383901752124
CAT,TRV,0.18589091427851875,0.9792611484356875,0.7933702341571687
AEP,ALL,0.17883952292973038,0.972139823014708,0.7933003000849776
AMAT,UNH,0.11259524899223937,0.9058809641523874,0.793285715160148
LRCX,XOM,0.07096535646683576,0.8640539729546899,0.7930886164878541
MCD,ORCL,0.13695207596359085,0.9299597524369468,0.793007676473356
BLK,UAN,0.09762100234750302,0.8903949898479016,0.7927739875003985
BA,FANG,0.16257558803609637,0.9552518716820347,0.7926762836459383
CRWD,CSCO,0.16280961215437761,0.9553026286768007,0.7924930165224231
CW,NUE,0.15884624026909747,0.951308727236642,0.7924624869675445
ASTS,SO,-0.04214367026650565,0.7500583659197413,0.792202036186247
IBM,MPC,0.1792076682475714,0.971403500210961,0.7921958319633896
DG,VNQ,0.16025434842188863,0.9522700485342553,0.7920157001123667
CVX,KMB,0.1402344501291731,0.9321214650048648,0.7918870148756917
BLK,COST,0.19979998639789207,0.9916579577518183,0.7918579713539262
AMAT,NOC,0.09833958409096477,0.8901842118524341,0.7918446277614694
RKLB,RTX,0.1261981862748523,0.9180275952564099,0.7918294089815576
FANG,HON,0.18204235571303304,0.9738598933082371,0.791817537595204
PSX,QQQ,0.18428379146015805,0.9760144035118423,0.7917306120516843
NOC,STLD,0.13667698062617492,0.9283896822457903,0.7917127016196154
HPQ,ICL,0.13255567553984537,0.924108802487164,0.7915531269473186
ABBV,CB,0.18918034408789183,0.9805899731027756,0.7914096290148838
HON,LMT,0.17102387077241496,0.9624328334927652,0.7914089627203502
ABBV,WM,0.1898381423037137,0.9811520304021507,0.791313888098437
GD,GOOGL,0.15790480702931894,0.9491750792946843,0.7912702722653653
MPC,XBI,0.17327497330433397,0.964497472699497,0.7912224993951631
JPM,NOC,0.18327094002203778,0.9743682295483731,0.7910972895263353
CW,UAN,0.10906065167670179,0.9000765546073134,0.7910159029306116
FANG,GD,0.17752191217855018,0.9684565188722608,0.7909346066937106
DD,NOC,0.14456746823184866,0.9354788242062504,0.7909113559744018
BX,PEP,0.13793070896718804,0.9288309084826171,0.790900199515429
BX,REGN,0.14889674132111053,0.939787184281325,0.7908904429602145
HPQ,XLU,0.09832792489131398,0.8891908265517641,0.79086290166045
IBM,NUE,0.15191264981621538,0.9425202124111437,0.7906075625949283
DE,ORCL,0.140162769267443,0.930732942396051,0.790570173128608
KMB,MU,0.050787787678243566,0.8412486118580734,0.7904608241798299
BLK,CVX,0.18339433096003765,0.9737135217684094,0.7903191908083718
ABBV,BLK,0.2009804280151717,0.9911929790948709,0.7902125510796992
AEP,MMM,0.17021733271690248,0.9602915915071303,0.7900742587902279
HEI,PSX,0.18388261722359817,0.9739409081066591,0.7900582908830609
KHC,PFE,0.11310443785535404,0.9031300356293733,0.7900255977740193
CSCO,MPC,0.16626984207603504,0.9562839331913238,0.7900140911152888
CVX,HII,0.18743019458327634,0.9771872214678808,0.7897570268846045
AEP,JNJ,0.18298743723194133,0.9725840151326779,0.7895965779007366
GOOGL,STLD,0.16471483250720304,0.954302282877376,0.789587450370173
GOOGL,RTX,0.16344355911579328,0.9530197401019206,0.7895761809861273
IBM,KMB,0.1540006719861392,0.9435040854264132,0.789503413440274
AMAT,PEP,0.12935669852302037,0.9183451676823058,0.7889884691592854
JPM,LLY,0.18466526030337113,0.973361937326018,0.7886966770226468
GD,TRV,0.19057300590748344,0.978985207676085,0.7884122017686015
FANG,MU,0.1456056093251363,0.9340153951436961,0.7884097858185598
AEP,VUG,0.16082451103919004,0.9491562398033782,0.7883317287641881
HII,LRCX,0.1215272930702008,0.9098295099406897,0.7883022168704888
CB,DD,0.16987183861954644,0.957979906077297,0.7881080674577505
ORCL,TDG,0.1822298668774044,0.9703295504626608,0.7880996835852564
KMB,NOC,0.16508524665059765,0.9529169949255999,0.7878317482750022
QQQ,TRV,0.19816585505944534,0.9858713752542091,0.7877055201947638
HII,VLO,0.1916863624716379,0.9793566776562574,0.7876703151846196
MTSI,SPLV,0.10090173865656243,0.8884856033519173,0.7875838646953548
ABBV,PLD,0.170825890821559,0.9584023617384757,0.7875764709169167
MRK,ORCL,0.10966051258913981,0.8972131699408571,0.7875526573517173
DG,IYR,0.15975889938693355,0.9472238634124888,0.7874649640255552
FMC,ICL,0.13722104919476913,0.9245993434084908,0.7873782942137217
DUK,MCD,0.18949168683752418,0.9765563462070057,0.7870646593694816
DUK,RTX,0.1804754577663038,0.9674869073472026,0.7870114495808987
AMAT,GD,0.12047667902286441,0.907475088576591,0.7869984095537266
TRV,XOM,0.16991436927794043,0.9567754514725483,0.7868610821946078
GOOGL,NTR,0.0647536277687776,0.851595733481651,0.7868421057128734
BLK,PM,0.1987747812314656,0.9854843604590332,0.7867095792275676
AMAT,MRK,0.09857344390370418,0.8852137883151179,0.7866403444114137
ARKK,TRV,0.01770949352831981,0.8043422771191323,0.7866327835908125
O,PLTR,0.06698366507297343,0.8535638281358174,0.786580163062844
C,RKLB,0.1585516664756177,0.945044413650448,0.7864927471748303
BKSY,CPB,-0.10805293370078246,0.6783668841483379,0.7864198178491204
LLY,MMM,0.1885925649469966,0.9748244704229029,0.7862319054759063
DUK,MMM,0.17866050159943125,0.9648479649115479,0.7861874633121166
JPM,PEP,0.1814424024737247,0.9676144420095997,0.786172039535875
AFL,WM,0.09679563521279731,0.8827971312656825,0.7860014960528852
ALL,PG,0.1831675162352193,0.9691174959612178,0.7859499797259984
CAT,MU,0.14680641858351867,0.9324467488413414,0.7856403302578228
AEP,JPM,0.17953905808787357,0.9649936128741858,0.7854545547863123
FMC,XLU,0.1288852120070546,0.9142492501960607,0.7853640381890061
GD,MRK,0.1487330046631161,0.9340689096762038,0.7853359050130877
DUK,MRK,0.15912193444118353,0.9444461366220853,0.7853242021809018
ASTS,LMT,-0.04495034233466381,0.7402514897420864,0.7852018320767502
ALL,PM,0.1974334433538393,0.9823929042823316,0.7849594609284923
COST,PLTR,0.1444247708552752,0.9293285048197074,0.7849037339644322
AEP,MCD,0.18158474346080633,0.9664811456219747,0.7848964021611684
DE,RKLB,0.1371329832753858,0.9219760909624817,0.7848431076870959
MU,PSX,0.16888966049872853,0.9536434132319275,0.7847537527331989
CSCO,UAN,0.07349365321458515,0.858106440684547,0.7846127874699619
LRCX,WM,0.05161382398746314,0.8362014010814091,0.7845875770939459
DG,PEP,0.1729856554786971,0.9575282746671211,0.7845426191884239
AEP,DD,0.1575377626845802,0.942050021339937,0.7845122586553568
LMT,PSX,0.1817297233649075,0.966231826004162,0.7845021026392545
PM,TTMI,0.050888951622657996,0.8352601913567641,0.784371239734106
RTX,SO,0.1684041833601013,0.9526038872274255,0.7841997038673242
CTVA,LMT,0.09024017136640446,0.8744264434692731,0.7841862721028686
AMAT,PLD,0.12828688783709205,0.9124718873085506,0.7841849994714585
HII,VNQ,0.19694909886526932,0.9810331770506924,0.784084078185423
KMB,XOM,0.14666523347446456,0.9306192442340672,0.7839540107596026
BAYRY,RKLB,0.05392283755015178,0.8376838144333572,0.7837609768832053
CB,QQQ,0.20432675354261007,0.9880317547311848,0.7837050011885747
CB,MPC,0.20060124399647172,0.9841997032006512,0.7835984592041795
ARKK,PM,0.001782656931237807,0.7853801361092935,0.7835974791780557
IBM,STLD,0.14738343609404234,0.9309528656783781,0.7835694295843357
CW,LRCX,0.11845058352979333,0.902019693504401,0.7835691099746077
BKSY,CAG,-0.07786719769273,0.7055566035673392,0.7834238012600692
NUE,TDG,0.1809912775170305,0.9643627158407349,0.7833714383237044
BA,PEP,0.16072117324621124,0.9439174004211819,0.7831962271749706
JPM,KMB,0.16147699314534497,0.9446648050321366,0.7831878118867917
PLTR,SBUX,0.1482613413638187,0.9313918030143072,0.7831304616504886
DE,PLD,0.14921020130966514,0.9323252994807628,0.7831150981710977
HON,JNJ,0.18103632293583413,0.964071873049157,0.7830355501133228
DG,KMB,0.17002054819827583,0.9530466951985157,0.7830261470002399
DE,KMB,0.16091245750906352,0.9439312655530634,0.7830188080439999
CVX,JNJ,0.18268910023973745,0.9655576410031247,0.7828685407633873
COST,GOOGL,0.17095660276769514,0.9537542338975218,0.7827976311298266
MMM,ORCL,0.15223207476656475,0.9350135160782185,0.7827814413116537
AEP,CSCO,0.08642071411179153,0.869005569227074,0.7825848551152824
JPM,UAN,0.11590770998611401,0.8981445000523731,0.7822367900662591
ARKK,WM,0.025287202753271516,0.8074009828169788,0.7821137800637072
BA,MTSI,0.16283357767115159,0.944937815570668,0.7821042378995164
LRCX,TRV,0.0919596899466384,0.87406076191865,0.7821010719720116
HII,MPC,0.1921446335042042,0.9742316750294479,0.7820870415252437
AMAT,UAN,0.0683822405088444,0.8504569093096733,0.7820746688008289
ALL,GD,0.20045839293389048,0.9824300533611177,0.7819716604272272
MPC,QQQ,0.20170984358831517,0.983498644759163,0.7817888011708478
GD,LRCX,0.09858556754868568,0.880247669759034,0.7816621022103484
MU,UAN,0.056226435624091374,0.8378677109468632,0.7816412753227718
ABBV,PSX,0.16582249005076066,0.9467848480646289,0.7809623580138683
JPM,TDG,0.20642456230265913,0.987131059144087,0.7807064968414279
CTVA,MTSI,0.0516887826654961,0.8323775938111032,0.7806888111456071
DE,FANG,0.19179932737195166,0.9724635249530228,0.7806641975810711
LLY,MCD,0.2070265153173361,0.9876718093277763,0.7806452940104402
AMAT,MCD,0.13545953901838853,0.9160982434062547,0.7806387043878662
CVX,JPM,0.18433091465748325,0.9649527825161716,0.7806218678586883
HEI,MTSI,0.19383659870202016,0.9744083601103567,0.7805717614083365
BA,LLY,0.16496096456723958,0.9455222679592883,0.7805613033920487
DD,HII,0.19496040906425574,0.9754660850260682,0.7805056759618125
BLK,GD,0.21044634934484976,0.990947005147669,0.7805006558028192
AMAT,XOM,0.10435128011170361,0.8845860717520426,0.780234791640339
ASTS,VLO,-0.03729504396358605,0.7429246748005988,0.7802197187641848
ALL,XOM,0.18508047389324322,0.9652519917764857,0.7801715178832425
COST,JPM,0.19693430402468437,0.9770726125095097,0.7801383084848253
BLK,XOM,0.18589614086134476,0.9660269841861915,0.7801308433248467
GOOGL,IBM,0.15502844911427152,0.9351235249688331,0.7800950758545616
GOOGL,REGN,0.15915494908968025,0.9391463185227967,0.7799913694331164
DG,LRCX,0.06723957459011826,0.8472016552184762,0.779962080628358
VLO,VNQ,0.16594516891811864,0.9458922117319929,0.7799470428138743
HII,MMM,0.2087102848505726,0.988579125841473,0.7798688409909004
PLTR,TDG,0.15610949167457144,0.9358614620666018,0.7797519703920304
BA,MPC,0.1892287306127844,0.9689407502251521,0.7797120196123677
PLD,REGN,0.12826322457593287,0.9079231406165051,0.7796599160405723
ORCL,PLD,0.11125999078202745,0.890833399295738,0.7795734085137106
CB,STLD,0.1689594471129226,0.9485138426825398,0.7795543955696171
RKLB,TDG,0.14028355030415074,0.9198200624348759,0.7795365121307252
PLD,XOM,0.13712232034738975,0.9166505523663128,0.779528232018923
ABBV,LRCX,0.09966554018776698,0.8789373206600477,0.7792717804722807
FANG,VUG,0.1665893558654152,0.9458271433674678,0.7792377875020525
ABBV,VNQ,0.19844486624749944,0.9775667247708525,0.779121858523353
RTX,UAN,0.12871673711050335,0.9077850879695166,0.7790683508590133
IBM,PLD,0.13309172566401478,0.9121089914801349,0.7790172658161201
CTVA,JNJ,0.08172398165943287,0.860673825860095,0.7789498442006622
ABBV,UNH,0.2094366791046083,0.9883762846513544,0.7789396055467461
DE,UAN,0.12486545012981044,0.90366078535096,0.7787953352211495
CRWD,KO,-0.10733262868806479,0.6714353724589587,0.7787680011470235
ALL,RTX,0.1984321412127766,0.9771218615944632,0.7786897203816866
CRWD,TDG,0.17989467468034762,0.9584295555630495,0.778534880882702
MO,UAN,0.02430589575614544,0.8028335112398003,0.7785276154836549
HEI,STLD,0.1665211739924984,0.9449971873805545,0.778476013388056
FMC,LXU,0.0816491119831847,0.8600901215821758,0.7784410095989911
ABBV,CSCO,0.14927378973264857,0.9276966647625655,0.7784228750299169
LRCX,UAN,0.06742891509955697,0.8456902079209413,0.7782612928213843
DUK,SYF,-0.03660974045482879,0.7416288657900023,0.7782386062448311
NUE,TRV,0.17027521701636292,0.9484943896166034,0.7782191726002404
BLK,IBM,0.2051291325047882,0.9833478370623335,0.7782187045575453
BA,PG,0.16132041914139061,0.939308572123643,0.7779881529822524
MMM,TDG,0.20936779508668868,0.9873524844735251,0.7779846893868364
COST,LRCX,0.11637681700288117,0.8942605035699487,0.7778836865670675
MU,REGN,0.11805488920014433,0.8958260939029818,0.7777712047028376
HII,XOM,0.2074234392583029,0.9851595871559002,0.7777361478975974
GOOGL,RKLB,0.162547352750459,0.9402661778948197,0.7777188251443607
MMM,MU,0.12989653198984255,0.9076007848017141,0.7777042528118716
CAT,IBM,0.20068214908898427,0.9783848506319711,0.7777027015429868
MO,MPC,0.08613230715519136,0.8635968026307081,0.7774644954755168
DUK,HON,0.18674869498724075,0.9641661665122254,0.7774174715249846
CB,HON,0.20034128991242917,0.9777317630976526,0.7773904731852235
UAN,VUG,0.09168765817345001,0.8690449202684838,0.7773572620950338
VLO,XBI,0.18069110637665986,0.9580454189176955,0.7773543125410356
PLTR,USMV,0.17528642699263428,0.9524207079042841,0.7771342809116498
DD,MU,0.14471595807690482,0.9218492086977208,0.777133250620816
CSCO,LMT,0.08377782927589758,0.8607395735939304,0.7769617443180328
PLTR,SHEL,0.028649359371703036,0.8055600568018553,0.7769106974301523
PM,VUG,0.1732080682002603,0.9500373450386888,0.7768292768384284
DD,MTSI,0.2043306666541354,0.9809740153014025,0.776643348647267
DD,LLY,0.16671104588462618,0.9432472514834257,0.7765362055987995
CVX,MRK,0.15616457172656198,0.9325168746414552,0.7763523029148932
PLTR,TGT,0.07456559386086149,0.8508275057138402,0.7762619118529788
PSX,TRV,0.19173707016381433,0.967857479509393,0.7761204093455787
BLK,CRWD,0.18341479307529734,0.959482581498085,0.7760677884227876
CVX,IBM,0.17708847485767598,0.9529434574658682,0.7758549826081922
DD,RKLB,0.15860226515913892,0.9344556388076843,0.7758533736485455
MCD,QQQ,0.21684185978073314,0.9922838284404992,0.7754419686597661
DD,LMT,0.16492128106808426,0.9399444868421392,0.7750232057740549
TDG,WM,0.2005690405275416,0.9754670414577581,0.7748980009302164
GD,JPM,0.20158440591455362,0.9764712925212338,0.7748868866066801
MCD,TRV,0.20554096089438428,0.9802795877044712,0.7747386268100869
ABBV,C,0.15709906393124362,0.9317363923790581,0.7746373284478145
GOOGL,HEI,0.17614897919769093,0.9507630315567945,0.7746140523591036
BKSY,IPI,0.06376046190336436,0.8381466917634778,0.7743862298601134
HPQ,LXU,0.05960665422556348,0.8338557811555857,0.7742491269300222
ASTS,MRK,-0.023990138219337064,0.7502425745439982,0.7742327127633353
PLD,PLTR,0.12261774054646919,0.8968251698503474,0.7742074293038782
CSCO,CW,0.09979428776658766,0.8739941632304903,0.7741998754639026
AMAT,KMB,0.0788191025268597,0.8529142303563393,0.7740951278294796
AFL,CW,0.106118203202704,0.8801986592766462,0.7740804560739422
MO,PLTR,-0.042398251821209064,0.731539986223465,0.7739382380446741
GD,XOM,0.18581483433784618,0.9595514017286004,0.7737365673907542
NOC,PSX,0.18208434074487018,0.9556546248172892,0.773570284072419
JPM,SO,0.16822861879773696,0.9417128194001686,0.7734842006024316
DE,HII,0.22038444597975126,0.9938335048214311,0.7734490588416798
GOOGL,MMM,0.1684346416881844,0.9417317447893198,0.7732971031011353
PLD,STLD,0.15864481411522854,0.9318828935973705,0.773238079482142
AEP,SYF,-0.03880044394318675,0.7344040770836072,0.7732045210267939
NUE,VLO,0.16983925427490015,0.9430432338754267,0.7732039796005266
ABBV,IYR,0.2016533967167774,0.974465943956493,0.7728125472397156
DE,TDG,0.2209075081040747,0.9935677876408842,0.7726602795368095
BX,MCD,0.16150149836326202,0.9340214056434155,0.7725199072801535
PEP,XOM,0.18571441115101242,0.9580036928622129,0.7722892817112005
AEP,ASTS,-0.03185187781886539,0.7401169621900292,0.7719688400088947
AEP,XOM,0.18021037653129268,0.95196637692433,0.7717560003930373
HON,PEP,0.19203747622674913,0.9637669425205309,0.7717294662937817
CAT,PLD,0.1602952461548722,0.9319918217048513,0.7716965755499791
BKSY,KHC,-0.023407474710835194,0.7482095449370433,0.7716170196478784
AFL,LMT,0.10490426640438227,0.8764221979896599,0.7715179315852776
FANG,KO,-0.015610081580751606,0.755874793532582,0.7714848751133336
FANG,HII,0.1925410439806117,0.9639170951608759,0.7713760511802642
HII,O,0.1283690439736618,0.8996928051609002,0.7713237611872384
HII,IYR,0.2019659877203405,0.9732210533860723,0.7712550656657319
PLTR,STLD,0.12345136811737384,0.8942202375871513,0.7707688694697774
HON,ORCL,0.15750440172230928,0.9282416059314096,0.7707372042091003
CPB,FMC,0.1084026244101313,0.879137598827573,0.7707349744174418
HII,TRV,0.22023908661946334,0.9909476917461851,0.7707086051267218
DG,VUG,0.14588857439439223,0.9164787256770994,0.7705901512827071
JNJ,TRV,0.2044259746291505,0.9748753868041492,0.7704494121749987
RKLB,TDW,0.054133791434154956,0.8245369035922127,0.7704031121580577
CTVA,SO,0.06513336907096269,0.8355358535628964,0.7704024844919337
SO,TTMI,0.022932848748429786,0.7932172605807146,0.7702844118322848
DE,QQQ,0.22037902190339145,0.9903117981381481,0.7699327762347566
CAT,TDG,0.22428125857547876,0.9941468242922065,0.7698655657167277
SBUX,VLO,0.06685562447008724,0.8366990921646532,0.769843467694566
ALL,SO,0.1823762795828311,0.9521869699875736,0.7698106904047425
JPM,PG,0.18889638881533896,0.9585629226375473,0.7696665338222083
CSCO,TDG,0.15880913841790684,0.9284296267654275,0.7696204883475206
JNJ,RTX,0.1998815997770989,0.9694059163120781,0.7695243165349792
MCD,XOM,0.18058050059599592,0.9500433970403598,0.7694628964443638
PM,TRV,0.21600216922010682,0.9854277855275144,0.7694256163074076
GD,PLD,0.1530713032584206,0.9224384816398883,0.7693671783814677
CVX,GD,0.1952000324487688,0.9645460736243167,0.7693460411755478
COST,NTR,0.06332576254927029,0.8325585976640126,0.7692328351147424
ASTS,CVX,-0.02136840549748469,0.7478487871851405,0.7692171926826251
BA,HII,0.2084250757225412,0.9775888387664272,0.769163763043886
HII,TDG,0.22455370438663333,0.9934904965472653,0.7689367921606319
ALL,ARKK,0.03431527219154574,0.8032352500578192,0.7689199778662734
MRK,VNQ,0.17025637058402704,0.9391545344694605,0.7688981638854335
ALL,HON,0.2033445402899659,0.9721252139126969,0.768780673622731
ASIX,VZ,0.04935423361299153,0.8180884912623034,0.7687342576493119
BA,JNJ,0.175350159701128,0.9439512816955458,0.7686011219944178
DD,LRCX,0.13492435833813313,0.9034856384479588,0.7685612801098257
ASTS,JNJ,-0.04088302660713576,0.727648669875992,0.7685316964831277
BX,WM,0.16770642376961287,0.9361460375016764,0.7684396137320635
KMB,LRCX,0.05040031368205283,0.8187724377858265,0.7683721241037738
ARKK,LMT,0.020644493678233327,0.7889990600424256,0.7683545663641923
PEP,TRV,0.20292069291097548,0.9711333216645333,0.7682126287535578
NTR,WM,0.04201689697796127,0.8101403725897454,0.7681234756117841
HON,LRCX,0.13503730660629093,0.9031506926810406,0.7681133860747498
GD,MMM,0.20360900464237117,0.9716352709949911,0.76802626635262
BX,IBM,0.178072729649261,0.9459703049667456,0.7678975753174846
IBM,PG,0.19137853713410116,0.9592555620178743,0.7678770248837732
DD,ORCL,0.1362470713458575,0.9039731185247989,0.7677260471789413
IYR,VLO,0.15523677553628537,0.922844154145593,0.7676073786093076
CVX,VNQ,0.17601965774440573,0.9435351175982372,0.7675154598538314
ORCL,RTX,0.15786396219944251,0.9253012694364112,0.7674373072369687
LRCX,PG,0.0764191512867467,0.8438542788539556,0.7674351275672089
LRCX,PLD,0.12983778531432125,0.8971625288096312,0.76732474349531
ABBV,VUG,0.18035307410869303,0.9476017856311122,0.7672487115224191
GOOGL,NUE,0.1664640823800829,0.9337101916710501,0.7672461092909671
ASTS,MPC,-0.041444806559573055,0.725725260749852,0.767170067309425
TDG,XBI,0.18988391432643525,0.9570346845799793,0.7671507702535441
KMB,LLY,0.17093385802251113,0.9379655657535345,0.7670317077310234
CAT,CVX,0.2036846488253166,0.9706738660884996,0.766989217263183
JNJ,PLD,0.1585229648015185,0.9251469093316755,0.766623944530157
KO,UAN,-0.005217444502748195,0.7612350952082124,0.7664525397109606
ASTS,PSX,-0.03194464592218114,0.7342698424330412,0.7662144883552223
FMC,IRDM,0.10134084657052533,0.8675006568204873,0.7661598102499619
ORCL,STLD,0.14231012012485336,0.9084004086841383,0.766090288559285
ALL,MMM,0.2140285857418598,0.9796317976493317,0.7656032119074719
RKLB,STLD,0.17858820093522204,0.9438694130572397,0.7652812121220176
MRK,VUG,0.17185019954184882,0.9370270060303915,0.7651768064885427
HEI,PLD,0.16290851430326195,0.9280074481590074,0.7650989338557455
HON,MRK,0.16153624049403525,0.9265862889111889,0.7650500484171536
BKSY,DOW,0.08418755929871431,0.8491832676761878,0.7649957083774734
ARKK,JNJ,0.02292373371392851,0.7877173989712537,0.7647936652573252
MMM,RKLB,0.13973581629221402,0.9043484627961066,0.7646126465038926
DE,XBI,0.19527976656284354,0.9597593485295722,0.7644795819667287
PSX,SBUX,0.14219802141837476,0.9065757345957178,0.764377713177343
DUK,JNJ,0.21113456353460375,0.9754921172910208,0.7643575537564171
LRCX,RTX,0.12301880481720631,0.887231687517414,0.7642128827002077
MU,TDG,0.16243279468540958,0.9266077092817799,0.7641749145963703
VNQ,XOM,0.17900502435168064,0.9431007906575894,0.7640957663059088
HEI,SBUX,0.07157195969002673,0.835543853421532,0.7639718937315053
ASTS,PEP,-0.023139939122567715,0.7407506321896833,0.763890571312251
HPQ,IRDM,0.12644409739559656,0.8903295806406512,0.7638854832450546
CB,PM,0.22625984604429972,0.9901285822921755,0.7638687362478758
DD,PEP,0.1803756810079895,0.9440896983676841,0.7637140173596946
CAT,PLTR,0.1608031520580941,0.924425382781578,0.7636222307234839
ALL,PLD,0.17361489223306406,0.9371674703254901,0.763552578092426
JNJ,JPM,0.20770112740301339,0.97118958195795,0.7634884545549366
HON,MCD,0.19589834188553365,0.9593546101678003,0.7634562682822666
ALL,BLK,0.22215976461169754,0.9856013588958857,0.7634415942841882
AMAT,REGN,0.1323299687231296,0.8957649420716499,0.7634349733485203
PM,WM,0.20319477540909348,0.9666089746313954,0.7634141992223019
LRCX,MPC,0.16355948289880543,0.9268619820383008,0.7633024991394954
HON,PG,0.1843814721993111,0.9476587655583523,0.7632772933590412
CSCO,HII,0.17271291758663185,0.9359569847172935,0.7632440671306616
CSCO,MTSI,0.2020336478783305,0.9652097321339326,0.7631760842556021
ABBV,ARKK,0.0522128166059371,0.8152528623302158,0.7630400457242786
DE,LRCX,0.13375532001810872,0.8967495547295018,0.762994234711393
ALL,HII,0.2276922108973813,0.9905799133011479,0.7628877024037666
DUK,XOM,0.1967399553481538,0.9595457058080554,0.7628057504599016
ASTS,NOC,-0.039543345961697215,0.7232052355445309,0.762748581506228
MCD,NTR,0.0739709848109144,0.8364756453841585,0.7625046605732442
CAT,ORCL,0.16786737366835802,0.9301913918486002,0.7623240181802422
CTVA,MCD,0.10571846645107745,0.8680220654675327,0.7623035990164553
CB,CSCO,0.12297952041321424,0.8846111348878175,0.7616316144746033
BX,FANG,0.18330711693831062,0.944930234407962,0.7616231174696514
D,MTSI,-0.0549743762553494,0.7066472909658768,0.7616216672212262
CRWD,IVZ,0.10790460630780989,0.8693377761642951,0.7614331698564852
ICL,SCHD,0.23313908085054397,0.9945638791774306,0.7614247983268867
KMB,SYF,-0.007145923726671227,0.7541378168417852,0.7612837405684564
JPM,MCD,0.21556002724852524,0.976780673383236,0.7612206461347109
CVX,SBUX,0.0732831652962389,0.8344937656136722,0.7612106003174333
STLD,TDG,0.19151203811788398,0.952673431651427,0.7611613935335431
BLK,FANG,0.20329384915263604,0.9644437838330271,0.761149934680391
MRK,RTX,0.1753600667165263,0.936343935835052,0.7609838691185258
ARKK,XOM,0.03998858249622208,0.8008491784021085,0.7608605959058864
AFL,GOOGL,0.11690280867078642,0.8777192052550516,0.7608163965842653
PSX,VUG,0.201915073108596,0.9625748422545325,0.7606597691459365
AEP,MRK,0.17252406837858458,0.9330908153512846,0.7605667469727
MRK,TRV,0.17991269032967747,0.9403858917188843,0.7604732013892068
BA,BLK,0.20938449729312858,0.9698328388826285,0.7604483415894999
HII,TTMI,0.06967978860504213,0.830014223543445,0.7603344349384029
BX,UAN,0.12618005107384403,0.8864948268879607,0.7603147758141167
BLK,TDG,0.23490711808291148,0.9951497181440069,0.7602426000610953
AEP,TRV,0.20831009391661426,0.9685263957518457,0.7602163018352315
JPM,XOM,0.19874929892009563,0.9589465256785858,0.7601972267584902
BA,PLD,0.14542963782266402,0.9055839233241306,0.7601542855014666
BLK,TRV,0.22871790894971472,0.9888634652594431,0.7601455563097284
AMAT,DE,0.1598919173622225,0.9197827642364643,0.7598908468742418
MU,NUE,0.1387322327674422,0.8984734252181199,0.7597411924506777
FANG,XBI,0.19473584207289604,0.9544718706032015,0.7597360285303054
CSCO,HEI,0.11066632074653682,0.8702445054779621,0.7595781847314252
MU,O,0.05458294939988927,0.8141360846860023,0.759553135286113
AFL,CVX,0.12977603789116776,0.8891783083157985,0.7594022704246307
AMAT,MPC,0.18550577222105974,0.9449020124199676,0.7593962401989078
MRK,SBUX,0.0745234796234206,0.8339006265978574,0.7593771469744368
CB,HII,0.2302007457491503,0.9895430327545807,0.7593422870054304
GOOGL,TDG,0.18706073682531577,0.946390092697823,0.7593293558725073
AMAT,TRV,0.14307509513988612,0.9023390675072316,0.7592639723673454
HII,NUE,0.21962753173256735,0.9788090487166717,0.7591815169841044
AFL,ARKK,0.067397576462421,0.8265050849867615,0.7591075085243404
GD,QQQ,0.2306034386526806,0.9891739037766389,0.7585704651239583
BA,XOM,0.1812695095623693,0.9397226039752308,0.7584530944128615
CPB,IRDM,0.04978728990737361,0.8081979092273135,0.7584106193199399
PG,PLD,0.1525553521412483,0.9106847487917149,0.7581293966504666
DG,XBI,0.15524112946945415,0.9129445851210893,0.7577034556516352
ABBV,PEP,0.2224163571821057,0.9799935333521778,0.757577176170072
HII,XBI,0.19834844157516549,0.9559185418129299,0.7575701002377644
RKLB,SPLV,0.07996846619369935,0.8375113177348936,0.7575428515411943
CVX,DE,0.2158447512908399,0.9731991999194245,0.7573544486285846
DG,SBUX,0.16374906316223758,0.9209910517539541,0.7572419885917165
ASTS,XOM,-0.016000439230175238,0.7411749123293423,0.7571753515595175
CSCO,NOC,0.09503535575458903,0.8522079554115871,0.7571725996569981
DUK,TTMI,0.020769179772499587,0.7779007655266106,0.757131585754111
BA,GOOGL,0.14968307534214303,0.9068015670238174,0.7571184916816744
BLK,DE,0.2327591156829279,0.9896303978729734,0.7568712821900454
IBM,JNJ,0.21560378874980574,0.9723824691616875,0.7567786804118817
ARKK,MRK,0.03155136644752249,0.7882654189319046,0.7567140524843821
SO,SYF,-0.025922111140959703,0.7306426508354805,0.7565647619764402
CVX,PG,0.18362024565077256,0.9401235903754172,0.7565033447246445
PEP,PLD,0.17143570338743247,0.9278636000056731,0.7564278966182407
CSCO,XBI,0.1887232821294023,0.9451496673742446,0.7564263852448423
ALL,BX,0.18883639850420786,0.9452367826369784,0.7564003841327706
PEP,RTX,0.21203070991979286,0.9683446131693609,0.756313903249568
DUK,SBUX,0.07008811366575464,0.8263491633289087,0.7562610496631541
AFL,XOM,0.13561777026334665,0.8918674615866127,0.756249691323266
C,MTSI,0.19820487436828657,0.9544217457225324,0.7562168713542458
MRK,XOM,0.17810809373690173,0.9342133074411002,0.7561052137041985
UAN,XBI,0.12654892305833107,0.882634027113293,0.7560851040549619
GD,NUE,0.19129524863811473,0.9472896264976453,0.7559943778595305
KMB,TRV,0.19130025739825965,0.9472189177301114,0.7559186603318517
BA,TRV,0.20023735234729562,0.9559952472042674,0.7557578948569719
AMAT,O,0.06339189497209687,0.8191387794899999,0.7557468845179031
CSCO,DD,0.1295389760060945,0.8850533644052535,0.7555143883991591
AMAT,COST,0.16663322363504804,0.9220169169143236,0.7553836932792756
LLY,PEP,0.22564443365610765,0.9809795827106541,0.7553351490545465
JPM,RKLB,0.16232905370110245,0.9176054493462029,0.7552763956451005
MMM,SO,0.18866088852287816,0.9435812752086662,0.7549203866857881
CSCO,XOM,0.10445288769415734,0.8592219740722211,0.7547690863780638
CB,PSX,0.21949085160998824,0.9742009729008148,0.7547101212908265
RKLB,VNQ,0.17412162111170482,0.928830973642842,0.7547093525311371
GD,MPC,0.225609186693305,0.9802954842102629,0.7546862975169579
MO,PSX,0.13938119472375288,0.8940585002153267,0.7546773054915739
CSCO,WM,0.08892296169266348,0.8435506831677209,0.7546277214750574
CB,RTX,0.22615834086323439,0.980771094036086,0.7546127531728516
CW,GOOGL,0.20531517147498135,0.9598193857015952,0.7545042142266138
PG,RTX,0.19631012736621817,0.9507774127997194,0.7544672854335013
ARKK,KO,-0.055281967313057415,0.6991629028744748,0.7544448701875323
CSCO,LLY,0.11724158315735281,0.8716655050282776,0.7544239218709248
DD,MRK,0.17673790446684248,0.9309168589661128,0.7541789544992703
ALL,CTVA,0.12186565020176768,0.8760404833439592,0.7541748331421916
MU,VNQ,0.1411247501298787,0.8951511411659414,0.7540263910360627
DE,JPM,0.22387465676917456,0.9778303489976685,0.753955692228494
AEP,TTMI,0.036795700948963866,0.7907131763815184,0.7539174754325545
NTR,PLTR,0.057238227734262064,0.8111064059965118,0.7538681782622498
ASTS,MCD,-0.020195049618416054,0.7335423790551077,0.7537374286735237
BA,CVX,0.18293232129626993,0.9366356678481665,0.7537033465518966
KMB,RTX,0.18341584492488813,0.9371130913529577,0.7536972464280696
JPM,PLTR,0.18713423469627824,0.9407657416665834,0.7536315069703052
MCD,PM,0.23730385400484438,0.990931197317377,0.7536273433125327
NOC,SBUX,0.0848838798376168,0.83825709734551,0.7533732175078932
IBM,XOM,0.20588140573057923,0.9587469511574935,0.7528655454269143
LRCX,MMM,0.1250622121453544,0.8777972155909206,0.7527350034455662
SBUX,XOM,0.09755756508571865,0.8501347507972358,0.7525771857115171
BX,UNH,0.18643843828667112,0.9387774101289053,0.7523389718422342
LMT,TDG,0.24207460098570432,0.9943600929651919,0.7522854919794876
PEP,TTMI,0.027271485663382958,0.7794609673102174,0.7521894816468344
ASTS,WM,-0.05687305462508049,0.6952445394701787,0.7521175940952592
JPM,ORCL,0.1853152657901703,0.9373969759930851,0.7520817102029148
PM,SBUX,0.1308475242027659,0.8823904116505834,0.7515428874478175
NUE,RKLB,0.17468017678560177,0.9260714094100915,0.7513912326244897
HEI,RKLB,0.1775095426156993,0.9288281777142706,0.7513186350985713
NUE,PLD,0.1762140416425433,0.9274274131633405,0.7512133715207973
AFL,ASTS,-0.02305403936057909,0.7281420881146188,0.7511961274751978
LXU,PFE,0.022620776988203323,0.773794844454996,0.7511740674667927
AFL,DE,0.13690552386533672,0.8879399518681964,0.7510344280028597
BLK,CB,0.23324909342151406,0.9842781623957246,0.7510290689742105
BA,NUE,0.19188970057946064,0.9428463378507459,0.7509566372712853
HII,JPM,0.2408059101543098,0.991760541731582,0.7509546315772722
MCD,RTX,0.21487468204331922,0.9655823993953555,0.7507077173520362
HON,KMB,0.19394197909121919,0.9445739303599584,0.7506319512687392
LMT,NTR,0.09229957107751775,0.8429150033239582,0.7506154322464405
AFL,UNH,0.13117010881734703,0.8817037255054471,0.7505336166881
PLD,TDG,0.1750456567843205,0.9254127790497274,0.7503671222654069
DG,DVY,0.2131689904493861,0.9635127228131912,0.7503437323638051
BA,MRK,0.15667116552682905,0.9070000213145447,0.7503288557877157
PG,TRV,0.20782545140112046,0.9580526466012215,0.750227195200101
ALL,ASTS,-0.024428414791435444,0.7256303956158816,0.750058810407317
MTSI,USMV,0.20069397508967832,0.9507022576580461,0.7500082825683677
JNJ,PM,0.24151152298756548,0.9915093625708029,0.7499978395832374
JPM,PLD,0.18866724600178766,0.9386154157187978,0.7499481697170102
DUK,TRV,0.21549576543623486,0.9652676482490299,0.749771882812795
CSCO,JNJ,0.12143694934580972,0.8711500681655546,0.7497131188197449
MU,STLD,0.18331979463451092,0.9330169976520952,0.7496972030175844
DD,PLTR,0.15634025532790313,0.9057935642817316,0.7494533089538284
IBM,PSX,0.2013826326525548,0.9508350488951556,0.7494524162426008
BA,IBM,0.20360343193741184,0.9530516639310699,0.7494482319936581
CW,PLTR,0.17190984702140033,0.921336952149275,0.7494271051278747
IBM,RTX,0.22359766963082042,0.9730085779573104,0.74941090832649
ABBV,ASTS,-0.04362642790473733,0.7056439546023389,0.7492703825070762
DE,MPC,0.23193779396224698,0.9812007849970226,0.7492629910347756
CAT,MTSI,0.2299953984507641,0.9792409781150624,0.7492455796642983
CAT,UAN,0.14627407743371018,0.895357271380022,0.7490831939463118
CVX,IYR,0.1756264917801982,0.9245447797311266,0.7489182879509284
CTVA,PM,0.10357006216270649,0.8524501534823458,0.7488800913196393
MPC,VUG,0.21121141285272826,0.959997346662711,0.7487859338099827
GOOGL,JPM,0.1911302827724513,0.9398766819252055,0.7487463991527541
AFL,ORCL,0.11735745633909679,0.8659389919976207,0.7485815356585239
O,VLO,0.08470969231262779,0.833009588027079,0.7482998957144512
IYR,MRK,0.16567501946201213,0.9138718594577872,0.748196839995775
AFL,NUE,0.14350808738460055,0.8915795971559576,0.7480715097713571
IBM,XBI,0.19693232996681143,0.9449096330765145,0.7479773031097031
COST,PLD,0.17610281231427283,0.9240318828677351,0.7479290705534622
GD,XBI,0.20786424184643015,0.9557111881068753,0.7478469462604451
KO,RKLB,-0.11574564013969155,0.6320714913213948,0.7478171314610864
COST,DG,0.212555581165697,0.9601656953547595,0.7476101141890625
DD,TDG,0.2115723955558878,0.9591265463556212,0.7475541507997334
DG,IVZ,0.11599044866406334,0.8634690908002904,0.7474786421362271
MCD,PLD,0.1766650716504647,0.9241289422107051,0.7474638705602403
AFL,KMB,0.12790517001021173,0.87533595949943,0.7474307894892183
DUK,PEP,0.22646134078945263,0.9738383520057773,0.7473770112163247
LLY,VNQ,0.1892080855256963,0.9364976785121989,0.7472895929865027
CTVA,SBUX,0.16335805429104405,0.910536950012466,0.747178895721422
BLK,ORCL,0.21066564935136142,0.9577774821565069,0.7471118328051455
FANG,RTX,0.22145712897748507,0.9684683269966051,0.7470111980191201
AFL,BA,0.14416408285442472,0.8911593696720336,0.7469952868176089
ASIX,HPQ,0.1896088498787081,0.9363800511243416,0.7467712012456336
LMT,RTX,0.2243266853266741,0.9708503175693836,0.7465236322427095
GOOGL,MU,0.22018505634660807,0.9666113289121648,0.7464262725655568
PLTR,VYM,0.19299468595825703,0.9393564518565801,0.746361765898323
CAT,LRCX,0.15426299055677425,0.9005954077773275,0.7463324172205532
BX,MPC,0.214844473926865,0.9610559198420073,0.7462114459151423
HII,VUG,0.203754677380184,0.9499525795596374,0.7461979021794534
GOOGL,MTSI,0.23198034672693632,0.9781104482059235,0.7461301014789872
HII,PSX,0.2106781643148183,0.9568020239507953,0.7461238596359769
BAYRY,MTSI,0.09794837696980635,0.8440584111255391,0.7461100341557327
JNJ,XOM,0.2115019696756519,0.9575369730975437,0.7460350034218918
ORCL,PLTR,0.2034126990656106,0.949394299431535,0.7459816003659243
DUK,KMB,0.19202536075721827,0.9379101445514133,0.7458847837941951
NEE,PLTR,0.01648669318459288,0.762306762255931,0.7458200690713381
MCD,SO,0.2149541734371577,0.9607723234276583,0.7458181499905006
IYR,PLTR,0.193670518983236,0.9394530207049868,0.7457825017217508
MRK,SO,0.19330397631149293,0.9388263142811234,0.7455223379696305
PLD,TRV,0.18345128439211986,0.928952262438196,0.7455009780460761
ABBV,LLY,0.23721736533629537,0.9827140112018299,0.7454966458655345
COST,ORCL,0.1867183069615496,0.9320561299876022,0.7453378230260527
CSCO,PLD,0.13071051110517673,0.8760116011257502,0.7453010900205734
AMAT,HON,0.18055102996230873,0.925805498311321,0.7452544683490122
REGN,VNQ,0.19417185520600758,0.9393857402594311,0.7452138850534236
DG,VYM,0.22235668182681725,0.9675127482696829,0.7451560664428657
JNJ,XBI,0.21780567357906327,0.9625629557102983,0.7447572821312349
PG,XOM,0.2001550398416855,0.9448697064967171,0.7447146666550316
IBM,MCD,0.22375715839916,0.9683476820458924,0.7445905236467324
GOOGL,PLD,0.18394100850050654,0.9285146413397026,0.7445736328391961
IYR,XOM,0.17924173611456498,0.9236653187774514,0.7444235826628864
NTR,PLD,0.09860730263116373,0.8429956617230461,0.7443883590918824
AFL,MU,0.0736080824375535,0.8179583397597049,0.7443502573221514
CSCO,GOOGL,0.20334279561234758,0.9476412098305664,0.7442984142182189
BX,PSX,0.19869219128325338,0.9429036062010385,0.7442114149177852
HON,IBM,0.21018174679338678,0.95435305802784,0.7441713112344532
CB,PLD,0.18881998723729668,0.9328942270363957,0.744074239799099
AFL,CTVA,0.16139136079185415,0.905286379220392,0.7438950184285379
BX,XOM,0.19024439451361025,0.9339910220338864,0.7437466275202762
C,UAN,0.15096797132669001,0.894489258256359,0.743521286929669
BA,DE,0.2142393185721509,0.9575554598874149,0.743316141315264
UNH,XBI,0.21263280487492098,0.9558894079263933,0.7432566030514723
JPM,MRK,0.19796018351112976,0.9409936094891849,0.7430334259780551
CW,MPC,0.2395782168103575,0.9825704823960956,0.742992265585738
LMT,SBUX,0.08737672362356598,0.8302990786844848,0.7429223550609189
HII,STLD,0.22478176008784098,0.9674394777022166,0.7426577176143756
CVX,MMM,0.21806612905668202,0.9607206789666661,0.7426545499099841
ABBV,IVZ,0.14165520791611333,0.8841588543462106,0.7425036464300973
AMAT,PG,0.13091806777794818,0.8733655093154078,0.7424474415374596
CB,JPM,0.23704056286486008,0.9794857865759663,0.7424452237111062
ALL,PSX,0.22689297154035798,0.9692974065037319,0.7424044349633738
BA,SBUX,0.11946039805171096,0.8616239420826934,0.7421635440309825
DD,UAN,0.15957891333718946,0.9016444012993455,0.7420654879621561
DVY,LLY,0.2418764677175133,0.9837800734520502,0.741903605734537
BKSY,LXU,0.07775849450864053,0.8194547105001405,0.7416962159914999
CVX,RTX,0.21879052406312896,0.9602798419020535,0.7414893178389246
BA,CAT,0.20694951476168974,0.9482715189527708,0.7413220041910811
CSCO,PEP,0.13231890427774587,0.8735691974304675,0.7412502931527216
KMB,VUG,0.1748149250162909,0.9159715744119467,0.7411566493956557
MMM,PSX,0.22322996972995113,0.9643815938771739,0.7411516241472228
HON,TRV,0.22185474607725195,0.9629743737358566,0.7411196276586046
GD,HON,0.22116182580926289,0.9622559740784832,0.7410941482692203
NTR,O,0.10401688108278628,0.8449054625543889,0.7408885814716026
ASTS,KMB,-0.053124235938198816,0.6877254169556878,0.7408496528938866
ABBV,NTR,0.07737810796329785,0.8179961525749426,0.7406180446116448
MMM,PEP,0.22970519467118755,0.9702851215607498,0.7405799268895622
MRK,TTMI,0.027444568380349994,0.7679640409049274,0.7405194725245774
FMC,PFE,0.11536132179325084,0.8557338292085349,0.740372507415284
SO,XOM,0.2068086531206287,0.9471609587810176,0.7403523056603889
CAT,XOM,0.22117692502092612,0.9614638732425946,0.7402869482216685
AFL,IBM,0.14095008230038752,0.8809574061606499,0.7400073238602624
AEP,AFL,0.13430272092138382,0.8742746228475936,0.7399719019262098
HON,NOC,0.22494532908374207,0.9648890474092882,0.7399437183255461
CTVA,TRV,0.13807738409821552,0.8779677123511078,0.7398903282528924
CAT,HII,0.2531174731548831,0.9929641071020496,0.7398466339471665
CSCO,NUE,0.1434373147990533,0.8832640972466222,0.7398267824475689
AMAT,RTX,0.16794577324588333,0.9077656494368764,0.7398198761909931
CRWD,TGT,0.022193516490898502,0.761900103868913,0.7397065873780145
FITB,PLTR,0.14049922371671847,0.8801683098914189,0.7396690861747004
CRWD,ORCL,0.20721016880902274,0.9468597590086415,0.7396495901996187
MPC,MU,0.19383944499724387,0.933452795690738,0.7396133506934941
IYR,RKLB,0.17578361128882664,0.9152900295439262,0.7395064182550997
SBUX,WM,0.09953605666418912,0.8387528776636941,0.739216820999505
BA,JPM,0.22145895062234477,0.9605075974002224,0.7390486467778776
ASTS,MO,-0.05352679199567801,0.68544303023589,0.738969822231568
MMM,XBI,0.21590205830207435,0.9545892493421879,0.7386871910401136
JNJ,TTMI,0.03528872231292086,0.7739464302506351,0.7386577079377142
AMAT,NUE,0.16373699418231358,0.9023867860658444,0.7386497918835309
AFL,PEP,0.1423055356555668,0.880930499975302,0.7386249643197352
AFL,MMM,0.15500233684486373,0.8936164623249769,0.7386141254801132
BAYRY,DG,0.0724613517876363,0.8110117579907993,0.7385504062031629
CW,FANG,0.2354653407626012,0.9736882306636258,0.7382228899010246
AFL,DUK,0.1371928228677769,0.8753807271778755,0.7381879043100986
AMAT,RKLB,0.20741720085288504,0.9455224514919084,0.7381052506390233
AFL,GD,0.14326990556576177,0.8813150173396863,0.7380451117739245
JPM,MU,0.1693158487939173,0.9070377776872026,0.7377219288932853
AFL,MRK,0.143454823369681,0.8811681094848388,0.7377132861151579
CTVA,SPLV,0.209679627197736,0.9472996642461979,0.7376200370484619
DVY,RKLB,0.18161140590325195,0.9191069674268554,0.7374955615236034
ABBV,O,0.15143722499033743,0.8888254334774651,0.7373882084871277
IYR,LLY,0.16853370991502487,0.9059073276376832,0.7373736177226584
BA,PSX,0.2135611810138045,0.9508948916845872,0.7373337106707827
AMAT,DD,0.18004746710289396,0.9173657981699821,0.7373183310670881
DD,PG,0.1906007985991911,0.9278366102298974,0.7372358116307063
AEP,SBUX,0.08425788721677761,0.8214722844253382,0.7372143972085605
MCD,MMM,0.23083827018632808,0.9678137501402396,0.7369754799539115
MMM,TRV,0.23761484804418764,0.9744311865586389,0.7368163385144513
CVX,NUE,0.21780402006493596,0.9544698937685882,0.7366658737036522
UAN,VYM,0.167094017569422,0.9037543115187331,0.7366602939493111
BA,RKLB,0.16397314272414384,0.9003571146756753,0.7363839719515314
KMB,SBUX,0.10715014377354354,0.8434789268197297,0.7363287830461862
PLD,WM,0.16095165726904942,0.897190839148519,0.7362391818794696
ORCL,XBI,0.19559398320762164,0.9317764115993817,0.7361824283917601
AFL,NOC,0.14426330992546746,0.8803053338388744,0.736042023913407
JNJ,VUG,0.212048697404101,0.9480478383558094,0.7359991409517084
CSCO,RKLB,0.20419812830753095,0.9399857510028118,0.7357876226952809
NOC,VUG,0.1966069142563091,0.9323853741288045,0.7357784598724955
CSCO,KMB,0.09780185471264649,0.8333716429808271,0.7355697882681806
RTX,TRV,0.23733508150147536,0.9728966082005454,0.73556152669907
IBM,MRK,0.19678130727758805,0.9321374677441987,0.7353561604666107
ABBV,TTMI,0.05931739725008732,0.7946239402792674,0.7353065430291801
BLK,MU,0.1776817288284636,0.9129666621522652,0.7352849333238016
IYR,ORCL,0.17419267845159891,0.9094033235261991,0.7352106450746002
LRCX,RKLB,0.2108768319781275,0.9457379401835443,0.7348611082054168
BA,NOC,0.23059132649351607,0.9654349988600743,0.7348436723665582
CVX,HON,0.2322563179453614,0.9670903944710282,0.7348340765256668
AFL,CAT,0.1485300250219148,0.8832518428244055,0.7347218178024907
KO,MTSI,-0.007959073530897332,0.7266402116307915,0.7345992851616888
PSX,TTMI,0.1387152424831133,0.8732423100619943,0.734527067578881
PLTR,VNQ,0.19849214426416925,0.9329853645860772,0.7344932203219079
LMT,VUG,0.20408645948422807,0.9385204271102431,0.734433967626015
HON,RKLB,0.1934854469487757,0.9278425449839542,0.7343570980351786
DE,XOM,0.2306037297835475,0.9649023376779632,0.7342986078944157
BAYRY,PLTR,0.004159217870816873,0.7384190366937861,0.7342598188229692
MMM,QQQ,0.2483448995559146,0.9825869274803231,0.7342420279244084
AFL,FANG,0.2293539489974236,0.9635609632589639,0.7342070142615403
MTSI,NTR,0.11749526323706154,0.8516250922054281,0.7341298289683666
CVX,O,0.09838949279439686,0.832458960395578,0.7340694676011811
AFL,HON,0.1561830022625379,0.8900858162007182,0.7339028139381804
SO,TRV,0.21208796347502143,0.9457843801918444,0.733696416716823
IBM,JPM,0.2403057040393145,0.9739839530143389,0.7336782489750244
NTR,REGN,0.09449051358792748,0.8279726091312027,0.7334820955432753
MTSI,ORCL,0.21611855891570517,0.949574765235786,0.7334562063200808
UNH,VNQ,0.20811514635872425,0.9415602155752488,0.7334450692165246
AMAT,CAT,0.19157019918112286,0.925015261763603,0.7334450625824802
AEP,PEP,0.23891495064062526,0.9722810994046086,0.7333661487639833
CSCO,TRV,0.14072992275174953,0.8739141333967831,0.7331842106450336
CSCO,MMM,0.1458615315825664,0.8789229673345335,0.733061435751967
DD,QQQ,0.22405595884654977,0.9571131626310585,0.7330572037845087
LLY,SBUX,0.08692755656754952,0.8198807217089019,0.7329531651413523
NUE,UAN,0.16687894800253303,0.8998075687928856,0.7329286207903526
KMB,MMM,0.22027164363372184,0.9530107206002019,0.73273907696648
AFL,PG,0.1495294998579796,0.8821835750071795,0.7326540751491999
ARKK,D,-0.02815932418856608,0.7044205865332832,0.7325799107218492
DG,O,0.12327652620766194,0.8558538695442466,0.7325773433365846
AMAT,MMM,0.17533117827476372,0.9078118029746278,0.7324806246998641
CTVA,IBM,0.16236163686710658,0.8947154937982406,0.732353856931134
CAG,HPQ,0.10071614110612978,0.8328349573030668,0.732118816196937
BLK,NUE,0.2274552600461664,0.959511953058634,0.7320566930124677
BA,MCD,0.2105180099204042,0.9425126902012246,0.7319946802808204
KMB,PLD,0.15893333747566904,0.8907321922548871,0.731798854779218
DD,MCD,0.21100668695384872,0.942790541295835,0.7317838543419862
AMAT,STLD,0.20033786224726557,0.9321215407756287,0.7317836785283631
DG,NTR,0.08073594401120388,0.8123663524803444,0.7316304084691405
AFL,LLY,0.13767161354614768,0.8692424422713193,0.7315708287251717
PG,SYF,0.014242284812310706,0.7457749081522659,0.7315326233399552
BX,TRV,0.21148429440269087,0.9427493568424395,0.7312650624397486
DVY,GOOGL,0.21512615750928846,0.9463832926688389,0.7312571351595505
REGN,SBUX,0.10231914464287625,0.8335453422109043,0.731226197568028
AFL,DD,0.1624175280859362,0.8934585028416263,0.7310409747556901
CVX,UAN,0.17833355674451024,0.9093542889292741,0.7310207321847638
NUE,XBI,0.2160751412218634,0.9468369858115346,0.7307618445896713
DD,O,0.1157472513700998,0.8464872132265971,0.7307399618564974
BLK,HII,0.26147192846661166,0.9918597253617356,0.730387796895124
CRWD,TTMI,0.13910527177337298,0.8694457777196705,0.7303405059462975
CRWD,TDW,-0.009794650430497362,0.7202397720357309,0.7300344224662282
LRCX,REGN,0.14350795880682277,0.8735394697134273,0.7300315109066046
LRCX,O,0.08325522627947271,0.8130994446964585,0.7298442184169858
CTVA,UNH,0.13484612590440165,0.8646507674716508,0.7298046415672492
BLK,MTSI,0.23849879635474558,0.9683021473054918,0.7298033509507462
ASTS,CB,0.01155087958484648,0.7411707909637737,0.7296199113789272
AFL,MCD,0.15007938324919654,0.8796232144313041,0.7295438311821075
PLD,RTX,0.19524769473376535,0.9247845635991496,0.7295368688653843
BA,MU,0.136622572162387,0.8660998507112612,0.7294772785488741
STLD,VNQ,0.21486144479638788,0.9443197362714157,0.7294582914750278
AFL,SO,0.1294972066284178,0.858507659047092,0.7290104524186742
LMT,VNQ,0.20830342180269934,0.937208901020236,0.7289054792175367
IYR,UNH,0.18625408648920302,0.9151111553083116,0.7288570688191085
GD,STLD,0.2127565261540265,0.9415952814677625,0.728838755313736
DD,JNJ,0.2168950078532647,0.9457146735630487,0.7288196657097841
LRCX,STLD,0.1886170705536726,0.9171635539588612,0.7285464834051886
ARKK,CVX,0.06372297530779349,0.7920848760114314,0.7283619007036379
IYR,LMT,0.18420386331439734,0.9124729384988922,0.7282690751844949
NTR,ORCL,0.07840307079411504,0.8065516132417415,0.7281485424476265
MRK,O,0.09254523642679792,0.8206480759923279,0.72810283956553
ASTS,TRV,-0.005222125512984322,0.7227237624932558,0.72794588800624
DD,SBUX,0.11978097064613923,0.8476169192123313,0.727835948566192
ALL,NTR,0.10745304992935546,0.8352375222219193,0.7277844722925638
ALL,CSCO,0.15032780615467808,0.8779845067835399,0.7276567006288618
HEI,QQQ,0.2590003918182704,0.9865772236906918,0.7275768318724214
O,STLD,0.11668786050573648,0.8442579719026446,0.7275701113969082
STLD,UAN,0.16607100086613177,0.8936143302867395,0.7275433294206077
AFL,XBI,0.16783686333259087,0.8953269577298034,0.7274900943972126
SCHW,UAN,0.12042097547699591,0.8478135514871967,0.7273925760102008
BLK,RTX,0.2524561644659111,0.9796800580714459,0.7272238936055347
GOOGL,HON,0.21850145869230506,0.9456736146717475,0.7271721559794424
AFL,STLD,0.163818350172027,0.8908867216486409,0.727068371476614
CSCO,PLTR,0.15444187754566627,0.8814925295568885,0.7270506520112222
PEP,SO,0.23654120314236934,0.963575520162018,0.7270343170196486
HON,XOM,0.22360828832303375,0.9506367668101748,0.727028478487141
CW,PSX,0.24567537484402083,0.9726688848144627,0.7269935099704419
DD,FANG,0.2468925478450988,0.9737939846382311,0.7269014367931323
MPC,USMV,0.24436337260817395,0.9712631483663339,0.7268997757581599
BLK,MMM,0.25899494221681535,0.9858033446489578,0.7268084024321424
NOC,TDG,0.26669084450283953,0.9934592924803404,0.7267684479775008
LLY,TTMI,0.060238899091276776,0.7867183940111965,0.7264794949199197
PM,SCHW,0.10883297461520326,0.8352655030513378,0.7264325284361346
BLK,MPC,0.2552038167882246,0.9816312689169435,0.7264274521287188
JNJ,KMB,0.2242572760233984,0.9506617644227991,0.7264044883994007
DD,GD,0.21646224825915666,0.9427163852766779,0.7262541370175213
REGN,VYM,0.2607972292929808,0.9869194126305116,0.7261221833375309
CAT,JPM,0.25257784991061927,0.9786660875301215,0.7260882376195023
ABBV,REGN,0.26611803905385395,0.9921438056335103,0.7260257665796563
MMM,MRK,0.20763177748187134,0.9336154450608216,0.7259836675789503
NOC,NTR,0.10262272637641036,0.8285987664649104,0.7259760400885
HON,PLD,0.20506992633914636,0.9310005654319435,0.7259306390927972
BA,PLTR,0.21913704269518264,0.9449406528759406,0.725803610180758
JPM,MMM,0.2494417500112734,0.9752372995650521,0.7257955495537787
NOC,RTX,0.2521302736252206,0.9779048881534415,0.7257746145282209
CSCO,MRK,0.13296944019726137,0.8586983746775769,0.7257289344803155
BA,MMM,0.22595375890183453,0.9516280958794998,0.7256743369776653
UAN,VLO,0.18595377534898222,0.9115928606389643,0.7256390852899821
CRWD,CTVA,0.06841500376585177,0.7940537420705164,0.7256387383046646
LXU,SCHD,0.2539458255546833,0.9793968678862948,0.7254510423316114
MU,RKLB,0.21995336172053037,0.9453970509416435,0.7254436892211131
NOC,VNQ,0.2101674405349239,0.9356046496311016,0.7254372090961777
JPM,O,0.1098056489530657,0.8352313181361859,0.7254256691831202
AFL,COST,0.1516822872886886,0.8770400044335945,0.7253577171449059
IRDM,PFE,0.0688447422042274,0.7940126005328239,0.7251678583285964
ASIX,ICL,0.24417690164443237,0.9691010440509207,0.7249241424064883
ASTS,PM,0.01046584503135545,0.7352973173165291,0.7248314722851736
KHC,XLU,0.22572384705390466,0.9503466599171992,0.7246228128632946
HON,JPM,0.2427343368458497,0.9673282120022105,0.7245938751563609
IYR,REGN,0.18564225681267385,0.9102332384439867,0.7245909816313129
DVY,UAN,0.1826449766266096,0.9072036373248101,0.7245586606982005
RKLB,SBUX,0.13248553610463057,0.8570091716919765,0.724523635587346
BAYRY,FANG,0.11401244746850772,0.8385246097222296,0.724512162253722
CSCO,UNH,0.14237034383659636,0.8668408347407375,0.7244704909041411
DD,KMB,0.18391510869026165,0.9083325189129606,0.724417410222699
KMB,MCD,0.22414785614278523,0.9484332190112087,0.7242853628684235
RTX,XOM,0.23688486242997944,0.9611324701078646,0.7242476076778852
MTSI,VYM,0.24894371842845717,0.9731868119367203,0.7242430935082631
JNJ,MMM,0.24891384421649507,0.973124149977697,0.7242103057612019
SBUX,UNH,0.11146350954999323,0.8355885583727825,0.7241250488227893
MMM,XOM,0.23468479813478102,0.9584483934970531,0.7237635953622721
DD,PLD,0.21080137827206194,0.9345188439472566,0.7237174656751947
DD,TRV,0.21713120264741778,0.9406793674992631,0.7235481648518453
ARKK,DG,0.08358187133783408,0.807087870345012,0.7235059990071778
CTVA,TGT,0.14686694806279574,0.8703102448365053,0.7234432967737096
BX,COST,0.20955936061119482,0.9328685735072302,0.7233092128960353
LRCX,NUE,0.1554139240863662,0.8786843275235404,0.7232704034371742
LLY,PG,0.23612598310934862,0.9591959408794024,0.7230699577700538
STLD,XBI,0.23191948420627923,0.9549894277073987,0.7230699435011194
GD,PSX,0.24251525362302256,0.965090598929432,0.7225753453064094
JPM,NUE,0.23085545721410095,0.9532662598661112,0.7224108026520103
BX,VLO,0.20761928175873692,0.9300081810506249,0.722388899291888
HON,MPC,0.2610037884245177,0.9832051991845465,0.7222014107600288
CAT,RTX,0.25634317466906004,0.9784971989799448,0.7221540243108848
IYR,MU,0.133784003764517,0.8556764548853772,0.7218924511208602
GOOGL,TTMI,0.1818864155538496,0.9037438519984415,0.721857436444592
DVY,REGN,0.2618260750517563,0.9835871905473422,0.7217611154955859
PEP,VUG,0.22402625308057067,0.9455656619244496,0.7215394088438789
ASTS,FANG,0.017926308951546305,0.7394474006287103,0.7215210916771639
USMV,VLO,0.24607957201902153,0.9675292403677673,0.7214496683487458
JNJ,SO,0.24173291918736745,0.9630915666560287,0.7213586474686613
BA,STLD,0.19845928935127183,0.9197849110308743,0.7213256216796025
ASTS,UAN,-0.002094432353649394,0.7190639370360343,0.7211583693896837
GOOGL,O,0.12385621626059472,0.8442458664944723,0.7203896502338776
O,SYF,0.07275123275443006,0.7928587568862058,0.7201075241317757
IYR,NOC,0.19380721516804836,0.9137536898856081,0.7199464747175598
GOOGL,VNQ,0.20480951609429088,0.924610794442136,0.7198012783478451
GD,SBUX,0.11873573291049686,0.838506097188915,0.7197703642784181
NTR,RKLB,0.1127939868875715,0.8325022087767401,0.7197082218891686
CSCO,DE,0.1527672812666639,0.872133369745157,0.7193660884784931
BA,VNQ,0.21882869353745255,0.9381742114661963,0.7193455179287438
RTX,XBI,0.23740400720821614,0.9567360831755278,0.7193320759673116
BX,CVX,0.20793193279589636,0.9270301306976608,0.7190981979017644
JPM,STLD,0.22534660432889267,0.9443328889134751,0.7189862845845825
HII,TGT,0.09866980497780486,0.8175488949894094,0.7188790900116045
AMAT,VNQ,0.1863797721259546,0.9052558460209988,0.7188760738950443
AEP,KMB,0.21374801588637865,0.9324040029189169,0.7186559870325382
CSCO,STLD,0.17912522446915158,0.8976722535871291,0.7185470291179775
CSCO,MCD,0.15334889676330812,0.8718240641980726,0.7184751674347645
VLO,VUG,0.23135339371439598,0.9498160553447651,0.7184626616303691
BX,CTVA,0.18359841414434333,0.9019819950205628,0.7183835808762195
NTR,PM,0.1202805799731841,0.8386309899061883,0.7183504099330043
AEP,PM,0.2710422618477155,0.989283015434723,0.7182407535870075
CPB,DOW,0.08170037728200537,0.799855239106734,0.7181548618247285
JNJ,SBUX,0.11315678095526757,0.8312600970303685,0.7181033160751009
ASTS,RTX,0.029299887578189004,0.7473714637070814,0.7180715761288924
PG,VUG,0.21849045570937606,0.9365204935569468,0.7180300378475707
FITB,UAN,0.116236337495654,0.834217654281435,0.717981316785781
DE,HON,0.25346798917393615,0.9714467281414121,0.7179787389674759
CTVA,TDG,0.1552119664313662,0.8731673567393055,0.7179553903079392
CSCO,GD,0.1464557131187187,0.864372101032998,0.7179163879142794
CSCO,VNQ,0.21325129573812857,0.9310738770623509,0.7178225813242223
AMAT,TDG,0.21723154772724806,0.9345103089423396,0.7172787612150915
BA,HON,0.2295227547517585,0.9467633926072029,0.7172406378554443
ASTS,COST,0.024655966098464852,0.7418066701152313,0.7171507040167664
CAT,XBI,0.24499084249324893,0.962047153198772,0.717056310705523
MMM,STLD,0.22691931848967872,0.9438379443280542,0.7169186258383755
FANG,NUE,0.2545248259910947,0.9714181041346108,0.7168932781435161
FANG,TTMI,0.13905052238109394,0.8558841725461155,0.7168336501650215
VUG,XOM,0.22134117337535966,0.9381618621608837,0.7168206887855241
IBM,IYR,0.20003891712300745,0.9168000815780696,0.7167611644550621
CW,PLD,0.21778032654060686,0.9345065255146695,0.7167261989740626
AFL,RTX,0.17661760010844255,0.8932567091477995,0.716639109039357
IBM,VNQ,0.2259692553475984,0.9423752305117762,0.7164059751641778
STLD,VLO,0.23295757603162506,0.9493232671583115,0.7163656911266865
C,WM,0.07206049505646714,0.7881705709176284,0.7161100758611613
CTVA,HEI,0.14835776644659454,0.8643326338903694,0.7159748674437749
BAYRY,HII,0.12223659924648413,0.8381521906701564,0.7159155914236723
CRWD,USMV,0.22196023195226186,0.937737743744406,0.7157775117921441
D,FANG,-0.015315213166350062,0.7000387746653467,0.7153539878316968
BLK,HON,0.26062929529035783,0.9758627338828816,0.7152334385925238
BLK,CW,0.2747198567422882,0.9898996991754623,0.7151798424331741
BAYRY,UAN,0.07943602754968826,0.7945391059488786,0.7151030783991903
MPC,SPLV,0.2013331701533547,0.9161585721812233,0.7148254020278686
HEI,HII,0.2761273740295123,0.9909360199758241,0.7148086459463119
IBM,NTR,0.11964828723398893,0.8342859483793571,0.7146376611453682
NUE,SBUX,0.13785214674901614,0.8524801584020951,0.714628011653079
TDG,VNQ,0.22677507805074737,0.9413366046104413,0.714561526559694
ABBV,TGT,0.11500821626985994,0.8295655535159608,0.7145573372461009
NUE,VNQ,0.2358397838277441,0.950127716413786,0.714287932586042
UAN,XOM,0.20301927450247761,0.9172810249428016,0.714261750440324
AFL,LRCX,0.08809477178798691,0.8023500331875055,0.7142552613995186
SCHW,WM,0.0734085477022703,0.7876561634225091,0.7142476157202388
RTX,STLD,0.22987336513869164,0.9441004280452647,0.7142270629065731
GD,LMT,0.2695101711044788,0.9836939143797081,0.7141837432752294
BA,QQQ,0.24593122838161843,0.9600734624504034,0.714142234068785
CTVA,GOOGL,0.07187214187194844,0.7859648436940859,0.7140927018221375
CSCO,PG,0.13565286952881492,0.8497244817141504,0.7140716121853354
BX,CB,0.21921843173178313,0.9331501594521163,0.7139317277203332
PG,SBUX,0.13713106035173087,0.8509695482675441,0.7138384879158133
ORCL,VNQ,0.21976791396333722,0.9333232201069709,0.7135553061436337
NTR,UNH,0.11374638511410677,0.827280078118907,0.7135336930048003
BX,MTSI,0.22802871316951326,0.9414118432833402,0.7133831301138269
JPM,RTX,0.26106357591134793,0.9741326807552353,0.7130691048438873
CSCO,REGN,0.1516751407265226,0.864722868969648,0.7130477282431253
SBUX,TRV,0.13204391772217058,0.8450743805100946,0.713030462787924
IBM,MMM,0.2593140307298553,0.9719551423236444,0.7126411115937892
CAT,RKLB,0.2137605831473994,0.9263327070500547,0.7125721239026552
MMM,PLD,0.21549578067369304,0.9280246109165196,0.7125288302428265
DUK,PG,0.24347003825221494,0.9552611790296324,0.7117911407774175
CW,SBUX,0.12348614141291174,0.8352551459356364,0.7117690045227247
AFL,AMAT,0.11044855739822396,0.8220963023921742,0.7116477449939502
FMC,HPQ,0.1374882286883881,0.8491230828344776,0.7116348541460895
CAT,QQQ,0.28101503639721415,0.9925819442799785,0.7115669078827643
DG,TTMI,0.05179639913710298,0.7632991161140207,0.7115027169769177
ALL,VUG,0.23921313191790666,0.9506509409304422,0.7114378090125355
SBUX,STLD,0.11350703185580004,0.8248333733441503,0.7113263414883503
ABBV,FITB,0.13915486211684264,0.8504141213872807,0.7112592592704381
C,HII,0.2250736511265169,0.9362495171592298,0.7111758660327129
ASTS,LLY,0.02434900186498786,0.7353105600448419,0.710961558179854
ARKK,MCD,0.08406883054390611,0.7949860102037597,0.7109171796598536
CVX,VUG,0.2398662558889255,0.9507670274685334,0.7109007715796078
BX,DE,0.22972369645101934,0.9404251848666402,0.7107014884156209
BA,IYR,0.21537656230528812,0.9259383868179986,0.7105618245127104
MMM,SBUX,0.14685911966733117,0.8573933620403665,0.7105342423730354
TGT,UAN,0.0619890457355804,0.7725145918209929,0.7105255460854125
HON,NUE,0.2430817762883738,0.9534635799262667,0.7103818036378929
CAT,CSCO,0.16916886328209066,0.8795230086498671,0.7103541453677764
DE,VNQ,0.2358762496961724,0.9461135084300514,0.710237258733879
IYR,STLD,0.20734819758524578,0.9174032435453379,0.7100550459600921
DOW,VZ,0.13004269921911307,0.8400436663961268,0.7100009671770138
CTVA,UAN,0.16635505484366303,0.8762165635958712,0.7098615087522082
BA,LRCX,0.13532564038518452,0.8450533091884517,0.7097276688032672
DD,IBM,0.22869033907481667,0.9383474524713192,0.7096571133965026
JNJ,MCD,0.26509033250363745,0.9746631856440582,0.7095728531404207
NUE,XOM,0.23586535444294635,0.9450037274262237,0.7091383729832774
PM,SO,0.2680901276597616,0.977199529601079,0.7091094019413174
BA,CSCO,0.13996069603865832,0.8490389743136925,0.7090782782750341
GOOGL,ORCL,0.20381888757513342,0.9128969398826116,0.7090780523074781
AMAT,IYR,0.16128391639109116,0.8702907072749584,0.7090067908838672
JPM,LRCX,0.17083683767236776,0.8796808980230733,0.7088440603507055
BLK,STLD,0.23426035804583942,0.9430854941599398,0.7088251361141004
IVZ,UAN,0.1351170931022552,0.8439253447727214,0.7088082516704662
FANG,NEE,-0.03082071395362911,0.6779108704362874,0.7087315843899165
AMAT,JPM,0.19926736984192805,0.9079056025610398,0.7086382327191117
DD,XBI,0.24908085609516772,0.9576408274514346,0.7085599713562669
AFL,JNJ,0.17272882701512307,0.8812491274133603,0.7085203003982372
MCD,PEP,0.27108939970528256,0.9796040939671962,0.7085146942619136
CTVA,MMM,0.16633585433090214,0.8748364296571812,0.7085005753262791
CTVA,IYR,0.18987152538727323,0.8980787907744419,0.7082072653871686
CW,MTSI,0.2719317498502948,0.9797818782832007,0.707850128432906
CSCO,NTR,0.11838440754375334,0.8261752527407821,0.7077908451970287
C,O,0.10297927159993904,0.8107333873729012,0.7077541157729622
DE,PSX,0.26060050517619165,0.9682642183769414,0.7076637132007497
AEP,PG,0.2382155957980675,0.9458165645860533,0.7076009687879858
LLY,VYM,0.278619925144217,0.986138087069223,0.7075181619250059
NUE,RTX,0.24194605466212415,0.9494481305386264,0.7075020758765023
CTVA,PLD,0.12387660908872568,0.8312418841145953,0.7073652750258697
FANG,STLD,0.2647869559831474,0.9720845068175846,0.7072975508344372
AMAT,BA,0.16693239866485862,0.8741432004805835,0.7072108018157248
LMT,TTMI,0.061028019260003785,0.767964737842823,0.7069367185828193
AMD,PM,0.019724024824362234,0.7265701544054002,0.706846129581038
O,UNH,0.10000872762945155,0.8067823336951483,0.7067736060656967
MCD,MRK,0.22362378374744069,0.9302103251419079,0.7065865413944672
CSCO,O,0.09277031447412733,0.7993039010978426,0.7065335866237152
AMD,PSX,0.09843789528085924,0.8049034285577114,0.7064655332768521
KMB,MRK,0.2122480855967741,0.9186875951599336,0.7064395095631595
NTR,SBUX,0.12190388351257972,0.8282671156073805,0.7063632320948008
CAT,HON,0.2606425677330317,0.9669364926739018,0.7062939249408702
DD,MPC,0.27040315208265037,0.9765364166251412,0.7061332645424909
NUE,QQQ,0.2536914529584082,0.9597642712150389,0.7060728182566307
IRDM,SCHD,0.23571897114489418,0.9417674257702754,0.7060484546253812
BA,SPLV,0.24010051590102383,0.9460223124701602,0.7059217965691365
LLY,SYF,0.02193824876438508,0.7277908937568653,0.7058526449924802
DE,MMM,0.27189830336525506,0.9777496331813279,0.7058513298160729
KMB,SO,0.20611634366860876,0.9119136390880304,0.7057972954194216
SBUX,SO,0.09382863830422841,0.7995406488758102,0.7057120105715818
KHC,SEDG,0.01299657449736916,0.7182935524424626,0.7052969779450935
FANG,JPM,0.2652217101909511,0.9704036290842597,0.7051819188933086
C,PLTR,0.1949853400064469,0.8999976242122582,0.7050122842058113
CSCO,RTX,0.16781719030493383,0.872805191047746,0.7049880007428122
PFE,XLU,0.1830549387774265,0.8878249090626661,0.7047699702852396
IYR,NTR,0.14898422001859613,0.8534713369477454,0.7044871169291492
BA,BX,0.2445998338889918,0.9489416090365678,0.704341775147576
PEP,SBUX,0.1311372079257165,0.835434293099333,0.7042970851736166
HII,SCHW,0.20941371961138933,0.9135086101391011,0.7040948905277118
GD,TDG,0.2916944211119339,0.9957856914742693,0.7040912703623354
BA,LMT,0.2437014908291946,0.947363463580744,0.7036619727515494
CB,SBUX,0.13345870359357961,0.837089020874522,0.7036303172809424
RKLB,USMV,0.1902026613522692,0.8937241993290321,0.703521537976763
FITB,MTSI,0.1353494924692919,0.8388569804627412,0.7035074879934493
LLY,O,0.10214696882263634,0.8056330266062005,0.7034860577835642
BX,TDG,0.23755574423426523,0.9409883351384538,0.7034325909041885
DUK,PM,0.2853023643826053,0.9887208883631503,0.703418523980545
MRK,XBI,0.2445591251027814,0.947937852935573,0.7033787278327915
SPLV,VLO,0.2089170923536808,0.9121603666864547,0.7032432743327739
BA,CTVA,0.19855647805048623,0.9017843669430153,0.7032278888925291
ALL,SBUX,0.14321235475417565,0.8464328627472251,0.7032205079930494
FANG,TGT,0.08690488368140199,0.7900533358790628,0.7031484521976608
DOW,PFE,0.1203028793715301,0.8234466192154544,0.7031437398439243
ORCL,RKLB,0.20057835328866566,0.9036241991618982,0.7030458458732325
LRCX,TDG,0.21192795312086127,0.9148428105755686,0.7029148574547073
MMM,NUE,0.2534718633770787,0.9562361485264255,0.7027642851493467
ASTS,UNH,0.021224862214711312,0.7238523100850397,0.7026274478703284
CAT,VNQ,0.24308492075171645,0.9455874150019843,0.7025024942502678
PEP,SYF,0.037108368425326124,0.7394692115736111,0.702360843148285
O,XOM,0.11905149332757706,0.821267341301102,0.702215847973525
BLK,PSX,0.26386121703787224,0.9658650788087554,0.7020038617708831
QQQ,RTX,0.2776550493705825,0.9794780634467595,0.701823014076177
CTVA,HON,0.15796933348382106,0.859745017220969,0.7017756837371479
DG,USMV,0.2694473646272077,0.9710236829619695,0.7015763183347619
AFL,MPC,0.27224099649008415,0.9738066069178107,0.7015656104277266
FITB,RKLB,0.1755795856489204,0.8771088154572134,0.701529229808293
AFL,PM,0.21052458937282334,0.9120509085455857,0.7015263191727623
RTX,SBUX,0.1488025205416863,0.8501571919752321,0.7013546714335458
C,VLO,0.12503963381340044,0.826054053090824,0.7010144192774236
CAG,PFE,0.1603632197515668,0.8611691689560933,0.7008059492045264
CTVA,HII,0.1921164059015404,0.8927890977155201,0.7006726918139796
FANG,UAN,0.2150522153259003,0.9154253821193337,0.7003731667934334
DE,SBUX,0.14104585699249597,0.8413018331388787,0.7002559761463828
CVX,DD,0.24910801014190706,0.9492159590904522,0.7001079489485451
ASTS,TDG,0.0355727871574427,0.7356341980592022,0.7000614109017594
CAG,XLU,0.2340198803283963,0.9339949097787639,0.6999750294503676
CAG,DOW,0.11573922919799032,0.8155564760293924,0.6998172468314021
JPM,XBI,0.25477492539187047,0.9545156895111472,0.6997407641192768
ABBV,DVY,0.2876246107701534,0.9873383838526633,0.6997137730825098
PEP,PM,0.29221902020282275,0.9918068744167975,0.6995878542139747
MPC,RTX,0.2765673765020393,0.9761302735663244,0.6995628970642851
TTMI,UNH,0.07005801589583978,0.7695503634853099,0.6994923475894701
C,REGN,0.09629815253933312,0.7957545640959262,0.699456411556593
IYR,NUE,0.23416602264120928,0.9335786675314083,0.6994126448901989
GD,RTX,0.2770390954563463,0.97638232289738,0.6993432274410337
CSCO,IYR,0.17434214016188004,0.8732911452190395,0.6989490050571594
ASTS,DE,0.04598359646698203,0.7449116775976733,0.6989280811306913
HON,STLD,0.24851439492135305,0.9473952683421684,0.6988808734208153
CPB,HPQ,0.10258390965096036,0.8012376712086697,0.6986537615577094
BX,GD,0.24249395207104021,0.9410665197445564,0.6985725676735162
MTSI,TGT,0.07378471143113037,0.7722088130528248,0.6984241016216944
AFL,PLD,0.19844703208932726,0.8966965791386616,0.6982495470493344
ASIX,FMC,0.24000932740390354,0.9382267624647953,0.6982174350608917
BX,HEI,0.24070723652588583,0.938866499135862,0.6981592626099762
IBM,MU,0.1956538020559607,0.893765525098272,0.6981117230423113
CW,RKLB,0.22989948263096188,0.9279292276949971,0.6980297450640351
BLK,CSCO,0.18699520645823667,0.8848140846413716,0.6978188781831349
ARKK,MO,-0.03741822123801477,0.660303773713311,0.6977219949513257
ASTS,HON,0.04424520792768043,0.7417579638586639,0.6975127559309835
CW,QQQ,0.29530341338800564,0.9926809909590841,0.6973775775710784
JPM,VNQ,0.264731886393501,0.9619752490233774,0.6972433626298764
CTVA,QQQ,0.14770917780132298,0.8449500066418248,0.6972408288405019
IBM,O,0.10499115747286572,0.8020007370778314,0.6970095796049657
PM,TDW,-0.008215921333245984,0.6887293995566924,0.6969453208899384
MTSI,RKLB,0.2467303492567881,0.9436635845074254,0.6969332352506372
MCD,PG,0.2584177442320261,0.9552914748433493,0.6968737306113232
NTR,VNQ,0.15959363757762568,0.8563756294597503,0.6967819918821246
MMM,PG,0.264908142065149,0.9616729241701389,0.6967647821049899
MMM,RTX,0.27021749773512543,0.9669453747011038,0.6967278769659784
HON,PSX,0.28215814342794293,0.9788326827762144,0.6966745393482714
QQQ,STLD,0.25794025489252503,0.9543249205882,0.6963846656956749
CVX,TTMI,0.09839575372138926,0.7946827259558074,0.696286972234418
BA,TDG,0.2781053175335911,0.9743701117441212,0.6962647942105302
CAT,SBUX,0.13946085673258382,0.8355073373972709,0.6960464806646871
DVY,MRK,0.27413657955331117,0.9700377500987595,0.6959011705454483
CSCO,HON,0.19075847222996614,0.886535484830412,0.6957770126004459
KMB,PM,0.2678938080123538,0.9636212070702027,0.695727399057849
HON,SBUX,0.15069480900258872,0.846378923164748,0.6956841141621594
AMAT,GOOGL,0.26391817815370083,0.95924367416026,0.6953254960065591
DE,IYR,0.22823704684558693,0.9235006847885373,0.6952636379429504
DE,RTX,0.2852186249608403,0.9803691966535042,0.6951505716926639
UNH,VUG,0.2546923766309415,0.9497344914787377,0.6950421148477961
CAT,MMM,0.2825507279991596,0.9771847678601485,0.6946340398609889
MTSI,SCHW,0.17193284679670953,0.866399302837765,0.6944664560410555
JNJ,VNQ,0.2458529113078876,0.9402781200646518,0.6944252087567642
SBUX,TDG,0.1920772629648206,0.8864435408313347,0.6943662778665141
IYR,LRCX,0.15994380671086442,0.8543016636106282,0.6943578568997638
DOW,KHC,0.1367198193930957,0.8309212013411815,0.6942013819480859
MRK,PEP,0.25264231770898266,0.9467871353118417,0.6941448176028591
NTR,VUG,0.13356114183224874,0.8275134764537722,0.6939523346215234
ASTS,GD,0.045970231654761905,0.7393038806636999,0.693333649008938
BA,USMV,0.29142952130005734,0.9847282045576783,0.6932986832576209
ASIX,LXU,0.276487217192207,0.9696158601078831,0.6931286429156762
ASTS,JPM,0.041614347364957234,0.7345058179846163,0.6928914706196591
HEI,O,0.12867581302339698,0.8213248174916431,0.6926490044682461
ASTS,HII,0.04915806688198356,0.7417553202637069,0.6925972533817234
ASIX,BKSY,0.12764453099390294,0.82013810177959,0.6924935707856871
D,RKLB,0.03840224058486785,0.7304574078787821,0.6920551672939143
BLK,CAT,0.298268773102775,0.9903060149161788,0.6920372418134038
BLK,GOOGL,0.24789850229534746,0.9399328533238132,0.6920343510284657
NTR,QQQ,0.13772651986027085,0.8296755968624355,0.6919490770021647
AMAT,BLK,0.2264526157039748,0.9179513939337965,0.6914987782298218
USMV,XOM,0.28669286699839996,0.978184707807506,0.691491840809106
GOOGL,LRCX,0.26806546897216194,0.9595064005180934,0.6914409315459316
KO,NTR,0.05383133709121488,0.7452290026751932,0.6913976655839783
CW,STLD,0.2597252455725808,0.9510935172530537,0.6913682716804729
PM,SYF,0.06316508307912184,0.7545331201296511,0.6913680370505293
PLD,PM,0.2438497978665498,0.9350093613231177,0.6911595634565679
MPC,UAN,0.21135852633726232,0.9024159132244043,0.6910573868871419
IYR,JNJ,0.22303239701918492,0.9138874655836587,0.6908550685644739
LRCX,VNQ,0.20171736984862315,0.8925123885468426,0.6907950186982195
CL,CTVA,0.06538537216269441,0.7560769324626094,0.6906915602999151
HEI,NTR,0.14637115253629102,0.8369371723834791,0.6905660198471881
AFL,SBUX,0.14898533904532651,0.8394801646870613,0.6904948256417348
DD,XOM,0.25363895312214224,0.9440359971827412,0.690397044060599
NUE,O,0.139281875096693,0.8296366431511036,0.6903547680544107
DG,FITB,0.10913898508687013,0.7994481565081866,0.6903091714213164
DE,O,0.12601995959702356,0.8162765189404811,0.6902565593434575
CTVA,VNQ,0.19020482707068323,0.8804398614078998,0.6902350343372166
COST,CSCO,0.18465734726283467,0.8747918966856195,0.6901345494227848
CRWD,MU,0.24498671172180467,0.9349934782360708,0.6900067665142662
KMB,PEP,0.253836391134648,0.9438143131131375,0.6899779219784894
AFL,TDG,0.22175013597125903,0.911579239925997,0.689829103954738
HEI,XBI,0.2719951144044845,0.961707286117572,0.6897121717130874
DD,JPM,0.25988931366427653,0.9495142124711189,0.6896248988068423
CAT,O,0.12495641018751462,0.8143377010115216,0.689381290824007
JNJ,SYF,0.049870302556112224,0.7392329767932383,0.689362674237126
JPM,TRV,0.28769687283219836,0.9768740880972026,0.6891772152650042
GD,VNQ,0.25327406846552775,0.9424282680671752,0.6891541996016475
PG,TTMI,0.04611176078110993,0.7352569958818128,0.6891452351007029
C,HEI,0.11385480151350365,0.8027859547062131,0.6889311531927094
MPC,TTMI,0.1559852495230949,0.8448145674673087,0.6888293179442138
PLD,QQQ,0.24346224143575138,0.9320720600735131,0.6886098186377617
MTSI,TDW,0.05467327505161837,0.7431704814497707,0.6884972063981524
GOOGL,XBI,0.2675106610416092,0.9558858801944276,0.6883752191528183
MPC,TGT,0.10879080716818816,0.7970146116947915,0.6882238045266034
AFL,O,0.14737666776196404,0.8355446124936057,0.6881679447316417
CVX,STLD,0.2664909041442527,0.9546476287576248,0.6881567246133721
BA,XBI,0.2445549993514859,0.932519026027956,0.6879640266764702
ARKK,UNH,0.11430875786984172,0.8021296001614642,0.6878208422916224
GD,IYR,0.2293079434068412,0.9167970536453937,0.6874891102385524
CRWD,RKLB,0.23777769203514362,0.9252003078034453,0.6874226157683017
ASTS,CSCO,0.05799110313699306,0.7450842743432814,0.6870931712062883
DE,USMV,0.29171888307911253,0.9785874809663996,0.686868597887287
HMC,KHC,0.10051020678750841,0.7873784082934064,0.686868201505898
LRCX,NTR,0.13610743020125884,0.8229718156274509,0.6868643854261921
ARKK,VLO,0.1099579947343928,0.796799766889981,0.6868417721555882
ASTS,C,0.07242036357863177,0.7591932773614737,0.6867729137828419
BX,ORCL,0.25355228113272416,0.9401634030129108,0.6866111218801867
ORCL,SPLV,0.23745458355314894,0.9239382051633127,0.6864836216101637
CB,NTR,0.1615130759339722,0.8476534714017291,0.6861403954677568
BX,CRWD,0.2599786368417833,0.9459493075097192,0.6859706706679358
LLY,XBI,0.2754107029555019,0.9613678639846422,0.6859571610291404
CB,VUG,0.2613299888375105,0.9470800474056307,0.6857500585681202
MU,SPLV,0.10558551046474447,0.7912954731193309,0.6857099626545864
JNJ,PEP,0.29508367198136143,0.9807641904699939,0.6856805184886324
ARKK,UAN,0.09442347472541107,0.7800354713215434,0.6856119965961323
MPC,NUE,0.29573518740779153,0.9813149916348765,0.6855798042270849
MMM,O,0.13051560376700974,0.8159813371655784,0.6854657333985686
ARKK,MPC,0.12758684989578195,0.8129867914368084,0.6853999415410265
PSX,USMV,0.26397994581577255,0.9493343184886781,0.6853543726729056
ARKK,LLY,0.09685110485170588,0.7821046698245768,0.6852535649728709
AFL,CSCO,0.14226890114520674,0.8274480152011702,0.6851791140559634
LMT,O,0.1177483299812798,0.8026937661220924,0.6849454361408126
MTSI,XBI,0.2847004450682657,0.9695688833654309,0.6848684382971653
IYR,JPM,0.2585553020666186,0.9431953695928768,0.6846400675262582
PSX,UAN,0.20937462344681576,0.8937971363892231,0.6844225129424073
HEI,IYR,0.236900092754708,0.9212445888415485,0.6843444960868404
MRK,SYF,0.04705416396765712,0.731293792095727,0.6842396281280698
AFL,HII,0.2878226059755987,0.9719304736235502,0.6841078676479515
CTVA,SCHW,0.24317873545537758,0.9272836074284024,0.6841048719730248
JPM,MPC,0.2999302570378821,0.9839242568657462,0.6839939998278641
C,FANG,0.2770966806576801,0.9606065313262006,0.6835098506685204
AFL,QQQ,0.21250002668297727,0.8952908863030131,0.6827908596200358
BA,GD,0.2707544125013206,0.9532611062511572,0.6825066937498366
ASTS,SPLV,0.009376304841153454,0.6918249527822974,0.6824486479411439
O,REGN,0.10825425778259265,0.7905481734726975,0.6822939156901048
AFL,JPM,0.22217554881313534,0.9043875298689917,0.6822119810558565
CTVA,D,0.11092947765418491,0.793076277297727,0.6821467996435421
AEP,SCHW,0.06307712368466711,0.745220130550518,0.6821430068658508
CTVA,NEE,0.0905247873003459,0.7726291167025268,0.6821043294021809
TRV,VUG,0.2669141958959555,0.9488351030932453,0.6819209071972898
GD,O,0.12436316314373973,0.8062787286519467,0.681915565508207
DE,NUE,0.2741688772318109,0.9560503878089395,0.6818815105771285
RKLB,VYM,0.23673192010718314,0.9186110728393999,0.6818791527322168
IYR,TDG,0.2371776304497469,0.9190541989261852,0.6818765684764383
DE,STLD,0.26982441347844016,0.951641790562375,0.6818173770839349
HII,USMV,0.30091982831566166,0.9825863846538189,0.6816665563381572
MPC,STLD,0.29417660062517836,0.9758004414709748,0.6816238408457964
RKLB,TTMI,0.23475343108304914,0.916348774514133,0.6815953434310839
CB,CTVA,0.18281052056363736,0.8642533141664674,0.6814427936028301
DVY,TDG,0.3074974665497416,0.9888399465559353,0.6813424800061938
BKSY,ICL,0.11203796963625376,0.7933131737422742,0.6812752041060204
O,ORCL,0.09233883690740045,0.7735270937706633,0.6811882568632629
DD,VNQ,0.2696021022823606,0.9505371413271563,0.6809350390447957
CTVA,RKLB,0.08109974369207615,0.7618100046820817,0.6807102609900055
JPM,SBUX,0.17630939203110282,0.8569080765102928,0.6805986844791899
IBM,ORCL,0.2543048812385242,0.9348340087017366,0.6805291274632124
CB,TTMI,0.10085620725418401,0.7813809600181765,0.6805247527639925
HON,MMM,0.2834411686473141,0.9638180307769967,0.6803768621296826
NTR,XBI,0.16756762084831098,0.8477914483167457,0.6802238274684347
MU,XBI,0.2671819175502682,0.9472789302826257,0.6800970127323575
MCD,TTMI,0.08851643588774398,0.7684778151697275,0.6799613792819835
ALL,O,0.1516309981318089,0.8312938130728399,0.679662814941031
CTVA,USMV,0.24093414059365395,0.920496342225423,0.6795622016317691
ASTS,REGN,0.05099103736167293,0.7304919535603847,0.6795009161987118
BLK,PLTR,0.2629198385755417,0.9421733490635654,0.6792535104880237
NTR,SPLV,0.15930664918348453,0.8384902443440252,0.6791835951605407
CRWD,SYF,0.08576920756098018,0.7649468840455682,0.679177676484588
DUK,SCHW,0.06725706405541357,0.7462071100679695,0.6789500460125559
CB,O,0.1477952244513236,0.8267443769329572,0.6789491524816336
DVY,UNH,0.30575367806845444,0.9843797563027272,0.6786260782342728
IVZ,PG,0.064709484140985,0.7432299810884937,0.6785204969475087
SCHW,SO,0.036709791732155835,0.7151618608234623,0.6784520690913065
IBM,SBUX,0.16707157387775984,0.8453326416927451,0.6782610678149853
AFL,TRV,0.21599713465571627,0.8941874972630685,0.6781903626073522
ARKK,FANG,0.11434336791803026,0.7924802806974898,0.6781369127794595
CRWD,XBI,0.28427095746634906,0.962075092473844,0.677804135007495
CRWD,GOOGL,0.26820678912688506,0.9456785417099952,0.6774717525831102
GOOGL,IYR,0.2133507198624521,0.8907567869808721,0.67740606711842
NTR,TRV,0.15495708321225946,0.8323126837973855,0.6773556005851261
CAT,IYR,0.24059882426701118,0.9179112807521389,0.6773124564851277
ASTS,NTR,0.04272345419657791,0.7200345148636689,0.677311060667091
BX,RTX,0.26543776580777,0.9425172348118209,0.6770794690040509
PM,TGT,0.06544666996429889,0.7424069404942956,0.6769602705299966
COST,O,0.1252410982284229,0.8018202810545897,0.6765791828261668
STLD,XOM,0.2599103146029963,0.9364601075716343,0.676549792968638
BA,DD,0.24837082262888946,0.9248703460143014,0.676499523385412
DVY,ORCL,0.2969855532173928,0.9733051070066269,0.6763195537892341
D,HII,0.0803266670469856,0.7565676121466027,0.6762409450996172
GD,NOC,0.3148710694824824,0.9910579090143246,0.6761868395318422
SCHW,VNQ,0.2195324702421163,0.8955565471102712,0.6760240768681549
KO,MPC,0.07946506167670543,0.7548969262152205,0.6754318645385151
BX,NTR,0.14866844680426614,0.8239944565687414,0.6753260097644752
SEDG,VZ,0.03393485119590598,0.7091403859594112,0.6752055347635052
JNJ,PG,0.28926244406817125,0.9644200668694464,0.6751576228012751
CTVA,O,0.1277084453270894,0.8026446170085122,0.6749361716814228
ASTS,GOOGL,0.09129094741944178,0.7662029154282867,0.6749119680088449
COST,DVY,0.31210211309285596,0.9868753063726722,0.6747731932798162
TTMI,UAN,0.09069294979582986,0.765442348238262,0.6747493984424321
CVX,VLO,0.2931599076106789,0.9678181419812416,0.6746582343705627
MU,NTR,0.12815634081686889,0.80269668458873,0.6745403437718611
BX,CSCO,0.2207538668859767,0.8951970819065367,0.6744432150205599
PSX,STLD,0.304251402041816,0.9786454674553378,0.6743940654135218
IVZ,PLTR,0.23152087660013987,0.9058591923357441,0.6743383157356042
REGN,USMV,0.30640970488650665,0.980477862772643,0.6740681578861364
DG,SPLV,0.26048186322935535,0.9344237805118608,0.6739419172825054
C,PM,0.1603696019340882,0.8340853064753656,0.6737157045412774
DG,KO,0.1290567173929306,0.802748106312649,0.6736913889197185
ARKK,PSX,0.1155654851617334,0.7889283770585196,0.6733628918967862
O,TDG,0.14363967000195352,0.8168915489379114,0.6732518789359578
NTR,TDG,0.15996130078540757,0.8332088812470728,0.6732475804616652
IVZ,MTSI,0.2054919764791604,0.8787260469969314,0.673234070517771
PG,SO,0.26091958290838746,0.9341184629817835,0.673198880073396
HEI,VNQ,0.2729727362193702,0.9460101531756258,0.6730374169562556
BKSY,XLU,0.11613061818508448,0.7891578762270547,0.6730272580419702
MU,USMV,0.20862095754115398,0.8816254624946434,0.6730045049534894
BX,PLTR,0.27809411490750374,0.951054308396667,0.6729601934891634
ALL,JPM,0.30975956429606766,0.9825989497641546,0.672839385468087
HON,O,0.15071538743509297,0.8232329022238462,0.6725175147887532
BLK,DD,0.2774538353574747,0.949754417739213,0.6723005823817383
BLK,LRCX,0.2191437950962055,0.8913720491445412,0.6722282540483356
NEE,UAN,0.008923575494382068,0.6811493879848054,0.6722258124904233
SYF,WM,0.08423360687310526,0.7564561227729653,0.67222251589986
ABBV,MRK,0.30049927158227485,0.9727157207767627,0.6722164491944879
JNJ,O,0.1405839969596994,0.8125961392007787,0.6720121422410793
IPI,KHC,0.030235187619452816,0.7019131815033041,0.6716779938838513
AFL,PSX,0.2884809034569293,0.9600612287442493,0.67158032528732
BLK,RKLB,0.2427963202873067,0.9142627136297632,0.6714663933424565
BX,MMM,0.27335393126641516,0.9447574285850402,0.671403497318625
REGN,SPLV,0.24929691686252184,0.9206557889075772,0.6713588720450553
BAYRY,PSX,0.1686867539808044,0.8399507228742333,0.671263968893429
BA,O,0.13028544047085905,0.8015471832849064,0.6712617428140473
PLD,XBI,0.26190712732165927,0.9330042027155704,0.6710970753939112
COST,IYR,0.2399494666979659,0.9110270434592462,0.6710775767612803
DVY,MU,0.2514425785697824,0.9222690439155836,0.6708264653458011
ASTS,STLD,0.07800761927446592,0.7487686979955167,0.6707610787210507
STLD,USMV,0.28147186834969523,0.9516137884560616,0.6701419201063663
D,UAN,0.010156007663729592,0.6800278843959169,0.6698718767321873
DD,IYR,0.25709186017364233,0.9269004354978247,0.6698085753241825
O,XBI,0.17654668271100743,0.8463483834516532,0.6698017007406458
TRV,TTMI,0.0932998588377898,0.762991174491955,0.6696913156541652
HON,RTX,0.29069909095944746,0.9603752978967877,0.6696762069373402
HON,XBI,0.29364038156506295,0.9627165270441156,0.6690761454790526
IYR,PG,0.2543778824384322,0.9233748855389959,0.6689970031005638
ASTS,DD,0.08899909434485441,0.7578619817786872,0.6688628874338328
ALL,TTMI,0.09896785697803802,0.7676303373704764,0.6686624803924384
SBUX,XBI,0.2040554716365224,0.872640008014911,0.6685845363783887
AFL,NTR,0.18797851579455344,0.8564439963731018,0.6684654805785484
ASTS,NUE,0.07459580643303179,0.7428761829421936,0.6682803765091618
SPLV,STLD,0.21699544652043,0.8851630850987696,0.6681676385783396
COST,VNQ,0.2694444229635009,0.9373442021982286,0.6678997792347277
BKSY,VZ,0.02814652973793894,0.6960030131415224,0.6678564834035834
BLK,QQQ,0.32308040953301975,0.990911685282983,0.6678312757499633
C,PLD,0.1860643973590483,0.853786548009052,0.6677221506500036
ARKK,CL,-0.08249150495612288,0.5851741349785748,0.6676656399346977
ASTS,CAT,0.07578828646725314,0.7434160117680579,0.6676277253008048
QQQ,TDG,0.327303601918392,0.9945734311951449,0.6672698292767529
IVZ,MRK,0.09885614455943706,0.7658736175103,0.667017472950863
PSX,RTX,0.2935254058746423,0.9604394233565254,0.6669140174818831
BX,SBUX,0.23384865040947483,0.900645534902804,0.6667968844933292
CVX,USMV,0.3012233186703751,0.9679664074866331,0.666743088816258
SPLV,XOM,0.2699687219172838,0.9366274628178072,0.6666587409005233
ABBV,SMG,0.06008791842761902,0.726559427237267,0.6664715088096479
CAT,FANG,0.30443401282981397,0.970748564521222,0.6663145516914081
UAN,VIG,0.12179457564908565,0.7872249781892614,0.6654304025401757
DG,MO,0.10841589359572285,0.7737702490749436,0.6653543554792207
ASTS,IBM,0.05914909384787643,0.7243829362005197,0.6652338423526433
O,RTX,0.16198424021362678,0.8270120479472366,0.6650278077336098
ALL,VNQ,0.29185689661527214,0.9568800788192343,0.6650231822039622
ASTS,O,0.045935321927519944,0.7106013798162423,0.6646660578887224
CTVA,VUG,0.15062391137318934,0.8151774082976908,0.6645534969245015
PG,PM,0.3157816391227405,0.9803218461238767,0.6645402070011363
BAYRY,MPC,0.15969725143314337,0.8239412633070211,0.6642440118738777
TDG,TTMI,0.15109569558742922,0.8152944195326124,0.6641987239451832
RKLB,SHEL,0.007020781664253002,0.6710389946124242,0.6640182129481712
D,MPC,0.06910196026622864,0.7330376320208987,0.66393567175467
TTMI,XOM,0.09739733081025849,0.7612622580423174,0.6638649272320589
LXU,SEDG,0.10644682297025848,0.7703012152269113,0.6638543922566529
IPI,XLU,0.03437571935079771,0.6981611146692146,0.6637853953184168
ABBV,XBI,0.28498956980415563,0.9487114392778462,0.6637218694736906
KMB,SCHW,0.10544015898271004,0.7688511450799617,0.6634109860972516
IVZ,SO,0.054093971820686586,0.7175031551897108,0.6634091833690242
C,LMT,0.12832559462573395,0.791667700751924,0.6633421061261902
HII,KO,0.12367843804305961,0.7869115263961731,0.6632330883531135
SCHW,SPLV,0.2715259138931449,0.9344722359970242,0.6629463221038794
ALL,IYR,0.2747637758834401,0.937703280833564,0.6629395049501239
ARKK,SPLV,0.18582910356335128,0.8487441019142653,0.662914998350914
HII,HON,0.3182003104337975,0.981051820520397,0.6628515100865995
PSX,SPLV,0.22445938688351763,0.8872481246417792,0.6627887377582615
NUE,SPLV,0.2630586552132808,0.9252337706546264,0.6621751154413456
AEP,C,0.13714848180633182,0.799312312391264,0.6621638305849322
NOC,TTMI,0.07530309325830237,0.7373279746761343,0.662024881417832
IBM,LRCX,0.2048136092507247,0.8666583463123866,0.6618447370616619
QQQ,REGN,0.316121709876758,0.9778097819181875,0.6616880720414295
ASTS,DVY,0.07959391589260768,0.7410621459320249,0.6614682300394172
COST,SBUX,0.16872104522605602,0.8300340010017142,0.6613129557756582
GOOGL,TDW,0.04150820075878429,0.7026454380250243,0.6611372372662401
COST,QQQ,0.3339589794695836,0.9949388169271468,0.6609798374575633
O,TRV,0.16277618925424817,0.8234831518632744,0.6607069626090262
AMAT,CRWD,0.2780588892629422,0.9387404925527113,0.6606816032897691
NUE,PSX,0.31394125508903165,0.9745789058210698,0.6606376507320382
IYR,MCD,0.25493984451016355,0.9153957346218694,0.6604558901117059
CW,XBI,0.303630354552725,0.9640209753568694,0.6603906208041443
VLO,XOM,0.29910796001380596,0.9592950960321904,0.6601871360183844
CB,IYR,0.26410686347350765,0.9242509287413194,0.6601440652678118
BLK,PLD,0.26984024737940854,0.9298566479965616,0.6600164006171532
NEE,SYF,-0.022521757190047793,0.6370830917702055,0.6596048489602533
ARKK,GD,0.14021186218818368,0.7996163716881189,0.6594045094999352
AMAT,XBI,0.29793490280077406,0.957173555018582,0.659238652217808
AMD,MPC,0.09543960931827221,0.7543500027619194,0.6589103934436472
KHC,SCHD,0.2932467592363701,0.9519567838516696,0.6587100246152995
DVY,HII,0.33361680363334073,0.9921742493040864,0.6585574456707457
NOC,O,0.128507284129488,0.7868987955560309,0.658391511426543
TDG,TGT,0.07981917910992015,0.738086105960217,0.6582669268502968
C,DUK,0.1403423268602654,0.7983157957491758,0.6579734688889104
ASIX,SEDG,0.1269840912018783,0.7847582380711711,0.6577741468692928
ASTS,BAYRY,0.030913194948529288,0.6886472562184696,0.6577340612699403
BAYRY,GOOGL,0.1643552114099387,0.8220715357047038,0.6577163242947651
ABBV,JNJ,0.3272471417460242,0.9849121851368303,0.6576650433908061
HON,TDG,0.3269594949223013,0.9845310583584441,0.6575715634361428
LRCX,XBI,0.28870815257954546,0.9459451218159767,0.6572369692364313
MTSI,TTMI,0.24352943970529822,0.9004664301848403,0.6569369904795421
AMD,FANG,0.09915667003120937,0.7560924042364955,0.6569357342052862
ABBV,AMD,0.02097484623051998,0.6777850158966515,0.6568101696661316
IYR,MMM,0.2724414326883009,0.9290906270595998,0.6566491943712989
CAG,CPB,0.29057341606955706,0.9469082511992708,0.6563348351297138
RKLB,SCHW,0.17869736447109055,0.8349912584690417,0.6562938939979511
MCD,O,0.15340109517076653,0.8092426267212293,0.6558415315504628
FMC,SCHD,0.2903552578529276,0.9461847671791271,0.6558295093261995
BKSY,DVN,0.0385392286969491,0.6943280978968499,0.6557888691999008
DD,RTX,0.29577006207378437,0.9513463434145101,0.6555762813407258
LMT,NOC,0.3351544146237346,0.9905323074621958,0.6553778928384613
IRDM,SEDG,0.15018524329026758,0.8051971655203143,0.6550119222300467
MMM,VNQ,0.29376531749638585,0.9486947685284944,0.6549294510321086
ABBV,MO,0.1521966926348019,0.8065210930642172,0.6543244004294153
DD,DE,0.29795505495800745,0.9521327496088067,0.6541776946507992
CAT,MPC,0.3265953365362468,0.9807515407309615,0.6541562041947147
HII,RTX,0.33943602127685796,0.9935827927196664,0.6541467714428084
CW,TDG,0.34066568695958405,0.9945574179848103,0.6538917310252264
COST,TTMI,0.12319657603023398,0.7768700408981917,0.6536734648679576
MCD,VNQ,0.2865627276241661,0.9401884053869707,0.6536256777628046
IRDM,VZ,0.06754992710971675,0.7211476041902852,0.6535976770805685
AMAT,NTR,0.1587253033176568,0.8121179921303429,0.6533926888126861
AFL,BX,0.25772634990190135,0.911036844996015,0.6533104950941137
D,SYF,-0.012878572437447599,0.6404028373130082,0.6532814097504558
AMD,SO,0.016984724318189995,0.6696880428189378,0.6527033185007478
NTR,USMV,0.19444928294613287,0.847121427783532,0.6526721448373992
LMT,SCHW,0.10410381627376657,0.7567098159289942,0.6526059996552277
LLY,VUG,0.2938256599693828,0.9464154547340226,0.6525897947646397
DD,PSX,0.319943003282156,0.9723773262912346,0.6524343230090786
CAT,USMV,0.32162647059112703,0.9738245859976365,0.6521981154065095
ASTS,USMV,0.07952946413986725,0.7316644266288252,0.652134962488958
RKLB,TGT,0.0897816140270652,0.7418077130747293,0.6520260990476641
BAYRY,PM,0.16133677272705224,0.813321134164239,0.6519843614371867
ASTS,DG,0.06169197534500021,0.7136672405455565,0.6519752652005563
AFL,IYR,0.27937484684878017,0.931267625323005,0.6518927784742248
TRV,VNQ,0.2999949625715369,0.951512542103943,0.6515175795324061
SEDG,XLU,0.09713316147749575,0.7486456021660987,0.6515124406886029
ALL,CB,0.3330890334491814,0.9845562013293454,0.651467167880164
CAT,NUE,0.30333802984916436,0.9546488748345937,0.6513108449854293
ORCL,SBUX,0.19348279120342898,0.8445319742428989,0.65104918303947
C,SO,0.1425139386459622,0.793386223755525,0.6508722851095629
HII,NTR,0.1973383408217631,0.8481502822333296,0.6508119414115665
RTX,VNQ,0.3002028996287693,0.9507062390784076,0.6505033394496382
IYR,TRV,0.2802535495238193,0.9305119139493345,0.6502583644255152
CTVA,FANG,0.20979395721764646,0.8598993656650952,0.6501054084474487
DD,STLD,0.30008505817643205,0.9501208028206803,0.6500357446442483
MTSI,MU,0.31283221024852365,0.9628364178694556,0.650004207620932
O,PEP,0.16608118975250274,0.8160422490418041,0.6499610592893014
DUK,IVZ,0.08361640593911222,0.7335674328630306,0.6499510269239184
PLD,SBUX,0.18553480848868692,0.8354434164072386,0.6499086079185517
CW,VNQ,0.29593537368364625,0.9458068482243386,0.6498714745406924
PG,VNQ,0.2920368307081422,0.9418186066758667,0.6497817759677245
ABBV,BAYRY,0.17773517884226733,0.8272844815174986,0.6495493026752313
ARKK,HII,0.15458723152695678,0.8040728684195598,0.6494856368926031
PM,VNQ,0.2930670188428193,0.942520450669398,0.6494534318265788
TTMI,VLO,0.13925212448242272,0.7886998857695544,0.6494477612871317
BX,STLD,0.26824963567504023,0.9176844279501422,0.6494347922751019
DUK,SMCI,-0.061796838173758965,0.5874229296837542,0.6492197678575131
DVY,LMT,0.33907127777765633,0.9882474098198959,0.6491761320422396
ABBV,SYF,0.09341782501445053,0.7424970382186067,0.6490792132041562
C,UNH,0.15017967167830706,0.7991495166188141,0.648969844940507
PLD,TTMI,0.15844059149950904,0.8073664079719693,0.6489258164724603
O,SCHW,0.08393682792308459,0.7327046584853095,0.648767830562225
MCD,SYF,0.09603118691716872,0.74471047503024,0.6486792881130713
GD,NTR,0.19548512648417277,0.8439722426323175,0.6484871161481447
HEI,SCHW,0.11852402722581831,0.7669080405697594,0.648384013343941
DOW,IRDM,0.19853508464311023,0.8467384632688303,0.6482033786257201
CRWD,LRCX,0.26954567181132305,0.9176669218334124,0.6481212500220893
JPM,PSX,0.32129214980332155,0.9693766226207248,0.6480844728174032
UNH,VYM,0.33916467926755073,0.9868415861687645,0.6476769069012138
CB,VNQ,0.3002071232582527,0.947594312046272,0.6473871887880193
BAYRY,TDG,0.13909504955337282,0.7864578168232712,0.6473627672698984
CPB,SCHD,0.29537142702480623,0.9426371528436076,0.6472657258188014
AEP,BAYRY,0.10631910087611939,0.7532494007710546,0.6469302998949352
IYR,SCHW,0.21137329330452664,0.8581351586620799,0.6467618653575533
SCHW,VLO,0.12664720993316642,0.7733966735031251,0.6467494635699587
NUE,USMV,0.33067845006101754,0.9774177250780995,0.646739275017082
IVZ,PEP,0.08774601360025287,0.7344525777382014,0.6467065641379485
CAG,SEDG,0.005580873271301075,0.6522265388611621,0.646645665589861
CAT,SPLV,0.2621593254726288,0.9086050433876314,0.6464457179150025
PSX,TGT,0.12172842158368556,0.7680824396133978,0.6463540180297123
CAT,STLD,0.3072732904616884,0.95348458058271,0.6462112901210216
C,NOC,0.1361832731389184,0.7823416785086048,0.6461584053696864
CTVA,XOM,0.25811576416373,0.9041535023297971,0.6460377381660671
BAYRY,LMT,0.09626027950447574,0.7421765727820868,0.645916293277611
MRK,PG,0.2836911240407418,0.9292757147686403,0.6455845907278985
HON,IYR,0.2814782625364046,0.9268861615597601,0.6454078990233555
MTSI,NEE,0.020364903979179904,0.6654849371449184,0.6451200331657385
ABBV,SMCI,0.035806248642218944,0.6808056561860609,0.644999407543842
DUK,PLD,0.278098413412398,0.9230559162113857,0.6449575027989878
HON,NTR,0.1958363902731003,0.8406614121233715,0.6448250218502712
AFL,CB,0.26151908999212153,0.9062706576735203,0.6447515676813989
GOOGL,SBUX,0.2037902471499907,0.8483739390128683,0.6445836918628776
CTVA,RTX,0.24557745231030373,0.8898783043783565,0.6443008520680528
IVZ,RKLB,0.23956152923682272,0.8838547435673055,0.6442932143304828
CTVA,CW,0.22155005855214305,0.8656518900939034,0.6441018315417604
SMG,UAN,0.09511167919557618,0.739131229121151,0.6440195499255749
C,GOOGL,0.19166200306409692,0.835435376644634,0.6437733735805371
MCD,VUG,0.3001104226728307,0.943743464125322,0.6436330414524912
ASTS,HEI,0.09513188131462769,0.7387068477957385,0.6435749664811108
MO,NTR,0.14616046439360592,0.7895984953468445,0.6434380309532386
BX,NUE,0.2963575688665781,0.9397223589423866,0.6433647900758086
AFL,BLK,0.2638365593397874,0.9070598591077534,0.6432232997679661
IVZ,O,0.1286931609631805,0.7717886190683766,0.6430954581051961
HON,QQQ,0.33910172010357226,0.9818204433647981,0.6427187232612259
AEP,IVZ,0.09387288639499262,0.7364883326896636,0.642615446294671
KMB,TTMI,0.04396086404470469,0.6865748783586064,0.6426140143139017
PLTR,TDW,0.051511811829388944,0.694014872743526,0.6425030609141371
REGN,VUG,0.2958079006514688,0.938205788381202,0.6423978877297333
CSCO,CTVA,0.1367394665839614,0.7791095458941171,0.6423700793101557
SCHW,XOM,0.14702765159621453,0.7893671791017353,0.6423395275055207
IPI,SEDG,0.10056149593331151,0.7428273012177035,0.6422658052843919
RKLB,SYF,0.2059812067494212,0.8482110725372792,0.642229865787858
IYR,RTX,0.2821828804315839,0.9241657879031958,0.6419829074716119
BLK,JPM,0.3440580679569797,0.9857403690214793,0.6416823010644996
O,TTMI,0.11644937264917171,0.7580910222801904,0.6416416496310187
PLD,SYF,0.13278143958755192,0.7744195372672142,0.6416380976796623
PLD,SO,0.27872718948983777,0.9203501252448373,0.6416229357549995
PEP,SCHW,0.11475448480248326,0.7563683242159177,0.6416138394134344
BAYRY,COST,0.0909878760796162,0.7325725153426617,0.6415846392630454
AFL,VNQ,0.29834935184618194,0.9398860639656873,0.6415367121195054
DVY,FANG,0.3333620665514354,0.9745969324664062,0.6412348659149708
O,PG,0.15542333946684966,0.7962232875474451,0.6407999480805955
ARKK,O,0.11949688496845762,0.7602251026467799,0.6407282176783222
CAG,SCHD,0.3232463009773448,0.9637219435929714,0.6404756426156266
TGT,WM,0.06945968708642365,0.7098069683744662,0.6403472812880425
ABBV,USMV,0.3448265005548068,0.9851088173048795,0.6402823167500727
BAYRY,SO,0.10859440280586857,0.7488730613970243,0.6402786585911557
AMAT,SPLV,0.17941465774504484,0.8196099719236241,0.6401953141785792
AFL,ALL,0.28079416998091944,0.9209260675971671,0.6401318976162477
HII,IVZ,0.2430646738974297,0.8830842910946608,0.6400196171972311
IYR,KMB,0.27450202116622435,0.914521194139283,0.6400191729730587
DVY,LRCX,0.27760945409825155,0.917600068240562,0.6399906141423104
AMAT,DVY,0.2944821939534025,0.934447592857335,0.6399653989039324
C,MU,0.15966531091773103,0.7995668203376533,0.6399015094199222
IVZ,KMB,0.08543572474038066,0.7253358191431823,0.6399000944028017
ARKK,RTX,0.16479600474494524,0.8046330911478434,0.6398370864028982
O,SBUX,0.12429540133427489,0.7639196833265687,0.6396242819922938
MPC,NEE,0.04682383550989041,0.6863578710017515,0.639534035491861
HII,SPLV,0.29022135690041706,0.929615039596692,0.639393682696275
NTR,UAN,0.24646017673366483,0.8858486308602876,0.6393884541266228
JNJ,LLY,0.34823242240861413,0.9875950329058512,0.639362610497237
CSCO,JPM,0.24400485615344206,0.8828717819077457,0.6388669257543037
COST,VYM,0.34992247485672456,0.9886887291580724,0.6387662543013478
BX,CW,0.2969410319260237,0.9356775112421853,0.6387364793161616
ARKK,TGT,0.16266534957653847,0.800964435767782,0.6382990861912435
DG,SYF,0.0731744122245675,0.7113968640218162,0.6382224517972488
BAYRY,DUK,0.1059892752316564,0.7440093600897236,0.6380200848580673
REGN,SCHW,0.15209355585015413,0.7900151997759742,0.6379216439258201
HII,VYM,0.35580426948261995,0.9936781194935416,0.6378738500109216
MMM,NTR,0.19222019922485606,0.8300512286498962,0.6378310294250402
NTR,RTX,0.22146616017620105,0.8591694759519628,0.6377033157757618
C,LRCX,0.15614362966591058,0.7938383546714751,0.6376947250055646
RTX,TDG,0.35139650965744146,0.9890354980126284,0.637638988355187
GOOGL,MO,0.033837853842039155,0.6713930210384247,0.6375551671963855
CRWD,SHEL,-0.006704048008764344,0.6307358292705089,0.6374398772792732
DE,SPLV,0.28197973380679686,0.9194124401188966,0.6374327063120997
MRK,SCHW,0.13429232442967562,0.7716901377114835,0.6373978132818079
TTMI,VNQ,0.20051722981884262,0.8374426925438121,0.6369254627249694
CTVA,XBI,0.18838272701396133,0.8245352584993788,0.6361525314854175
DVY,MCD,0.35294695200450504,0.9889616650137825,0.6360147130092775
MCD,SBUX,0.19922848639853613,0.8350788100479374,0.6358503236494013
C,MPC,0.31582977756712005,0.9515939828209533,0.6357642052538333
IPI,IRDM,0.11582300800809568,0.7513771373810822,0.6355541293729866
IYR,PEP,0.28124939857599396,0.9166889180608666,0.6354395194848727
AMD,HII,0.06632416874839443,0.7015312465367121,0.6352070777883176
TDG,VYM,0.35552628998822455,0.9907132368119678,0.6351869468237432
IYR,WM,0.28367560358125016,0.9188004479142852,0.6351248443330351
CPB,PFE,0.19641712399841962,0.8314050772082422,0.6349879532098226
C,CW,0.16876027339215616,0.8037324592950171,0.634972185902861
PLD,SCHW,0.1488929062502665,0.7838018937922048,0.6349089875419383
BX,DD,0.29241188613220326,0.9272372248996351,0.6348253387674319
O,WM,0.14422555838062165,0.77904485153852,0.6348192931578983
CTVA,GD,0.247754416414251,0.8822481174958686,0.6344937010816176
DOW,LXU,0.24921940403160425,0.8836580930409101,0.6344386890093059
BA,NTR,0.19380191297030994,0.8282394118484612,0.6344374988781513
STLD,TTMI,0.19343971486229444,0.8277462502721923,0.6343065354098978
LLY,USMV,0.3349517199325613,0.9691627093109277,0.6342109893783665
NOC,SYF,0.10132312632442905,0.7354338698160637,0.6341107434916347
DVY,NOC,0.35318363588784163,0.9871561092084098,0.6339724733205682
CPB,SEDG,0.0009326918106354251,0.6347169228672375,0.6337842310566021
PEP,PG,0.32790699861536377,0.9615906936867239,0.6336836950713601
CW,IYR,0.28726904626784733,0.9208321771759762,0.6335631309081289
IVZ,LLY,0.08973308789363597,0.7232596945171895,0.6335266066235535
ORCL,USMV,0.3431460196691898,0.9765840731034656,0.6334380534342758
ASTS,CTVA,0.029455241995411465,0.6625898123286962,0.6331345703332847
PG,SCHW,0.14300741198265798,0.7757381649973804,0.6327307530147224
BLK,SBUX,0.22331246499963994,0.855898319914288,0.632585854914648
ARKK,IBM,0.17964782417549177,0.8118677336999192,0.6322199095244274
JPM,NTR,0.20393165261933352,0.8360721823033674,0.6321405296840339
ASTS,PLD,0.11705373848849028,0.7491443828997862,0.6320906444112959
NOC,SCHW,0.13861244524680838,0.770611200076097,0.6319987548292886
NEE,NTR,0.06372785358574308,0.6956950349065119,0.6319671813207688
COST,SYF,0.1021404823941905,0.7340576789619877,0.6319171965677972
DD,HON,0.31658592518835554,0.9483634880113797,0.6317775628230242
ASTS,VYM,0.11082686675699023,0.7425752686587124,0.6317484019017221
REGN,SYF,0.09319778514157147,0.7246383279448223,0.6314405428032508
FANG,VYM,0.3404928502746246,0.9718550853888999,0.6313622351142752
ABBV,D,0.14357906405160775,0.7747587966076975,0.6311797325560897
ASTS,SBUX,0.08094415844181008,0.7120377568961074,0.6310935984542974
HEI,TDG,0.3616976797611337,0.9925624127259277,0.6308647329647941
FANG,VLO,0.3470090212254048,0.9775993287375598,0.6305903075121551
NOC,VYM,0.359277399216386,0.989824507760638,0.630547108544252
GD,TTMI,0.13725143595747452,0.767491650328236,0.6302402143707615
ARKK,CTVA,0.18660687904481446,0.8167221582613258,0.6301152792165113
GOOGL,SPLV,0.22156266566015753,0.8515928421391175,0.63003017647896
BKSY,PFE,0.045461231798097655,0.6754043050058074,0.6299430732077097
FANG,IVZ,0.2479437388120058,0.8777089188681046,0.6297651800560988
ABBV,TDW,0.027903392227227927,0.6575820899193132,0.6296786976920853
GOOGL,VYM,0.3179593268213389,0.9475073533247795,0.6295480265034407
IVZ,LMT,0.09895419848662905,0.728475703399534,0.629521504912905
RTX,TTMI,0.15218623131802403,0.7816881231609647,0.6295018918429407
CRWD,NEE,0.00039937325711620215,0.6298583950157789,0.6294590217586626
AEP,VYM,0.35560708319528805,0.9850139093554418,0.6294068261601538
IVZ,SBUX,0.14909693231879312,0.7784793307382374,0.6293823984194442
LMT,VYM,0.3604652208722403,0.9896335239250375,0.6291683030527971
HII,NEE,0.04680772698833239,0.6757782004239862,0.6289704734356538
KMB,VYM,0.34574010465920496,0.9746957771117468,0.6289556724525418
CTVA,JPM,0.2538426862073547,0.8827482163851368,0.6289055301777822
FANG,SMG,0.1024281379320739,0.7313336401264211,0.6289055021943472
VUG,WM,0.2892771128113294,0.9178085091178575,0.6285313963065281
C,MRK,0.1814355581481323,0.8099663913569458,0.6285308332088135
BX,GOOGL,0.2590481694879934,0.8875559383516582,0.6285077688636649
AFL,C,0.2081123058546663,0.8365501599203058,0.6284378540656395
SO,VYM,0.33664770205255495,0.9647558912975407,0.6281081892449858
BX,D,0.10640363764478024,0.7343107561775414,0.6279071185327612
C,CVX,0.19225008717171227,0.8200280824660172,0.627777995294305
ABBV,VYM,0.36246060486005394,0.9902316113062662,0.6277710064462123
C,VNQ,0.2527024197259839,0.880342163861624,0.62763974413564
TDG,TDW,0.03322884888925612,0.6608054472649562,0.6275765983757
MO,SYF,0.10400011425019978,0.7314557307286633,0.6274556164784635
TDW,USMV,0.06097595018999098,0.6882045083242042,0.6272285581342132
LLY,SPLV,0.27179276110865386,0.8990178411515959,0.627225080042942
AEP,SMCI,-0.03707962555036678,0.58987169823346,0.6269513237838268
D,DG,0.1430907186718779,0.7700135783516352,0.6269228596797574
KMB,PG,0.3371618840273534,0.9639053915073587,0.6267435074800052
IYR,SBUX,0.270379413931235,0.896810846416629,0.626431432485394
DUK,VYM,0.35866516699228357,0.984782698516837,0.6261175315245534
AEP,PLD,0.30250150310807794,0.9284165563555924,0.6259150532475144
CPB,XLU,0.295315313056271,0.9209491049598809,0.6256337919036099
DD,NUE,0.3177926527457175,0.9431734760012109,0.6253808232554934
BAYRY,HEI,0.12440565128215646,0.7496813738008506,0.6252757225186942
DVN,KHC,0.07437856362597446,0.6995592562641324,0.6251806926381579
CVX,SPLV,0.2851056494569402,0.9102365837633917,0.6251309343064515
GIS,ICL,0.01912402463970675,0.644229113927613,0.6251050892879062
PLTR,XLF,0.20209413965826034,0.8270042626023983,0.6249101229441381
ASTS,MMM,0.09313870066545007,0.7180284733450409,0.6248897726795909
TDG,USMV,0.3552907946765988,0.9800364976993632,0.6247457030227643
AMAT,IBM,0.2686991614104534,0.8933648443158216,0.6246656829053683
ARKK,SBUX,0.23681211328518578,0.8612798945284442,0.6244677812432584
ALL,BAYRY,0.12420175401464105,0.7486271625809595,0.6244254085663185
IVZ,PM,0.16642196528918146,0.7901406090971588,0.6237186438079774
DE,VUG,0.3233838950791032,0.9469073790360207,0.6235234839569175
CRWD,MTSI,0.33220429027865017,0.9556006186088885,0.6233963283302383
DVY,JNJ,0.3643658364095759,0.9877437448549679,0.6233779084453919
BX,CAT,0.31583872321638357,0.93910358891656,0.6232648657001765
VNQ,XBI,0.31326749064058795,0.9364328967529236,0.6231654061123357
BAYRY,CTVA,0.14986204355432847,0.7729926531179334,0.6231306095636049
BKSY,IRDM,0.2138555961457057,0.8369271856155412,0.6230715894698355
ASTS,VNQ,0.12637208667657698,0.7494023569629454,0.6230302702863685
SBUX,VNQ,0.290516859486454,0.9134846754254197,0.6229678159389657
BAYRY,PEP,0.12383669695440262,0.7464823044943406,0.622645607539938
BAYRY,VLO,0.1391843428879842,0.7616910115701658,0.6225066686821816
BAYRY,NTR,0.171194114016822,0.79367736867081,0.622483254653988
CTVA,VLO,0.24767070327003032,0.8698953920367961,0.6222246887667657
C,PEP,0.1753212714704605,0.7974418282986934,0.6221205568282329
BA,RTX,0.33205323529919895,0.9540488323444818,0.6219955970452828
ASTS,CW,0.12325094960728032,0.7451205372618146,0.6218695876545343
CW,NTR,0.22515726306958048,0.8466328476677127,0.6214755845981322
LMT,SYF,0.11420880538907315,0.7355142909585091,0.6213054855694359
C,PSX,0.3394339841597029,0.960701092205345,0.6212671080456422
SCHW,TDG,0.22616932398173833,0.8469866382395965,0.6208173142578581
ICL,VZ,0.05942558820678513,0.680189381020555,0.6207637928137699
CW,O,0.20043138061024615,0.8208856149403677,0.6204542343301216
BLK,O,0.19080663020510039,0.8111626146622208,0.6203559844571205
IVZ,WM,0.10909168345102808,0.7288187457290896,0.6197270622780615
MU,SBUX,0.13904479346986104,0.758685472143151,0.61964067867329
AFL,TTMI,0.10609938368799264,0.725658321109571,0.6195589374215783
DD,USMV,0.34615537221870346,0.9656935119560189,0.6195381397373154
KMB,VNQ,0.3055050604490898,0.9247507186465803,0.6192456581974906
O,QQQ,0.19460059589594508,0.8135764673392664,0.6189758714433213
LRCX,SPLV,0.18453142962768376,0.8034256540577556,0.6188942244300718
CTVA,MPC,0.24484750526433588,0.8636781605225932,0.6188306552582573
C,GD,0.1772534844971495,0.7958224611616135,0.618568976664464
SPLV,TDW,0.03945043607946799,0.6579057849088986,0.6184553488294307
MO,XBI,0.051819479744828444,0.6702646430918701,0.6184451633470416
AEP,AMD,0.036290140551437554,0.6544903578940534,0.6182002173426159
IYR,PM,0.3038881522451916,0.9220461546867891,0.6181580024415975
PM,VYM,0.3680714054652078,0.9861209387962035,0.6180495333309958
C,KMB,0.15733921791017597,0.775352987783444,0.618013769873268
AMD,CB,0.0471464488510799,0.664513986412852,0.6173675375617721
HPQ,SEDG,0.14418504848335115,0.7613108425345229,0.6171257940511717
SCHW,USMV,0.32170639798843653,0.9388168276900153,0.6171104297015788
BLK,XBI,0.33790267643640115,0.9549916452138376,0.6170889687774365
FANG,FITB,0.25699703406120783,0.8740330483820801,0.6170360143208722
MPC,SMCI,0.07299477813445496,0.6898880806463664,0.6168933025119114
NEE,PSX,0.049463535215890406,0.6663246520288493,0.6168611168129589
IVZ,UNH,0.12539705813188623,0.7420776467956232,0.616680588663737
SPLV,TGT,0.27012493126237497,0.8864779687360248,0.6163530374736499
D,PSX,0.08556004802041857,0.701801552854476,0.6162415048340574
ARKK,COST,0.17530255004927855,0.7914140939310892,0.6161115438818107
BA,SCHW,0.19210185227544377,0.808107338320265,0.6160054860448213
STLD,VUG,0.3467542161161986,0.9626308246949961,0.6158766085787974
MU,ORCL,0.2427998190583912,0.8585789016141516,0.6157790825557604
BAYRY,LRCX,0.14007469660960242,0.7557115200273159,0.6156368234177134
ORCL,SYF,0.14546580415117427,0.7610912608598015,0.6156254567086272
DVY,KMB,0.358962429320837,0.9743979962634156,0.6154355669425786
DG,TDW,-0.0006422254136785435,0.6145043693473331,0.6151465947610116
MCD,VYM,0.37504257419946674,0.9901444933312308,0.615101919131764
FANG,SCHW,0.2665872687192779,0.8816858501901597,0.6150985814708818
ICL,SEDG,0.12800483696032197,0.7430498367115692,0.6150449997512473
SCHW,UNH,0.15395716602948897,0.7689489315776025,0.6149917655481135
C,IYR,0.25407545493587375,0.8690016131828732,0.6149261582469994
BLK,IYR,0.31186689570720494,0.9266793668012409,0.6148124710940359
MRK,VYM,0.35688990588146985,0.9714324987440878,0.6145425928626179
NTR,TTMI,0.14987199723681777,0.7643986253161619,0.6145266280793441
VNQ,WM,0.31263549226570586,0.927127467523855,0.6144919752581491
IYR,SYF,0.1959643180605411,0.8101851839905364,0.6142208659299953
DOW,SEDG,0.18863551531156741,0.8027619715795579,0.6141264562679905
CVX,SCHW,0.14530169507720767,0.7594169755484449,0.6141152804712372
D,SMCI,-0.04944753862349892,0.5646638964964075,0.6141114351199064
LRCX,MU,0.34247070756574755,0.9563526759564975,0.6138819683907499
SMCI,SPLV,0.06945876517127078,0.6828520135696001,0.6133932483983293
ASTS,IYR,0.12729935525406982,0.7406379864004822,0.6133386311464124
MU,TTMI,0.2593650880752287,0.872649543642382,0.6132844555671533
CW,HII,0.38017925771087124,0.9932260107565365,0.6130467530456652
DVY,PM,0.3735976280602433,0.9865668202683321,0.6129691922080888
BAYRY,WM,0.08476157145806805,0.6977280765155716,0.6129665050575035
DD,TTMI,0.2043540554283497,0.8173081075786099,0.6129540521502602
BKSY,FMC,0.08562846879102184,0.6984177521443233,0.6127892833533015
CTVA,IVZ,0.2656547968428751,0.878407635909626,0.6127528390667509
CAT,DD,0.34165256735730365,0.9543359549651076,0.6126833876078039
BKSY,SEDG,0.1847126469546175,0.7972670639470878,0.6125544169924703
BLK,NTR,0.21108323371542714,0.8236322602781939,0.6125490265627668
C,NUE,0.21459088782789987,0.8270647759555905,0.6124738881276905
RKLB,XBI,0.3290123302382223,0.9414550430788662,0.6124427128406439
PLTR,VIG,0.27004969593233596,0.8824870095541248,0.6124373136217889
ABBV,SPLV,0.32670200967821283,0.9389870997124437,0.6122850900342308
BAYRY,MU,0.13557065420332937,0.7478132988357801,0.6122426446324507
D,GOOGL,0.03144890955725068,0.6436370328531036,0.6121881232958529
ASTS,ORCL,0.11632052349709979,0.7281945485676039,0.6118740250705041
IVZ,MCD,0.11973153548660538,0.7315515054247239,0.6118199699381185
MPC,SMG,0.10390267902918095,0.7156385057282185,0.6117358266990376
ASIX,HMC,0.14416096707287407,0.7556592085327305,0.6114982414598564
DVY,PG,0.37579158713258426,0.987288072257782,0.6114964851251978
IVZ,NOC,0.11809860888685637,0.7295100187915308,0.6114114099046744
FMC,HMC,0.10313302638071523,0.7144839811441454,0.6113509547634302
BAYRY,LLY,0.1305011759165009,0.7417711748918739,0.611269998975373
C,PG,0.17783870118049996,0.7889896141581225,0.6111509129776226
PEP,VNQ,0.33067301122577397,0.941794652152261,0.611121640926487
GOOGL,SCHW,0.18457878125153326,0.7953694475704048,0.6107906663188716
HII,LMT,0.38436225397286183,0.9950803404623284,0.6107180864894666
ASTS,SCHW,0.0900642909608573,0.7007648701105456,0.6107005791496882
SMCI,SO,-0.042201751697352394,0.5684320229673827,0.6106337746647351
BA,DVY,0.36791031414428926,0.9784237246997385,0.6105134105554493
LRCX,TDW,0.055840375922175334,0.666173330973799,0.6103329550516237
MPC,SCHW,0.2826560237063788,0.8929143190232365,0.6102582953168576
BAYRY,UNH,0.1308772826978618,0.7410376624186522,0.6101603797207904
CTVA,NVDA,0.057376092347884815,0.667003626064481,0.6096275337165963
GD,VUG,0.3344246147310799,0.9440196817993003,0.6095950670682204
NOC,USMV,0.3753045097645427,0.9847631005236184,0.6094585907590757
BEN,KHC,0.12359365240714197,0.7330038763786275,0.6094102239714856
C,COST,0.18272429664123027,0.7920950858615711,0.6093707892203408
IVZ,JNJ,0.12567311608938336,0.7350268678965722,0.6093537518071889
AFL,VUG,0.30073541336581044,0.910013872011953,0.6092784586461426
REGN,TGT,0.07552862315659678,0.6846974248306665,0.6091688016740697
MU,TDW,0.04602196737283513,0.6551584934485848,0.6091365260757496
AMD,UAN,0.047544389996909485,0.6564194347964105,0.608875044799501
ASTS,MTSI,0.1651672870235148,0.7739868559117212,0.6088195688882064
ASTS,BA,0.12005347196446445,0.7288000296882753,0.6087465577238108
BX,HON,0.32662165228749707,0.9353085131339505,0.6086868608464534
BAYRY,PG,0.12930970171053174,0.7378786462141553,0.6085689445036235
ARKK,SCHW,0.23794338847800375,0.8465059358449242,0.6085625473669204
LMT,USMV,0.3698381886298867,0.9783160098961756,0.6084778212662889
TDW,UAN,0.13241606026152444,0.7405895805648769,0.6081735203033525
HEI,USMV,0.3694499164828822,0.9774266629873968,0.6079767465045145
CTVA,MU,0.10477798718152383,0.7126041068407346,0.6078261196592107
DVY,PEP,0.38018423972094256,0.9878032541917618,0.6076190144708193
DVY,HEI,0.3802763191796011,0.9878386548465782,0.607562335666977
GOOGL,IVZ,0.1864990582932467,0.7939530804011987,0.6074540221079521
ARKK,REGN,0.19511850100039055,0.8025142433021206,0.6073957423017301
SPLV,TDG,0.3101134898108421,0.9174302998701365,0.6073168100592944
TDW,VNQ,0.08901598286967045,0.6963049183226012,0.6072889354529307
CSCO,TDW,0.04944218265415378,0.6566441725701022,0.6072019899159484
DD,SPLV,0.30597389489559396,0.913119370539311,0.6071454756437171
C,LLY,0.1822318441787049,0.7893626833072733,0.6071308391285685
FANG,MPC,0.3693719044618841,0.9761132889861963,0.6067413845243121
MMM,SCHW,0.18460202525827352,0.7912189015435979,0.6066168762853243
CTVA,CVX,0.24888287162709927,0.8553920289223075,0.6065091572952082
D,REGN,0.03094229545183482,0.6372989792463724,0.6063566837945376
CTVA,MO,0.10928418317164608,0.7154834672202451,0.606199284048599
BAYRY,IBM,0.1493523581804878,0.7555199223012504,0.6061675641207627
JPM,USMV,0.3783823286418787,0.9845482017454437,0.606165873103565
C,ORCL,0.18410617802641757,0.7902318002160214,0.6061256221896038
DE,TTMI,0.1741711671119944,0.7801806693712435,0.6060095022592491
TTMI,WM,0.09444300647632758,0.7002821379707695,0.605839131494442
HON,VNQ,0.3384516039108846,0.9442765023808026,0.605824898469918
REGN,TTMI,0.15021539047100604,0.7559668094842525,0.6057514190132465
ASTS,KO,-0.04650415252457956,0.559204178052102,0.6057083305766815
ARKK,NUE,0.21689085919205173,0.8225727782866274,0.6056819190945757
FANG,SMCI,0.07688877503849052,0.6824988136426301,0.6056100386041395
AMD,GOOGL,0.19174993860317724,0.797331239717516,0.6055813011143387
DG,SMCI,0.030409357614638078,0.6357248547905225,0.6053154971758845
AMAT,CTVA,0.13527362409428131,0.7403414494137617,0.6050678253194803
BX,O,0.20280437283254169,0.8078673715910648,0.6050629987585231
KO,XBI,0.06731585004247094,0.6720484801808796,0.6047326301384086
LLY,SCHW,0.14123322928106086,0.7456142372591112,0.6043810079780504
SYF,UNH,0.1450581417569355,0.749172589154128,0.6041144473971924
MU,PLTR,0.2036339897200532,0.8077219163825724,0.6040879266625192
C,XOM,0.21126604477547542,0.8152960505306277,0.6040300057551523
ARKK,DE,0.19392649483443317,0.797761281633469,0.6038347867990359
PLTR,SYF,0.20079007179951733,0.804368883210463,0.6035788114109456
IVZ,VLO,0.1648942195181741,0.7684418324762085,0.6035476129580344
AMD,RKLB,0.2657312022972702,0.8692776806973455,0.6035464784000752
HPQ,PFE,0.1801562952320655,0.7835887240747398,0.6034324288426742
BAYRY,CB,0.15066730427486993,0.7540745217208606,0.6034072174459907
PLD,TDW,0.07721384446769773,0.6803714060282026,0.6031575615605048
MRK,USMV,0.37039951440804125,0.9734078575403781,0.6030083431323368
DG,SMG,0.13768582060140286,0.7404485778306316,0.6027627572292287
BAYRY,REGN,0.12407015945511585,0.7266992650321563,0.6026291055770405
O,VUG,0.26562786003344774,0.8680608965026092,0.6024330364691615
JNJ,SCHW,0.15753379550905128,0.7598285644010168,0.6022947688919655
ORCL,VYM,0.37478243204560513,0.9770212104778843,0.6022387784322791
SO,TDW,0.03587304726636486,0.6381094117534105,0.6022363644870457
CTVA,DD,0.2586522337157278,0.860792430554597,0.6021401968388691
DOW,ICL,0.2512299015721408,0.8532912871176004,0.6020613855454595
BLK,CTVA,0.27205398623970156,0.8739920958845003,0.6019381096447988
IBM,USMV,0.3816269457407787,0.9835137552741685,0.6018868095333898
DVY,VLO,0.37732526094024194,0.979081460379641,0.6017561994393992
IYR,TDW,0.08766346844486131,0.6891523383964604,0.6014888699515991
IYR,QQQ,0.313729035153974,0.9150986751774316,0.6013696400234576
CTVA,LRCX,0.12778655979300096,0.7290719672903796,0.6012854074973786
KO,WM,0.07445186135460415,0.6754777762065726,0.6010259148519684
AMAT,BAYRY,0.1530624570232436,0.7539071231946142,0.6008446661713706
BAYRY,O,0.12513329939284296,0.7259736647845264,0.6008403653916834
HII,SMG,0.12817577427085397,0.7290096551893391,0.6008338809184852
DD,MMM,0.35052936344540714,0.9512632919967806,0.6007339285513735
KO,PSX,0.1079660199305565,0.7085075978096732,0.6005415778791167
O,TDW,0.0406706017496924,0.6410278673449945,0.6003572655953021
MKC,NKE,0.10657823932815971,0.7068745651549274,0.6002963258267677
IBM,SPLV,0.33265802352120527,0.9329464864294508,0.6002884629082454
AMAT,C,0.2034076564174964,0.8035276568301192,0.6001200004126228
DVY,WM,0.3789794865986286,0.9790556617297976,0.600076175131169
BX,KO,0.13723377785930307,0.7372403325310867,0.6000065546717837
CTVA,SMCI,0.06081692596766486,0.6608227345791409,0.600005808611476
JPM,QQQ,0.3821588505599342,0.9819359954517375,0.5997771448918032
MMM,TTMI,0.1743162280605565,0.7740139189984808,0.5996976909379244
BKSY,HPQ,0.16656991583504702,0.7661692218922231,0.5995993060571762
MTSI,SMG,0.12832108967955727,0.7278947096698857,0.5995736199903284
NUE,VUG,0.3570164204970178,0.9565387735936591,0.5995223530966414
ASTS,TDW,0.05162934164025745,0.6511325275805935,0.599503185940336
TDW,WM,0.01950425892265624,0.6189570765819788,0.5994528176593226
DVY,XBI,0.361885977451418,0.9612554761963633,0.5993694987449454
BAYRY,STLD,0.17105624075510598,0.7697612884632439,0.5987050477081379
SBUX,TGT,0.14620102425828416,0.7447898726840884,0.5985888484258042
HII,NOC,0.39631441709315063,0.9945630273743674,0.5982486102812168
C,NTR,0.2723340192684035,0.870500225060905,0.5981662057925015
TTMI,XBI,0.26211200355669734,0.8601400032990779,0.5980279997423805
SPLV,XBI,0.28736111219549576,0.885247542976997,0.5978864307815013
AMD,DUK,0.044262241185986304,0.6421452166118331,0.5978829754258468
BAYRY,NOC,0.1266388234658973,0.7245073210711779,0.5978684976052806
BX,MU,0.2574475478941736,0.8551311710263654,0.5976836231321918
CSCO,DVY,0.34389462106256363,0.9415083554014477,0.5976137343388841
BAYRY,MCD,0.13613942042467006,0.7337208148145585,0.5975813943898884
GD,SCHW,0.17357044659113793,0.7709722436672959,0.5974017970761579
IYR,XBI,0.3172538199186764,0.9145651232101987,0.5973113032915223
CAT,PSX,0.3723917913717812,0.969677075111719,0.5972852837399378
ASTS,BLK,0.13165433714231334,0.7287841595016737,0.5971298223593604
ASTS,BX,0.139637547878507,0.7367065580615559,0.5970690101830489
SYF,VNQ,0.1951526241581447,0.7921229694150769,0.5969703452569322
AMD,DG,0.025756626415792214,0.6226866485046579,0.5969300220888657
ARKK,MMM,0.2173088110817391,0.8141237869897561,0.596814975908017
C,DD,0.24493593255386983,0.8417178528444331,0.5967819202905633
RKLB,VUG,0.3516001551684404,0.9483227541000105,0.5967225989315701
ALL,SMCI,0.014015463979477153,0.6107143230310563,0.5966988590515792
BAYRY,VNQ,0.21954176456344282,0.8161997530929592,0.5966579885295165
NTR,TGT,0.12971610808167303,0.7262293376386122,0.5965132295569392
HEI,SPLV,0.31915404034119305,0.9156647416412834,0.5965107013000903
TDW,XBI,0.12238216464594841,0.7187859909020635,0.5964038262561151
BKSY,SCHD,0.21380102643015125,0.8100363957099715,0.5962353692798203
C,DE,0.21158865523139972,0.8077203312069173,0.5961316759755176
TGT,VLO,0.058522092935916876,0.6546009376987302,0.5960788447628133
BX,RKLB,0.30473310350882493,0.9008078894081373,0.5960747858993123
SYF,UAN,0.15072572030478681,0.74666429611296,0.5959385758081732
NUE,TTMI,0.1911903117807942,0.7868914144675928,0.5957011026867987
ARKK,SHEL,0.08709893809434321,0.6826614991483005,0.5955625610539573
HEI,VYM,0.39336230483193685,0.9888021032020344,0.5954397983700976
COST,IVZ,0.13204925227715328,0.7273992773609564,0.5953500250838032
C,STLD,0.24673052640229862,0.8419620467474882,0.5952315203451896
CW,SCHW,0.16648572844506862,0.761636151662894,0.5951504232178254
IBM,VUG,0.34576914492537647,0.9408898881702173,0.5951207432448409
C,TDG,0.2275471965314836,0.8226231616855492,0.5950759651540656
AEP,TDW,0.01962968773085532,0.6141827440583213,0.594553056327466
BX,XBI,0.32349979878833984,0.91803832777666,0.59453852898832
ASTS,LRCX,0.1664575696488734,0.7609162823095255,0.5944587126606521
PM,USMV,0.3771744865851025,0.9713773058879692,0.5942028193028668
QQQ,TDW,0.06132498547962705,0.655367985640594,0.5940430001609669
MCD,SCHW,0.16533741943633132,0.7593174909552297,0.5939800715188984
FITB,HII,0.24209937733204695,0.8360612504873555,0.5939618731553085
D,TDG,0.08724635458855708,0.6810666629319063,0.5938203083433492
IPI,VZ,0.06603013691882766,0.6597954022655379,0.5937652653467103
KMB,O,0.1846499903698482,0.7784120942219571,0.5937621038521089
PM,SMCI,0.006228552313307186,0.5999634549553926,0.5937349026420854
CSCO,MU,0.2998708776329187,0.8935558833464616,0.593685005713543
CTVA,SMG,0.20241776491707428,0.7960365750129349,0.5936188100958606
BX,JPM,0.35736394617841793,0.9507329144274613,0.5933689682490434
BAYRY,BX,0.20265178427191918,0.795867605013429,0.5932158207415098
C,MCD,0.20029339550265796,0.7934929374001756,0.5931995418975176
ARKK,NEE,0.09579498764135477,0.6887915140317525,0.5929965263903978
PG,VYM,0.396695240001013,0.9896711845473201,0.592975944546307
BAYRY,CW,0.1611044289744672,0.75384485397175,0.5927404249972829
D,NTR,0.07325028226654341,0.6654112468162966,0.5921609645497532
BA,C,0.21412508895439977,0.8060881233083864,0.5919630343539867
SMCI,UAN,0.05408025990085843,0.6458445628632944,0.591764302962436
GOOGL,PLTR,0.2672005950780261,0.8587703459263685,0.5915697508483424
D,VUG,0.13428514097852476,0.7258283526803084,0.5915432117017837
BA,TTMI,0.14329784034163687,0.7348132182537834,0.5915153779121466
NUE,SCHW,0.20737437047650986,0.798520683211042,0.5911463127345321
CTVA,NUE,0.27812182020713194,0.8691656145281674,0.5910437943210355
D,TSLA,-0.022027544453266552,0.5689741060232234,0.59100165047649
CB,SCHW,0.19366673199808868,0.7845147675163943,0.5908480355183056
IVZ,MPC,0.28560883983246826,0.876429495933417,0.5908206561009488
ASIX,GIS,0.03666386348169304,0.6274397120863141,0.5907758486046211
KO,SYF,0.03332769590929118,0.6240649952747825,0.5907372993654914
ALL,SCHW,0.2194152640625384,0.8097939304512696,0.5903786663887312
FMC,GIS,0.11626145862092607,0.7066042951024727,0.5903428364815466
ASTS,CRWD,0.13632317373151634,0.726628704757173,0.5903055310256566
AMAT,USMV,0.30984318817654305,0.9001120321170447,0.5902688439405017
BAYRY,NUE,0.16930038124986577,0.7595169565008121,0.5902165752509463
DVY,IBM,0.3950866409306006,0.9852765128469863,0.5901898719163856
RKLB,SMG,0.13159304800849173,0.721776901543667,0.5901838535351753
MTSI,PLTR,0.3088832055438624,0.898996421699098,0.5901132161552356
SCHD,XLU,0.3959379972317261,0.9859031007591947,0.5899651035274687
BAYRY,JNJ,0.16883083628530532,0.7580121371844457,0.5891813008991404
BAYRY,XOM,0.17974333329596826,0.7688727404026389,0.5891294071066706
BAYRY,XBI,0.23768776072690323,0.8266323782065212,0.588944617479618
IBM,QQQ,0.39005341884859085,0.9787099469863949,0.588656528137804
BX,SPLV,0.3560838705018974,0.9447105761501833,0.5886267056482859
D,ORCL,0.04615143417143615,0.6346053259392229,0.5884538917677867
MU,VYM,0.33289778065180914,0.9211595829922284,0.5882618023404194
IVZ,REGN,0.15153018235886323,0.7397894559448895,0.5882592735860264
SBUX,SCHW,0.2106804825503483,0.7984788195110714,0.587798336960723
SBUX,SPLV,0.3617089613144298,0.9494056774949364,0.5876967161805067
PSX,SMG,0.1146033327393939,0.7022584010717116,0.5876550683323176
BAYRY,MRK,0.17756998927119805,0.765192206089562,0.5876222168183639
BAYRY,GD,0.1586258059174611,0.746073544451979,0.5874477385345179
UNH,USMV,0.391143699399513,0.9785552643329332,0.5874115649334202
MTSI,SYF,0.15627738968155275,0.7434407614960715,0.5871633718145188
ALL,IVZ,0.18073297847838732,0.7677784996187328,0.5870455211403455
O,PM,0.2540116412636377,0.8410173711338562,0.5870057298702185
IVZ,XOM,0.19251629330677134,0.7793940129721508,0.5868777196653795
CAG,HMC,0.07529761639035124,0.6621107274865016,0.5868131110961503
DD,NTR,0.28365587732399344,0.8704138921496639,0.5867580148256705
SBUX,SYF,0.19671642877289094,0.7833983450005071,0.5866819162276161
LRCX,ORCL,0.26072694885250647,0.8473548116365522,0.5866278627840458
PEP,TDW,0.02589082540715613,0.6124077308107322,0.586516905403576
AMD,O,0.07875757521733313,0.6647858367064923,0.5860282614891591
AFL,IVZ,0.2256943695296119,0.8117035785739007,0.5860092090442889
JPM,SPLV,0.34347413756373174,0.9290435137497761,0.5855693761860443
TDG,VUG,0.3588529929421282,0.9442861220089463,0.5854331290668182
JNJ,MRK,0.3613293640532799,0.9466997221651512,0.5853703581118712
LRCX,SBUX,0.17876135952990102,0.7640277198496178,0.5852663603197168
LRCX,MO,0.04213670727053366,0.6272022077986056,0.5850655005280719
ALL,AMD,0.06421800563393391,0.6492727462721276,0.5850547406381937
BX,TGT,0.20395868027939731,0.7889718954460371,0.5850132151666397
CAT,CTVA,0.27726844180155824,0.862178410863373,0.5849099690618147
COST,TDW,0.021623534085068757,0.606511462976195,0.5848879288911262
BAYRY,SYF,0.12160226692724783,0.7064869004958269,0.584884633568579
KO,SBUX,0.13233924998400426,0.7171820891822169,0.5848428391982127
IPI,PFE,0.02126063191807873,0.6059180785815027,0.584657446663424
BAYRY,DE,0.16944111458091554,0.7537765951642412,0.5843354805833256
PEP,VYM,0.4046015241326073,0.98871637980566,0.5841148556730527
HMC,ICL,0.10644726759579444,0.6903154608268643,0.5838681932310699
BLK,VNQ,0.36383738857076003,0.9476577160371414,0.5838203274663814
MRK,TDW,0.045860073352176484,0.6293215568724482,0.5834614835202717
IBM,TTMI,0.17126614990706307,0.7546076817017119,0.5833415317946489
ASTS,IVZ,0.15231020225885356,0.7352696492857533,0.5829594470268997
AMAT,SBUX,0.19950687618260574,0.7822959832649979,0.5827891070823922
BA,VYM,0.3977087774667486,0.9804874347029047,0.5827786572361561
CTVA,PSX,0.2375582594365605,0.8202015640114475,0.582643304574887
CSCO,TTMI,0.2477457468561079,0.8301339065015577,0.5823881596454499
MMM,VUG,0.3691081552729366,0.9512772684198205,0.5821691131468839
TDW,VUG,0.12211624376502743,0.7042713952650982,0.5821551515000708
C,CTVA,0.27434930269059116,0.8564485312010298,0.5820992285104387
ABBV,KO,0.208984188497085,0.7910264732238149,0.5820422847267299
HEI,IVZ,0.16530748505353968,0.7464497621249152,0.5811422770713756
FITB,SPLV,0.30086276103665477,0.8819611317626526,0.5810983707259978
AMAT,MTSI,0.3847196292060934,0.9657479445445796,0.5810283153384861
NEE,RKLB,0.08732779952053948,0.6683027904103682,0.5809749908898287
CSCO,IBM,0.2900431953755107,0.8708946560923363,0.5808514607168256
NTR,SCHW,0.22787851590393302,0.8086843239380014,0.5808058080340683
DUK,TDW,0.03856875238280693,0.6192362415130341,0.5806674891302273
RTX,VUG,0.3691025006750551,0.9497221566512953,0.5806196559762402
HII,TDW,0.10322147501597721,0.6836733536597893,0.5804518786438121
NTR,SMCI,0.06418241179745766,0.644524860923612,0.5803424491261544
PEP,SMCI,0.01486458573734319,0.5951763335641738,0.5803117478268306
C,HON,0.2422722376491835,0.8225200094838296,0.5802477718346462
VYM,WM,0.3982739308700354,0.9784208119416978,0.5801468810716625
AMD,VLO,0.08538325845318927,0.6654329739923848,0.5800497155391955
SMCI,TRV,0.03036559480814362,0.6103682417979052,0.5800026469897616
ASTS,TTMI,0.15258867196770987,0.732557926364163,0.5799692543964531
HII,SMCI,0.09244944762112574,0.672211517584829,0.5797620699637033
KO,REGN,0.07316443835233527,0.6528088368986672,0.579644398546332
NOC,SMCI,0.017351797611759843,0.5968189155702677,0.5794671179585078
AMD,NTR,0.08296930491696292,0.6624165895889967,0.5794472846720338
ASTS,MU,0.16120861308079706,0.7402173243249505,0.5790087112441534
BAYRY,KMB,0.13241135716864125,0.7114131418458308,0.5790017846771895
AFL,BAYRY,0.15949565187456738,0.7384398549131898,0.5789442030386224
C,SPLV,0.324372877622295,0.9031540676148322,0.5787811899925372
DOW,IPI,0.28734861944707296,0.8660187770059296,0.5786701575588566
AMAT,TDW,0.08096018679038819,0.6593478245031478,0.5783876377127596
COST,SCHW,0.17988721753168452,0.7581884770724185,0.578301259540734
CSCO,SBUX,0.22531753742525382,0.8034455303231116,0.5781279928978578
SMCI,UNH,0.03178946715747727,0.6096386714749562,0.577849204317479
IBM,SCHW,0.2230265208634295,0.8007829185737566,0.577756397710327
DG,SHEL,0.03303678660121723,0.6107857927553366,0.5777490061541194
BX,PLD,0.32515820463958955,0.9028957203390162,0.5777375156994267
IVZ,TDG,0.20599123167033367,0.7836627913022669,0.5776715596319333
FANG,VIG,0.22631953144785746,0.8039180477037331,0.5775985162558757
C,CB,0.24833417098599833,0.8259158736831517,0.5775817026971534
MRK,SMG,0.06269935244892083,0.6402418364707855,0.5775424840218646
DD,SCHW,0.20755959056209114,0.785042738061588,0.5774831474994968
ALL,TDW,0.06922571019240624,0.6464275722645721,0.577201862072166
BA,BAYRY,0.16765345397717493,0.7448033089762082,0.5771498549990333
HON,TTMI,0.2119105010982972,0.7889500642552486,0.5770395631569514
ARKK,DD,0.22873218016615854,0.8053234370963601,0.5765912569302016
ALL,TRV,0.41121029318471314,0.987641361610543,0.5764310684258298
ASIX,SCHD,0.39742365653986056,0.973822940290299,0.5763992837504385
AMD,UNH,0.05909508281034664,0.635443287218762,0.5763482044084154
BA,SYF,0.22832064918481224,0.8044835107562791,0.5761628615714669
JNJ,SMCI,0.012489960764176512,0.5881567779263875,0.575666817162211
C,SBUX,0.20806478867872955,0.7836219094843488,0.5755571208056193
SPLV,UNH,0.3422500134978279,0.9177657095659048,0.5755156960680768
C,JNJ,0.22247131395087252,0.7978166629010626,0.5753453489501901
AFL,SMCI,0.05241683045660495,0.6277595595329629,0.575342729076358
ALL,TGT,0.1266159877481728,0.7015689366337041,0.5749529488855314
MCD,SMCI,0.020813802877052083,0.5952047843426881,0.574390981465636
SMG,SPLV,0.2362965944743958,0.8106760954819714,0.5743795010075756
GOOGL,SYF,0.1434805417906011,0.7178352575529778,0.5743547157623767
ASTS,D,-0.009729016962426729,0.5645586949896059,0.5742877119520327
CAG,IPI,0.03908108325027166,0.6129004058919719,0.5738193226417002
AMD,HEI,0.07491784239926341,0.6483703714169543,0.5734525290176908
ASTS,FITB,0.10112687020707306,0.6745615999202169,0.5734347297131439
TGT,USMV,0.2925853049040713,0.8659640553656776,0.5733787504616062
C,USMV,0.3695756510819793,0.9429113394314742,0.5733356883494949
ORCL,SCHW,0.22377107523006634,0.7969052244508793,0.573134149220813
REGN,TDW,0.03476223426516242,0.6076813523490066,0.5729191180838441
QQQ,RKLB,0.36081680775868935,0.9336302467109937,0.5728134389523043
C,MMM,0.23963565955420685,0.8122520880840589,0.5726164285298521
BAYRY,PLD,0.1817781219501712,0.7543495778623188,0.5725714559121476
C,IBM,0.22747965153251007,0.7999729570341686,0.5724933055016586
D,SCHW,0.07108533720466813,0.6433382344915597,0.5722528972868915
TGT,XBI,0.15025523284640085,0.7221950287563049,0.5719397959099041
AMD,PLD,0.13915325774044074,0.7110396256414382,0.5718863679009974
ARKK,NTR,0.16726626241973663,0.7390642520269435,0.5717979896072068
PLTR,SMG,0.16367477255586874,0.7354646999275426,0.5717899273716739
MCD,TDW,0.0312062510219649,0.6026159801719011,0.5714097291499362
AMD,MRK,0.06994816547684009,0.6409194499718981,0.570971284495058
MRK,SPLV,0.35775504782508666,0.9286383486025461,0.5708833007774594
GOOGL,USMV,0.3519760660145469,0.9228393475927075,0.5708632815781606
IYR,TTMI,0.1826354874531142,0.7534355421730872,0.570800054719973
SPLV,SYF,0.2189221824680951,0.7897200087940638,0.5707978263259686
D,XBI,0.08132118517832006,0.6520508044297584,0.5707296192514383
MTSI,QQQ,0.40953390633054904,0.9800617771750592,0.5705278708445101
CPB,IPI,-0.0008998960063633909,0.5696176494131694,0.5705175454195328
D,SBUX,0.08833088429220966,0.6586725765122594,0.5703416922200497
CB,TDW,0.08776857707985927,0.6578677939034159,0.5700992168235566
DVY,MPC,0.41658602938651973,0.986552005352761,0.5699659759662412
CW,USMV,0.40548091079456283,0.9753603532165638,0.569879442422001
AMD,STLD,0.1588702697574547,0.728396622588096,0.5695263528306413
DD,VUG,0.3890695451846615,0.9585675774213874,0.5694980322367259
BAYRY,RTX,0.20350515814125322,0.7729359619910529,0.5694308038497996
CRWD,SMCI,0.17927792867546763,0.7485073286005072,0.5692293999250395
LRCX,MTSI,0.39220202331560067,0.961372597741683,0.5691705744260824
MTSI,VUG,0.39402128534118297,0.9631811761615836,0.5691598908204006
BAYRY,CSCO,0.1452687827196781,0.7143889110768421,0.569120128357164
PSX,SCHW,0.29718682702467125,0.8662088116216708,0.5690219845969996
CL,CRWD,-0.09776811906553265,0.4710310441604131,0.5687991632259457
CB,TGT,0.11505298558095732,0.6838489837638049,0.5687959981828475
PSX,SMCI,0.11385761211237432,0.6825447167840842,0.5686871046717099
LLY,TDW,0.028277178319164355,0.5963603238068841,0.5680831454877198
AMAT,ASTS,0.17403249646618935,0.7419361076805288,0.5679036112143394
DVY,SBUX,0.3468862768164849,0.9147695435794495,0.5678832667629646
BAYRY,MMM,0.18445824176496123,0.7521323284793971,0.5676740867144359
CW,SPLV,0.3451957484253576,0.9128361552903113,0.5676404068649537
BAYRY,TRV,0.17458299523252038,0.7422214575129955,0.5676384622804751
HEI,TTMI,0.2180811477701514,0.7854796734317313,0.5673985256615799
CSCO,SYF,0.19785266626127204,0.7651202984200796,0.5672676321588075
VLO,VYM,0.41079305644637204,0.9780383977686804,0.5672453413223084
RKLB,VIG,0.27130317628728773,0.8385259386675517,0.5672227623802639
AMD,CVX,0.10682744656503233,0.6736229066909232,0.5667954601258909
LRCX,USMV,0.31427318526665066,0.8808066737637724,0.5665334884971218
DE,DVY,0.42381334346930477,0.9903064435191687,0.566493100049864
SMG,XOM,0.08171156485696549,0.6481890194918833,0.5664774546349178
CVX,SMCI,0.052138447977977516,0.6182020470563079,0.5660635990783304
KMB,SMCI,0.016853703503695316,0.5828099965016205,0.5659562929979252
SCHW,TRV,0.22423567404630457,0.7900749889637391,0.5658393149174346
MPC,VYM,0.4193257476104991,0.9850263720477314,0.5657006244372322
HPQ,SCHD,0.39047750902766337,0.9561014889215126,0.5656239798938492
HEI,VUG,0.3875244416475836,0.9531397818469964,0.5656153401994128
TTMI,USMV,0.2242681952568219,0.7898407182537415,0.5655725229969195
TGT,UNH,0.09154940995714146,0.6569522696565704,0.5654028596994289
IVZ,ORCL,0.19074267361177819,0.7559802955651777,0.5652376219533994
ASIX,IPI,0.2747325524970987,0.8399351695934759,0.5652026170963772
SCHW,STLD,0.2065939825137677,0.7715364307494045,0.5649424482356368
AMD,PEP,0.08169513615131757,0.6466079729662697,0.5649128368149521
SBUX,SMCI,0.08470995028202752,0.6496102726098123,0.5649003223277848
KHC,VZ,0.20952339373831266,0.7742979787793051,0.5647745850409924
GOOGL,TGT,0.11267614695715632,0.6771670587672681,0.5644909118101118
AFL,TGT,0.14318954156126887,0.7074887444340883,0.5642992028728194
ARKK,STLD,0.22643640482842864,0.7905527882573026,0.5641163834288739
MO,MU,0.06384613646985204,0.6277367724671649,0.5638906359973128
BX,SCHW,0.32877670568615086,0.8925230550146349,0.563746349328484
CTVA,VIG,0.31565289898753135,0.8792428361346982,0.5635899371471669
ARKK,FITB,0.2587244800099725,0.8221273052749257,0.5634028252649532
BA,IVZ,0.21310320664674684,0.7764929018591793,0.5633896952124324
BA,VUG,0.3730462875991936,0.9363749774237725,0.5633286898245788
AMD,TTMI,0.23261325606000502,0.7958991834857271,0.563285927425722
C,RTX,0.25542057604746154,0.8187046150850081,0.5632840390375466
CRWD,SMG,0.13173090947255636,0.6946228957272027,0.5628919862546463
BAYRY,SBUX,0.12547866296947743,0.688111969087401,0.5626333061179236
C,XBI,0.28665222410631447,0.8491897568968171,0.5625375327905027
DVN,SEDG,0.12633742276731974,0.6886361550726815,0.5622987323053618
IVZ,PLD,0.23127977766251792,0.7934482465565342,0.5621684688940163
MO,TDG,0.08310607851857031,0.6450829954909384,0.5619769169723681
HEI,TDW,0.04925788271429382,0.6111857797408807,0.5619278970265869
PLTR,XBI,0.33895323983977427,0.9007506068339228,0.5617973669941485
ARKK,BAYRY,0.15726765065949302,0.7188945116040315,0.5616268609445385
AMAT,ORCL,0.3141738628951851,0.8757549756508455,0.5615811127556604
BAYRY,ORCL,0.13392712354986086,0.6951507392529688,0.5612236157031079
CTVA,DE,0.3160337970780164,0.8772360222388274,0.561202225160811
PG,SMCI,0.04221535003855077,0.6033906131557222,0.5611752631171714
DUK,TSLA,-0.061493675117275756,0.4996787801765091,0.5611724552937848
AMD,TDG,0.13053352916483366,0.6915895884641088,0.5610560592992752
IVZ,PSX,0.3072129594465875,0.8681288970864063,0.5609159376398187
DOW,HPQ,0.2829388567437449,0.8433868270646357,0.5604479703208909
AMAT,BX,0.30999990978097075,0.8704094085690481,0.5604094987880774
BLK,TTMI,0.20318979346977845,0.7635933219935589,0.5604035285237805
AFL,SCHW,0.24233664290827567,0.8026690104815629,0.5603323675732872
BAYRY,CVX,0.18867804396454382,0.7489766143763587,0.5602985704118149
ASTS,RKLB,0.2761616455552047,0.8364081906405884,0.5602465450853836
AMAT,TTMI,0.301090686678194,0.8612940283995854,0.5602033417213914
D,WM,0.08795730231310346,0.6479580170674756,0.5600007147543721
BX,TTMI,0.21613950160508413,0.7761394502183391,0.559999948613255
SBUX,TDW,0.03251953525929561,0.5924905350582789,0.5599709997989832
AMAT,MU,0.40975605972589657,0.969700182222767,0.5599441224968704
D,NUE,0.08739684359544546,0.646735102888232,0.5593382592927866
ARKK,JPM,0.2562095684587098,0.8147862581360203,0.5585766896773106
CB,SMCI,0.0376031804681891,0.5960899307647867,0.5584867502965976
CAT,TTMI,0.2369240771600928,0.7953977228009136,0.5584736456408208
PFE,SEDG,0.09479780112517973,0.6532409335763631,0.5584431324511834
ARKK,HEI,0.24847487722844927,0.8067851706429701,0.5583102934145208
DVN,XLU,0.10927114002357469,0.667384043682991,0.5581129036594163
C,TRV,0.25220922433800336,0.8103146492935285,0.5581054249555251
HEI,TGT,0.09833675062979307,0.6561550911205266,0.5578183404907335
ASTS,VIG,0.13955073185952588,0.6970237758790343,0.5574730440195084
D,STLD,0.057472256049850304,0.6148709183010878,0.5573986622512375
FITB,O,0.12457860183869085,0.6818953222732054,0.5573167204345145
TDW,TTMI,0.07722717462678319,0.6344875759027749,0.5572604012759917
O,SO,0.27326392665315213,0.830523942284653,0.5572600156315008
TDW,UNH,0.04532628886866776,0.6024878196110022,0.5571615307423344
ARKK,PLD,0.24278942577281393,0.7999182767475606,0.5571288509747466
SMCI,XOM,0.06103157023080909,0.6179616055437658,0.5569300353129567
CB,TRV,0.43191362322257715,0.9886562450788732,0.5567426218562961
IVZ,NTR,0.2793027578958131,0.835874607425244,0.556571849529431
DE,SCHW,0.2154067927887919,0.7718519159064522,0.5564451231176603
ARKK,ORCL,0.2742775081622948,0.830703788242508,0.5564262800802132
CAT,DE,0.43653625540176216,0.9928932362894693,0.5563569808877071
SMCI,SYF,0.09665212932693211,0.6528169911626652,0.5561648618357331
D,QQQ,0.05963390106161413,0.6157400065077976,0.5561061054461834
AMAT,SYF,0.20366387971304178,0.7597298438280479,0.5560659641150061
CL,FANG,-0.04413544761334836,0.5116890121613347,0.555824459774683
PM,SMG,0.10222530355885226,0.6580364871973758,0.5558111836385236
KHC,MSFT,0.014405633394495992,0.5701916835707781,0.5557860501762821
BX,VNQ,0.3780458048975538,0.933785765750113,0.5557399608525592
IVZ,VNQ,0.32492806912411637,0.8805217052817288,0.5555936361576124
CRWD,VIG,0.24367673115120045,0.7990405731335628,0.5553638419823623
IYR,TGT,0.22312169911353585,0.7784455558338899,0.555323856720354
D,HEI,0.054787400253484435,0.6100634713742338,0.5552760711207494
CW,D,0.04856710695471676,0.603835114021889,0.5552680070671723
MCHP,RKLB,0.2105956734066784,0.7657658042356112,0.5551701308289329
ORCL,TDW,0.047972288626717936,0.6028729611428516,0.5549006725161336
SMG,WM,0.05263405663233571,0.6074192287357091,0.5547851721033734
CPB,HMC,0.0902483474981494,0.64491386766319,0.5546655201650407
CTVA,SHEL,0.21640866569891137,0.7709386805617686,0.5545300148628572
KO,TDG,0.15552167582885978,0.7099500802717891,0.5544284044429293
PLD,VUG,0.390188097387006,0.9444815749750248,0.5542934775880188
RKLB,SMCI,0.18996562034349015,0.7442239368563648,0.5542583165128746
MRK,SMCI,0.04547748413729755,0.5996436353688488,0.5541661512315512
FITB,USMV,0.3250468876205494,0.8791129308481355,0.5540660432275861
SBUX,USMV,0.40861879351669306,0.9624747439942317,0.5538559504775387
CVX,IVZ,0.19743419186238223,0.7512719347017457,0.5538377428393635
LXU,VZ,0.03768877717329021,0.5912393137104796,0.5535505365371893
AMD,LLY,0.09378485694707303,0.6472331372304889,0.5534482802834159
PG,TDW,0.02348863312262793,0.5769044545098639,0.553415821387236
NTR,TDW,0.22937810955395554,0.782758505398828,0.5533803958448724
D,IVZ,0.10633850396570961,0.659715798715541,0.5533772947498313
MO,VLO,0.06548661422372218,0.6185664005682441,0.5530797863445219
FANG,SYF,0.22575412379251283,0.7787252986436433,0.5529711748511305
LLY,MRK,0.39067674068335706,0.9435252827741478,0.5528485420907907
KMB,TSLA,-0.019789006882714927,0.5328615756086986,0.5526505824914135
SCHD,SEDG,0.20458909539479864,0.7571404796525177,0.5525513842577191
O,SMCI,0.04518136969825269,0.5977219915010835,0.5525406218028308
BAYRY,CAT,0.20318013186104958,0.7556767403971248,0.5524966085360753
C,CSCO,0.2586474824721252,0.8111296877713425,0.5524822052992173
BX,USMV,0.4297766509451282,0.9820676921312135,0.5522910411860853
BAYRY,DD,0.23373670452578946,0.785821044864272,0.5520843403384825
AMD,JNJ,0.09421754332349781,0.6460899629768295,0.5518724196533317
JNJ,TDW,0.05284120101243606,0.6044808852118968,0.5516396841994607
ABBV,NEE,0.13141698828643927,0.6829158163670621,0.5514988280806228
RTX,USMV,0.4278556347427495,0.9792299908215828,0.5513743560788333
DUK,O,0.27192786575921807,0.8232861887074082,0.5513583229481902
LMT,SMCI,0.03855016649844037,0.5898422126445413,0.551292046146101
MMM,USMV,0.43091459000276555,0.9821940318124246,0.551279441809659
HMC,PFE,0.1174991728970815,0.6687377765831924,0.551238603686111
MTSI,SHEL,0.0754046661819017,0.6261726889551852,0.5507680227732835
SMCI,VLO,0.06730926831505053,0.6180707588605369,0.5507614905454863
USMV,XBI,0.39607935136998507,0.9467293293112432,0.5506499779412581
DE,VYM,0.44092288062897206,0.9915367239738438,0.5506138433448717
CSCO,VUG,0.41072344926916404,0.9612436572280085,0.5505202079588445
AMD,CW,0.09622297752089573,0.6463541671369212,0.5501311896160255
AMD,MTSI,0.25818278645107895,0.8081924011877819,0.550009614736703
DG,NEE,0.11471402010435292,0.6646870003245348,0.5499729802201818
CAG,KHC,0.3824726733728163,0.9322441347551531,0.5497714613823368
BA,D,0.10116468790381014,0.6508202844547052,0.549655596550895
HEI,SYF,0.21720231344067212,0.7666912879397958,0.5494889744991237
AFL,D,0.10931402554868791,0.6585982004895594,0.5492841749408715
CL,UAN,-0.005429420596368908,0.5433264593224796,0.5487558799188484
KO,VLO,0.06088361457659237,0.6095065355159637,0.5486229209393713
NVDA,SPLV,0.08983978895235385,0.6383124337770723,0.5484726448247184
FITB,MPC,0.3097351178519352,0.8581966015368622,0.548461483684927
LMT,SMG,0.06094954178583271,0.6093635904700532,0.5484140486842205
AMD,VNQ,0.17636080910420004,0.7246102134673139,0.5482494043631139
SPLV,TTMI,0.1604391993932315,0.7084276436396901,0.5479884442464587
CSCO,SPLV,0.316489734211092,0.8640491991087954,0.5475594648977034
ARKK,TDG,0.2578541073630348,0.8052974305942988,0.547443323231264
VYM,XBI,0.41312005989493616,0.9605484786476883,0.5474284187527522
AMD,WM,0.04025689301867892,0.587594497935468,0.5473376049167891
BAYRY,USMV,0.2822597922036964,0.8290121750812812,0.5467523828775849
NTR,VIG,0.2718121820928771,0.8185324177929684,0.5467202357000913
AMD,SYF,0.11379632497069098,0.6602903099544125,0.5464939849837216
ABBV,TSLA,0.03570648635055705,0.5821900825533596,0.5464835962028025
SMG,SO,0.060832956271652444,0.6070965153598067,0.5462635590881543
DUK,SMG,0.06548397478566786,0.6116256884137651,0.5461417136280973
D,UNH,0.08311537226263274,0.6292414561463967,0.5461260838837639
FANG,PSX,0.4282915239903816,0.9743908008090677,0.5460992768186861
MO,STLD,0.09006941709834554,0.6361335070419936,0.546064089943648
LMT,TDW,0.059978733265656295,0.6058642451728011,0.5458855119071448
CAT,SCHW,0.22410356107249046,0.7699413198503128,0.5458377587778223
CSCO,LRCX,0.34839883706709585,0.8939917830426302,0.5455929459755343
AFL,TDW,0.08516250140361027,0.6307065229208958,0.5455440215172855
GD,HII,0.451228018281277,0.9966958540199065,0.5454678357386294
SMG,VLO,0.08574916120665001,0.6311902819069491,0.5454411207002992
CRWD,RF,0.0380378029753604,0.5834539795125131,0.5454161765371527
STLD,TGT,0.12583995505723372,0.6712148750318573,0.5453749199746236
BAYRY,JPM,0.20421001701693786,0.7493763312080683,0.5451663141911305
NOC,TGT,0.11796721045582438,0.6628835822704614,0.544916371814637
AMD,XBI,0.24195284189970945,0.7868424448380598,0.5448896029383503
SMCI,USMV,0.15544228017844192,0.7003223428277104,0.5448800626492685
TGT,VNQ,0.24198149716892112,0.7866582859201586,0.5446767887512375
AMD,TRV,0.0827477745391121,0.6272151401447279,0.5444673656056158
PLTR,RF,0.1684689222809409,0.7128798515916731,0.5444109293107322
BX,LRCX,0.30497157701039324,0.8490884070888918,0.5441168300784985
INTC,TTMI,0.22335398094676925,0.7673585517105089,0.5440045707637396
SMCI,WM,0.048920067200439406,0.5928620520755035,0.5439419848750641
SBUX,SMG,0.1218258311531646,0.6655432141423852,0.5437173829892206
RTX,SCHW,0.25623888532450834,0.7998392397915016,0.5436003544669933
ABBV,SHEL,0.11426224643978647,0.6577123133197736,0.5434500668799872
CB,IVZ,0.20813770710317453,0.7515804300536492,0.5434427229504746
ORCL,TGT,0.15173762235998176,0.6949018968941733,0.5431642745341915
MO,REGN,0.04405856715860863,0.5871496021384988,0.5430910349798901
DVY,STLD,0.41903697611841567,0.9617876371964168,0.5427506610780011
FITB,NTR,0.2780050621944937,0.8205764890997052,0.5425714269052114
CSCO,IVZ,0.2173969251107893,0.7596710767189178,0.5422741516081284
LRCX,TTMI,0.328954541832562,0.8710419615061261,0.5420874196735641
BAYRY,HON,0.21145347620033278,0.7533645237939646,0.5419110475936317
ORCL,TTMI,0.20890404129775023,0.7506245411071786,0.5417204998094284
QQQ,VNQ,0.3990485042061277,0.9407621982552277,0.5417136940491
MO,VAL,0.06783403794315719,0.6094777715925579,0.5416437336494007
JNJ,VYM,0.447634275805988,0.989261226679936,0.541626950873948
IBM,VYM,0.44710086293172263,0.9886564664130769,0.5415556034813542
GOOGL,SMG,0.09892290522306169,0.6403863366542023,0.5414634314311406
BAYRY,TTMI,0.15810710697257738,0.6994970343128103,0.541389927340233
IVZ,IYR,0.304825756533133,0.846205958656731,0.541380202123598
BAYRY,IYR,0.2173186623933407,0.7585926484407862,0.5412739860474456
BLK,MO,0.06869670824500501,0.6099607761460911,0.541264067901086
SYF,TDG,0.21240152162151543,0.7536591205037176,0.5412575988822022
PLD,TGT,0.1560244870769077,0.6972375788421177,0.54121309176521
KMB,TDW,0.037787363350398076,0.5787343175243255,0.5409469541739274
CAT,VUG,0.4125582289522161,0.9533156219937731,0.540757393041557
JPM,TTMI,0.23615010474378154,0.7768749284750108,0.5407248237312293
CVX,SMG,0.07577992046662649,0.6162403511709496,0.540460430704323
JPM,VUG,0.41159447219517964,0.952003282836509,0.5404088106413294
ALL,USMV,0.44271835229519674,0.9830232119295804,0.5403048596343837
FANG,NTR,0.3284070744401696,0.868391436169372,0.5399843617292024
SHEL,WM,0.008023333624033251,0.5479209861626002,0.5398976525385669
DUK,IYR,0.37497268073115203,0.9148272446311075,0.5398545638999555
KMB,USMV,0.4423623023382632,0.9814230265400277,0.5390607242017644
TGT,XOM,0.12787289736830365,0.6669120358672008,0.5390391384988972
COST,VUG,0.40431543879640003,0.9432543896166349,0.5389389508202349
FMC,SEDG,0.14263303984196826,0.6814275210037056,0.5387944811617373
KMB,TGT,0.1692717630324227,0.7079194440205007,0.538647680988078
ASTS,TGT,0.11923007929097403,0.6576795075670402,0.5384494282760661
D,VLO,0.08319075522323735,0.6215932816753741,0.5384025264521367
ARKK,BA,0.30795403661576,0.8462444506609356,0.5382904140451756
IVZ,SPLV,0.3710873077554301,0.9093409198351109,0.5382536120796808
GD,IVZ,0.20484342456399893,0.7426208174808028,0.5377773929168038
ARKK,CSCO,0.25031922524357053,0.7879841335151357,0.5376649082715652
AMD,COST,0.10573653064554547,0.6433327154180155,0.5375961847724701
AFL,AMD,0.06410783018356718,0.6016987834755956,0.5375909532920284
MPC,SYF,0.25363026914071246,0.7908098473071741,0.5371795781664617
IVZ,TRV,0.2213677442582328,0.7584962267285243,0.5371284824702915
PFE,SCHD,0.39298664276565654,0.9300812928128335,0.5370946500471769
IBM,SMG,0.08781742718442567,0.6248402291798939,0.5370228019954683
CTVA,FITB,0.3233888413042579,0.8603126229821292,0.5369237816778714
MCHP,UAN,0.0780847110415562,0.6150034078633764,0.5369186968218201
AMD,SPCX,0.06629563996929948,0.6030479457617601,0.5367523057924607
C,TDW,0.11324804487969656,0.6499067358738344,0.5366586909941379
BAYRY,SPLV,0.27200636632840586,0.8084373623454418,0.5364309960170359
DE,NTR,0.3137338537771716,0.8501385122292942,0.5364046584521225
BAYRY,BLK,0.19874859168788697,0.735016714729179,0.536268123041292
MU,SYF,0.18574380703042567,0.7218071668442374,0.5360633598138117
C,CAT,0.27014239554047015,0.8059980369090394,0.5358556413685692
CTVA,STLD,0.2898479040962503,0.825531577558533,0.5356836734622827
ASTS,VUG,0.21808172378700916,0.7531759037085863,0.5350941799215772
KO,STLD,0.08036242915136614,0.6154487071980377,0.5350862780466715
ARKK,DVY,0.28523944843412025,0.8199827175388602,0.53474326910474
DUK,TGT,0.11433990057966925,0.6489792788264778,0.5346393782468085
TTMI,VUG,0.346854220799599,0.8814232530416648,0.5345690322420658
AEP,TSLA,-0.037292005654188574,0.4971467285163472,0.5344387341705358
CW,TTMI,0.25678485048031946,0.7909184624421437,0.5341336119618243
JNJ,SMG,0.07548898462991858,0.6094970839921826,0.534008099362264
REGN,SMCI,0.06976031223172259,0.6037645334173397,0.5340042211856171
BX,IYR,0.39004487189692194,0.9239378960776419,0.5338930241807199
ASTS,PLTR,0.17737940423754942,0.7112715394813331,0.5338921352437838
GOOGL,KO,0.11708971602549223,0.6507869928437136,0.5336972768182213
ARKK,TDW,0.06405540009236262,0.597607868340406,0.5335524682480434
HON,SCHW,0.24390493768173038,0.777417489840904,0.5335125521591736
NUE,TGT,0.1662978560759845,0.6995593602418296,0.5332615041658452
ARKK,IYR,0.31331385597573047,0.8465382986815154,0.533224442705785
BKSY,XLE,0.04568135287878727,0.5788424710871877,0.5331611182084004
LMT,SPLV,0.38543770585864207,0.9185170097130073,0.5330793038543653
INTC,PM,0.044332264491539534,0.5773203161838744,0.5329880516923349
AMAT,VYM,0.4003244138578823,0.9329898571268377,0.5326654432689554
ALL,C,0.30318878641891644,0.835601685191749,0.5324128987728326
CSCO,USMV,0.39782194329940956,0.9302175814146226,0.5323956381152131
CW,TGT,0.11181035020425736,0.6439567247523301,0.5321463745480728
DVY,GD,0.4584043646044431,0.9902120050073198,0.5318076404028766
TDW,TRV,0.07557467403369796,0.6071804155269751,0.5316057414932771
SYF,VLO,0.23897272870189432,0.7704338622350804,0.531461133533186
DG,VIG,0.24832680100929247,0.7794856505250917,0.5311588495157992
DVN,PFE,0.04162784755550156,0.5727813119722655,0.5311534644167639
CW,MO,0.07490034548166957,0.60582738898973,0.5309270435080604
DVY,NUE,0.4454073026394816,0.9763164803000752,0.5309091776605936
REGN,SMG,0.07410038855626151,0.604964569872709,0.5308641813164474
KMB,SMG,0.09533011947526099,0.6261783010614568,0.5308481815861958
BX,TDW,0.12269000567345723,0.6534663723439097,0.5307763666704525
FITB,PSX,0.3333910048491628,0.8641253424877233,0.5307343376385605
NOC,SPLV,0.3999514458804995,0.9304661079658558,0.5305146620853562
ARKK,HON,0.27108747394862126,0.8013413354407375,0.5302538614921162
BEN,HMC,0.13162847027268945,0.661837634528129,0.5302091642554396
HMC,LXU,0.04143637132334555,0.571511605730893,0.5300752344075474
AMAT,MO,0.10217875377124779,0.6321791554847258,0.5300004017134781
AMD,HON,0.145194130840807,0.6751019181044805,0.5299077872636735
SYF,VUG,0.28162687333433084,0.8113145353366598,0.529687662002329
HEI,MO,0.07623075351328593,0.6057966969400905,0.5295659434268046
SBUX,TTMI,0.15673816718205166,0.6862469203430699,0.5295087531610182
HII,SYF,0.21024296813657822,0.7392893049649338,0.5290463368283556
AMD,CSCO,0.23848247608812492,0.7675097422320255,0.5290272661439006
IBM,IVZ,0.23441473731314091,0.7632074807991682,0.5287927434860273
HMC,XLU,0.1560072850200067,0.6847722786829742,0.5287649936629675
NTR,VLO,0.344142293645962,0.8728105848574171,0.5286682912114551
SHEL,SPLV,0.21563815903108938,0.7441991697160567,0.5285610106849673
ARKK,CAT,0.26602678062308865,0.7945132622923772,0.5284864816692885
PG,SMG,0.09977102332765304,0.6280129354976164,0.5282419121699633
NEE,WM,0.07934047546224914,0.6075300305037594,0.5281895550415103
GIS,NKE,0.12525652941940305,0.6533375492426622,0.5280810198232592
LRCX,SYF,0.21128132013418285,0.7392034100277897,0.5279220898936068
INTC,VAL,0.08908030164523693,0.6168770249602549,0.5277967233150179
DVY,TTMI,0.2947047518417986,0.8224514090076253,0.5277466571658267
AMAT,PLTR,0.2953220485194442,0.8229707920901547,0.5276487435707105
CRWD,PLTR,0.3912030154277809,0.9187131396252445,0.5275101241974636
SPLV,TSLA,0.1033916129411713,0.6305856449584968,0.5271940320173255
SBUX,SHEL,0.06771388461406079,0.5947697382415639,0.5270558536275031
SBUX,VYM,0.3884821897881589,0.9154015905185563,0.5269194007303974
TRV,TSLA,0.010673673501036514,0.5371535148749824,0.5264798413739459
MMM,SMCI,0.09716727452746071,0.6236086263944277,0.5264413518669671
AEP,O,0.2953237545547397,0.8217327631078969,0.5264090085531572
HMC,HPQ,0.1408617294786711,0.667247385370929,0.5263856558922579
HPQ,IPI,0.15757652403392725,0.683614422280292,0.5260378982463647
LRCX,VYM,0.3891416506861942,0.9149296354926395,0.5257879848064453
D,IBM,0.1172965129380218,0.642922723344211,0.5256262104061892
HON,TDW,0.1208994356405706,0.6465207098522056,0.525621274211635
BX,MO,0.08027543850930387,0.6057610429809749,0.525485604471671
NOC,TDW,0.06062527591338865,0.5859502620749257,0.5253249861615371
GD,USMV,0.4569292996213798,0.9822355994763,0.5253062998549203
IVZ,KO,0.12214399125909318,0.6470037772476902,0.5248597859885971
GIS,MKC,0.196478410865344,0.7212814710996318,0.5248030602342878
SYF,TDW,0.13617659341599056,0.6609159447940681,0.5247393513780776
BAYRY,C,0.20379109137901205,0.7284697183611668,0.5246786269821547
SMCI,VNQ,0.13553311357850564,0.6600960400077399,0.5245629264292343
ARKK,VNQ,0.3079536329502018,0.8324046677903185,0.5244510348401168
CW,KO,0.07174116151729386,0.5961912124885149,0.5244500509712211
CRWD,XLF,0.10875194925352447,0.6330962425510289,0.5243442932975044
BAYRY,VUG,0.3119762813100883,0.8362261005836085,0.5242498192735201
CSCO,D,0.06960668565900055,0.5935709768368924,0.5239642911778919
SYF,XBI,0.2506232903266635,0.7745783775520493,0.5239550872253858
AMD,REGN,0.099212092773473,0.6229636312109641,0.5237515384374911
ALL,SYF,0.23708064066339127,0.7608219697431163,0.523741329079725
ALL,TSLA,0.01206312532237703,0.5355057710079557,0.5234426456855786
PG,TSLA,0.014589120258726078,0.5379001228367272,0.5233110025780011
AMD,CRWD,0.293954480722728,0.8172058686521291,0.5232513879294011
MO,QQQ,0.10430083211374881,0.6275279410703958,0.5232271089566469
CW,DVY,0.46718116143321253,0.9902854020962848,0.5231042406630723
DD,TDW,0.14172207464496753,0.6647400493118243,0.5230179746668567
GIS,HMC,0.09982971181198254,0.6227754332309533,0.5229457214189708
TGT,TSLA,0.0479672193328814,0.5708942277792548,0.5229270084463734
GD,SMCI,0.07857048620862536,0.6013967267229776,0.5228262405143522
CTVA,TSLA,0.09931273650383657,0.6219621264425711,0.5226493899387346
CFG,O,0.0250120168783997,0.5476335459670045,0.5226215290886048
BLK,TGT,0.18399788323500882,0.7065994367781624,0.5226015535431536
SYF,TGT,0.1793942263193926,0.701853418642172,0.5224591923227794
CAT,D,0.09199486915198805,0.6143974971962155,0.5224026280442274
IVZ,NUE,0.26640384664671085,0.7887270485178042,0.5223232018710933
NTR,STLD,0.3300071227958268,0.8521623161521158,0.522155193356289
ALL,VYM,0.4689050934707335,0.9907294051969886,0.5218243117262551
AMD,NUE,0.1452515780360757,0.6670668489005867,0.521815270864511
ALL,DVY,0.4684612613949215,0.9902454433251869,0.5217841819302654
CFG,KO,0.042353595099839124,0.5640996720850611,0.5217460769852219
MO,VUG,0.14083701101673274,0.6625658446446202,0.5217288336278875
CVX,SYF,0.24852841656592378,0.770211801572363,0.5216833850064393
IVZ,TGT,0.18742061338761004,0.7089456278674109,0.5215250144798008
ASTS,QQQ,0.21954893317428495,0.7410611345173124,0.5215122013430274
AMD,DD,0.17524856590960886,0.6965388038219058,0.521290237912297
KO,SMG,0.09119784582267562,0.6124855941999442,0.5212877483772685
GIS,PFE,0.20935645014933402,0.7305086898002442,0.5211522396509102
LLY,SMG,0.06852434885543301,0.5894624894451067,0.5209381405896737
SYF,USMV,0.26898481112908124,0.7891231544258279,0.5201383432967467
GOOGL,INTC,0.18634198793621745,0.7063706627616616,0.5200286748254441
DVN,IRDM,0.12016131556202497,0.6400549836761709,0.519893668114146
AMD,MCD,0.11592445427089032,0.635700097872769,0.5197756436018788
MMM,SPLV,0.40986262787820765,0.9295959891791512,0.5197333613009436
COST,USMV,0.45547403189430086,0.9751786229629129,0.519704591068612
BLK,TDW,0.11502480235742615,0.6346465998765359,0.5196217975191098
CAG,DVN,0.03059634896164218,0.5501214928137466,0.5195251438521044
AMD,NOC,0.07482581589468154,0.594321070477992,0.5194952545833105
AMD,XOM,0.09861128934987709,0.6179162554680625,0.5193049661181854
D,DE,0.09374833863209453,0.612955199995025,0.5192068613629305
CW,TDW,0.10033920511765447,0.6195452190918636,0.5192060139742091
SMG,SYF,0.16302448453744797,0.682199558217239,0.519175073679791
CB,SMG,0.09842868159494995,0.6175833761685073,0.5191546945735573
SCHW,XBI,0.3068468389934395,0.8256807582265325,0.5188339192330931
DG,TSLA,0.03943389505632651,0.5582200899163511,0.5187861948600245
DVY,MMM,0.4704976929385913,0.9892748293756973,0.5187771364371061
JPM,TDW,0.0994303430343635,0.6181980172802946,0.5187676742459311
CVX,TGT,0.1157251115800759,0.6339381723030455,0.5182130607229696
IYR,SMCI,0.1397492669469409,0.6579379911881705,0.5181887242412296
PSX,TDW,0.25574176916378216,0.7738459209623204,0.5181041517985383
BEN,PFE,0.10494758784691484,0.6229887445844033,0.5180411567374885
BLK,D,0.12626783044683612,0.6440408210970339,0.5177729906501978
AFL,SMG,0.1303788047712505,0.6479055837356184,0.5175267789643678
PLTR,SMCI,0.22890883550112867,0.7463875897922284,0.5174787542910997
DVN,HPQ,0.09078887381467123,0.6081234488983641,0.5173345750836928
MMM,TDW,0.09316199243475996,0.610419680065518,0.5172576876307581
CPB,DVN,0.01508187735751394,0.5322935135120974,0.5172116361545834
STLD,TDW,0.18459584079375066,0.7017692236956785,0.5171733829019278
PLD,SMCI,0.11859705786289586,0.6356829576383191,0.5170858997754232
ASTS,SYF,0.10086457758743511,0.6179221993067532,0.5170576217193181
IVZ,STLD,0.25336715389692405,0.7703753311602646,0.5170081772633406
BAC,KHC,0.0719369722196415,0.5889079075151115,0.51697093529547
MCD,USMV,0.4618536111664027,0.978820417572499,0.5169668064060964
PLTR,RKLB,0.32610060456248524,0.8428914166398827,0.5167908120773974
MO,TTMI,0.04547390295211719,0.5618655030924143,0.5163916001402972
IBM,TGT,0.14071526655492497,0.6569146056417678,0.5161993390868429
PEP,SMG,0.0973535433408904,0.613468278328852,0.5161147349879616
NTR,SMG,0.2192211926691653,0.7351665902256134,0.5159453975564481
TSLA,XOM,0.026495061817696054,0.5420150607849366,0.5155199989672405
SMG,UNH,0.0857413960570645,0.6011802684486304,0.5154388723915658
D,DD,0.11855848663752548,0.6338664414858406,0.5153079548483152
NOC,SMG,0.08655868161415009,0.6018474451831667,0.5152887635690167
MCHP,PM,0.07884898175869756,0.593973935649698,0.5151249538910004
CFG,NEE,-0.041920164276533015,0.4729801112500341,0.5149002755265671
IVZ,MMM,0.253925432194413,0.7687667788175702,0.5148413466231572
LRCX,PLTR,0.28331830609474457,0.7981153142527068,0.5147970081579623
ASTS,XBI,0.2429196235455098,0.7575545056916398,0.5146348821461301
STLD,VYM,0.4467791375679815,0.9614081885359786,0.5146290509679972
AEP,SMG,0.09356756232378813,0.6080613043317558,0.5144937420079676
CB,DVY,0.4760715332530473,0.9903960680143016,0.5143245347612543
AMD,LMT,0.1116475573771442,0.6255837567675581,0.5139361993904139
DVY,PSX,0.4601576186120908,0.9739205314714225,0.5137629128593317
ASTS,NEE,0.050497316582823984,0.5640474766682538,0.5135501600854299
DVN,LXU,0.10034873135458207,0.6138131900775914,0.5134644587230093
ASTS,SMG,0.12689160212607203,0.6400394292559767,0.5131478271299046
KO,NUE,0.11972580775392665,0.6328483381525032,0.5131225303985766
SO,TSLA,-0.051598545239189574,0.4615027498973721,0.5131012951365617
DE,IVZ,0.23638161424998208,0.7492180481933198,0.5128364339433378
CTVA,DVY,0.37807012116041755,0.8908359382602488,0.5127658170998313
AMAT,IVZ,0.20684821469510892,0.7195703450391203,0.5127221303440114
CVX,DVY,0.4718256023064503,0.9845044529575789,0.5126788506511286
ASTS,SHEL,-0.010224965845571117,0.5024422612209756,0.5126672270665467
TSLA,WM,0.025200525250928488,0.5378030356393826,0.5126025103884541
ASTS,SMCI,0.10988237871271324,0.6223929028130519,0.5125105241003387
CVX,MPC,0.47420252775895994,0.9865074281902084,0.5123049004312485
BA,TGT,0.1703879461616791,0.6825043954026916,0.5121164492410125
IVZ,MU,0.19162287161310462,0.7036566620524026,0.512033790439298
GD,SMG,0.10175012098458279,0.6137692957850044,0.5120191748004216
CL,MPC,0.019230420760034728,0.5311446166372386,0.5119141958772038
ASIX,DVN,0.2667752737340477,0.7785396204133592,0.5117643466793116
AMD,KMB,0.06401354933116843,0.5757744947209029,0.5117609453897345
GIS,LXU,0.025724353800841773,0.5374779277709844,0.5117535739701425
CTVA,VYM,0.3786885396510371,0.8902169964520829,0.5115284568010457
AMD,RTX,0.12651322685042188,0.6378820474646179,0.511368820614196
NUE,SMCI,0.13170343109891422,0.6430615258171232,0.5113580947182089
BAYRY,SCHW,0.1796773444382661,0.690770241562115,0.5110928971238489
DD,SYF,0.2640088611729149,0.7747798178764419,0.510770956703527
ARKK,C,0.31212648963831374,0.8228178821851052,0.5106913925467915
CB,SYF,0.23824813763445346,0.7488380237684941,0.5105898861340405
LMT,TGT,0.1180270814315236,0.6285789165364175,0.5105518351048939
DVN,FMC,0.10672703364037157,0.6171727002532772,0.5104456666129056
DG,TGT,0.3385037777110951,0.8489394914226465,0.5104357137115514
JNJ,TSLA,-0.0018230617183973737,0.5085035604361807,0.5103266221545781
RTX,SYF,0.24502195643238994,0.7552116568180779,0.5101897003856879
RTX,SPLV,0.4182331657324578,0.9284039766520105,0.5101708109195526
AMAT,CSCO,0.39662061125346043,0.9067663222621495,0.5101457110086891
MO,SPCX,-0.07093813619804247,0.43908257222020486,0.5100207084182473
ASIX,XLP,0.0969756213814085,0.6069092196193597,0.5099335982379513
NOC,TSLA,0.022668984882551372,0.5324238273769034,0.509754842494352
JNJ,USMV,0.4668686373095876,0.9764496399848982,0.5095810026753106
RTX,SMCI,0.10052957507492287,0.6099346122854621,0.5094050372105392
KO,ORCL,0.1168003621757661,0.6260643109888969,0.5092639488131309
GD,TDW,0.09439180202273638,0.6034558270167707,0.5090640249940344
CSCO,VYM,0.4332672330850734,0.942212801049173,0.5089455679640996
CFG,D,0.01732019077046401,0.5261510839096144,0.5088308931391504
BX,DVY,0.44490655472433804,0.9536606790205874,0.5087541242962493
NEE,STLD,0.03754459797163985,0.5462675854078458,0.5087229874362059
CL,MTSI,-0.036754080336635124,0.4717966206237588,0.5085507009603939
IVZ,RTX,0.2684999783353405,0.7769442312760033,0.5084442529406628
INTC,SO,0.0684548441228787,0.5768661585605509,0.5084113144376722
LRCX,SCHW,0.18499605307280614,0.6932231079913854,0.5082270549185792
COST,SMG,0.08766334223227824,0.5957508822021582,0.50808753996988
ARKK,CW,0.2861146954019441,0.794199096916669,0.5080844015147249
D,MRK,0.15137584915236268,0.65931917456689,0.5079433254145274
AFL,USMV,0.47679122682861075,0.9845535217139926,0.5077622948853818
BLK,KO,0.16132161866517397,0.6690539077049524,0.5077322890397784
RTX,SMG,0.13346630821796568,0.6410258120382556,0.5075595038202899
AMD,DVY,0.19505784698943382,0.7026068134999156,0.5075489665104818
O,TGT,0.13218337968433708,0.6396442775784267,0.5074608978940895
HMC,IRDM,0.10189143263730253,0.6089916997841639,0.5071002671468614
IBM,TDW,0.07901920851335482,0.586076478101416,0.5070572695880612
PSX,VYM,0.4639975275541655,0.9709738699530884,0.5069763423989229
MTSI,VIG,0.29134215360475585,0.7982814021600592,0.5069392485553033
IBM,SYF,0.23757343342958245,0.7444910858465048,0.5069176524169223
MPC,TDW,0.23751047286805985,0.7444201702878475,0.5069096974197876
SMG,TGT,0.14503989820739585,0.6519434496628026,0.5069035514554068
CSCO,ORCL,0.37815163820263503,0.8849488517963373,0.5067972135937022
AMD,GD,0.1155988515026894,0.6223781371043058,0.5067792856016163
DVY,TRV,0.48473208044909216,0.9911956358891029,0.5064635554400108
PSX,SYF,0.2966299448814988,0.8028830022264666,0.5062530573449677
MKC,PYPL,0.08371022131217677,0.5897801629956844,0.5060699416835076
HMC,NKE,0.11156413917202072,0.6171184768222737,0.505554337650253
AFL,FITB,0.19690343707374924,0.7021527865072251,0.5052493494334759
HEI,SMG,0.10879437693225383,0.6139432129410506,0.5051488360087968
CW,VUG,0.44560994436556867,0.950732516984463,0.5051225726188944
SHEL,UAN,0.20184857427339034,0.706928643292238,0.5050800690188477
MMM,SYF,0.2547538937370915,0.7597941429996824,0.505040249262591
NTR,NUE,0.3409058779215028,0.8458814242021033,0.5049755462806005
SYF,XOM,0.24669732461736896,0.751452541877906,0.5047552172605371
CSCO,SMCI,0.14353008607907666,0.6482788624317218,0.5047487763526451
IVZ,LRCX,0.21166662655760954,0.716099949844752,0.5044333232871425
CAT,NTR,0.3377674430349888,0.8421341150052863,0.5043666719702975
AMD,PG,0.0905228848711162,0.5948117749595553,0.504288890088439
BA,SMG,0.14444343630088816,0.6486093848226426,0.5041659485217544
HEI,KO,0.09307324936140611,0.5965558929901945,0.5034826436287884
NEE,SBUX,0.10050121508528725,0.6036433655227921,0.5031421504375049
DE,SMCI,0.10335093477613735,0.6062734731036964,0.5029225383275591
DVN,ICL,0.13023991474736213,0.6330573316833702,0.502817416936008
RTX,TDW,0.11744035738701128,0.6202278024301029,0.5027874450430916
SMCI,STLD,0.131309244557237,0.6340939247261658,0.5027846801689287
MTSI,SMCI,0.19482105389581508,0.6975024957358334,0.5026814418400184
CPB,KHC,0.417167760490408,0.9198357429942442,0.5026679825038363
TDW,VIG,0.15107563578557698,0.6536068556910741,0.5025312199054972
AMD,DE,0.13784650493247907,0.6401905254094339,0.5023440204769548
D,GD,0.1202243599545128,0.6223978165108887,0.5021734565563758
BEN,FMC,0.12301287860697131,0.6251039216416172,0.5020910430346459
MPC,NTR,0.3498758264743953,0.8519282343960771,0.5020524079216818
SHEL,TSLA,0.06327100048281949,0.5651107423899489,0.5018397419071293
FITB,WM,0.0771324839060478,0.578834957473826,0.5017024735677782
VNQ,VUG,0.45350162252434356,0.9550308512554099,0.5015292287310663
BA,TDW,0.11051500421938412,0.6119711718853288,0.5014561676659447
DVY,QQQ,0.48597724127071656,0.9872170019530982,0.5012397606823817
INTC,O,0.10502679851387044,0.6062382031405114,0.5012114046266409
BAYRY,QQQ,0.24164271672162715,0.742757930659305,0.5011152139376778
ORCL,SMG,0.09775744575024786,0.5988078013654753,0.5010503556152275
DVY,XOM,0.48166331540306906,0.9826547501384593,0.5009914347353902
AMD,IYR,0.1594890679619538,0.6603392158541003,0.5008501478921464
NKE,PYPL,0.20572179517941963,0.7064862563700687,0.500764461190649
TRV,USMV,0.4823826281900378,0.9831415637042947,0.500758935514257
D,LMT,0.1116125372569142,0.6121770146361678,0.5005644773792536
PM,SPLV,0.40993876236964966,0.910260643559196,0.5003218811895463
DG,NVDA,0.011232590709012261,0.5114041806657895,0.5001715899567772
NTR,NVDA,0.05717558391821772,0.5572416597135756,0.5000660757953579
BAYRY,TGT,0.10330836971130666,0.6033718233497017,0.5000634536383951
AFL,TSLA,0.08010300156972565,0.5798897792004217,0.49978677763069607
D,NOC,0.1309354569312094,0.6306370716385988,0.49970161470738944
SCHW,TGT,0.22352206983568926,0.7230172468969,0.4994951770612107
DD,SMCI,0.1360147086964599,0.6353212127604322,0.49930650406397226
C,TTMI,0.2430346929486202,0.7422943875211875,0.49925969457256725
GD,SYF,0.2444661865464961,0.7436867995006612,0.4992206129541651
BX,CL,0.0984236131727536,0.5976030391615874,0.4991794259888338
SMG,USMV,0.27243659315029645,0.7714837376739441,0.4990471445236476
HPQ,VZ,0.1338998494974274,0.6323161648410462,0.49841631534361885
AMD,TDW,0.06338817773183766,0.5615846687936246,0.4981964910617869
ARKK,IVZ,0.35281981992613093,0.8506439788338069,0.497824158907676
MO,NUE,0.12083088401228467,0.6182948344243266,0.49746395041204194
SCHW,SMG,0.14188682704034952,0.6389451691595612,0.49705834211921174
DD,IVZ,0.29717902473941865,0.7942208648483429,0.4970418401089242
IPI,STM,0.1318432080120598,0.6287099753739245,0.4968667673618647
ALL,SMG,0.12648080477426168,0.6233368091725621,0.49685600439830035
FANG,INTC,0.08998252001522812,0.5868187184935569,0.4968361984783288
SMG,TDG,0.1406155738545174,0.637377493325883,0.4967619194713656
D,JPM,0.14537951321678466,0.6420734839183962,0.4966939707016116
CAT,DVY,0.4917509718118264,0.9884383996272714,0.496687427815445
SYF,TRV,0.26349141464416476,0.7599595832668906,0.49646816862272586
JPM,SMCI,0.1280716281615329,0.6245010564379684,0.4964294282764355
SBUX,VUG,0.39529137514324475,0.8915078218664741,0.4962164467232294
MO,WM,0.09794725570352972,0.5938784152025087,0.49593115949897904
CVX,NTR,0.3683862679213423,0.8641196486010986,0.49573338067975625
D,RTX,0.14409673055578895,0.6396960638177015,0.4955993332619125
MO,PLD,0.13343632381519105,0.6289641996269599,0.4955278758117689
FANG,MCHP,0.16795719661849887,0.6634495875704535,0.49549239095195463
D,MU,0.021196759729846464,0.5166410945124625,0.49544433478261607
SMG,TRV,0.11968986714915684,0.6151142558548165,0.49542438870565964
JPM,SMG,0.13696173669096717,0.6322296146888242,0.49526787799785704
AEP,TGT,0.12265083134874404,0.6178017212987985,0.49515088995005446
AEP,IYR,0.41862106887768913,0.9134729113589949,0.49485184248130576
MPC,XOM,0.48213963191556225,0.9769673399242716,0.4948277080087094
DUK,DVY,0.4918576661484117,0.9865998544220627,0.49474218827365096
KO,QQQ,0.1437918417669521,0.6385185100153685,0.49472666824841643
LRCX,TGT,0.09669033688079624,0.5913974868094125,0.49470714992861625
AMD,C,0.16891014856100084,0.6635461799274894,0.4946360313664886
C,SMG,0.1497309650187121,0.6441657696536254,0.4944348046349133
LMT,TSLA,0.015129500413857154,0.5093912061109704,0.4942617056971133
AEP,USMV,0.4757021848663676,0.9698975977492805,0.4941954128829129
D,LRCX,0.004644844553537471,0.4986736029460056,0.4940287583924681
AFL,KO,0.17566637399046345,0.6696686245058093,0.49400225051534585
HON,IVZ,0.2661218401328946,0.7599484226087359,0.49382658247584127
NEE,REGN,0.045124838653460855,0.5387950625157021,0.49367022386224124
AMAT,SCHW,0.21553161446081312,0.7091134780757358,0.4935818636149226
PEP,TSLA,0.017721246141950104,0.5112705916847687,0.49354934554281865
ARKK,SYF,0.3092153880224258,0.8027624618633614,0.4935470738409356
NTR,PSX,0.352454907063657,0.8458297803567997,0.49337487329314267
CB,TSLA,0.01600879260769394,0.5093529416227321,0.4933441490150382
NEE,TDG,0.0883591523211766,0.5815403436517113,0.4931811913305347
TSLA,UAN,0.060379552332333525,0.5534719892670465,0.49309243693471305
AEP,VNQ,0.45027668978740065,0.9433526370946728,0.4930759473072721
UAN,XLF,0.15794572349574704,0.6508968534840025,0.49295112998825547
IYR,SO,0.4062760893486766,0.8990124203446341,0.49273633099595754
DVY,RTX,0.495884673628411,0.988389072248826,0.492504398620415
NUE,SMG,0.14747638931824045,0.6399523362012649,0.49247594688302443
DVY,SMCI,0.1362177284290797,0.6286668638254106,0.4924491353963309
CB,MO,0.1344697032026009,0.6268565996746671,0.49238689647206624
FITB,VLO,0.12086360251463524,0.6131771142764382,0.49231351176180294
SEDG,XLE,0.11596690229174973,0.6081859538341144,0.4922190515423647
TRV,VYM,0.4996605582914306,0.9918105786230677,0.4921500203316371
MU,SCHW,0.18815595232284604,0.6803004805193449,0.49214452819649884
DD,TGT,0.16890998123188333,0.6610295006301913,0.49211951939830795
BAYRY,TDW,0.0931987912659602,0.5852639986024644,0.49206520733650416
BLK,BX,0.4576046835900248,0.9496425581755127,0.49203787458548787
DUK,USMV,0.4818609730075373,0.9737978301211254,0.49193685711358814
CSCO,TGT,0.16748354290832765,0.6593733433806759,0.4918898004723482
BA,SMCI,0.1417089785644418,0.6335942791145855,0.49188530055014373
REGN,SHEL,0.016235701156712534,0.5079524816516459,0.49171678049493334
PSX,TSLA,0.042647294331428574,0.5343029288565829,0.4916556345251544
FITB,REGN,0.0792007046760562,0.5707815179785717,0.49158081330251546
PG,USMV,0.49698455648462503,0.9883644588723935,0.4913799023877685
COST,D,0.11592032656574183,0.6072921082436562,0.4913717816779144
COST,SPLV,0.416477715267963,0.9078293147990476,0.4913515995310846
COST,SMCI,0.10113399457439262,0.5923247991182076,0.4911908045438149
SO,TGT,0.13067716376130106,0.6218662869598306,0.49118912319852953
REGN,XBI,0.46176157632326975,0.9527155680187308,0.49095399169546106
FITB,PLD,0.1731550334731112,0.6640970818259222,0.49094204835281097
ABBV,VIG,0.3133581141251739,0.8039395899370929,0.490581475811919
PLTR,TTMI,0.23146526806330894,0.7218366893681821,0.4903714213048732
IPI,SCHD,0.24321552778815828,0.7335630032543388,0.4903474754661805
MRK,TSLA,0.0305640015152931,0.5208612487025756,0.49029724718728246
DUK,VNQ,0.45269110732652856,0.9427416584444182,0.4900505511178896
AMD,MMM,0.14960406934951315,0.6395583425544592,0.48995427320494606
AMD,JPM,0.15653238131042668,0.6461490461860152,0.4896166648755885
AMD,LRCX,0.30818368172995475,0.7977781422042106,0.48959446047425587
SO,USMV,0.45983538707693505,0.9492847771226326,0.48944939004569754
MCD,SMG,0.11244300935728717,0.6018533097802341,0.4894103004229469
ARKK,USMV,0.36438937977956903,0.8537979565197314,0.4894085767401624
TGT,VUG,0.25512802564353515,0.7444973934421042,0.48936936779856904
TTMI,VYM,0.33386497243990276,0.8231550034265716,0.4892900309866688
MRK,TGT,0.16665482539164758,0.6559269856375647,0.48927216024591713
TGT,TRV,0.1787939316620097,0.6678336243364554,0.48903969267444575
SO,VNQ,0.439406641388794,0.9284252608946071,0.4890186195058131
D,XOM,0.18037694832327075,0.669357453114236,0.4889805047909652
NTR,XOM,0.38926955226727133,0.8782434394633787,0.48897388719610735
MPC,TSLA,0.07116956548463145,0.56004792508891,0.48887835960427856
CW,IVZ,0.25601203782500837,0.7446700249514886,0.48865798712648023
HON,SYF,0.2902534166394961,0.7788835660588708,0.48863014941937466
D,LLY,0.11205156200834025,0.6006695757283166,0.4886180137199763
CSCO,SHEL,0.0546476937585505,0.54300532498984,0.4883576312312895
SBUX,TSLA,0.1338829768066175,0.6221680822548445,0.488285105448227
CL,DG,0.16892671003082815,0.656817781264651,0.4878910712338228
QQQ,SYF,0.2640475342683047,0.7516234927157982,0.4875759584474935
PG,TGT,0.187751998998885,0.6752469768614097,0.48749497786252466
IVZ,SCHW,0.33820200133113537,0.8256360653484501,0.48743406401731476
CB,KO,0.16808208695313223,0.655334074812569,0.4872519878594368
AMD,CAT,0.16714180321788882,0.653890872197895,0.48674906898000614
GD,TGT,0.14550546337786363,0.6321119115304676,0.486606448152604
SMG,STLD,0.1392998738995844,0.625785997940387,0.4864861240408026
IVZ,TDW,0.12570705376154584,0.6121199236945619,0.4864128699330161
MU,QQQ,0.4593032657665525,0.9455634182422322,0.4862601524756797
IVZ,USMV,0.42351149792022336,0.9096895581686192,0.4861780602483958
PM,TSLA,0.017813167027477195,0.5036339496739227,0.4858207826464455
CW,SMG,0.12916478856565095,0.6149714167133479,0.48580662814769693
FMC,VZ,0.13898717237676594,0.6247874371749415,0.4858002647981755
IVZ,SMG,0.18469036507557707,0.670464332530924,0.4857739674553469
DE,SYF,0.26017982337275647,0.7458220760836379,0.48564225271088146
IVZ,SMCI,0.1648827737388726,0.6505040080421292,0.48562123430325654
KO,TSLA,0.025504265133347227,0.5109839145312822,0.485479649397935
CB,VYM,0.5043395310943691,0.989688085581465,0.4853485544870959
MO,UNH,0.11597754313617523,0.6010261532990268,0.4850486101628515
AMD,ASTS,0.18089372529754957,0.6653404296660396,0.48444670436849
SCHW,SMCI,0.14242992189137627,0.6268100949438168,0.4843801730524405
DG,XLF,0.14411914243679308,0.6284161333570015,0.48429699092020845
CRWD,QQQ,0.48208858367253793,0.9663433562846976,0.48425477261215966
GD,VYM,0.5082042605737556,0.9922768023505129,0.4840725417767573
CFG,DUK,-0.049698461029951235,0.43429657558616164,0.4839950366161129
HON,SMCI,0.12808069327912172,0.6119762382921669,0.4838955450130451
DD,DVY,0.4882693064044408,0.9720602040939791,0.4837908976895383
NEE,NUE,0.09485589373527868,0.5785721725816696,0.4837162788463909
CSCO,SCHW,0.28353710226592405,0.7670752110889866,0.48353810882306253
D,TTMI,0.02723378424924564,0.5106633482730839,0.48342956402383824
AMD,BLK,0.1653722784877115,0.6487657362720147,0.4833934577843032
HON,TGT,0.18008793639241163,0.6632691594543375,0.4831812230619259
NUE,TDW,0.16991984522662773,0.6530894830035927,0.483169637776965
RF,UAN,0.12181046330104056,0.6049224257519312,0.48311196245089066
RF,RKLB,0.19618091222684403,0.6792380511430457,0.48305713891620167
FITB,HEI,0.09646770071898723,0.5794719975817018,0.4830042968627145
DUK,FITB,0.09045356317861675,0.5732140763131868,0.48276051313457
NUE,VYM,0.49510095248659536,0.9770861538080354,0.48198520132144007
AMD,BAYRY,0.12349939283289446,0.6053466831868938,0.4818472903539993
D,TGT,0.10515954307588556,0.5869377404082999,0.4817781973324144
HII,SHEL,0.15433106926998866,0.6360750391338633,0.4817439698638747
DOW,GIS,0.03638493575798926,0.518057716743095,0.4816727809851057
CFG,SO,-0.042836588480546126,0.4387438771672891,0.4815804656478352
ABBV,NVDA,0.035948536336837755,0.5174886723947524,0.4815401360579146
MO,USMV,0.3513022239771456,0.8326999580567468,0.4813977340796012
O,SMG,0.15383228927118917,0.6351137453973955,0.4812814561262063
AMAT,D,0.03396431887063354,0.5151815080313085,0.4812171891606749
COST,MO,0.12324194009036823,0.6044506580844626,0.48120871799409437
AFL,NEE,0.12190272672529107,0.603001246843306,0.48109852011801496
NEE,ORCL,0.07020841298789454,0.5512916327313919,0.4810832197434974
MCHP,SO,-0.006649494106633295,0.474355434790645,0.4810049288972783
IYR,VUG,0.4520376578471556,0.9329797569951239,0.4809420991479683
KO,SCHW,0.15536948509705345,0.636132025422651,0.48076254032559756
KHC,XLV,0.18417633956184357,0.6648568169049164,0.48068047734307284
MU,VUG,0.45783424920254395,0.9384681896771317,0.4806339404745878
QQQ,SPLV,0.4202685365284703,0.9008937881754021,0.4806252516469318
O,VYM,0.36618806291490996,0.8467653710891625,0.48057730817425254
KO,NOC,0.14360259497777578,0.6241073655323303,0.4805047705545545
ASTS,MCHP,0.1664159643842761,0.6469127503865716,0.4804967860022955
DOW,FMC,0.32984426848759857,0.8103295636215525,0.48048529513395394
CL,TSLA,-0.0021911447896095443,0.47826408677235793,0.48045523156196746
AFL,SPLV,0.4750615985318294,0.955091036563976,0.4800294380321466
DVY,SO,0.48865389901175393,0.9686339493819373,0.4799800503701833
MPC,VIG,0.3134477825471029,0.7932811232020928,0.47983334065498984
DD,SMG,0.18118154148333335,0.6609678059217122,0.4797862644383789
AEP,DVY,0.5057963214421237,0.9854999545718053,0.47970363312968156
D,HON,0.13486378383084835,0.6145181381952488,0.47965435436440046
CAT,IVZ,0.2709587825979648,0.7502235383603085,0.47926475576234373
DOW,XLP,0.15979896885089265,0.6390024748026063,0.4792035059517137
INTC,PSX,0.15652454968571902,0.6355459330038731,0.479021383318154
NEE,TSLA,0.018611959191336302,0.4972608527681594,0.4786488935768231
AFL,SHEL,0.042886335470739,0.5213410014126826,0.4784546659419436
TSLA,UNH,0.0564412312356082,0.5347492074076896,0.47830797617208143
MMM,TGT,0.18779476437196457,0.6658985102202557,0.47810374584829113
DE,TGT,0.1633892699234977,0.6412675409300623,0.47787827100656466
CRWD,VUG,0.49523341613938493,0.9729533471700406,0.47771993103065563
CB,USMV,0.49796675449850364,0.9754219899168881,0.47745523541838447
CSCO,SMG,0.10348730562913008,0.580639365646987,0.4771520600178569
D,MMM,0.16731976701086917,0.6444684337968158,0.4771486667859467
AFL,SYF,0.3242676467743723,0.801290148177772,0.4770225014033997
D,KMB,0.18084954788902835,0.6576914357330147,0.47684188784398635
BX,QQQ,0.4577692965818517,0.9341826176635445,0.47641332108169276
QQQ,SBUX,0.36938454204283194,0.8457965858782305,0.47641204383539854
IVZ,TTMI,0.2238378987614081,0.7002183731464638,0.4763804743850557
CFG,CL,-0.03221807708674633,0.4440848466002688,0.47630292368701516
IVZ,NEE,0.09251336889793407,0.5685404796350612,0.4760271107371271
DE,TDW,0.14911854352277548,0.6249455564485032,0.47582701292572777
DVN,XLP,0.055352643870974355,0.5311732383445026,0.4758205944735282
INTC,PLD,0.12809251076435044,0.603775299443361,0.4756827886790105
CSCO,MO,0.11555300178343075,0.5911834075478601,0.4756304057644294
LRCX,SMG,0.11961089981320483,0.5949394775374804,0.4753285777242756
ALL,KO,0.19805904785656422,0.6732772465221638,0.47521819866559956
NVDA,UAN,0.053724479820707806,0.5288212163311484,0.4750967365104406
JPM,TGT,0.21770136305570603,0.69256118861833,0.474859825562624
CW,VYM,0.516480483167093,0.9912041545723376,0.4747236714052445
DVN,VZ,0.03700988513473267,0.5109621521258244,0.4739522669910917
CTVA,XLF,0.3460390511546388,0.8199708601859623,0.47393180903132354
TDW,VLO,0.20501220001024195,0.678857226773092,0.47384502676285006
CRWD,MCHP,0.18377351066705322,0.6576042814128116,0.47383077074575836
CF,KHC,0.02329856609733007,0.49701804926985843,0.4737194831725284
O,SHEL,0.0980848163582755,0.571687495096667,0.47360267873839157
MU,TGT,0.09037816426373474,0.5636757899124095,0.4732976256486748
ARKK,SMCI,0.25760946868406365,0.7307064899872691,0.4730970213032054
PLD,VYM,0.47320007098198286,0.9462150952498429,0.4730150242678601
FMC,XLP,0.1635876239296079,0.6365794718525744,0.47299184792296645
FITB,TSLA,0.12072799046422956,0.593198983539252,0.4724709930750225
INTC,RKLB,0.22413245549529803,0.6962603858361669,0.47212793034086886
NTR,TSLA,0.07248365844224715,0.5441976537728437,0.47171399533059655
GD,SPLV,0.45307906498177397,0.9247840993467213,0.4717050343649474
GD,TSLA,0.05618740014799304,0.5278677799714168,0.4716803798234237
CVX,D,0.15065364201926065,0.6222252955150703,0.47157165349580965
LLY,TGT,0.13491930309481603,0.606460623262296,0.47154132016747996
SMCI,TGT,0.07661723648501141,0.5480860220992215,0.47146878561421013
CTVA,TDW,0.19658906967292505,0.6679567759848987,0.4713677063119736
KO,TGT,0.17279249527060653,0.6441158510815482,0.4713233558109417
SHEL,SMCI,0.06568928124768532,0.5365840517221938,0.4708947704745085
NEE,VLO,0.08410218584535822,0.5548440421263914,0.47074185628103316
TSLA,XLF,0.18049655049258992,0.6512044947346304,0.47070794424204043
FITB,PM,0.1272918360486694,0.5979821100494378,0.4706902740007684
ALL,D,0.1837438959377759,0.6541208850330303,0.47037698909525444
HMC,MSFT,0.1137176359946007,0.5840345410515372,0.47031690505693646
BX,SYF,0.3326721204019514,0.8028638494065308,0.4701917290045794
BLK,DVY,0.5205721601640166,0.9907527297663334,0.4701805696023168
IYR,SHEL,0.17626162673059306,0.6463054675441866,0.4700438408135935
AEP,FITB,0.10151109742549148,0.5714357451118695,0.469924647686378
FITB,ORCL,0.11017515431666382,0.5800686868637855,0.46989353254712174
IBM,TSLA,0.07550050412383773,0.5453563039343182,0.4698557998104805
FANG,TSLA,0.08847187481902961,0.5582260548188449,0.4697541799998153
INTC,UAN,0.026973532616493316,0.4967233827133032,0.46974985009680986
LLY,TSLA,0.036801758670389054,0.5063366543952302,0.4695348957248412
MMM,SMG,0.16102716813438064,0.6305337314930834,0.4695065633587028
MCHP,PSX,0.2051407414593366,0.67436949373164,0.46922875227230343
KO,SMCI,0.018440423449087452,0.48760034243492767,0.4691599189858402
SHEL,SYF,0.22626285888768333,0.6950444041126413,0.468781545224958
AMD,VAL,0.10768229262671858,0.5762843102116054,0.46860201758488684
BKSY,STM,0.229887298438477,0.6984590651426293,0.46857176670415235
NTR,VYM,0.37861279102673184,0.8469155415640257,0.46830275053729387
HON,SMG,0.1683103332601011,0.6362258697234903,0.4679155364633891
IVZ,XBI,0.3372105402419427,0.8047004603639685,0.4674899201220258
FITB,SBUX,0.16726564675234595,0.6346507700342919,0.467385123281946
SCHW,SHEL,0.0908054835008947,0.5579962785499613,0.4671907950490666
NEE,SHEL,0.04434357831464801,0.5115194333929354,0.46717585507828735
KO,UNH,0.1396733023182845,0.6067903141160337,0.46711701179774917
FITB,KMB,0.11729337978608041,0.5841773510140695,0.46688397122798914
D,VIG,0.3260622424863022,0.7926832140717627,0.46662097158546045
KHC,XLE,0.10256032403268359,0.5691346775010321,0.4665743534683485
CVX,TSLA,0.052046518559550455,0.5185217270927239,0.4664752085331735
SCHW,TSLA,0.1568793003291201,0.6233302715490685,0.4664509712199484
BAYRY,IVZ,0.2674293430055985,0.7336849982722684,0.4662556552666699
SHEL,VNQ,0.17461759590042533,0.6408492099407995,0.46623161404037416
CL,SYF,-0.004659685446163646,0.46155815395560285,0.4662178394017665
MO,ORCL,0.10363625598605353,0.5698076402629664,0.46617138427691285
HMC,MKC,0.0590142031232363,0.5250455748232901,0.46603137170005376
PYPL,T,0.03751066109806655,0.5034922194799357,0.46598155838186917
BEN,NKE,0.1405533151256237,0.6063821165094008,0.4658288013837771
RTX,TGT,0.18860589748184434,0.6543139184310491,0.4657080209492048
DE,SMG,0.15928325998778628,0.6249123839943403,0.4656291240065541
NUE,SYF,0.32689009002416614,0.7925096474529763,0.4656195574288101
AMD,SPLV,0.11982192253540547,0.5853992810524294,0.465577358517024
CSCO,NEE,0.0555012150129853,0.5210757206091504,0.4655745055961651
IPI,LXU,0.26736947146544726,0.7327220202304449,0.4653525487649976
BX,NEE,0.16088066735202936,0.6260123823492021,0.46513171499717276
SHEL,USMV,0.239510580777396,0.7045214524771501,0.46501087169975414
BX,C,0.37874835218488706,0.8435355185517033,0.4647871663668162
NEE,SCHW,0.07323955307283805,0.5379312487906582,0.4646916957178202
CL,HII,0.12421496599016203,0.5887547426079716,0.46453977661780954
DVY,TDW,0.23628572127774636,0.7008030965977189,0.4645173753199725
FITB,SO,0.1007181499936171,0.5646335347352198,0.4639153847416027
NEE,XBI,0.13484878515040039,0.5985564213198117,0.4637076361694113
BX,VYM,0.4919958190915371,0.9556501982289836,0.46365437913744645
RTX,VYM,0.5261121973922397,0.9897282535790871,0.4636160561868474
HEI,SMCI,0.14876862169093388,0.612300546486143,0.4635319247952091
MO,TDW,0.036020370258960835,0.49945292813071657,0.46343255787175575
D,TRV,0.1710080311023955,0.6340084117038036,0.46300038060140813
AEP,CFG,-0.03711577631962798,0.4257588042640433,0.46287458058367126
AMAT,TGT,0.13884761907841964,0.6014513732876758,0.4626037542092562
PFE,VZ,0.1962508484142314,0.6587588061849463,0.4625079577707149
SYF,TTMI,0.21775098336058796,0.680194103787311,0.4624431204267231
PEP,TGT,0.1759097378747943,0.6382683811365463,0.46235864326175197
HON,VUG,0.48639255515280283,0.948584398438835,0.4621918432860322
MMM,VYM,0.5292590634156558,0.9913277716860082,0.4620687082703524
TDW,VYM,0.22915320194156952,0.6911554706047955,0.462002268663226
DVY,NTR,0.3900718032191947,0.8520729256518681,0.4620011224326734
FMC,IPI,0.2131434856748005,0.6750081950877919,0.4618647094129914
CF,XLP,0.1036631281592318,0.5654587304375771,0.4617956022783453
QQQ,XBI,0.5069513057752804,0.9684270340440582,0.4614757282687778
CFG,KMB,-0.038652914582612344,0.4228128294542093,0.4614657440368216
ORCL,VUG,0.4779237492021417,0.9393177997834181,0.4613940505812764
JNJ,TGT,0.17238203296398938,0.6336326972313869,0.4612506642673976
CB,D,0.16798927277051792,0.6291903977931884,0.4612011250226705
FITB,MRK,0.1363422476637712,0.5975177976522869,0.4611755499885156
FITB,PG,0.12503567027630821,0.5861949645198525,0.4611592942435443
D,PG,0.20453623397258278,0.6655373133401457,0.46100107936756285
CVX,VYM,0.5220497965646592,0.9829399921232977,0.4608901955586385
AFL,MO,0.1238974307886439,0.5847573013140739,0.46085987052543
VYM,XOM,0.5222254025554074,0.982992358550765,0.46076695599535766
C,TGT,0.20778860273897892,0.6684615718838259,0.460672969144847
C,D,0.1269527998005845,0.5876162152523821,0.46066341545179756
MCD,TSLA,0.06027764820841558,0.520724181682616,0.46044653347420045
CAG,GIS,0.29609406636361413,0.755975962878289,0.4598818965146749
CL,SBUX,0.14337451260609385,0.6028134230096927,0.4594389104035988
NTR,SYF,0.244886584939722,0.7041408643013017,0.4592542793615797
SMCI,TDG,0.14425377244963924,0.6034716283990627,0.45921785594942344
BEN,HPQ,0.1374090088017385,0.5964874313668457,0.45907842256510717
MO,NOC,0.12795658079308767,0.5869449595981568,0.45898837880506915
GOOGL,SMCI,0.14899022155735397,0.6078290704915978,0.45883884893424387
VZ,XLE,0.12841764648379456,0.5871826104733396,0.4587649639895451
FANG,TDW,0.32331015522248474,0.782041769960676,0.45873161473819124
DUK,MCHP,0.008385881476666222,0.4668443007946754,0.4584584193180092
IVZ,TSLA,0.17083158686420394,0.6290209412749445,0.4581893544107405
AMD,MU,0.341238980544821,0.79921395925512,0.45797497871029896
IBM,SMCI,0.15321844045046215,0.6110665975726927,0.4578481571222305
CAT,TDW,0.15989520418733186,0.617621433619995,0.45772622943266317
AMAT,SMG,0.12770870893410588,0.5853633889535222,0.45765468001941634
ALL,SHEL,0.09963373980447608,0.5571611065915777,0.4575273667871016
LMT,MO,0.13051440586177188,0.588006832617141,0.45749242675536916
C,SMCI,0.14898404219808006,0.6061636094290507,0.45717956723097064
FITB,IYR,0.25598380016030536,0.7128706674858132,0.4568868673255078
LLY,SMCI,0.1365677261962881,0.5931371589764995,0.45656943278021145
SCHW,VUG,0.4069773335241686,0.8633968121157536,0.456419478591585
SMCI,TSLA,0.1264774136729264,0.5828254655176528,0.4563480518447264
ALL,MO,0.16303083693974393,0.6193778734438161,0.45634703650407216
NEE,SMCI,0.0049718871739345355,0.46122184593237897,0.45624995875844443
ARKK,SMG,0.3073874673491406,0.7636305504692376,0.456243083120097
DD,VYM,0.5158270742093733,0.9716878662290256,0.45586079201965224
VUG,XBI,0.5093652531454546,0.9651975408802127,0.45583228773475815
INTC,VLO,0.08883536969554784,0.5446411018691443,0.45580573217359643
CVX,MO,0.16468978539267293,0.6203515785147942,0.45566179312212124
BX,SMCI,0.18462118944622372,0.6401961956047185,0.4555750061584948
KHC,STM,0.015242271986514446,0.47055518911828464,0.4553129171317702
FITB,UNH,0.12054618965137683,0.5757284939413347,0.45518230428995793
O,SPCX,-0.018758910416823406,0.43635498347692186,0.4551138938937453
AMD,BX,0.2136432921328089,0.6686899110523546,0.4550466189195458
HII,TSLA,0.09335826584418086,0.5483626995432902,0.45500443369910937
HEI,NEE,0.07552496428675043,0.530188005492192,0.4546630412054416
KO,SHEL,0.05577718334026184,0.5104316258047775,0.4546544424645157
ARKK,XLF,0.33838686336906626,0.7929391298304279,0.45455226646136165
INTC,SPCX,0.15581000462232752,0.6099369777571367,0.4541269731348092
CL,RKLB,-0.08962635343702754,0.36438088868686574,0.4540072421238933
ABBV,RF,0.13485573391172323,0.588476135981125,0.4536204020694018
AMD,BA,0.14949070499190142,0.6029391420039181,0.45344843701201665
HII,NVDA,0.04088689024349924,0.494333718133557,0.45344682789005775
BAYRY,KO,0.14220037964794283,0.5955375956596928,0.4533372160117499
GOOGL,NEE,0.09302054096296272,0.5457563709223999,0.4527358299594372
IYR,KO,0.28476327362730663,0.737407295847914,0.45264402222060734
PSX,VIG,0.34036338739009264,0.7926957304073725,0.45233234301727987
BKSY,GIS,-0.11581536721631681,0.3365166640096574,0.4523320312259742
ABBV,CL,0.1709055041417003,0.6229740802517595,0.4520685761100592
CL,NTR,0.018736305687036867,0.47066124900181533,0.45192494331477845
CVX,FANG,0.5325878256494309,0.9843023301176285,0.4517145044681976
C,VUG,0.41554176095441103,0.8671909325439252,0.4516491715895142
MCD,SPLV,0.4654666613580328,0.9163373269501099,0.45087066559207717
DG,MCHP,0.09986062951502585,0.5506056593524977,0.4507450298374719
MCHP,MRK,0.03907618224840529,0.48972061222399993,0.4506444299755946
FITB,MU,0.10378452568930427,0.5544226086409436,0.4506380829516393
CSCO,KO,0.12862032264302006,0.5791798187440167,0.45055949610099666
FITB,LMT,0.11127069151795126,0.5616307579206331,0.45036006640268184
AMD,INTC,0.3566827335306061,0.8070416244679225,0.4503588909373164
ALL,SPLV,0.47674307121804915,0.9270579639762211,0.45031489275817194
D,MCD,0.16041245391707082,0.6107142857763572,0.4503018318592864
CFG,PG,-0.0065049247452180275,0.4437000760108258,0.4502050007560438
CW,NEE,0.07800572089543675,0.528193638190363,0.45018791729492624
AMD,MO,0.0717239391731095,0.5217984902891787,0.4500745511160692
BAYRY,DVY,0.3616461292777001,0.8116570422130781,0.450010912935378
AMD,USMV,0.22841068075594803,0.6781190632245916,0.44970838246864353
BEN,CPB,0.0847303236780735,0.534233885246839,0.44950356156876553
MCHP,TDW,0.06865951137602358,0.5181245767244222,0.4494650653483987
BX,SMG,0.23736651428284533,0.6867126734645754,0.4493461591817301
SCHW,TDW,0.10186064615597595,0.5509621432232521,0.44910149706727615
AMD,VYM,0.2519339062436705,0.7009802868444588,0.4490463806007883
DVY,PLD,0.4990005314032927,0.9478941096983258,0.44889357829503307
BLK,SMCI,0.16526150119329686,0.6141443576926677,0.4488828564993709
INTC,TDW,0.07453398918397025,0.5231308133935237,0.4485968242095535
CVX,FITB,0.14880264551570815,0.5973558643575497,0.44855321884184157
CRWD,INTC,0.17445839356385928,0.6229960766316731,0.44853768306781383
FITB,GOOGL,0.1465219393435435,0.5949734612960372,0.4484515219524937
AEP,SPCX,-0.07630966482938815,0.3719656497750645,0.4482753146044527
GOOGL,SPCX,-0.028249252418466684,0.41999671142052036,0.44824596383898707
GIS,IRDM,0.030565949462153134,0.4786621417392634,0.4480961922771103
CTVA,TTMI,0.1759949559489208,0.6240183568196475,0.4480234008707267
INTC,NTR,0.09003119432325715,0.5379457277775892,0.4479145334543321
CAT,TGT,0.17929156473448404,0.6271302047979442,0.4478386400634602
CTVA,NTR,0.39584821952651994,0.8436259888709781,0.4477777693444581
CTVA,SYF,0.28889524623360624,0.7364316091357228,0.44753636290211657
GIS,XLV,0.2323203670181378,0.6796972253842564,0.44737685836611857
CL,WM,0.0959814185322602,0.5430059453911783,0.44702452685891814
CAT,SMG,0.16307693346981267,0.610056659457468,0.44697972598765534
LLY,VAL,-0.0921420747151159,0.3544198452429983,0.44656191995811423
MU,SPCX,0.055547382338121384,0.5019156101162413,0.4463682277781199
MMM,TSLA,0.10011799551272021,0.5464049891717251,0.44628699365900487
ABBV,XLF,0.2301763714610625,0.6761831722492676,0.4460068007882051
TSLA,VLO,0.08186644406613315,0.5274804054696083,0.44561396140347515
DUK,INTC,0.08080388567060873,0.5263989659174768,0.4455950802468681
USMV,WM,0.5368831868877071,0.9823314618193222,0.4454482749316151
PEP,USMV,0.5318118660398402,0.977150485080481,0.44533861904064076
CFG,NVDA,0.11158564921396885,0.5566025728420002,0.44501692362803136
ALL,SPCX,-0.09987530922569506,0.34504245578121634,0.4449177650069114
CB,SPCX,-0.08957637295264687,0.3548609356202378,0.44443730857288466
GIS,HPQ,0.12572404645982443,0.5699667130921144,0.44424266663229
MU,SMG,0.11580548726933387,0.5599706650945626,0.44416517782522874
BAYRY,SMG,0.1838659187558307,0.6279227033791482,0.44405678462331755
INTC,STLD,0.1789129186681283,0.6228125588829112,0.4438996402147829
FITB,PEP,0.12622687334843694,0.5700740103490818,0.4438471370006448
CVX,PSX,0.540436838493886,0.9842462954942544,0.44380945700036833
BEN,LXU,0.06046934576682899,0.5041428375899184,0.4436734918230894
COST,KO,0.15492066959744838,0.5985650294612611,0.44364435986381273
C,SHEL,0.06908951384369091,0.5126646863326184,0.4435751724889275
KO,LRCX,0.061438685947597015,0.5048095719340705,0.4433708859864735
FITB,VNQ,0.26069860479537205,0.703967243976738,0.443268639181366
TGT,VYM,0.33913859697301907,0.782300475040598,0.4431618780675789
NEE,TDW,0.02321625800928964,0.466366868582836,0.4431506105735464
CB,INTC,0.09565097074234993,0.5387478628011516,0.44309689205880165
BX,VUG,0.4900765613015323,0.9330725112499902,0.4429959499484579
PLD,SMG,0.20279478421991223,0.6456589244993737,0.4428641402794614
QQQ,TGT,0.2440220456439674,0.6866218186698769,0.4425997730259095
KO,PLD,0.1949991139994901,0.6372222878605384,0.44222317386104826
BAYRY,VYM,0.36967721172337775,0.8118756546779126,0.4421984429545348
C,QQQ,0.3766148854427796,0.818806537792575,0.44219165234979535
HON,MO,0.17865765796214464,0.6206953463974793,0.44203768843533464
BA,KO,0.17841518417177613,0.6204124545433037,0.4419972703715276
INTC,MPC,0.1303889444453003,0.5722211568741132,0.44183221242881293
O,TSLA,0.07743518905020391,0.518762304850214,0.4413271158000101
BA,TSLA,0.1466370300451716,0.5878617962209769,0.4412247661758053
DVY,HON,0.5470894570752025,0.9882781092893023,0.44118865221409975
MCHP,SYF,0.2548515933300822,0.6959334317594283,0.4410818384293461
SMG,XBI,0.22447517308984022,0.665477465539368,0.4410022924495278
DOW,DVN,0.4091434474218825,0.8500994665527106,0.4409560191308281
ARKK,VYM,0.38417793038881815,0.8250278561481452,0.4408499257593271
DUK,SO,0.5369736999226122,0.9777758657091977,0.4408021657865855
TGT,VIG,0.35448360219770586,0.7951804487178796,0.44069684652017377
STLD,SYF,0.3364878823421993,0.7770826436784619,0.44059476133626263
BA,FITB,0.17041392389424403,0.610814281615561,0.4404003577213169
COST,SPCX,-0.08916915827952979,0.35080631231475495,0.43997547059428477
AMD,ORCL,0.19454724462181705,0.6344065865612105,0.43985934193939347
MCHP,NTR,0.19340821104460887,0.6332633814762861,0.43985517043167727
BAYRY,D,0.11742694092703558,0.557109911408858,0.4396829704818224
JNJ,SPCX,-0.07397873120703248,0.3655252449962337,0.43950397620326614
BLK,SCHW,0.3685983570079623,0.8080364747238019,0.4394381177158396
AEP,INTC,0.10196434118243923,0.541031362333937,0.43906702115149776
QQQ,TTMI,0.3581181292611595,0.7966941213372052,0.4385759920760457
CFG,PLTR,0.16239820450782205,0.6007309445228401,0.4383327400150181
SO,VAL,0.01968873312676565,0.45795350799402623,0.43826477486726056
DE,MO,0.16132892094289175,0.5994076743005413,0.43807875335764956
SYF,TSLA,0.15808065193620596,0.5959581074448476,0.4378774555086416
FANG,XOM,0.5412248069997652,0.9786943807056823,0.4374695737059171
DVY,TGT,0.3469161161170191,0.7842642982928943,0.43734818217587523
C,IVZ,0.37185149143128754,0.8086951869409008,0.4368436955096133
PLTR,QQQ,0.4878070474480295,0.924568658762719,0.4367616113146895
ASIX,DOW,0.46207586930614364,0.8988261853845527,0.4367503160784091
DUK,VAL,-0.04413871880147746,0.3924310408206458,0.43656975962212324
SHEL,SMG,0.06731319218071916,0.5038175382116789,0.43650434603095967
FITB,MCD,0.13155874042858995,0.5680268316021717,0.43646809117358176
ASTS,CL,-0.10526255884540674,0.3311765274829802,0.43643908632838696
O,USMV,0.46752101978606053,0.9038286394722373,0.4363076196861768
BEN,CAG,0.1094441874087082,0.5456502985084831,0.4362061110997749
BAYRY,SMCI,0.09824649446665769,0.53440639461667,0.4361599001500124
HII,VIG,0.34877581178958894,0.784904751343896,0.4361289395543071
KMB,SPLV,0.5077563079384613,0.9437985845156597,0.4360422765771984
ASTS,XLF,0.08728481814669216,0.5231385897076648,0.43585377156097266
D,JNJ,0.18860485195384086,0.6242117668037355,0.4356069148498946
BEN,GIS,0.10709691468539308,0.5424848987866212,0.43538798410122814
FITB,LLY,0.12077684490290506,0.5561482996227561,0.43537145471985106
SHEL,XBI,0.1400778006035106,0.5753806787917926,0.43530287818828195
CFG,PEP,-0.001982657960672136,0.43331703359752954,0.4352996915582017
GD,MO,0.14595114090946498,0.5811992532508231,0.43524811234135813
CL,REGN,0.06579805025648057,0.5009997804834754,0.4352017302269948
SMCI,TDW,0.07488666107630491,0.5095271758107556,0.43464051473445064
MCHP,O,0.10227145372125483,0.5368034374707616,0.4345319837495068
AMD,SBUX,0.13940087010685132,0.573926552794373,0.4345256826875217
AEP,MCHP,0.034485646968966985,0.46889965863966476,0.43441401167069776
DD,MO,0.1910416329113962,0.6253921001321238,0.43435046722072757
FITB,LRCX,0.1231955897686485,0.557291574532527,0.43409598476387845
ARKK,BX,0.43521437863405965,0.8689008258332865,0.4336864471992269
CAT,MO,0.15098246626708378,0.5845944155018259,0.4336119492347421
IYR,MO,0.19116719629919598,0.6246232902972465,0.4334560939980505
FITB,XOM,0.17737696603443404,0.6106623997560775,0.43328543372164346
BLK,VUG,0.5150744586033948,0.948309114857711,0.4332346562543161
GOOGL,VUG,0.5218384057923388,0.9550296391374578,0.433191233345119
IYR,TSLA,0.1546119541867448,0.5877898496707206,0.4331778954839758
BAC,BEN,0.23689215391037707,0.670057780269575,0.43316562635919786
SMG,VIG,0.323284068733066,0.7564447127137203,0.4331606439806543
PLD,SHEL,0.1268437692796352,0.5597412021286118,0.4328974328489766
SEDG,STM,0.2314966016103054,0.6643595338880038,0.43286293227769845
SMCI,XBI,0.19054810041968984,0.623309728280945,0.43276162786125516
TSLA,USMV,0.18156709365124754,0.6142533429013328,0.43268624925008525
AEP,MO,0.16926960935411228,0.6018335474680234,0.43256393811391114
FITB,NUE,0.1939192368431052,0.6261768185827546,0.43225758173964945
KO,LMT,0.1430912636123386,0.5753396922819827,0.4322484286696441
BLK,SPLV,0.49084868287474726,0.92306202536973,0.4322133424949828
MRK,VIG,0.3177072684874058,0.7496569538767526,0.43194968538934675
MTSI,RF,0.14690953280286473,0.5788450434830416,0.4319355106801768
SHEL,VIG,0.3338831964514398,0.7658115137830034,0.43192831733156356
MO,MRK,0.2087141481823846,0.6405400577292251,0.43182590954684047
ORCL,SMCI,0.21535541220533586,0.6470203344715076,0.4316649222661718
BLK,NEE,0.1266933289696304,0.5583008245718211,0.4316074956021907
HII,MCHP,0.15880603246356018,0.590320852921199,0.4315148204576388
LRCX,NEE,0.04140119815688045,0.47251403763042804,0.4311128394735476
CAT,VYM,0.5596532592861683,0.9907493061783064,0.4310960468921381
LXU,XLP,0.059865234130148076,0.4909317377042278,0.4310665035740797
DUK,MO,0.19382491486568676,0.6248820451922176,0.4310571303265308
DVY,VUG,0.5267181715042408,0.9577714875515091,0.43105331604726826
AEP,VAL,-0.04691043179939175,0.3839163852567978,0.4308268170561895
AMAT,LRCX,0.5391708653021374,0.9698930609360606,0.4307221956339232
ICL,IPI,0.2509914302287886,0.6814813924220073,0.4304899621932187
CL,IVZ,0.10809919607301169,0.5385847118893535,0.43048551581634187
MO,SO,0.2137090358101186,0.6441506190339573,0.43044158322383874
RTX,TSLA,0.10841457302245827,0.5388162709215728,0.43040169789911453
AEP,DUK,0.5556917265338168,0.9860477268636385,0.4303560003298217
JNJ,SPLV,0.48649281508364284,0.9167838116986909,0.4302909966150481
GD,KO,0.14488619765460894,0.575164384914415,0.43027818725980604
DVY,JPM,0.562121489777383,0.9921463648781981,0.4300248751008151
LRCX,VAL,0.1335815558788022,0.5635832800512275,0.4300017241724253
CW,SYF,0.31971132464621926,0.7496930076659963,0.4299816830197771
ASIX,BEN,0.29908069509641283,0.7288954274688485,0.42981473237243567
KMB,SPCX,-0.13235170243920286,0.29737407278146943,0.4297257752206723
CSCO,FITB,0.16741293451707906,0.5967547470048248,0.4293418124877457
FITB,NOC,0.13317366372241324,0.5624008820755164,0.4292272183531032
KO,XOM,0.21905070510731098,0.6482295157149657,0.4291788106076547
AEP,SO,0.5489352121488299,0.9781116387389062,0.42917642659007627
CAT,SMCI,0.17953389907698974,0.6086721873815841,0.4291382883045944
D,SMG,0.09204804848114088,0.5211247494992829,0.429076701018142
SMG,TDW,0.0681448919987716,0.4971726943861684,0.4290278023873968
AMAT,AMD,0.36518557284938064,0.7941998342787692,0.42901426142938853
BEN,MSFT,0.1725090842345305,0.6015231994823906,0.42901411524786015
SHEL,TGT,0.05547736888037407,0.48441888672757716,0.4289415178472031
JNJ,MCHP,0.0342432120681447,0.463142390163559,0.42889917809541434
TSLA,VNQ,0.1473427774898007,0.5760948370894288,0.42875205959962803
AMAT,FITB,0.140083336793596,0.5688058942439418,0.4287225574503458
IVZ,MO,0.06903678401697898,0.4976739090961104,0.42863712507913143
RKLB,XLF,0.21969304342830784,0.6481889712486388,0.42849592782033097
MCHP,MPC,0.20540263344832735,0.6338252988805058,0.42842266543217844
ARKK,MTSI,0.3729423708344953,0.8012763281780918,0.4283339573435965
BLK,USMV,0.5549207337370692,0.983252813025332,0.4283320792882628
AFL,DVY,0.5118253143803971,0.9400873941437143,0.4282620797633172
BA,NEE,0.12094471242834509,0.5491832650685634,0.4282385526402183
DVN,IPI,0.2939467727366323,0.722103651996944,0.42815687926031176
BX,SHEL,0.2024181185834167,0.6304681922069323,0.42805007362351555
BA,MO,0.14968380398189302,0.5776335274005282,0.4279497234186352
CB,SHEL,0.10507233223561255,0.5328999842138407,0.42782765197822814
CB,NEE,0.14015917095035912,0.5678699098244631,0.42771073887410394
ICL,XLP,0.10758137707864095,0.5351731281146284,0.4275917510359874
D,SHEL,0.07588803332389038,0.5033829992325484,0.427494965908658
NEE,QQQ,0.11493045920601887,0.5423585976003328,0.42742813839431393
CRWD,HBAN,0.01962327154830416,0.4468272938972463,0.4272040223489421
NEE,UNH,0.09803022623737118,0.52471077521621,0.42668054897883884
MO,SMCI,-0.030116159106404795,0.3962922297433843,0.4264083888497891
MO,O,0.1650683417786643,0.591351976860042,0.42628363508137773
IVZ,JPM,0.3597498517482528,0.7858959099171361,0.4261460581688833
DD,FITB,0.21158502273530452,0.6374730252144128,0.4258880024791083
BEN,ICL,0.1394229819101931,0.5652229554777329,0.42579997356753985
SMCI,VYM,0.20932234263719554,0.6350125702920344,0.4256902276548389
FITB,IBM,0.1599291514682165,0.585500513310127,0.42557136184191047
NEE,SMG,0.11567907799857254,0.5409048351608918,0.4252257571623193
KO,VUG,0.2530352138082549,0.6779464904255673,0.42491127661731243
BAYRY,MO,0.11965971606319838,0.5445500289256742,0.4248903128624758
KO,MU,0.061143249183435666,0.48595646850299673,0.42481321931956106
NEE,VIG,0.3366264538506481,0.7612947116356453,0.4246682577849972
CVX,MCHP,0.07948200542366156,0.5040647792487383,0.4245827738250767
ALL,NEE,0.1512430020882681,0.5756908249746919,0.4244478228864238
SHEL,UNH,0.005703643972003021,0.4296971376919187,0.4239934937199157
D,KO,0.21293677557768412,0.6367646544656046,0.4238278788879205
FMC,XLV,0.17401683640435753,0.5976774835647867,0.42366064716042917
FITB,JNJ,0.15152694080441312,0.575100120142319,0.42357317933790595
VIG,VLO,0.3132628653882122,0.7367456200192916,0.42348275463107937
COST,FITB,0.13675384341170704,0.5600511953615529,0.42329735194984586
ARKK,RF,0.2651851471686421,0.6883665668104957,0.4231814196418536
CFG,UAN,0.12764872106493694,0.5503355016829331,0.42268678061799614
SMCI,TTMI,0.19152972507682703,0.614063049449605,0.42253332437277796
HMC,XLP,0.19505053157592722,0.6173687416293924,0.42231821005346515
IYR,SMG,0.2755743211087768,0.6976452690255194,0.4220709479167426
NKE,XLP,0.20834058071216932,0.6301176642302911,0.4217770835181218
CL,SMG,0.10514331993695046,0.5269089790608388,0.4217656591238883
MKC,XLV,0.2169224945838639,0.6386358779579656,0.4217133833741017
MO,XOM,0.18347320709666462,0.6051627797372315,0.42168957264056695
CPB,GIS,0.3609947530876399,0.7826678417629035,0.4216730886752636
D,PEP,0.20053829543703386,0.6220446963446241,0.4215064009075903
SMG,VNQ,0.28003599718158734,0.701310778988959,0.42127478180737166
CVX,SPCX,-0.06185548379947154,0.35896283921120914,0.4208183230106807
ASIX,MSFT,0.08395260729354002,0.5047248153774881,0.4207722080839481
PSX,XOM,0.5423469932715642,0.9630774377517385,0.42073044448017427
SPLV,VUG,0.4748679651531004,0.894903228177036,0.4200352630239356
MCHP,VAL,0.17662755994291413,0.5965449277691927,0.41991736782627853
ABBV,MCHP,0.14037515435929068,0.5602414087249729,0.41986625436568215
SPLV,TRV,0.5068741571556845,0.9263956641679211,0.41952150701223656
JPM,SCHW,0.39755403077342577,0.8170173532810079,0.4194633225075821
NUE,TSLA,0.14052959910932292,0.5597519117630758,0.41922231265375287
MSFT,NKE,0.17200816259711557,0.5911351073554078,0.41912694475829215
CVX,INTC,0.13641321194621878,0.5554470883779442,0.4190338764317254
CW,INTC,0.1033642184825757,0.5221020243424848,0.41873780585990905
CL,SCHW,0.15467553403411652,0.5731648613887855,0.41848932735466904
DE,TSLA,0.10380931881261278,0.522243546078259,0.41843422726564616
TDW,TGT,0.07460697185289329,0.49270707099080024,0.41810009913790697
KMB,SHEL,0.057692343923209044,0.47575034858168547,0.4180580046584764
KO,O,0.18515361265483402,0.6029774985699544,0.41782388591512043
BAYRY,INTC,0.14078171397902683,0.5584696765622515,0.4176879625832247
MO,TRV,0.1808524292132978,0.5984393669148855,0.4175869377015877
CL,D,0.16886228431453212,0.5862562380019327,0.4173939536874006
MRK,SHEL,0.05804168705990007,0.47541310130920394,0.41737141424930385
AMD,IVZ,0.1696892317205714,0.5865991292027029,0.4169098974821315
BX,TSLA,0.19085224496960845,0.6076345444427038,0.41678229947309536
ENPH,STM,0.19369233969172908,0.6104662557102951,0.41677391601856606
CFG,LLY,-0.0026217061026253497,0.413387595784971,0.41600930188759633
MCD,TGT,0.21409005607317447,0.6299859778124509,0.4158959217392765
NKE,XLV,0.2385158528102766,0.6544037422177721,0.4158878894074955
BX,IVZ,0.4339534233009288,0.8494923803799266,0.4155389570789978
MO,VNQ,0.23291329917748585,0.648331105639151,0.41541780646166515
NKE,T,0.12245827064227194,0.5377516326996429,0.41529336205737094
BLK,C,0.400385542097838,0.8156355048060513,0.4152499627082133
O,VIG,0.37253630746822536,0.7877418535702247,0.4152055461019994
ASTS,INTC,0.11984949055913022,0.5348377213633754,0.4149882308042452
IVZ,SHEL,0.22578355571882758,0.640765697423855,0.41498214170502745
FMC,NKE,0.11572366240417849,0.530554512069545,0.4148308496653665
NVDA,SYF,0.12266970255418377,0.5372774458204633,0.4146077432662796
INTC,XBI,0.23131861210166654,0.64584482140691,0.4145262093052435
TSLA,VIG,0.2510777879050687,0.6655974630020977,0.414519675097029
CF,GIS,0.04304858327388531,0.4574466877006169,0.4143981044267316
ORCL,SHEL,0.050296869691373036,0.46448034220407425,0.4141834725127012
SYF,VIG,0.40771405563814705,0.8218623420536305,0.41414828641548346
FANG,NVDA,0.08310667257285895,0.4970925512661711,0.41398587869331216
HON,KO,0.1866273068735235,0.600522037958147,0.4138947310846235
INTC,UNH,0.09011914904000215,0.5037964139576451,0.4136772649176429
BLK,SMG,0.20053846379494145,0.6141762047529126,0.4136377409579711
D,NVDA,-0.038522571106159864,0.3750454374002148,0.41356800850637465
ARKK,ASTS,0.3048722715298106,0.7180966813398609,0.4132244098100503
JPM,MO,0.18587938285898642,0.5988864734231271,0.41300709056414064
GIS,PYPL,0.010478288526690027,0.42345263469267036,0.41297434616598033
IVZ,VUG,0.44221815357997735,0.8547573165981472,0.4125391630181699
NEE,NOC,0.13102273698782688,0.5435137879075917,0.4124910509197649
XLE,XLP,0.18942929884546097,0.6018827581401038,0.41245345929464283
CW,FITB,0.16596289742783052,0.5783963348160007,0.4124334373881702
DD,TSLA,0.12685366053814465,0.5391241615473928,0.4122705010092482
PLTR,VUG,0.49538751715500623,0.9075837762420615,0.4121962590870553
COST,NEE,0.11020578005856468,0.5222784583757175,0.41207267831715283
PG,SHEL,0.047436208892819874,0.45940878302827637,0.4119725741354565
PLTR,TSLA,0.36078011758636747,0.7727386991879567,0.4119585816015892
D,FITB,0.09280101235917622,0.5046450362882784,0.4118440239291022
DVY,TSLA,0.1378524157033229,0.5496660867742824,0.4118136710709595
DG,RF,0.09836933974421624,0.5100348986785815,0.4116655589343653
KMB,KO,0.27523528353759885,0.686859083162164,0.4116237996245652
REGN,VIG,0.27740783982636336,0.6889577690473766,0.41154992922101324
GOOGL,SHEL,0.1155988352286207,0.5271157978898005,0.41151696266117976
JPM,NEE,0.1412621649055885,0.5527373551514752,0.41147519024588664
CL,PSX,0.053863055281395546,0.46528115791142904,0.4114181026300335
PLD,USMV,0.5506701378878742,0.9616214047339462,0.41095126684607197
CSCO,TSLA,0.12399376404824433,0.5346651868347595,0.41067142278651514
CTVA,RF,0.30719786995534876,0.7177824261369502,0.41058455618160145
GOOGL,MCHP,0.2527269914364742,0.6629976029719585,0.41027061153548433
MO,RTX,0.17978666679002905,0.5900545396441272,0.41026787285409816
MU,VAL,0.1096275478700773,0.519860833778756,0.41023328590867875
TDG,TSLA,0.12140865388351504,0.5311704187252604,0.4097617648417453
REGN,TSLA,0.12732812234663896,0.5368167480005066,0.4094886256538677
BA,SHEL,0.07709688152859102,0.48650107285922983,0.4094041913306388
MO,SBUX,0.11864011582224618,0.5279335208702325,0.4092934050479863
CF,PFE,0.07136657021969191,0.4806025220600568,0.40923595184036493
DE,KO,0.17717162590067587,0.5862071054419612,0.40903547954128533
MCHP,PG,0.04105650859353903,0.4499886913522709,0.40893218275873183
IRDM,STM,0.1926911815410586,0.601550935374822,0.4088597538337634
JPM,KO,0.21707209055345528,0.6258780002672936,0.4088059097138383
ORCL,TSLA,0.1666966961985509,0.5750705035517534,0.4083738073532025
HON,USMV,0.5663728418526712,0.9746699788960755,0.4082971370434043
BEN,MKC,0.09406743314888509,0.5020983492392214,0.40803091609033626
SMCI,VIG,0.23929450440467182,0.6473129927515048,0.40801848834683296
CL,VLO,0.03956239995711267,0.4475338066687669,0.4079714067116542
MCHP,VLO,0.09161709235659181,0.49927683119622235,0.4076597388396305
GOOGL,QQQ,0.5526416091296783,0.9602604812333806,0.4076188721037023
CAG,VZ,0.20037657221021662,0.6079940638624193,0.4076174916522026
LMT,MCHP,0.04669217514508731,0.4542612918931969,0.4075691167481096
CRWD,SPCX,0.009708507935620196,0.4171717079505164,0.4074632000148962
SHEL,TDG,0.14831921417837213,0.5556685370653464,0.40734932288697423
CVX,KO,0.17699422091479947,0.5843241012421603,0.40732988032736084
PFE,XLE,0.12903419990858633,0.5360760368987116,0.4070418369901253
D,PM,0.275557763277236,0.6825085976885322,0.4069508344112962
HII,INTC,0.10903385930649367,0.5159466224221368,0.4069127631156432
MTSI,XLF,0.19172984754295216,0.5986297130121234,0.40689986546917123
HEI,INTC,0.10860034640872121,0.5153846647986602,0.406784318389939
NKE,PFE,0.12302866894097858,0.5296964527213232,0.40666778378034457
VNQ,VYM,0.558298875024139,0.9644403803048243,0.40614150528068527
TGT,TTMI,0.11583645716759575,0.5219553307585517,0.406118873590956
JPM,TSLA,0.14099134013370954,0.5469386899486359,0.4059473498149264
SMG,TSLA,0.1257770756981412,0.5316166984078516,0.4058396227097104
KO,TTMI,0.03577033530839462,0.44153874658476905,0.4057684112763744
AFL,CL,0.14659948541846754,0.5522921460774085,0.40569266065894094
NVDA,TGT,0.05123272684815973,0.45686024197066205,0.40562751512250234
DE,NEE,0.10463868961149929,0.509826015434274,0.40518732582277467
FITB,STLD,0.21913719661228623,0.6242435739578518,0.40510637734556554
MCHP,XOM,0.0865658275151015,0.4916032629391689,0.4050374354240674
MO,SPLV,0.3950240681976374,0.8000103788938177,0.40498631069618024
FITB,GD,0.17078981886375244,0.5756396277120014,0.40484980884824895
C,TSLA,0.15654400723338324,0.5612922500964939,0.4047482428631106
AMD,CTVA,0.06997369128077238,0.4744557355199651,0.40448204423919276
ARKK,VIG,0.46057041846326496,0.8646901177136922,0.40411969925042723
CL,ORCL,0.10589532022472015,0.5097691746967621,0.40387385447204194
INTC,MRK,0.13122234026409668,0.5349611496181501,0.40373880935405343
IBM,KO,0.2026043142517373,0.6063071563718018,0.40370284212006446
ASTS,BMY,-0.01890535948254234,0.3846087328963415,0.40351409237888386
MCHP,PEP,0.06963929992000958,0.47311753138747187,0.4034782314674623
MU,NEE,0.045318402575246886,0.4487616382241845,0.40344323564893764
FITB,SHEL,0.06559244669584471,0.46897517687557727,0.4033827301797326
MKC,T,0.13232346232687908,0.5355546143775988,0.4032311520507197
KO,TDW,0.04608893682107703,0.44926359087409934,0.40317465405302233
BAYRY,FITB,0.18250883706796353,0.5855501883168172,0.40304135124885365
NEE,TGT,0.1373370153009443,0.5402653491179381,0.4029283338169938
INTC,LRCX,0.34045839325334143,0.742997134389255,0.40253874113591354
ORCL,QQQ,0.555527717268979,0.9580029971728811,0.4024752799039021
BAYRY,MCHP,0.13990063518224868,0.542277377224073,0.4023767420418243
CFG,DG,0.0586005502293536,0.46089962024520914,0.4022990700158555
ARKK,BLK,0.4116004636469297,0.8137932109935885,0.4021927473466588
PEP,VAL,-0.0220243496178849,0.3801119502220347,0.4021362998399196
FITB,HON,0.19903961790074803,0.6011618352623354,0.4021222173615873
CRWD,TSLA,0.22872607907587855,0.6308376199303898,0.40211154085451123
CPB,XLV,0.19037269620303973,0.5924154741066721,0.4020427779036323
BAYRY,VIG,0.34833491744367606,0.7501768727516719,0.4018419553079958
NVDA,PM,-0.018957639890606923,0.3826503965133458,0.40160803640395276
KO,VNQ,0.34146398188610694,0.743055550613443,0.40159156872733603
BKSY,ENPH,0.16804508085001088,0.5695099994349417,0.40146491858493083
CL,TGT,0.16604828862651586,0.5675041630245706,0.40145587439805475
RF,SPLV,0.28046251175320014,0.6819085371872404,0.4014460254340403
FITB,SMCI,0.11772408983507872,0.5191563333862176,0.4014322435511389
ICL,XLV,0.10300472453899273,0.5041201922633689,0.4011154677243762
LLY,MCHP,0.05390677543029602,0.4544870150740363,0.4005802396437403
CAT,KO,0.15954508802486667,0.5597420644295341,0.40019697640466745
PEP,SHEL,0.03157321158629263,0.43165779552896,0.4000845839426674
DD,MCHP,0.14932988229772187,0.5493841327925363,0.4000542504948144
KMB,NEE,0.20508604812252226,0.6051039607475114,0.4000179126249891
MCHP,PLD,0.14724521444405303,0.5472579609639299,0.40001274651987684
NEE,XOM,0.16955012098970984,0.5694766247772842,0.3999265037875744
KO,TRV,0.21307504963591067,0.6129915067483153,0.3999164571124046
BMY,CFG,0.09713008454948259,0.4968992231452378,0.39976913859575525
AMAT,NEE,0.07781811239647148,0.47727882495272694,0.3994607125562555
CVX,NEE,0.14841333337217802,0.5476796384633487,0.39926630509117067
SMG,TTMI,0.1285620889816919,0.5277465256138318,0.3991844366321399
BAC,PYPL,0.17203310294404428,0.5707383705136115,0.39870526756956726
INTC,MTSI,0.25117845222190976,0.6498382693452355,0.3986598171233257
CFG,CRWD,0.04470263692015754,0.44303833616839033,0.3983356992482328
HBAN,PLTR,0.13272970000216536,0.5309498396713851,0.39822013966921976
FITB,TDW,0.10757355720929963,0.5055780295210613,0.3980044723117617
DD,NEE,0.14017342945024522,0.5380606335522792,0.39788720410203393
AFL,MCHP,0.11282290917733097,0.5104582942520846,0.3976353850747536
CW,SMCI,0.2085619993113173,0.6061606448596751,0.39759864554835783
LMT,NEE,0.11122957813682367,0.5087670571524165,0.3975374790155929
D,XLF,0.1900437541729742,0.5872927081257405,0.3972489539527663
C,NEE,0.135173809578758,0.5318727271556676,0.39669891757690956
SHEL,TRV,0.05419728631670544,0.4507775409090515,0.396580254592346
RF,TSLA,0.1360750327872957,0.5325807279833874,0.3965056951960917
NVDA,TSLA,0.25668007498817824,0.6528865734576439,0.39620649846946565
BLK,CL,0.115223995274811,0.5113772729903279,0.3961532777155169
PM,SHEL,0.16698514110965568,0.5629571243082043,0.39597198319854865
HEI,SHEL,0.03403169670801497,0.4298141735903761,0.3957824768823611
PG,SPLV,0.5494561222830832,0.9450328010718272,0.39557667878874403
DE,FITB,0.19171341388336655,0.5870044099698589,0.3952909960864924
INTC,TDG,0.1294525140544036,0.5246785414834183,0.3952260274290147
MCHP,VNQ,0.24811358148759016,0.6433136587741182,0.395200077286528
AMD,IBM,0.22337349838138693,0.6185218418186638,0.39514834343727684
SHEL,TDW,0.11954650517468329,0.5146860404197551,0.3951395352450718
BAC,NKE,0.1425573780573982,0.5374846631256578,0.3949272850682596
HON,SPLV,0.5240938400711452,0.9184440911752616,0.39435025110411637
CF,XLV,0.15669255804088644,0.5510024031471692,0.39430984510628275
AMAT,KO,0.11433945772330235,0.5086299594551006,0.39429050173179825
HBAN,RKLB,0.20536272892302562,0.5995932880486362,0.39423055912561056
ALL,INTC,0.11512028129599464,0.5092837530552341,0.3941634717592395
NEE,PM,0.21487400636131782,0.6090336815825078,0.39415967522119
DVY,SCHW,0.4862973865427639,0.8802828657665659,0.393985479223802
CF,MSFT,0.08620408659737201,0.4800864174511589,0.3938823308537869
FMC,MSFT,0.1012195865041611,0.49498232877682236,0.3937627422726613
HMC,SCHD,0.38570989674115347,0.7793817648423528,0.3936718681011993
SO,SPCX,-0.013574683049942523,0.3795453988527314,0.39312008190267395
ASIX,XLV,0.17422260792668356,0.5669699917821558,0.39274738385547225
FITB,TGT,0.1816672870592241,0.5743882469325865,0.3927209598733624
CB,SPLV,0.5219838460723116,0.9144842833013762,0.3925004372290646
NUE,SHEL,0.10836296662765145,0.5006555991388821,0.3922926325112307
NEE,VUG,0.2209518019419703,0.6131056732658922,0.3921538713239219
CL,TDG,0.13382167812123474,0.5257840690571675,0.3919623909359327
JPM,SHEL,0.07455945667255341,0.46638307861563916,0.39182362194308573
VIG,XOM,0.3651319046860896,0.7567296570466435,0.39159775236055394
DD,INTC,0.20403095939334692,0.595338770747488,0.39130781135414106
IBM,NEE,0.11914523450380629,0.5102336021981925,0.39108836769438615
CF,T,0.07005457882620109,0.46094807414398287,0.3908934953177818
FITB,TDG,0.1954056796603042,0.5861198117470013,0.39071413208669714
FITB,RTX,0.21575626043903962,0.6064204696442101,0.39066420920517053
INTC,LLY,0.13665184585744636,0.5267027582624098,0.39005091240496337
AFL,VYM,0.5491015914905507,0.9389067023519436,0.3898051108613929
CL,STLD,0.0307735193713443,0.42057833777735104,0.3898048184060067
SCHW,TTMI,0.2617197693657743,0.6514153679214539,0.38969559855567965
PM,VAL,0.000856592699631099,0.3905052986021022,0.3896487059024711
ASTS,RF,0.09555103480883217,0.4851875025620732,0.389636467753241
C,JPM,0.4620609184700561,0.8516695092783017,0.38960859080824556
CFG,MRK,0.08458009368169038,0.4740081108563021,0.38942801717461173
KMB,VAL,-0.09593679953545535,0.2934857061116868,0.38942250564714215
FITB,MMM,0.21525506402244932,0.604441410779833,0.3891863467573837
SPLV,WM,0.5496361633584032,0.9386818889107666,0.3890457255523635
IYR,MCHP,0.18839389228061101,0.5773838346667075,0.3889899423860965
SMG,VUG,0.2917700066122903,0.6806123308623315,0.3888423242500412
HON,NEE,0.16303483566776653,0.5518195531862156,0.388784717518449
MO,TSLA,-0.005996110740463695,0.3826489250638066,0.3886450358042703
BAC,HMC,0.147691113662654,0.5362823667249059,0.38859125306225195
CFG,SBUX,0.1709055783750908,0.5594234236574991,0.3885178452824083
CF,XLU,0.032418506992340966,0.420758655554015,0.38834014856167404
SCHD,VZ,0.3983009634610354,0.7866296664277327,0.3883287029666973
DOW,ENPH,0.122095329631553,0.5103772544917641,0.38828192486021107
SPCX,SYF,0.008961039954969078,0.397214358077946,0.3882533181229769
IBM,SHEL,0.0626362335103399,0.45086441740888317,0.3882281838985433
CFG,SMG,0.2018859173886043,0.5899813511315792,0.38809543374297495
FITB,SMG,0.16645778172596704,0.5545137586139782,0.3880559768880112
BAYRY,SPCX,0.01978169352339858,0.40783468958104097,0.3880529960576424
SO,VIG,0.3057950100859612,0.6935235503190356,0.38772854023307435
CPB,VZ,0.2240755399832798,0.6115639490029968,0.38748840901971704
CAT,NEE,0.10393858058483203,0.4913998017460117,0.3874612211611797
CAT,TSLA,0.1373941586359341,0.5243817506582253,0.38698759202229127
LXU,STM,0.06052306885294264,0.44739494296618754,0.3868718741132449
MO,SMG,0.07252520188846805,0.45909176470086344,0.3865665628123954
LRCX,VUG,0.5460973708585165,0.9325425157075841,0.38644514484906756
AMAT,VUG,0.561137875998555,0.9474168996230581,0.38627902362450306
IBM,MO,0.18777609772804707,0.5739060122871331,0.3861299145590861
DUK,VIG,0.31523840917795304,0.7013111366534813,0.3860727274755283
QQQ,SMG,0.21837558615807912,0.6042891825208058,0.38591359636272665
COST,VAL,-0.030789444777464297,0.3548223634992963,0.3856118082767606
SBUX,VIG,0.4419871671725128,0.8273391875856514,0.3853520204131386
DD,KO,0.23295432809863895,0.6182545331524257,0.3853002050537868
PG,VAL,-0.08500125710270949,0.3000374688735868,0.3850387259762963
BEN,XLU,0.22234952941222785,0.6073396867391666,0.38499015732693875
HMC,XLV,0.2759480360333705,0.6607222045921141,0.3847741685587436
QQQ,VYM,0.6039507596677766,0.9887106963489091,0.3847599366811325
LLY,MO,0.20670526096210434,0.5914506843038313,0.38474542334172696
STLD,TSLA,0.14111259588317707,0.5256332926456004,0.3845206967624234
CPB,NKE,0.10305763799391078,0.4873494559303191,0.3842918179364083
C,MO,0.17696607841683468,0.56118716542166,0.3842210870048254
ICL,MSFT,0.07627758771168573,0.46024102505860676,0.383963437346921
DVY,O,0.470451393170411,0.8542546941919694,0.3838033010215584
KO,MRK,0.2590770487901516,0.6426846881637445,0.3836076393735929
SHEL,VLO,0.10503780181579442,0.4883072411547495,0.3832694393389551
O,XLF,0.2374131051821383,0.620400456484208,0.38298735130206973
AMD,VUG,0.431229864666639,0.814144558559843,0.38291469389320404
PM,VIG,0.3171119633647111,0.6999372566529333,0.3828252932882222
CB,MCHP,0.0951220233067738,0.4778964890882009,0.38277446578142715
NOC,SHEL,0.048528325502748514,0.4311144433528584,0.38258611785010993
HPQ,XLP,0.15359399064197962,0.5358860638840652,0.3822920732420856
FANG,SPCX,-0.020207556855837885,0.3617750635731715,0.3819826204290094
CVX,XOM,0.589944125765709,0.9719043689054327,0.38196024313972377
KMB,MO,0.21819827723077126,0.5997606537496256,0.3815623765188544
KMB,MCHP,0.046593901729927265,0.42792971837147287,0.3813358166415456
JNJ,SHEL,0.05330237356565412,0.43449967537538065,0.38119730180972655
DOW,SCHD,0.49664619855660774,0.8778262061418332,0.3811800075852254
BMY,CTVA,0.057361959188157334,0.4384293319504719,0.38106737276231456
KHC,MOS,0.09810154721421951,0.4791443880235087,0.3810428408092892
INTC,REGN,0.10178137954169147,0.4826000721373877,0.38081869259569623
MCD,SHEL,0.04658233814694917,0.4273600375122753,0.3807776993653261
JNJ,VAL,-0.025992945440286054,0.35474675336524475,0.3807396988055308
BKSY,XLP,0.03389978343815283,0.4146002119078553,0.3807004284697025
O,RF,0.12816517520663273,0.5087003089377425,0.3805351337311098
AEP,SHEL,0.04704729822008402,0.42720215665890177,0.38015485843881774
HON,VYM,0.6070544814960278,0.9872088930901183,0.38015441159409047
IVZ,QQQ,0.36458796970966434,0.7445553999791353,0.379967430269471
COST,TSLA,0.13593973688409985,0.5158495761053002,0.37990983922120036
PLD,TSLA,0.14856650978317348,0.528449388626581,0.3798828788434075
CL,SMCI,0.0280972159230472,0.40791921037656537,0.37982199445351816
AMD,FITB,0.0973379971960583,0.47707732098074024,0.37973932378468195
DUK,SHEL,0.06781130494942401,0.4474354076136284,0.3796241026642044
BEN,VZ,0.1346094530209429,0.5141779605415571,0.37956850752061416
GIS,XLU,0.3052319033843037,0.6843895612604333,0.37915765787612954
IYR,VYM,0.5710948984180305,0.9500043912979466,0.37890949287991604
ALL,MCHP,0.09255087301661176,0.4713869275147305,0.37883605449811875
NVDA,PSX,0.07639524875785358,0.45492430126833305,0.37852905251047947
CL,CW,0.061717295345568066,0.44015384953310804,0.37843655418753996
DOW,MSFT,0.027534057148990706,0.40582828683461264,0.37829422968562193
CL,NUE,0.10460437610565382,0.48284218248292954,0.3782378063772757
MCHP,SPCX,0.05737984140966753,0.4355915012031948,0.3782116597935273
ARKK,CRWD,0.4739594980250676,0.8515634104464155,0.3776039124213479
KO,NEE,0.22914424306528333,0.6067036517460017,0.37755940868071836
MMM,SHEL,0.08564135473041604,0.4631392984664253,0.3774979437360093
CVX,TDW,0.31107074037924937,0.6883040461001493,0.3772333057208999
AMD,SCHW,0.1598126365907502,0.5369912046851963,0.37717856809444616
FMC,MKC,0.09420051194196928,0.4712580950415245,0.3770575830995552
DVN,XLV,0.1174304269330854,0.49441912200478055,0.37698869507169513
DD,SHEL,0.10844482830434868,0.48528715261129013,0.3768423243069414
AMD,D,0.011749438308658723,0.38850238465369336,0.37675294634503464
CL,KO,0.3196494862743749,0.6963565683585101,0.3767070820841352
GIS,MSFT,0.13711560094505337,0.5136608191206427,0.3765452181755893
CL,HEI,0.07726427233446206,0.4536671337028085,0.37640286136834644
NEE,XLF,0.17403135697444438,0.550055170786696,0.3760238138122516
INTC,PEP,0.15453098161731743,0.5303355980095563,0.3758046163922389
DG,INTC,0.05315627382813328,0.42887895814966975,0.3757226843215365
DVN,MOS,0.17339675216892086,0.5485906593062073,0.37519390713728645
CAT,SYF,0.3666165237868428,0.741664884425516,0.37504836063867325
MCHP,TGT,0.12122846512938774,0.4961009685071421,0.37487250337775435
HEI,TSLA,0.1584388860723845,0.5325935959222378,0.3741547098498533
DUK,KO,0.253469311695266,0.6276211997692622,0.37415188807399624
MCHP,TTMI,0.27787974556523304,0.6520123642776744,0.37413261871244136
IVZ,MCHP,0.20819105313085565,0.5819102656603617,0.37371921252950613
C,KO,0.20914768615824283,0.5822950120221121,0.37314732586386923
AFL,INTC,0.10827265010938811,0.4813462477443425,0.3730735976349544
AEP,VIG,0.32325280079801183,0.6962510878954047,0.37299828709739286
MRK,NEE,0.18691768601084685,0.5598732799459927,0.3729555939351458
MCHP,TRV,0.09185660128780027,0.4647622228199758,0.37290562153217555
BAYRY,CFG,0.17635443982230567,0.5492172513907244,0.3728628115684187
ASTS,NVDA,0.16062754049806893,0.5334385901988744,0.3728110497008055
CFG,TSLA,0.14399151102946045,0.5163558698490681,0.37236435881960767
LXU,XLV,0.09293531752809697,0.4652591101066505,0.3723237925785535
CL,NOC,0.12632444308806157,0.49861756420398234,0.3722931211159208
C,MCHP,0.19258886387981045,0.5644631276841865,0.37187426380437605
LLY,SHEL,0.0344300994265473,0.40621597430244616,0.37178587487589887
KO,RTX,0.22567477927759352,0.5973781790820988,0.3717033998045053
BMY,NTR,0.09169025508578008,0.4631830943480094,0.3714928392622293
GD,NEE,0.13640053086179815,0.5078112892765675,0.37141075841476934
HON,TSLA,0.14437491244699208,0.5157637994943157,0.37138888704732365
AMD,MCHP,0.2817908430340615,0.653161742771758,0.3713708997376965
JPM,VYM,0.6217985816481822,0.9931597820026682,0.37136120035448594
C,INTC,0.20276886648380088,0.5738711077019921,0.37110224121819124
ASTS,TSLA,0.153692423258066,0.5245795177272371,0.3708870944691711
MKC,PFE,0.10765618124763081,0.47840775625352044,0.3707515750058896
INTC,WM,0.04614311263594837,0.4166773950737905,0.3705342824378421
BAYRY,NEE,0.11361260455776209,0.48357275981576525,0.3699601552580032
CAG,NKE,0.11109104473851489,0.48088715050920033,0.36979610577068545
FITB,IVZ,0.3370339735270852,0.706615838474926,0.36958186494784084
CAG,XLV,0.19128630664670657,0.560777546634118,0.3694912399874115
AMAT,VAL,0.15781722300224124,0.5272272444225884,0.3694100214203472
ENPH,IPI,0.08982701673394014,0.45920176788719264,0.36937475115325247
IBM,SPCX,-0.051101109549197415,0.3182550998925125,0.3693562094417099
SHEL,SO,0.05818057807261782,0.42717883538418894,0.3689982573115711
INTC,NUE,0.17028401430072995,0.5391168905077773,0.3688328762070474
C,FITB,0.37333042010459594,0.7419204655757285,0.3685900454711326
BLK,IVZ,0.39083936761024124,0.7593352018045101,0.36849583419426885
MCHP,NUE,0.16943658916150506,0.5378114049022217,0.3683748157407166
JNJ,MO,0.23929375930235539,0.6076041129242336,0.36831035362187814
DVN,ENPH,0.10145094313153137,0.4697046669052312,0.36825372377369986
SMCI,SMG,0.14226974621894586,0.5100628384516551,0.3677930922327093
SHEL,XLF,0.28741609026707565,0.6550741589969543,0.36765806872987866
DVN,HMC,0.08694371895139774,0.4544149813893876,0.36747126243798983
MSFT,PFE,0.17429018666173254,0.5416077447364095,0.3673175580746769
DUK,SPCX,-0.007839930515431453,0.35946790937161144,0.3673078398870429
CF,MKC,0.03354459432714211,0.4008358486235436,0.36729125429640147
MPC,NVDA,0.12095907089021758,0.48809243024871574,0.36713335935849817
NTR,XLF,0.2952264646179588,0.6621263619698472,0.3668998973518884
SHEL,VUG,0.25437867694467536,0.6210396023011249,0.3666609253564495
DVY,SMG,0.3187572829956098,0.6853778735958787,0.36662059060026886
SMG,VYM,0.31423901763408274,0.6808000750684251,0.36656105743434236
CL,SHEL,0.05143276107529003,0.41788875111904533,0.3664559900437553
MCHP,UNH,0.08847445307952227,0.4547041332007523,0.36622968012123003
CFG,SMCI,0.10402347456631936,0.47016733623455725,0.36614386166823787
KO,PM,0.35252070192216456,0.7183984728959345,0.36587777097376994
MSFT,PYPL,0.3209997040319945,0.6863874798077692,0.36538777577577464
CF,CPB,0.037156393246021366,0.4023014550958339,0.36514506184981255
MTSI,TSLA,0.19043821241882777,0.5554753836447184,0.36503717122589063
MSFT,XLV,0.3214376737363886,0.6863430970813513,0.36490542334496273
INTC,XOM,0.13443038731494397,0.49888904489148855,0.3644586575765446
LMT,SHEL,0.05681555480752985,0.42118964143269916,0.3643740866251693
NEE,RTX,0.1599415043251917,0.5242558209193215,0.36431431659412983
BMY,RKLB,-0.024389950540411577,0.33989026748213524,0.36428021802254684
NTR,RF,0.2872835161529723,0.6509744089209104,0.3636908927679381
BEN,IRDM,0.18684293692019946,0.5504375532128823,0.36359461629268286
MMM,MO,0.23299058027716935,0.5963302584577739,0.36333967818060453
CAT,FITB,0.21837125685974068,0.5813718745917259,0.3630006177319852
INTC,VNQ,0.2157912823000619,0.5785875878433082,0.3627963055432463
CL,XBI,0.08673888174341632,0.4495046720152292,0.3627657902718129
MCHP,WM,0.07220561612253903,0.4348953144331073,0.3626896983105683
FITB,NEE,0.1023609171569435,0.46471387327244695,0.36235295611550344
DE,SHEL,0.07703252833191769,0.4393827951955936,0.3623502668636759
MCD,MCHP,0.0917985650585196,0.4540930172552636,0.36229445219674394
C,SCHW,0.4162757483274765,0.7781720399539469,0.3618962916264704
BA,MCHP,0.1343051911530629,0.4961742875680628,0.3618690964149999
HMC,VZ,0.10899533763340317,0.47027410122449176,0.36127876359108857
HBAN,UAN,0.12145225723787938,0.48269470746233667,0.3612424502244573
BEN,XLP,0.2913651656886274,0.6525375528050004,0.36117238711637295
FITB,TRV,0.24114510617871115,0.602272691591378,0.3611275854126668
MCHP,SBUX,0.19202101188107581,0.5530693682044795,0.3610483563234037
CFG,SPLV,0.2266232604264333,0.5876116503722939,0.3609883899458606
MCHP,NOC,0.07049107698228604,0.43139329009755184,0.3609022131152658
NEE,TRV,0.19183771944215935,0.5526345356764174,0.3607968162342581
MCHP,STLD,0.18440981312270646,0.5450085196095886,0.3605987064868822
HON,INTC,0.18115660853458274,0.5416671500172044,0.36051054148262174
SMCI,XLF,0.161207363932152,0.5216573194140461,0.3604499554818942
COST,SHEL,0.05262606597887575,0.4126462825719219,0.3600202165930461
CW,SHEL,0.06339352989464117,0.42335519109755915,0.35996166120291795
MCHP,SHEL,0.08368411226875581,0.4434541462249864,0.3597700339562306
BEN,DVN,0.11457253267396246,0.4742783553493303,0.3597058226753679
HON,SHEL,0.10882250218960696,0.46846598800677697,0.35964348581717
CFG,WM,0.06568621682819581,0.42506954294844695,0.35938332612025115
D,TDW,0.050787308071841036,0.4101466118858684,0.35935930381402736
D,VYM,0.37419860760832513,0.7330458658038254,0.35884725819550023
NEE,NVDA,0.009720904660907831,0.3685228808377524,0.3588019761768446
MMM,SPCX,-0.005525837805922391,0.35315049195151715,0.35867632975743957
TDW,XOM,0.3053386651358293,0.6639727187377957,0.35863405360196643
KMB,VIG,0.3619371813504515,0.7203796568712939,0.3584424755208424
QQQ,USMV,0.6133351555138833,0.9717244939771088,0.3583893384632255
MKC,MSFT,0.1311733533628431,0.4895304287967712,0.35835707543392814
LRCX,QQQ,0.5699404899670361,0.9281619374628545,0.3582214474958184
BA,VIG,0.3906880071550314,0.7488766030722599,0.3581885959172285
RTX,SHEL,0.10284888445014041,0.46101448327768824,0.35816559882754784
NTR,SHEL,0.36718150420417783,0.7251728477835959,0.3579913435794181
O,VAL,0.0758588525507207,0.43356767816595315,0.35770882561523243
ARKK,MU,0.36266920449217604,0.7202916496840549,0.35762244519187886
LLY,VIG,0.30724817963198764,0.6647568016222775,0.3575086219902898
BLK,VYM,0.635936772958173,0.9931121755677751,0.3571754026096021
IPI,XLP,0.07465151898272644,0.43171352263162255,0.3570620036488961
NEE,VAL,0.02340917479425705,0.37971918318711273,0.3563100083928557
CF,NKE,0.10871587362075907,0.46500087760324377,0.3562850039824847
TSLA,VYM,0.20159377725529418,0.5577713962550056,0.35617761899971145
D,MCHP,0.023608746963731813,0.3793052336003629,0.35569648663663106
BKSY,HMC,0.09828564728453323,0.4537196427061635,0.35543399542163023
CF,VZ,0.0852319715320063,0.4405453426424818,0.3553133711104755
GOOGL,VAL,0.09671378129003938,0.4519337962398219,0.3552200149497825
HON,MCHP,0.1685260543104631,0.5236003163665577,0.3550742620560946
DVY,VNQ,0.6103234007781659,0.9652711106790391,0.3549477099008732
MCD,MO,0.23750511130011528,0.5924090214860993,0.354903910185984
SCHW,SYF,0.42940523149050447,0.7843054853076524,0.35490025381714796
CFG,RKLB,0.21435795754944292,0.5692141994962863,0.35485624194684334
BAYRY,TSLA,0.10157168388400567,0.45622119293790564,0.35464950905389997
HEI,MCHP,0.12672073754348367,0.4811616893198849,0.3544409517764012
INTC,JNJ,0.16924632458639716,0.5236125346122635,0.3543662100258664
INTC,LMT,0.1401911428953274,0.4941657959523509,0.35397465305702347
KO,MCHP,0.03670428200612421,0.3903853937441752,0.353681111738051
FITB,KO,0.14962641591579723,0.5032754551706038,0.35364903925480656
COST,TGT,0.3048879773523753,0.6584774178121171,0.35358944045974183
DOW,XLV,0.182682689294433,0.5361186935155088,0.3534360042210758
TDW,TSLA,0.02841054262481392,0.38162357917475065,0.35321303654993674
CL,PYPL,0.07637383294050995,0.42945192733937604,0.35307809439886606
CL,UNH,0.1291335425825098,0.48195277222325594,0.35281922964074613
DE,INTC,0.15899916026011204,0.5117883790073103,0.35278921874719826
CFG,PM,0.08242882174829631,0.43496558013551556,0.35253675838721926
INTC,MO,0.12647421354208405,0.4788719633205204,0.35239774977843635
HPQ,XLE,0.16222778815790925,0.5146159286728434,0.35238814051493417
BLK,SYF,0.403498149863222,0.7556995986493583,0.3522014487861363
ARKK,TTMI,0.320593188555152,0.6725826562164634,0.3519894676613114
O,PLD,0.5514594889720434,0.9033992686431935,0.3519397796711501
CFG,MCD,0.07757536963650133,0.42942738180586776,0.35185201216936646
GD,SHEL,0.07872990255469563,0.4304789282793233,0.3517490257246277
BLK,SHEL,0.18490283531740168,0.5366080825761251,0.35170524725872343
BMY,PLTR,-0.06887256813614576,0.2826803954599821,0.35155296359612787
NVDA,VNQ,0.14249406034399753,0.49396988228800076,0.35147582194400323
AEP,KO,0.2200864230957362,0.571409730492761,0.3513233073970248
SCHW,VIG,0.4844421854593024,0.8353137043691773,0.3508715189098749
NEE,TTMI,0.05464294256499251,0.40534069142343526,0.35069774885844274
KO,VIG,0.44834062714267775,0.7990077833499603,0.3506671562072825
MCHP,SPLV,0.25558898282065906,0.6061310730730425,0.3505420902523834
XLE,XLV,0.21206806818879845,0.5623537441420505,0.3502856759532521
DVN,GIS,0.014904094443128442,0.36498360007190117,0.3500795056287727
BA,CL,0.1614939766119231,0.5115396213822514,0.3500456447703283
QQQ,SHEL,0.1688703220754836,0.5188774296606564,0.35000710758517284
MU,SMCI,0.23716105731721068,0.5869328218540152,0.3497717645368045
MO,SCHW,0.1200089000382293,0.46938926185959,0.34938036182136073
KO,MMM,0.2680762144831016,0.6166913626140522,0.3486151481309506
ARKK,GOOGL,0.4172795795266194,0.7656846283566643,0.34840504883004486
NVDA,VIG,0.34792100133508397,0.6963246371625983,0.3484036358275143
BEN,SEDG,0.16984935838010834,0.518217394443373,0.34836803606326466
NVDA,USMV,0.2335133686255707,0.5816078187104579,0.34809445008488715
QQQ,SCHW,0.4405111932092371,0.7882518161263079,0.3477406229170708
SPCX,UNH,0.007973632867218227,0.35555882163191604,0.3475851887646978
ARKK,RKLB,0.47185430929298,0.8192243076637801,0.34736999837080007
O,SPLV,0.5271824608670577,0.874537402795782,0.3473549419287243
MOS,XLP,0.12199333073656493,0.46894304062740805,0.3469497098908431
DOW,HMC,0.24797006670891683,0.5949115906324185,0.34694152392350164
ABBV,INTC,0.12083593337416644,0.46766773979954285,0.3468318064253764
MMM,NEE,0.18472044152656106,0.5314114066786457,0.34669096515208464
CAG,CF,0.05115829749321991,0.3978453568705259,0.346687059377306
MCHP,MMM,0.13992734162824405,0.48659086399003565,0.3466635223617916
IVZ,SYF,0.47227657910388593,0.8187903041429809,0.346513725039095
DVY,KO,0.4131546879009028,0.7595467424527553,0.3463920545518525
MCHP,RTX,0.1415486536579941,0.4879210364425073,0.3463723827845132
D,USMV,0.46568821459542353,0.8119601060724625,0.34627189147703896
CVX,VIG,0.37903311749544877,0.7247318134626453,0.3456986959671965
BEN,XLV,0.3487865755152757,0.6944828596216905,0.34569628410641484
GD,MCHP,0.10833993027370353,0.45395748284074755,0.345617552567044
AMAT,SHEL,0.04743372823650151,0.3930344350762898,0.34560070683978833
CW,TSLA,0.17293784552916344,0.518478383902825,0.3455405383736615
SCHW,VYM,0.5382903922687535,0.8837469743719572,0.3454565821032036
INTC,MCD,0.15686345947059616,0.5021421671445834,0.3452787076739872
TGT,XLF,0.29891205228512346,0.6439183942031576,0.3450063419180341
CFG,COST,0.06794668468636923,0.41272401231696443,0.3447773276305952
MO,PEP,0.27534569855025415,0.6199589275755671,0.344613229025313
INTC,MU,0.3901288207231591,0.7345643971856467,0.3444355764624876
FITB,XBI,0.2768743892124306,0.6198728276050085,0.3429984383925779
MCHP,TDG,0.2171943569249118,0.5601379915009222,0.34294363457601046
CFG,SHEL,0.28522626994447303,0.628097731378001,0.3428714614335279
STM,VZ,0.07821337016987025,0.4210276522210729,0.3428142820512027
CTVA,MCHP,0.18413282432214587,0.526849770820512,0.34271694649836615
FANG,XLF,0.30713948424837034,0.6495782790756037,0.3424387948272334
INTC,TRV,0.1499665147805982,0.49215069786458937,0.3421841830839912
MPC,SPCX,0.023098085195594885,0.3650019293599756,0.34190384416438074
BAC,MKC,0.09217476845166467,0.4340210270694048,0.34184625861774015
KHC,NKE,0.08989705733070383,0.4316707592507259,0.3417737019200221
BAYRY,CL,0.1041983020112214,0.44578231523695006,0.3415840132257286
LRCX,SHEL,0.044334287962934246,0.3858854638906001,0.3415511759276658
ABBV,CFG,0.10977625201678685,0.45130531482592773,0.34152906280914086
CF,HMC,0.14451571780706424,0.4856952865213749,0.34117956871431065
SPCX,WM,-0.05521391577448164,0.2858612965605591,0.34107521233504073
CAT,INTC,0.1897598051552214,0.5308218809903598,0.34106207583513837
CL,T,0.211392779899786,0.5523471584225411,0.3409543785227551
MCHP,MO,0.04260295342448582,0.383068149172821,0.34046519574833517
PEP,SPCX,0.010138414993953737,0.35042684014327374,0.34028842514932
MOS,PFE,0.08132009098250942,0.4216052659395038,0.3402851749569944
SEDG,XLP,0.07758775871539467,0.4177355729329488,0.34014781421755413
MCD,VAL,0.010907491220524604,0.3510409469299192,0.3401334557093946
CF,PYPL,0.0641986791270952,0.4043128543987982,0.340114175271703
INTC,IYR,0.17826383191675566,0.5179305643128455,0.3396667323960898
SMCI,VUG,0.3345012543213347,0.6739434829787799,0.3394422286574452
INTC,RTX,0.17560059672216266,0.5148340427955497,0.339233446073387
CPB,MSFT,0.11088573880594453,0.44995560412937213,0.3390698653234276
FITB,MCHP,0.12667989019740855,0.46566101199470655,0.338981121797298
DOW,XLE,0.4331976689303716,0.7720886356942585,0.33889096676388686
COST,INTC,0.17414758828253588,0.5130265991700318,0.33887901088749595
BLK,TSLA,0.20545109344650261,0.5440219640478047,0.3385708706013021
ASTS,HBAN,0.06561980369456115,0.40389681400069677,0.3382770103061356
CL,GOOGL,0.06614974927264329,0.4043205225402276,0.3381707732675843
D,PLD,0.29867684225647606,0.6365340372076929,0.3378571949512168
ALL,CL,0.1752595533416297,0.5130425023585115,0.3377829490168818
FITB,TTMI,0.2015568859452279,0.5392269608901193,0.33767007494489143
KO,SPLV,0.5675568313217189,0.9051217951012679,0.33756496377954903
HPQ,XLV,0.2304392899757269,0.5677953260448988,0.33735603606917186
MOS,VZ,0.08063631345988177,0.41780936541644803,0.33717305195656627
NUE,STLD,0.6294920296490367,0.9664074451830311,0.3369154155339944
USMV,VNQ,0.6460387297622341,0.9829441879826275,0.3369054582203934
RKLB,TSLA,0.2876157376330402,0.6242264955616645,0.3366107579286243
SPCX,TTMI,0.18145733480779516,0.5179817245472369,0.33652438973944176
ASIX,STM,0.20244026679512406,0.5388797217292827,0.3364394549341586
FANG,RF,0.30546704573747013,0.6417535508296764,0.3362865050922063
DVN,STM,0.13082292170773363,0.46701977275887296,0.33619685105113933
PLD,SPLV,0.5711550336195544,0.906973535096363,0.3358185014768086
ENPH,XLE,0.12895183405969152,0.464349697968612,0.33539786390892046
COST,MCHP,0.12586551952108985,0.46118830180673515,0.33532278228564527
INTC,SYF,0.15796224583602161,0.49276221414810045,0.3347999683120788
MO,VYM,0.32525564656249306,0.6598775486644264,0.3346219021019333
CB,FITB,0.26272474115951683,0.5973329750195615,0.3346082338600447
DE,MCHP,0.14199895609889074,0.4765557617851722,0.3345568056862815
GD,INTC,0.15311825901021106,0.4874267958344061,0.33430853682419504
PEP,SPLV,0.5856859743111966,0.9194560716029321,0.33377009729173546
IPI,XLE,0.3286009716812845,0.6622274226913655,0.333626451010081
D,VNQ,0.4180756670860167,0.7516858832484618,0.3336102161624451
KO,USMV,0.5083117304601577,0.8418523359529926,0.33354060549283493
CPB,MKC,0.15891126813036205,0.4924308437448405,0.3335195756144784
CL,NVDA,0.0001574947144003936,0.3335972823255816,0.3334397876111812
BAC,MSFT,0.18907680597007373,0.5223877490213814,0.3333109430513077
AMD,TGT,0.1179305701576609,0.4510699811638989,0.333139411006238
GIS,SEDG,-0.024214540946730954,0.30884806171724394,0.3330626026639749
SHEL,STLD,0.24117367344852342,0.574180756169507,0.3330070827209836
SPCX,XBI,0.08809171140265551,0.4209801253287331,0.3328884139260776
NVDA,T,0.013165236649072721,0.34603143841977685,0.33286620177070414
MCHP,REGN,0.12400578350482669,0.4567880587070056,0.33278227520217896
CAG,MKC,0.15255860199972845,0.48532701098587416,0.3327684089861457
UNH,VIG,0.3637385314914147,0.6964586184863504,0.33272008699493566
ENPH,KHC,-0.01009674536854135,0.3225786630188881,0.3326754083874294
LXU,MSFT,0.022505981777004327,0.35465596803664984,0.33214998625964554
STLD,VIG,0.4123207674539616,0.7444621774399467,0.33214140998598507
CFG,MO,0.09242406212569146,0.4244947037384953,0.33207064161280386
KO,NVDA,0.0233787168013916,0.35530972634692815,0.33193100954553656
FITB,SCHW,0.3368168200977144,0.6687113401168325,0.3318945200191181
MCHP,SMG,0.1542170295584393,0.4856513737828842,0.3314343442244449
AMAT,QQQ,0.6189965553557993,0.9503456803293401,0.33134912497354074
MO,PG,0.2669425979479646,0.5982100200270608,0.3312674220790962
RF,SHEL,0.07062267734620621,0.40170160462047283,0.33107892727426663
D,O,0.2881628684687782,0.6190907593806666,0.3309278909118884
HMC,SEDG,0.1792214154190047,0.5101327717461714,0.33091135632716673
STM,XLU,0.10571282864398285,0.43656006829881644,0.3308472396548336
CAT,SHEL,0.1018712292420571,0.43268633867600387,0.33081510943394676
IRDM,XLE,0.1329245338535927,0.4628453419632245,0.3299208081096318
CSCO,VIG,0.4270364170823444,0.7568235382097744,0.32978712112743
AMAT,ARKK,0.4266534493300942,0.7560988829713983,0.3294454336413041
KO,VYM,0.4278050974555296,0.7570694307659153,0.3292643333103857
CL,XLF,0.2247951466530862,0.5539876712316709,0.3291925245785847
CAG,MSFT,0.10321180240082713,0.43188615502527045,0.32867435262444333
ALL,FITB,0.29314560975352777,0.621780938065245,0.32863532831171727
CFG,PLD,0.13235122883747208,0.4609663881951428,0.3286151593576707
CFG,ORCL,0.10992274098680169,0.43808207834463764,0.328159337357836
MCHP,NEE,0.05205877738147424,0.3800002092774067,0.32794143189593244
NVDA,SHEL,0.09767006729259474,0.4253274079964057,0.327657340703811
CFG,IYR,0.19483945763278893,0.5222863565516476,0.32744689891885864
CFG,GOOGL,0.12291158985871833,0.450299850508169,0.3273882606494507
CAG,XLE,0.09564068402389495,0.4227978519723059,0.327157167948411
FITB,VUG,0.33165185262361624,0.6587587106355086,0.3271068580118924
IVZ,VIG,0.556352043704259,0.8834195701490835,0.3270675264448245
SPCX,TDW,0.019090753546860666,0.34567095978456763,0.32658020623770695
FITB,SYF,0.565549112891305,0.8917362712022175,0.3261871583109125
AMAT,SMCI,0.26839937216410104,0.5944347871300057,0.3260354149659047
RF,USMV,0.31017848872272874,0.6358207544010835,0.3256422656783548
MU,SHEL,0.04605657377606229,0.3715867251319968,0.32553015135593455
CL,XOM,0.1637189290660202,0.4891362206535394,0.3254172915875192
LLY,NEE,0.154214468359026,0.47952646890111944,0.3253120005420934
KO,SO,0.29306432233678836,0.617917931080465,0.32485360874367664
ASTS,CFG,0.11563042013062129,0.4404599958594409,0.3248295757288196
MSFT,XLE,0.11164324579955787,0.4364619920710837,0.32481874627152585
AMD,SMCI,0.2353143058453577,0.5599948140060609,0.32468050816070315
MOS,XLE,0.3404906191324923,0.664815774092831,0.3243251549603387
KMB,NVDA,-0.028741343462799832,0.2955414680232154,0.32428281148601523
INTC,NOC,0.12017401678883041,0.44438664615506795,0.3242126293662375
IRDM,XLP,0.12017930858132966,0.4442807547033641,0.3241014461220344
SMG,XLF,0.2544692881669435,0.5783515857921472,0.3238822976252037
CFG,JNJ,0.10596009209845507,0.42953864463538716,0.3235785525369321
BA,SPCX,-0.030292196221623397,0.29305243746461135,0.32334463368623473
CFG,REGN,0.10657210942050258,0.4298550712788755,0.3232829618583729
PG,SPCX,-0.010337005558158594,0.3129157957745042,0.32325280133266276
CFG,VNQ,0.18790931805131414,0.5110990745267251,0.3231897564754109
CFG,CTVA,0.30076797302191305,0.6236843303562034,0.32291635733429036
CFG,LMT,0.1059968170481441,0.428731834865326,0.3227350178171819
KO,XLF,0.25143346373498,0.5740254914615222,0.32259202772654216
CW,MCHP,0.15639788920349013,0.4788418646553598,0.32244397545186965
DVY,IYR,0.6305264409075273,0.9528629697449995,0.3223365288374722
AMD,SMG,0.12661030784090416,0.44860012686939565,0.3219898190284915
CPB,XLE,0.09445084345245858,0.41638259116426307,0.3219317477118045
TTMI,VAL,0.1658032056792881,0.48742200234132843,0.3216187966620403
BX,FITB,0.3412076513172312,0.6627212716150711,0.3215136202978399
SHEL,XOM,0.20961401267434696,0.5307440043031879,0.3211299916288409
LXU,XLE,0.16278967540990738,0.4838039864745885,0.32101431106468115
IVZ,NVDA,0.17569969548593906,0.4966662319956663,0.32096653650972723
DVN,SCHD,0.3917292088325209,0.7126422284904532,0.32091301965793234
MCHP,MTSI,0.3805499367485446,0.7012894571791822,0.32073952043063764
RF,SBUX,0.13716061887545802,0.45753285457799686,0.3203722357025388
D,IYR,0.39175683006767337,0.7115146427486706,0.31975781268099723
BAC,XLP,0.23664946924455782,0.5564055937641441,0.3197561245195863
CSCO,MCHP,0.3146447098889847,0.6342508829282567,0.319606173039272
GIS,SCHD,0.3565252273416035,0.6759314050484106,0.3194061777068071
MCD,NEE,0.18976283504390706,0.5089149609007427,0.31915212585683567
JPM,MCHP,0.17241873029452612,0.4913291315320461,0.31891040123752
CL,IYR,0.2607660100310855,0.5794813326968509,0.31871532266576535
MCD,SPCX,0.03191211735890882,0.3505757269305788,0.31866360957167
CL,QQQ,0.1368384848022798,0.4553873631473205,0.31854887834504064
TTMI,VIG,0.33707160287731114,0.6555794391449059,0.31850783626759477
VUG,VYM,0.6423978251902258,0.9609015084227125,0.3185036832324867
NEE,PG,0.23225729120137026,0.5507062778556261,0.3184489866542558
SPCX,TRV,0.023392057358645434,0.34175849021517635,0.31836643285653093
BEN,MOS,0.18394470293219123,0.5017813724100092,0.31783666947781797
NEE,USMV,0.44150565185483637,0.7589417792018441,0.31743612734700777
IYR,USMV,0.6730815032278721,0.9899011463641879,0.31681964313631583
MRK,NVDA,0.0031019374473884,0.31978721687982636,0.31668527943243796
NOC,SPCX,-0.004945143088476561,0.31079938170028865,0.3157445247887652
MRK,VAL,0.055579454461910476,0.37089458078933557,0.3153151263274251
JNJ,NEE,0.2032884246346576,0.5185943042181775,0.31530587958351997
FITB,QQQ,0.26041081581735304,0.5753180992277128,0.3149072834103598
NUE,VIG,0.4522752463789785,0.7669523934255104,0.3146771470465319
NEE,PEP,0.211413175023866,0.5259301863363516,0.31451701131248555
JNJ,KO,0.28893586900015983,0.6026783100626039,0.31374244106244403
BAC,GIS,0.1498251241258178,0.46240367369463414,0.31257854956881637
C,DVY,0.5506825952794562,0.86280616874648,0.3121235734670238
ICL,MKC,0.053147825241070576,0.36518229651591666,0.31203447127484607
BEN,XLE,0.2817371786136159,0.5935683971224766,0.31183121850886064
CFG,NOC,0.1174305317129502,0.42907071301764865,0.31164018130469845
LMT,VIG,0.3710624337182509,0.6824765645270009,0.31141413080875
AEP,NVDA,-0.023912119971397094,0.2874044450165777,0.3113165649879748
KO,PG,0.3483645875522337,0.6594765033385634,0.31111191578632974
CL,NEE,0.19476104111214845,0.5053989282709952,0.31063788715884677
GIS,XLP,0.4654763147654528,0.7760913045018897,0.31061498973643686
SHEL,TTMI,0.12152924507396609,0.43209543800034866,0.31056619292638254
SPCX,TDG,0.0350446622524866,0.3456061828782399,0.3105615206257533
SBUX,XLF,0.3030294975960997,0.6132520756671309,0.3102225780710312
ARKK,HBAN,0.2582075604280132,0.5681469000203273,0.3099393395923141
BAC,PFE,0.16672938363404283,0.47666607155043506,0.30993668791639223
CL,FITB,0.12005296843175435,0.42992945655835224,0.3098764881265979
SPCX,VLO,0.045489134004019056,0.35510525441410284,0.3096161204100838
CL,LMT,0.12728521192772177,0.4368072064912875,0.30952199456356577
RKLB,VAL,0.14527283845861783,0.4545465511630762,0.30927371270445836
MCHP,SCHW,0.2293287075364738,0.5385469103098041,0.30921820277333023
INTC,IVZ,0.20103965295964193,0.510008535371378,0.3089688824117361
CSCO,INTC,0.3869192031377553,0.6955864484016547,0.30866724526389944
MOS,SEDG,0.15610422277908392,0.46468414268032276,0.30857991990123884
CL,IBM,0.1723411803968943,0.48075116356313746,0.30840998316624313
ASIX,MKC,0.006752080982887323,0.3151357124328304,0.3083836314499431
NVDA,O,0.03743139046963955,0.3458123242906048,0.30838093382096526
NOC,VIG,0.38019686051811513,0.688508063393673,0.30831120287555785
HEI,SPCX,0.06098761064233752,0.3689866411465257,0.30799903050418814
ENPH,VZ,0.02236358295940751,0.33026261057276324,0.30789902761335575
ARKK,NVDA,0.44586281173543507,0.753757788621816,0.3078949768863809
MCHP,XBI,0.3351985591656598,0.6427943100483223,0.3075957508826625
JNJ,NVDA,-0.02739635984111173,0.28018044210812765,0.30757680194923936
PYPL,XLV,0.23815799624213962,0.5457181623952855,0.30756016615314585
AMAT,SPCX,0.193243887147883,0.5004979583953341,0.3072540712474511
PG,VIG,0.4212651337987055,0.7284693108291481,0.3072041770304426
XLP,XLV,0.465038821475161,0.7721580122440262,0.30711919076886524
AMD,NEE,0.048119779922397285,0.35492438399755816,0.30680460407516086
MSFT,XLP,0.2586592978220046,0.5653131670368113,0.30665386921480675
HMC,MOS,0.13776564871488725,0.4442226425342478,0.30645699381936053
AFL,NVDA,0.06659203312302421,0.37270389609132515,0.30611186296830095
XLE,XLU,0.22844823120408542,0.5342101278787869,0.30576189667470144
HON,SPCX,0.05558966575807125,0.3612523825306132,0.305662716772542
ABBV,HBAN,0.12985008625192535,0.4354735926755783,0.30562350642365294
ICL,STM,0.13631195897422838,0.44176429449844096,0.3054523355242126
CFG,MTSI,0.15119364114598352,0.45629563762902986,0.30510199648304637
INTC,PG,0.15490512759995279,0.4598350258593662,0.3049298982594134
CSCO,QQQ,0.6071070298429976,0.9118585992238255,0.3047515693808279
SPCX,VUG,0.12711095209319748,0.4318480355818604,0.3047370834886629
CL,JPM,0.184856394570056,0.48955226911674676,0.3046958745466908
MCHP,PLTR,0.2444496998705068,0.5491326633128093,0.3046829634423025
NVDA,PLTR,0.3808434826562882,0.6852001502733995,0.30435666761711133
BKSY,CF,0.01765437423143572,0.32195681303426815,0.3043024388028324
NVDA,XLF,0.19049559210499337,0.4947193752807598,0.3042237831757665
ARKK,PLTR,0.6018035675732767,0.906011838901737,0.3042082713284603
MSFT,VZ,0.1284198451810428,0.43165309278722097,0.3032332476061782
ARKK,CFG,0.285172014555689,0.5882116630079592,0.3030396484522702
IYR,NVDA,0.12199818053014495,0.42436223147831953,0.3023640509481746
VAL,WM,0.008929335828998889,0.31082907709837604,0.30189974126937713
RF,TGT,0.16415517931736026,0.4658135740956147,0.3016583947782544
CFG,TDW,0.2081907734515397,0.509813973138031,0.3016231996864913
KO,MCD,0.2788573155183542,0.5803969929316841,0.30153967741332993
ASIX,XLE,0.3248064159232977,0.626236142802018,0.3014297268787203
HMC,PYPL,0.14284107768284776,0.4440240848478217,0.3011830071649739
FMC,XLE,0.23021078070440773,0.5312279638679379,0.3010171831635302
ASTS,VAL,0.10525820195194402,0.40620596199345166,0.30094776004150764
LRCX,SPCX,0.18655418381086683,0.48728532689150594,0.3007311430806391
GOOGL,VIG,0.40238934833782497,0.7031108145376191,0.3007214661997942
MO,TGT,0.14769718591349357,0.4482024372469564,0.30050525133346284
ASIX,ENPH,0.1060745153324854,0.4065700485667236,0.30049553323423817
SHEL,T,0.05073981612867525,0.3512139674489644,0.30047415132028915
DVY,SYF,0.4801212714754386,0.7805414136983606,0.300420142222922
SO,SPLV,0.5943818992194744,0.8947631062706008,0.3003812070511265
VIG,XBI,0.4336354942675141,0.7338958297381349,0.30026033547062086
CVX,SHEL,0.1977615135141504,0.49752346185490726,0.29976194834075687
MTSI,VAL,0.14432475430099598,0.4439842306898711,0.29965947638887513
ORCL,VIG,0.4314263447083787,0.7309722453451518,0.2995459006367731
INTC,KMB,0.1212849856050198,0.42065637412538587,0.29937138852036604
NEE,SPLV,0.5280957077148601,0.8272625324386748,0.2991668247238146
CF,SEDG,0.07941260156738505,0.37847589981111934,0.2990632982437343
KO,LLY,0.25838270672337316,0.5572601801293431,0.29887747340596993
AFL,VIG,0.5098614117654777,0.808649099267872,0.29878768750239426
MSFT,XLU,0.17391477400978264,0.4726963297819027,0.29878155577212007
DVY,MO,0.37047392332111734,0.6692205576385551,0.2987466343174378
CFG,VIG,0.43440927066595536,0.7330686148379132,0.29865934417195783
NEE,RF,0.08136234060538917,0.37982630605371726,0.2984639654483281
LRCX,SMCI,0.2882072538853797,0.5864479810313752,0.2982407271459955
CFG,TGT,0.21599386582494096,0.5141454756736307,0.2981516098486897
DUK,NVDA,-0.013669380392257978,0.2842113896109606,0.29788077000321855
STM,XLE,0.1641200938502126,0.4614184017007558,0.29729830785054323
CF,XLE,0.3767037879469731,0.6732823824015391,0.296578594454566
HBAN,MTSI,0.15074111036818877,0.44714749991608327,0.2964063895478945
NVDA,SO,-0.031836804771673916,0.26452714338796984,0.29636394815964373
HMC,IPI,0.15377096314833116,0.4498703801659116,0.2960994170175804
NVDA,RKLB,0.23009898902929946,0.5261931540791106,0.2960941650498111
HBAN,O,0.11920599007337483,0.41522130438068167,0.2960153143073068
MOS,XLU,0.09822636263497124,0.3941846318784248,0.29595826924345353
AEP,SPLV,0.6141626100229286,0.9097955419764848,0.2956329319535562
CL,VUG,0.19339276108922307,0.4889052280282437,0.29551246693902067
NEE,VYM,0.341719030595162,0.6369863580039185,0.29526732740875644
VZ,XLU,0.4118195125932202,0.707044803578717,0.2952252909854968
ARKK,LRCX,0.4408944216762216,0.7361168270015612,0.2952224053253396
ALL,VIG,0.42999652056966126,0.7248688520483494,0.29487233147868813
HII,RF,0.2457070029021539,0.5405320238193262,0.29482502091717233
AFL,RF,0.21099579173899524,0.5058043101832819,0.2948085184442866
TDW,XLF,0.16491406116443877,0.4596383634774499,0.29472430231301117
FITB,MO,0.12352002191358218,0.4182274913358825,0.2947074694223003
BAC,XLV,0.3144209548308308,0.608938286741485,0.29451733191065416
NVDA,SMG,0.11350970682424014,0.40787794157846413,0.294368234754224
BLK,INTC,0.19914011574452944,0.49326970580384305,0.2941295900593136
CAT,MCHP,0.18506941998554385,0.47917966993283506,0.2941102499472912
MO,SHEL,0.04824206451217316,0.3422535536459111,0.2940114891337379
PLD,VAL,0.14140485595996422,0.43462323789450924,0.293218381934545
PFE,XLP,0.43946054772796583,0.7325235253655689,0.29306297763760303
BAC,FMC,0.16186624438904448,0.45485058967908554,0.292984345290041
RF,SMG,0.17367244353957936,0.46627830429191913,0.29260586075233974
DUK,SPLV,0.627053840108386,0.919548216648298,0.29249437653991195
MCHP,SMCI,0.275270608405898,0.5673994809620581,0.29212887255616005
GIS,IPI,0.015987107541068232,0.3080641468382692,0.29207703929720097
HII,XLF,0.32957516574516676,0.6215703296325505,0.2919951638873838
HBAN,TSLA,0.13958473173079117,0.4315169390272804,0.2919322072964892
DVN,MSFT,0.04034050722052598,0.33218215024613057,0.2918416430256046
NEE,O,0.2812505338733475,0.5726352655070659,0.2913847316337184
HBAN,RF,0.46991545459358236,0.7610941929108337,0.29117873831725133
MU,VIG,0.3483152148634435,0.6393617693981345,0.29104655453469097
NVDA,PG,0.003252166568710195,0.29414795463531707,0.2908957880666069
RTX,SPCX,0.042466910988957274,0.3332423545826352,0.2907754435936779
NKE,XLU,0.1342694822724508,0.4249474757783028,0.290677993505852
CFG,NTR,0.30105103133860384,0.5915575476013374,0.29050651626273355
BMY,UAN,0.055655389704669364,0.34599916199887,0.2903437722942006
DVY,IVZ,0.5456119208911244,0.8359294253904577,0.29031750449933325
AMD,PLTR,0.33545831427409534,0.6257170847230267,0.29025877044893134
TDG,VIG,0.3887506098533229,0.6789035297855013,0.2901529199321784
BMY,CRWD,-0.04088593488420026,0.24909331667517334,0.2899792515593736
PSX,SPCX,0.11428366428801691,0.4042026629770074,0.2899189986889905
CB,CL,0.184199990397918,0.4735547690594576,0.2893547786615396
BEN,CF,0.229821196030094,0.5188361413481123,0.2890149453180183
BMY,MTSI,0.02493867282675511,0.31363794984064175,0.28869927701388665
KMB,XLF,0.19100149485752488,0.4794665103981609,0.288465015540636
TSLA,TTMI,0.16117078522329825,0.44803144992200944,0.2868606646987112
NEE,PLD,0.29458353966568857,0.5814428857319738,0.2868593460662852
INTC,JPM,0.21816280191072518,0.5048791819650013,0.2867163800542761
INTC,MMM,0.223428921080792,0.5100042014213251,0.2865752803405331
BMY,SMG,0.0945662461347309,0.38109851429449015,0.28653226815975924
NVDA,SBUX,0.15908472452355968,0.44555169540792283,0.2864669708843631
ANDE,BMY,0.037108064385440155,0.32351164245631026,0.2864035780708701
LMT,SPCX,0.054262168633439634,0.34058840848725347,0.28632623985381384
USMV,VUG,0.6658667416866066,0.9519673669205034,0.2861006252338968
CFG,UNH,0.14921899790416487,0.43513358374439143,0.28591458584022655
CL,TRV,0.1963842844699311,0.4818416982628912,0.2854574137929601
D,RF,0.09175835067472073,0.37710314594074845,0.28534479526602774
HMC,XLE,0.2047135310037125,0.49001588678410585,0.2853023557803933
AMD,VIG,0.3025415208093538,0.587742578491349,0.2852010576819952
ICL,NKE,0.10510865967011093,0.3900320646398915,0.2849234049697805
DD,VIG,0.4832447139550651,0.7675810658995614,0.28433635194449636
CSCO,SPCX,0.1403124173111216,0.42375118549975505,0.28343876818863345
NVDA,SCHW,0.21150984660785255,0.4948259869934016,0.28331614038554903
PLD,VIG,0.4953432675679143,0.7786122537736185,0.28326898620570423
MSFT,T,0.13652273425333392,0.41969389387483746,0.2831711596215035
CL,DE,0.15057367711344757,0.43371096768052625,0.2831372905670787
REGN,SPCX,0.03158147783048765,0.31470631306148156,0.2831248352309939
MOS,NKE,0.09798318676028132,0.38108202175298517,0.28309883499270383
MOS,MSFT,0.09711207959628315,0.38019532951726737,0.2830832499209842
CL,KMB,0.31041014644320647,0.5933904062752801,0.2829802598320736
T,XLP,0.3160959360608049,0.5989586527669527,0.2828627167061478
CRWD,VAL,0.06804534939608686,0.3508589225113033,0.28281357311521643
C,SYF,0.5601667728517652,0.8428402625640762,0.282673489712311
DG,SPCX,-0.013930938250610805,0.26865469685469107,0.2825856351053019
ENPH,HPQ,0.10988532469993374,0.3924567681767262,0.28257144347679247
NVDA,XOM,0.0600202177252059,0.342299339381599,0.28227912165639313
AMD,SHEL,0.04855603763283455,0.330827306353897,0.28227126872106245
CAT,CL,0.13552375299789798,0.41766705540412463,0.28214330240622665
AMAT,INTC,0.4467855478911065,0.7284535480904439,0.2816680001993374
CSCO,VAL,0.16497736235017776,0.4463931036423426,0.28141574129216484
KO,RF,0.1182437766515911,0.39920316918595294,0.28095939253436186
BMY,SHEL,0.06171223678310237,0.3425206641829502,0.2808084273998478
PYPL,SHEL,0.041671257113092205,0.3215580758960745,0.27988681878298227
IYR,SPLV,0.6821534329018271,0.9619547779700962,0.27980134506826915
ICL,XLE,0.14969762812607082,0.42945762069775506,0.27975999257168427
PSX,RF,0.3402773036804318,0.6200098882857806,0.27973258460534883
VAL,XBI,0.147679645098042,0.4273748441694927,0.2796951990714507
INTC,SBUX,0.1677638038163267,0.4468444192282322,0.27908061541190554
SPCX,UAN,-0.002696665000707932,0.2763167028030917,0.2790133678037996
MO,VIG,0.27039270462037657,0.5493207056330953,0.27892800101271875
GSAT,SPCX,-0.011474210967248634,0.2673513621333465,0.27882557310059514
CF,FMC,0.23180832612903607,0.5104671759961998,0.27865884986716377
DOW,STM,0.30848296565342154,0.5864244974083894,0.2779415317549679
SPLV,VNQ,0.6646716991386452,0.942407762228548,0.27773606308990284
DE,VIG,0.42328870857441,0.7008899505303533,0.2776012419559433
CL,PLD,0.17643805085381473,0.4533744871578592,0.2769364363040445
MTSI,SPCX,0.09828596108304248,0.37505092068293977,0.2767649595998973
LMT,NVDA,0.00589678408842514,0.2824496752001418,0.27655289111171666
BX,INTC,0.19911630864008378,0.4756663636109984,0.2765500549709146
ENPH,XLU,0.06929609568584175,0.34530564453068924,0.2760095488448475
DG,HBAN,0.09471300252466651,0.37044236774123995,0.27572936521657343
MKC,XLP,0.41720454044116456,0.6927581161200246,0.27555357567886
SPR,XLE,-0.18765489806514157,0.08768542207639655,0.27534032014153814
MPC,SHEL,0.41055567720872554,0.6855285861856215,0.27497290897689597
CL,NKE,0.12935040062289713,0.4042555130127328,0.2749051123898357
BAYRY,SHEL,0.2763516752900856,0.5509775031297812,0.27462582783969564
CL,COST,0.1768463208604308,0.4514567052180265,0.27461038435759566
QQQ,SMCI,0.3305911158917733,0.6051588987409564,0.2745677828491831
CAG,MOS,0.08264543378440635,0.3570139797415624,0.27436854595715604
NOC,NVDA,0.020173391669828046,0.294399410194341,0.27422601852451295
RF,WM,0.07597396107044871,0.3499181731694769,0.2739442120990282
TSLA,XBI,0.26869350327779723,0.5426289509038571,0.27393544762605987
INTC,MCHP,0.3894774702341764,0.6631098416658551,0.2736323714316787
FITB,JPM,0.37205224550313193,0.6454658296807247,0.2734135841775928
MPC,PSX,0.7133820764208922,0.9865220027237841,0.27313992630289186
MPC,RF,0.31776048475856866,0.5908135093297365,0.27305302457116787
BX,VIG,0.5027088826514233,0.7757559479393797,0.2730470652879564
GIS,MOS,0.06893518146869165,0.3418503279257354,0.27291514645704373
GIS,KHC,0.43557311912139635,0.7084694058168006,0.2728962866954043
C,VIG,0.5156706022695494,0.7882489859010634,0.272578383631514
ALL,NVDA,0.03745109199549335,0.30979790697013637,0.272346814974643
BX,MCHP,0.32420924110828303,0.5964350007057982,0.2722257595975152
SYF,VYM,0.502877426989033,0.7749820695118407,0.27210464252280764
ENPH,IRDM,0.15007011294899641,0.4219226624392764,0.27185254949028
MPC,XLF,0.36934950036717146,0.6411244868762467,0.2717749865090752
GOOGL,TSLA,0.23089939753087452,0.5026322204163547,0.2717328228854802
PYPL,XLF,0.25793262464502803,0.5295397690078004,0.2716071443627724
BEN,IPI,0.22058152297836262,0.4921654837691747,0.27158396079081204
CPB,MOS,0.06021400349249094,0.33164390679634426,0.2714299033038533
CL,GD,0.17028115718759493,0.4416973377981676,0.2714161806105727
DE,SPCX,0.07286739462950272,0.344206026941823,0.2713386323123203
CL,DD,0.17732279722871974,0.4485846727070915,0.2712618754783718
BMY,VIG,0.30402133109087787,0.575198910284575,0.27117757919369717
RF,SMCI,0.11123827449243,0.3823691890924299,0.2711309145999999
CFG,MCHP,0.26162221303453326,0.5327317432307138,0.27110953019618056
BMY,SMCI,0.001024475492179035,0.27128167102975337,0.2702571955375743
D,MO,0.15809579306687835,0.4280476352209173,0.269951842154039
SCHW,SPCX,-0.06333472042941517,0.20626924603045735,0.2696039664598725
NVDA,PYPL,0.23613373902050733,0.5050890722200885,0.26895533319958115
FITB,INTC,0.13059485343536456,0.3995273823532468,0.2689325289178822
C,CL,0.16575612740129372,0.43462229025878374,0.26886616285749
MO,NEE,0.17366428040781504,0.44236553013706653,0.26870124972925147
KMB,RF,0.08992669161011572,0.35841122338618503,0.2684845317760693
IBM,VIG,0.44398241721442594,0.7123847860647138,0.26840236885028784
ANDE,ASTS,0.025671232054126546,0.2940167425330928,0.26834551047896626
MRK,XLF,0.21247105274103384,0.4807323862069638,0.26826133346592995
GD,SPCX,0.0664371397944137,0.33437871531802804,0.26794157552361436
D,NEE,0.44905778052165196,0.7167611532949513,0.2677033727732993
CL,MMM,0.21999805257426772,0.48710343398345457,0.2671053814091868
PEP,VIG,0.4304940840102827,0.6972776133195797,0.266783529309297
LLY,SPCX,0.10559292057686202,0.37216597129645107,0.26657305071958903
CL,RTX,0.19434219473020328,0.46063326074329664,0.2662910660130934
IYR,NEE,0.3980144137062659,0.6642749155127174,0.26626050180645155
NVDA,UNH,0.029862966669538506,0.2960989818445366,0.26623601517499806
MKC,MOS,0.04282424075449197,0.3090500071097312,0.2662257663552392
VZ,XLP,0.33470958363298664,0.6003139706102776,0.26560438697729094
CL,MRK,0.2286344035008454,0.4941050439195053,0.2654706404186599
CL,O,0.14633758022937413,0.411315780827658,0.2649782005982839
BAC,XLU,0.13555712883922058,0.4001604915287774,0.26460336268955686
BKSY,MOS,0.11128040292868102,0.3757047799708601,0.2644243770421791
CL,CSCO,0.12429985805522953,0.38872112651557467,0.26442126846034514
GIS,T,0.23172751846231532,0.4959969182266291,0.2642693997643138
HEI,VIG,0.4377074790578883,0.7017287730193779,0.26402129396148954
HPQ,MSFT,0.28036835992223463,0.5441168867806973,0.2637485268584626
IVZ,XLF,0.48496402178693054,0.7480422010727341,0.26307817928580357
RF,TDW,0.147340519463716,0.41032530416269614,0.2629847846989801
BMY,NVDA,0.007212118210240807,0.26998191699252194,0.2627697987822811
SPCX,XOM,0.038166973726085934,0.3003799498377749,0.2622129761116889
FITB,RF,0.5184625465057896,0.7806707957679002,0.2622082492621106
BAC,DVN,0.13426394750330356,0.3963223824166932,0.26205843491338965
FMC,MOS,0.23520116385402853,0.49710064863899006,0.2618994847849615
VIG,WM,0.4473803229863204,0.7091917549891339,0.2618114320028135
CL,HON,0.18460263932330112,0.4459332259407289,0.26133058661742775
PSX,VLO,0.7222993032492402,0.9835068941641968,0.2612075909149566
LMT,VAL,0.09696502498420043,0.3580544988088926,0.26108947382469216
CL,CVX,0.15359332193810177,0.41463426283032184,0.2610409408922201
INTC,SMG,0.10303346165018884,0.3636994807835356,0.26066601913334675
JNJ,VIG,0.4320179793922211,0.6926371619729947,0.26061918258077366
GIS,XLE,0.09611798930061217,0.35657809799448326,0.2604601086938711
HPQ,NKE,0.17390328462597168,0.4342971703167024,0.26039388569073074
NVDA,TRV,0.04833904151062504,0.30871125621609513,0.2603722147054701
FITB,VIG,0.47717697443678847,0.7371031870089895,0.259926212572201
IPI,XLV,0.09229586913490581,0.3514425684781266,0.25914669934322077
QQQ,SPCX,0.12033611533587991,0.3794768829922062,0.2591407676563263
HPQ,MKC,0.07262372714904207,0.3317055566826518,0.2590818295336097
ARKK,BMY,0.06859989328333094,0.3276595219937947,0.2590596287104638
IRDM,MOS,0.12210801294247499,0.38068982257188,0.258581809629405
STM,VAL,0.11106978900192793,0.3693611626497755,0.25829137364784754
CF,HPQ,0.1530369028495839,0.41091647142936205,0.2578795685797781
ENPH,LXU,0.10301036705308257,0.36015720339439805,0.25714683634131547
MCHP,RF,0.14426220776812518,0.4012981351364455,0.25703592736832037
CL,VIG,0.4218279333458442,0.6780072749759005,0.25617934163005635
HBAN,NTR,0.28306258307932497,0.5391197147004656,0.25605713162114063
IYR,VIG,0.5841804405575168,0.8399451991654153,0.2557647586078985
HPQ,MOS,0.14595056865571085,0.4014525222617242,0.25550195360601335
GSAT,VAL,0.09415834807308131,0.3496547969358645,0.25549644886278317
MCD,VIG,0.42478965008747416,0.6801646357576161,0.25537498567014194
D,SPLV,0.6021636452349999,0.8572821692818323,0.25511852404683244
CFG,VUG,0.24796429420807917,0.5030166918998671,0.2550523976917879
AMD,QQQ,0.44649417707128064,0.7014871107167958,0.2549929336455152
PYPL,XLP,0.15440993928886446,0.409364182751999,0.25495424346313456
SPCX,STLD,0.1608871404232955,0.41583606764071257,0.2549489272174171
NVDA,PEP,0.029162219391447634,0.28405397119350495,0.2548917518020573
AMD,KO,0.07877927316837605,0.33337319237065965,0.2545939192022836
LXU,NKE,0.051558718587979634,0.30608931109287635,0.25453059250489674
VLO,XLF,0.2243223295013877,0.4786937599683929,0.2543714304670052
BA,INTC,0.19584087217263993,0.45017478705304986,0.2543339148804099
MCHP,TSLA,0.24960931869813016,0.5037816820809136,0.2541723633827834
CL,RF,0.10105926651064073,0.3550731335466172,0.25401386703597645
WM,XLF,0.2199393917262798,0.47371346030583333,0.25377406857955354
REGN,VAL,0.041724560189561395,0.2943199359088423,0.2525953757192809
BAC,LXU,0.0674983134548116,0.3199333553843115,0.2524350419294999
BAC,CAG,0.13251117996901374,0.3848454626769887,0.252334282707975
BEN,BKSY,0.21872625502876764,0.4709585571943701,0.25223230216560244
ARKK,TSLA,0.5444759904298055,0.7967073678430746,0.25223137741326906
BAC,CPB,0.1280252943286882,0.3802142952202233,0.2521890008915351
AMD,ARKK,0.3836299218385236,0.6353678572334988,0.25173793539497513
BMY,TSLA,0.02126680601595015,0.2729336755500832,0.25166686953413303
BLK,MCHP,0.23148011334974308,0.4829354029428025,0.2514552895930594
CL,MKC,0.1564318380269954,0.40778717827948896,0.25135534025249356
CFG,USMV,0.26459795408397435,0.5156484508976118,0.25105049681363745
CTVA,HBAN,0.2985365536165497,0.5495227576960976,0.2509862040795479
CTVA,T,0.12373769029450786,0.3742425415657804,0.25050485127127253
XLU,XLV,0.33665152355395334,0.5869306985086522,0.25027917495469887
SPLV,XLF,0.5547295306472833,0.8048616715306857,0.2501321408834024
VZ,XLV,0.2611212731775654,0.5110014877710113,0.2498802145934459
BLK,FITB,0.33969358202007777,0.5891957400454592,0.2495021580253814
CL,DUK,0.21033837790041687,0.4597128617606839,0.249374483860267
CAG,XLP,0.38801961588806283,0.6369341955128167,0.24891457962475388
PM,RF,0.0915390923014426,0.34039716664731756,0.24885807434587498
CAT,SPCX,0.11569474799730167,0.36451355024130777,0.2488188022440061
DVY,MCHP,0.36042865250368766,0.6091348125429993,0.24870616003931162
ANDE,TDW,0.12362754814615211,0.37219921608492373,0.2485716679387716
PG,RF,0.09638363902955425,0.34480376629990844,0.24842012727035417
CL,TDW,0.028187266787920065,0.276186662788023,0.24799939600010296
DVY,NVDA,0.17974509708174277,0.4277119806522884,0.2479668835705456
MRK,RF,0.11485381761559582,0.3624247636689021,0.24757094605330626
CL,VNQ,0.3096337884436329,0.556974899341929,0.24734111089829613
ABBV,SPCX,0.0601781815785973,0.3074675458353447,0.24728936425674738
MOS,XLV,0.1872349561807746,0.43442448142413276,0.24718952524335816
VIG,VNQ,0.5691248959312454,0.8160212989493627,0.24689640301811733
CSCO,RF,0.14382671975175954,0.3905408552103435,0.24671413545858395
RF,SYF,0.5610721486688566,0.80765916324657,0.24658701457771348
NUE,SPCX,0.10258518632904581,0.3491507525607534,0.24656556623170758
AFL,HBAN,0.17536458621774506,0.42141160005197204,0.24604701383422697
DVN,SPR,-0.1736299918377207,0.07222148950747152,0.24585148134519225
GSAT,INTC,0.09666997258953636,0.3419613149799497,0.24529134239041334
T,XLE,0.14016777986988,0.38508618640917774,0.24491840653929775
CAG,STM,0.04460738048288171,0.2893740366887974,0.2447666562059157
IYR,XLF,0.42233842263056043,0.6669073673469562,0.2445689447163958
MCHP,ORCL,0.27970528336294503,0.5242218493763353,0.24451656601339028
BMY,TDW,0.06623484171623004,0.31053285059149105,0.244298008875261
CF,DVN,0.3330829355255416,0.5772729345362253,0.24418999901068372
C,VAL,0.18098068331786824,0.42516888368354144,0.2441882003656732
C,VYM,0.6150448540994161,0.8588719051900663,0.24382705109065017
BMY,MCHP,0.05473606651034975,0.298038783441716,0.2433027169313663
GSAT,O,0.0352058969621832,0.2784377892876814,0.24323189232549822
IYR,RF,0.2752385935490781,0.5183578430333676,0.24311924948428953
RF,VLO,0.1360433365523261,0.37901874062515417,0.24297540407282808
HBAN,SPLV,0.303177156016004,0.5459432317530761,0.24276607573707215
INTC,SMCI,0.19091025240760176,0.4336605950573773,0.24275034264977555
PSX,XLF,0.39038351023585377,0.6329030955237489,0.24251958528789513
BAYRY,XLF,0.2654367021334398,0.5078978644729917,0.2424611623395519
PLD,XLF,0.31593139765463374,0.5580585145525189,0.24212711689788513
KO,T,0.25287593578460305,0.4947373439200581,0.24186140813545504
FANG,HBAN,0.26648065083739647,0.5081696262628184,0.2416889754254219
CB,VAL,0.14163327905882303,0.3832585699054051,0.24162529084658205
IRDM,MSFT,0.13349613902974286,0.37494220323523864,0.24144606420549578
MSFT,SEDG,0.13237888437924106,0.37380861703454327,0.2414297326553022
BMY,IVZ,0.13159899028156896,0.37292600660816033,0.24132701632659137
NVDA,TDW,0.07749349627585979,0.3188008116792131,0.24130731540335332
CFG,TDG,0.197813994273386,0.438799923480704,0.240985929207318
LXU,MKC,0.023081279150624596,0.2639272097304243,0.24084593057979967
BX,NVDA,0.25562058094577295,0.49629024667690985,0.2406696657311369
MCHP,USMV,0.3764794310813609,0.6170227750750572,0.2405433439936963
DUK,RF,0.08527466790136573,0.32542646175827006,0.24015179385690433
MOS,T,0.10457857363565205,0.3438031284454916,0.23922455480983956
D,INTC,0.057104739917795674,0.2962702879833489,0.23916554806555324
PLD,RF,0.20998436178524177,0.4489926779381178,0.23900831615287604
KO,VAL,-0.043971134835313716,0.19496044855966804,0.23893158339498177
INTC,VUG,0.4341771799661755,0.672917600772427,0.23874042080625152
AMAT,CL,0.07628178977420269,0.3149871224076484,0.23870533263344573
CAG,ENPH,0.024282481882169187,0.26267192959844465,0.23838944771627546
FITB,HBAN,0.4637864621667992,0.702134806380817,0.23834834421401785
HON,VAL,0.18174137658684805,0.4198800154533955,0.23813863886654743
BMY,FANG,0.06568523086406783,0.3033028236672915,0.23761759280322367
CVX,NVDA,0.07305481199984044,0.31058254991862166,0.23752773791878123
HBAN,SHEL,0.07495707826285843,0.31215109907519123,0.23719402081233282
AFL,SPCX,0.0565112556126916,0.2935694352226687,0.2370581796099771
DD,NVDA,0.1120392491016963,0.34893080137145926,0.23689155226976297
TRV,VIG,0.4725657449425192,0.7093553984919357,0.23678965354941656
ALL,VAL,0.0951015287435129,0.3312632408710156,0.2361617121275027
NEE,T,0.2216708000401485,0.45768675436046263,0.23601595432031414
BAC,HPQ,0.1881371982992775,0.4240666420415819,0.2359294437423044
NVDA,WM,0.08399794273650019,0.31987891958178677,0.23588097684528658
FITB,NVDA,0.11648149374071537,0.3517037383284847,0.23522224458776936
BEN,T,0.14214637727549956,0.3768255312199785,0.23467915394447897
IBM,MCHP,0.23519547226336035,0.46965365325195085,0.2344581809885905
NVDA,PLD,0.11004974925555291,0.3444434742696326,0.2343937250140797
MCHP,MU,0.3518198764691199,0.5856605185930752,0.23384064212395533
T,TSLA,-0.0020946911790093495,0.23174306980983117,0.23383776098884052
DVY,INTC,0.30630783837951625,0.5401185057734156,0.23381066739389933
REGN,XLF,0.20085838731111455,0.43417483277710317,0.23331644546598862
HEI,RF,0.10168018022058344,0.33447625330100306,0.2327960730804196
PEP,RF,0.08714081948169722,0.319788370377424,0.2326475508957268
DUK,XLF,0.19376595794598733,0.4261837953266573,0.23241783738066996
PG,XLF,0.23131801153353648,0.4634970828768905,0.23217907134335403
NVDA,RF,0.11359059595476566,0.34565751197975036,0.2320669160249847
BA,NVDA,0.12196960007644637,0.3539171301659353,0.23194753008948893
QQQ,VAL,0.14680806266288185,0.378685622988718,0.23187756032583615
D,DVY,0.49872829771821986,0.730577630632496,0.23184933291427617
DVY,USMV,0.7581627300907074,0.9899969966687436,0.23183426657803619
ASIX,NKE,0.1373865286534531,0.3688983022086848,0.2315117735552317
MCHP,VIG,0.4896813007501387,0.7211610834105483,0.23147978266040958
ORCL,RF,0.13148900239873093,0.36232733749112633,0.2308383350923954
AMD,RF,0.10216258655965067,0.3326294349702307,0.23046684841058002
C,RF,0.35781812732150686,0.58815122064347,0.23033309332196317
GIS,VZ,0.24274439064584746,0.4728654981492859,0.23012110750343845
NEE,VNQ,0.4218874405364556,0.6518471466946999,0.2299597061582443
CFG,HII,0.22846526557249838,0.4583103357336971,0.22984507016119873
REGN,RF,0.08951076971535266,0.3192265227447565,0.22971575302940384
HEI,VAL,0.12027946724212116,0.3499317945787735,0.22965232733665233
CB,NVDA,0.06569561767262055,0.2948902701949615,0.22919465252234095
BMY,GOOGL,0.07169738225091138,0.3006188789648782,0.22892149671396683
BAYRY,RF,0.17985940234571965,0.4086666623654751,0.22880726001975546
BEN,DOW,0.3709343525943018,0.5996164221392367,0.22868206954493492
T,XLV,0.27717639652980164,0.5058547860114477,0.2286783894816461
GSAT,NTR,0.11684754620123997,0.3454293623812097,0.22858181617996973
BEN,PYPL,0.20277839836354486,0.431299547324782,0.22852114896123712
CF,IRDM,0.07556861919324753,0.30337398792149545,0.22780536872824791
CFG,CSCO,0.22164423443807768,0.4492429412000874,0.22759870676200972
MU,TSLA,0.2163552441326547,0.44390575392490006,0.22755050979224536
KHC,XLP,0.4488309119434269,0.6757019145088847,0.22687100256545784
IVZ,RF,0.3521578134148186,0.5785288022194188,0.22637098880460021
ARKK,XBI,0.6108669793693408,0.8371551354247695,0.22628815605542874
LRCX,VIG,0.44580308931855794,0.6720520823279147,0.22624899300935675
CFG,IBM,0.24162910472178678,0.46781198903233706,0.22618288431055028
C,SPCX,0.16664513176469048,0.3926137504575208,0.2259686186928303
ANDE,MCHP,0.07872439341027454,0.3046403367817422,0.22591594337146764
BAC,MOS,0.17507352053566008,0.4008726475855498,0.22579912704988972
CL,DVY,0.34716502066227434,0.5727509269719133,0.22558590630963898
LRCX,RF,0.1117718428675499,0.337340311797539,0.22556846892998908
BA,CFG,0.27948552733966253,0.5048159104056191,0.2253303830659566
IPI,MSFT,0.06041613207417722,0.2857229870560877,0.22530685498191044
JPM,SYF,0.5478761982638949,0.773144341566174,0.22526814330227907
IVZ,VYM,0.6108117755453306,0.8358883780127853,0.22507660246745465
BAC,CF,0.21697521795929292,0.4419753904691121,0.22500017250981919
ANDE,O,0.07158180058818654,0.29640668948525095,0.22482488889706442
FMC,STM,0.14086887602209372,0.3656149497392447,0.22474607371715097
BMY,XLE,0.11643253838117146,0.34061694916532015,0.2241844107841487
GSAT,SO,-0.0432072649815788,0.18083306160484997,0.22404032658642875
HII,SPCX,0.09348303842347497,0.31750508154074386,0.2240220431172689
MOS,SHEL,0.10093693498967808,0.32446161658358047,0.22352468159390237
PM,XLF,0.21806044992767334,0.44133909448887443,0.22327864456120108
LXU,MOS,0.15402665252514103,0.3766121183468007,0.22258546582165967
NTR,SPCX,0.0366242343439725,0.25875191358199906,0.22212767923802657
CFG,HEI,0.22527800335103987,0.44733873985117323,0.22206073650013336
GD,NVDA,0.07554213638239606,0.2974003545865501,0.22185821820415408
AEP,RF,0.09998559552174612,0.32173336831615096,0.22174777279440483
CPB,ENPH,0.002215781435774881,0.2238247172010668,0.22160893576529192
BAYRY,GSAT,0.04175995191851898,0.26318161046374744,0.22142165854522847
NVDA,VLO,0.10550111465785555,0.32686706660125636,0.2213659519434008
ANDE,VAL,0.2464599081501196,0.46777096800312645,0.22131105985300686
HBAN,TGT,0.15311187407053337,0.3743195889152211,0.22120771484468774
CF,MOS,0.5767730972357497,0.7978529076778674,0.22107981044211777
ORCL,VAL,0.08589562351978071,0.3068929695124741,0.22099734599269338
AEP,XLF,0.1981669705996153,0.41865309573236986,0.22048612513275456
RF,UNH,0.10818761162584738,0.32845433088392545,0.22026671925807806
DD,VAL,0.19645476402955747,0.41646979137776835,0.22001502734821088
CL,LRCX,0.06839167332563476,0.2883684584529165,0.21997678512728172
BMY,GSAT,0.05497501541282246,0.27489645540917973,0.21992143999635727
PFE,XLV,0.48438343200609446,0.7042954437542036,0.21991201174810915
DVY,SPCX,0.11042303908655367,0.33026844206494166,0.219845402978388
CL,MU,0.0621289165150975,0.2818831763307551,0.2197542598156576
MCD,NVDA,0.06787932127461012,0.2874903506547483,0.2196110293801382
HBAN,SMG,0.14849863140403638,0.36784300149948373,0.21934437009544736
PSX,SHEL,0.45716981724589983,0.6764029385330932,0.21923312128719336
ARKK,MCHP,0.4491127269762684,0.6681977963782065,0.21908506940193812
CFG,FANG,0.2872022221822497,0.5059574718553993,0.21875524967314958
SMG,VAL,0.12308729320857295,0.3418416123076045,0.21875431909903156
MOS,PYPL,0.08900726997661784,0.3074087363625725,0.21840146638595465
MPC,VLO,0.773299597887781,0.9910086840627129,0.2177090861749319
CFG,LRCX,0.203697230237219,0.42109716715824125,0.21739993692102225
GSAT,TTMI,0.09169670250219446,0.30906235999336745,0.21736565749117298
FANG,SHEL,0.4992699659474359,0.7161865701256356,0.2169166041781997
ARKK,SPCX,0.046490946357266326,0.2629890403104627,0.21649809395319639
BAC,HBAN,0.37498416109057153,0.5914134913293809,0.2164293302388094
BAC,ICL,0.11534713505859889,0.33162524103523544,0.21627810597663655
CB,VIG,0.48310551776108496,0.6993549830685569,0.21624946530747197
PFE,STM,0.10369425000865913,0.31980331557073516,0.21610906556207604
BMY,D,0.15393056562078436,0.3695070023971786,0.21557643677639424
CF,NVDA,0.09149547996997211,0.30694420658692645,0.21544872661695436
GOOGL,RF,0.12810924120575826,0.3434304044735622,0.21532116326780396
UAN,VAL,0.18863927147719317,0.4038880444562841,0.21524877297909095
RF,SO,0.10047906651519527,0.315145115085897,0.2146660485707017
T,TGT,0.17642298774476273,0.39075544714770394,0.2143324594029412
BAYRY,NVDA,0.1249400389271175,0.33877479851052433,0.21383475958340684
CFG,XBI,0.2525489451256683,0.46635135557015184,0.21380241044448356
VAL,VUG,0.14497928103564392,0.3586051960608706,0.21362591502522668
CL,MCHP,0.030335657382938235,0.24388269710208066,0.21354703971914243
AMAT,TSLA,0.25533329599374543,0.4688378510864484,0.21350455509270294
NVDA,SMCI,0.29586709920576393,0.5092506902034847,0.21338359099772075
CW,VAL,0.1573120747911332,0.3704567986947786,0.2131447239036454
AMAT,VIG,0.45694743257576287,0.6700567291440434,0.21310929656828048
RF,VNQ,0.2729927212406468,0.48538732360674175,0.21239460236609498
ORCL,SPCX,0.09047188052746749,0.30282976415881685,0.21235788363134936
KO,MO,0.2734387044710929,0.48569261677315356,0.21225391230206064
ANDE,NEE,0.05240979436782528,0.26456154270137117,0.2121517483335459
LRCX,MCHP,0.43923746681402104,0.6513065468016375,0.21206907998761643
BMY,RF,0.12318941331045893,0.33470953928691427,0.21152012597645534
UNH,VAL,0.10376736049393602,0.3152580902690931,0.2114907297751571
ORCL,XLF,0.28765261875893544,0.49898622502245354,0.2113336062635181
ABBV,VAL,0.04087145689897065,0.2521667426163961,0.21129528571742545
IYR,VAL,0.1392076608436927,0.35047317826303664,0.21126551741934393
CF,DOW,0.3466911638549351,0.5571046265737534,0.21041346271881828
D,PYPL,0.08661755894962779,0.295698016788385,0.20908045783875717
SO,XLF,0.1882794388732331,0.39709589173807347,0.20881645286484038
ENPH,ICL,0.12644555067790866,0.3351679578064689,0.20872240712856024
LMT,RF,0.10332430497902702,0.312039980265351,0.208715675286324
MMM,NVDA,0.11784973958790482,0.32620926152067226,0.20835952193276744
LLY,RF,0.08831953112172994,0.29656878969944933,0.2082492585777194
DE,NVDA,0.09907574266361435,0.30732338788623015,0.2082476452226158
BA,RF,0.17153528635648996,0.3797354455795862,0.20820015922309626
ANDE,KO,0.04741686171014772,0.25547723815583717,0.20806037644568945
MMM,VIG,0.5217813262665859,0.7297981888417662,0.20801686257518026
NKE,VZ,0.12321743030410867,0.3311943827808873,0.20797695247677864
CL,LLY,0.19389157205960922,0.40161566945202554,0.20772409739241632
BAC,T,0.2108694761214012,0.41850095202239324,0.20763147590099204
AMD,CFG,0.12118492290232234,0.3287334803425889,0.20754855744026657
BAC,XLE,0.2885070570853678,0.49604415935576196,0.20753710227039418
TDG,VAL,0.12027440443914376,0.327718246888255,0.20744384244911124
CTVA,INTC,0.059811748166144534,0.26707754170487485,0.20726579353873031
JNJ,RF,0.11502077499048118,0.3220130469995796,0.20699227200909842
BAYRY,SATS,-0.20831277571306805,-0.0014472719526471638,0.2068655037604209
HBAN,TDW,0.119692508729623,0.32543740617693434,0.20574489744731134
INTC,PLTR,0.16536258581202398,0.3710160277553148,0.2056534419432908
DD,SPCX,0.17346416429247594,0.37886388644144153,0.2053997221489656
ASIX,BAC,0.3259666130004787,0.5313159433694019,0.20534933036892322
HBAN,MCHP,0.14883477846487558,0.35410280978388636,0.20526803131901078
COST,VIG,0.46278982019989134,0.6680045138290677,0.20521469362917633
NUE,NVDA,0.16176712536523347,0.36664717540761016,0.2048800500423767
CPB,XLP,0.4608469454638921,0.6650465843791596,0.20419963891526755
BAYRY,VAL,0.14713270812830456,0.3511089520103401,0.20397624388203553
AMAT,CFG,0.20664373527821475,0.4103577859284117,0.20371405065019696
C,NVDA,0.1861391465739929,0.3898513772031329,0.20371223062914
DD,RF,0.21174763189988458,0.41542995232299723,0.20368232042311266
ANDE,BAYRY,0.0866255668165239,0.2902216100039719,0.203596043187448
CW,SPCX,0.1594791643564641,0.3629493639851986,0.20347019962873453
ANDE,GSAT,0.0864060725134926,0.2898061690388544,0.20340009652536184
PLD,SPCX,0.19948579387668688,0.4025924075924068,0.2031066137157199
MCD,RF,0.11118477953545543,0.31408356921314273,0.20289878967768732
AMAT,RF,0.1406235602871995,0.3433312571536989,0.2027076968664994
CSCO,SATS,-0.21400049093254192,-0.011328283622787472,0.20267220730975444
NVDA,RTX,0.12331604762879254,0.325873161902521,0.20255711427372847
MCHP,XLF,0.2798197246361447,0.48204388088101824,0.20222415624487355
ANDE,INTC,0.0855072011534917,0.28758079237550527,0.20207359122201357
ASTS,GSAT,0.20657079172928378,0.4083632106329986,0.2017924189037148
VNQ,XLF,0.4392161665303174,0.6408884693952726,0.20167230286495513
IRDM,XLV,0.19437993809764367,0.3958739417007077,0.20149400360306405
HBAN,SBUX,0.15348361435801186,0.35468078143308446,0.2011971670750726
RTX,VIG,0.5263988903506938,0.7275495632512885,0.20115067290059474
ASIX,CF,0.3161479627248231,0.515911035152961,0.1997630724281379
CFG,MU,0.19165762183328583,0.3913076904997144,0.1996500686664286
NVDA,TDG,0.18451982711710765,0.3841225335057428,0.19960270638863517
SEDG,XLV,0.1754255708434024,0.3749982840287308,0.1995727131853284
CL,SO,0.21759645495114768,0.4171677216723161,0.1995712667211684
AEP,CL,0.2129736653400126,0.41228430039229,0.19931063505227742
ANDE,SATS,-0.1380264118738625,0.06126883977541623,0.19929525164927872
MU,RF,0.12275266766270941,0.32172100639083523,0.1989683387281258
MMM,VAL,0.13018646677991388,0.3288964653980512,0.1987099986181373
TRV,VAL,0.12240319300250911,0.32013224747334423,0.1977290544708351
DVY,NEE,0.4503862718419091,0.6476416673376915,0.19725539549578236
BMY,O,0.11778168138696764,0.3145777917351979,0.19679611034823025
JPM,VIG,0.5347904713046706,0.7315206027945499,0.19673013148987928
INTC,SHEL,0.06239211285450561,0.25866384788704927,0.19627173503254366
TSLA,VUG,0.4124986353061659,0.6085519069913998,0.19605327168523395
CL,MCD,0.23831197260435846,0.43433316399136107,0.1960211913870026
DVN,MKC,0.03574387836113791,0.23153781572276358,0.19579393736162568
CPB,PYPL,-0.02142481559833912,0.1741308519842029,0.195555667582542
GSAT,MCHP,0.10384742453945109,0.29915400987959095,0.19530658534013987
RF,XOM,0.18194634611152194,0.37705920829192385,0.1951128621804019
MKC,XLE,0.07091026700549334,0.2658731577626731,0.19496289075717976
DVY,SHEL,0.4214897393335349,0.6162300025788215,0.19474026324528665
DG,VAL,0.024356100386809302,0.218689883241048,0.1943337828542387
BAC,SEDG,0.11875093059963217,0.3128289072966145,0.19407797669698235
IBM,RF,0.14543049163191593,0.3393189375023647,0.19388844587044876
LLY,NVDA,0.07664668294480308,0.2704070897200163,0.19376040677521322
RF,SCHW,0.3288676853946133,0.5221105659694544,0.19324288057484107
BLK,SPCX,0.14644344696584222,0.3387312397871306,0.19228779282128838
KO,SPR,-0.18051601521763863,0.011689918682960909,0.19220593390059953
ASIX,MOS,0.36022003224767885,0.5523037998508025,0.19208376760312362
NUE,RF,0.20906002409256336,0.4010711265460747,0.19201110245351133
CFG,VLO,0.29816117075301846,0.4901452304497886,0.19198405969677013
NOC,VAL,0.10666690256819826,0.2985856102313143,0.19191870766311603
DOW,MOS,0.37820584548580927,0.5699637015687845,0.19175785608297524
CPB,STM,0.04830839896425502,0.2399431462965683,0.19163474733231328
ENPH,FMC,0.1221652059581791,0.31357321904010427,0.19140801308192518
INTC,SCHW,0.2109157637259879,0.4019906740716959,0.19107491034570803
AEP,D,0.4704554960152866,0.661425767903166,0.1909702718878794
BMY,SYF,0.096172355002429,0.2870582021386429,0.19088584713621393
SYF,XLF,0.6245797656720193,0.8154040085445878,0.1908242428725685
D,DUK,0.4751020351485266,0.6651858446578008,0.19008380950927423
BMY,SBUX,0.1108403617174776,0.3007873455327375,0.1899469838152599
CVX,RF,0.1655353307679975,0.35539268344528646,0.18985735267728895
CL,VYM,0.3874075069340431,0.5772285504358279,0.1898210435017848
VAL,VNQ,0.14137098618884286,0.33088196454979024,0.18951097836094738
HMC,T,0.1339250433249027,0.3234047981578138,0.1894797548329111
CFG,GSAT,0.1370260751398421,0.3262894783513411,0.18926340321149898
XLP,XLU,0.4476517754377594,0.6364331053861519,0.18878132994839253
PM,SPCX,0.18942672263910684,0.3781119009770471,0.18868517833794027
COST,RF,0.11617991819284253,0.3048068155720357,0.1886268973791932
ENPH,PFE,0.07196636092383554,0.26053504606590694,0.1885686851420714
UNH,XLF,0.24746418224913633,0.43598981035591283,0.1885256281067765
CFG,QQQ,0.22699557904598533,0.4151153452031247,0.18811976615713938
BMY,MPC,0.08948954675416049,0.2774666903179862,0.18797714356382572
BKSY,XLV,0.15206949892240143,0.34001738801896414,0.1879478890965627
NVDA,VYM,0.2568643098500448,0.4447194824330293,0.18785517258298445
INTC,ORCL,0.3099865994344926,0.4977663201546291,0.18777972072013654
HBAN,NEE,0.09124958082122642,0.27864682707732374,0.18739724625609733
HON,NVDA,0.13846768447216753,0.32586051616339873,0.1873928316912312
PEP,XLF,0.2273547018479439,0.4147405193750438,0.1873858175270999
HPQ,STM,0.3285304715802662,0.5156291507127231,0.18709867913245687
NTR,VAL,0.277263247813233,0.4636837901167141,0.1864205423034811
CF,SCHD,0.2735609749750472,0.45995038287086554,0.18638940789581832
CFG,XOM,0.3200383274477237,0.5062943686907381,0.18625604124301437
LRCX,TSLA,0.26577839945702786,0.4516193548112273,0.18584095535419942
IYR,PLD,0.7818835968436884,0.9676779584006244,0.18579436155693607
NKE,XLE,0.14594919833307093,0.33153278940714104,0.1855835910740701
BMY,LRCX,0.04936545742521585,0.2348892234601176,0.18552376603490173
D,HBAN,0.09064551493545794,0.2759399089131287,0.18529439397767075
BA,XLF,0.3277660295988641,0.5127137015397801,0.18494767194091605
ANDE,RKLB,0.06042220144078317,0.245230026923091,0.18480782548230784
INTC,SPLV,0.19881895148750575,0.38343757690026187,0.18461862541275612
BMY,CF,0.07027999073037164,0.25472636939844473,0.1844463786680731
SPLV,VYM,0.7585541841041673,0.9428741371107879,0.18431995300662063
INTC,USMV,0.28624382906515045,0.47048828707915635,0.1842444580140059
GSAT,RKLB,0.16996071349714348,0.35418864703891845,0.18422793354177497
KO,PEP,0.4412917567848396,0.6254782355237789,0.18418647873893929
AMD,GSAT,0.11888841240342438,0.30303092690267175,0.18414251449924737
PLD,VNQ,0.7920482536218182,0.9758934911996909,0.18384523757787274
CF,ICL,0.16095886183198171,0.3446128141801094,0.1836539523481277
PLTR,SPCX,0.039330168795194784,0.2229210652990515,0.18359089650385674
BMY,VAL,0.06033245597887771,0.2431998485565952,0.1828673925777175
D,SO,0.4631858472697295,0.6459539783878613,0.18276813111813178
SMCI,VAL,0.04754396904291789,0.23020826713156642,0.18266429808864854
CSCO,GSAT,0.04965022975160203,0.23135284093121383,0.1817026111796118
JPM,SPCX,0.1582804241819718,0.33982282731048474,0.18154240312851294
PYPL,TSLA,0.2621670635247427,0.44338913210434866,0.18122206857960593
HBAN,SMCI,0.1288503720814971,0.3100635768613976,0.18121320477990052
CFG,RTX,0.30616930149360244,0.4869604623999299,0.18079116090632746
BMY,NEE,0.16832093123840708,0.3489006867256202,0.1805797554872131
BAC,VZ,0.20088574048342875,0.3812178022969799,0.18033206181355113
NOC,RF,0.13230532743651094,0.3125774304222793,0.18027210298576837
HBAN,KO,0.10836462488315465,0.28859609591735336,0.1802314710341987
ENPH,VAL,0.10246142237688408,0.2825453910153011,0.180083968638417
AMD,TSLA,0.23195067624854163,0.41201783217473514,0.18006715592619352
BEN,ENPH,0.15775001488080836,0.33778166059855075,0.18003164571774238
C,HBAN,0.3249862864325607,0.5046622538931705,0.17967596746060982
CAT,VIG,0.513590927627636,0.6930530045594373,0.17946207693180127
GD,VIG,0.51630747682156,0.6957050275298945,0.17939755070833452
BEN,HBAN,0.19711218683696477,0.3764911790545682,0.17937899221760342
MSFT,SCHD,0.35861871377058635,0.537996702124863,0.1793779883542766
MTSI,NVDA,0.33692693213304004,0.5158341652755978,0.17890723314255774
MO,PM,0.5091286872896407,0.6875359693079484,0.1784072820183077
IYR,O,0.743129332781277,0.9214672410552697,0.17833790827399265
MCHP,VUG,0.5226356195668992,0.7009362682368213,0.17830064866992212
SATS,VZ,-0.16461085615728518,0.013236750974241287,0.17784760713152648
USMV,VYM,0.813550106029592,0.9911323859172191,0.1775822798876271
BMY,TTMI,0.08892365453803516,0.26643026128862174,0.17750660675058658
CFG,DD,0.33220476425680107,0.5096215266653632,0.17741676240856213
LMT,XLF,0.22903407480444382,0.4064245976681675,0.1773905228637237
AMD,HBAN,0.09438287609815212,0.2715361280753739,0.17715325197722182
IBM,VAL,0.09627931202626946,0.27336563790622753,0.17708632587995807
STLD,VAL,0.24862135451928474,0.42537034990493383,0.1767489953856491
HEI,XLF,0.25928660789026714,0.43601643198364537,0.17672982409337823
IBM,INTC,0.30275717502384253,0.47926455719738265,0.17650738217354012
CL,HBAN,0.0855618235490143,0.26195044337539025,0.17638861982637594
CL,SPLV,0.586161863109655,0.7620846802469471,0.17592281713729208
CL,JNJ,0.2765667947183395,0.4524259629667311,0.1758591682483916
GSAT,TDW,0.07634341509608364,0.25192409473044686,0.17558067963436322
MSFT,SHEL,0.05397636060054839,0.22940480834895566,0.17542844774840727
BMY,XLF,0.25694854102226067,0.43219894647335194,0.17525040545109127
T,XLF,0.30220199395570846,0.4774199234446201,0.17521792948891163
CL,TTMI,0.038080361834175,0.21318161564008245,0.17510125380590746
RKLB,SPCX,0.23232989477502927,0.4074079356508022,0.17507804087577292
DVN,NKE,0.08601330171831442,0.26089227218788996,0.17487897046957554
RF,VIG,0.4520592583903517,0.6265703701671258,0.17451111177677409
DVY,SPLV,0.768517281652917,0.9430257700243161,0.1745084883713991
MO,RF,0.11397056016276373,0.28839102443773446,0.1744204642749707
GOOGL,XLF,0.2548450611830142,0.4290376607303997,0.17419259954738547
BMY,DG,0.11886698281208322,0.29209616573936603,0.17322918292728282
RTX,VAL,0.1499858387620401,0.32319628134269546,0.17321044258065535
PLTR,T,0.012067697161539293,0.18510662004645828,0.17303892288491898
BMY,FITB,0.15944671299364319,0.33244486750392677,0.17299815451028358
HON,RF,0.19378572903037167,0.36669652824855997,0.1729107992181883
CL,PEP,0.2807003146390081,0.45360945897267646,0.17290914433366839
ANDE,SO,0.03430630489603765,0.20681087911218785,0.1725045742161502
BMY,TGT,0.18670665222420363,0.35913058952626387,0.17242393730206024
CFG,MPC,0.30946730642884224,0.48180067897485257,0.17233337254601033
LLY,XLF,0.2156371521892163,0.387790895168219,0.1721537429790027
HBAN,MPC,0.3041731905808889,0.47622750585551255,0.17205431527462367
CRWD,NVDA,0.37384446239711305,0.5458037857143313,0.17195932331721825
NVDA,REGN,0.15238049329296596,0.324058687653064,0.17167819436009804
HBAN,PSX,0.3406141804360872,0.5121633462130194,0.1715491657769322
SATS,T,-0.19198562199146382,-0.020483315823706365,0.17150230616775747
HBAN,SYF,0.5859424028978533,0.7574378890767354,0.1714954861788821
SMG,T,0.10063871747589728,0.27212571522309104,0.17148699774719375
STLD,XLF,0.3180414811662108,0.48932849273301865,0.17128701156680787
BMY,HII,0.12129756965688836,0.29252403668889504,0.17122646703200667
MMM,RF,0.19702157886225583,0.367178650622391,0.1701570717601352
CSCO,XLF,0.3361335063692597,0.5061254489838393,0.16999194261457956
CF,NEE,0.01848757426926613,0.18843558339635413,0.16994800912708802
DVN,T,0.04068737065968228,0.21047456403730927,0.169787193377627
PFE,PYPL,0.07110391830407889,0.2406024357306453,0.1694985174265664
ANDE,XLE,0.2289892397986945,0.39840473429104045,0.16941549449234594
AFL,VAL,0.16421854690194457,0.33363039687457713,0.16941184997263256
SPLV,VAL,0.07704428136964077,0.2456935193868115,0.16864923801717074
BAYRY,BMY,0.17455689519964923,0.3431623218738668,0.16860542667421757
GD,RF,0.15306175371603883,0.3214571461473815,0.1683953924313427
HBAN,WM,0.0666889226091439,0.23461585724702097,0.16792693463787706
HBAN,SPCX,0.19864945031321263,0.3664902011472492,0.16784075083403655
RF,T,0.1483741116168412,0.3159333100566317,0.16755919843979053
SPCX,VAL,0.1218711250710778,0.2886951601840983,0.16682403511302052
INTC,NEE,0.08883494780555626,0.25562074773204346,0.1667857999264872
ANDE,MRK,0.04351933731676151,0.2100649146086161,0.1665455772918546
BMY,SCHW,0.15285099863947227,0.3190050859662417,0.16615408732676945
GSAT,SMCI,0.07431304289071086,0.24034194140611967,0.1660288985154088
MCHP,NVDA,0.39088758654391886,0.556840643868367,0.1659530573244481
AFL,BMY,0.15074824895820654,0.31638553971047934,0.1656372907522728
CW,VIG,0.5303550969232509,0.6955944287052074,0.1652393317819565
CFG,TTMI,0.2487778637161117,0.4139798231499195,0.16520195943380778
HEI,NVDA,0.14151029158759315,0.3066505966573423,0.16514030506974914
CF,SPR,-0.1419486235848667,0.022984142872754913,0.16493276645762162
SHEL,VYM,0.4473293312553697,0.6121932889714842,0.16486395771611445
HBAN,IVZ,0.3189307522675175,0.483788412929929,0.16485766066241153
ANDE,SMG,0.11451634491167616,0.27896086355020444,0.16444451863852827
HBAN,HII,0.25061454715934184,0.4143727086809665,0.16375816152162465
ANDE,UAN,0.12211653793237871,0.28582663721280926,0.16371009928043057
NVDA,XBI,0.2650441231578937,0.42862196234321603,0.16357783918532232
XLF,XOM,0.327942983177825,0.4913180027346656,0.16337501955684058
SPCX,USMV,0.10701833177899857,0.2698677565965755,0.16284942481757697
AMAT,MCHP,0.464583557824932,0.6272955522355032,0.16271199441057116
O,VNQ,0.7662516695744155,0.9288519594365293,0.16260028986211383
HBAN,KMB,0.08135797088944935,0.2438367936301547,0.16247882274070535
BMY,STLD,0.0779361337043531,0.24020952477238935,0.16227339106803626
MO,NVDA,0.024535545131045843,0.18663489090105856,0.16209934577001273
MRK,SPCX,0.1422618029183847,0.3042101014335858,0.1619482985152011
CL,PM,0.3526292547850085,0.5145473110657557,0.16191805628074718
ENPH,XLP,0.08391633672604351,0.24582897780978902,0.1619126410837455
CAT,NVDA,0.13849059969122965,0.30026759714839596,0.1617769974571663
MCD,XLF,0.251494301302677,0.4123792580537163,0.16088495675103925
NOC,XLF,0.264303249052929,0.42484480034394084,0.16054155129101183
ANDE,LRCX,0.06939520902468027,0.2294490043979017,0.16005379537322142
AEP,GSAT,-0.003492396975779231,0.1564569815817224,0.15994937855750163
BEN,STM,0.2568551959555763,0.41658686918045423,0.1597316732248779
ANDE,NVDA,0.08169108027005059,0.24113568494636028,0.1594446046763097
ANDE,D,0.05756939261388005,0.21678128489271362,0.15921189227883356
HBAN,USMV,0.33287665099054536,0.49204524444938624,0.15916859345884088
BMY,HBAN,0.1318339900872652,0.29087401821931186,0.15904002813204665
IBM,NVDA,0.17965973760340914,0.3384064668723685,0.15874672926895939
BMY,PSX,0.11436926703361401,0.2729091733170176,0.1585399062834036
HBAN,VLO,0.1138394058216317,0.272374078852738,0.1585346730311063
ANDE,IVZ,0.16183435415225583,0.32018296032083404,0.1583486061685782
CFG,GD,0.28921392872298785,0.4475520350503167,0.15833810632732886
AMD,XLF,0.2117597032820482,0.3700786677401903,0.15831896445814211
HBAN,NVDA,0.1147049932531127,0.27294990590920254,0.15824491265608984
ENPH,SCHD,0.19425447205098184,0.35223830212444196,0.15798383007346012
SPCX,VNQ,0.1899990854144082,0.3477605943839098,0.15776150896950164
RF,RTX,0.20079139173508995,0.35841559839484766,0.1576242066597577
ALL,CFG,0.2937022446179625,0.45117557833306676,0.15747333371510425
JPM,NVDA,0.17844298607302966,0.33462656820798564,0.15618358213495598
ARKK,T,0.026861179718438873,0.18211992614966932,0.15525874643123044
COST,NVDA,0.13091642708297638,0.28569811683104407,0.1547816897480677
CW,RF,0.17262960119192747,0.32724447757514014,0.15461487638321267
SBUX,VAL,0.13105110553549676,0.2854141090727094,0.15436300353721266
GSAT,PSX,0.05180039376121421,0.2061098424101605,0.1543094486489463
NUE,XLF,0.371045183860092,0.5252279831131944,0.1541827992531024
IVZ,SPCX,0.13218770010155337,0.2863543160070278,0.15416661590547445
BMY,VLO,0.0817341196804922,0.23559579416757787,0.15386167448708565
PYPL,TGT,0.1284523270262137,0.2822202921483472,0.1537679651221335
DE,RF,0.18302867289178312,0.3367093173641847,0.15368064447240157
MKC,NVDA,0.0005750165331512073,0.15405406973892957,0.15347905320577837
CFG,CVX,0.3095000622596594,0.4629095946948282,0.15340953243516875
BMY,CL,0.2405543878448128,0.3937667081677763,0.1532123203229635
BMY,KO,0.2956806975210656,0.4488488289695301,0.15316813144846447
ANDE,SHEL,0.1499971814670871,0.30289908554275274,0.15290190407566565
NVDA,STLD,0.18507161080569742,0.3376993265968731,0.15262771579117565
BAC,SHEL,0.0792103422621901,0.23123389270287564,0.15202355044068555
BX,CFG,0.3619195154024373,0.5138413292624501,0.1519218138600128
CL,PG,0.3994586774104067,0.5512988451997323,0.15184016778932558
MCHP,VYM,0.45680146321735654,0.6083810227146261,0.1515795594972696
SPCX,VYM,0.17584576944928607,0.3274199588781123,0.15157418942882625
AMD,BMY,0.09696283735641938,0.24782658525314677,0.1508637478967274
CFG,TRV,0.3015657883781305,0.45233919787740473,0.15077340949927426
SHEL,SPCX,-0.08656066038022449,0.064207067645516,0.15076772802574048
GSAT,VIG,0.14386988828739591,0.2946069997520711,0.1507371114646752
INTC,TGT,0.1742280019673515,0.32488821487444114,0.15066021290708964
HII,VAL,0.16112511902653048,0.3111891637716525,0.15006404474512203
SPR,XOM,-0.18516050201832318,-0.03525800199775727,0.1499025000205659
ANDE,SBUX,0.06846173791218818,0.21782478052633755,0.14936304261414937
HBAN,PLD,0.1955826742449079,0.3449225883385295,0.1493399140936216
ARKK,VUG,0.7068593613120844,0.8561929679047168,0.1493336065926324
CL,USMV,0.5167140847786454,0.6660431069431909,0.14932902216454547
CVX,SPR,-0.18376778652158968,-0.03470703500775456,0.14906075151383513
MOS,NEE,0.0506791129147809,0.19958865625801026,0.14890954334322937
DUK,GSAT,-0.0005952459459639671,0.1481434027173484,0.14873864866331238
CFG,MMM,0.31047556856602815,0.45906744225013857,0.14859187368411042
GSAT,UAN,0.09163121258801914,0.23972699026622477,0.14809577767820564
MKC,XLU,0.2702316078773161,0.4177394364208917,0.14750782854357558
RF,STLD,0.24711599985043195,0.39434563151393026,0.1472296316634983
INTC,VYM,0.39038645298219976,0.537220723266174,0.14683427028397422
ANDE,CRWD,-0.02195500461450008,0.12478061271251227,0.14673561732701235
CSCO,SPR,-0.16988358261676237,-0.023196025181714656,0.14668755743504772
ANDE,TGT,0.08161395103646864,0.22750810013550452,0.14589414909903586
D,T,0.2373149862660978,0.38304201814894234,0.14572703188284455
USMV,VAL,0.14657926631700452,0.2921518991318215,0.14557263281481697
MU,XLF,0.21517652192182993,0.3601308052610545,0.14495428333922458
MOS,STM,0.15530553098674085,0.299830374716783,0.14452484373004212
BA,VAL,0.14371304526908893,0.28821767060203635,0.14450462533294742
KO,PYPL,0.07085321799859289,0.21532962445632023,0.14447640645772736
ANDE,GOOGL,0.09502255450750266,0.2394488104971327,0.14442625598963005
ANDE,C,0.15091886923670192,0.295256612901347,0.1443377436646451
ENPH,MOS,0.16957953137160847,0.31361690911369555,0.14403737774208708
BAYRY,HBAN,0.1768856873146575,0.32076404441554224,0.14387835710088473
NKE,NVDA,0.10570577476574343,0.24941676242304983,0.1437109876573064
BAC,RF,0.43915107385521646,0.582828829266887,0.1436777554116705
BMY,VNQ,0.19969355760850346,0.34336323691121945,0.14366967930271599
GSAT,MO,0.003627346004407412,0.14699024707475353,0.1433629010703461
ANDE,SMCI,0.05427980322675462,0.1974096311129143,0.1431298278861597
GSAT,SBUX,0.035118181066708484,0.1782244072589709,0.14310622619226243
CVX,XLF,0.3088005588054693,0.4518053607792944,0.1430048019738251
GSAT,PM,2.1726819581884013e-05,0.14284158761671356,0.1428198607971317
BMY,INTC,0.1465690965001995,0.2887276373454669,0.1421585408452674
HBAN,MRK,0.1072796085482036,0.24888544945405594,0.14160584090585232
ANDE,FITB,0.16355835210941802,0.30470038201007055,0.14114202990065253
ANDE,CSCO,0.06555913106492493,0.2059170221613427,0.14035789109641778
CB,CFG,0.3025628149494494,0.4426169896808471,0.1400541747313977
SATS,SEDG,-0.11164691009500058,0.028047516308405684,0.13969442640340626
LRCX,XLF,0.2529550887430631,0.3916621047334171,0.138707015990354
RF,TTMI,0.20147005491459516,0.34004016545524335,0.1385701105406482
ANDE,NTR,0.27824489980580863,0.41669470640116973,0.1384498065953611
GSAT,MRK,0.04079087850830346,0.17895931500253814,0.1381684364942347
BLK,NVDA,0.17276927927931038,0.31049463244907355,0.13772535316976317
D,GSAT,0.0032294037514593887,0.14094134194934785,0.13771193819788846
BEN,RF,0.23048862975286957,0.36811872741239804,0.13763009765952847
BEN,BMY,0.11013222324338383,0.2477182692279198,0.137586045984536
TDG,XLF,0.30031632304670547,0.4376139864471667,0.13729766340046123
GSAT,KO,-0.011257621523203191,0.12555169461842308,0.13680931614162628
ANDE,MO,0.05472084199410033,0.19137057106734473,0.1366497290732444
FITB,SPCX,0.2121535997407474,0.3485352170755856,0.1363816173348382
JNJ,XLF,0.28066911309241405,0.4169900655474788,0.13632095245506476
GSAT,MTSI,0.12505496722801915,0.2611547706512119,0.13609980342319275
BMY,BX,0.13617332205053856,0.2722161096248474,0.13604278757430882
MOS,NVDA,0.09452144791803226,0.23050834141557253,0.13598689349754028
GSAT,PLD,0.08592297377451145,0.22190114910578118,0.1359781753312697
DUK,HBAN,0.08034613406014537,0.21631079068985398,0.1359646566297086
GSAT,PEP,0.009314712935942814,0.14477419226018667,0.13545947932424385
ANDE,PEP,0.01990372667425178,0.15525950250479398,0.1353557758305422
CFG,PYPL,0.16614787865649316,0.3014940785288529,0.13534619987235974
SPCX,SPLV,0.05511118276500564,0.1904508834570638,0.13533970069205814
INTC,RF,0.13861649228480996,0.2739098091426557,0.13529331685784576
HBAN,IYR,0.2723980257142963,0.40733012344493147,0.1349320977306352
HBAN,LRCX,0.12197837219456595,0.25672219847386823,0.1347438262793023
RF,TRV,0.2274108419374197,0.3616496939095904,0.1342388519721707
GSAT,NVDA,0.09833431746169174,0.23245879710269796,0.1341244796410062
GSAT,LRCX,0.1060442545764789,0.24013882199888856,0.13409456742240966
D,SPCX,-0.02292300590806205,0.11105272559078001,0.13397573149884207
PFE,T,0.20259279919881265,0.3364774556814886,0.13388465648267597
FANG,GSAT,0.10089443904501115,0.23475916189425997,0.13386472284924883
HBAN,PG,0.10061573709480327,0.23447238440734597,0.1338566473125427
ANDE,LLY,-0.004751047122890042,0.1290339433282432,0.13378499045113323
GOOGL,GSAT,0.10443909271685373,0.23812605198501335,0.13368695926815963
DD,XLF,0.38181949045995467,0.515475018861609,0.1336555284016543
BMY,MOS,0.07818072899307736,0.2116276474615182,0.1334469184684408
BMY,WM,0.06602702254578621,0.19945124059819241,0.1334242180524062
IBM,XLF,0.3281745324703646,0.46158931799126096,0.13341478552089636
AFL,XLF,0.5113532849865671,0.6445914010874627,0.13323811610089564
CSCO,HBAN,0.16354909059360878,0.29676548650720097,0.1332163959135922
KHC,MKC,0.2945720882929888,0.4277637315368817,0.13319164324389288
BMY,MU,0.06326733530544335,0.19598532486161532,0.13271798955617198
C,GSAT,0.12492823504097851,0.25751802832442383,0.13258979328344533
FITB,GSAT,0.11666443728572827,0.2492455916214028,0.13258115433567452
ANDE,DUK,0.03228736787720266,0.16456681024740766,0.132279442370205
MKC,VZ,0.13940457284153202,0.27165270677146897,0.13224813392993695
SCHW,T,0.16678657554396464,0.2988161776349859,0.13202960209102127
PYPL,RF,0.13763880159875735,0.2694318764865557,0.13179307488779834
SCHW,XLF,0.5999169419949675,0.7315359152970755,0.13161897330210803
GSAT,VNQ,0.09057735657718326,0.22156112578398995,0.1309837692068067
BX,SPCX,0.1816130368535875,0.3125269648172087,0.1309139279636212
USMV,XLF,0.6033447607043649,0.7341965368047699,0.130851776100405
FANG,SPR,-0.16363790122376692,-0.03316614412128793,0.130471757102479
BLK,VAL,0.18688410548762932,0.31699345385010447,0.13010934836247515
RF,TDG,0.1972374309348258,0.3272434415919171,0.1300060106570913
GSAT,IVZ,0.15281290873138784,0.282713963980149,0.12990105524876114
NVDA,TTMI,0.23037543652537024,0.3601992460364664,0.12982380951109618
REGN,SATS,-0.1484492736201087,-0.018789713426077284,0.1296595601940314
ANDE,XLF,0.2098296513630452,0.3393989166480198,0.1295692652849746
CF,CL,0.030522441232754976,0.16007412580966587,0.1295516845769109
SPLV,VIG,0.7864600173132673,0.9156381012651652,0.1291780839518979
GSAT,TSLA,0.08870316870332653,0.2174486407484809,0.12874547204515435
ANDE,TTMI,0.14353468933074234,0.27204909844551617,0.12851440911477383
CRWD,GSAT,0.12836912970815584,0.25684480843929997,0.12847567873114413
GSAT,VLO,0.04970244842734562,0.1779673980687421,0.12826494964139648
GD,VAL,0.20139515247926457,0.329249843310884,0.12785469083161946
NUE,VAL,0.24596446694706828,0.37362259865125697,0.1276581317041887
CB,RF,0.2268593019153162,0.3542297751228338,0.12737047320751763
BMY,VUG,0.19175315957113745,0.3191135189794954,0.12736035940835796
GOOGL,NVDA,0.2799058798895873,0.4069939456982995,0.12708806580871218
BAC,NVDA,0.12721752467152153,0.25429977090083294,0.1270822462293114
GSAT,MU,0.09655669445413251,0.22353255775830047,0.12697586330416796
ANDE,SPR,-0.04981891728992779,0.07697513411420624,0.12679405140413402
GSAT,MPC,0.056334142173333844,0.18297700564204764,0.12664286346871378
SMCI,T,0.0029215894793497756,0.12944990170832874,0.12652831222897895
ANDE,VIG,0.2953618793390161,0.42160830206532596,0.12624642272630987
GSAT,RF,0.1270433537554695,0.2531257941007379,0.1260824403452684
BMY,PLD,0.13446266131745127,0.2605365911532894,0.12607392983583815
BMY,IYR,0.19139371644994913,0.3171059254910329,0.12571220904108377
BMY,CSCO,0.14539316755332046,0.2707604728417854,0.12536730528846493
BMY,T,0.21126213896895377,0.3365906719937274,0.12532853302477362
SCHD,STM,0.36769434524203914,0.49301461447603595,0.1253202692339968
SATS,SPR,-0.09206627836868167,0.032973407797438785,0.12503968616612046
GSAT,LMT,0.0021665986735023997,0.12695389606676794,0.12478729739326554
NVDA,XLP,0.04968344294247088,0.17440862359436268,0.12472518065189181
IRDM,MKC,0.07156519282343705,0.19617024484301135,0.1246050520195743
CSCO,NVDA,0.30489414088151223,0.4290243451156129,0.12413020423410065
NVDA,XLV,0.17642196362184087,0.30050162326986624,0.12407965964802536
HBAN,HEI,0.10516422043064332,0.22898870620647746,0.12382448577583414
BMY,C,0.21920340506192063,0.34302501286793013,0.12382160780600951
GSAT,SMG,0.09744688369856679,0.22123250692984095,0.12378562323127416
JPM,VAL,0.1995482289360961,0.3231993891275317,0.1236511601914356
ENPH,SEDG,0.5238768915929305,0.6473999527907663,0.12352306119783585
DG,GSAT,0.012653240839739562,0.13596204266913775,0.12330880182939818
GSAT,SHEL,0.08320745191370897,0.20611281365469472,0.12290536174098575
ENPH,GSAT,0.0945533793359614,0.2173189897980332,0.12276561046207181
CFG,PSX,0.347369364435581,0.4699214230281625,0.1225520585925815
AMAT,ANDE,0.06462563120979922,0.18706710422479134,0.12244147301499211
BMY,TDG,0.09207228125012412,0.21420696332027964,0.12213468207015551
CTVA,PYPL,0.14281236227051905,0.2647429294603297,0.12193056718981063
AMAT,XLF,0.2753043247009415,0.3969522987171925,0.12164797401625099
PYPL,SATS,-0.14387566671976368,-0.02229130534250403,0.12158436137725964
ANDE,CFG,0.31624120082447765,0.4377539076018808,0.12151270677740317
T,VIG,0.29800969495268376,0.41928902785273264,0.12127933290004889
ANDE,PLD,0.12047191398202212,0.24135536371712843,0.12088344973510631
ANDE,XLP,0.11186691414879608,0.23237460185953865,0.12050768771074256
AMAT,HBAN,0.13370834342830334,0.25414992741117715,0.1204415839828738
NVDA,XLE,0.11227252857450773,0.23270477955028557,0.12043225097577784
TTMI,XLF,0.2826659059435971,0.40303014586126906,0.12036423991767198
TDW,VAL,0.6006266016986883,0.720255471072505,0.11962886937381667
ANDE,MTSI,0.12029287074855836,0.2398005238962758,0.11950765314771743
HBAN,ORCL,0.12544640170370525,0.24486512146212644,0.1194187197584212
NEE,SO,0.4901578209165177,0.6091861468888954,0.11902832597237767
AEP,ANDE,0.04300808359145168,0.16197551779368174,0.11896743420223006
CAG,PYPL,0.032930005583605794,0.15182242322155842,0.11889241763795264
AMD,ANDE,0.08832775873123112,0.2069334570535847,0.11860569832235358
CFG,IVZ,0.5620742267568282,0.6806668832266961,0.11859265646986794
CFG,T,0.18181529832238405,0.3004012124663191,0.11858591414393507
SYF,VAL,0.23228917155217363,0.35057805478714354,0.11828888323496992
BMY,NUE,0.12248439214495963,0.24066986720066644,0.11818547505570681
HBAN,REGN,0.08667192150065425,0.20461214705318084,0.11794022555252659
FMC,T,0.1344922539544758,0.2521289324434239,0.11763667848894807
BEN,SCHD,0.5855883006218395,0.7031074171187686,0.11751911649692903
IRDM,NKE,0.1412333945991317,0.2586402969155732,0.11740690231644152
CL,MSFT,0.14500335638204553,0.26232096683281153,0.117317610450766
CFG,DE,0.32978608353725347,0.4468916263788238,0.11710554284157032
ANDE,VZ,0.04028877595154849,0.15735668802940125,0.11706791207785276
NKE,SHEL,0.0459161541726356,0.16288141255388705,0.11696525838125145
CFG,HON,0.3261791451939462,0.4429563479871213,0.1167772027931751
ENPH,SATS,-0.10567863382288106,0.01092660518145478,0.11660523900433584
DUK,NEE,0.48975614194362854,0.6063334127581818,0.11657727081455321
ENPH,HMC,0.15368339396840966,0.26990829240594644,0.11622489843753678
DD,HBAN,0.19713311574403997,0.31331740318759477,0.1161842874435548
ANDE,IYR,0.1441098859959206,0.2600324712751827,0.11592258527926211
CFG,INTC,0.16731804822841398,0.282943723849954,0.11562567562154
BAC,CL,0.16088234169693852,0.27623452740643123,0.11535218570949271
O,SATS,-0.12445947928346504,-0.009119892586749398,0.11533958669671564
NKE,XLF,0.24845827175899152,0.3633015478156016,0.11484327605661007
CFG,NUE,0.3722091701855154,0.48659916438445044,0.11438999419893503
BA,HBAN,0.15115074055467104,0.2653094364133507,0.11415869585867966
CF,LXU,0.29242561397487654,0.4063567278358525,0.11393111386097599
HBAN,VAL,0.2393929311731012,0.352874894935678,0.11348196376257677
GSAT,MCD,0.017892041501648817,0.13125625374269856,0.11336421224104974
ANDE,MU,0.08666246591066291,0.19972795976475263,0.11306549385408972
NKE,RF,0.1096198703919668,0.22264122487552093,0.11302135448355413
ANDE,SCHW,0.11106176473910617,0.2238134114174735,0.11275164667836732
AFL,CFG,0.42354409039997165,0.5362351367314824,0.11269104633151072
IYR,SPCX,0.1996551896323291,0.3119044697570757,0.11224928012474661
CFG,STLD,0.3639375396172153,0.4761549836505988,0.11221744403338346
SBUX,T,0.12903680965937941,0.24122827507701192,0.1121914654176325
HBAN,SCHW,0.3038404787108345,0.41602125859973477,0.11218077988890024
PYPL,SCHW,0.14636334993496958,0.258508547877548,0.11214519794257843
GSAT,PG,0.003992958383071706,0.11605779492758461,0.11206483654451291
ANDE,RF,0.18085862145337017,0.2928404159135423,0.11198179446017215
ABBV,GSAT,0.03028060321663736,0.14203279496476953,0.11175219174813217
HBAN,PEP,0.09924686120052886,0.21063830285953958,0.11139144165901071
DD,GSAT,0.10853347044475468,0.21991778976204057,0.11138431931728589
HBAN,MO,0.10996371427582406,0.22129082342544604,0.11132710914962198
HBAN,INTC,0.13535549064887525,0.2464956768821189,0.11114018623324365
DVY,VYM,0.8871191825642055,0.9982559529853556,0.11113677042115011
AEP,HBAN,0.10318167349259877,0.2142188271712878,0.11103715367868902
BAC,IRDM,0.14959373043877114,0.2606207876954077,0.11102705725663656
CFG,SYF,0.5887594267719866,0.6996494893491878,0.11089006257720124
ABBV,SATS,-0.13062709530832192,-0.01987922311260052,0.11074787219572141
ANDE,T,0.07670828220994214,0.18738746625699604,0.1106791840470539
PM,SATS,-0.12677482213631197,-0.016191935634792032,0.11058288650151994
GSAT,XLF,0.1348833787877447,0.24513174976899102,0.11024837098124632
XBI,XLF,0.36716495575690206,0.4771795125942062,0.11001455683730416
BMY,MSFT,0.1701475754498494,0.2800608193402383,0.1099132438903889
NEE,PYPL,0.13193696343340358,0.24148797279347115,0.10955100936006756
AFL,ANDE,0.12127445400006182,0.23053520920837445,0.10926075520831263
SATS,XOM,-0.12550759924590213,-0.016289351980529033,0.1092182472653731
CB,GSAT,0.040617491731463375,0.14973117356697394,0.10911368183551057
DOW,MKC,0.08868037992080363,0.19767904932156463,0.108998669400761
BMY,ORCL,0.11616127329873555,0.22500477803409158,0.10884350473535603
BMY,PM,0.14333159936514306,0.2519764026007239,0.10864480323558084
TGT,VAL,0.121535325484284,0.22999833836248434,0.10846301287820034
ANDE,ORCL,0.028119019643797125,0.13657868565007944,0.10845966600628232
MMM,XLF,0.36968796503364193,0.47798932028893,0.10830135525528806
IPI,MOS,0.5019154988479879,0.6101848928860106,0.10826939403802271
ALL,GSAT,0.03667842143299929,0.14470059427947593,0.10802217284647664
ANDE,HBAN,0.1907825212810003,0.2983628893016678,0.10758036802066753
FMC,PYPL,0.13355438143869763,0.24106547113016813,0.1075110896914705
INTC,KO,0.14164213195414688,0.24887948297215945,0.10723735101801257
BX,XLF,0.4808790850994167,0.587768570365553,0.10688948526613629
HBAN,LMT,0.09659426570520326,0.20343106298420377,0.10683679727900051
HBAN,UNH,0.10765082138064563,0.2144492546291957,0.10679843324855007
ANDE,PG,0.030269514724061822,0.1370607590735326,0.10679124434947078
CAT,RF,0.22111687991183654,0.3277940361362371,0.10667715622440055
CVX,HBAN,0.13782047400192898,0.24440736761059112,0.10658689360866214
HBAN,SO,0.10722197566285213,0.2135208440293824,0.10629886836653027
GSAT,IYR,0.10088207810990256,0.20632332650860555,0.10544124839870299
MOS,SCHD,0.35490937391379174,0.460181853626791,0.10527247971299925
SPR,XLP,-0.03407570620259671,0.07107708010123656,0.10515278630383326
CW,NVDA,0.1927985544687074,0.29770555491874745,0.10490700045004006
BKSY,MSFT,0.1588065672475507,0.2635819155721715,0.10477534832462077
GSAT,STM,0.10570252921085124,0.210440695777711,0.10473816656685975
HBAN,VNQ,0.2698318616634551,0.3745270698503064,0.10469520818685135
BMY,SATS,-0.06342749730672034,0.040822769197315104,0.10425026650403545
HBAN,MU,0.1280905789732452,0.23188785755333927,0.10379727858009408
SATS,XLE,-0.08264710498135083,0.021130195452171194,0.10377730043352203
VIG,XLF,0.7374437117220197,0.8408618280749458,0.10341811635292608
ICL,MOS,0.25352697096689897,0.35673474869409993,0.10320777772720097
HBAN,LLY,0.08722058259982096,0.18969091172164612,0.10247032912182516
CF,IPI,0.3947700744280524,0.4965081900497063,0.10173811562165391
CF,ENPH,0.0929052304757693,0.1946371561664205,0.10173192569065119
AFL,GSAT,0.08828113350773599,0.1898382667648834,0.10155713325714742
MKC,SHEL,0.009541219947590572,0.11106788222159994,0.10152666227400936
PLD,SATS,-0.11374452708506376,-0.012542963800862233,0.10120156328420153
ALL,RF,0.2804978438647697,0.38103293706327085,0.10053509319850112
BX,VAL,0.15061483387667093,0.25067369098410114,0.1000588571074302
RF,VUG,0.3227273520537224,0.4226608053926202,0.0999334533388978
GSAT,NEE,0.04779516050423228,0.14657690575397714,0.09878174524974487
COST,XLF,0.3012594819925551,0.3998329060821306,0.09857342408957553
SPR,WM,-0.14660982579919135,-0.04805160954098944,0.09855821625820191
ANDE,CF,0.20864530405881054,0.3070710584566696,0.09842575439785906
ANDE,DVN,0.17517074112884404,0.27345858456355787,0.09828784343471383
ARKK,QQQ,0.7027680074960782,0.8009551572947415,0.09818714979866339
BMY,SPLV,0.3247747576515616,0.42288842911959584,0.09811367146803424
DE,VAL,0.26468950846967776,0.3627449423724951,0.09805543390281735
GOOGL,HBAN,0.14589961590553893,0.24380737693204899,0.09790776102651005
SATS,SBUX,-0.11445771979498696,-0.017697448842302187,0.09676027095268477
BMY,CW,0.08439229022961577,0.18092931165304438,0.09653702142342861
SBUX,SPCX,0.1650485380296432,0.2615768736404203,0.09652833561077712
MO,XLF,0.2259129045248835,0.3222087661998757,0.09629586167499221
MKC,TSLA,0.0175675109356846,0.11352347120916753,0.09595596027348294
HBAN,PM,0.12876841484160073,0.2244751879648648,0.09570677312326406
CL,MO,0.24071411122115996,0.336368716602478,0.09565460538131806
SPR,TRV,-0.14647630223687058,-0.05090852093452912,0.09556778130234146
T,UAN,0.038590265502988816,0.1341464562542151,0.09555619075122627
HBAN,NUE,0.19701744372146884,0.2925209965222986,0.09550355280082978
ALL,ANDE,0.059385780768487134,0.1548685424675165,0.09548276169902936
HBAN,JNJ,0.1165412995910407,0.21196325065093444,0.09542195105989373
CFG,CW,0.34923257656303913,0.4446088752930412,0.09537629873000208
NVDA,ORCL,0.2998491412144941,0.3951462951706396,0.09529715395614552
AMAT,BMY,0.11913235234972337,0.2144208258365857,0.09528847348686233
QQQ,TSLA,0.4292410235291912,0.52404705145066,0.0948060279214688
HBAN,XOM,0.16267632285958994,0.2574773713056017,0.09480104844601178
AEP,NEE,0.46240371103811695,0.5571778644948091,0.09477415345669216
HBAN,T,0.15044556298340966,0.24503537488483093,0.09458981190142127
RF,XBI,0.27895775248200494,0.3733464646693767,0.09438871218737177
ANDE,XLV,0.10223460634243466,0.19652473168642212,0.09429012534398747
HMC,SPR,-0.0679900836654401,0.02624819330367968,0.09423827696911978
MSFT,RF,0.11820574090822777,0.21199885129269241,0.09379311038446464
AMAT,GSAT,0.11368098985619318,0.207296021601755,0.09361503174556182
ASIX,SPR,-0.059101816142445425,0.03447704144028429,0.09357885758272971
HMC,STM,0.21967854353267197,0.3128423591842674,0.09316381565159543
GSAT,LLY,0.04512007774186944,0.13820814865131184,0.0930880709094424
BAC,BMY,0.18724131814525377,0.28014744219631543,0.09290612405106166
GSAT,XLE,0.10931944552792859,0.20198075119557277,0.09266130566764418
GSAT,HBAN,0.11569571708085535,0.20831768048644975,0.09262196340559439
BMY,DVN,0.042308266484539316,0.13482653102414258,0.09251826453960327
ANDE,VNQ,0.16027346377560714,0.25274492125277254,0.0924714574771654
GSAT,STLD,0.12084677445740365,0.2133174659558256,0.09247069149842195
HBAN,MCD,0.11159087233229927,0.20391750003111275,0.09232662769881349
BAC,DOW,0.3531620860289337,0.4454322018537603,0.09227011582482664
PYPL,SMCI,0.10873331266910742,0.20079488246329094,0.09206156979418352
GSAT,RTX,0.07431163202428068,0.1661042300310668,0.09179259800678613
GSAT,SYF,0.11646182486720778,0.2081287158957969,0.09166689102858912
ANDE,DD,0.14816757716400294,0.23969910682773893,0.09153152966373598
BEN,CL,0.10648477934688523,0.1977060877656047,0.09122130841871946
SPR,T,-0.05612623884532805,0.03449269674151836,0.09061893558684642
ANDE,CL,0.023926788837740933,0.1141775389616486,0.09025075012390767
NEE,XLE,0.14030196660136837,0.23018904329513293,0.08988707669376456
BX,RF,0.3523333571066996,0.44192010195176934,0.08958674484506973
NEE,SATS,-0.11827782808895788,-0.02951826339896607,0.08875956468999181
ANDE,PM,0.0683809208003996,0.15699160547629468,0.08861068467589507
RF,XLF,0.6910920931794078,0.7795148645760865,0.08842277139667876
SATS,SPCX,-0.03934489017142328,0.049068111011817524,0.0884130011832408
GSAT,JNJ,0.047309595065904674,0.13571275876482386,0.08840316369891918
CTVA,GSAT,0.06177823841549345,0.15002233643534302,0.08824409801984956
GSAT,SPLV,0.06745042192183927,0.15558972747868338,0.08813930555684411
INTC,VIG,0.38995277862996364,0.47803763866269755,0.08808486003273391
ARKK,INTC,0.33014556485516006,0.4178537063626134,0.08770814150745332
SPCX,STM,0.144070253644301,0.23128640554835841,0.0872161519040574
ANDE,MOS,0.15541029321018013,0.2423696337521885,0.08695934054200838
GSAT,UNH,0.0432781857902395,0.13019228159391633,0.08691409580367682
ENPH,MSFT,0.1361738363158973,0.22251184390364975,0.08633800758775245
GSAT,NOC,0.024577082394958833,0.10956714860664726,0.08499006621168843
COST,GSAT,0.04291614640316878,0.12785719782062244,0.08494105141745366
HON,VIG,0.6372485148504494,0.7220661448201052,0.0848176299696558
ANDE,CB,0.07606712384274066,0.16069685095954983,0.08462972711680918
QQQ,RF,0.23656780522915793,0.3209792149145381,0.08441140968538019
GSAT,TRV,0.04814856107000647,0.1319846023070842,0.08383604123707772
ANDE,JNJ,0.054370551147403884,0.13792352807911865,0.08355297693171476
ANDE,DG,0.0741656050860894,0.1576823810014458,0.0835167759153564
SPR,VZ,-0.03351542496920032,0.04952527004443465,0.08304069501363497
GSAT,XOM,0.08081419107041247,0.1638043029561523,0.08299011188573983
HBAN,PYPL,0.1345480345664531,0.21708026913679912,0.08253223457034603
ANDE,PLTR,0.032984109858227195,0.11515961049912783,0.08217550064090064
MO,SATS,-0.08650900615169595,-0.004634604115293236,0.08187440203640271
RF,SPCX,0.16038355757709133,0.24211171390792557,0.08172815633083425
MSFT,SATS,-0.10862482041627043,-0.027455057546906927,0.0811697628693635
DE,XLF,0.3533484169763786,0.43446492615033333,0.08111650917395474
FITB,XLF,0.6927592659287105,0.7738237016043509,0.08106443567564037
IPI,SATS,-0.06219476555403799,0.01865067497726611,0.0808454405313041
PLTR,VAL,0.11684492703095661,0.19748451409964587,0.08063958706868926
GSAT,HII,0.08956141067019217,0.17009146338980696,0.08053005271961479
ANDE,REGN,0.053831270631521155,0.13410120406021697,0.08026993342869582
GSAT,KMB,0.0015820838916490883,0.08170432717708503,0.08012224328543595
ANDE,BKSY,0.04829560082172938,0.12830076046250624,0.08000515964077687
BMY,HEI,0.10346171332832502,0.1830140975754707,0.0795523842471457
MSFT,NVDA,0.32196949845335227,0.4012769823937991,0.07930748394044684
T,WM,0.07410106049319468,0.15329671932893255,0.07919565883573787
GSAT,IBM,0.05035094922782414,0.12953010701472953,0.07917915778690539
MKC,XLF,0.19054918484487857,0.269365108530876,0.07881592368599741
SATS,XLU,-0.061751249824985116,0.016907399443471905,0.07865864926845702
SPCX,TGT,0.04487382630878076,0.12329289637222651,0.07841907006344576
BMY,MO,0.23194049475530223,0.30990862088111276,0.07796812612581053
COST,SPR,-0.11935261083360743,-0.04141524069404273,0.0779373701395647
ANDE,ENPH,0.10050190678705333,0.1782117327812036,0.07770982599415029
BMY,XOM,0.18709462620776302,0.26412832001037573,0.07703369380261271
BEN,SHEL,0.07514036372709006,0.15201069062980183,0.07687032690271177
DVY,FITB,0.5762680959134309,0.6523649388126118,0.07609684289918095
HBAN,IBM,0.14797098081316307,0.22380330308322893,0.07583232227006587
RKLB,SATS,-0.08229863182667324,-0.006484972542216908,0.07581365928445634
MO,SPR,-0.11661718009065332,-0.04081293846251353,0.07580424162813978
BKSY,SATS,-0.049128663922494833,0.026596134010806984,0.07572479793330182
IBM,SATS,-0.09641322487034927,-0.02085634828288093,0.07555687658746835
MKC,SPR,-0.07812844053085635,-0.002598593703661802,0.07552984682719455
DVN,XLE,0.7850522340065174,0.8605322278447894,0.07547999383827209
CVX,GSAT,0.09219304125888632,0.16604055110712646,0.07384750984824014
BAC,ENPH,0.12562893162034752,0.1993790498825249,0.07375011826217737
BMY,REGN,0.12773213937802264,0.20142326454423984,0.0736911251662172
SATS,USMV,-0.09552138865430551,-0.02252122184254846,0.07300016681175706
CAG,SPR,-0.037468963611928606,0.03487015166845219,0.0723391152803808
HBAN,MSFT,0.11899107777104909,0.19127885403026382,0.07228777625921473
T,TDW,0.037325782267335454,0.10926236606587518,0.07193658379853973
MSFT,XLF,0.3035065796618715,0.37451846761977314,0.07101188795790164
AMD,CL,0.07210254053458716,0.14304257485546912,0.07094003432088196
IVZ,T,0.18572791613876855,0.2563967474801997,0.07066883134143115
CL,MOS,0.04990125760365448,0.12048170640632963,0.07058044880267515
ANDE,KMB,0.04069877511531786,0.1099881202509112,0.06928934513559334
SPLV,USMV,0.9058204309387836,0.974980978055604,0.0691605471168204
ANDE,STM,0.11930886393242773,0.18831564497831876,0.06900678104589103
VAL,VIG,0.23076034344757224,0.2996681694061377,0.06890782595856548
COST,HBAN,0.12858942474073415,0.197441711132195,0.06885228639146085
ANDE,LMT,0.07336806536894436,0.1420536776281058,0.06868561225916145
HBAN,HON,0.1882667757214053,0.25636760247344215,0.06810082675203685
HBAN,NOC,0.13261573196882692,0.20047194060002818,0.06785620863120126
DOW,SPR,0.023233452656731685,0.09093695260869859,0.06770349995196691
GD,XLF,0.3599309046358317,0.4273954303168744,0.06746452568104266
ANDE,UNH,0.06122824778845102,0.12850716282967997,0.06727891504122896
SATS,STM,-0.055488061873760784,0.01177819732361215,0.06726625919737293
BMY,DD,0.2178519581958922,0.28507033600579185,0.06721837780989964
BAC,SATS,-0.058813434814354304,0.007642681084322791,0.0664561158986771
FMC,SPR,-0.021440430445077954,0.044787914430081385,0.06622834487515934
ALL,BMY,0.1513138295964765,0.21625389989388913,0.06494007029741264
ANDE,HON,0.10192466002997153,0.16684753612323983,0.0649228760932683
INTC,TSLA,0.17933237886951545,0.24419063421553716,0.06485825534602171
BMY,MKC,0.10208871827255821,0.16684137544708838,0.06475265717453017
GSAT,TDG,0.059540731602347255,0.1242157956207618,0.06467506401841455
ENPH,MCHP,0.21247987221559328,0.27691871051492195,0.06443883829932867
PYPL,XLE,0.05882242384772059,0.12323543740917084,0.06441301356145025
CFG,XLF,0.7522782175828376,0.8165579505982613,0.06427973301542367
ANDE,IBM,0.07465731850410699,0.13885412745026524,0.06419680894615824
CFG,MKC,0.010846843019731487,0.07498869996275317,0.06414185694302169
SATS,XLF,-0.08829311373046288,-0.024241854339258254,0.06405125939120462
DOW,SATS,-0.036205102647275354,0.02738614244454391,0.06359124509181927
MKC,SATS,-0.08259837737161183,-0.019544909098284966,0.06305346827332686
HBAN,NKE,0.13405263167951478,0.19679738151362297,0.06274474983410819
SMCI,SPCX,0.17874682359101354,0.24148352629186404,0.0627367027008505
ANDE,HEI,0.08520798426679618,0.14788048174561985,0.06267249747882367
GSAT,ORCL,0.06092081392083355,0.12347309585104133,0.06255228193020777
BLK,VIG,0.6353607323021812,0.697691641227258,0.06233090892507687
GSAT,TGT,0.0567046124691061,0.11892299070076041,0.06221837823165431
SPR,VAL,-0.0067101127626273014,0.055390460048157716,0.062100572810785015
HBAN,TTMI,0.20261206935653797,0.2646256877695755,0.06201361841303754
GIS,NVDA,-0.043748806166063525,0.018065943789346457,0.06181474995540998
AFL,T,0.15132311891838296,0.21279935410330086,0.061476235184917905
ARKK,VAL,0.1703610102207926,0.23164769303890898,0.06128668281811636
HBAN,RTX,0.1858937082736231,0.2470877165817625,0.061194008308139425
KHC,PYPL,0.05316677520045946,0.11409076400511008,0.060923988804650615
KO,MKC,0.155093005016609,0.21563869272849293,0.06054568771188393
ANDE,RTX,0.11905975083478805,0.17952009137876848,0.06046034054398043
CF,KO,0.05814682238701585,0.11849317321426796,0.06034635082725211
ANDE,MCD,0.0649711535258762,0.12513474939293306,0.06016359586705687
D,NKE,0.07987546048397112,0.13996816054988254,0.060092700065911414
BMY,DUK,0.1563011662474225,0.2163653708124417,0.06006420456501921
ORCL,T,0.09171940458907248,0.15114240495578163,0.05942300036670915
PSX,SPR,-0.10343319157259426,-0.0441516552195182,0.05928153635307606
SPR,VLO,-0.10084880833177912,-0.0417722381012586,0.059076570230520514
GSAT,USMV,0.09893294215267681,0.1577485746835481,0.0588156325308713
GSAT,VUG,0.1734152046934376,0.23162963241896975,0.05821442772553215
CF,SHEL,0.27433184797768956,0.33230159082038235,0.057969742842692795
CF,XLF,0.26939951758011726,0.3272671034888447,0.057867585908727426
COST,SATS,-0.07577029434649862,-0.01797663106399563,0.05779366328250299
HBAN,MMM,0.19717059410257623,0.2544616739212986,0.05729107981872236
D,MKC,0.1362888274829589,0.1928292572691414,0.05654042978618251
GD,GSAT,0.07828614097010311,0.13428636100627867,0.05600022003617555
BEN,NVDA,0.16858267292082368,0.22447205958871727,0.05588938666789359
ANDE,WM,0.05570962959904587,0.11158381035451283,0.055874180755466955
CAT,VAL,0.2946473694773466,0.35035590348862694,0.05570853401128034
DVN,SATS,-0.0266570363320947,0.028855680714833645,0.055512717046928346
RF,VAL,0.27604481860447283,0.3314619360850746,0.055417117480601796
SATS,XLV,-0.04629999646243218,0.008715700867142618,0.0550156973295748
GSAT,HEI,0.08562202861961866,0.14061950167534124,0.05499747305572257
FITB,VYM,0.5882459200567065,0.6432124121647481,0.05496649210804161
HON,XLF,0.41368716350009593,0.4686394617594543,0.05495229825935838
BMY,CB,0.15541891089073764,0.21037071778227823,0.05495180689154058
BA,GSAT,0.06561957430001805,0.12033530275571531,0.05471572845569726
BMY,SO,0.18603133137647676,0.24047291959867115,0.05444158822219439
GIS,SPR,-0.03899380662763066,0.01540407121354609,0.05439787784117675
CFG,RF,0.8297843458885727,0.8841285508700022,0.054344204981429445
GSAT,SCHW,0.13056224807207337,0.18465611108003588,0.05409386300796251
DE,HBAN,0.17142928232923732,0.2254963990101954,0.054067116680958066
PFE,SATS,-0.03588158571149737,0.01805191719339873,0.0539335029048961
HII,SATS,-0.07259782039401798,-0.019266166290354877,0.0533316541036631
SMG,SPCX,0.15184821945560592,0.20502957069233965,0.05318135123673373
BAC,IPI,0.21815373280676834,0.2713144528354804,0.053160720028712055
GSAT,NUE,0.11200838795427241,0.16495878328823854,0.05295039533396613
BMY,VZ,0.19131716763359757,0.2441605182962662,0.052843350662668626
BMY,CVX,0.17319152266764154,0.22556071726598964,0.0523691945983481
DE,GSAT,0.09429450189575797,0.14661174749935685,0.05231724560359888
NKE,SCHD,0.3545035507054082,0.4067493989136841,0.052245848208275936
BA,BMY,0.1694284707119893,0.22166742963314515,0.05223895892115585
D,MSFT,0.09305454829788708,0.1449195125541845,0.05186496425629743
DG,T,0.09592719208849765,0.14748144722851955,0.051554255140021904
SATS,TSLA,-0.08020722496409659,-0.028680510033951945,0.05152671493014464
ENPH,GIS,0.00872063993572108,0.06021598069594483,0.05149534076022375
ASTS,SATS,-0.05744927442480725,-0.006074382647351761,0.051374891777455495
ANDE,XOM,0.16292556868886476,0.21409184055093716,0.0511662718620724
AFL,SATS,-0.0656981697985685,-0.014623961440107974,0.05107420835846053
BMY,UNH,0.15117788059995046,0.20200654343540841,0.05082866283545795
CTVA,SPCX,0.06308920053244689,0.113863501783189,0.050774301250742115
JPM,RF,0.36303572325085953,0.4135994196987442,0.050563696447884665
ANDE,BAC,0.15189116335503872,0.20205193341314648,0.05016077005810776
ANDE,COST,0.07806061112191336,0.12779358359793272,0.04973297247601936
FITB,T,0.1891304692423086,0.23837734755056153,0.04924687830825292
ABBV,ANDE,0.07345556636058734,0.12260715565184133,0.04915158929125399
FITB,VAL,0.26460138319164744,0.31368080172215146,0.049079418530504015
NKE,TSLA,0.12522738946456943,0.17370621297333658,0.048478823508767144
ANDE,STLD,0.18074931608667766,0.2291225397774777,0.04837322369080005
BX,GSAT,0.11081480333341051,0.15873634459749583,0.04792154126408532
GSAT,MMM,0.08957399781946007,0.1370394932383918,0.04746549541893172
BX,T,0.10671847711053462,0.1534791115415235,0.04676063443098888
ANDE,XBI,0.16584490100183674,0.21239325130548362,0.046548350303646874
HBAN,VIG,0.4758177665316248,0.522047728145777,0.04622996161415227
CW,HBAN,0.1709212321446874,0.2171230321246383,0.046201799979950886
VAL,VZ,-0.0007595173717676698,0.04543488854444523,0.0461944059162129
NKE,SATS,-0.05686927195399314,-0.011038138005088462,0.04583113394890468
SATS,XBI,-0.05750313981408412,-0.011865650939712202,0.04563748887437192
MCHP,T,0.05648544825389526,0.10211155811388264,0.045626109859987385
ASTS,T,-0.026036778797454935,0.019454085849719804,0.045490864647174736
BMY,ENPH,0.0774955649104861,0.1228091035614412,0.045313538650955096
GD,HBAN,0.16662094146700068,0.21167634884588077,0.045055407378880086
RTX,XLF,0.42640810337740664,0.47136389017580865,0.04495578679840201
GSAT,JPM,0.10241139806774814,0.14712117345212172,0.04470977538437358
MKC,RF,0.08289065512776438,0.12756303377691586,0.04467237864915148
SATS,VAL,-0.033002002589997644,0.011419360049619905,0.044421362639617545
IPI,MKC,0.017912178045885078,0.06170645316251191,0.04379427511662683
ANDE,BA,0.10338159427565677,0.1470540960764306,0.04367250180077384
ANDE,VLO,0.16632951248043998,0.20997876136969998,0.04364924888926
MTSI,SATS,-0.06214005011908781,-0.018564194252840775,0.043575855866247036
DVN,PYPL,0.0500277696183176,0.0935434988004375,0.0435157291821199
MKC,TGT,0.09967312782870906,0.1428264514450927,0.043153323616383646
ANDE,NOC,0.07653441322713882,0.11928324747321409,0.04274883424607527
SPR,TDG,-0.08509415578321988,-0.042466757769395604,0.04262739801382428
IVZ,VAL,0.2186552587227521,0.2608119623181431,0.042156703595390976
HBAN,STLD,0.24721956464724468,0.28934511756465003,0.04212555291740536
GSAT,WM,0.04424774270768809,0.08613985548414893,0.04189211277646084
SATS,VIG,-0.06212322242058964,-0.02068558473271936,0.041437637687870274
ANDE,CVX,0.15139889639332532,0.19270765362502096,0.041308757231695636
CAT,GSAT,0.11110284157215085,0.15200407209995212,0.04090123052780127
BMY,LMT,0.14652766363995784,0.18669027154139578,0.04016260790143794
ANDE,MMM,0.10707173336079555,0.14659087287844855,0.039519139517653
SATS,SO,-0.05658822710555955,-0.017703905450016193,0.038884321655543355
HBAN,XLF,0.6659252015969657,0.7037780497761793,0.03785284817921364
MCD,SATS,-0.05781186176490691,-0.019989598124740268,0.03782226364016664
CW,GSAT,0.11104304394422967,0.1484858462844597,0.037442802340230036
CFG,MSFT,0.08096859405325915,0.11817948731845121,0.03721089326519206
KMB,PYPL,0.055526827757580006,0.0923912153218331,0.036864387564253094
HBAN,MOS,0.1815439263633565,0.21816455448014646,0.036620628116789955
ANDE,SPLV,0.20971984915359823,0.24621188143020029,0.036492032276602054
NTR,T,0.09588244728304954,0.1321306640783653,0.03624821679531576
IPI,NKE,0.08151828276609854,0.11769793431469866,0.03617965154860012
MPC,SATS,-0.05322541557821191,-0.017333131952530938,0.03589228362568097
ARKK,GSAT,0.20638452020038073,0.24211063476742412,0.03572611456704339
SPCX,VIG,0.1709504143683213,0.20654080125581603,0.03559038688749472
NEE,NKE,0.09968370133227303,0.13508861066418495,0.03540490933191193
HPQ,T,0.11799376650059025,0.1533955030410869,0.03540173654049665
ANDE,TSLA,0.10325857894033062,0.13824345190452525,0.03498487296419463
BMY,HON,0.1901100750488519,0.22476240567112776,0.03465233062227585
ENPH,XLV,0.1721433832375444,0.20658243105802476,0.03443904782048035
BMY,DE,0.1597407521651555,0.1940984238793345,0.034357671714179
GSAT,HON,0.11002751979359007,0.1442139353554626,0.03418641556187252
DVN,GSAT,0.12036218791691741,0.15436114356042638,0.033998955643508966
MOS,RF,0.19495293154501797,0.22874305178976018,0.033790120244742206
MCHP,XLE,0.15052073257316984,0.18389770589534424,0.0333769733221744
DVY,VAL,0.31941291566806757,0.3526375503353145,0.033224634667246955
CRWD,SATS,-0.050761712555858006,-0.017792456333680744,0.032969256222177265
BAC,SCHD,0.5038953707701941,0.5366325557124565,0.03273718494226241
ANDE,VUG,0.17838102129206163,0.21110328237988205,0.03272226108782042
MOS,XLF,0.27555795360127155,0.30805814744507987,0.03250019384380831
ALL,SPR,-0.08180746546099633,-0.0496717671111488,0.03213569834984754
KO,SPCX,-0.0349273133333844,-0.002968892814186914,0.031958420519197485
BMY,NOC,0.1486030649413688,0.1804805992806054,0.031877534339236596
PYPL,SYF,0.20857547503130075,0.24030593618371265,0.031730461152411904
BMY,XBI,0.28071281198079184,0.31197813082579345,0.03126531884500161
GSAT,REGN,0.09454683056032603,0.12528512742046982,0.030738296860143788
SATS,SCHD,-0.011616415347432544,0.019112895198909928,0.030729310546342474
KO,MOS,0.06675947082607235,0.09742095411863255,0.0306614832925602
DVY,GSAT,0.12515003332079114,0.15568586892518382,0.030535835604392686
CW,XLF,0.39175486630160583,0.42222661853312204,0.030471752231516214
CPB,T,0.22688166127108259,0.25723114432765604,0.03034948305657345
ANDE,ARKK,0.1379806908411579,0.167734576844243,0.029753886003085095
CFG,XLP,0.1111490232404916,0.1401678897653738,0.02901886652488221
BLK,BMY,0.1503314491146148,0.17925336427636446,0.02892191516174966
ANDE,TRV,0.10663288737364532,0.13514425417019235,0.028511366796547033
LXU,SPR,0.01781637725422897,0.04591102615598512,0.028094648901756152
SCHW,SPR,-0.08173610340289335,-0.05368045618851094,0.02805564721438241
IYR,VNQ,0.963291167098239,0.9912157496882751,0.02792458259003605
ANDE,GD,0.11694573675938862,0.14476571233968755,0.02781997558029893
D,VAL,-0.009256320153658267,0.018495337454733047,0.027751657608391316
DOW,T,0.08734112920136539,0.11409908505121462,0.026757955849849233
QQQ,VUG,0.9304712709267138,0.9565014796704356,0.02603020874372186
BAC,D,0.12186216001116208,0.1478043788657704,0.02594221885460833
ICL,SATS,-0.00688935260801483,0.01888566001375675,0.025775012621771582
ENPH,INTC,0.12990042520740083,0.15547536729496506,0.025574942087564223
REGN,T,0.04804715544484293,0.0729636270208996,0.024916471576056677
ALL,XLF,0.4702311343504415,0.49493530540765407,0.024704171057212565
HPQ,SATS,0.005995521956189414,0.030619594275950228,0.024624072319760812
HBAN,TRV,0.22082599736796973,0.24504008131069363,0.024214083942723896
JNJ,SPR,-0.07103292963008723,-0.04683408808297212,0.02419884154711511
KO,SATS,-0.061704765252693985,-0.03756180835305412,0.024142956899639863
CAT,CFG,0.4189014353102395,0.44279976407835514,0.02389832876811565
GSAT,PLTR,0.14949931691149923,0.17311248331891038,0.02361316640741115
ENPH,HBAN,0.10706525203625929,0.13014102804286715,0.02307577600660786
ANDE,NUE,0.18100582315712976,0.20389626943118136,0.022890446274051596
ANDE,CTVA,0.2473082699130849,0.2701939457669346,0.022885675853849707
HBAN,HMC,0.1309490335605391,0.15344634486136408,0.022497311300824968
FITB,PYPL,0.14811560349412092,0.17059947920130525,0.022483875707184325
HMC,SATS,-0.024461585946695185,-0.0021011333101085636,0.02236045263658662
HBAN,MKC,0.07969408334127431,0.1020237592744788,0.022329675933204493
MKC,NEE,0.12365153496451166,0.14596884987481554,0.02231731491030388
INTC,QQQ,0.5423138673106537,0.5645871120362843,0.022273244725630637
VIG,VUG,0.7833019197250656,0.8055735447050303,0.02227162497996471
AEP,BMY,0.1856040697752046,0.2078697387252663,0.022265668950061684
BMY,KMB,0.21338981356696168,0.2353073086673418,0.02191749510038013
KHC,SPR,0.0003988707201926279,0.022286481239314017,0.02188761051912139
CAG,T,0.18759709311299158,0.2094232456826154,0.021826152569623808
ABBV,PYPL,0.06007097882414495,0.08153381572109658,0.02146283689695163
INTC,STM,0.39989393076827345,0.42127990301716134,0.021385972248887886
KO,NKE,0.16572546733838095,0.18707913695352013,0.02135366961513918
DG,PYPL,0.07381705250095265,0.09514802639983327,0.021330973898880626
RF,XLP,0.206841902290655,0.22767757320702997,0.020835670916374976
SPCX,TSLA,0.08684833814035307,0.10762297916118899,0.020774641020835913
ANDE,JPM,0.13973280690907466,0.16006891301393641,0.02033610610486175
IPI,SPR,0.037409511839801124,0.057673251554457586,0.020263739714656462
BAC,BKSY,0.20689070977394142,0.22666463902520484,0.019773929251263422
C,SATS,-0.03946908916575553,-0.02004964521783357,0.019419443947921965
ANDE,MSFT,0.054304555986309684,0.07344281366784913,0.01913825768153945
RF,XLE,0.30161049203395246,0.3205987425165337,0.018988250482581237
T,VLO,0.05122788753428183,0.07015763993168117,0.018929752397399344
NKE,SEDG,0.1372361947818172,0.15589640554887574,0.018660210767058538
BKSY,MKC,-0.031730137470987636,-0.01320570581380405,0.018524431657183586
ARKK,SATS,-0.056793669155437404,-0.03838244018029583,0.018411228975141573
MKC,SCHD,0.3565621654552987,0.37478505118957584,0.01822288573427716
NVDA,VZ,0.02002803457574185,0.03817466959405445,0.018146635018312603
STM,XLP,0.16224386733194276,0.18036761302941084,0.01812374569746808
MSFT,NEE,0.1127537831902283,0.13078982417704907,0.018036040986820767
PG,SPR,-0.056045964909386785,-0.03829668471411321,0.017749280195273574
CB,HBAN,0.22503849580307164,0.2426288745366549,0.017590378733583267
CAG,SATS,-0.00954566492052345,0.007647229033614414,0.017192893954137863
SATS,VYM,-0.03530906195694821,-0.018782920859998543,0.016526141096949668
BMY,NKE,0.13360323765258478,0.14990076481382486,0.016297527161240083
HBAN,XLE,0.29354223478221614,0.3098276460765291,0.016285411294312935
BMY,COST,0.15901892245707977,0.1752498508166751,0.01623092835959533
ANDE,QQQ,0.11458984690509677,0.13043418918685304,0.01584434228175627
NKE,TGT,0.19415074974706434,0.20932253668965237,0.015171786942588028
LLY,SATS,-0.030829784621178177,-0.01575281387912658,0.015076970742051596
BAC,GSAT,0.10825923893296116,0.12333111216191439,0.015071873228953231
LRCX,SATS,-0.03134015724385878,-0.016505144728597515,0.014835012515261266
GSAT,XBI,0.19325739037950065,0.20777995030652585,0.014522559927025197
CL,HMC,0.08404834708210894,0.09770255705755822,0.013654209975449277
HBAN,TDG,0.19596492103317426,0.20919893538936882,0.013234014356194562
BMY,STM,0.11311496149546592,0.12625907790432475,0.013144116408858833
SHEL,XLV,0.19460057260464014,0.20766535163644537,0.013064779031805224
ANDE,DE,0.1513495163020412,0.16383577360113624,0.012486257299095055
CFG,HBAN,0.8292338244444217,0.8413770591062673,0.012143234661845526
SATS,SHEL,-0.010045007417933346,0.001972592111062451,0.012017599528995797
DVN,HBAN,0.13945648622385942,0.15135750562921013,0.01190101940535071
MCD,SPR,-0.05532372244956718,-0.04348037403720058,0.011843348412366603
CL,SPR,-0.013520374000232807,-0.0017888179445818364,0.01173155605565097
SATS,XLP,0.005113835557024387,0.016735842147405606,0.011622006590381219
CPB,SPR,0.03123935979585375,0.04262951842432632,0.011390158628472574
BMY,TRV,0.19142233770698125,0.20272161768565297,0.011299279978671722
DOW,NKE,0.2125625957326753,0.22371705695257463,0.011154461219899325
GSAT,VYM,0.14085291267823316,0.15195358488248475,0.011100672204251594
ANDE,BEN,0.13575380449223462,0.14620765579550288,0.010453851303268258
LXU,T,0.03772068618099366,0.04766418165578125,0.009943495474787588
XLE,XLF,0.3557528233076139,0.36503513959132305,0.00928231628370918
BAC,TGT,0.18026527833655306,0.18953437731775866,0.009269098981205592
BMY,USMV,0.3270790684893286,0.3356078299727721,0.008528761483443503
BMY,CAT,0.17697010287108705,0.18540388519669046,0.008433782325603406
CFG,SCHW,0.6129243574128311,0.6210291301574387,0.008104772744607525
BMY,QQQ,0.17330463617201647,0.1813337254004075,0.008029089228391045
ANDE,CW,0.15220218157564813,0.160112508141964,0.007910326566315878
GSAT,VZ,0.016295808488365884,0.024194099746595237,0.007898291258229353
HBAN,XLP,0.21599877535583692,0.2238894571025241,0.007890681746687167
AMD,NVDA,0.37601404357507917,0.3834714640763838,0.007457420501304601
CAT,XLF,0.4186334460532201,0.4258308705462401,0.007197424493019966
SCHD,SPR,0.041005129651219205,0.0481440379811147,0.007138908329895492
CF,D,0.04055498807416315,0.04726518305765479,0.006710194983491645
QQQ,SATS,-0.02680611222401825,-0.020413397618504747,0.006392714605513501
PYPL,UAN,0.04291220600327775,0.04863090609162649,0.005718700088348745
GOOGL,SATS,-0.018071882359694102,-0.012423889359194223,0.005647993000499878
CF,STM,0.13343512635459992,0.13864050365520678,0.005205377300606856
LXU,SATS,0.012038320070090184,0.017157364511940564,0.005119044441850381
MKC,SEDG,0.05061685982061771,0.05573010009397944,0.005113240273361727
BAC,STM,0.22022280151376536,0.22530397767947807,0.005081176165712714
GSAT,XLP,0.03514622011189359,0.040019931711178985,0.004873711599285395
BAC,NEE,0.13419774091875677,0.13890724951840608,0.004709508599649304
BMY,GD,0.18333849867708088,0.1876694772126043,0.0043309785355234165
SPR,TDW,-0.024033238000717726,-0.01980195895340072,0.0042312790473170055
SATS,VUG,-0.028285923913090212,-0.02435148600771769,0.0039344379053725224
MMM,SATS,-0.022699544534319133,-0.019179905993831403,0.0035196385404877295
DVY,SATS,-0.021083467443405637,-0.018604997496727605,0.0024784699466780316
GSAT,MOS,0.06967984336425018,0.07180023743099333,0.0021203940667431503
ANDE,FANG,0.2388715710558068,0.24059938418531127,0.0017278131295044574
CRWD,T,-0.09247697498541567,-0.09094370665152146,0.0015332683338942082
SCHD,XLE,0.5518997134724982,0.5532570054666835,0.0013572919941853279
MMM,SPR,-0.036049629109261586,-0.03511038078865736,0.0009392483206042274
SATS,VLO,-0.019047066471412088,-0.018125913453103083,0.0009211530183090046
SATS,SPLV,-0.020161218487303182,-0.01957536008182325,0.0005858584054799325
MSFT,TGT,0.16297120587196998,0.16292560702775033,-4.559884421964644e-05
GSAT,IPI,0.09005393138965613,0.08981936092942067,-0.00023457046023546424
BMY,RTX,0.22822003270246535,0.22788475765421248,-0.0003352750482528699
GSAT,SATS,0.019188465082257994,0.018408164851522787,-0.0007803002307352064
MOS,TDW,0.16444075991370338,0.1636391554212553,-0.0008016044924480936
HBAN,VZ,0.13612526857087234,0.13514602998546216,-0.000979238585410186
CF,HBAN,0.2147290412263793,0.2136245068319439,-0.0011045343944354191
CAT,HBAN,0.2202981253078158,0.2191875138840376,-0.0011106114237782183
BA,T,0.1526100989862204,0.15145143876113815,-0.0011586602250822642
CF,CFG,0.2299509783371007,0.22871891580267997,-0.0012320625344207359
ALL,HBAN,0.27556593302738813,0.2743011111402443,-0.00126482188714383
CFG,XLV,0.22052347351229176,0.2186210106024946,-0.0019024629097971757
ABBV,BMY,0.28821970914485856,0.2862998002921061,-0.00191990885275245
DVN,SHEL,0.1471588822996533,0.14518705828413297,-0.001971824015520318
BMY,PYPL,0.08444851635190315,0.0824252027175087,-0.0020233136343944524
ANDE,TDG,0.1280420125648873,0.12595807836030165,-0.0020839342045856357
RTX,SPR,-0.044829259798754406,-0.048170432959781205,-0.003341173161026799
CTVA,SPR,-0.028068150872987647,-0.03162370479194271,-0.003555553918955061
AFL,PYPL,0.07284424712514495,0.06926187950552301,-0.00358236761962194
HBAN,XBI,0.2722920614802754,0.2686787404264441,-0.003613321053831331
CF,GSAT,0.0845229548696205,0.08090825942862634,-0.003614695440994159
IRDM,SATS,0.017387990884388877,0.012892908756588817,-0.00449508212780006
INTC,XLF,0.27607005339975027,0.27133364018988076,-0.0047364132098695055
BMY,XLP,0.3923513089437882,0.3874335282686586,-0.004917780675129602
NVDA,VAL,0.10318345614410863,0.0980443208091369,-0.005139135334971734
BMY,IPI,0.046897087377531246,0.04098277571698419,-0.005914311660547053
ANDE,IPI,0.21207155610696843,0.20598440452878428,-0.006087151578184152
ANDE,BX,0.1818654982510299,0.1757662566763829,-0.006099241574647002
CB,XLF,0.45452566703993197,0.44835468667255185,-0.006170980367380119
AEP,SPR,-0.03553311305311081,-0.04185047433246747,-0.006317361279356656
BAC,SMG,0.1523647480363432,0.1455340308891693,-0.006830717147173898
SHEL,VZ,0.04819723091157022,0.04130811397653197,-0.006889116935038256
MU,SATS,-0.008360015768377508,-0.015254532574850833,-0.0068945168064733255
ICL,T,0.04782439553236245,0.040722784478650624,-0.007101611053711827
HMC,RF,0.13152046835429992,0.12418318511209707,-0.007337283242202855
MCHP,MOS,0.12458462818162598,0.11703255135197173,-0.007552076829654253
VAL,VYM,0.34221104508574224,0.33417479480767065,-0.008036250278071588
GIS,SATS,0.011691991710857785,0.003109245192918947,-0.008582746517938838
DG,SPR,-0.025332742272581164,-0.03397843098157998,-0.008645688708998817
PSX,VAL,0.4636533417590865,0.45497126735045096,-0.008682074408635554
PLTR,PYPL,0.240305755081775,0.23147390275362098,-0.008831852328154033
BLK,RF,0.35004147405227276,0.34104243901893655,-0.008999035033336211
KO,MSFT,0.1833952224347933,0.17425218384660676,-0.009143038588186547
VUG,XLF,0.5725472116228333,0.5631561936304975,-0.00939101799233577
ANDE,PFE,0.05385285786191082,0.044171185983256325,-0.009681671878654492
BAC,KO,0.19254477059897124,0.18252433471728402,-0.010020435881687217
BLK,GSAT,0.13213974333681502,0.12160713746677719,-0.010532605870037834
FMC,SATS,0.014577571107397599,0.0039010061849872463,-0.010676564922410352
HBAN,STM,0.20063635736284188,0.18994238356425405,-0.01069397379858783
BMY,XLV,0.4096671127956727,0.39883639976929697,-0.010830713026375727
DUK,SATS,-0.009399777053011291,-0.0204301662673149,-0.011030389214303608
HPQ,PYPL,0.16940013079525548,0.1582145247994923,-0.011185605995763181
NKE,SPR,0.04714794595970571,0.03578917534731094,-0.011358770612394764
BMY,JPM,0.22813388526825315,0.21633931702508885,-0.0117945682431643
BMY,IBM,0.2237412498438542,0.21175169488046336,-0.011989554963390853
BEN,NEE,0.09544721027440704,0.0833804565350278,-0.012066753739379238
DVN,NVDA,0.09335330457665328,0.08093805764083299,-0.012415246935820287
ASIX,SATS,0.027788870575970778,0.014849788252132252,-0.012939082323838526
AMAT,SATS,-0.009719498709693238,-0.023117742475183087,-0.01339824376548985
KHC,SATS,0.02288115843573328,0.009351548609930227,-0.013529609825803054
HMC,SHEL,0.07069271731614395,0.057029304723333916,-0.01366341259281003
MCHP,STM,0.4077913509233308,0.39377376278698484,-0.01401758813634596
CFG,ENPH,0.08216267726772336,0.06804249497314652,-0.014120182294576844
BX,HBAN,0.33079996182800164,0.31617837144332467,-0.014621590384676975
PYPL,XOM,0.02886367993762295,0.014224783520144037,-0.014638896417478914
PYPL,XLU,0.10386378157965993,0.08892581059249495,-0.014937970987164984
CL,GIS,0.28474703313024874,0.2697415574301934,-0.015005475700055337
CL,XLE,0.05383407777440573,0.038625019936408475,-0.015209057837997253
CF,SMCI,0.01887760614173281,0.0024884722217012644,-0.016389133920031548
GSAT,SPR,0.021687892234830166,0.004958419399979399,-0.016729472834850767
USMV,VIG,0.8836713502931745,0.8665787827307558,-0.017092567562418615
AEP,SATS,-0.0006227213843138117,-0.01780675467998919,-0.017184033295675378
SATS,TDG,-0.0005584972978990387,-0.017919693512636548,-0.017361196214737508
MTSI,T,-0.00790968538886432,-0.025691333388618204,-0.01778164799975388
INTC,NVDA,0.310611052987541,0.2918510934595091,-0.01875995952803189
SPR,TGT,-0.0030002924216081354,-0.021853946962787252,-0.018853654541179116
PEP,SPR,-0.017782401851737035,-0.03670434280000581,-0.018921940948268778
BAC,FITB,0.4279353860239207,0.4086708535006585,-0.019264532523262212
CF,RF,0.2122020818210246,0.19267851208954057,-0.01952356973148403
CAT,SATS,0.0031681969433569176,-0.01651121289200882,-0.019679409835365737
MRK,SATS,0.0045553735342481775,-0.015402306935592894,-0.01995768046984107
SMG,XLE,0.1277845282903145,0.10775810121458226,-0.02002642707573224
BMY,HMC,0.1362043603233778,0.11588419907649383,-0.02032016124688396
HBAN,VUG,0.3363661444825414,0.31581423482456794,-0.020551909657973433
CL,GSAT,0.0059916017552623935,-0.014691570510315426,-0.02068317226557782
NTR,SATS,0.012186743954832921,-0.009569531684329743,-0.021756275639162666
HII,T,0.09442881039913847,0.07252751201811022,-0.02190129838102825
STM,TDW,0.07803259054749673,0.056023785643547014,-0.022008804903949714
PYPL,SPLV,0.250410126166134,0.22823541723305327,-0.02217470893308074
SHEL,XLP,0.18788416952977127,0.16556520125109914,-0.022318968278672136
BAC,TSLA,0.14292281574280458,0.12042905450741559,-0.022493761235388987
O,SPR,-0.028897109885342852,-0.05157970268812042,-0.022682592802777568
CRWD,SPR,-0.009629141723809844,-0.03296169220934907,-0.02333255048553922
ANDE,CAT,0.17755750407196155,0.15417295710719578,-0.023384546964765773
SATS,TTMI,0.0258775005910019,0.0024769402202218524,-0.02340056037078005
CF,TGT,0.08669904030016973,0.06314380758983085,-0.02355523271033888
PYPL,WM,0.11269467638388263,0.08911765276889749,-0.023577023614985135
ASIX,T,0.07310227829133321,0.04920314197523823,-0.023899136316094985
ANDE,HII,0.20501222421573298,0.18111009415175566,-0.023902130063977317
DOW,GSAT,0.07697879028428613,0.05256821440939436,-0.024410575874891767
SPR,UAN,0.003948476192392029,-0.021055501322911226,-0.025003977515303255
INTC,SATS,0.03410929659120109,0.009095376927669702,-0.025013919663531392
PYPL,VZ,0.035817337862865,0.010693057706844974,-0.025124280156020026
TRV,XLF,0.5012164026503994,0.4759330025939199,-0.025283400056479444
FANG,T,0.05728487222612994,0.031574120028741805,-0.025710752197388137
CFG,FITB,0.8207221087031565,0.7948266659350711,-0.02589544276808542
DVY,VIG,0.7840908368835817,0.7580375411826357,-0.026053295700946055
NVDA,SPR,0.08782110442421089,0.061657954471144756,-0.02616314995306613
ANDE,SEDG,0.12387283279200113,0.09734367565447323,-0.026529157137527903
GSAT,QQQ,0.1657826941436879,0.13909046606470554,-0.02669222807898236
CL,XLV,0.31584401529556655,0.2888948186503453,-0.026949196645221274
SO,SPR,-0.013611818043777106,-0.04096739658095405,-0.027355578537176947
BMY,PEP,0.2541446518454936,0.22658183575387644,-0.027562816091617176
KO,XLE,0.10671963830311934,0.07893237396118838,-0.02778726434193096
MCHP,SPR,0.07736203843446067,0.04903536841802075,-0.028326670016439917
ABBV,T,0.12667688498911098,0.09729640159614253,-0.02938048339296845
LMT,SPR,-0.012444272055177045,-0.04185599856549576,-0.029411726510318717
CTVA,VAL,0.21523989955198425,0.18571411310608932,-0.02952578644589493
SHEL,SPR,0.004078226540884501,-0.02550375699166169,-0.02958198353254619
SATS,UNH,0.011468410405682918,-0.01821804490450696,-0.02968645531018988
PYPL,SMG,0.21223762547308322,0.1824935916087392,-0.029744033864344016
NOC,PYPL,0.0686399670850205,0.038568062424852716,-0.030071904660167785
CF,VIG,0.2409330488420579,0.21076167622250774,-0.030171372619550163
MSFT,TSLA,0.21639902576732212,0.18622753487633933,-0.030171490890982783
HBAN,JPM,0.3280403433131505,0.29785871449429785,-0.030181628818852668
SATS,UAN,0.016799980514190866,-0.014078598643748426,-0.03087857915793929
BEN,TGT,0.13248976319947,0.10136551853664094,-0.031124244662829065
PG,PYPL,0.08034829276133175,0.049087834151097944,-0.031260458610233806
HBAN,XLV,0.27616004940798417,0.24481374812266918,-0.03134630128531499
NUE,T,0.14452351382331932,0.11304793538853924,-0.03147557843478008
D,SATS,0.0211647424251268,-0.01040355326312661,-0.03156829568825341
CVX,VAL,0.4690347053764508,0.4373938070082424,-0.03164089836820844
SATS,VNQ,0.01542563220119437,-0.01638624087161829,-0.03181187307281266
ANDE,USMV,0.21614839936513458,0.18317019915270707,-0.032978200212427505
RF,XLV,0.27623923707296155,0.2431402831210843,-0.03309895395187726
RF,VZ,0.13089731239614047,0.09771398446277614,-0.03318332793336433
ANDE,SPCX,-0.00802309194826311,-0.0413854177450416,-0.03336232579677849
CFG,SATS,0.0017790956740420035,-0.03175657482570086,-0.03353567049974286
FANG,SATS,0.020417372300601755,-0.013148485729015802,-0.033565858029617555
SCHD,XLP,0.6585659204786228,0.624969327684682,-0.03359659279394078
SATS,SCHW,0.01569016839117761,-0.01848572711015803,-0.03417589550133564
BMY,DVY,0.31812474934988977,0.28383699788149985,-0.034287751468389915
HBAN,SATS,0.010499301101514234,-0.023954951123207044,-0.034454252224721274
LXU,PYPL,0.06553289319652922,0.031024035228190253,-0.03450885796833897
MPC,SPR,-0.0036316227808189366,-0.03870330120913708,-0.03507167842831814
BMY,MMM,0.25498285565469564,0.2198315297684447,-0.035151325886250945
SEDG,VAL,0.1318560848461708,0.09616655637001553,-0.03568952847615528
CF,TSLA,0.06434093686080382,0.0283455123841312,-0.035995424476672616
MKC,SMG,0.09800381826791663,0.06200180965147583,-0.036002008616440796
SPR,XLV,0.07021345175823415,0.03405377096977075,-0.036159680788463405
BAC,MCHP,0.14745319056274445,0.11122075469452118,-0.036232435868223264
SPLV,T,0.3622468153490507,0.3257711159047917,-0.03647569944425899
SCHD,XLV,0.6385609411386783,0.6019077950965328,-0.036653146042145535
CVX,SATS,0.021223768361644413,-0.015710230730844318,-0.036933999092488734
PYPL,TRV,0.06082208288728111,0.023215152860436107,-0.037606930026845
BKSY,NKE,0.05488115783640964,0.017098365270109758,-0.037782792566299885
JPM,SATS,0.01907556017451085,-0.01876337939710365,-0.037838939571614494
MCHP,SATS,0.028293838573928132,-0.009647209995589443,-0.03794104856951758
SYF,T,0.13016935256206782,0.0918300524281076,-0.038339300133960225
BMY,PG,0.27997499749250704,0.2415531975557108,-0.03842179993679623
MOS,TGT,0.12382581247365397,0.08516318710301946,-0.038662625370634515
MSFT,SPR,0.1118426394032609,0.0728483265715257,-0.0389943128317352
IYR,T,0.2319324668785791,0.1929307955741425,-0.0390016713044366
BAC,SMCI,0.12022995761870368,0.08106838190091543,-0.03916157571778825
HMC,NVDA,0.17182478748198146,0.13256149729069058,-0.03926329019129088
SATS,STLD,0.027529870443864995,-0.012112967014641098,-0.039642837458506094
IRDM,SPR,0.0640623570822419,0.024221809543779296,-0.0398405475384626
BKSY,GSAT,0.1614609703355787,0.12116951950513377,-0.04029145083044494
T,UNH,0.08721636960456743,0.04677123466964636,-0.040445134934921065
MPC,PYPL,0.04856892964030649,0.008061526566262665,-0.040507403074043824
HEI,T,0.07517599531321753,0.03453903098719121,-0.04063696432602632
PLTR,SATS,0.013443811073376095,-0.027666958530636047,-0.041110769604012144
SATS,SYF,0.01437407858593355,-0.02734264889761792,-0.04171672748355147
BMY,GIS,0.2227658873964927,0.18098958051539513,-0.04177630688109757
SPLV,SPR,0.0105036770867525,-0.03154275756138381,-0.042046434648136316
T,XOM,0.20136866236292167,0.15912809467015374,-0.04224056769276793
IVZ,SATS,0.021836540683244893,-0.020693841601725525,-0.042530382284970414
GSAT,XLV,0.10752281606505833,0.06483945709833316,-0.04268335896672516
CW,T,0.07368005418826637,0.03076031197719679,-0.042919742211069575
MPC,VAL,0.4359853416671968,0.39190334383806463,-0.04408199782913219
KMB,T,0.2111198008687193,0.16663376841521133,-0.04448603245350796
QQQ,VIG,0.7221527308071491,0.6774567860604802,-0.044695944746668936
GSAT,SEDG,0.11894716143745113,0.0736066543846833,-0.04534050705276782
BMY,MRK,0.4002659300060649,0.35485934692819426,-0.045406583077870655
PFE,SPR,0.10345606543114319,0.05804121211427833,-0.04541485331686486
GSAT,MSFT,0.09838896103029264,0.05273738104435439,-0.04565157998593825
BEN,SATS,0.048882577243353056,0.003131166881083631,-0.04575141036226943
HEI,SATS,0.02891904427874475,-0.017116820628850248,-0.046035864907594995
MOS,SATS,0.015816807827246007,-0.03045970279776919,-0.0462765106250152
CFG,NKE,0.16584301685393055,0.11912605794182496,-0.04671695891210559
MCHP,QQQ,0.566706814277259,0.519892848554767,-0.04681396572249197
IVZ,PYPL,0.22245523227690472,0.17550885831852922,-0.046946373958375504
DUK,SPR,0.007855071297365885,-0.039247869245014354,-0.04710294054238024
SPR,STM,0.10256717086054043,0.055030478670385026,-0.047536692190155404
BLK,XLF,0.494760804343766,0.44711967016070636,-0.04764113418305965
ANDE,XLU,0.07454284350598496,0.02637374711852501,-0.04816909638745995
CF,SMG,0.14167185883529315,0.09294831866349659,-0.04872354017179656
ORCL,PYPL,0.14224566049712997,0.09348446341695708,-0.04876119708017289
ANDE,SYF,0.25270820254017756,0.20318637443820212,-0.049521828101975446
MOS,SMG,0.1717985349740852,0.12194456715513438,-0.04985396781895082
SPR,USMV,0.01185150523873596,-0.03817709376565093,-0.05002859900438689
VAL,VLO,0.4503349587961762,0.4000178529426395,-0.050317105853536714
GSAT,T,0.020113295452953168,-0.03062664164852593,-0.0507399371014791
BMY,VYM,0.33272663115145973,0.2817730295685306,-0.05095360158292911
ENPH,RF,0.12058188117597908,0.06945509956283927,-0.05112678161313981
QQQ,XLF,0.4644026388416006,0.41310250341203153,-0.05130013542956907
PYPL,VIG,0.3654620718633078,0.3140025554369123,-0.05145951642639551
CTVA,SATS,0.03227676899671015,-0.019250301958138472,-0.051527070954848625
IPI,T,0.0640083989834931,0.012331991585505988,-0.05167640739798711
DVN,RF,0.16206309457050164,0.11032911622857952,-0.051733978341922116
GIS,SHEL,0.01793892330552704,-0.03380937293370593,-0.051748296239232966
IYR,SATS,0.03450352236368266,-0.018276280587853737,-0.0527798029515364
FITB,MSFT,0.13289855827875552,0.07952823685467683,-0.05337032142407869
ANDE,BLK,0.1737261767775382,0.12020750690493566,-0.05351866987260255
GIS,HBAN,0.08718896018730575,0.032836519316755866,-0.054352440870549884
SBUX,SPR,0.04181511013404184,-0.013220282351276811,-0.055035392485318656
MSFT,STM,0.3300739628505997,0.27493555847509793,-0.05513840437550177
MKC,SCHW,0.10665641397774174,0.05122929125870451,-0.05542712271903723
T,TDG,0.09423197343079417,0.03814923707260264,-0.05608273635819153
BEN,D,0.0953942122698578,0.03923542133953494,-0.056158790930322854
CL,VAL,-0.08638574558244101,-0.14314188599041755,-0.05675614040797654
BKSY,VAL,0.13325668888060566,0.0761642336241074,-0.057092455256498253
CB,SATS,0.03979798113495437,-0.017735456654758355,-0.057533437789712726
NOC,T,0.14727562721284593,0.08906816488170939,-0.058207462331136536
ANDE,GIS,0.05540340473652758,-0.0028508179722839468,-0.058254222708811525
IBM,T,0.16226797262128512,0.10373054723111762,-0.0585374253901675
ENPH,NVDA,0.1280254252598806,0.06941458980953112,-0.058610835450349466
CTVA,MKC,0.04837975846927012,-0.010429537431079846,-0.058809295900349966
D,SPR,0.07704163165784393,0.017976719396078533,-0.0590649122617654
D,MOS,0.07261487644453031,0.012970397360389883,-0.05964447908414043
HBAN,QQQ,0.2706367575309663,0.21077259968347054,-0.05986415784749574
SCHW,VAL,0.1982440521641409,0.13819318786024606,-0.060050864303894835
BKSY,BMY,0.006530447225987805,-0.05400205901072708,-0.060532506236714884
DD,SATS,0.04156301555652084,-0.01934134575579094,-0.06090436131231178
MPC,T,0.09535455857669087,0.033960624350615004,-0.061393934226075864
NKE,SMG,0.13181749023999148,0.07026028347691649,-0.061557206763074995
NUE,SPR,0.028374086959061552,-0.03348973873124415,-0.0618638256903057
FITB,MOS,0.16734115789698772,0.10540035962324282,-0.06194079827374491
BLK,CFG,0.4954232380766678,0.43339840983688166,-0.06202482823978617
MSFT,SMG,0.10104910338627117,0.03877949427810436,-0.06226960910816681
BMY,DOW,0.08948709400642567,0.02670509650889663,-0.06278199749752904
RF,STM,0.18988839676842112,0.12681883536552507,-0.06306956140289605
HON,SPR,0.02198514313116492,-0.04130231155073249,-0.0632874546818974
BAC,O,0.10048073649544488,0.03713596551071235,-0.06334477098473254
MRK,T,0.19557591721270112,0.13221340183869842,-0.0633625153740027
TGT,XLE,0.0913795270419494,0.027724138309822316,-0.06365538873212709
BMY,MCD,0.25239977874359565,0.18820177763350607,-0.06419800111008958
STLD,T,0.07885787734219563,0.014632483168104912,-0.06422539417409072
BEN,GSAT,0.13218871277445143,0.06794018275728404,-0.06424853001716739
ASTS,SPCX,0.25895112052446656,0.19465408142014284,-0.06429703910432372
DD,T,0.1505670430370913,0.08622662954567012,-0.0643404134914212
ALL,PYPL,0.08003679118424599,0.015454589767659935,-0.06458220141658605
FITB,NKE,0.13545205533989024,0.07080130491465433,-0.06465075042523591
PYPL,SBUX,0.24063688074936654,0.1758095324174919,-0.06482734833187465
SEDG,T,0.009944684943966301,-0.0548837750408424,-0.0648284599848087
HII,PYPL,0.0807752473372635,0.015902857585836767,-0.06487238975142673
MOS,TSLA,0.10215860294367421,0.03721752245118578,-0.06494108049248842
NUE,SATS,0.05295398156885855,-0.012755516548317558,-0.06570949811717611
AMD,STM,0.33536906768895114,0.2694114839193062,-0.06595758376964495
ANDE,PSX,0.2677467192263412,0.2016201806617056,-0.0661265385646356
C,T,0.22860104935001832,0.1614890852054277,-0.06711196414459061
HPQ,SPR,0.12052566042551788,0.05267538381231982,-0.06785027661319806
GSAT,XLU,0.019912320260257438,-0.04868399443621699,-0.06859631469647443
CVX,PYPL,0.03332021328773473,-0.03530544418415415,-0.06862565747188888
NVDA,PFE,0.019997216531657723,-0.04884936851804907,-0.0688465850497068
DVN,NEE,0.03786607878898239,-0.031301920109976525,-0.06916799889895892
DG,SATS,0.055135261576919385,-0.014281511071746354,-0.06941677264866573
NVDA,VUG,0.5622860782169063,0.4928610054339559,-0.06942507278295046
ENPH,MKC,0.050779305703665796,-0.01907119502608779,-0.06985050072975359
PSX,SATS,0.055768144998962654,-0.014393161295733614,-0.07016130629469627
HBAN,PFE,0.11527137036767705,0.04502901456097119,-0.07024235580670586
MKC,SMCI,0.00012069687001482651,-0.07012190230607579,-0.07024259917609062
GIS,STM,0.0399245341144671,-0.030435659882372932,-0.07036019399684003
CB,SPR,0.025232942574539872,-0.04560176541319725,-0.07083470798773712
PYPL,SPR,0.022722284938424476,-0.04878008283172658,-0.07150236777015105
BEN,KO,0.1332228181831673,0.061684918819974746,-0.07153789936319256
C,XLF,0.7906024825279424,0.7188734803989657,-0.0717290021289767
FITB,MKC,0.08866341066983952,0.016797418048854075,-0.07186599262098545
BMY,SPR,0.13323766280508081,0.06136349510764923,-0.07187416769743159
C,CFG,0.6758123610891925,0.6038538865192807,-0.07195847456991178
LRCX,NVDA,0.42505451571617875,0.35309347870294916,-0.07196103701322959
BAYRY,T,0.13041469486266197,0.0580413624275264,-0.07237333243513557
O,T,0.15081036360281433,0.0781356177905569,-0.07267474581225743
BAC,SPR,0.07546158086104061,0.0027264228281913883,-0.07273515803284923
JNJ,PYPL,0.04455235706269005,-0.028565338573180065,-0.07311769563587012
SEDG,SPR,0.13543202901513146,0.062248879715176245,-0.07318314929995522
CB,T,0.12352362952603538,0.049678132929576305,-0.07384549659645907
DUK,PYPL,0.031734861285594364,-0.04243537237114497,-0.07417023365673933
SATS,SMCI,0.051951521830442146,-0.022273656493818593,-0.07422517832426073
CFG,SPCX,0.16392300180871303,0.08904803421962881,-0.07487496758908421
ARKK,MKC,0.002451033103272447,-0.07255954285580397,-0.07501057595907643
ICL,SPR,0.12483829634751202,0.04980624691014654,-0.07503204943736548
NOC,SPR,0.03070254061269025,-0.04458837073806979,-0.07529091135076003
MU,NVDA,0.36913691187457004,0.2934389618715065,-0.07569795000306356
ANDE,MPC,0.26801192757628217,0.19213020715342702,-0.07588172042285515
BLK,SATS,0.05732350768879586,-0.01871409391091572,-0.07603760159971158
PG,SATS,0.05842295552046214,-0.01810174241244108,-0.07652469793290322
IPI,VAL,0.24035995537929924,0.16379999554779234,-0.0765599598315069
DE,SPR,0.03858443739975625,-0.038363803985911105,-0.07694824138566736
NKE,SCHW,0.16014943647072943,0.08303206527070371,-0.07711737120002572
FANG,PYPL,0.050261029470136304,-0.027058702137504036,-0.07731973160764034
GSAT,HPQ,0.061649916500912345,-0.015952700939723376,-0.07760261744063572
AFL,SPR,0.045478805597246964,-0.03239943428661475,-0.07787823988386172
REGN,SPR,0.03652408021474135,-0.041435654952933505,-0.07795973516767485
DVN,MCHP,0.08704053789779123,0.008548905099253148,-0.07849163279853809
LMT,T,0.1326084270891497,0.05360123084985549,-0.0790071962392942
STM,XLV,0.3055014418750997,0.22612619832163644,-0.07937524355346326
AMD,ENPH,0.13856901341336889,0.05915649932139038,-0.0794125140919785
IBM,PYPL,0.13235656476023075,0.0516103328361784,-0.08074623192405235
NUE,PYPL,0.1082684587693408,0.02645151757057168,-0.08181694119876912
ALL,SATS,0.06394412862886155,-0.017897039772399516,-0.08184116840126107
SMCI,XLE,0.09721854181031246,0.015338515114798851,-0.08188002669551361
BMY,LXU,0.02427638373594943,-0.05791534399936874,-0.08219172773531817
BEN,FITB,0.23665447076192841,0.15431181460160934,-0.08234265616031908
DE,T,0.1425932005309911,0.05995083812675556,-0.08264236240423553
MKC,PLTR,-0.0912799786077184,-0.17427585038540372,-0.08299587177768532
BMY,SPCX,-0.02579348377459573,-0.1088469267502841,-0.08305344297568837
PYPL,REGN,0.11256164305193483,0.029148482323995722,-0.08341316072793911
NEE,SPCX,0.10688431229547951,0.02337404625365527,-0.08351026604182424
FITB,SATS,0.06163910819063704,-0.021948756009891022,-0.08358786420052806
RF,SATS,0.06162907144204583,-0.02224320067635973,-0.08387227211840556
CPB,GSAT,-0.02570537995341355,-0.10971574755587739,-0.08401036760246383
MOS,SMCI,0.10295412104385739,0.018905796224391404,-0.08404832481946597
ENPH,TDW,0.11250401170622489,0.02813651046420284,-0.08436750124202205
TSLA,VAL,0.11124344326517234,0.026643896562892806,-0.08459954670227954
CB,PYPL,0.04888584187366972,-0.03571772566506284,-0.08460356753873255
SMG,XLP,0.18867097526357318,0.10391871682537315,-0.08475225843820003
GIS,RF,0.09553007406102283,0.010319557822253373,-0.08521051623876946
CFG,GIS,0.008865084291234242,-0.07649958318354072,-0.08536466747477496
ENPH,MO,0.0012209724425579732,-0.08420730849322398,-0.08542828093578196
PYPL,UNH,0.09525620802793476,0.009816556471023002,-0.08543965155691176
SPR,SYF,0.02068767421545641,-0.06491458526209211,-0.08560225947754851
MMM,T,0.18024006893441397,0.09430905795106033,-0.08593101098335364
PYPL,VLO,0.06220049592173161,-0.02417609261260791,-0.08637658853433952
BA,SATS,0.06939198160240859,-0.01706590098998356,-0.08645788259239215
ANDE,MKC,0.057450832024080294,-0.029391225441178653,-0.08684205746525894
ENPH,SYF,0.06819992370812612,-0.019790418901018528,-0.08799034260914465
AMD,SATS,0.08286719233657099,-0.00544788592237591,-0.0883150782589469
NEE,XLV,0.2380027546888456,0.14961884179134138,-0.08838391289750422
ARKK,PYPL,0.4891451483065865,0.4005987328973922,-0.08854641540919433
SATS,TRV,0.07460464606120448,-0.014087619291519042,-0.08869226535272352
ENPH,T,0.0171959777688711,-0.0715542423959393,-0.0887502201648104
ENPH,TSLA,0.1416658547911391,0.05259364640798005,-0.08907220838315905
TSLA,XLV,0.15410918611184965,0.06406565577506922,-0.09004353033678043
ANDE,HMC,0.08939743156777423,-0.0009976851155629658,-0.09039511668333719
CSCO,T,0.132474316159317,0.04176913936875281,-0.0907051767905642
ANDE,HPQ,0.09392435982897195,0.003077559787514044,-0.0908468000414579
BA,PYPL,0.19968576680794908,0.10768189849924961,-0.09200386830869947
FANG,VAL,0.5307913756487138,0.438762107621629,-0.09202926802708483
PM,PYPL,0.04531994602239052,-0.04673710320257011,-0.09205704922496064
CL,SPCX,-0.054551700336441945,-0.14682826494045667,-0.09227656460401473
MRK,PYPL,0.07390444333642682,-0.01849355722679142,-0.09239800056321823
HON,T,0.17926914176788467,0.08675447039038954,-0.09251467137749513
XLF,XLV,0.5083113801456421,0.41521314930897185,-0.09309823083667029
GSAT,HMC,0.05105731750217311,-0.04321015061378893,-0.09426746811596204
CL,INTC,0.11434243601736507,0.020030407611163013,-0.09431202840620206
BEN,MCHP,0.21151954308120058,0.11684218507239284,-0.09467735800880774
PLD,T,0.15252748865738838,0.0571595778120423,-0.09536791084534608
D,XLV,0.2204419013761034,0.1249931281825327,-0.09544877319357069
LMT,PYPL,0.07029989006684065,-0.025477770824655823,-0.09577766089149647
BEN,SPR,0.11351162637421082,0.01642026138841799,-0.09709136498579282
BLK,T,0.15795693440517222,0.06086003979554489,-0.09709689460962734
LLY,SPR,0.05454622231373427,-0.0427096297191316,-0.09725585203286588
T,VZ,0.5905314588139641,0.49316164306823523,-0.09736981574572884
XLF,XLP,0.4385453542024726,0.3409797236753214,-0.09756563052715117
GD,T,0.15904863760528273,0.06141895717701558,-0.09762968042826715
CL,SATS,0.08735044598416535,-0.01032634728259373,-0.09767679326675907
ANDE,DOW,0.3300337056303521,0.2321990591283479,-0.09783464650200421
NTR,SPR,0.0802047467542501,-0.017740852343903112,-0.09794559909815322
MCHP,VZ,0.04688204465204998,-0.05169381541938357,-0.09857586007143354
RTX,SATS,0.08114160788813034,-0.017598299276320836,-0.09873990716445118
GSAT,PFE,0.036404128641640124,-0.06240616116909039,-0.0988102898107305
CFG,XLE,0.3823878233239352,0.282871523564077,-0.0995162997598582
ANDE,NKE,0.054906141695519016,-0.04475951873547763,-0.09966566043099664
ANDE,DVY,0.29160547039486595,0.19184917161247944,-0.09975629878238651
IVZ,MKC,0.07972524455674461,-0.02031447117743351,-0.10003971573417812
SMG,XLV,0.21361645482565594,0.11295106318370358,-0.10066539164195236
AMAT,NVDA,0.43721910117301277,0.33589679531504635,-0.10132230585796642
MO,STM,0.0712715405776224,-0.03043675077970773,-0.10170829135733013
MCHP,MSFT,0.2617972923140905,0.15989191065287567,-0.10190538166121482
BAC,XLF,0.7799033801824111,0.677978041263197,-0.10192533891921407
ANDE,CPB,0.06600659399952152,-0.035923401379298024,-0.10192999537881955
CPB,SATS,0.11217237363112527,0.0092864953294378,-0.10288587830168747
GOOGL,T,0.04089318683896633,-0.06224517009039347,-0.1031383569293598
BAC,TDW,0.11307586897089203,0.009912161784223182,-0.10316370718666884
KHC,T,0.1712119632759789,0.06785784799790155,-0.10335411527807735
FITB,XLE,0.26672668497853014,0.16333581688299892,-0.10339086809553122
MO,MOS,0.07997560012814353,-0.023425222401967715,-0.10340082253011125
C,SPR,0.05595614703603363,-0.04760988487892634,-0.10356603191495997
BX,SPR,0.060506209619155066,-0.043164981815789434,-0.10367119143494449
MTSI,SPR,0.08449849602409008,-0.019373017309600192,-0.10387151333369027
MOS,SBUX,0.07993228155278882,-0.02400059609858223,-0.10393287765137105
LLY,PYPL,0.06112029878131299,-0.04308694741344118,-0.10420724619475416
GD,PYPL,0.10640131641767644,0.0018166612191017467,-0.1045846551985747
BMY,FMC,0.11460465311772071,0.00994113717408806,-0.10466351594363266
CFG,VYM,0.5848303853942118,0.4799147243895578,-0.10491566100465405
ENPH,NKE,0.13837994694213748,0.033342570587951016,-0.10503737635418647
NVDA,SATS,0.06080966543920983,-0.044347703650758935,-0.10515736908996876
GSAT,LXU,0.06385304368307711,-0.042300607177924325,-0.10615365086100143
CVX,T,0.17478719307481566,0.06838840184793504,-0.10639879122688062
CF,SATS,0.08759478084582445,-0.018829800333065486,-0.10642458117888993
IVZ,MSFT,0.18187117120555027,0.07542947810247493,-0.10644169310307534
TSLA,XLP,0.07280867795900778,-0.03364408334095623,-0.106452761299964
SATS,SMG,0.09670805807351243,-0.010299152538323402,-0.10700721061183584
PEP,SATS,0.09130866706817269,-0.015711912653394607,-0.1070205797215673
SATS,WM,0.08311400528423896,-0.024525018663763953,-0.10763902394800291
ENPH,SPR,0.19108642931964942,0.08247983449562854,-0.10860659482402088
INTC,XLE,0.12496497674109676,0.016090042836689952,-0.1088749339044068
BMY,HPQ,0.19017162975021853,0.08116875538578114,-0.1090028743644374
COST,T,0.14024982929635493,0.03104106117521135,-0.10920876812114358
ASTS,PYPL,0.10914320509716972,-0.00022523187552119485,-0.10936843697269091
ALL,T,0.19192722373311877,0.08190620506698496,-0.11002101866613381
CF,TDW,0.20126436297431763,0.09105225063640567,-0.11021211233791196
GD,SATS,0.09226756669802845,-0.018053520957356788,-0.11032108765538523
MRK,SPR,0.07314047867054288,-0.03724488839298899,-0.11038536706353187
ORCL,SATS,0.0987476196770327,-0.012257247994623572,-0.11100486767165628
RF,SPR,0.09895598140975162,-0.012415286663589636,-0.11137126807334126
KMB,SATS,0.08770814661594865,-0.024089405258025012,-0.11179755187397367
ASIX,PYPL,0.15033966934386092,0.03826435832572202,-0.1120753110181389
CFG,VAL,0.27770959655942157,0.165484165667226,-0.11222543089219555
PYPL,TDW,0.007550798289170455,-0.10475830187695864,-0.11230910016612909
CFG,DVY,0.5981747913899326,0.4849979231353585,-0.11317686825457407
CAT,T,0.14415529645200806,0.030945950864996005,-0.11320934558701205
PSX,PYPL,0.0649829304519389,-0.04900116030953977,-0.11398409076147867
ANDE,LXU,0.13380960094931588,0.01884646310506446,-0.11496313784425141
MSFT,TDW,0.041663911402485834,-0.07341332241476979,-0.11507723381725563
PG,T,0.25652871257219934,0.1411527335110225,-0.11537597906117683
PFE,RF,0.11044111427425349,-0.005113694802475524,-0.115554809076729
CF,FITB,0.20590217043488504,0.08917875449061595,-0.11672341594426909
ANDE,FMC,0.09486978373597241,-0.021961940254814377,-0.11683172399078678
MSFT,SCHW,0.22549367567031717,0.10841583769429504,-0.11707783797602213
ICL,PYPL,0.17809814203623758,0.06073369062714048,-0.1173644514090971
ANDE,CAG,0.061950973831530046,-0.055999819791655255,-0.11795079362318531
BAC,IVZ,0.33347153165459414,0.2151024825304291,-0.11836904912416504
MOS,VIG,0.30129690654047697,0.1826413712096436,-0.11865553533083337
SMG,SPR,0.10684918191125903,-0.013819003968157847,-0.12066818587941687
BX,PYPL,0.2752824554725517,0.15440376601741587,-0.12087868945513583
RTX,T,0.20774367634761376,0.0867142444820415,-0.12102943186557226
ABBV,SPR,0.07475274934585391,-0.04630221197004864,-0.12105496131590254
PYPL,RTX,0.12635200679303285,0.00497327686077528,-0.12137872993225757
SPCX,XLF,0.1689393369112992,0.04660729197243204,-0.12233204493886715
GIS,XLF,0.19158693668238763,0.06903624736131642,-0.12255068932107122
GIS,GSAT,-0.019563406874678443,-0.14217713286580175,-0.1226137259911233
MSFT,SMCI,0.17853546405281892,0.05570460320059256,-0.12283086085222636
NEE,XLP,0.3316518584253504,0.20862518303059882,-0.12302667539475157
BLK,HBAN,0.34854667984350884,0.22543239047317348,-0.12311428937033536
CAG,GSAT,-0.0020096024339522015,-0.1251735769605842,-0.123163974526632
CFG,MOS,0.318229618350476,0.1937537592406504,-0.12447585910982559
BEN,XLF,0.5892532327291289,0.46402544991913486,-0.12522778280999403
T,VNQ,0.2504456784876915,0.12504990778354408,-0.12539577070414742
AEP,PYPL,0.0689274687464911,-0.05791411774718982,-0.1268415864936809
T,XBI,0.10946436592030265,-0.01771090865050891,-0.12717527457081157
KO,XLV,0.2661520398501069,0.13887801652929757,-0.1272740233208093
KMB,SPR,0.07478906209923235,-0.05256498433405881,-0.12735404643329115
BMY,SEDG,0.07860687361611687,-0.04889319317885255,-0.12750006679496942
CPB,NVDA,-0.028942808708679178,-0.15678779653568628,-0.1278449878270071
IRDM,T,0.06059034814691239,-0.06764001944200618,-0.12823036758891856
CF,MCHP,0.14139457591974122,0.012683044591319784,-0.12871153132842145
NTR,PYPL,0.14703385135344682,0.017461363015824766,-0.12957248833762205
ENPH,SMCI,0.12082064741432874,-0.009105841614330763,-0.1299264890286595
HMC,XLF,0.31138483429901853,0.18122468702069974,-0.1301601472783188
CFG,SPR,0.10260716556653103,-0.027588637748278227,-0.13019580331480926
T,TRV,0.21203244109268812,0.07992544252957902,-0.1321069985631091
SPR,XLU,0.19000356107313915,0.05695800533853789,-0.13304555573460125
GSAT,MKC,-0.011623256427309079,-0.1448841156459663,-0.1332608592186572
PM,SPR,0.0870152242946716,-0.04636075331848096,-0.13337597761315256
FMC,GSAT,0.023666706251764844,-0.1100268925176722,-0.13369359876943704
JPM,T,0.23618416274214488,0.10170499957859766,-0.13447916316354722
DVN,XLF,0.24823410747412933,0.11279449440215339,-0.13543961307197594
MOS,O,0.08998940162466058,-0.045758118779823026,-0.13574752040448362
DVY,SPR,0.09648552509922238,-0.03961459956858611,-0.1361001246678085
BAC,SBUX,0.1790014822108858,0.041057628004646574,-0.13794385420623922
LRCX,T,0.05818737308098286,-0.08012619276070959,-0.13831356584169247
CF,O,0.06924274019045275,-0.06921208646417872,-0.13845482665463146
FMC,HBAN,0.13651539175519403,-0.002043636082525404,-0.13855902783771942
NKE,SMCI,0.13546599260544168,-0.0037223427895817043,-0.13918833539502337
CW,SPR,0.09982554271836587,-0.039385644478852566,-0.13921118719721842
FMC,NVDA,0.05753261807595207,-0.08168584663326078,-0.13921846470921284
MOS,SCHW,0.15654174209945088,0.01723764016135881,-0.13930410193809206
TSLA,XLE,0.1003060227503388,-0.039173788260138655,-0.13947981101047746
IVZ,NKE,0.1643035920854097,0.02480732173554648,-0.13949627034986323
SPR,STLD,0.10164818570246313,-0.03847883315875536,-0.14012701886121848
JPM,PYPL,0.1727990220292441,0.03246737616526835,-0.14033164586397576
PEP,PYPL,0.10422581602365791,-0.03638793116253603,-0.14061374718619393
MO,T,0.21075931372786175,0.06987690053571667,-0.14088241319214506
PLTR,SPR,0.09890323599395165,-0.04237654765616708,-0.14127978365011873
MO,XLE,0.13013572618614547,-0.0115610614270067,-0.14169678761315216
MKC,SBUX,0.11310017609380894,-0.028871647029208174,-0.14197182312301712
QQQ,T,0.15115717907935128,0.008993581531886142,-0.14216359754746513
TDW,VZ,0.024054634556030463,-0.11868386437268864,-0.1427384989287191
BMY,CPB,0.19415811771675745,0.05056419845308632,-0.14359391926367113
COST,PYPL,0.12170693843746999,-0.022570488103162013,-0.144277426540632
HBAN,HPQ,0.1472400835749136,0.002465502427613709,-0.1447745811472999
CF,SBUX,0.09333213983624757,-0.05146537991779605,-0.14479751975404362
NEE,VZ,0.2370032433332274,0.09153365178149074,-0.14546959155173667
GSAT,ICL,0.04634230215324163,-0.09922664221744143,-0.14556894437068307
BEN,TDW,0.0889180198534787,-0.05691823449155756,-0.14583625434503628
VAL,XOM,0.5076479172938936,0.3614140569942923,-0.14623386029960128
DE,SATS,0.12901374010595568,-0.01729741588115636,-0.14631115598711203
GSAT,KHC,0.01845638572381336,-0.12801580700459267,-0.14647219272840603
GIS,TSLA,-0.01627029354549995,-0.1634763237481611,-0.14720603020266115
LLY,T,0.15291320489218702,0.0054564683488703535,-0.14745673654331667
PFE,SHEL,0.05233273895019364,-0.09551562711057503,-0.14784836606076868
HBAN,LXU,0.06947734163768628,-0.07957565853335087,-0.14905300017103715
T,VUG,0.15744535749701782,0.007934812604565425,-0.1495105448924524
VIG,VYM,0.9074199638594908,0.7578142851233125,-0.14960567873617825
D,XLE,0.20952635939355294,0.0593073203221293,-0.15021903907142364
SPCX,SPR,0.20039851250232452,0.04973479470514428,-0.15066371779718024
MMM,PYPL,0.17921636623419185,0.028301832645051515,-0.15091453358914034
DVY,RF,0.5652961615880083,0.414318805015864,-0.15097735657214434
HII,SPR,0.11357506200820772,-0.03746827084248899,-0.1510433328506967
PYPL,SO,0.04579162224700519,-0.10533533084846479,-0.15112695309546997
MCHP,XLP,0.11374145377679981,-0.037843711447696916,-0.15158516522449672
HMC,NEE,0.0909687973968046,-0.060909447586777576,-0.15187824498358216
SPR,TTMI,0.15572017879581013,0.002690859012699251,-0.15302931978311088
CL,DVN,-0.00392436288863457,-0.15707338354696906,-0.1531490206583345
VIG,XLE,0.4230522093686479,0.2690897798506085,-0.1539624295180394
GOOGL,SPR,0.13562967853953392,-0.01837503016731306,-0.154004708706847
SPR,VIG,0.14164879359021093,-0.012356117922736077,-0.154004911512947
DE,PYPL,0.13734803287198452,-0.01670925930179731,-0.15405729217378183
PEP,T,0.21805771257644826,0.06358502352605311,-0.15447268905039516
BX,SATS,0.1386165836589098,-0.017381085861750967,-0.15599766952066077
CL,XLP,0.5367365763918259,0.3806095006818237,-0.15612707571000223
MCD,PYPL,0.147447296460096,-0.010071773458071247,-0.15751906991816725
T,USMV,0.3353881974329878,0.17695102491387163,-0.15843717251911618
PSX,T,0.12022866347391448,-0.03831490606039216,-0.15854356953430665
AMAT,T,0.07405337090726839,-0.08491817814128706,-0.15897154904855545
BMY,XLU,0.1699978448819578,0.011011257516871082,-0.15898658736508672
SPR,VYM,0.12103216526910256,-0.03800672441964881,-0.15903888968875135
D,HMC,0.07897403025134082,-0.08020918137575457,-0.1591832116270954
O,XLE,0.1419461465232767,-0.017408877238812973,-0.15935502376208965
RKLB,T,0.0025976878584008695,-0.157120573793592,-0.15971826165199288
GD,SPR,0.11856923645287136,-0.04120758458650349,-0.15977682103937485
CW,PYPL,0.12408841179818621,-0.03618687969468152,-0.16027529149286773
MCD,T,0.20798182019311948,0.04744520616510208,-0.1605366140280174
IVZ,XLE,0.25416709819699584,0.09269045063745728,-0.16147664755953856
INTC,SPR,0.18468080563547096,0.02317752718973121,-0.16150327844573975
BEN,SMG,0.2030717870659047,0.041260474287339026,-0.16181131277856567
ANDE,KHC,0.10921742567985673,-0.053019457401249144,-0.16223688308110587
TGT,XLV,0.2478757719599366,0.08464256503443718,-0.16323320692549942
DD,PYPL,0.12739672911391584,-0.035992491399898505,-0.16338922051381433
GSAT,PYPL,0.06042153786296662,-0.10342507421138776,-0.1638466120743544
BMY,JNJ,0.3883065083295718,0.22439995227975104,-0.16390655604982077
ENPH,PYPL,0.14383845296429676,-0.02013887388644578,-0.16397732685074254
NVDA,XLU,0.03175583449642592,-0.13236249148517776,-0.16411832598160367
IYR,PYPL,0.24756729479513404,0.08334460534943494,-0.1642226894456991
RF,VYM,0.565955472564396,0.40083322995485016,-0.1651222426095459
HBAN,IPI,0.2167901497821656,0.05162104360184231,-0.1651691061803233
AFL,MOS,0.11496823128592835,-0.050853482332979275,-0.16582171361890763
AFL,BAC,0.2179864192132258,0.05209072511262072,-0.1658956941006051
CAT,SPR,0.12753449609438017,-0.03872646579335056,-0.16626096188773073
BMY,PFE,0.40829075865823783,0.24141843498413415,-0.16687232367410368
CPB,HBAN,0.08377152942779756,-0.08355388719774944,-0.167325416625547
PYPL,STLD,0.10619751452848383,-0.061325762370787025,-0.16752327689927085
CAG,NVDA,-0.010444118588848793,-0.17797949322200157,-0.16753537463315277
CF,IVZ,0.21271734298596728,0.04514504882770103,-0.16757229415826624
ANDE,VYM,0.34903687775779557,0.18113262728158447,-0.1679042504762111
CF,MO,0.07397541976178226,-0.09393377168235073,-0.167909191444133
CW,SATS,0.15018387948323889,-0.017816652737918607,-0.1680005322211575
AMAT,SPR,0.13040189320657297,-0.03775773991458371,-0.16815963312115667
SATS,TGT,0.1531374132487894,-0.016069468558428366,-0.16920688180721777
NOC,SATS,0.1499186437135506,-0.019649817300357864,-0.16956846101390846
TDW,XLP,0.023857368042349298,-0.1458440182556133,-0.1697013862979626
BMY,CAG,0.16655248756216748,-0.0043385621544022425,-0.1708910497165697
NKE,SBUX,0.16766154856231297,-0.003295336692695057,-0.17095688525500802
NEE,STM,0.05500369521413697,-0.11672415299104424,-0.17172784820518122
PYPL,TDG,0.18156716263634773,0.009701867459309309,-0.1718652951770384
SBUX,XLE,0.1023265976088042,-0.06982586458873341,-0.1721524621975376
CTVA,NKE,0.12697770688840462,-0.045761419594184304,-0.17273912648258893
AFL,NKE,0.09542978750371968,-0.0778854254638131,-0.17331521296753277
BMY,LLY,0.3533684607488075,0.17983012307364182,-0.1735383376751657
HEI,PYPL,0.1660873844853252,-0.007699487595862409,-0.17378687208118762
DVN,INTC,0.056533797816743524,-0.1175707839956062,-0.17410458181234972
IVZ,MOS,0.23146391996250826,0.05692794976709455,-0.1745359701954137
CAT,PYPL,0.14752999307005019,-0.02703414122091144,-0.17456413429096163
BKSY,SPR,0.24117768597250144,0.06587397548871872,-0.17530371048378274
O,STM,0.09256676148857908,-0.08286748494094694,-0.17543424642952601
FITB,SPR,0.12269504277446584,-0.05302604959846247,-0.17572109237292832
SPR,XLF,0.1345714171047057,-0.041559910795079445,-0.17613132789978514
AMD,XLE,0.1212504814394894,-0.05559221550696032,-0.17684269694644972
ENPH,SHEL,0.10759468251055265,-0.06989541948080662,-0.17749010199135928
DVN,KO,0.01473074926283558,-0.1629937438424154,-0.17772449310525099
SPR,UNH,0.13528666828767283,-0.04252840073005147,-0.17781506901772431
IYR,SPR,0.1417238299021914,-0.03616476868834903,-0.17788859859054043
BAC,VIG,0.4755993853171491,0.29723054577231645,-0.17836883954483268
DUK,T,0.2508858850337853,0.07235999163308944,-0.17852589340069586
C,MOS,0.16755100632996522,-0.01162886068031501,-0.17917986701028024
SPR,TSLA,0.17917699263906803,-4.586460415749015e-05,-0.1792228572432255
IPI,PYPL,0.05772279262552167,-0.1226100835759636,-0.18033287620148528
CAG,HBAN,0.09023927147347686,-0.09231580688975705,-0.18255507836323392
BAC,SCHW,0.37171036359630777,0.18802687300111634,-0.18368349059519143
PYPL,SEDG,0.16747605128691287,-0.016792073858260405,-0.18426812514517327
VZ,XLF,0.27588947251423035,0.09086865295281171,-0.18502081956141864
SPR,VNQ,0.14478389642151065,-0.04083721448305452,-0.18562111090456518
BKSY,T,0.011238239463007315,-0.1745134065959842,-0.1857516460589915
HMC,KO,0.11561615519537835,-0.0715401447757406,-0.18715629997111893
BAYRY,PYPL,0.1125462069751299,-0.07487441068469734,-0.18742061765982726
SMCI,XLV,0.14616818368422688,-0.042346684955723135,-0.18851486863995
ANDE,ICL,0.11021333966797049,-0.07903753435933702,-0.1892508740273075
AMD,MOS,0.11150945206398198,-0.07787389438696692,-0.1893833464509489
ORCL,SPR,0.17551725973823504,-0.014411520389170214,-0.18992878012740524
HBAN,SPR,0.13836113876136683,-0.05210157301913781,-0.19046271178050464
BAC,BAYRY,0.18237156206521926,-0.008374736581451808,-0.19074629864667106
ANDE,PYPL,0.06809280914281515,-0.12304341169869243,-0.19113622084150758
MOS,SPR,0.27061892403114646,0.07930724236532719,-0.19131168166581927
SMCI,XLP,0.07268282724876694,-0.11931216772182879,-0.19199499497059574
INTC,IPI,0.09517902248564958,-0.09684205841954358,-0.19202108090519315
CFG,JPM,0.6626773475840525,0.4704123285014555,-0.19226501908259702
MU,T,0.062192737490052066,-0.1305770059799104,-0.19276974346996245
FITB,XLP,0.24714331086596772,0.05344345380526328,-0.19369985706070444
DVN,FITB,0.13149915198041062,-0.06265719312175155,-0.19415634510216218
IBM,SPR,0.15830470633007687,-0.0359644606687835,-0.19426916699886038
PYPL,VNQ,0.2394739609829304,0.04516747308777465,-0.19430648789515576
MKC,SYF,0.023913526034130966,-0.1725375850772105,-0.19645111111134148
IVZ,SPR,0.17425147118542403,-0.022429733850237093,-0.1966812050356611
T,XLU,0.3831724597462905,0.18611259949765213,-0.19705986024863836
FITB,STM,0.19091940483310663,-0.006256165903084484,-0.1971755707361911
O,PYPL,0.1433618926833774,-0.05389228884321186,-0.19725418152658925
NVDA,SPCX,0.0855185939821459,-0.111814678230673,-0.19733327221281888
CF,SCHW,0.21256796105620282,0.01521935174321672,-0.1973486093129861
ASTS,ENPH,0.16218331559010363,-0.03517439698348804,-0.19735771257359166
DD,SPR,0.15891841089535944,-0.03876961015059587,-0.19768802104595531
T,VAL,-0.0086758085775319,-0.2075862593282895,-0.1989104507507576
JNJ,SATS,0.18391017234431617,-0.01533237309181967,-0.19924254543613584
DVY,PYPL,0.228085140043094,0.028658365033571585,-0.1994267750095224
CRWD,PYPL,0.23522821133838534,0.035289054841249536,-0.1999391564971358
AFL,MSFT,0.1268921756607598,-0.07328611730675354,-0.20017829296751333
TDW,XLV,0.06550443383266112,-0.1356793195130985,-0.2011837533457596
AFL,MKC,0.09969776141697821,-0.10166327598452331,-0.20136103740150152
HMC,TGT,0.12073561420656981,-0.08127930205364689,-0.2020149162602167
ENPH,TTMI,0.15296619728284844,-0.04943890950934605,-0.20240510679219448
CF,KMB,0.003352969553732814,-0.19971940015961406,-0.20307236971334688
IPI,NEE,0.009158010843308024,-0.19391698334059315,-0.20307499418390118
SHEL,STM,0.1768063540642634,-0.0265740533288851,-0.2033804073931485
MU,SPR,0.17224622414318136,-0.03117764285157155,-0.2034238669947529
JNJ,T,0.2512997981937006,0.047692941588773685,-0.2036068566049269
HBAN,XLU,0.1419727699176176,-0.06177508438301032,-0.20374785430062792
BEN,TSLA,0.15068319414689174,-0.05320558135390049,-0.20388877550079224
GSAT,NKE,0.07226892308670957,-0.1316818596389875,-0.20395078272569706
HON,SATS,0.18253661797210585,-0.021566956723513095,-0.20410357469561896
ARKK,CF,0.08819052890183637,-0.11625586679679321,-0.2044463956986296
DVN,SMG,0.0912116791124191,-0.11409713691274632,-0.20530881602516543
AMD,BAC,0.13612091549207053,-0.07000566646826134,-0.20612658196033187
C,PYPL,0.2181907809648347,0.010905897372235225,-0.2072848835925995
ENPH,XLF,0.14565553570820378,-0.06182985037721069,-0.20748538608541447
MOS,WM,0.05444036068624518,-0.15330716158039773,-0.2077475222666429
PLD,SPR,0.17097124237345057,-0.03684196839395914,-0.20781321076740972
ENPH,NEE,0.1447956625381081,-0.06331417241376514,-0.20810983495187324
IPI,NVDA,0.08499920206545855,-0.12339886118873832,-0.20839806325419685
ASTS,XLE,-0.008808429841623942,-0.21798422313540775,-0.2091757932937838
NVDA,QQQ,0.5218846755621558,0.31246680004414473,-0.20941787551801105
TDW,XLE,0.4991458244706086,0.28966195650105475,-0.20948386796955387
MCHP,MKC,0.07585328811890522,-0.13371744836021746,-0.20957073647912267
IRDM,PYPL,0.1840639852434252,-0.026294932199405287,-0.2103589174428305
BMY,KHC,0.08705993297344618,-0.12411639821949917,-0.21117633119294535
CF,IYR,0.1340994576309481,-0.07777656977376991,-0.211876027404718
FITB,HMC,0.1418678455341585,-0.07084581749515086,-0.21271366302930933
D,XLP,0.3308246085631595,0.11793267895603156,-0.21289192960712794
MCHP,XLV,0.2808424752712773,0.06787689960495871,-0.2129655756663186
DVN,MO,0.026842716207813755,-0.1865927754633731,-0.21343549167118686
NKE,STM,0.1707819832612014,-0.04270728556521355,-0.21348926882641495
SHEL,VAL,0.4927300375546026,0.27890605198187435,-0.21382398557272825
ANDE,IRDM,0.13900060900607983,-0.07506440734273688,-0.2140650163488167
ENPH,FITB,0.1028747695131107,-0.1122825375955164,-0.2151573071086271
BMY,ICL,0.05100431248302403,-0.1643908439008342,-0.21539515638385823
BAYRY,CF,0.14914842531520434,-0.06651560391556671,-0.21566402923077105
AEP,T,0.2629883958973371,0.04680302150824616,-0.2161853743890909
DOW,PYPL,0.13496287647766983,-0.08126268901570843,-0.21622556549337826
MKC,STM,0.058983943944925975,-0.15818329488158037,-0.21716723882650635
MCHP,NKE,0.15965094016371223,-0.05757873949409661,-0.21722967965780884
AMD,BEN,0.0896116393259683,-0.12772432339801243,-0.21733596272398073
IVZ,XLP,0.2116356782435148,-0.005972392154922541,-0.21760807039843735
HPQ,SHEL,0.05642378145163481,-0.16150817210300117,-0.217931953554636
HMC,MCHP,0.13982655889876222,-0.07850284485078067,-0.2183294037495429
NKE,WM,0.04787682634049719,-0.17050917240714195,-0.21838599874763914
DVY,XLF,0.751980968652676,0.5335949313244391,-0.21838603732823691
BAC,MO,0.16888491231389674,-0.04980638514693488,-0.21869129746083163
BA,MKC,0.0900088570260802,-0.1288234191021142,-0.2188322761281944
PYPL,USMV,0.35159001452777827,0.1326405444072443,-0.21894947012053398
ENPH,SMG,0.17755247814311279,-0.04201902751156716,-0.21957150565467995
HPQ,RF,0.15164285835830937,-0.06819390547638872,-0.21983676383469808
BAYRY,XLE,0.2103713057811635,-0.009680511105055536,-0.22005181688621905
BAC,IYR,0.23930004647601727,0.018694075469294462,-0.2206059710067228
STM,TTMI,0.271420632206346,0.050770738998314,-0.220649893208032
NKE,TDW,0.06141303392335283,-0.15929157391769608,-0.2207046078410489
T,TTMI,0.0759873137886095,-0.1451311929783688,-0.2211185067669783
CL,PFE,0.23849486199728,0.01729844079366485,-0.22119642120361516
SO,T,0.2621736544927821,0.040151516939428936,-0.2220221375533532
GIS,TGT,0.158405178362344,-0.06379250720537,-0.222197685567714
CF,SPLV,0.1162595532095292,-0.10629068275687778,-0.222550235966407
GIS,NEE,0.20340973081515848,-0.020216648128943936,-0.22362637894410242
ARKK,NKE,0.22717961358343433,0.003511345153677868,-0.22366826842975646
FMC,RF,0.14885252702426613,-0.07560293258027773,-0.22445545960454386
FITB,XLV,0.30643640150322715,0.08007824595675542,-0.22635815554647173
MO,PYPL,0.038288810463861706,-0.1880957178466591,-0.2263845283105208
BAC,WM,0.06366349141089597,-0.16360827005739292,-0.2272717614682889
INTC,MOS,0.12446847668473544,-0.10375189324558068,-0.22822036993031614
GIS,KO,0.29605904611678047,0.06774606556681657,-0.2283129805499639
CF,PG,0.0017434837471822248,-0.2266131957362867,-0.2283566794834689
MSFT,SBUX,0.21047925570940448,-0.017972000801103602,-0.22845125651050807
MKC,VIG,0.35314712115655383,0.12460767174588604,-0.22853944941066778
TGT,XLP,0.315928619197395,0.08704083993839394,-0.22888777925900106
CL,VZ,0.21110933207329466,-0.018080488830287844,-0.2291898209035825
PM,T,0.24955029531341816,0.020099227464245247,-0.2294510678491729
QQQ,SPR,0.1868517552076776,-0.04272764193992299,-0.2295793971476006
SMCI,SPR,0.27953213616448486,0.049810203727812086,-0.22972193243667277
SMG,VZ,0.08089844013125008,-0.14947427434488195,-0.23037271447613203
HEI,SPR,0.1838042040429854,-0.04664315133346502,-0.23044735537645042
BEN,INTC,0.11101313824112904,-0.11981782702840159,-0.23083096526953062
SATS,TDW,0.21961544640430083,-0.011736840664069933,-0.23135228706837077
PYPL,SCHD,0.28671106043130884,0.05534489904348045,-0.2313661613878284
BEN,SMCI,0.16733051356293674,-0.06446320575193118,-0.23179371931486792
NVDA,STM,0.36371759274648635,0.1318946757628489,-0.23182291698363744
ENPH,UAN,0.05185165543932797,-0.18003037591729462,-0.2318820313566226
LRCX,SPR,0.20020636182983495,-0.031744047534104244,-0.23195040936393918
SHEL,XLE,0.688133452120371,0.45483188064850244,-0.23330157147186859
ENPH,SPCX,0.14104832241518112,-0.09234668633255808,-0.2333950087477392
KMB,MOS,0.07463735833098162,-0.15880172804879597,-0.2334390863797776
D,STM,0.004678773658923989,-0.22897429875736178,-0.23365307241628577
LXU,NVDA,0.0353662487243061,-0.19878126142483957,-0.23414751014914567
CSCO,PYPL,0.18957123921754973,-0.044620825330140446,-0.23419206454769018
BAYRY,MOS,0.18352686458085027,-0.05068015833692538,-0.23420702291777565
IPI,MCHP,0.14908598131889675,-0.08569120217797731,-0.23477718349687404
CFG,DVN,0.3255895930166176,0.09015149156976014,-0.23543810144685745
SMG,STM,0.1617648980757886,-0.07470838472882894,-0.23647328280461755
MKC,TDW,0.025200666863311502,-0.21151400813076932,-0.23671467499408083
BAC,C,0.4561540230213264,0.21928379937882647,-0.23687022364249993
IRDM,VAL,0.11107322488662065,-0.1260452300657643,-0.23711845495238493
AMD,T,0.06436717274047817,-0.1728289236131821,-0.2371960963536603
D,ENPH,0.04546134341903332,-0.1926014070175396,-0.23806275043657293
MOS,VAL,0.302324896615598,0.06385784696900218,-0.23846704964659585
IYR,MOS,0.17974147364173199,-0.05948232962450333,-0.23922380326623532
C,MSFT,0.2089888631751877,-0.03076902783291705,-0.23975789100810474
ASTS,SPR,0.24193933203209683,0.001415529976773641,-0.2405238020553232
IVZ,XLV,0.32213101847038195,0.08063506403611805,-0.24149595443426392
HON,PYPL,0.2178767344407911,-0.02398950723568494,-0.24186624167647602
GSAT,SCHD,0.11347074561329265,-0.12926479062517807,-0.24273553623847072
MOS,MRK,0.07546593102950469,-0.16776159986572833,-0.24322753089523302
BLK,SPR,0.20185107347805253,-0.041822586828481896,-0.24367366030653442
FMC,SHEL,0.07964133950977685,-0.16412968722600604,-0.24377102673578288
HMC,TSLA,0.13371277739427528,-0.11006588388320945,-0.24377866127748474
MTSI,PYPL,0.18488240706928027,-0.058927940177449525,-0.24381034724672979
HBAN,SEDG,0.09163400363658049,-0.15231868790532663,-0.24395269154190713
GIS,SMG,0.1120793304291461,-0.13215886946921598,-0.2442381998983621
ARKK,SPR,0.21667212436934727,-0.028098995950629865,-0.24477112031997714
INTC,VZ,0.11937485967971373,-0.1255408076756338,-0.24491566735534753
ENPH,O,0.09487766186660562,-0.15063778239988693,-0.24551544426649255
DVN,TDW,0.3005323361603257,0.054689738525168015,-0.2458425976351577
NKE,SYF,0.15964906371626683,-0.08623954115663411,-0.24588860487290093
SPR,VUG,0.1978086972426095,-0.04846048614632962,-0.2462691833889391
CPB,RF,0.09298025888398889,-0.15387969986749225,-0.24685995875148115
CSCO,MOS,0.12058328134736018,-0.12720489575708593,-0.24778817710444612
BAYRY,SPR,0.19349637990442792,-0.05444015735357734,-0.24793653725800524
D,DVN,0.07901167443785306,-0.16942125548414996,-0.24843292992200303
ENPH,VIG,0.2231568734494305,-0.0256607117455495,-0.24881758519497998
D,GIS,0.2092684184687252,-0.039717015266812886,-0.2489854337355381
MOS,PG,0.04762938866956496,-0.2014080278205633,-0.24903741649012825
PYPL,VYM,0.28995095344825905,0.040025582348253125,-0.24992537110000593
KMB,NKE,0.12499260569405136,-0.12494228431384316,-0.24993489000789454
JPM,XLF,0.7857835960877215,0.5355399822876796,-0.2502436138000419
CF,MRK,0.0629162370634036,-0.18779832399363847,-0.25071456105704204
PLD,PYPL,0.19801819247783098,-0.05272468131561461,-0.2507428737934456
ASIX,BMY,0.057959058999205816,-0.19315078868789778,-0.2511098476871036
MKC,WM,0.0818216931651463,-0.1699713763074415,-0.2517930694725878
ARKK,MOS,0.15739537075481558,-0.09461058737513987,-0.25200595812995547
NKE,PLTR,0.08692143549638154,-0.16559372881775758,-0.2525151643141391
PYPL,SPCX,-0.11116741190320964,-0.3641977285583381,-0.25303031665512843
NEE,SPR,0.23729625256183876,-0.015948284932295647,-0.2532445374941344
BEN,MO,0.11153635502907326,-0.14173082782511573,-0.253267182854189
SPR,XBI,0.20289668029053165,-0.05056423175288023,-0.25346091204341187
IPI,RF,0.22614861602064834,-0.027570028259791983,-0.25371864428044033
MOS,SO,0.03272229503738099,-0.22132933061097207,-0.25405162564835304
ASIX,GSAT,0.11313227836579404,-0.1419707678082278,-0.2551030461740218
HPQ,NVDA,0.24708397947222466,-0.008054500959072468,-0.2551384804312971
BAC,ORCL,0.14017278257144863,-0.11503632847371309,-0.25520911104516175
VAL,XLF,0.2624198032045135,0.0071732702911669975,-0.25524653291334654
BAYRY,MKC,0.10524813334359334,-0.15015733150625374,-0.25540546484984705
CF,DUK,0.008729152656983267,-0.24760019343557002,-0.2563293460925533
MOS,ORCL,0.10486148029707165,-0.15149051840858943,-0.25635199870566105
LMT,SATS,0.23914764632916016,-0.0180312088163758,-0.25717885514553596
C,MKC,0.09121521823212515,-0.16638377214045275,-0.2575989903725779
CF,PLD,0.08672471653607886,-0.1709327461413027,-0.25765746267738154
BAYRY,ENPH,0.11853360998437788,-0.13920401060357648,-0.25773762058795435
BAC,PLD,0.18386531000031175,-0.07394133474058687,-0.25780664474089865
MKC,ORCL,0.09022051905398137,-0.16763456373321178,-0.25785508278719316
BA,SPR,0.22034775995082778,-0.03766793430654785,-0.25801569425737564
SCHW,XLE,0.23068403351229202,-0.028396900715885406,-0.2590809342281774
MOS,SYF,0.25103549821192833,-0.008945383333317264,-0.25998088154524557
CF,VNQ,0.12916442161417918,-0.13106676334524062,-0.26023118495941977
DVN,TSLA,0.08956559474996367,-0.17075850155000266,-0.26032409629996633
CSCO,XLE,0.11546096143065034,-0.14508703478668752,-0.2605479962173379
C,CF,0.19852133126910387,-0.06293146638061317,-0.2614527976497171
TGT,VZ,0.16145751388982632,-0.10006843161913981,-0.26152594550896613
CF,SO,0.011299200876519238,-0.25078346795274153,-0.2620826688292608
DVN,TGT,0.06530117095455126,-0.19684769144430656,-0.2621488623988578
AFL,CF,0.18228546119394623,-0.08050711793694855,-0.26279257913089477
BAC,KMB,0.13471961416487618,-0.12848256515979392,-0.2632021793246701
MSFT,O,0.13096560621327497,-0.1327165093283169,-0.2636821155415919
MKC,XOM,0.08754986013740527,-0.17624585600059203,-0.2637957161379973
NKE,VIG,0.41916153756119456,0.15527017457086545,-0.2638913629903291
MOS,PLD,0.13588107361271098,-0.128822651360179,-0.26470372497288996
LXU,RF,0.09078851322055688,-0.1744348936543527,-0.2652234068749096
ENPH,TGT,0.07775963564282919,-0.1878417048154491,-0.26560134045827827
BAC,INTC,0.18063556265031333,-0.08542659686225589,-0.26606215951256923
FITB,VZ,0.1678168762656757,-0.09994340777628823,-0.26776028404196395
BA,NKE,0.14017196986409747,-0.12774145161199454,-0.267913421476092
AMD,MSFT,0.2225565487857435,-0.046274946482607646,-0.26883149526835115
STM,XLF,0.31769739595998364,0.04877874955292849,-0.26891864640705515
TTMI,XLE,0.14264682953991045,-0.12646042336910235,-0.26910725290901283
MKC,MO,0.11468917419881278,-0.15531096007648887,-0.2700001342753017
DUK,MOS,0.05302198802955059,-0.21698677638003847,-0.27000876440958904
MO,MSFT,0.14405968848638168,-0.1265121692455143,-0.27057185773189596
HBAN,IRDM,0.15116178915730305,-0.11952393147046383,-0.27068572062776686
DVN,SMCI,0.08153116853780838,-0.1895091568218622,-0.2710403253596706
MOS,PEP,0.04258352026918632,-0.22851733327220894,-0.27110085354139524
AEP,CF,0.006688109666161948,-0.26468250681915956,-0.2713706164853215
CAG,RF,0.10607826877380218,-0.1659278155596396,-0.27200608433344176
VYM,XLF,0.8017047410538617,0.5295715019627026,-0.27213323909115905
IBM,MKC,0.08914447290167288,-0.18323423598479976,-0.27237870888647264
RF,XLU,0.1267478903966787,-0.1457286048225189,-0.2724764952191976
LRCX,MOS,0.0987087537839807,-0.17399039703337135,-0.2726991508173521
GIS,SMCI,-0.04202249098872671,-0.31475636539227714,-0.27273387440355046
ENPH,SO,0.02762736215319507,-0.24513299296032068,-0.27276035511351576
STM,T,0.08884994922532925,-0.1839620537591555,-0.27281200298448477
BX,CF,0.13147773553457337,-0.14232355070728175,-0.2738012862418551
KO,VZ,0.272472257024164,-0.001789388939672146,-0.2742616459638361
MKC,NUE,0.07919573961575789,-0.1956309649685918,-0.2748267045843497
ENPH,PSX,0.07807540183938115,-0.1972245159635764,-0.27529991780295754
AMD,DVN,0.07188335512290071,-0.20371673612363206,-0.2756000912465328
MKC,MRK,0.10024093690073421,-0.17584034736760062,-0.27608128426833484
ASTS,CF,0.00976449259761308,-0.2665075380009512,-0.2762720305985643
BLK,PYPL,0.311332290392031,0.03493272436325794,-0.276399566028773
C,XLE,0.2880981042525655,0.011339549228895946,-0.27675855502366953
CL,FMC,0.11012146853238605,-0.16687161073699264,-0.27699307926937866
CFG,SEDG,0.09606481960049945,-0.18139917041437548,-0.27746399001487493
JPM,SPR,0.2316597481808267,-0.04614425947838728,-0.277804007659214
ARKK,GIS,-0.1135666945020684,-0.39143071633218046,-0.27786402183011205
SO,STM,-0.00134373423420446,-0.2796604733451927,-0.2783167391109882
KMB,MKC,0.1661281092174116,-0.11227043250138175,-0.27839854171879336
MSFT,SYF,0.1337484573848212,-0.14488905511537756,-0.27863751250019875
ENPH,KO,0.04087484720378374,-0.2378472272797276,-0.27872207448351133
CF,PEP,0.01659450490380873,-0.26215974118113633,-0.27875424608494503
BAC,MRK,0.16324086415355174,-0.11570911988321064,-0.2789499840367624
PFE,XLF,0.2573372857426415,-0.021778992201766406,-0.27911627794440785
CRWD,MKC,-0.09528926158002311,-0.37462678877962735,-0.27933752719960425
RKLB,SPR,0.25755469367624884,-0.022120906705172323,-0.27967560038142114
BMY,IRDM,0.1007593056678317,-0.1789231469083348,-0.27968245257616653
HBAN,ICL,0.12807605520892454,-0.1516735203942402,-0.2797495756031647
SCHW,XLP,0.22653359307908516,-0.053966957335172504,-0.28050055041425764
AFL,BEN,0.1491231509666384,-0.13139673446467162,-0.28051988543131
IRDM,SPCX,0.02134737235954027,-0.25918452175255235,-0.2805318941120926
ARKK,XLP,0.04892709040617058,-0.23207947348033217,-0.28100656388650275
CF,WM,0.09351210055774746,-0.18913538086729012,-0.2826474814250376
BA,BAC,0.18545309824585818,-0.09738189950100842,-0.2828349977468666
SEDG,SPCX,0.04591791755603898,-0.23741262799900095,-0.28333054555503995
MKC,UAN,0.019476439242474445,-0.26466404213234795,-0.2841404813748224
NEE,PFE,0.1694330060368331,-0.11484533029129002,-0.2842783363281231
FITB,GIS,0.11068083104978944,-0.17360729571391914,-0.28428812676370857
BAYRY,MSFT,0.15350319729240627,-0.13124767616927682,-0.2847508734616831
T,VYM,0.3948116046882377,0.10999853548317291,-0.28481306920506483
MSFT,VIG,0.4906122895612988,0.20533532082022196,-0.2852769687410769
CPB,SHEL,0.039365299849804615,-0.2460263584977231,-0.2853916583475277
ASTS,MOS,0.038909676816870874,-0.24744261931478576,-0.28635229613165664
MKC,REGN,0.05066570782443537,-0.23586309069593997,-0.2865287985203753
HMC,SMG,0.1408739576012709,-0.1460224559841511,-0.28689641358542195
AMD,VZ,0.06897371925722913,-0.2197682424610982,-0.28874196171832733
KMB,MSFT,0.12299803735162854,-0.16608752271953747,-0.28908556007116604
ASIX,SPCX,-0.06655253621168525,-0.3559114017125185,-0.28935886550083323
MSFT,NUE,0.12666046666604686,-0.16322697772089043,-0.28988744438693725
CFG,XLU,0.0026463447897521857,-0.287647700932584,-0.2902940457223362
DUK,ENPH,0.007739474863544746,-0.2833088398540415,-0.29104831471758624
STM,SYF,0.1794730679304007,-0.11220872381704468,-0.29168179174744535
NKE,ORCL,0.15242147341262294,-0.13931851518022514,-0.2917399885928481
BAC,VNQ,0.24825491203370936,-0.04368206085313195,-0.2919369728868413
BAC,VLO,0.13854479957668203,-0.1534004955483938,-0.29194529512507583
BAC,REGN,0.08442599763621407,-0.20789316419458317,-0.29231916183079726
C,NKE,0.1828413121673591,-0.10975978616531042,-0.2926010983326695
BEN,C,0.2565404555452009,-0.036144499482586766,-0.29268495502778763
BA,MOS,0.15494957022812686,-0.13796515765895773,-0.2929147278870846
IPI,TDW,0.20665944566927244,-0.08633534051847104,-0.2929947861877435
SMCI,STM,0.2135656541544878,-0.07982567697351965,-0.29339133112800747
BX,MKC,0.1414346969413586,-0.15305979652690183,-0.2944944934682604
CF,ORCL,0.09804760882468684,-0.19649050106545654,-0.2945381098901434
ALL,MOS,0.10074521567710797,-0.19499363068811276,-0.29573884636522074
CFG,HMC,0.24936529624742843,-0.04692502270502002,-0.29629031895244845
MKC,PG,0.15256641709060448,-0.14373297859544373,-0.29629939568604824
DVY,HBAN,0.5915687950565774,0.2949685612151963,-0.2966002338413811
AMD,CF,0.08102875339386964,-0.21568489064148957,-0.2967136440353592
CF,SYF,0.19227104972259815,-0.10526212214772931,-0.29753317187032746
MSFT,WM,0.07177881050476508,-0.22666238707739905,-0.29844119758216414
MOS,REGN,0.061346765067953515,-0.23716439512670717,-0.2985111601946607
ENPH,NTR,0.15022285553399137,-0.14844777209239773,-0.2986706276263891
BEN,SCHW,0.3486344091095807,0.04969990683750293,-0.2989345022720778
HBAN,VYM,0.5808305550022898,0.28155816471574496,-0.2992723902865448
MCD,MOS,0.06146489965099021,-0.23791825649298873,-0.2993831561439789
AMD,SPR,0.28017968715047104,-0.019424212478588377,-0.2996038996290594
DVY,T,0.41354515423111476,0.11386606013665959,-0.29967909409445515
CSCO,ENPH,0.11788334868651358,-0.18197141017755683,-0.2998547588640704
KHC,NVDA,-0.06240961275848774,-0.36288798981111287,-0.30047837705262515
CL,ENPH,0.04517943802767611,-0.25654067081044474,-0.30172010883812084
CFG,STM,0.2102892542236951,-0.09176419847020373,-0.3020534526938988
ASTS,MKC,-0.04628822086439609,-0.3483750624688719,-0.3020868416044758
HEI,MKC,0.04906455112179583,-0.25317309305818136,-0.30223764417997717
MOS,UNH,0.06743168192909518,-0.2348163423361936,-0.3022480242652888
GSAT,IRDM,0.2232906384397447,-0.07970626581104003,-0.30299690425078474
CFG,PFE,0.08773868257364971,-0.21575983635850574,-0.30349851893215546
AEP,MOS,0.06897166062389787,-0.23502175555021904,-0.3039934161741169
C,ENPH,0.13956172583177565,-0.16474415732937006,-0.3043058831611457
MRK,XLE,0.10724708743936016,-0.19715671289381992,-0.3044038003331801
CF,JNJ,0.038867707064100775,-0.2662150446289551,-0.3050827516930559
MOS,SPLV,0.1597386912739833,-0.14586245243881996,-0.3056011437128032
SCHW,XLV,0.3513358641150513,0.045500919591048995,-0.3058349445240023
CTVA,MSFT,0.07030666983834415,-0.23575366806696452,-0.3060603379053087
BA,MSFT,0.14036528312984017,-0.16590911603630465,-0.30627439916614485
MCHP,PYPL,0.27510173877271704,-0.03118498269493847,-0.3062867214676555
BAC,CSCO,0.2093368096171096,-0.09724490740796188,-0.3065817170250715
IYR,XLE,0.2120889302951731,-0.09460262302679218,-0.3066915533219653
JNJ,MOS,0.06793893761271094,-0.23880389035571004,-0.306742827968421
MCHP,PFE,0.03968746745855094,-0.2670978758020544,-0.30678534326060536
DG,MKC,0.1473734683846028,-0.15941711686806795,-0.3067905852526708
AFL,ENPH,0.05842102412683817,-0.2485160456297643,-0.30693706975660245
COST,MOS,0.05415256212887595,-0.2534141245697171,-0.3075666866985931
MKC,VLO,0.04488779028886777,-0.2628596773152995,-0.30774746760416727
KO,XLP,0.5551329729784675,0.2473729731083043,-0.3077599998701632
LMT,MOS,0.07055356799015235,-0.23733317769933784,-0.3078867456894902
CF,INTC,0.07423849379468435,-0.23365997343294076,-0.3078984672276251
BAC,HEI,0.10473038443202755,-0.20332503972361865,-0.3080554241556462
BAYRY,NKE,0.12224275255510614,-0.18587760864720396,-0.3081203612023101
PYPL,XBI,0.29398621557857463,-0.014434683050744922,-0.30842089862931954
ENPH,GOOGL,0.11910630483420524,-0.18953626164264825,-0.3086425664768535
NKE,O,0.11305688437206773,-0.19581906517453523,-0.30887594954660297
MKC,NOC,0.0954183980359459,-0.21391732025853608,-0.309335718294482
NKE,NUE,0.12625392057959198,-0.18327370245101268,-0.30952762303060466
MKC,MMM,0.11889191440404533,-0.19067040674317318,-0.3095623211472185
NKE,PG,0.13246263412174764,-0.1771198837802437,-0.3095825179019913
ENPH,IVZ,0.1704272356847483,-0.1395088225198227,-0.309936058204571
INTC,SEDG,0.16398819904513348,-0.1469171779313321,-0.3109053769764656
MSFT,VLO,0.08082663102381246,-0.23021024557791583,-0.3110368766017283
AFL,XLE,0.23268472032598303,-0.078518154156938,-0.31120287448292105
AMAT,MOS,0.12104387734814091,-0.1914077999628768,-0.3124516773110177
MOS,NOC,0.08577880832594145,-0.22668810885764398,-0.31246691718358544
MOS,VNQ,0.17090695469204162,-0.14187292856268685,-0.3127798832547285
LLY,MOS,0.04078159633473577,-0.2723139305998903,-0.31309552693462606
BEN,SBUX,0.1930956785743946,-0.12007104067206394,-0.31316671924645856
HMC,SCHW,0.14074737114496647,-0.17268281986768563,-0.3134301910126521
HBAN,KHC,0.06827891108408068,-0.24516044275781004,-0.3134393538418907
ANDE,ASIX,0.2745991537089461,-0.03897418304606974,-0.31357333675501586
AEP,ENPH,0.03052525550777208,-0.28310542862598115,-0.3136306841337532
CFG,VZ,0.10996441622751914,-0.2039671440071257,-0.31393156023464486
DD,MKC,0.09055177564993597,-0.22403442418371,-0.314586199833646
LRCX,XLE,0.1289523840544468,-0.1856502518186508,-0.3146026358730976
MOS,VLO,0.16770294297910604,-0.14708435313996884,-0.31478729611907486
ENPH,PM,0.04343847763587404,-0.27177751105039716,-0.3152159886862712
MSFT,XOM,0.12507658039517305,-0.19027239028738818,-0.31534897068256124
BAC,PG,0.18230476354959813,-0.13356251721380563,-0.31586728076340376
GD,MKC,0.08711295408340033,-0.2289325738502988,-0.3160455279336991
GIS,SCHW,0.10525477933310337,-0.2123384297623811,-0.3175932090954845
MO,NKE,0.1244534905682178,-0.1944244451431675,-0.31887793571138534
CL,CPB,0.2213658438564751,-0.09786565247592265,-0.3192314963323977
CB,MOS,0.101848431002713,-0.2174800806978377,-0.3193285117005507
SCHD,T,0.3692298307179363,0.049518637442459414,-0.31971119327547687
CB,ENPH,0.03502614763738457,-0.284733853579876,-0.31976000121726056
JPM,MKC,0.10523173359998214,-0.21487576600070793,-0.32010749960069007
BAYRY,STM,0.2742337674448686,-0.04648482661253259,-0.3207185940574012
CTVA,GIS,0.017655568202719303,-0.3032398156621343,-0.3208953838648536
ENPH,LRCX,0.20471192392527504,-0.11678120591459269,-0.3214931298398677
ARKK,ENPH,0.2714977320489628,-0.05007542914059394,-0.32157316118955676
C,STM,0.25158569783869544,-0.07069412471562343,-0.32227982255431886
HMC,TDW,0.08442299982502145,-0.2379531375758275,-0.32237613740084897
IVZ,STM,0.2545359380817637,-0.06795525999612918,-0.3224911980778929
ENPH,MRK,0.06154815728844647,-0.26124917803544045,-0.32279733532388694
LMT,MKC,0.08330123852888698,-0.24041353700829973,-0.3237147755371867
FMC,XLF,0.22713071859043674,-0.09666950161073593,-0.32380022020117266
DVN,VIG,0.2868146340980654,-0.03726167147904022,-0.32407630557710565
NKE,NOC,0.09396635335507557,-0.23038890132899503,-0.3243552546840706
KMB,XLE,0.05802661419626971,-0.26693888654639825,-0.32496550074266795
ENPH,PEP,0.0487765336005048,-0.2766035222209094,-0.3253800558214142
IBM,MOS,0.1086281700405168,-0.21683553685978646,-0.32546370690030324
CAG,SHEL,0.05465390105865641,-0.27084217359001783,-0.32549607464867425
CF,MCD,0.05877922637637458,-0.2669891030516111,-0.32576832942798567
ENPH,FANG,0.11364311805151518,-0.21225229445714824,-0.32589541250866344
DE,MKC,0.08174394927674758,-0.244594810699218,-0.3263387599759656
MOS,TRV,0.12268579296073777,-0.20378382973487785,-0.32646962269561564
PLD,XLE,0.1720917781657616,-0.15464179195988384,-0.3267335701256454
ENPH,SBUX,0.10586905366950006,-0.22182692770729268,-0.32769598137679273
MKC,RTX,0.11718170936057566,-0.21059864080318522,-0.3277803501637609
ENPH,TRV,0.019445143703391555,-0.3084202060429667,-0.3278653497463583
MKC,NTR,0.03177008491656927,-0.2961650211948772,-0.3279351061114465
BAC,XOM,0.20833973694868446,-0.12019227060413835,-0.3285320075528228
GIS,MCHP,0.031722713964630944,-0.2969265557765368,-0.32864926974116776
GIS,PLTR,-0.1871767319374761,-0.5162278658878835,-0.3290511339504074
BAC,NUE,0.2245986815863661,-0.1044621956296883,-0.32906087721605437
BAC,DD,0.24094565548333727,-0.08853596031132273,-0.32948161579466
HEI,MOS,0.11146712913171582,-0.21807988254385288,-0.3295470116755687
CL,HPQ,0.1355171049574841,-0.19484975941111168,-0.33036686436859575
MOS,TTMI,0.15445328672276099,-0.1760187971889714,-0.3304720839117324
BEN,O,0.1772984556118504,-0.15328577528769147,-0.33058423089954186
ARKK,XLE,0.12205448756409631,-0.20885872906936842,-0.33091321663346474
BAYRY,XLP,0.20007341421118885,-0.1311485997391902,-0.3312220139503791
BA,CF,0.16134609657129798,-0.17061642752619582,-0.3319625240974938
CW,MKC,0.054396255869209535,-0.27760501285036543,-0.33200126871957497
GOOGL,MOS,0.07305056326031871,-0.2595818443434093,-0.33263240760372803
ASTS,STM,0.14472734613443475,-0.1885580339415944,-0.33328538007602915
MKC,UNH,0.09186035764406426,-0.2422083969083206,-0.3340687545523849
GIS,IVZ,0.06690537820267356,-0.26719856462202385,-0.3341039428246974
NKE,VLO,0.08468499624021733,-0.24953505609544702,-0.3342200523356643
BAC,UNH,0.13724984332992823,-0.19738091050875348,-0.3346307538386817
STM,TGT,0.16859203167726336,-0.1661109987662421,-0.33470303044350547
NKE,XOM,0.13134228043118185,-0.20374386392834354,-0.3350861443595254
ENPH,MU,0.18655177474651688,-0.14856545833884283,-0.3351172330853597
HON,MOS,0.175399619715455,-0.16004708897866074,-0.33544670869411575
MOS,NUE,0.2481065859346333,-0.08755854367411,-0.3356651296087433
CFG,CPB,0.04399498385526325,-0.2917679496563607,-0.33576293351162395
BX,MOS,0.19398145027323868,-0.14185917627939162,-0.3358406265526303
CF,DG,0.052752175574523275,-0.2833332373856432,-0.3360854129601665
ENPH,RKLB,0.17011749012183636,-0.16600600628941725,-0.3361234964112536
ENPH,LMT,0.04108554994165516,-0.2960012872862423,-0.33708683722789745
CVX,ENPH,0.09903578128716868,-0.23828394387020518,-0.33731972515737385
VAL,XLU,0.02109106786846439,-0.31660810970408804,-0.3376991775725524
BAC,LMT,0.12462316905974927,-0.21327606925789605,-0.33789923831764535
ENPH,MPC,0.0904544790242921,-0.2474856584221594,-0.33794013744645146
AEP,BAC,0.13130368805706974,-0.20691742908153446,-0.3382211171386042
C,DVN,0.12235364361657138,-0.21606538748061677,-0.3384190310971881
IYR,NKE,0.2149635972995451,-0.12353567278157494,-0.33849927008112
IBM,NKE,0.13512447910168848,-0.20337878275815993,-0.3385032618598484
MRK,NKE,0.11914904237055565,-0.21947314435016035,-0.338622186720716
DOW,VAL,0.3510966419262314,0.011890090301372903,-0.3392065516248585
LXU,SHEL,0.04833056058381186,-0.29111001885089227,-0.3394405794347041
HEI,NKE,0.07845931358239194,-0.26102127532333913,-0.3394805889057311
SMCI,VZ,0.022055974911742427,-0.3175610672873299,-0.33961704219907235
NVDA,SEDG,0.12535509933779948,-0.21443464867432027,-0.33978974801211975
ALL,CF,0.11719595439654999,-0.22277090650076928,-0.33996686089731926
MKC,MPC,0.01040470910379634,-0.3300100976901365,-0.3404148067939328
CFG,KHC,0.0845306637860615,-0.25624459160789054,-0.34077525539395204
ENPH,JNJ,0.04515039833983279,-0.29619043925269484,-0.34134083759252765
ALL,ENPH,0.0408713328982191,-0.3011268641951636,-0.3419981970933827
CF,PM,0.06540744433188495,-0.27690393822997883,-0.3423113825618638
BAC,IBM,0.19026266529098046,-0.15224526456350734,-0.3425079298544878
DVN,O,0.07156350001276551,-0.27095320661149463,-0.34251670662426015
CF,IBM,0.12045896368621772,-0.2220802809150113,-0.34253924460122903
PYPL,RKLB,0.22766512013761575,-0.11514464134317322,-0.34280976148078895
MKC,TRV,0.12535212935762716,-0.21765507944267115,-0.34300720880029834
ENPH,XOM,0.07493219122168185,-0.26912316036444284,-0.34405535158612466
VAL,XLE,0.5790828875078444,0.23485093484597158,-0.34423195266187284
BAYRY,XLV,0.2905435012024542,-0.054526960927370645,-0.34507046212982484
DVN,SCHW,0.10348141742755924,-0.24163602188203337,-0.3451174393095926
DUK,STM,0.01584745893754299,-0.32944487621743085,-0.3452923351549738
MOS,MU,0.10541007631086957,-0.23989224371970452,-0.3453023200305741
FANG,MKC,-0.021107179695252446,-0.3665434681718608,-0.34543628847660834
NKE,REGN,0.09546335344464635,-0.2501804323619532,-0.34564378580659955
NKE,UAN,0.07419282857431515,-0.2716333746079366,-0.3458262031822517
CAT,MKC,0.08609880037021214,-0.25985784812413376,-0.34595664849434593
CVX,MKC,0.07972997577664519,-0.26655537543211505,-0.34628535120876025
CF,CSCO,0.13991031421757738,-0.2065574982480059,-0.3464678124655833
NKE,TRV,0.11815556536426666,-0.22894463760927972,-0.3471002029735464
MO,VZ,0.2012289758326111,-0.14626469600677083,-0.34749367183938196
MOS,XOM,0.21039861148982916,-0.13734195782894937,-0.3477405693187785
ENPH,KMB,0.025089697358632916,-0.32288683872731705,-0.34797653608595
CF,LRCX,0.08062255223837363,-0.2675283263590649,-0.34815087859743854
ENPH,STLD,0.1350383738554122,-0.2133801800491222,-0.3484185539045344
ENPH,PLD,0.13925776321692165,-0.2095152961602813,-0.34877305937720293
HON,MKC,0.11190079467912667,-0.2375015807504064,-0.34940237542953306
JPM,MOS,0.16436622692198286,-0.18573813413857615,-0.350104361060559
ENPH,PG,0.043630724650306575,-0.30670780862909064,-0.35033853327939724
CTVA,XLP,0.1690368411344813,-0.18187253410564358,-0.3509093752401249
BAC,DUK,0.1339940613554995,-0.2173075039409091,-0.3513015652964086
ENPH,VLO,0.09126617710754842,-0.2603132566393115,-0.3515794337468599
ENPH,NUE,0.11279418084034433,-0.23885185573449713,-0.35164603657484145
IPI,SPCX,0.13343881810955974,-0.21822964998673627,-0.35166846809629604
NKE,UNH,0.10590413936466239,-0.2463121670745419,-0.3522163064392043
WM,XLE,0.09172521919567415,-0.26049816578415913,-0.3522233849798333
CF,GOOGL,0.09299744703467108,-0.25944138583417137,-0.3524388328688425
DOW,NVDA,0.04862195124132466,-0.3038772739270221,-0.35249922516834675
IPI,MO,0.04054910953670123,-0.3119914533038926,-0.3525405628405938
MSFT,UNH,0.10853454981471627,-0.2443272315277451,-0.3528617813424614
HEI,MSFT,0.09056510198982197,-0.26232909614469907,-0.35289419813452105
MCD,MKC,0.10322519055283659,-0.2497071824990052,-0.3529323730518418
ORCL,XLE,0.10390337838499952,-0.24929821858909718,-0.3532015969740967
BAC,LRCX,0.14038279079266852,-0.21322144310719637,-0.3536042338998649
DD,MSFT,0.16595645591204689,-0.18792825189399848,-0.35388470780604536
ENPH,SPLV,0.11816206585002613,-0.23572412854131486,-0.353886194391341
AMAT,ENPH,0.20860333060870095,-0.14585931227926696,-0.3544626428879679
MSFT,NOC,0.09558815449730394,-0.25891841546631533,-0.3545065699636193
ENPH,MTSI,0.15626820002070976,-0.19849535406124139,-0.35476355408195115
TSLA,VZ,-0.011726835041957632,-0.366509409378027,-0.35478257433606936
CF,COST,0.07442363616052443,-0.28050664630872707,-0.3549302824692515
ICL,NVDA,0.05436498897734133,-0.3009436151929971,-0.35530860417033844
CF,REGN,0.10819814819827761,-0.24749086247797827,-0.3556890106762559
BEN,IVZ,0.4351969905422376,0.0793711744930547,-0.3558258160491829
VAL,XLP,0.0069818785349785705,-0.34912237751424874,-0.3561042560492273
DVN,SBUX,0.03807522774512388,-0.31807296308259403,-0.3561481908277179
CF,LLY,0.06120045803848725,-0.29497450960095545,-0.3561749676394427
DVN,IVZ,0.1859064504946684,-0.170280337945562,-0.3561867884402304
IPI,XLF,0.24628692316659545,-0.10996871520011477,-0.3562556383667102
GD,MOS,0.12465103031872642,-0.23167028968149364,-0.35632132000022004
CFG,IPI,0.22895221310917022,-0.12747814527633472,-0.35643035838550496
LLY,MKC,0.07867484555087975,-0.2788861339547613,-0.35756097950564103
ALL,NKE,0.1072887119322133,-0.25045528198826605,-0.35774399392047934
ASTS,XLP,-0.004253169515455697,-0.3620232413358713,-0.35777007182041565
MOS,PM,0.0964883043762014,-0.2621463502880142,-0.3586346546642156
PLD,STM,0.16993899685592304,-0.18892764556936012,-0.35886664242528316
MRK,MSFT,0.17011589482391387,-0.18922544868783642,-0.3593413435117503
BAC,CVX,0.18573919681372927,-0.17442441587994634,-0.3601636126936756
D,VZ,0.23925534948683388,-0.12096997687615879,-0.36022532636299265
AMD,IPI,0.12216112967824362,-0.2382222382886177,-0.3603833679668613
CF,TTMI,0.11068641852954274,-0.25039797096949584,-0.3610843894990386
CF,TRV,0.1305264088857752,-0.23219601192000364,-0.3627224208057789
BX,NKE,0.22650354013750917,-0.13660848164328787,-0.36311202178079705
JNJ,MKC,0.12746917507415653,-0.23618868752000557,-0.3636578625941621
BAC,HON,0.21085890406593188,-0.15334083292498973,-0.3641997369909216
ENPH,WM,0.03609958552144265,-0.328106144844098,-0.36420573036554066
JPM,NKE,0.1553911682615876,-0.20903103954010877,-0.3644222078016964
BKSY,INTC,0.21708258914556022,-0.1476500738942436,-0.3647326630398038
LXU,SPCX,0.011553700357454285,-0.35378535789349025,-0.36533905825094454
CF,MMM,0.13789801182123365,-0.22765114895093624,-0.3655491607721699
PFE,TSLA,0.023677591289274897,-0.3418802388620725,-0.3655578301513474
BAC,MMM,0.23538307372580636,-0.13094506482120732,-0.3663281385470137
CVX,MOS,0.21309279902687814,-0.1533176095726584,-0.36641040859953655
MKC,STLD,0.041029011571214406,-0.3254395893965658,-0.3664686009677802
AEP,STM,0.03956693938855465,-0.3271161142666072,-0.36668305365516185
SBUX,XLP,0.26707052681535365,-0.09982102937332578,-0.3668915561886794
SYF,XLE,0.30491447750219836,-0.06207192545587232,-0.36698640295807067
ENPH,LLY,0.07132614847364771,-0.2958115906192014,-0.36713773909284914
CVX,MSFT,0.12110768356211034,-0.24619907322772844,-0.36730675678983876
MSFT,TRV,0.13433865827348754,-0.23323298622924962,-0.36757164450273716
AMAT,XLE,0.1410679174010748,-0.22652949563557748,-0.3675974130366523
CF,VUG,0.18834031019913353,-0.1796281675015758,-0.3679684777007093
DUK,MSFT,0.0982037650053222,-0.26982987205578934,-0.36803363706111153
BAC,NOC,0.15737422081371646,-0.210711354871669,-0.36808557568538547
ENPH,ORCL,0.08993689952112474,-0.2782767981741066,-0.3682136976952314
CL,LXU,-0.0002588166264762926,-0.36859604045432015,-0.36833722382784384
MSFT,PG,0.17474330891979184,-0.19362458915967928,-0.3683678980794711
HPQ,NEE,0.10721614928363395,-0.26117815003542905,-0.368394299319063
CW,MOS,0.13737743169296676,-0.23163139451616083,-0.36900882620912756
HII,MKC,0.08693737363069202,-0.28219275654095605,-0.3691301301716481
CF,PLTR,0.026632983683119713,-0.3427665540090579,-0.36939953769217765
HMC,SMCI,0.18366763815158887,-0.18612142396598458,-0.36978906211757345
MOS,RTX,0.1753133304772656,-0.19485319726432912,-0.37016652774159475
ALL,MKC,0.12971648450180145,-0.24063269856783617,-0.3703491830696376
MMM,MOS,0.17395821062667963,-0.1965720398346981,-0.3705302504613777
COST,ENPH,0.07503242084458701,-0.29553168376538214,-0.37056410460996914
PEP,XLE,0.07750139788247062,-0.293194424029281,-0.3706958219117516
IYR,MSFT,0.22563157530603947,-0.1452032432565398,-0.37083481856257927
ENPH,RTX,0.082815423456113,-0.2880977888814846,-0.37091321233759755
CF,NOC,0.13224336884445603,-0.23882988353394016,-0.37107325237839617
INTC,T,0.12798056077242054,-0.24334411144099277,-0.3713246722134133
SBUX,XLV,0.30548718741112324,-0.06629293802815679,-0.37178012543928
BAC,PEP,0.17421898040542141,-0.19763427898401448,-0.3718532593894359
PFE,SMG,0.07045491988324694,-0.30195608114102124,-0.37241100102426816
ARKK,BAC,0.2698307453803046,-0.10282895204543589,-0.3726596974257405
CAG,CL,0.19407537229044794,-0.17863858901116791,-0.3727139613016158
MSFT,REGN,0.10319962973477292,-0.2695687823010718,-0.3727684120358447
BAC,JNJ,0.17874184604140192,-0.1943875286228495,-0.37312937466425145
NKE,RTX,0.13556684578674308,-0.2383642941221877,-0.3739311399089308
BAC,STLD,0.22442835272499145,-0.1496063374185479,-0.37403469014353935
MOS,UAN,0.23992559362020777,-0.13430813906135805,-0.3742337326815658
MU,PYPL,0.16491950401957417,-0.20952873915320874,-0.3744482431727829
MSFT,UAN,0.02164727844533611,-0.3531090593001095,-0.3747563377454456
MOS,STLD,0.26270768744356277,-0.11215213746993051,-0.3748598249134933
NKE,SPLV,0.30793842700123697,-0.06709039504797715,-0.3750288220492141
BAC,MCD,0.16796209075961827,-0.20708712081382052,-0.3750492115734388
PYPL,TTMI,0.15357396866631254,-0.22165403018052252,-0.37522799884683505
PG,XLE,0.08828934148765487,-0.2870991970537886,-0.3753885385414435
SO,XLE,0.13815215084829727,-0.23740762132442544,-0.37555977217272274
BAC,RTX,0.22410055024871187,-0.15184166252858344,-0.37594221277729534
VNQ,XLE,0.21185464032212722,-0.16432880055868254,-0.3761834408808098
LMT,MSFT,0.08793261713790289,-0.2888052987499199,-0.3767379158878228
KO,STM,0.08335254052392835,-0.29354203434705933,-0.37689457487098765
ABBV,NKE,0.11153253944634745,-0.2655442684191232,-0.37707680786547065
CTVA,XLV,0.1805026688807504,-0.19665597578499522,-0.3771586446657456
BA,ENPH,0.11775241852167322,-0.2598560135960311,-0.37760843211770434
CF,UNH,0.11793532507464781,-0.25969208089898727,-0.3776274059736351
HMC,MO,0.09791841015370294,-0.28026268933693854,-0.3781810994906415
SYF,XLP,0.12318461263900946,-0.25518343300081653,-0.37836804563982596
ENPH,NOC,0.05225948365698076,-0.32628584267982064,-0.3785453263368014
BAC,TTMI,0.21471694920206078,-0.16417562897226756,-0.3788925781743283
HPQ,XLF,0.27681358814200485,-0.10262548971082547,-0.3794390778528303
BAC,PM,0.11442970363654797,-0.2650471455735117,-0.3794768492100597
DD,ENPH,0.161136190599306,-0.2186841911850092,-0.3798203817843152
FMC,NEE,0.11961698207432837,-0.26027116292183455,-0.3798881449961629
MMM,NKE,0.17800203300344136,-0.20203767222080857,-0.3800397052242499
MMM,MSFT,0.16875833706119914,-0.211335185932024,-0.38009352299322313
BAC,CW,0.15595826010696767,-0.224317472049325,-0.3802757321562927
ENPH,HII,0.07668075865654964,-0.3037144784854602,-0.38039523714200985
IPI,SHEL,0.24327971697408898,-0.13714398358495725,-0.38042370055904623
ENPH,GD,0.07784993733184079,-0.3028817633471171,-0.3807317006789579
LMT,NKE,0.10104689425256184,-0.2797368888526772,-0.3807837831052391
DD,NKE,0.15201579661443643,-0.2288627718586322,-0.38087856847306867
BAC,LLY,0.14525116310017988,-0.2356945180868203,-0.3809456811870002
GOOGL,XLE,0.1288191589567294,-0.2528405675603013,-0.38165972651703073
ENPH,UNH,0.08030203500908158,-0.30201208056062284,-0.3823141155697044
SEDG,TDW,0.0845404360769916,-0.29779182801209825,-0.3823322640890898
GOOGL,PYPL,0.26435972371462974,-0.11826456372170335,-0.3826242874363331
BAC,MU,0.1336850969894696,-0.2492094009681025,-0.38289449795757213
ICL,RF,0.1279403629733959,-0.25500274850726723,-0.3829431114806631
BAC,SO,0.1405338790392504,-0.24265610128292658,-0.383189980322177
CVX,NKE,0.10122067255404539,-0.28238488790911087,-0.38360556046315625
BAYRY,BEN,0.25607021538813024,-0.1275779957023806,-0.38364821109051084
BAYRY,DVN,0.13819508843283534,-0.2455479516752213,-0.38374304010805665
BAC,GD,0.18835062180705336,-0.19622032739672915,-0.38457094920378254
CAG,CFG,0.07454197726388075,-0.3100913081919438,-0.38463328545582454
AFL,STM,0.13717133169804932,-0.24753188250866637,-0.3847032142067157
IRDM,RF,0.15433193906921716,-0.23090280310250824,-0.3852347421717254
AMAT,BAC,0.1719506201493911,-0.21349780578734476,-0.3854484259367359
UAN,XLP,0.03456431936778878,-0.3512530436728878,-0.3858173630406766
GD,NKE,0.1250929528263159,-0.2611246028050088,-0.38621755563132476
ENPH,MMM,0.0914067799001993,-0.2949154158293037,-0.386322195729503
CF,CTVA,0.3541114992495618,-0.03256464789514975,-0.38667614714471155
RF,SEDG,0.11754668919688628,-0.2693060274411546,-0.3868527166380409
ALL,MSFT,0.11809435221196612,-0.2691243024935172,-0.38721865470548333
AMAT,CF,0.10307294027850093,-0.28456454874468146,-0.3876374890231824
BLK,MKC,0.12977670940736866,-0.2578685137150235,-0.38764522312239214
MOS,XBI,0.18564589456020206,-0.20203872570761217,-0.38768462026781425
CW,NKE,0.09347490789718646,-0.2946999911244169,-0.3881748990216034
BAC,CFG,0.7505728921143734,0.3621033206324504,-0.388469571481923
COST,XLE,0.05313819106570894,-0.3356095515798408,-0.38874774264554973
ENPH,SCHW,0.12513136145174059,-0.26364578092117974,-0.3887771423729203
ABBV,ENPH,0.05083256792399598,-0.3380563700940529,-0.3888889380180489
MKC,TDG,0.08786823097654743,-0.30171943357610576,-0.3895876645526532
DG,NKE,0.17628190604217378,-0.21342386418581014,-0.3897057702279839
BEN,KMB,0.1155006527212319,-0.27428946366179396,-0.38979011638302585
DUK,NKE,0.09816212097045479,-0.2919479398496603,-0.39011006082011507
CB,CF,0.1445231954443584,-0.2456677414862552,-0.3901909369306136
DUK,MKC,0.12924448357124527,-0.26116059879481673,-0.390405082366062
BAC,DE,0.19963892242839215,-0.19079564493316734,-0.39043456736155946
CF,LMT,0.13283929505420244,-0.2576345736877046,-0.39047386874190704
CW,MSFT,0.09797428266852624,-0.292504775385274,-0.39047905805380023
DVN,SPCX,-0.02224019789169078,-0.4134293334240099,-0.3911891355323191
MSFT,PLD,0.15809194293828932,-0.2337445240057358,-0.39183646694402513
CF,XBI,0.17942727109862044,-0.21306631649537777,-0.3924935875939982
IPI,SMCI,0.08297440187093033,-0.3099846313728456,-0.3929590332437759
AEP,MKC,0.13168047244799738,-0.2612976879881766,-0.39297816043617395
CPB,TSLA,-0.0071152955047505614,-0.40010946087907817,-0.39299416537432763
GIS,TDW,0.02615187535316701,-0.3673014504803136,-0.3934533258334806
STM,VLO,0.10448419995390636,-0.28907099399477865,-0.393555193948685
CPB,XLF,0.1932834073621444,-0.2003434550478493,-0.39362686240999367
MOS,TDG,0.13051901595322626,-0.2631649663963481,-0.39368398234957436
HON,NKE,0.1465631632822727,-0.24719031625075005,-0.39375347953302275
FITB,PFE,0.13448186450415398,-0.25941421142103893,-0.39389607592519293
AEP,MSFT,0.11041195723434014,-0.28357444380181,-0.3939864010361501
MKC,PEP,0.16127116482400972,-0.23278916072881173,-0.39406032555282144
SYF,XLV,0.1887597040800218,-0.20580032779537288,-0.3945600318753947
AMD,PYPL,0.18226436162092308,-0.21252912988512906,-0.39479349150605214
ENPH,MCD,0.09550183349220819,-0.2999917732623722,-0.3954936067545804
AEP,NKE,0.0914376097874659,-0.3046094149952764,-0.3960470247827423
LLY,XLE,0.055726391827541175,-0.3406332224164269,-0.3963596142439681
ASTS,NKE,0.057586491671922306,-0.3388784435396398,-0.3964649352115621
KO,PFE,0.2869071895817856,-0.10982988171672388,-0.3967370712985095
ENPH,JPM,0.10013643294831279,-0.2966262599489312,-0.396762692897244
MO,XLV,0.21112224823792247,-0.18655431217842888,-0.39767656041635135
AMAT,PYPL,0.24222490658280496,-0.15588389496483865,-0.3981088015476436
DOW,SPCX,0.028202793457538552,-0.3716097427733413,-0.39981253623087987
MSFT,SO,0.10523580256759836,-0.2947188996118217,-0.39995470217942003
PFE,TGT,0.179349664904315,-0.22063034518789645,-0.39998001009221146
ABBV,MKC,0.1701691660270858,-0.2301350663381775,-0.4003042323652633
ENPH,REGN,0.08085784900258791,-0.3198854655314572,-0.4007433145340451
ENPH,TDG,0.1000030118373231,-0.3007501440938545,-0.40075315593117755
NKE,PEP,0.1250807329105804,-0.27573195999851363,-0.40081269290909405
MSFT,RTX,0.17064351193396735,-0.23077809511245675,-0.4014216070464241
MU,XLE,0.14932314801515775,-0.2521080183272745,-0.40143116634243226
DG,ENPH,0.09115600449850049,-0.31059691787973187,-0.40175292237823235
CF,JPM,0.18312120070978047,-0.21873372941083707,-0.40185493012061757
CVX,STM,0.11971051274878854,-0.2822146634323915,-0.40192517618118
MSFT,TTMI,0.16486722992888408,-0.23783043638286902,-0.4026976663117531
SCHW,VZ,0.15241295273734098,-0.2513547056833422,-0.4037676584206832
ENPH,IYR,0.17147711824698555,-0.23232074473103345,-0.403797862978019
D,PFE,0.15352350684000216,-0.251125950379053,-0.40464945721905515
CSCO,NKE,0.16411515729276602,-0.24064994571531179,-0.4047651030080778
CB,NKE,0.09697659614782918,-0.30804564248359895,-0.4050222386314281
AFL,DVN,0.08174034860076376,-0.3233286618153546,-0.4050690104161183
ENPH,IBM,0.08752594010907026,-0.3177471619285809,-0.40527310203765116
MKC,MTSI,-0.010096288448181907,-0.4156601907352167,-0.4055639022870348
BAC,COST,0.1596211271488842,-0.2461273101665673,-0.4057484373154515
IVZ,VZ,0.16927478495307127,-0.2365313950542184,-0.4058061800072897
MSFT,STLD,0.15251956037215234,-0.2538177864096187,-0.406337346781771
IPI,TSLA,0.06107543024629842,-0.3455040183167454,-0.4065794485630438
CF,TDG,0.1463198451138147,-0.2606343148698961,-0.40695415998371076
LXU,MCHP,0.05912883978233801,-0.3480502823644667,-0.40717912214680474
MRK,STM,0.09941835801285957,-0.3077680062810737,-0.4071863642939333
MSFT,NTR,0.04465411841958349,-0.3626441275508197,-0.4072982459704032
DD,MOS,0.27261913955737965,-0.13474967140552052,-0.4073688109629002
MCD,XLE,0.09001587427942057,-0.3190417625066776,-0.4090576367860982
BAC,DG,0.1015042707658183,-0.3075563188408902,-0.4090605896067085
GD,MSFT,0.13574618891114063,-0.27331960434122143,-0.40906579325236203
CF,UAN,0.30046526821216984,-0.10951963863552044,-0.4099849068476903
ENPH,VNQ,0.1639430612146001,-0.2460930060228122,-0.41003606723741226
DE,NKE,0.14207891722159566,-0.2683004762854189,-0.4103793935070146
PYPL,VUG,0.46295843228374933,0.05226492963714226,-0.4106935026466071
DE,ENPH,0.12632428550235233,-0.2847485555949514,-0.4110728410973037
IPI,O,0.030511327104133505,-0.3806593189296125,-0.41117064603374603
ANDE,SCHD,0.33886821548715174,-0.07237308462719273,-0.41124130011434445
BAC,TRV,0.24673577507328068,-0.1647336379412472,-0.4114694130145279
COST,MKC,0.12351626004083306,-0.28798476859841704,-0.4115010286392501
CAG,TSLA,-0.017636720478378345,-0.4292043391227746,-0.4115676186443963
CRWD,MOS,-0.010954183517761314,-0.4227719496775766,-0.41181776615981525
ENPH,HON,0.1656588520019505,-0.24663692440129517,-0.41229577640324566
LXU,NEE,0.018897453328140728,-0.3934044763894775,-0.41230192971761825
HMC,SBUX,0.11202471779698717,-0.3005137337902372,-0.41253845158722435
BAC,UAN,0.12805338680084716,-0.28477172866909256,-0.4128251154699397
NKE,PLD,0.15692595151312402,-0.2561354488111062,-0.4130614003242302
CAT,ENPH,0.12693950852887662,-0.28617903208561213,-0.4131185406144887
HON,MSFT,0.1914058746708605,-0.22197227648803172,-0.4133781511588922
BEN,NUE,0.15725557336324866,-0.2564031885368005,-0.41365876190004913
ASTS,DVN,0.015094562512874929,-0.39883965244850983,-0.41393421496138477
SBUX,STM,0.19437120896496465,-0.2197161598068483,-0.41408736877181296
CB,MKC,0.12164142675672636,-0.29271033550287967,-0.414351762259606
DG,MOS,0.089772677244733,-0.3247707676416859,-0.4145434448864189
HMC,INTC,0.13041107355969003,-0.2848429318540897,-0.41525400541377977
O,XLV,0.2616249859570488,-0.1542402156862467,-0.41586520164329555
REGN,XLE,0.09663540076186732,-0.32026322510884786,-0.4168986258707152
ABBV,CF,0.07149187868611914,-0.34550073883589627,-0.41699261752201544
ENPH,VUG,0.2450465065109725,-0.17196207891829518,-0.41700858542926766
MOS,VUG,0.24829783488139628,-0.16909457443842868,-0.41739240931982496
STM,TSLA,0.2396657031556444,-0.17791501257139336,-0.41758071572703775
BA,BEN,0.13986664009625085,-0.2778129283020901,-0.417679568398341
BEN,MRK,0.10834665909436561,-0.31027316500165286,-0.4186198240960185
AMD,HMC,0.10115076291753343,-0.31750227768533296,-0.4186530406028664
LXU,XLF,0.16073664764498016,-0.25865027916575695,-0.4193869268107371
CAG,MCHP,0.011582176766631591,-0.4082501915859226,-0.41983236835255416
DE,MSFT,0.14981864350006044,-0.27009982977407265,-0.4199184732741331
CB,MSFT,0.10719660705276686,-0.3127813237692857,-0.41997793082205254
CF,NUE,0.2767672080648075,-0.1433827180665717,-0.4201499261313792
HMC,IVZ,0.25811608566352146,-0.1621797284023582,-0.4202958140658797
BAC,GOOGL,0.1662545230013087,-0.25411875813870805,-0.4203732811400167
CF,GD,0.17555528656759475,-0.24506961052125226,-0.420624897088847
STLD,STM,0.22732325249523053,-0.19339482334302013,-0.42071807583825066
MCHP,XLU,0.08867502764858481,-0.33231421478834366,-0.4209892424369285
BKSY,SPCX,0.19006554233289658,-0.2310673400285656,-0.4211328823614622
FMC,MCHP,0.11139965745048098,-0.31023176106329814,-0.4216314185137791
JPM,MSFT,0.21924628065907434,-0.20242091298311662,-0.42166719364219096
BEN,VLO,0.09676443292729005,-0.32499109266934084,-0.4217555255966309
AMD,NKE,0.11225334340515887,-0.309974377206114,-0.42222772061127284
BAC,SPLV,0.28717798800514704,-0.13608120613496053,-0.4232591941401076
UAN,XLV,0.07642761409957792,-0.3468656190250402,-0.42329323312461814
DG,MSFT,0.07464762275468691,-0.3487041033984301,-0.423351726153117
CPB,MCHP,0.023454051212788565,-0.3999733294115102,-0.42342738062429874
CF,HEI,0.17314797538570786,-0.25055060550717545,-0.4236985808928833
BEN,PG,0.10268775836502568,-0.3213956155226736,-0.4240833738876993
FMC,SPCX,-0.0275739967336451,-0.45176808982751604,-0.42419409309387096
CL,IPI,0.013793634420753893,-0.41074429278718955,-0.4245379272079434
BKSY,PYPL,0.20477465634895617,-0.22011982004215452,-0.42489447639111066
HMC,SPCX,-0.016301859885340293,-0.44147097033371585,-0.4251691104483756
MKC,O,0.19911089963141965,-0.2260960421277311,-0.42520694175915075
LLY,NKE,0.11027336318012955,-0.31539717059322353,-0.42567053377335307
PLTR,XLP,-0.07034903809608556,-0.4960891155806473,-0.4257400774845617
CSCO,STM,0.36747662069557396,-0.05836447478995854,-0.4258410954855325
CF,HON,0.205338273439307,-0.2206772754420874,-0.42601554888139437
DVN,TTMI,0.10526966550797981,-0.3207681933484333,-0.4260378588564131
JNJ,NKE,0.1524123477233275,-0.2736447643206547,-0.4260571120439822
CF,USMV,0.16362164530168216,-0.2628249675833316,-0.4264466128850138
AMD,XLP,0.06975721024434813,-0.3570502196592083,-0.4268074299035564
CAT,NKE,0.1435217580159982,-0.2833211852317273,-0.4268429432477255
BEN,VIG,0.5785322184726377,0.15133937828689373,-0.427192840185744
BEN,ORCL,0.16228020242971844,-0.26523252930668945,-0.4275127317364079
CB,STM,0.09605656002702141,-0.33153090494657667,-0.42758746497359806
PEP,STM,0.08590346052512102,-0.3419399846722482,-0.42784344519736917
INTC,MSFT,0.3927439759314717,-0.03521546607916159,-0.4279594420106333
BEN,CFG,0.5157217693736447,0.08775930984970251,-0.4279624595239422
PFE,TDW,0.06265132890099692,-0.36540891366099437,-0.42806024256199127
CAG,XLF,0.1976747061458289,-0.2309687032161971,-0.42864340936202605
CW,ENPH,0.14794165601053857,-0.2810887463950367,-0.42903040240557533
CSCO,MKC,0.13291771624667045,-0.29628798006370627,-0.42920569631037675
AEP,XLE,0.1474502164206881,-0.28217808243445214,-0.4296282988551402
STM,UNH,0.06433415385775915,-0.3653730469070585,-0.42970720076481767
BLK,CF,0.18016895108312098,-0.2500261893422589,-0.4301951404253799
ABBV,MOS,0.06268021354728931,-0.367597874990448,-0.4302780885377373
IPI,SMG,0.15537749894188585,-0.27536052713821163,-0.4307380260800975
JNJ,STM,0.07867911667193977,-0.35208432765814435,-0.4307634443300841
IYR,MKC,0.2844599616087454,-0.14661680165886068,-0.43107676326760613
MCHP,SEDG,0.2685844443730156,-0.16263362018321068,-0.43121806455622624
AFL,HMC,0.10273980360758944,-0.32868443125477875,-0.4314242348623682
KHC,VAL,0.09371396810962651,-0.3377395367250159,-0.4314535048346424
ENPH,HEI,0.15693842965777569,-0.27461957756854705,-0.43155800722632276
INTC,LXU,0.05019710122864699,-0.3820592554078078,-0.4322563566364548
BEN,LRCX,0.11414468650428754,-0.3182328671403375,-0.43237755364462505
CF,STLD,0.26762607434842456,-0.16552657086396227,-0.43315264521238683
DVN,LRCX,0.05631465236683905,-0.3769471522336853,-0.4332618046005243
COST,NKE,0.1401806097313803,-0.2932550036301,-0.4334356133614803
SPCX,VZ,0.025347102445001025,-0.4087885981363364,-0.43413570058133744
BLK,MOS,0.1988017466589001,-0.23550070086299316,-0.4343024475218933
NKE,STLD,0.1322685850966952,-0.30304560876041176,-0.43531419385710696
CFG,FMC,0.18085400638183208,-0.25480495577673,-0.4356589621585621
PFE,VAL,0.02780460267018492,-0.4081533228104756,-0.43595792548066054
BEN,XOM,0.12101999842503028,-0.31501389956156856,-0.43603389798659886
ARKK,MSFT,0.4023242215288776,-0.03445482553383398,-0.4367790470627116
D,HPQ,0.07610461462490817,-0.36110090563238934,-0.43720552025729753
CF,CW,0.18363552241685754,-0.25392693306335257,-0.4375624554802101
BAC,BX,0.363807558498106,-0.07377188763057876,-0.4375794461286847
BA,XLE,0.21036110329861948,-0.22778157018787634,-0.4381426734864958
CF,DD,0.2566651685113848,-0.181690026094816,-0.4383551946062008
UAN,XLE,0.26128880284289324,-0.1771669688413923,-0.4384557716842855
JNJ,XLE,0.13130595095471737,-0.3071560227628197,-0.4384619737175371
MSFT,PEP,0.17363513899159788,-0.2648436041990147,-0.4384787431906126
AMAT,BEN,0.10967321190225549,-0.3289501977858314,-0.4386234096880869
CRWD,ENPH,0.18022997743565544,-0.2586340122012362,-0.43886398963689166
CF,MU,0.1180035120930192,-0.32112431098636157,-0.43912782307938075
STM,XOM,0.09805527007352138,-0.3410886725395605,-0.4391439426130819
ASTS,XLV,0.03354356070961375,-0.40560607221049305,-0.4391496329201068
BAC,CAT,0.24108844734516247,-0.19892219955783377,-0.44001064690299624
ENPH,XBI,0.24084057981382676,-0.19934105181939912,-0.4401816316332259
FITB,IPI,0.20943268743296356,-0.23115083837071196,-0.44058352580367555
STM,UAN,0.07737625871851495,-0.363389416755153,-0.44076567547366796
VIG,XLV,0.6931944413980462,0.2522279284341757,-0.4409665129638705
AMD,XLV,0.1939774827453666,-0.24780143857618228,-0.4417789213215489
IPI,VIG,0.20253301174849506,-0.239717855646081,-0.4422508673945761
CAT,MSFT,0.1681335179907216,-0.27434713918842013,-0.44248065717914176
DVY,ENPH,0.16969207957038313,-0.27286185968892684,-0.44255393925930997
MOS,QQQ,0.1980560589799611,-0.2448271486330077,-0.4428832076129688
MCD,NKE,0.16809049393917333,-0.2749154309176569,-0.4430059248568302
BAYRY,VZ,0.12088693832412076,-0.3221697176557919,-0.4430566559799126
CSCO,DVN,0.075638170553303,-0.36769988147874716,-0.4433380520320502
BAC,TDG,0.18717126194267242,-0.25629795238783837,-0.4434692143305108
IYR,STM,0.19155342540476425,-0.25208948315884366,-0.4436429085636079
CF,RTX,0.23112657063202935,-0.21324191644594553,-0.4443684870779749
KMB,STM,0.05950973517292491,-0.3852592920813563,-0.4447690272542812
C,VZ,0.20287515825576796,-0.24199541731958638,-0.44487057557535437
CF,VLO,0.27757991264449533,-0.16745121500632856,-0.44503112765082387
DUK,XLE,0.1826761473404772,-0.2623619406208045,-0.4450380879612817
MKC,PSX,0.04628644852702273,-0.3988764387371115,-0.4451628872641342
PM,STM,0.08312963664734109,-0.3620657661308223,-0.4451954027781634
TSLA,XLU,0.009000805294747255,-0.43715243898789125,-0.4461532442826385
LRCX,PYPL,0.2508410178701226,-0.19546215046043283,-0.4463031683305554
RKLB,STM,0.21132991347493907,-0.2351023602989166,-0.44643227377385564
BEN,DD,0.1709522367688509,-0.27549445469823863,-0.44644669146708954
SEDG,TSLA,0.15941186418783887,-0.28760506273695613,-0.447016926924795
NTR,XLP,0.14144704141528303,-0.30623681031220085,-0.4476838517274839
SCHW,STM,0.24298103662128515,-0.20556558416028983,-0.448546620781575
VLO,XLP,0.08970248412339628,-0.35917960994940384,-0.4488820940728001
DG,XLE,0.03801242579975935,-0.4112708838614149,-0.44928330966117425
CL,STM,0.08780594474010892,-0.36151460991071327,-0.4493205546508222
BAC,CTVA,0.28289636094070425,-0.1664266065306619,-0.44932296747136613
LLY,STM,0.08808946119002098,-0.3615813670590001,-0.4496708282490211
HPQ,TDW,0.07959409395685015,-0.3704812408102325,-0.4500753347670826
NKE,SO,0.10087183024125167,-0.34946387090099235,-0.450335701142244
CPB,NEE,0.18328300801601083,-0.2672496110809547,-0.4505326190969655
DOW,NEE,0.04199111656390796,-0.4085628252547878,-0.4505539418186958
CF,QQQ,0.17254764484528098,-0.27800965511195347,-0.4505572999572345
GIS,VIG,0.30974857548795126,-0.14084869095394337,-0.45059726644189463
DD,STM,0.22649457021062497,-0.2242727606976032,-0.4507673309082282
HII,NKE,0.12985417445982073,-0.3209742451782072,-0.45082841963802794
ENPH,USMV,0.183455044463716,-0.2674235098172092,-0.45087855428092516
MKC,XBI,0.08955817787891937,-0.36138980857488845,-0.45094798645380785
XBI,XLE,0.21542892459977878,-0.23565749926676607,-0.45108642386654485
BEN,CSCO,0.2176159463081674,-0.23395431711385362,-0.451570263422021
BEN,HEI,0.07847766814916764,-0.37320517787463653,-0.45168284602380415
MCD,MSFT,0.17439659149821826,-0.27753022976573405,-0.45192682126395234
AFL,XLV,0.29263818719011575,-0.15957058138568717,-0.45220876857580294
FMC,TSLA,0.09272053634345503,-0.3601399569091721,-0.4528604932526271
DVN,MRK,0.03215855645404632,-0.42077355100122626,-0.45293210745527257
BEN,WM,0.11813479104842795,-0.33498475956767954,-0.4531195506161075
NUE,STM,0.1984520129700583,-0.25513691601023697,-0.45358892898029524
LRCX,VZ,0.05189270165975583,-0.40175258127033453,-0.4536452829300904
VLO,XLV,0.13911916840313282,-0.3145974698267429,-0.45371663822987574
CSCO,VZ,0.11107455614411149,-0.3426723998079378,-0.4537469559520493
MSFT,ORCL,0.36101451655897365,-0.09277666025825736,-0.453791176817231
CAT,MOS,0.2204348812314435,-0.23356845407210858,-0.4540033353035521
C,XLP,0.2772795223649425,-0.17672590791872206,-0.4540054302836646
O,VZ,0.15544738625520546,-0.29871752319458483,-0.45416490944979027
DE,MOS,0.2538933964948489,-0.2005386502787735,-0.45443204677362237
ARKK,XLV,0.3122841623511884,-0.142295794164848,-0.4545799565160364
GIS,SBUX,0.1303098603247383,-0.32435116423580773,-0.454661024560546
CPB,VAL,0.016409551659614656,-0.43845348085820757,-0.45486303251782223
AMD,MKC,0.07590422957375553,-0.37903756800875216,-0.4549417975825077
HPQ,MCHP,0.2806598295336188,-0.17463764335427295,-0.45529747288789174
CB,XLE,0.17867652617855687,-0.27664730130805004,-0.45532382748660694
PFE,SMCI,0.03823256867623945,-0.4171821171014858,-0.45541468577772526
NKE,VNQ,0.251606413401031,-0.20443923403246383,-0.45604564743349485
CF,XOM,0.30920098389181117,-0.14690610232027715,-0.4561070862120883
CAG,VAL,0.039950955220406634,-0.41629150413138494,-0.4562424593517916
UNH,XLE,0.14489266870808049,-0.31198964045156674,-0.4568823091596472
VIG,VZ,0.32646887063187296,-0.13084350372413622,-0.4573123743560092
BAC,CB,0.24360772713237988,-0.21378294635050749,-0.45739067348288737
PSX,STM,0.1486133602912828,-0.3088796646478642,-0.457493024939147
ICL,SPCX,0.07877886372466714,-0.3788192173013088,-0.45759808102597593
GOOGL,STM,0.22812902563953152,-0.2302425753224466,-0.45837160096197815
ALL,STM,0.11102464877785119,-0.347456745275078,-0.4584813940529292
SBUX,VZ,0.12443743049683695,-0.33449213780072956,-0.4589295682975665
NKE,NTR,0.1339228124155827,-0.3250686590718546,-0.45899147148743735
MKC,QQQ,0.13243144145040095,-0.32658999151397444,-0.45902143296437536
BX,ENPH,0.1969185870578345,-0.26210776541295683,-0.4590263524707913
CF,VAL,0.2526778856065173,-0.206705455988695,-0.4593833415952123
MKC,PLD,0.18891302426691345,-0.27054766455235274,-0.45946068881926616
LRCX,STM,0.44143766173389304,-0.018242502446773813,-0.4596801641806669
JNJ,MSFT,0.19685900742189077,-0.2632641746513175,-0.4601231820732083
C,HMC,0.17599179421095024,-0.2854332511433606,-0.46142504535431084
LMT,STM,0.0836132717497725,-0.377914219213006,-0.4615274909627785
ASTS,MSFT,0.10256860296265517,-0.35899196148081935,-0.46156056444347454
KHC,TSLA,0.012051380963553487,-0.44989905712699657,-0.46195043809055003
HPQ,VAL,0.13877047024281433,-0.3240392150886771,-0.46280968533149147
BEN,CVX,0.1052529255715298,-0.35804491883273676,-0.4632978444042666
IRDM,NVDA,0.11646424917249341,-0.34690746006166806,-0.4633717092341615
ALL,XLE,0.19524312619498657,-0.26843371971732616,-0.46367684591231273
MSFT,VNQ,0.2393847742063621,-0.2246450986395916,-0.46402987284595365
CTVA,ENPH,0.13198273262460555,-0.3320584417383721,-0.46404117436297765
AFL,VZ,0.1432215675203538,-0.32086916328879617,-0.46409073080915
MKC,VUG,0.18009082728537654,-0.28440318371122003,-0.4644940109965966
SEDG,SHEL,0.1225768417515181,-0.3422119893943555,-0.4647888311458736
BAYRY,GIS,0.10684398808030626,-0.3585496018825045,-0.46539358996281077
PM,XLE,0.14917668067970793,-0.3163449461145788,-0.46552162679428677
HPQ,KO,0.18786783920958397,-0.27803646637889096,-0.46590430558847495
KHC,RF,0.07213095865732895,-0.3938376549503878,-0.46596861360771674
VIG,XLP,0.6723566320682008,0.20629593166842788,-0.466060700399773
LMT,XLE,0.15377321482648024,-0.31326551179286277,-0.467038726619343
CSCO,MSFT,0.38902757896861606,-0.07845424089460647,-0.4674818198632225
MOS,SPCX,0.0439705614489608,-0.42391276738368827,-0.46788332883264905
MU,STM,0.3791693949501972,-0.08971067553562656,-0.46888007048582375
MOS,PLTR,0.08794815976261712,-0.3813990518033354,-0.4693472115659525
HEI,XLE,0.17347161046111295,-0.2963254582874493,-0.4697970687485622
ASTS,IPI,0.05689817115349628,-0.41322967256232984,-0.4701278437158261
HPQ,TSLA,0.1304145698605226,-0.33983053116437206,-0.4702451010248947
ASTS,GIS,-0.06536454020856913,-0.5357353921985677,-0.47037085198999856
IBM,XLE,0.17100060101804263,-0.299754039075728,-0.47075464009377066
IBM,MSFT,0.26859692907484123,-0.20228233808770324,-0.47087926716254447
BA,XLV,0.21454334876437658,-0.2564236271389983,-0.4709669759033749
GIS,SYF,0.017651274296709644,-0.45364994800576025,-0.4713012223024699
HEI,STM,0.13963584431108497,-0.33171694372932264,-0.4713527880404076
BEN,UNH,0.10767300309002455,-0.36412905097814413,-0.47180205406816866
CRWD,NKE,0.09457037947366317,-0.377242740194662,-0.4718131196683252
STM,VIG,0.4262694413239347,-0.045979140850037334,-0.47224858217397203
MKC,RKLB,-0.032841079218028,-0.5051103414368247,-0.47226926221879667
BEN,MU,0.0915802916625805,-0.38115228551129127,-0.47273257717387174
BLK,NKE,0.20996771150868282,-0.26319382270828207,-0.4731615342169649
IPI,KO,0.06492371451321571,-0.4083451273489259,-0.47326884186214163
ENPH,VYM,0.19796774505145467,-0.27556759763534505,-0.47353534268679975
CF,DVY,0.27967808108535047,-0.19437667934667865,-0.4740547604320291
FMC,KO,0.13869409854196207,-0.33591786694020503,-0.4746119654821671
NKE,PM,0.11806735704677983,-0.35660182142425867,-0.4746691784710385
MO,SEDG,-0.004706270413745944,-0.47945103776846376,-0.4747447673547178
D,IPI,0.034892851916616556,-0.4400450817873178,-0.4749379337039344
XLF,XLU,0.30173629008323394,-0.17359068601841715,-0.4753269761016511
BX,XLE,0.2659217596970022,-0.2096891135025101,-0.47561087319951234
LLY,MSFT,0.1749539182970788,-0.300864958266484,-0.4758188765635628
ALL,BAC,0.3194685532270279,-0.15746025451319892,-0.47692880774022683
SPCX,XLU,0.07158101141179748,-0.40536399473008516,-0.4769450061418826
CF,CVX,0.28203876902700076,-0.19502092816889197,-0.4770596971958927
CPB,SMCI,-0.040348610035683054,-0.5177670935088969,-0.47741848347321386
BEN,DUK,0.09464913351984838,-0.38304475483026906,-0.47769388835011745
CF,MTSI,0.0913031787034733,-0.3867615582816845,-0.47806473698515783
DD,XLE,0.3119543821723899,-0.16625270568922096,-0.47820708786161087
IPI,TGT,0.07223056422473548,-0.4061060481716736,-0.4783366123964091
XLV,XOM,0.20988116649362146,-0.2691617062082135,-0.479042872701835
MOS,USMV,0.1995447258693253,-0.27955402389913403,-0.47909874976845934
BKSY,MO,-0.04361257798381528,-0.5231397087124292,-0.4795271307286139
C,XLV,0.3723562951199747,-0.10754845808308205,-0.47990475320305676
BEN,SO,0.08134587491600324,-0.3986217518493113,-0.47996762676531457
BEN,IBM,0.13044665138877576,-0.34953548684689456,-0.4799821382356703
PG,STM,0.09713025330407823,-0.3839759573003762,-0.48110621060445447
TRV,XLE,0.19479485794217818,-0.28639304307421104,-0.4811879010163892
INTC,XLP,0.15927348138953815,-0.32210150415722244,-0.4813749855467606
STM,TRV,0.1176944268550012,-0.3639088666196017,-0.4816032934746029
ASTS,BAC,0.07731212220353621,-0.40451486670846387,-0.4818269889120001
TTMI,XLP,0.09974454588255094,-0.38224293109891283,-0.48198747698146377
BKSY,TDW,0.07155004155827027,-0.41046775922604073,-0.482017800784311
LRCX,MSFT,0.2534410665708357,-0.2286330340088858,-0.4820741005797215
FANG,NKE,0.10194494484169705,-0.38018399450624446,-0.48212893934794154
BAC,VUG,0.3582962781378418,-0.12395582621288313,-0.48225210435072496
HMC,VIG,0.40539827849259186,-0.07710668822104334,-0.4825049667136352
ASIX,VAL,0.2617468324549336,-0.22084808733005362,-0.4825949197849872
MPC,NKE,0.14513278758412276,-0.3377752146201923,-0.48290800220431507
MOS,MTSI,0.12029204624518826,-0.3629794426247808,-0.48327148886996907
FITB,HPQ,0.16356450362324634,-0.32020774886615844,-0.4837722524894048
CF,VYM,0.28276669557028505,-0.20110737627067263,-0.48387407184095765
D,FMC,0.10064984266136809,-0.3834456695044483,-0.48409551216581637
AMAT,MKC,0.09416613207462811,-0.3901716655199009,-0.484337797594529
DVN,KMB,0.003661205293365629,-0.4806947566971327,-0.4843559619904983
GOOGL,MKC,0.06116526526708523,-0.4236570289720734,-0.4848222942391586
AMD,SEDG,0.1631124622367288,-0.3217142816755609,-0.48482674391228964
BX,MSFT,0.2822093690858404,-0.20287904972151344,-0.4850884188073538
NKE,TDG,0.17411430234693165,-0.3109843883088166,-0.48509869065574823
MKC,SO,0.15853241961784378,-0.32715387280079034,-0.48568629241863415
BAC,XBI,0.27435485983185537,-0.21159988404075158,-0.48595474387260695
INTC,XLV,0.2607294241129641,-0.22523068068873264,-0.48596010480169677
BEN,PEP,0.09934616239310158,-0.3867649906943764,-0.486111153087478
QQQ,XLE,0.16862966744321473,-0.3178377185624636,-0.48646738600567835
NTR,STM,0.176928726369761,-0.30954383416282877,-0.4864725605325898
BLK,ENPH,0.1826974886837729,-0.3038793638325003,-0.4865768525162732
SHEL,XLU,0.18133289469120117,-0.3052982937813691,-0.48663118847257025
FMC,VAL,0.09702746659943529,-0.38973592268067697,-0.48676338928011226
AEP,BEN,0.09350267338442807,-0.3934525726912837,-0.4869552460757118
MTSI,XLE,0.11105078660818135,-0.3767910929545167,-0.48784187956269803
HON,STM,0.2158092590440405,-0.27257885360411716,-0.4883881126481576
NOC,XLE,0.16854512537582225,-0.32042542723903966,-0.4889705526148619
BKSY,MCHP,0.24568789633741245,-0.24329408239349926,-0.4889819787309117
NTR,XLV,0.16936627917675454,-0.3197937590827359,-0.4891600382594904
DVN,SO,0.03796599238982046,-0.45147846159181715,-0.4894444539816376
BEN,HON,0.16675612680789245,-0.32274552258550115,-0.4895016493933936
SPLV,XLE,0.2779262088958098,-0.2116331394066866,-0.4895593483024964
PYPL,QQQ,0.46535694217985435,-0.024742112366427992,-0.49009905454628233
STM,VNQ,0.20018785103013664,-0.2906880075371234,-0.49087585856726007
LXU,TDW,0.06398016147109614,-0.4273185220420092,-0.49129868351310535
VUG,XLE,0.30520864779509577,-0.18623027306013307,-0.49143892085522883
FANG,STM,0.1266526806856868,-0.36502758738982916,-0.49168026807551596
CF,CRWD,0.02721782009464367,-0.4651256847951994,-0.4923435048898431
AFL,XLP,0.3041920962743502,-0.1888291010194026,-0.49302119729375277
BEN,LMT,0.08648518555287346,-0.40660399083166004,-0.49308917638453353
MKC,TTMI,0.042882409084557364,-0.45066458714867974,-0.4935469962332371
KO,LXU,0.016277988056177264,-0.47728449370768994,-0.4935624817638672
ASTS,VZ,-0.032817515085543945,-0.5264509253505982,-0.4936334102650543
FITB,FMC,0.15479283299465277,-0.33959574859206165,-0.4943885815867144
CAG,NEE,0.15758424627906173,-0.33726607629559546,-0.4948503225746572
LRCX,NKE,0.10687996755945642,-0.38800340813861617,-0.4948833756980726
AMAT,DVN,0.07549455180663855,-0.4194211282473126,-0.49491568005395115
HMC,O,0.10853102144830681,-0.3866978672210628,-0.49522888866936965
COST,MSFT,0.20798646843316212,-0.2875126626310162,-0.4954991310641783
NUE,XLV,0.22679417817530348,-0.2688654284804359,-0.4956596066557394
O,XLP,0.30399477349956744,-0.19179815603172692,-0.4957929295312944
NUE,XLP,0.17630753532772697,-0.3195834339868782,-0.4958909693146052
CRWD,XLE,0.009035864777508559,-0.48764273926138624,-0.4966786040388948
BAYRY,IPI,0.12358162909092689,-0.37380342474489536,-0.49738505383582227
LRCX,MKC,0.07272917679084503,-0.4252066798737745,-0.4979358566646195
BEN,NOC,0.10836777595473243,-0.39023048540999394,-0.4985982613647264
DVN,WM,0.001537364109371598,-0.49749712912294575,-0.49903449323231736
CL,DOW,0.0022776272790594474,-0.4970786274612565,-0.4993562547403159
AMAT,VZ,0.07013642005046575,-0.43014732554722557,-0.5002837455976913
FMC,TGT,0.1352746720153834,-0.3652945375999261,-0.5005692096153095
BEN,MMM,0.17630827470006782,-0.3243839193266416,-0.5006921940267095
DVN,MU,0.06817062175601164,-0.4328976057775317,-0.5010682275335434
SEDG,SYF,0.09917573862600464,-0.4021478643263041,-0.5013236029523087
FITB,LXU,0.07551092952891607,-0.42610537537372084,-0.5016163049026369
VLO,VZ,0.04887241475404531,-0.45308246848583783,-0.5019548832398831
DVN,IYR,0.13108212481652867,-0.3713097366351393,-0.5023918614516679
HON,XLE,0.2746825435748142,-0.22802184477220097,-0.5027043883470151
SPCX,XLE,0.03819754551231494,-0.46464706462248506,-0.5028446101348
TTMI,VZ,0.08894446641685293,-0.41405970793910535,-0.5030041743559582
CTVA,MOS,0.39213870117176053,-0.11098942488517005,-0.5031281260569306
STM,WM,0.11345977495096433,-0.3898860922282521,-0.5033458671792165
ORCL,XLP,0.17378881270217247,-0.329776759545952,-0.5035655722481245
IPI,TTMI,0.1215578312975448,-0.3826529646308142,-0.504210795928359
ICL,XLF,0.1620479392716234,-0.34232727387630274,-0.5043752131479261
DOW,INTC,0.18967473837612148,-0.3149110757111768,-0.5045858140872983
FMC,SMCI,0.06752573268179124,-0.4381040548967552,-0.5056297875785465
CF,HII,0.17458758929753948,-0.3310644710238002,-0.5056520603213397
ORCL,VZ,0.08864711898177008,-0.4174496780444356,-0.5060967970262057
MU,VZ,0.04361568196897368,-0.4626010179589172,-0.5062166999278909
TTMI,XLV,0.20491062101229696,-0.3015439394025979,-0.5064545604148949
BA,XLP,0.21017934183173076,-0.2962848132208487,-0.5064641550525795
PFE,SPCX,0.011788945058499953,-0.49490260772792727,-0.5066915527864272
NOC,STM,0.08698420699050229,-0.4197699005695641,-0.5067541075600663
DVN,PG,0.011955150743571112,-0.49506020064777034,-0.5070153513913415
BEN,SPCX,0.1303816360884343,-0.3766974721646036,-0.5070791082530379
DVN,ORCL,0.05673285145595939,-0.45092964968725974,-0.5076625011432191
CL,ICL,0.04506735287376136,-0.4629064293401872,-0.5079737822139486
BEN,TRV,0.16310256590119104,-0.3450565941058777,-0.5081591600070687
DVN,PEP,0.012889033464745568,-0.49543467343932623,-0.5083237069040718
MMM,XLE,0.2364334571804336,-0.2719316851015774,-0.508365142282011
STLD,XLP,0.13650118420933385,-0.37230229955263106,-0.5088034837619649
CFG,HPQ,0.26564733172503846,-0.24327436778730366,-0.5089216995123421
D,LXU,0.01582497892594126,-0.4951367210390783,-0.5109616999650196
CRWD,GIS,-0.18534316359547562,-0.6967498245256187,-0.5114066609301431
BKSY,HBAN,0.2363871331819682,-0.2756103359409402,-0.5119974691229083
DVN,PLD,0.10918609318953323,-0.40340005741894525,-0.5125861506084785
SMCI,XLU,0.023299305071559077,-0.4899345695288502,-0.5132338746004093
STLD,XLV,0.19878295518163863,-0.3148258400620922,-0.5136087952437308
PLTR,XLV,0.04992819486816808,-0.4637513321802482,-0.5136795270484164
FANG,MSFT,0.044054655641241364,-0.4698153706630851,-0.5138700263043264
MMM,STM,0.17058560661482708,-0.3440646136042951,-0.5146502202191221
VZ,WM,0.05764859701201346,-0.45731818346611386,-0.5149667804781273
MSFT,SPLV,0.32174115934491015,-0.193651795390565,-0.5153929547354752
KHC,SPCX,0.17518717230355088,-0.3402097861862486,-0.5153969584897995
BKSY,CFG,0.2219271982539988,-0.2936123501771477,-0.5155395484311465
WM,XLV,0.21779734393159664,-0.2977738968614616,-0.5155712407930583
BMY,SCHD,0.34404175332263076,-0.17160713115668538,-0.5156488844793161
ASTS,DOW,0.03332133549809384,-0.4825989899427825,-0.5159203254408763
AMAT,NKE,0.14976071808473557,-0.36669394711644077,-0.5164546652011763
CPB,SMG,0.10240380430610899,-0.414710471266178,-0.517114275572287
HPQ,SMG,0.11493232829309352,-0.40268675536032683,-0.5176190836534204
HMC,KMB,0.0826365427428236,-0.43514170511766975,-0.5177782478604933
MKC,MU,0.064994375628946,-0.4534471278411287,-0.5184415034700747
ARKK,DVN,0.1211172812633274,-0.3980723005339463,-0.5191895817972737
BX,GIS,0.04738246866073767,-0.47197611058518585,-0.5193585792459235
CAG,SMCI,-0.017984218297098974,-0.5374586496668665,-0.5194744313697676
BA,STM,0.17373825663889794,-0.3461225006486,-0.5198607572874979
BEN,PLD,0.24291553440888652,-0.27718703036765885,-0.5201025647765454
HPQ,TGT,0.17583015981363165,-0.34431645343830236,-0.520146613251934
BEN,JNJ,0.13371355500178475,-0.3866893550211709,-0.5204029100229557
MKC,VNQ,0.3047809694171596,-0.21571934607750884,-0.5205003154946685
CAT,CF,0.26321675821271334,-0.2576926935794262,-0.5209094517921395
CF,DE,0.2954046208944413,-0.22584929429945724,-0.5212539151938985
MCD,STM,0.1519497688037656,-0.36930702404407184,-0.5212567928478374
CSCO,XLP,0.18990211547995703,-0.3315168007769129,-0.52141891625687
CPB,TGT,0.13570901239142852,-0.38624008587437775,-0.5219490982658063
MSFT,SPCX,0.015491406895494345,-0.5067607545887077,-0.5222521614842021
AFL,GIS,0.1458746376038479,-0.3763959224202006,-0.5222705600240485
LXU,MO,0.03291082565349238,-0.4896915040331192,-0.5226023296866116
DOW,TSLA,0.06279766532540502,-0.4598055071079706,-0.5226031724333756
DVN,VAL,0.5454070709489538,0.02171718664655592,-0.5236898843023978
CTVA,XLE,0.2904425692961323,-0.23333276181937798,-0.5237753311155103
ASIX,NVDA,0.10617792878638739,-0.4179824420044129,-0.5241603707908004
SEDG,SMCI,0.13660075572848596,-0.3878950850372831,-0.524495840765769
CFG,LXU,0.20149423802104974,-0.32325189961118556,-0.5247461376322353
AEP,DVN,0.037518365660874305,-0.48741439735841446,-0.5249327630192888
PYPL,STM,0.23997806883929507,-0.2852919563040621,-0.5252700251433572
STLD,XLE,0.3633006862018066,-0.16199873815798946,-0.525299424359796
IRDM,NEE,0.058944041684302666,-0.4663608354906353,-0.5253048771749379
ENPH,QQQ,0.2495235174660387,-0.2761434289918863,-0.525666946457925
COST,STM,0.16168928822794432,-0.3643402279747341,-0.5260295162026785
BLK,MSFT,0.22392269637856277,-0.30212198352144937,-0.5260446799000121
BEN,REGN,0.11807354629539668,-0.4080371739053036,-0.5261107202007003
SEDG,XLF,0.12118671545753514,-0.40526815042545844,-0.5264548658829936
CPB,FITB,0.1148570490000445,-0.4119897194427433,-0.5268467684427878
RTX,STM,0.18159389778145948,-0.3453767842312842,-0.5269706820127437
ASIX,CL,-0.0003352718096563717,-0.5279742963465798,-0.5276390245369234
JPM,XLE,0.26856043863672735,-0.25933314621157194,-0.5278935848482993
TDG,XLE,0.1835315484452958,-0.3445853604405264,-0.5281169088858222
BEN,GD,0.13198205455572587,-0.39618293508150115,-0.528164989637227
MKC,SPLV,0.5076286431718243,-0.021114973222102422,-0.5287436163939268
NTR,XLE,0.4409156900323892,-0.08798397861171568,-0.5288996686441049
BEN,TTMI,0.23089394022339166,-0.29850638378748406,-0.5294003240108758
LRCX,XLP,0.10044992163831416,-0.4290414135974981,-0.5294913352358123
BAYRY,HMC,0.2369364389950895,-0.29338473938749315,-0.5303211783825826
INTC,KHC,0.043912036551879544,-0.4867326968922448,-0.5306447334441243
REGN,XLP,0.145430093345927,-0.3853275554924644,-0.5307576488383914
FANG,XLP,0.03231270839298896,-0.49880748965422234,-0.5311201980472113
DE,STM,0.17803377743563617,-0.353418766262732,-0.5314525436983681
XLP,XOM,0.2354449127668535,-0.2963235945820711,-0.5317685073489246
REGN,STM,0.14413499962860662,-0.3879833716377043,-0.5321183712663109
BAC,CRWD,0.04170497793570282,-0.49093625529422535,-0.5326412332299282
GIS,MO,0.2202890128004333,-0.3124063310467683,-0.5326953438472016
MO,XLP,0.42058431057183177,-0.11212427740764337,-0.5327085879794752
BEN,MCD,0.12940834348180377,-0.40357130040773703,-0.5329796438895408
GIS,NTR,0.02071679345316406,-0.5130598911652436,-0.5337766846184077
HMC,ORCL,0.1063725915518614,-0.427551001017199,-0.5339235925690604
INTC,IRDM,0.16028494707481286,-0.3749574253097432,-0.5352423723845561
ICL,TSLA,0.06102473504325269,-0.4743831489597643,-0.535407884003017
MSFT,PM,0.12512165568226893,-0.4103055696434377,-0.5354272253257066
KMB,XLV,0.26001815733430467,-0.27541613904288625,-0.535434296377191
ABBV,BAC,0.13739169776283017,-0.3981205081765849,-0.5355122059394151
CW,STM,0.19211080472474418,-0.34375489785738633,-0.5358657025821305
MU,XLP,0.0471589008992976,-0.48941281674434983,-0.5365717176436474
MU,NKE,0.10835761069081996,-0.4282794784089876,-0.5366370890998076
DUK,DVN,0.059885579831194725,-0.47792892413929156,-0.5378145039704862
FMC,TDW,0.11751687067244418,-0.4205965932400745,-0.5381134639125187
BEN,LLY,0.10852386763426583,-0.4297073530644107,-0.5382312206986766
HPQ,MO,0.17104156673743223,-0.3672984817873959,-0.5383400485248281
IVZ,PFE,0.1352698310333914,-0.4031398324937073,-0.5384096635270987
STLD,VZ,0.07407529205650815,-0.46453642402245937,-0.5386117160789675
MPC,STM,0.15604280842678886,-0.3830364417790071,-0.539079250205796
CPB,KO,0.2772958958012343,-0.2620056880279967,-0.539301583829231
DD,XLP,0.2219550398382024,-0.3173748782588158,-0.5393299180970181
NEE,SEDG,0.208527474485475,-0.330829880745144,-0.539357355230619
CAG,SMG,0.09910645010261057,-0.4404468964036582,-0.5395533465062687
DVN,JNJ,0.03095616731123885,-0.5088847597327987,-0.5398409270440375
BAC,QQQ,0.2850046674974352,-0.25483763273122534,-0.5398423002286605
BEN,RTX,0.1925758018914194,-0.34755850928196763,-0.5401343111733871
ICL,VAL,0.20632344633820263,-0.33389272196479813,-0.5402161683030008
CPB,TDW,0.026693417863467444,-0.5139847420544915,-0.540678159917959
BLK,XLE,0.22056517013517854,-0.32023040048121915,-0.5407955706163977
DVN,MCD,0.02482632266375546,-0.5161182631953187,-0.5409445858590742
BEN,DE,0.15693045127057775,-0.38421636501498496,-0.5411468162855627
DD,XLV,0.27145808640576546,-0.26976827201584097,-0.5412263584216064
STM,XBI,0.28927187984797686,-0.252266417723485,-0.5415382975714619
GD,STM,0.15988042424856272,-0.3821809761390438,-0.5420614003876065
ORCL,XLV,0.2735827177672987,-0.2688224892176139,-0.5424052069849126
TDW,XLU,0.04309200552082446,-0.4994766815862465,-0.542568687107071
SCHD,SPCX,0.1711167274287542,-0.371853231551319,-0.5429699589800732
BX,XLP,0.2359002430940045,-0.3071951832903325,-0.543095426384337
DVN,SYF,0.2659204098071428,-0.27755949920065903,-0.5434799090078019
DVN,LLY,0.015397967800349924,-0.5280953094141854,-0.5434932772145353
CVX,XLV,0.19409636424356833,-0.34981974648269004,-0.5439161107262583
BEN,CW,0.14345952009933982,-0.4011504839315284,-0.5446100040308682
CRWD,XLP,-0.05912118625265329,-0.6039449666585341,-0.5448237804058809
BEN,JPM,0.24248329406663224,-0.3023502309354518,-0.544833525002084
INTC,MKC,0.09722530661464818,-0.4480080719839749,-0.5452333785986231
CW,XLE,0.24887942523017056,-0.2973523550794943,-0.5462317803096649
COST,DVN,0.01932986231296556,-0.5270532423499006,-0.5463831046628661
MTSI,NKE,0.1173916285272515,-0.4291458574984046,-0.5465374860256561
BEN,IYR,0.34926886938265994,-0.19732190543248568,-0.5465907748151456
ABBV,MSFT,0.1403118345689642,-0.4065618387532086,-0.5468736733221728
AMAT,STM,0.48668149534464145,-0.06019370619296053,-0.5468752015376019
DD,DVN,0.15363462009202092,-0.3934049241901805,-0.5470395442822015
NKE,TTMI,0.1273355771667438,-0.42036564621921063,-0.5477012233859544
NKE,PSX,0.14256055022925063,-0.4053039581165596,-0.5478645083458102
CAG,FITB,0.11918698862239681,-0.42888440592813304,-0.5480713945505299
HII,MSFT,0.1087546552123843,-0.4394061409945394,-0.5481607962069237
CFG,IRDM,0.17683233058230344,-0.37164426736185263,-0.548476597944156
SYF,VZ,0.0787913520339847,-0.4697895837720328,-0.5485809358060175
CPB,D,0.1842500622204607,-0.36436377683300014,-0.5486138390534608
GD,XLE,0.24206454738072838,-0.306840006364974,-0.5489045537457024
CSCO,XLV,0.31826756969117814,-0.23106637440514202,-0.5493339440963202
FITB,XLU,0.1406901583535657,-0.40867026717226257,-0.5493604255258282
MKC,SPCX,-0.006783943547302428,-0.5568263991436508,-0.5500424555963485
HMC,WM,0.05446204208573336,-0.49582699635974486,-0.5502890384454783
DVN,HON,0.1003811156088914,-0.45074138015678533,-0.5511224957656767
CRWD,STM,0.18724722360954318,-0.36394985196521573,-0.5511970755747589
RKLB,XLE,0.03381562656265659,-0.5173899823137905,-0.5512056088764471
FMC,SMG,0.174563582341701,-0.3773190114143075,-0.5518825937560086
GIS,UAN,0.02266767129322712,-0.5295398402224206,-0.5522075115156477
MSFT,MU,0.2603599019002278,-0.29238185358063795,-0.5527417554808658
IPI,SO,0.002077387120513831,-0.5517485587398678,-0.5538259458603817
AMD,LXU,0.041585361546320844,-0.5130585836488567,-0.5546439451951776
CFG,DOW,0.397822984113007,-0.1569273942650937,-0.5547503783781007
KHC,SHEL,0.07043112685768275,-0.48435314934287343,-0.5547842762005561
MTSI,XLP,0.022930646027518674,-0.53217972059972,-0.5551103666272387
MPC,MSFT,0.12339883066969752,-0.43187513505964653,-0.5552739657293441
IPI,SYF,0.18714738406553144,-0.36839713996265894,-0.5555445240281904
INTC,XLU,0.12009712381981545,-0.4360322635213442,-0.5561293873411597
IYR,XLV,0.3826401996645897,-0.17357910922306638,-0.556219308887656
C,GIS,0.16279919937245904,-0.3941556336416019,-0.5569548330140609
ICL,NEE,0.04521849009463305,-0.5124688064120179,-0.5576872965066509
DVN,HEI,0.06318287229646462,-0.49463192351169594,-0.5578147958081605
CL,SEDG,0.005315390346635237,-0.5525424702189536,-0.5578578605655888
DVY,MOS,0.3633612272017391,-0.19454896171113922,-0.5579101889128784
ARKK,VZ,-0.011129924829898842,-0.5693692810915674,-0.5582393562616685
RTX,XLE,0.30112207437206495,-0.25718569062763924,-0.5583077649997041
DUK,XLV,0.20845136144724924,-0.34991152024217,-0.5583628816894193
NKE,XBI,0.20922808225731057,-0.3503710503748415,-0.5595991326321521
DVN,GOOGL,0.08110072789552239,-0.4785481594116552,-0.5596488873071775
LXU,VAL,0.29390235115242264,-0.26621404584545877,-0.5601163969978814
HMC,NUE,0.13093400745185282,-0.4291940359593528,-0.5601280434112056
INTC,NKE,0.16331314066012276,-0.39702206274236124,-0.560335203402484
WM,XLP,0.23821632468687728,-0.3228200140754019,-0.5610363387622792
BA,HMC,0.1388192638023639,-0.4224583213510399,-0.5612775851534038
CSCO,HMC,0.1324365744075035,-0.42906078159969174,-0.5614973560071952
CF,RKLB,0.020218911389686428,-0.5415388514469271,-0.5617577628366136
AMAT,MSFT,0.3266240014805374,-0.236700378051378,-0.5633243795319154
MO,PFE,0.23172997496673495,-0.3316911729944424,-0.5634211479611774
NUE,VZ,0.14619930080806295,-0.4172697152057827,-0.5634690160138457
NUE,XLE,0.39905104123492185,-0.1645518203764997,-0.5636028616114216
BA,DVN,0.11815221083004289,-0.44551278770601915,-0.563664998536062
DVN,LMT,0.05076748619904026,-0.5145826245055295,-0.5653501107045698
GIS,ORCL,0.1078543458925656,-0.457645196179029,-0.5654995420715946
BAC,PLTR,0.1696906127474604,-0.3961680478074295,-0.5658586605548899
PFE,SCHW,0.15775207418849965,-0.40836444090533536,-0.566116515093835
NKE,USMV,0.355115137281544,-0.21104650854608417,-0.5661616458276282
LXU,SMG,0.07793669427669116,-0.48878883509882143,-0.5667255293755126
GIS,WM,0.08613147782216661,-0.48071198914515273,-0.5668434669673194
DVN,NOC,0.04730074810516659,-0.5201518460958222,-0.5674525942009888
CAG,TDW,0.04879906948883277,-0.5186947336025343,-0.567493803091367
DVN,VNQ,0.1366857109132955,-0.4308362489742611,-0.5675219598875566
DVN,JPM,0.09904900249236313,-0.4691023909609398,-0.5681513934533029
IRDM,XLF,0.2094846675204346,-0.35880533643671314,-0.5682900039571477
MKC,VYM,0.32723800898768285,-0.24118007194863214,-0.568418080936315
ASTS,SEDG,0.16823647720451607,-0.40077689002806033,-0.5690133672325763
MSFT,XBI,0.23051683653735902,-0.33850089710087783,-0.5690177336382368
DD,VZ,0.15826842368373953,-0.410906432321501,-0.5691748560052405
BA,GIS,0.12878529910058747,-0.440850947430598,-0.5696362465311855
LXU,TGT,0.050109227512746116,-0.5198037485391241,-0.5699129760518703
DVN,TRV,0.08012745801765993,-0.4897877330856768,-0.5699151911033368
CSCO,IPI,0.06664153647598214,-0.5037590163011941,-0.5704005527771763
LXU,TSLA,0.11070177924494626,-0.45997011382048264,-0.5706718930654289
INTC,PYPL,0.18001668181748856,-0.39074317179596263,-0.5707598536134512
INTC,PFE,0.16562293560429844,-0.40524553687815673,-0.5708684724824552
NTR,VZ,0.05927977439463743,-0.5119786444895287,-0.5712584188841661
DVN,IBM,0.0706891505510054,-0.5011535652690796,-0.5718427158200851
DG,XLV,0.21613889491880955,-0.35630445873164,-0.5724433536504496
DOW,HBAN,0.38752416607106394,-0.18522972503721064,-0.5727538911082746
SMG,XLU,0.14250527148909728,-0.43069146853705564,-0.573196740026153
HMC,SYF,0.2229837621528138,-0.35037032468920987,-0.5733540868420237
IBM,XLP,0.21440659516663493,-0.35910315353169536,-0.5735097486983303
KHC,XLF,0.14451538148205048,-0.4290063561808469,-0.5735217376628974
HII,MOS,0.21562870540302534,-0.3579187817726585,-0.5735474871756838
REGN,VZ,0.03157551067972205,-0.542122255659535,-0.5736977663392571
HMC,MRK,0.10166902126109355,-0.4724072944067689,-0.5740763156678624
HPQ,SPCX,0.19557497977624735,-0.3786830978717575,-0.5742580776480048
BAC,BLK,0.36122965861222395,-0.21357714688057636,-0.5748068054928003
GIS,VAL,-0.02631574248169587,-0.6016919462047784,-0.5753762037230825
IRDM,MO,0.06068578198388178,-0.514780340591704,-0.5754661225755857
FANG,MOS,0.29909306712160394,-0.27672322555928985,-0.5758162926808938
DVN,REGN,0.039158168171803065,-0.5368947184842329,-0.5760528866560359
BEN,CAT,0.18643010498215876,-0.3909737710986598,-0.5774038760808186
DVN,UNH,0.0677944312616394,-0.5102796110943765,-0.5780740423560159
DVN,NUE,0.18867537408156182,-0.389546175293928,-0.5782215493754899
CAG,KO,0.23611763683770787,-0.3424280388492196,-0.5785456756869274
HMC,VLO,0.08681819009517253,-0.4917983513505473,-0.5786165414457198
KHC,MCHP,0.07446153255502926,-0.5041978150713085,-0.5786593476263378
BKSY,NVDA,0.18875298861191095,-0.3899809791622119,-0.5787339677741229
IRDM,SHEL,0.13029194680578254,-0.4494353192132945,-0.5797272660190771
MOS,RKLB,0.10408383168370781,-0.4757310810333022,-0.57981491271701
DVN,MMM,0.09627758324218877,-0.48355539927477215,-0.5798329825169609
AMAT,XLP,0.12904146096815072,-0.451006558707569,-0.5800480196757197
IRDM,MCHP,0.18326875637474682,-0.3969137637870956,-0.5801825201618425
CAT,STM,0.23323489079995413,-0.3469982381402739,-0.580233128940228
LXU,SMCI,0.07137669246065383,-0.5091700456249065,-0.5805467380855603
IPI,LRCX,0.1346951972584173,-0.4462409845690543,-0.5809361818274716
BKSY,CL,-0.07044554628636991,-0.6517605349539092,-0.5813149886675393
JPM,STM,0.24963741536177161,-0.33171032387972316,-0.5813477392414947
MOS,VYM,0.37555315102212605,-0.2059831525497319,-0.5815363035718579
HMC,PG,0.11477797909464746,-0.46730173235177613,-0.5820797114464236
GOOGL,IPI,0.04573175632580163,-0.536435065672336,-0.5821668219981376
HPQ,SMCI,0.1821823270883239,-0.40039498360693676,-0.5825773106952606
HEI,XLP,0.17662977903540927,-0.40650566258774523,-0.5831354416231544
DVY,MKC,0.3352582280341895,-0.2480831245110499,-0.5833413525452393
HMC,XOM,0.12186129179150429,-0.4617650920645402,-0.5836263838560445
MSFT,PSX,0.10235839947929885,-0.48194222375525064,-0.5843006232345495
MSFT,TDG,0.19945639616416574,-0.38489004390428366,-0.5843464400684494
HEI,VZ,0.07225594211551921,-0.5122998335310593,-0.5845557756465786
BEN,STLD,0.2560035720147288,-0.329026662762386,-0.5850302347771148
IPI,SBUX,0.06335666127779645,-0.5217650154990963,-0.5851216767768928
BX,XLV,0.334747366605589,-0.2506427024441594,-0.5853900690497484
MRK,VZ,0.1934621918601493,-0.3924112271689879,-0.5858734190291373
ARKK,BEN,0.3252088626911235,-0.2607351975958428,-0.5859440602869663
HEI,XLV,0.2244990003327266,-0.3621026449125401,-0.5866016452452667
SO,XLV,0.21620151765873874,-0.37082709731096336,-0.5870286149697022
CAG,TGT,0.1496583854640582,-0.4378207662147842,-0.5874791516788425
DE,XLV,0.2223313451430271,-0.36520569768993827,-0.5875370428329654
SEDG,TTMI,0.10940327071192991,-0.4784477444871898,-0.5878510151991198
NKE,QQQ,0.25898936685684776,-0.32896064268562036,-0.5879500095424681
CAG,SPCX,0.13760399814369376,-0.4509738652457363,-0.5885778633894301
CVX,XLP,0.21191191296653936,-0.377447642059852,-0.5893595550263914
NOC,XLV,0.2384273323364579,-0.35171227733183197,-0.5901396096682898
CL,XLU,0.2909827838326634,-0.29932470853444104,-0.5903074923671044
BEN,COST,0.17398430965100692,-0.41634676559103995,-0.5903310752420469
CF,MPC,0.2811640822201446,-0.3091881639395311,-0.5903522461596757
IPI,PLD,0.0982327342936829,-0.4921509198698851,-0.590383654163568
MOS,MPC,0.2968777206845876,-0.2935731963216783,-0.590450917006266
NVDA,SCHD,0.19608613209642684,-0.3951336021434533,-0.5912197342398802
CFG,ICL,0.2228267524222764,-0.3685563752510129,-0.5913831276732893
BEN,SYF,0.4279525633114879,-0.16413208109017027,-0.5920846444016582
PLD,XLV,0.3108124059688776,-0.28149055061004896,-0.5923029565789266
CAG,D,0.16006727500857726,-0.43266140717215046,-0.5927286821807277
CW,VZ,0.07272973390208662,-0.5200202722915929,-0.5927500061936795
CF,FANG,0.2875239779818714,-0.3052830264849009,-0.5928070044667724
BKSY,SHEL,0.02963550225739458,-0.5632088356236413,-0.5928443378810359
DVY,NKE,0.3365409166697427,-0.25662291713110547,-0.5931638338008481
BA,VZ,0.1297971934312151,-0.4640711516552192,-0.5938683450864344
UNH,VZ,0.07571698101962684,-0.518211680992897,-0.5939286620125239
PLD,VZ,0.17176427172763217,-0.42221783471495067,-0.5939821064425829
DE,XLE,0.3095022788388205,-0.2848838572000085,-0.594386136038829
LMT,XLV,0.21606613315354728,-0.3785854843054219,-0.5946516174589691
MKC,VAL,-0.022112906165696243,-0.6168399497817185,-0.5947270436160222
ARKK,CPB,-0.09741236637305743,-0.6922813192836861,-0.5948689529106287
NKE,RKLB,0.08326455122343064,-0.5122409128609992,-0.5955054640844298
AMD,PFE,0.10191375700925948,-0.49363466628923214,-0.5955484232984916
HON,VZ,0.1712931404971604,-0.4256194188021377,-0.5969125592992981
BAC,SYF,0.5544859264396298,-0.04368798532279244,-0.5981739117624222
HPQ,INTC,0.3412513468957054,-0.2571114181477891,-0.5983627650434945
DVN,GD,0.092370713093093,-0.5065804581464067,-0.5989511712394997
ASIX,NEE,0.0320245297544125,-0.5673328389797406,-0.5993573687341531
DG,STM,0.07893105970128564,-0.5204435919777395,-0.5993746516790251
HMC,UNH,0.07836033665796453,-0.5211498481257029,-0.5995101847836674
GIS,NUE,0.10855793959897472,-0.4909790241690897,-0.5995369637680644
DVN,RTX,0.13545463608573347,-0.4644927638763502,-0.5999473999620837
FMC,MO,0.12411446196512667,-0.475907040174464,-0.6000215021395907
IRDM,TDW,0.10673072229147024,-0.49355099651599615,-0.6002817188074664
DE,XLP,0.20688172001818458,-0.3935872725962662,-0.6004689926144507
C,IPI,0.21410266078918003,-0.38690250266957343,-0.6010051634587534
HII,STM,0.1206776798449676,-0.4807446880245531,-0.6014223678695207
IRDM,TSLA,0.12478671760112306,-0.4767601679430661,-0.6015468855441891
MSFT,VAL,0.03072892264757838,-0.572095040528627,-0.6028239631762055
ALL,XLV,0.2793745818729542,-0.32346346764455636,-0.6028380495175105
CVX,VZ,0.16504242719769177,-0.43825532139621093,-0.6032977485939027
MKC,PM,0.2715666138903461,-0.3317607480297105,-0.6033273619200565
ARKK,HMC,0.2242518590920121,-0.3791201404312719,-0.603371999523284
CW,XLP,0.19125771308576842,-0.41248189986308126,-0.6037396129488497
D,SEDG,0.046361093045155226,-0.5573899149002454,-0.6037510079454006
PG,XLV,0.30404181071397296,-0.2999666628339489,-0.6040084735479219
ORCL,STM,0.30409563277065615,-0.30020656368167437,-0.6043021964523305
GOOGL,NKE,0.17331182847829602,-0.43123681017246557,-0.6045486386507616
ARKK,IPI,0.09624445577256374,-0.5086843556656236,-0.6049288114381874
AEP,XLV,0.24223600018979724,-0.36286315051562085,-0.6050991507054181
UAN,VZ,0.024490650983232064,-0.581287711204184,-0.6057783621874161
IBM,XLV,0.300112035936615,-0.3058305082807059,-0.605942544217321
HEI,HMC,0.08542934062973287,-0.5220471704384025,-0.6074765110681354
DVY,MSFT,0.2851894428531738,-0.32262518595081546,-0.6078146288039893
ENPH,PLTR,0.18357364656791098,-0.42435232605279016,-0.6079259726207011
CW,DVN,0.10874840069002781,-0.49929540111747345,-0.6080438018075013
AMD,GIS,0.05692223016044784,-0.5511355931209581,-0.6080578232814059
BAC,HII,0.21794899170801968,-0.3907141570341153,-0.608663148742135
MMM,XLV,0.2995049587270193,-0.30920296593599284,-0.6087079246630122
VAL,XLV,0.06478258579173768,-0.5442921957977925,-0.6090747815895302
GIS,VLO,0.07688813659884729,-0.5322837189002978,-0.6091718554991451
DUK,IPI,0.006975781318215988,-0.602570139824183,-0.6095459211423989
GIS,HEI,0.061281174743153574,-0.5486736482898006,-0.6099548230329541
NKE,VYM,0.3592645044482413,-0.2507325533399545,-0.6099970577881958
FMC,INTC,0.1111934622420621,-0.4989027732810073,-0.6100962355230694
IPI,IVZ,0.22187147015065348,-0.38831045351548593,-0.6101819236661394
CAT,XLP,0.1931792453495346,-0.41701083570244074,-0.6101900810519754
DOW,KO,0.08027183141763344,-0.5307878305291588,-0.6110596619467923
KHC,SMCI,0.00875535046983988,-0.6028039953638339,-0.6115593458336738
MOS,PSX,0.3026512983992204,-0.3092036464138998,-0.6118549448131202
KO,SEDG,0.0488566310764734,-0.5636109524913206,-0.6124675835677941
DG,DVN,-0.0051607720787320436,-0.6178658809431432,-0.6127051088644112
KHC,TDW,0.01161826668076425,-0.6012187696198428,-0.612837036300607
ASTS,BEN,0.13241716388009664,-0.48050303251301535,-0.612920196393112
LRCX,XLV,0.24187428364603966,-0.37133510992985785,-0.6132093935758975
ALL,DVN,0.11049354960923752,-0.5027871588285907,-0.6132807084378282
BEN,UAN,0.12552209563399638,-0.4878164483481102,-0.6133385439821066
DVN,SPLV,0.13835606928687788,-0.47509396632764983,-0.6134500356145277
HMC,NOC,0.08764098454215595,-0.5259686700061695,-0.6136096545483255
DVN,PM,0.06219239416752644,-0.5515990609016624,-0.6137914550691889
STM,TDG,0.19185338616675873,-0.4219553588033965,-0.6138087449701553
VZ,XOM,0.19733508621512458,-0.41652868486477024,-0.6138637710798949
UNH,XLP,0.21791032832355192,-0.3960073011840572,-0.6139176295076091
IPI,MRK,0.03603293713717726,-0.5783885275142363,-0.6144214646514136
BLK,STM,0.2268554768342333,-0.38805027571730044,-0.6149057525515338
CL,IRDM,0.05645759656720336,-0.5585029622291524,-0.6149605587963558
GIS,XOM,0.15518913452918703,-0.4600928439466393,-0.6152819784758263
ICL,SMCI,0.06187698128331847,-0.5539289660188931,-0.6158059473022115
RTX,XLV,0.31097755066688587,-0.30486618601928483,-0.6158437366861707
MPC,XLP,0.12062961849077108,-0.49601843374771915,-0.6166480522384903
BAC,NTR,0.2860435201344909,-0.3308928668453712,-0.6169363869798621
DD,HMC,0.16175970409474416,-0.4552606762732565,-0.6170203803680007
KMB,VZ,0.20765283376055524,-0.4093847896745086,-0.6170376234350639
NOC,XLP,0.23553583000264816,-0.38155687897081314,-0.6170927089734612
GIS,RKLB,-0.14548826955432057,-0.762760946861985,-0.6172726773076644
SPCX,XLV,0.04676314963635488,-0.5706032590228056,-0.6173664086591605
MU,XLV,0.18968854876642402,-0.427694205450209,-0.617382754216633
BAC,JPM,0.5244940200265004,-0.09304157842968148,-0.6175355984561819
PFE,SBUX,0.09441716541571488,-0.5232020496276536,-0.6176192150433685
XBI,XLP,0.19309581093246841,-0.42526709713127625,-0.6183629080637447
MKC,USMV,0.4382414721144178,-0.18032476710993525,-0.618566239224353
CB,DVN,0.10731282907627399,-0.5123171397502714,-0.6196299688265454
TRV,XLV,0.28666567131811344,-0.33321266548842743,-0.6198783368065408
HMC,IBM,0.12948378642883127,-0.49045885445660187,-0.6199426408854332
BKSY,NEE,0.10807810706827431,-0.5128008976976319,-0.6208790047659063
LMT,XLP,0.21969671138404887,-0.401383445857387,-0.6210801572414358
IPI,KMB,-0.007968020905389743,-0.6290903696825276,-0.6211223487771379
GOOGL,XLP,0.16880696373525678,-0.4524958842389275,-0.6213028479741842
ICL,SHEL,0.15460061166593383,-0.467003374297487,-0.6216039859634208
PLTR,XLE,0.061732129573514934,-0.5598950720534158,-0.6216272016269307
CAG,INTC,0.08300560782739924,-0.5386651610429843,-0.6216707688703835
ASIX,INTC,0.1277177181663015,-0.4944388437380524,-0.6221565619043539
CB,VZ,0.1089214013025652,-0.5137770614179326,-0.6226984627204978
NKE,VUG,0.3580495297903809,-0.26478651104819134,-0.6228360408385722
GIS,IBM,0.1425695642084098,-0.4804893700405988,-0.6230589342490086
DOW,MCHP,0.33275141647104606,-0.29053959065439877,-0.6232910071254448
CAT,XLV,0.2505943725984484,-0.3727877116039943,-0.6233820842024427
ASIX,TSLA,0.1039363816669657,-0.5195936471343086,-0.6235300288012743
DOW,SMCI,0.06756751827402596,-0.556459137176374,-0.6240266554503999
GIS,MTSI,-0.07122435425482788,-0.6952516337461971,-0.6240272794913693
DUK,HMC,0.08139666947980652,-0.5433790175737876,-0.6247756870535941
CVX,HMC,0.10511041806959667,-0.5202055580782866,-0.6253159761478833
AMAT,IPI,0.1393326535497267,-0.4860222165515188,-0.6253548701012455
ASIX,HBAN,0.34228531856757677,-0.2832650981524055,-0.6255504167199823
IRDM,SMCI,0.09464422844295409,-0.531467897415792,-0.6261121258587461
BEN,CB,0.21781380189153432,-0.40905785341830125,-0.6268716553098356
BAYRY,BKSY,0.05678958541239347,-0.5702106649978617,-0.6270002504102551
PFE,VIG,0.3207914039115197,-0.30622361939370685,-0.6270150233052265
ASTS,BKSY,0.26494932431979024,-0.36235594151156464,-0.6273052658313549
ICL,MCHP,0.12214608300594423,-0.5058014332907472,-0.6279475162966914
AEP,IPI,0.017148442215764514,-0.6111409258148802,-0.6282893680306447
HMC,IYR,0.2145626593799375,-0.4141618468495623,-0.6287245062294998
HMC,LMT,0.07350892880257671,-0.5552364731980753,-0.6287454020006521
HMC,REGN,0.08066773768793199,-0.5481115320124288,-0.6287792697003608
IPI,IYR,0.1273435391076816,-0.5016257035769058,-0.6289692426845874
CW,GIS,0.06341887155748477,-0.5666261595450497,-0.6300450311025345
PLD,XLP,0.3218628912652071,-0.3082082054186957,-0.6300710966839028
GIS,REGN,0.09468517466167566,-0.5354687082698123,-0.630153882931488
CPB,IVZ,0.067544744709353,-0.5627709336187254,-0.6303156783280784
IPI,XBI,0.10154020782232663,-0.5288949693860681,-0.6304351772083947
BAC,SPCX,0.14547633836725862,-0.4869907531473237,-0.6324670915145824
CF,NTR,0.6105118129376205,-0.022226709889299583,-0.63273852282692
CPB,INTC,0.10470378327844279,-0.5281164583315564,-0.6328202416099992
ICL,INTC,0.10684297687853048,-0.5267978420049184,-0.6336408188834489
JPM,XLP,0.2741094129103022,-0.3598024963531866,-0.6339119092634888
ALL,BEN,0.27159311208966513,-0.3626531819899022,-0.6342462940795673
FANG,XLV,0.13471771603933172,-0.5003666907330246,-0.6350844067723563
CB,XLV,0.2773133796300446,-0.3580518251787732,-0.6353652048088179
LMT,VZ,0.1221678722522936,-0.51426922241328,-0.6364370946655736
IPI,PEP,0.01559928175771929,-0.6208875060968019,-0.6364867878545212
DVN,UAN,0.2345487338936544,-0.4020700948584292,-0.6366188287520836
GIS,SPCX,0.05608081704910033,-0.5805736166456472,-0.6366544336947475
IBM,VZ,0.13639452066594865,-0.5007153109269827,-0.6371098315929313
BEN,VAL,0.23748894325701528,-0.3996217312621514,-0.6371106745191667
ABBV,XLE,0.17441228270125386,-0.46298461773311533,-0.6373969004343691
HMC,HON,0.14079392186552064,-0.4966393273766627,-0.6374332492421834
HMC,LRCX,0.11289910932840222,-0.525034560376754,-0.6379336697051562
SPCX,T,0.03860636245798047,-0.5999309344072288,-0.6385372968652092
ARKK,KHC,-0.03454866965271377,-0.6737151973105027,-0.6391665276577889
BKSY,KO,-0.03003924236941483,-0.6694924753375555,-0.6394532329681407
DE,DVN,0.15067725883633581,-0.4893066302158093,-0.6399838890521451
CF,SPCX,0.022846220389082433,-0.6172121344769214,-0.6400583548660038
GIS,STLD,0.03919409605438174,-0.6011765474414031,-0.6403706434957849
NKE,SPCX,0.11146874373584269,-0.5295516748857146,-0.6410204186215573
BLK,XLP,0.23506592521141348,-0.40692489746352856,-0.641990822674942
SEDG,SMG,0.21281455390330806,-0.42943908231316086,-0.6422536362164689
ABBV,STM,0.1118035041617405,-0.530736847786921,-0.6425403519486614
FITB,SEDG,0.10391932830080666,-0.5388452834172376,-0.6427646117180442
AMD,XLU,0.06520993477714913,-0.577616486402897,-0.6428264211800461
HMC,TRV,0.13733132239702112,-0.5060748376271222,-0.6434061600241434
GOOGL,VZ,0.06818270547594095,-0.5758463983168166,-0.6440291037927576
AMD,HPQ,0.2735910062327468,-0.37055161587921265,-0.6441426221119595
ASTS,PFE,-0.015203570559596624,-0.6593946571370527,-0.644191086577456
BAC,MTSI,0.1496977049838779,-0.4948422634246288,-0.6445399684085067
AMAT,XLV,0.25658977372481595,-0.38819257568357873,-0.6447823494083946
DE,VZ,0.14043106671025343,-0.5044061796110154,-0.6448372463212688
SCHD,VAL,0.33499515483398173,-0.30989091196579666,-0.6448860667997784
CW,HMC,0.09159917840695464,-0.5534910368790833,-0.6450902152860379
DG,GIS,0.16913434630670499,-0.47621551013044416,-0.6453498564371491
IPI,PG,0.0030460048385264494,-0.6424910048881328,-0.6455370097266593
HMC,MMM,0.16451740752870966,-0.48105049507461267,-0.6455679026033223
GIS,TTMI,0.005716903584718608,-0.6399693345452176,-0.6456862381299363
PYPL,VAL,0.13319459513762827,-0.512576878132529,-0.6457714732701572
ALL,XLP,0.28504149344980795,-0.3618791087846796,-0.6469206022344876
IPI,MU,0.1516768524638887,-0.4953782242542183,-0.647055076718107
ASTS,CPB,-0.05793578764979889,-0.7054265921714775,-0.6474908045216786
VZ,XBI,0.08728411645488415,-0.560283315863195,-0.6475674323180791
COST,HMC,0.07899903221004234,-0.568690788683857,-0.6476898208938994
FANG,GIS,-0.006614141702235047,-0.6544322229635525,-0.6478180812613175
BEN,VNQ,0.3643957868975424,-0.28353551216228207,-0.6479312990598245
DD,GIS,0.14779829219494126,-0.5002177733698594,-0.6480160655648006
BAC,USMV,0.3292236149296861,-0.3189399907773318,-0.6481636057070179
BKSY,RF,0.19963165739296618,-0.44870569259660675,-0.6483373499895729
IYR,VZ,0.2636493651034522,-0.3852812198109374,-0.6489305849143896
RTX,XLP,0.29694649623297437,-0.3520032928132612,-0.6489497890462356
GIS,NOC,0.1433127845445221,-0.5059081934004453,-0.6492209779449675
MMM,XLP,0.29804017604740257,-0.3512667093749904,-0.6493068854223929
ARKK,CAG,-0.05543420223250729,-0.7047420156386285,-0.6493078134061212
FITB,ICL,0.12538241212535334,-0.5245489851953818,-0.6499313973207352
CF,PSX,0.2932308443362495,-0.35670193033034286,-0.6499327746665924
HMC,SO,0.08442862692131725,-0.5655703841840534,-0.6499990111053706
NTR,SEDG,0.1715295367902605,-0.47861882556583907,-0.6501483623560995
IYR,XLP,0.44463614870490137,-0.2061444919835724,-0.6507806406884737
KHC,SYF,0.05769270640110764,-0.5934486084568307,-0.6511413148579384
AMD,DOW,0.09840522001543599,-0.552867543621351,-0.651272763636787
GOOGL,XLV,0.23991906421320536,-0.4115431857199994,-0.6514622499332048
MTSI,STM,0.32504190540885997,-0.3267231460759573,-0.6517650514848172
AMD,KHC,-0.019058674522101693,-0.6711359956256187,-0.6520773211035169
HMC,JPM,0.16601882525392467,-0.486152637255457,-0.6521714625093816
D,ICL,0.029321558930172676,-0.622939310928608,-0.6522608698587806
GIS,INTC,0.1168416100500023,-0.5359925238964083,-0.6528341339464105
SEDG,UAN,0.061966858725175336,-0.5911383964028583,-0.6531052551280336
PEP,XLV,0.2862244581483751,-0.3669977890951634,-0.6532222472435385
DVN,VUG,0.22107602370272364,-0.43220415067461676,-0.6532801743773404
FMC,SCHW,0.14194780210983268,-0.5113903148921699,-0.6533381170020026
AMAT,HMC,0.13350370737702313,-0.5198802416934246,-0.6533839490704477
MSFT,PLTR,0.31749751976764984,-0.33591009099575514,-0.653407610763405
MRK,XLV,0.4238456670081919,-0.23013808495389862,-0.6539837519620905
SEDG,VIG,0.2137934185168421,-0.4405294152352215,-0.6543228337520636
CAT,VZ,0.13157956358310113,-0.5228692385266203,-0.6544488021097215
IPI,VNQ,0.11529257320229189,-0.5393213870750155,-0.6546139602773074
COST,VZ,0.13032234794432684,-0.5243453675441255,-0.6546677154884524
HMC,PEP,0.11353669813628259,-0.5411966571778225,-0.654733355314105
GD,HMC,0.1145935942460644,-0.5402680030977486,-0.654861597343813
GD,XLP,0.26392195912007677,-0.3912054642272936,-0.6551274233473703
AMD,BKSY,0.26953371927486575,-0.38565010258896315,-0.6551838218638288
IPI,JNJ,0.02083678529077337,-0.6346284126132016,-0.655465197903975
AEP,HMC,0.10499184587305546,-0.5507688549342907,-0.6557607008073462
HMC,RTX,0.1555860662100961,-0.5002741821446853,-0.6558602483547814
CPB,SCHW,0.09424763740982792,-0.561614086590419,-0.6558617240002469
SEDG,SO,0.01165761477236123,-0.6446367125619292,-0.6562943273342905
REGN,XLV,0.33267260263522985,-0.3240248162768581,-0.656697418912088
HMC,JNJ,0.12091409812013762,-0.5362347356113648,-0.6571488337315025
NOC,VZ,0.1389404911395565,-0.5183119171393781,-0.6572524082789346
HON,XLP,0.2965190906058803,-0.3611281705938808,-0.657647261199761
KHC,NEE,0.14382611757121203,-0.513909337448452,-0.657735455019664
IBM,STM,0.27306542282681584,-0.3862745428054525,-0.6593399656322683
CPB,SPCX,0.16275640961700644,-0.4973339497942024,-0.6600903594112089
ASIX,ASTS,-0.004105458746219989,-0.6642622803076254,-0.6601568215614053
AMD,FMC,0.0996040535567196,-0.5606207442887359,-0.6602247978454555
GD,XLV,0.3021192469739337,-0.358347301849712,-0.6604665488236456
GIS,UNH,0.12936800618606004,-0.5312078794152076,-0.6605758856012677
RKLB,XLP,-0.006447088142811979,-0.667340994311072,-0.6608939061682599
BLK,GIS,0.09042950809940364,-0.5707613346642244,-0.661190842763628
GD,VZ,0.14215311565033376,-0.5194519041997687,-0.6616050198501024
SPCX,XLP,0.030295737875204926,-0.6313835319008919,-0.6616792697760968
BX,STM,0.2959633583381672,-0.36633961256367836,-0.6623029709018455
MTSI,VZ,-0.030867727335792045,-0.6933610933267438,-0.6624933659909518
GIS,KMB,0.26438858452271713,-0.3981758442659374,-0.6625644287886545
DG,XLP,0.29252914188177886,-0.37195060057528506,-0.6644797424570639
AMD,CPB,0.03364573106643981,-0.6309125705204761,-0.6645583015869159
SCHD,TSLA,0.17286324869142605,-0.4917546193753417,-0.6646178680667678
TGT,XLU,0.1430304926519105,-0.5217765201770495,-0.6648070128289599
HII,XLE,0.2458897029110156,-0.41895709673917025,-0.6648467996501859
IPI,LLY,0.01878870988929547,-0.6462058046566159,-0.6649945145459114
ASTS,CAG,-0.055739383773488214,-0.7208808848621057,-0.6651415010886175
MMM,VZ,0.19255389714939697,-0.4726790483173352,-0.6652329454667322
HII,XLP,0.1910692050740666,-0.47440817195026586,-0.6654773770243325
FITB,IRDM,0.1718590943735707,-0.4939034742729889,-0.6657625686465596
HON,XLV,0.3344392806558941,-0.33183157456547335,-0.6662708552213674
BX,DVN,0.20783817020532083,-0.4585053692446894,-0.6663435394500102
BAYRY,PFE,0.16381147067945184,-0.5027685174605346,-0.6665799881399865
DVN,XBI,0.19059777386871288,-0.47656029154920254,-0.6671580654179154
CTVA,VZ,0.0805225007168558,-0.5867049788097067,-0.6672274795265625
BEN,DG,0.13950614032224817,-0.5279308351393784,-0.6674369754616266
COST,IPI,0.024062344485441943,-0.6437514725535272,-0.6678138170389691
CW,XLV,0.2898948230430877,-0.3781080609678309,-0.6680028840109187
DE,HMC,0.13079359728836723,-0.5379383335927223,-0.6687319308810895
IPI,VUG,0.14073571024583187,-0.5281058741162593,-0.6688415843620912
DVN,VLO,0.2779071969342361,-0.39117812962278753,-0.6690853265570236
IPI,WM,0.0456413037600567,-0.6239809576064942,-0.6696222613665509
CRWD,VZ,-0.0946969579844569,-0.7648638925294815,-0.6701669345450246
MRK,XLP,0.3970252428022266,-0.2733133569647752,-0.6703385997670018
HMC,LLY,0.09829353818406975,-0.5721673318061707,-0.6704608699902405
DVN,STLD,0.27196322541294915,-0.3986815594019447,-0.6706447848148939
D,DOW,0.0658446710909947,-0.6048868255395593,-0.670731496630554
ALL,HMC,0.13406537366516358,-0.536853668553619,-0.6709190422187826
DVN,QQQ,0.1263297712078978,-0.5446792842933195,-0.6710090555012173
HMC,STLD,0.16791507627650357,-0.5030950955323,-0.6710101718088036
TDG,XLP,0.20903769779791306,-0.46197804029556405,-0.6710157380934771
ASIX,CFG,0.3558876958754346,-0.31514223774694666,-0.6710299336223813
CSCO,GIS,0.10848453726206053,-0.5629487727574022,-0.6714333100194627
GIS,JPM,0.16205808444547773,-0.5099194346698955,-0.6719775191153733
USMV,XLE,0.31522558730862243,-0.3570408177310114,-0.6722664050396339
NKE,VAL,0.08226914088660192,-0.590191390404433,-0.672460531291035
HMC,TTMI,0.17929963115573944,-0.49348446288755704,-0.6727840940432965
MCD,XLV,0.29125190615772395,-0.38166791065004346,-0.6729198168077675
HMC,MU,0.10176783005662071,-0.5712869115119363,-0.673054741568557
BKSY,NTR,0.11170027860290037,-0.5616873355568335,-0.6733876141597338
DE,GIS,0.13243434856045536,-0.5412684719468271,-0.6737028205072825
VNQ,XLV,0.4170495439960177,-0.2568900554271903,-0.673939599423208
IPI,PM,0.06889430331292692,-0.60580987188583,-0.6747041751987569
JPM,XLV,0.36406008963803804,-0.3106793197951171,-0.6747394094331551
GIS,O,0.20770028308107383,-0.4672154254468297,-0.6749157085279035
HMC,PLD,0.18616310063661254,-0.48886224291254193,-0.6750253435491544
DVN,MTSI,0.10242763376932522,-0.5726674360002328,-0.675095069769558
BEN,PM,0.18401569548387592,-0.4911502892837439,-0.6751659847676198
CPB,PLTR,-0.15158943152626742,-0.8268315853746662,-0.6752421538483988
ICL,MO,0.04942984836550121,-0.6261448774478957,-0.675574725813397
AMD,IRDM,0.1536826021237872,-0.5222337546077982,-0.6759163567315853
CAT,XLE,0.37275521159255554,-0.3036362071336594,-0.676391418726215
ALL,VZ,0.1670706044563097,-0.5093682934209828,-0.6764388978772925
SYF,XLU,0.021484850787357578,-0.6552992032523434,-0.676784054039701
ICL,SMG,0.0989685168589104,-0.5780738375528072,-0.6770423544117176
TDG,XLV,0.2478367607714453,-0.4292526772295899,-0.6770894380010352
CAT,DVN,0.17617994252803346,-0.5011991620877752,-0.6773791046158086
MPC,XLV,0.20892947194257103,-0.4686955368421297,-0.6776250087847008
CRWD,XLV,0.12648365561386574,-0.5511498768652215,-0.6776335324790873
BKSY,SMG,0.17551763855806932,-0.5022530034092485,-0.6777706419673178
HPQ,O,0.08293433873112546,-0.5952021976359273,-0.6781365363670527
AMD,CAG,0.043574529940715485,-0.6352413462378763,-0.6788158761785918
GD,GIS,0.1496526966401432,-0.5295503590319994,-0.6792030556721427
HPQ,IVZ,0.22046502333006848,-0.45897548560084817,-0.6794405089309167
AFL,IPI,0.16956092737344935,-0.509888342586844,-0.6794492699602934
GIS,XBI,0.04592861250016285,-0.6335466084726236,-0.6794752209727865
GIS,RTX,0.1790364533876941,-0.5007389077013853,-0.6797753610890794
PFE,SYF,0.07091466841577815,-0.609163311166557,-0.6800779795823351
ARKK,STM,0.38699410637605275,-0.29331000270740687,-0.6803041090834596
DUK,XLP,0.3129718992997585,-0.3677992270019835,-0.680771126301742
PEP,VZ,0.20782286287608567,-0.47350903042307213,-0.6813318932991578
LMT,SEDG,-0.04113159148566905,-0.7228472970571334,-0.6817157055714643
GIS,TDG,0.07620939391496688,-0.6055288019207211,-0.681738195835688
BX,VZ,0.11181275113453434,-0.5701321626642674,-0.6819449137988017
HMC,UAN,0.06539912494023956,-0.6167428942436205,-0.6821420191838601
BLK,VZ,0.11906502834823939,-0.5633789004237024,-0.6824439287719418
ASIX,SMCI,0.021396415892456,-0.6612478875694368,-0.6826443034618928
HMC,MCD,0.13314422310785864,-0.5495204835949851,-0.6826647067028437
O,SEDG,0.11174834041514997,-0.5709912717798531,-0.6827396121950031
CAG,IVZ,0.084508828417819,-0.598768612441412,-0.683277440859231
C,PFE,0.205951064450869,-0.47752668820088545,-0.6834777526517545
SPLV,STM,0.2176890711780425,-0.46595019142260746,-0.68363926260065
CAT,GIS,0.12438510482497173,-0.5595678740602223,-0.6839529788851941
CVX,GIS,0.12804648409767191,-0.5566052748458633,-0.6846517589435352
RTX,VZ,0.1974070202224597,-0.48737769903639055,-0.6847847192588503
ARKK,PFE,0.06524683865299603,-0.619885138633144,-0.6851319772861401
GIS,LRCX,0.04579564395453188,-0.639595538310111,-0.6853911822646428
GIS,LMT,0.14589328187744652,-0.5398642690725547,-0.6857575509500012
CAG,PLTR,-0.17567975837074853,-0.8615018852556184,-0.6858221268848699
FMC,VIG,0.28991756205495767,-0.3970230255739393,-0.686940587628897
MTSI,XLV,0.16338636008978907,-0.5237512137754491,-0.6871375738652381
DUK,SEDG,-0.004127353379347138,-0.6919116954783537,-0.6877843420990066
BLK,XLV,0.32384237625531764,-0.3640307744522127,-0.6878731507075304
CPB,MO,0.21011367569929174,-0.4779713176053315,-0.6880849933046232
GIS,VUG,0.0961404651834955,-0.5929560579549011,-0.6890965231383966
ASTS,HMC,0.10094292506275714,-0.5888044831676557,-0.6897474082304128
GIS,MPC,0.04682790191895445,-0.6433793774919553,-0.6902072794109098
SO,VZ,0.27130563022877835,-0.41913556914226296,-0.6904411993710413
ASTS,KHC,-0.012604157348782227,-0.7032167605440803,-0.6906126031952982
LLY,VZ,0.1579830800849579,-0.5332547873389979,-0.6912378674239558
ICL,TDW,0.07984972186353159,-0.6117486787066759,-0.6915984005702075
GIS,MRK,0.24098395368221134,-0.45092746161534586,-0.6919114152975572
BAC,DVY,0.5280662738444012,-0.1642120929774406,-0.6922783668218417
FANG,VZ,0.020314963923036965,-0.672199451419469,-0.692514415342506
FMC,IVZ,0.19108226754717295,-0.5014700160748679,-0.6925522836220408
CTVA,PFE,0.04914051217997157,-0.644243087039035,-0.6933835992190066
O,PFE,0.12321738998883783,-0.5707477272419756,-0.6939651172308134
STM,VUG,0.4947186296465019,-0.19951255724474426,-0.6942311868912461
TRV,XLP,0.31594978648906624,-0.37833169990002447,-0.6942814863890907
GIS,HON,0.16035153144619735,-0.534027072522563,-0.6943786039687603
GIS,QQQ,0.06926889771098911,-0.6251436751500743,-0.6944125728610634
BAC,MPC,0.32303956161950104,-0.3715100876893754,-0.6945496493088764
COST,XLV,0.3002325068113732,-0.3944276834641145,-0.6946601902754876
CB,XLP,0.3014028747496905,-0.39337262691552155,-0.6947755016652121
CB,SEDG,-0.007641158193920162,-0.7028267736122581,-0.6951856154183379
JPM,VZ,0.2287834512849765,-0.46647120028024863,-0.6952546515652251
MOS,NTR,0.6402075263103573,-0.05559410150038652,-0.6958016278107437
PG,VZ,0.25241984557122144,-0.4435055972488771,-0.6959254428200985
BEN,TDG,0.20791069194549827,-0.4882496038938672,-0.6961602958393655
PM,XLV,0.2634721789125995,-0.43271626285554426,-0.6961884417681438
GIS,MMM,0.19827664639447704,-0.49804984517093465,-0.6963264915654117
GIS,GOOGL,0.024014128659485795,-0.6724488340703101,-0.6964629627297959
PLTR,VZ,-0.03725520437495938,-0.7337761968445778,-0.6965209924696185
DOW,SMG,0.23100311522770536,-0.46634912305498627,-0.6973522382826917
TRV,VZ,0.21001017492391877,-0.4877460156056051,-0.6977561905295239
CAG,MO,0.18867228357717084,-0.5091142936448837,-0.6977865772220545
IPI,MCD,0.05697283669177186,-0.6409127730575792,-0.6978856097493511
MSFT,MTSI,0.2157782583330822,-0.4822064555173101,-0.6979847138503923
DG,HMC,0.07546418964807633,-0.6225378298535962,-0.6980020195016725
IPI,REGN,0.03402602039540746,-0.663997346172441,-0.6980233665678485
BKSY,TSLA,0.2103277865522544,-0.48773139004373445,-0.6980591765959888
AFL,PFE,0.15212459234343684,-0.5462104167238554,-0.6983350090672922
CTVA,HMC,0.19194125214607172,-0.5067480298759388,-0.6986892820220105
HPQ,SCHW,0.2153868896067848,-0.48430107604775313,-0.699687965654538
PSX,XLP,0.15938498338371831,-0.5423187883079191,-0.7017037716916374
CB,HMC,0.12706505195503576,-0.5749008209505828,-0.7019658729056186
FMC,SYF,0.1293226045399331,-0.5729398445590589,-0.7022624490989919
IPI,MTSI,0.08690655086769282,-0.6154606243192309,-0.7023671751869237
FMC,SBUX,0.08573695384441893,-0.6166422168371339,-0.7023791706815529
BEN,GOOGL,0.22463378482848953,-0.47802935660426765,-0.7026631414327572
KHC,SMG,0.12035240219833286,-0.5825600164407462,-0.702912418639079
DUK,VZ,0.2543801733836465,-0.449003690441441,-0.7033838638250876
BEN,BX,0.4137161854089955,-0.2897786418273263,-0.7034948272363218
ICL,KO,0.05254977947985889,-0.653162203969316,-0.7057119834491749
BLK,DVN,0.15500819108142702,-0.5508160517941609,-0.705824242875588
DVY,STM,0.32908842995318244,-0.3770049004538189,-0.7060933304070014
CAG,SCHW,0.10833115563639514,-0.5979106326739817,-0.7062417883103769
BAYRY,LXU,0.06599133023843705,-0.6404573311822194,-0.7064486614206564
MCD,VZ,0.19885919925632678,-0.5076574234565155,-0.7065166227128423
CAT,HMC,0.16341843394033112,-0.5433255466724273,-0.7067439806127584
IPI,UAN,0.2090014185314781,-0.4979906365965795,-0.7069920551280576
CRWD,DVN,0.04235566847487176,-0.6652380679373546,-0.7075937364122263
GIS,IYR,0.25573562964115587,-0.4518583421784144,-0.7075939718195703
D,IRDM,0.034302473655287956,-0.6734217049159897,-0.7077241785712777
BKSY,SO,0.012027177562671808,-0.6957463945141085,-0.7077735720767803
SEDG,TGT,0.13508577026287208,-0.5732181893380353,-0.7083039596009073
IPI,ORCL,0.08981495170065582,-0.6186389344407699,-0.7084538861414257
BKSY,UAN,0.04073792737897157,-0.6678451097876613,-0.7085830371666328
CSCO,SEDG,0.11813292602411705,-0.5905018805601995,-0.7086348065843165
AFL,SEDG,0.025639236278214315,-0.6837629048734506,-0.7094021411516649
DOW,MO,0.13483329565325639,-0.5750099611265073,-0.7098432567797637
GIS,HII,0.12034283576666242,-0.5900536637521137,-0.710396499518776
GOOGL,MSFT,0.33755902095623724,-0.37404519534154945,-0.7116042162977867
MSFT,VYM,0.3967992085757259,-0.31489986306525997,-0.7116990716409859
HII,XLV,0.25706254912779425,-0.45465697186405196,-0.7117195209918462
UNH,XLV,0.37630898772297733,-0.33603817612697456,-0.7123471638499519
HMC,VAL,0.1576685410434026,-0.5547950066214454,-0.712463547664848
CL,KHC,0.29671598213621597,-0.41582083543078446,-0.7125368175670004
IPI,SPLV,0.11120765450087927,-0.6014278043259098,-0.7126354588267891
BEN,CTVA,0.28512825804472547,-0.4275217768281351,-0.7126500348728606
RKLB,VZ,-0.02226901398309865,-0.7350319329530537,-0.712762918969955
C,LXU,0.07189348152282982,-0.6409360165621615,-0.7128294980849913
ALL,IPI,0.09516859190524642,-0.6176987236904401,-0.7128673155956865
ASTS,XLU,0.02553323815841847,-0.6873834394112227,-0.7129166775696412
IRDM,SMG,0.14125032870218274,-0.5719021706682819,-0.7131524993704645
IPI,SCHW,0.20005322095782083,-0.5132460630619411,-0.713299284019762
BKSY,MRK,-0.03365812087828929,-0.7473436011797158,-0.7136854803014265
DOW,RF,0.3932696199113835,-0.32104439876447205,-0.7143140186758555
DVN,NTR,0.3872209311470669,-0.32788959364490516,-0.715110524791972
JNJ,VZ,0.22539661360991708,-0.49106583062375875,-0.7164624442336758
IVZ,LXU,0.11704049624931942,-0.5999446198920528,-0.7169851161413723
ALL,SEDG,-0.005998198989162659,-0.7231348304848713,-0.7171366314957086
CB,GIS,0.13473646873675643,-0.5828275534100792,-0.7175640221468356
ASIX,TDW,0.12101896007829756,-0.596708432273036,-0.7177273923513336
QQQ,VZ,0.16527322285926102,-0.5530189250630534,-0.7182921479223144
DVN,TDG,0.1440105567747713,-0.5745894762059939,-0.7186000329807651
CTVA,DVN,0.24406458337947887,-0.4752489199395314,-0.7193135033190102
NOC,SEDG,-0.022976977094306458,-0.7423461632974458,-0.7193691862031394
SEDG,TRV,-0.006924590124418284,-0.7266857139412434,-0.7197611238168251
SEDG,WM,0.001662824981242701,-0.7183178710577617,-0.7199806960390044
PM,SEDG,0.02059949284588096,-0.6994015923489545,-0.7200010851948354
PFE,TTMI,0.04807733059228577,-0.6729932773465828,-0.7210706079388686
BAYRY,HPQ,0.1504887280487585,-0.5706444109865785,-0.721133139035337
ASTS,FMC,0.05429060956834883,-0.6670238873247072,-0.721314496893056
IPI,UNH,0.07459665382098252,-0.6467179050954147,-0.7213145589163972
IPI,LMT,0.08779304234883632,-0.6355271631857408,-0.7233202055345771
CPB,VIG,0.25333648942758713,-0.4701718484324098,-0.7235083378599969
IPI,RKLB,0.10667443680848805,-0.6171519037192423,-0.7238263405277304
IVZ,XLU,0.16943212679074313,-0.5544560890295018,-0.723888215820245
GIS,TRV,0.20865059166640645,-0.5152756770365023,-0.7239262687029088
BKSY,PEP,-0.04263917573628663,-0.7674761423372634,-0.7248369666009767
VUG,VZ,0.1762053365883573,-0.549733900487417,-0.7259392370757742
BAC,FANG,0.29313087664150483,-0.433663156433792,-0.7267940330752969
MRK,SEDG,0.03851638066020253,-0.68843276428352,-0.7269491449437225
ASTS,LXU,0.04330043774256944,-0.6841281954317279,-0.7274286331742973
LXU,SCHW,0.08026420784784667,-0.6472511236407581,-0.7275153314886048
HMC,PLTR,0.08578772243533464,-0.6417277528720019,-0.7275154753073365
CPB,CTVA,0.03470514183008955,-0.6929813268361981,-0.7276864686662876
DVN,RKLB,0.029265631670327707,-0.6984900679648539,-0.7277556996351816
COST,GIS,0.1588359919266086,-0.570529844398958,-0.7293658363255666
TDG,VZ,0.08413531329666422,-0.6455619316381476,-0.7296972449348118
BEN,CRWD,0.08836130049669737,-0.6413811308534583,-0.7297424313501556
DVN,XOM,0.34970766410482607,-0.38013509941976464,-0.7298427635245908
HMC,VNQ,0.2359069522793031,-0.4942096486862569,-0.73011660096556
C,FMC,0.14101072620455468,-0.5895045658514791,-0.7305152920560338
BAYRY,SEDG,0.1525972284917349,-0.5796863735944552,-0.73228360208619
C,HPQ,0.20656337161336527,-0.5258216450163969,-0.7323850166297622
PSX,XLV,0.20380305588313558,-0.5288634313202533,-0.7326664872033888
PSX,SEDG,0.09971486735498228,-0.6331968940639805,-0.7329117614189627
ALL,GIS,0.18986278385989547,-0.5430607584969434,-0.7329235423568388
AMAT,GIS,0.09437659254084114,-0.638871435655319,-0.7332480281961602
DOW,TDW,0.34079288346725056,-0.3925920314696431,-0.7333849149368936
BKSY,O,0.09246268057456852,-0.6414089371639096,-0.7338716177384781
IPI,NOC,0.0733988748920146,-0.6607751218819735,-0.7341739967739881
CPB,SYF,0.028027137338096184,-0.7062497422410905,-0.7342768795791866
HON,IPI,0.16403679087792566,-0.5710276627208529,-0.7350644535987786
CVX,SEDG,0.07920075287618657,-0.6559752310603041,-0.7351759839364906
CTVA,STM,0.1414342680723529,-0.5937887166179018,-0.7352229846902547
CRWD,IPI,0.022514320908788226,-0.7129461422685343,-0.7354604631773225
BKSY,DUK,-0.026317420826982393,-0.7621607573303153,-0.7358433365033329
SO,XLP,0.36310711483317476,-0.37368715560023125,-0.7367942704334061
ASIX,KO,0.0456311627104131,-0.6921845213549658,-0.7378156840653789
MO,XLU,0.22675410996127754,-0.511097038639607,-0.7378511486008845
GIS,MU,0.05250756805404996,-0.6862479181471792,-0.7387554862012292
ABBV,IPI,0.009597792053281139,-0.7292600409994948,-0.738857833052776
QQQ,XLP,0.29766140953476056,-0.4415977295051029,-0.7392591390398635
GIS,PG,0.30826342192591866,-0.4310810898793007,-0.7393445118052193
PG,SEDG,0.004524968597122385,-0.7351910462645084,-0.7397160148616307
BAYRY,CPB,0.12196594840543575,-0.6178101744913906,-0.7397761228968264
CB,IPI,0.13155007475277,-0.6090677818685681,-0.7406178566213382
BAC,VYM,0.574218437414385,-0.16715223972066398,-0.741370677135049
BEN,XBI,0.32852625836974736,-0.41291846311310665,-0.741444721482854
IRDM,SYF,0.15829482565483619,-0.5841471652697211,-0.7424419909245573
BKSY,SMCI,0.204704764485853,-0.5377568407868979,-0.7424616052727508
PEP,SEDG,0.03902321953954784,-0.7035657672092033,-0.7425889867487511
BKSY,D,0.05285659628604155,-0.6897727955325051,-0.7426293918185467
AEP,SEDG,0.0418747665494455,-0.7010507772404618,-0.7429255437899074
FANG,SEDG,0.10330700100282059,-0.6399301081510187,-0.7432371091538392
ABBV,GIS,0.18431335188481932,-0.5595390741800736,-0.743852426064893
BKSY,PSX,0.027026658247071095,-0.7169159781337231,-0.7439426363807942
BKSY,TTMI,0.24154953803438411,-0.5025135586670488,-0.744063096701433
SEDG,SPLV,0.09542604045769604,-0.6486642088134295,-0.7440902492711254
KMB,SEDG,0.022012364762421258,-0.7223096747725294,-0.7443220395349507
GIS,LLY,0.16964185749261457,-0.5753395911358905,-0.7449814486285051
IPI,STLD,0.24249145003653386,-0.5025297721951377,-0.7450212222316716
BX,HMC,0.28354189114491113,-0.46180018572094317,-0.7453420768658543
BAYRY,CAG,0.10944104010500463,-0.636045272552522,-0.7454863126575266
AMD,ICL,0.07096848006624441,-0.6746782022079671,-0.7456466822742116
CPB,NTR,0.0064370076827773345,-0.7401271108260774,-0.7465641185088547
ABBV,XLP,0.26912362024761755,-0.4777835977595932,-0.7469072180072107
SEDG,STLD,0.09632582268004504,-0.6507330390933066,-0.7470588617733517
IPI,TRV,0.11183708474101939,-0.6352934853655198,-0.7471305701065392
HEI,IPI,0.12601039672743067,-0.6218259011978842,-0.7478362979253148
ASIX,MCHP,0.2523384412021048,-0.4955343341094757,-0.7478727753115806
DG,IPI,0.04810006882086502,-0.7001208651716544,-0.7482209339925194
IPI,QQQ,0.1233125598520127,-0.6254273891053285,-0.7487399489573412
SCHW,XLU,0.11686314358100225,-0.6326699950969847,-0.749533138677987
BX,IPI,0.16879257134742756,-0.5810739970739146,-0.7498665684213421
CVX,DVN,0.3499053728777697,-0.4006118632417106,-0.7505172361194803
GOOGL,SEDG,0.132905058658841,-0.6185959207200347,-0.7515009793788756
IPI,TDG,0.1055778244265338,-0.6460042935884779,-0.7515821180150117
COST,SEDG,0.03285613630254926,-0.7191074110308111,-0.7519635473333603
IRDM,KO,0.06577400961847871,-0.6862511065032972,-0.7520251161217759
MCD,XLP,0.34008755968048904,-0.41236230587477407,-0.7524498655552632
AEP,VZ,0.27827845070831697,-0.4744380354035988,-0.7527164861119158
KMB,XLP,0.48217283704953867,-0.27071840394256547,-0.7528912409921041
DOW,SHEL,0.3560020388929933,-0.3970519728775613,-0.7530540117705546
ABBV,DVN,0.10063245284316732,-0.6524272237254412,-0.7530596765686085
KO,XLU,0.3051141667177989,-0.44827673020639847,-0.7533908969241974
BKSY,SYF,0.19796946183554368,-0.5558162351624782,-0.7537856969980219
AEP,XLP,0.363551213355262,-0.3906292739674942,-0.7541804873227562
CAG,SYF,0.07009260345136485,-0.684328975706328,-0.7544215791576928
IBM,IPI,0.09798854789297248,-0.6566602922036109,-0.7546488400965834
SBUX,SEDG,0.10273144643936889,-0.6522129674814179,-0.7549444139207868
C,SEDG,0.14911659032918614,-0.6058879447653585,-0.7550045350945446
LXU,O,0.06504356921492632,-0.6902743998910175,-0.7553179691059437
ARKK,SEDG,0.3026668102354617,-0.4526925499880996,-0.7553593602235613
BKSY,FANG,0.03214866343808974,-0.7235714315055025,-0.7557200949435923
BAYRY,FMC,0.17381301717553244,-0.5822821077343405,-0.756095124909873
CRWD,KHC,-0.13828260508608897,-0.8945088357333768,-0.7562262306472878
LXU,VIG,0.23007668007351045,-0.5261546336607495,-0.75623131373426
CPB,CRWD,-0.16758550514291895,-0.9255002614827879,-0.7579147563398689
NTR,PFE,0.06752697826480879,-0.6908571190062092,-0.758384097271018
AFL,HPQ,0.12173941302757162,-0.6371727866400329,-0.7589121996676045
DVN,USMV,0.17895542919783544,-0.5801409392651227,-0.7590963684629581
BEN,SPLV,0.3949887821917371,-0.36448012678850855,-0.7594689089802457
SEDG,VLO,0.08636954038582004,-0.6733593696668583,-0.7597289100526783
IPI,VLO,0.2078480451877217,-0.553365465082148,-0.7612135102698697
ABBV,BEN,0.16243379350316756,-0.5989676768977695,-0.7614014704009371
ASIX,D,0.043249125393305214,-0.7181813425166443,-0.7614304679099495
HPQ,SBUX,0.16004157199242172,-0.6022671614424777,-0.7623087334348995
BAYRY,XLU,0.16205055878720467,-0.6004114876243203,-0.7624620464115249
HII,SEDG,0.03180392793512636,-0.7310651370455676,-0.762869064980694
DVY,XLE,0.5148022583250917,-0.2482424980084054,-0.7630447563334971
KHC,PLTR,-0.13589955049049934,-0.8990536111656872,-0.7631540606751879
BKSY,CVX,0.025327791246215595,-0.738456924987374,-0.7637847162335897
DD,IPI,0.22835530061714995,-0.5355199528386688,-0.7638752534558187
GD,SEDG,0.034504873783876594,-0.729585091899761,-0.7640899656836375
JNJ,SEDG,0.04389695306331426,-0.7204028507176903,-0.7642998037810045
ASTS,HPQ,0.10418663617035286,-0.6610440575483323,-0.7652306937186851
MSFT,RKLB,0.1727136015869545,-0.5931742949169011,-0.7658878965038556
CAG,CTVA,0.04077312207454059,-0.7252060987463149,-0.7659792208208556
HMC,SPLV,0.2694979955863806,-0.4966533946269909,-0.7661513902133714
RKLB,SEDG,0.149640081608723,-0.6173587454013336,-0.7669988270100566
MU,SEDG,0.18657617341598626,-0.5809463824361948,-0.767522555852181
SCHW,SEDG,0.08129205057402417,-0.6864073847503475,-0.7676994353243716
IVZ,SEDG,0.18947746370378796,-0.5783129164954486,-0.7677903801992365
ASIX,SHEL,0.23340683051153435,-0.534519834367067,-0.7679266648786013
VLO,XLE,0.6084400910694087,-0.1607598531164165,-0.7691999441858252
ARKK,FMC,0.14353128224587716,-0.626350895726408,-0.7698821779722852
AFL,LXU,0.030089789652530948,-0.7402034852853686,-0.7702932749378996
BKSY,XOM,0.004218540478559814,-0.7661197304699967,-0.7703382709485566
PFE,WM,0.057392145430640674,-0.7130706869156516,-0.7704628323462922
DOW,SO,0.032922530206498914,-0.7383384342485864,-0.7712609644550853
NUE,SEDG,0.09575489271647623,-0.6762982529290793,-0.7720531456455555
BEN,PLTR,0.17582203613213115,-0.5965194208223364,-0.7723414569544675
AEP,BKSY,0.012365841164800806,-0.7603171902162639,-0.7726830313810646
GIS,PLD,0.2165475789625434,-0.5563320347788576,-0.772879613741401
GIS,PSX,0.07680924253031031,-0.6969001552421691,-0.7737093977724794
DUK,GIS,0.23803199142950088,-0.5360845047552794,-0.7741164961847802
ICL,TGT,0.09289194153173493,-0.6822706820563624,-0.7751626235880974
SEDG,XOM,0.08175081675743127,-0.6936374299181882,-0.7753882466756195
MPC,SEDG,0.10610286231416442,-0.6700969925898735,-0.776199854904038
MPC,VZ,0.09699988504255112,-0.679534737578733,-0.776534622621284
BA,IPI,0.16584644506122384,-0.6109924091172101,-0.7768388541784339
STM,VYM,0.39180554989106203,-0.38558275173384937,-0.7773883016249115
HMC,PM,0.1338402640604938,-0.6436994806494819,-0.7775397447099757
HMC,TDG,0.14753935204873586,-0.6301629835993097,-0.7777023356480455
BKSY,JNJ,-0.006282197511635957,-0.7840338224413799,-0.7777516249297439
ARKK,XLU,0.061772066656315135,-0.7160762612017704,-0.7778483278580856
HPQ,VIG,0.3766629881824253,-0.4012345445213505,-0.7778975327037758
FMC,O,0.1283179049158139,-0.6500539677141552,-0.7783718726299691
BEN,VUG,0.46000499377654386,-0.31959967879545953,-0.7796046725720034
ASTS,SCHD,0.07315170868051543,-0.7064536869008219,-0.7796053955813373
IRDM,O,0.07206749285643334,-0.7077695139851403,-0.7798370068415736
ORCL,PFE,0.12084808240274485,-0.659004621950566,-0.7798527043533108
GD,IPI,0.13763674006671836,-0.6422285854743289,-0.7798653255410473
CPB,TTMI,0.007081000145222156,-0.7730204757614203,-0.7801014759066425
DVN,PLTR,0.040344841108743854,-0.7399547910305512,-0.780299632139295
RTX,SEDG,0.06348132336424027,-0.7173202771049509,-0.7808016004691912
LRCX,SEDG,0.2402042900730785,-0.5406570764709316,-0.7808613665440102
BEN,NTR,0.255990697811477,-0.5249750967084451,-0.7809657945199221
CPB,SBUX,0.12458114688919611,-0.6565428410466466,-0.7811239879358427
DOW,O,0.10285980084414166,-0.6790588495274247,-0.7819186503715664
FITB,KHC,0.08545366381591946,-0.6965926623766299,-0.7820463261925493
CAG,VIG,0.2761062351397113,-0.5059556379310101,-0.7820618730707214
IRDM,TGT,0.10143293179704993,-0.6806841429793196,-0.7821170747763695
PFE,UAN,0.03321080560124648,-0.7493098827564474,-0.7825206883576938
GIS,MCD,0.2325835527974301,-0.5502104164100065,-0.7827939692074366
MSFT,USMV,0.4506516420735807,-0.3321781745384542,-0.7828298166120349
KHC,NTR,0.06396984359465614,-0.7188798365089641,-0.7828496801036203
BKSY,PM,0.019443893969113064,-0.7640189415509633,-0.7834628355200763
LLY,SEDG,0.06277076785116192,-0.720742652248165,-0.783513420099327
TTMI,XLU,0.0959523899629348,-0.6878746754597047,-0.7838270654226395
BKSY,CB,0.014905024516449051,-0.7693170231547587,-0.7842220476712077
VNQ,XLP,0.49016223693316113,-0.2950588800707045,-0.7852211170038657
KHC,TGT,0.10787396788731268,-0.6775035813632959,-0.7853775492506085
PFE,VLO,0.08098967323943096,-0.7050657970529637,-0.7860554702923946
HON,SEDG,0.11428467105729599,-0.6730790928483104,-0.7873637639056064
STM,USMV,0.3068689471398811,-0.4806199137427625,-0.7874888608826436
CRWD,HMC,0.05927091858756722,-0.7282497586776931,-0.7875206772652603
ICL,VIG,0.1937483447669131,-0.5937812701537832,-0.7875296149206963
VUG,XLP,0.4204251064526723,-0.36729139447301534,-0.7877165009256877
IPI,JPM,0.16883739937818618,-0.6190218526858772,-0.7878592520640634
LRCX,PFE,0.07526399381506278,-0.712705752662716,-0.7879697464777787
LXU,TTMI,0.10497644187433519,-0.683634344750564,-0.7886107866248991
CRWD,DOW,-0.026072498994284345,-0.8147248090552764,-0.7886523100609921
C,CPB,0.13916884604996,-0.649971038180493,-0.7891398842304529
CAG,SBUX,0.09610469057437006,-0.6932574382287865,-0.7893621288031566
PSX,VZ,0.11686375912943506,-0.6740565963540687,-0.7909203554835037
LLY,XLP,0.3520701974589314,-0.4390645467742554,-0.7911347442331869
IPI,NUE,0.24983484217470878,-0.5415078502060292,-0.791342692380738
MTSI,SEDG,0.168027469237152,-0.6234453040160888,-0.7914727732532407
IPI,MMM,0.15969944164124547,-0.6320435826481494,-0.7917430242893949
GIS,JNJ,0.263825370739866,-0.5284471922265158,-0.7922725629663818
ASTS,ICL,0.07502126804597513,-0.7174721778291493,-0.7924934458751244
AEP,GIS,0.2419276241285191,-0.5510983521518251,-0.7930259762803442
GIS,SO,0.23071171214197445,-0.562329532987792,-0.7930412451297664
HPQ,TTMI,0.20062220499125583,-0.5942004312303413,-0.7948226362215971
MCD,SEDG,0.07732428033945761,-0.7176475127631898,-0.7949717931026474
BLK,HMC,0.22575061446366157,-0.569534627952638,-0.7952852424162995
ABBV,SEDG,0.04238977570463284,-0.753261728447134,-0.7956515041517669
PFE,PLTR,-0.008936654070384754,-0.8046636051402865,-0.7957269510699017
ARKK,DOW,0.15881445757706716,-0.6376327733406802,-0.7964472309177474
BKSY,PG,-0.016353957474543483,-0.8128237621647894,-0.7964698046902459
BAC,PSX,0.34068401382683894,-0.45586131259463175,-0.7965453264214707
KHC,TTMI,0.005490752891915205,-0.7917763457105638,-0.797267098602479
AFL,FMC,0.13512914424132938,-0.6622416487133646,-0.7973707929546939
COST,XLP,0.37241234892491,-0.42563460001694586,-0.7980469489418558
HEI,SEDG,0.08587800415185168,-0.713454431125955,-0.7993324352778066
BKSY,VLO,0.05070870145837784,-0.7488150161850038,-0.7995237176433816
CPB,UAN,-0.002980051709624667,-0.8029632883942642,-0.7999832366846396
VNQ,VZ,0.2990331942299522,-0.5011071475828279,-0.8001403418127802
GIS,VNQ,0.2820419108693523,-0.5188072814655087,-0.8008491923348611
HPQ,SYF,0.23325172995708088,-0.5678092533446326,-0.8010609833017135
MMM,SEDG,0.0861100748239454,-0.7154545661907245,-0.8015646410146698
LXU,SBUX,0.06611763584137087,-0.7357147917725589,-0.8018324276139298
RKLB,XLV,0.10551576188108049,-0.6963841891487198,-0.8018999510298003
CW,IPI,0.18286180214298295,-0.6199274936880709,-0.8027892958310539
CVX,IPI,0.2555046906147833,-0.5473510557428861,-0.8028557463576694
AMD,ASIX,0.11910892709528038,-0.6837540934100668,-0.8028630205053472
BKSY,TGT,0.1180954190410927,-0.6848432082372116,-0.8029386272783042
DOW,GOOGL,0.06824969524576696,-0.7348229095087463,-0.8030726047545133
NUE,PFE,0.13058441959610392,-0.6734180968435022,-0.8040025164396061
SEDG,TDG,0.0787855895903092,-0.7264816137179517,-0.805267203308261
ASIX,RF,0.35786462229724075,-0.44816406456454844,-0.8060286868617892
ORCL,SEDG,0.10854132658515743,-0.698053635068452,-0.8065949616536094
CW,SEDG,0.09812641454877909,-0.7091809102593358,-0.807307324808115
JPM,SEDG,0.08560112152095854,-0.7221975838602797,-0.8077987053812382
CTVA,KHC,0.05046081709026598,-0.7577033757060808,-0.8081641927963468
DOW,DUK,0.012731955088799532,-0.7956056655870228,-0.8083376206758224
CAG,CRWD,-0.13863032281478443,-0.9470839087360218,-0.8084535859212374
SPLV,XLV,0.6472391178706758,-0.161272544096536,-0.8085116619672118
ABBV,HMC,0.12548163461682804,-0.6833558798765661,-0.8088375144933941
CTVA,SEDG,0.14371515504834823,-0.6651510831177675,-0.8088662381661157
IPI,USMV,0.1373416161121457,-0.6717092382117412,-0.8090508543238869
AMAT,SEDG,0.2372067029352788,-0.572048757583119,-0.8092554605183978
C,CAG,0.13507031631106775,-0.6753287421736718,-0.8103990584847396
SCHD,SMCI,0.17778366597237744,-0.6327607975848949,-0.8105444635572723
FANG,IPI,0.22524067328848102,-0.5870029193659251,-0.812243592654406
CSCO,LXU,0.04198357408631725,-0.7715038678049548,-0.8134874418912721
BEN,QQQ,0.3614073506243287,-0.45241436171493515,-0.8138217123392639
IPI,RTX,0.19824279840773168,-0.615834773776564,-0.8140775721842957
BAC,VAL,0.23961089799406138,-0.5745757452642074,-0.8141866432582687
KHC,VIG,0.2208861994529131,-0.5933213712593078,-0.8142075707122209
CSCO,PFE,0.1667202897350762,-0.6478094604295184,-0.8145297501645945
DD,SEDG,0.1607541404976875,-0.6539856803286785,-0.8147398208263661
DG,VZ,0.10991150860579078,-0.7051192751223385,-0.8150307837281293
PFE,STLD,0.07347337821369541,-0.7418205203282344,-0.8152938985419298
PLTR,STM,0.21083873740416997,-0.6045822239814699,-0.8154209613856398
AFL,CPB,0.11620708193607997,-0.6992713787668339,-0.8154784607029139
PLD,SEDG,0.16447557241365623,-0.6518303470842481,-0.8163059194979043
DOW,LLY,-0.015643570774244817,-0.8326463811747971,-0.8170028104005522
NTR,XLU,0.07393440870887458,-0.7433923028713814,-0.8173267115802559
DOW,WM,-0.00898207685729545,-0.8263772250721522,-0.8173951482148567
JNJ,XLV,0.46829523625952635,-0.3493427223174485,-0.8176379585769749
DOW,RKLB,0.07384392019131208,-0.7438905987575435,-0.8177345189488556
BKSY,MPC,0.04769174531334298,-0.7702011043165562,-0.8178928496298992
CAG,TTMI,0.02972476139915277,-0.7882292644664314,-0.8179540258655842
MSFT,VUG,0.600810217489766,-0.2174512089892345,-0.8182614264790006
LRCX,LXU,0.02585693834031715,-0.7929399396522667,-0.8187968779925838
BA,PFE,0.18067103949162958,-0.638167665005925,-0.8188387044975546
REGN,SEDG,0.07750598709892552,-0.7414197344938945,-0.8189257215928201
CPB,RKLB,-0.11914507906493493,-0.9387625389799262,-0.8196174599149912
GOOGL,HMC,0.17193537198580364,-0.6480431804354634,-0.819978552421267
BKSY,KMB,-0.006018792517704872,-0.8261342455043252,-0.8201154529866204
DVN,HII,0.1938976746756301,-0.6262235669468917,-0.8201212416225219
HII,IPI,0.1281770450753774,-0.6920403356395802,-0.8202173807149576
CRWD,SEDG,0.15387883648151418,-0.6663660178877746,-0.8202448543692888
IPI,PSX,0.23601216579974738,-0.5847856336342089,-0.8207977994339563
BKSY,MU,0.20437147746384296,-0.6179800652426165,-0.8223515427064595
IRDM,VIG,0.24604868828921836,-0.5765345284886026,-0.822583216777821
BKSY,MCD,0.032120265816628954,-0.7904798998708115,-0.8226001656874404
HII,VZ,0.09224331649258523,-0.7303592236412495,-0.8226025401338347
AFL,BKSY,0.04288310868925511,-0.7797284249675817,-0.8226115336568368
CSCO,FMC,0.07592847655093193,-0.7470080333306205,-0.8229365098815524
BKSY,LLY,0.044138604876193074,-0.7790708023699132,-0.8232094072461063
BKSY,LMT,0.04323847935611775,-0.7802010063149077,-0.8234394856710255
LLY,XLV,0.42884456917525204,-0.3951348227560829,-0.823979391931335
BKSY,NOC,0.006936660522476677,-0.8176422531393039,-0.8245789136617806
ICL,O,0.048451278781607515,-0.7761831449555552,-0.8246344237371627
HEI,PFE,0.0678477061102386,-0.7568375183438235,-0.8246852244540621
SEDG,UNH,0.0927763482141606,-0.7321871388423444,-0.824963487056505
DOW,UAN,0.17219348263700374,-0.653276786961841,-0.8254702695988447
PFE,XOM,0.1918216598255631,-0.6351255396242175,-0.8269471994497806
KHC,SCHW,0.040527802822139136,-0.7865953265271051,-0.8271231293492443
BAYRY,KHC,0.10780371663658808,-0.7195569693549715,-0.8273606859915595
IPI,XOM,0.2539662300666847,-0.5748378299381368,-0.8288040600048214
HMC,XBI,0.22954829738202018,-0.599484719556459,-0.8290330169384792
CAG,RKLB,-0.10880703439858119,-0.9384586438609034,-0.8296516094623222
ALL,BKSY,0.030369314993901192,-0.8005792646401702,-0.8309485796340713
DOW,TGT,0.2115245505345557,-0.619661840462117,-0.8311863909966728
LXU,SYF,0.16797176845508344,-0.6639042600485751,-0.8318760285036585
D,KHC,0.23668882794887197,-0.5956169743118815,-0.8323058022607535
BKSY,LRCX,0.25605561824151846,-0.5768942225416507,-0.8329498407831691
CAG,NTR,0.06281993255954103,-0.7702391722554074,-0.8330591048149484
CRWD,MSFT,0.39386651457131905,-0.4393333609233155,-0.8331998754946346
FMC,PLTR,0.008674789914309203,-0.8250251796019787,-0.833699969516288
BKSY,WM,0.008048492019315227,-0.8259870028509497,-0.834035494870265
AEP,DOW,0.02786581222650982,-0.8065517484505527,-0.8344175606770625
BEN,FANG,0.2347429972111971,-0.5997886098595403,-0.8345316070707374
DD,PFE,0.20567511588498288,-0.6289140723546658,-0.8345891882396487
CAG,UAN,0.013504385732449876,-0.8225390163058034,-0.8360434020382532
PFE,PLD,0.13256467054666107,-0.7035183963904634,-0.8360830669371245
BLK,IPI,0.18602060755430685,-0.6501727080781645,-0.8361933156324713
BKSY,GOOGL,0.18023241725518294,-0.655998965228592,-0.8362313824837749
ASIX,MO,0.0866873957714029,-0.74999286929036,-0.836680265061763
BKSY,CSCO,0.14167837916692846,-0.6953428181427909,-0.8370211973097194
DE,SEDG,0.12486202571681197,-0.7121775593194261,-0.837039585036238
UAN,XLU,0.01811299324492378,-0.8193002795009651,-0.8374132727458888
HMC,NTR,0.2081238385684775,-0.6292922072188853,-0.8374160457873628
BA,SEDG,0.1346048341232912,-0.7033230104615302,-0.8379278445848214
ICL,SYF,0.137980354208598,-0.7001477595814807,-0.8381281137900787
FMC,UAN,0.0679402825455763,-0.7702755669560074,-0.8382158495015837
PM,VZ,0.22473139478355283,-0.6139452484949872,-0.8386766432785401
ASIX,SMG,0.20537885046004392,-0.6336831025363312,-0.8390619529963751
COST,DOW,0.00884508308294636,-0.8309270739689798,-0.8397721570519262
VYM,XLE,0.5776134560971915,-0.2625967735981991,-0.8402102296953906
DOW,TTMI,0.21646498646902063,-0.6245222927220223,-0.8409872791910429
CW,PFE,0.07026508922566813,-0.7715703421682973,-0.8418354313939654
GIS,PEP,0.318587547775207,-0.5247162372879832,-0.8433037850631901
KHC,RKLB,-0.060102989601630755,-0.903517135429914,-0.8434141458282832
CRWD,PFE,-0.061330820381766626,-0.9047823275649373,-0.8434515071831706
IBM,SEDG,0.10008548049449928,-0.744323113227117,-0.8444085937216163
FMC,TTMI,0.12020278416369978,-0.7242654064414892,-0.844468190605189
BEN,MPC,0.2795736152025269,-0.5653686319371267,-0.8449422471396536
KHC,UAN,0.03979409753300113,-0.8062014018844079,-0.845995499417409
SCHD,TDW,0.20536643413558578,-0.6407922135328541,-0.8461586476684398
FMC,ORCL,0.09395730968050675,-0.7524450480841018,-0.8464023577646086
HPQ,MRK,0.16369686214105528,-0.6830192891113249,-0.8467161512523802
BEN,MTSI,0.19846895264021588,-0.6483452479932338,-0.8468142006334497
DE,IPI,0.23125068840096058,-0.6157203271006695,-0.8469710155016301
BEN,HII,0.24729463493991258,-0.6000114274635787,-0.8473060624034913
IRDM,NTR,0.09011570865818774,-0.7574939436066871,-0.8476096522648748
MU,PFE,0.07764908674049106,-0.7701876151084774,-0.8478367018489685
C,XLU,0.1843698816774788,-0.6643185375493926,-0.8486884192268714
AMAT,LXU,0.04000859207928798,-0.8087911127529841,-0.8487997048322721
VUG,XLV,0.5671566142911182,-0.28390060799092093,-0.8510572222820392
IYR,PFE,0.20561467482863355,-0.6460098532033379,-0.8516245280319714
BAC,RKLB,0.1917796701225135,-0.6598530472151946,-0.8516327173377081
DOW,MRK,0.07560661366904897,-0.7761268319594785,-0.8517334456285275
BKSY,TRV,0.04382420716192152,-0.8086196848574231,-0.8524438920193446
KHC,LRCX,-0.0032191464645713393,-0.8556654289955373,-0.852446282530966
DOW,XLF,0.3995152016866353,-0.4529538783530567,-0.852469080039692
BKSY,REGN,0.04237275693201572,-0.8101140152453744,-0.8524867721773901
BKSY,XLF,0.2527104894707015,-0.5998301765353382,-0.8525406660060397
BAYRY,ICL,0.10167959307173015,-0.7510688885104241,-0.8527484815821542
ASIX,TGT,0.12605741494050945,-0.7267093886901536,-0.852766803630663
KMB,PFE,0.2027177589451152,-0.6506583389709277,-0.853376097916043
BKSY,CTVA,0.1191722992978185,-0.7352733666560225,-0.854445665953841
HPQ,WM,0.05937076608408227,-0.7956913415577869,-0.8550621076418692
IPI,MPC,0.2265552850450731,-0.6287770611523411,-0.8553323461974143
HON,PFE,0.17851146767589796,-0.6771030572709852,-0.8556145249468832
BAYRY,IRDM,0.14264868694565422,-0.7139500890814549,-0.8565987760271091
AFL,CAG,0.12028798269061157,-0.7367096036897746,-0.8569975863803861
CPB,LRCX,0.0169997859707382,-0.8402247170011011,-0.8572245029718393
AMAT,PFE,0.12553059814581838,-0.732049136665681,-0.8575797348114994
DOW,KMB,0.020435859458910195,-0.8379638515765288,-0.858399711035439
LXU,MRK,0.028797841341995523,-0.8298827198038579,-0.8586805611458533
IYR,SEDG,0.1914977281348278,-0.6674227777793021,-0.8589205059141299
BX,PFE,0.13472031152012787,-0.7242205119513165,-0.8589408234714444
CFG,SCHD,0.528108054727766,-0.33092463429750885,-0.8590326890252749
SBUX,XLU,0.16727458436963383,-0.6927279920004682,-0.860002576370102
BKSY,DG,0.04986034709264932,-0.8101713527220019,-0.8600316998146512
KHC,MTSI,-0.043161564079985656,-0.90319386155193,-0.8600322974719444
HBAN,SCHD,0.5425044922734074,-0.3176341330688401,-0.8601386253422474
HPQ,VLO,0.09538811245231345,-0.7650770866156736,-0.8604651990679871
IVZ,KHC,0.11383440246187002,-0.7473924509988442,-0.8612268534607143
AMAT,KHC,-0.00741044725438962,-0.8691813635565093,-0.8617709163021197
DOW,PG,0.03111561772908261,-0.8307306843132983,-0.8618463020423809
IPI,NTR,0.4529555203906573,-0.40984195133988466,-0.862797471730542
BKSY,UNH,0.06150733372418819,-0.8017707814726173,-0.8632781151968054
DOW,LRCX,0.1833012705358057,-0.6803173395718042,-0.8636186101076099
ABBV,BKSY,0.027985469287266695,-0.8356823748287199,-0.8636678441159866
CVX,PFE,0.1741433696541116,-0.6896647555035595,-0.8638081251576711
DG,SEDG,0.11599246992086841,-0.7478383466062232,-0.8638308165270916
VIG,XLU,0.4300522398841793,-0.43396257181012415,-0.8640148116943034
BAYRY,DOW,0.23193309648564933,-0.6327372137855021,-0.8646703102711514
BKSY,GD,0.07407547728405482,-0.7920432156344704,-0.8661186929185253
CTVA,XLU,0.09732989934654475,-0.7688668968484524,-0.8661967961949972
CAT,SEDG,0.15073952091452134,-0.7158740587213502,-0.8666135796358716
HII,HMC,0.1589274137370389,-0.7076933425527244,-0.8666207562897633
QQQ,XLV,0.47740855505938223,-0.3898432781777551,-0.8672518332371373
SEDG,VNQ,0.18321788905522288,-0.6840369234060574,-0.8672548124612802
DVY,IPI,0.26889271434286677,-0.5988366660108098,-0.8677293803536765
SEDG,USMV,0.17045920916412752,-0.6979127079357621,-0.8683719170998896
FMC,WM,0.07528125693470483,-0.7931281622020675,-0.8684094191367724
SEDG,VUG,0.23851228642297903,-0.6299250851318922,-0.8684373715548712
QQQ,STM,0.5457277678353877,-0.32327118394536486,-0.8689989517807526
CPB,O,0.168641730204275,-0.7005522976323375,-0.8691940278366125
ASTS,IRDM,0.22363282354012565,-0.6458358140480843,-0.8694686375882099
DOW,SYF,0.3254899615733573,-0.5441881889619027,-0.86967815053526
JNJ,XLP,0.48285905235714854,-0.38699582909587726,-0.8698548814530258
LXU,MU,0.03391935770185212,-0.8366601957321239,-0.8705795534339761
CPB,MTSI,-0.0539384845912716,-0.924581796707394,-0.8706433121161224
LXU,SO,0.01865151033104892,-0.8521739019285554,-0.8708254122596043
LMT,PFE,0.1486599647473018,-0.7227644301633043,-0.8714243949106061
KMB,LXU,0.02330794585948352,-0.8494239995395383,-0.8727319453990218
BKSY,IVZ,0.19927354001436723,-0.6735778870673018,-0.8728514270816691
DOW,VIG,0.34899069756672324,-0.5241603235107167,-0.87315102107744
GIS,VYM,0.3185806691905846,-0.5548495060352018,-0.8734301752257864
IPI,VYM,0.26244902606859344,-0.6121837479201583,-0.8746327739887517
SEDG,XBI,0.2558331214676113,-0.6193073791398862,-0.8751405006074975
CPB,ORCL,0.08547349477412879,-0.7896845857888246,-0.8751580805629534
HMC,VUG,0.37008150078710633,-0.5051220659268112,-0.8752035667139175
GIS,SPLV,0.5211196932512655,-0.3542763559714708,-0.8753960492227363
ARKK,LXU,0.139924425859477,-0.735519256965918,-0.8754436828253951
FMC,LRCX,0.07884792098815938,-0.7974328061000621,-0.8762807270882215
KHC,MU,-0.001581859962694114,-0.8784634404867188,-0.8768815805240247
BEN,BLK,0.4564796032245477,-0.42075854147681935,-0.8772381447013671
DOW,LMT,0.05848316518887062,-0.8188227763320968,-0.8773059415209674
HPQ,PLD,0.13780927130208936,-0.73989429667274,-0.8777035679748293
C,IRDM,0.16760739262463442,-0.7109909126198807,-0.8785983052445151
DOW,SPLV,0.16609316965538484,-0.7129107252357657,-0.8790038948911505
HPQ,KMB,0.12254797993593324,-0.7564965640021585,-0.8790445439380917
FANG,HMC,0.15491240191393799,-0.7244631938275621,-0.8793755957415
BKSY,FITB,0.22643132868408744,-0.6531278538286417,-0.8795591825127291
HPQ,IYR,0.16890064717756462,-0.71070770981144,-0.8796083569890046
DOW,MTSI,0.12305478786567131,-0.7567228637008819,-0.8797776515665532
LXU,PG,0.009221775406665314,-0.8708138481173865,-0.8800356235240518
DE,PFE,0.15785640133347414,-0.7225035635701668,-0.8803599649036409
CPB,VLO,0.045623498370279035,-0.8349292410876967,-0.8805527394579757
CB,PFE,0.0987877028598664,-0.7821620190804689,-0.8809497219403353
ICL,IVZ,0.15719038491581278,-0.7238940011764938,-0.8810843860923065
PG,XLP,0.5906510412279856,-0.29049328751933995,-0.8811443287473255
BX,CPB,0.0602850506709684,-0.8215660741135651,-0.8818511247845335
LXU,ORCL,0.03278221837702873,-0.8492639834821185,-0.8820462018591473
HPQ,UAN,0.09494156355815496,-0.7871153091266244,-0.8820568726847794
AEP,HPQ,0.10906093652466929,-0.7742010601746961,-0.8832619966993654
CAG,O,0.15481722485126823,-0.7288827886540045,-0.8837000135052727
BKSY,RTX,0.10773032722119338,-0.7759892516215998,-0.8837195788427932
DVY,SEDG,0.18160600209278216,-0.7021849961849596,-0.8837909982777417
IRDM,UAN,0.07534508236421249,-0.8085779485832083,-0.8839230309474208
ICL,TTMI,0.0828896167304786,-0.8017708822722308,-0.8846604990027094
DOW,PLTR,0.048712893525437645,-0.8362156477202701,-0.8849285412457077
HPQ,SO,0.09069574694159792,-0.7943547673273591,-0.885050514268957
GD,PFE,0.16407079030195945,-0.7218840889685229,-0.8859548792704823
INTC,SCHD,0.3637627258465229,-0.522806846066008,-0.8865695719125309
GIS,PM,0.264678580508193,-0.6231190482093434,-0.8877976287175364
PFE,UNH,0.1406761686289823,-0.748161139025968,-0.8888373076549503
MTSI,PFE,-0.001589210878927248,-0.8906046407667969,-0.8890154298878696
FMC,KMB,0.13025594625312822,-0.759074799493397,-0.8893307457465252
BLK,SEDG,0.16169181895561652,-0.7277227602371209,-0.8894145791927375
ARKK,HPQ,0.24958204060016337,-0.6398354702161754,-0.8894175108163387
CPB,CSCO,0.10620939312750603,-0.7835304003572168,-0.8897397934847228
BA,HPQ,0.18684186353429347,-0.7031289532309014,-0.8899708167651948
IBM,PFE,0.20383370886444313,-0.6861419993965158,-0.889975708260959
BKSY,STLD,0.16927316025617936,-0.7213324500633477,-0.890605610319527
ALL,PFE,0.1331683965488952,-0.757625009576399,-0.8907934061252942
DOW,MU,0.16422718685419851,-0.7272156436815895,-0.891442830535788
IRDM,TTMI,0.18314183020563563,-0.7088474099914862,-0.8919892401971219
KHC,VUG,0.03238954920806951,-0.8598432540423722,-0.8922328032504416
HPQ,XOM,0.17476718318999201,-0.7178595641211242,-0.8926267473111162
LRCX,XLU,0.07406253974024056,-0.8186055844717198,-0.8926681242119604
HMC,QQQ,0.2912766724415248,-0.6013979645651363,-0.892674637006661
AMAT,BKSY,0.26212347453655643,-0.6307579997442461,-0.8928814742808024
DOW,HEI,0.0631641484464192,-0.829994497819532,-0.8931586462659512
PLTR,SEDG,0.15795930815571108,-0.7352141313395724,-0.8931734394952835
FMC,MRK,0.10827122830197188,-0.7851925292150325,-0.8934637575170044
BKSY,PLD,0.17221128984121675,-0.7216292491831651,-0.8938405390243818
BKSY,SPLV,0.12262578497245694,-0.7713719449834344,-0.8939977299558913
DUK,HPQ,0.08799292686973223,-0.806107755727017,-0.8941006825967492
DVN,DVY,0.38843416881410864,-0.5057914434617904,-0.894225612275899
NEE,SCHD,0.2994852154253166,-0.5950076531676329,-0.8944928685929495
ASIX,XLF,0.3670360899275237,-0.5275616208885576,-0.8945977108160813
NOC,PFE,0.14847205472587774,-0.7463151531214388,-0.8947872078473166
BKSY,SBUX,0.13253221087982933,-0.7623279085858802,-0.8948601194657095
ABBV,VZ,0.15204130457262835,-0.7429208119255158,-0.8949621164981442
AEP,PFE,0.1782369113966606,-0.7168222979841924,-0.8950592093808529
CAG,LRCX,0.038504310478229116,-0.856581785305054,-0.8950860957832831
DD,LXU,0.0731920605728945,-0.8220226204956392,-0.8952146810685337
HPQ,PG,0.1613005770919091,-0.7340640233085746,-0.8953646004004836
HMC,MPC,0.2033572506677766,-0.692139925818692,-0.8954971764864685
DOW,ORCL,0.07533345450874579,-0.8204871561724223,-0.8958206106811681
DOW,PEP,0.09042038088934405,-0.805812065403696,-0.89623244629304
DUK,PFE,0.16550638945683305,-0.7307782357570504,-0.8962846252138834
LXU,VLO,0.054070172685116616,-0.8424353516634164,-0.896505524348533
CAG,ORCL,0.07059454637433865,-0.826184268623317,-0.8967788149976557
PFE,RTX,0.2100331706766414,-0.6868651422444348,-0.8968983129210762
DOW,NOC,0.05446310447401301,-0.84243919974162,-0.896902304215633
FMC,IYR,0.1830090161177733,-0.7139688024512186,-0.896977818568992
IPI,PLTR,0.09431501891388722,-0.8026729681899945,-0.8969879871038817
ASIX,SYF,0.27157583740003494,-0.6261025242459964,-0.8976783616460313
DOW,NTR,0.38243894873099,-0.5163403122671779,-0.898779260998168
BKSY,C,0.21361267589720404,-0.6852314564666129,-0.8988441323638169
DOW,PM,0.08862579145725354,-0.8105639395396065,-0.8991897309968601
GOOGL,PFE,0.07410415379363265,-0.8259622742198822,-0.9000664280135149
LXU,PLD,0.06969454002555171,-0.8304686749449103,-0.900163214970462
DG,DOW,0.07877682324321361,-0.8214659809218555,-0.9002428041650692
PFE,TRV,0.17396696605876455,-0.7266755556693594,-0.900642521728124
CAT,IPI,0.2697275697125719,-0.6311659597632601,-0.900893529475832
MU,XLU,0.039496557515087155,-0.8616900216359876,-0.9011865791510748
CSCO,DOW,0.14639121246791154,-0.7548648358984269,-0.9012560483663384
HMC,RKLB,0.1034993041695849,-0.7977841237536766,-0.9012834279232614
HPQ,NUE,0.1793543785150156,-0.7219659398895517,-0.9013203184045673
CAT,PFE,0.16517231364146417,-0.7362687534213974,-0.9014410670628616
CAG,CSCO,0.08212948595949028,-0.8196981927657938,-0.9018276787252841
CVX,HPQ,0.16490428401841908,-0.737564481779913,-0.902468765798332
PFE,SO,0.172560682282036,-0.729992703465805,-0.902553385747841
MMM,PFE,0.2283312997664367,-0.6748081984791248,-0.9031394982455615
CPB,WM,0.07625655518722392,-0.827120378392532,-0.903376933579756
PFE,REGN,0.14022695335351684,-0.763512297913352,-0.9037392512668688
BKSY,COST,0.12100342886743845,-0.7828740429420644,-0.9038774718095028
DOW,SBUX,0.1673342539232117,-0.7366904340384322,-0.9040246879616438
HMC,MTSI,0.14259182065822276,-0.7615472549311426,-0.9041390755893653
BA,KHC,0.01892951463785171,-0.8853978801933907,-0.9043273948312425
DUK,LXU,0.02928805114079968,-0.875286391906969,-0.9045744430477687
DVY,GIS,0.3479510722249967,-0.5568618908039316,-0.9048129630289283
AEP,LXU,0.02169632420439984,-0.883575703966373,-0.9052720281707728
BA,LXU,0.051874863362530894,-0.8536529033632215,-0.9055277667257524
CVX,LXU,0.048099371656648494,-0.8574734381585946,-0.905572809815243
HPQ,UNH,0.09160264222713341,-0.8143447657521098,-0.9059474079792432
DOW,MCD,0.07759000636785755,-0.8286178455451005,-0.906207851912958
FMC,REGN,0.052061900771292025,-0.854442828636644,-0.906504729407936
BKSY,DD,0.18084151350177202,-0.726058895758541,-0.906900409260313
BEN,PSX,0.3191976317375644,-0.5893044807697145,-0.908502112507279
FANG,XLU,-0.013197434440102492,-0.9217961102347155,-0.9085986757946131
CRWD,FMC,-0.006433276882482491,-0.9154170628362348,-0.9089837859537523
BX,SEDG,0.2028855859413388,-0.7060993964773333,-0.9089849824186721
KHC,MO,0.18425816782405247,-0.7250214158885425,-0.909279583712595
DG,PFE,0.10864506515950066,-0.8009586210542173,-0.909603686213718
BA,CPB,0.11546716418500205,-0.7957205469189039,-0.911187711103906
IRDM,SO,0.041018666037941014,-0.8704313418972682,-0.9114500079352092
BKSY,VIG,0.31599653202406786,-0.5962262081641824,-0.9122227401882502
HEI,HPQ,0.10131246124638149,-0.8112577486287932,-0.9125702098751747
ASIX,KMB,-0.011498455823543323,-0.9240746285396731,-0.9125761727161298
LXU,XOM,0.06743142610642235,-0.8453287308536062,-0.9127601569600285
KHC,ORCL,0.012215484480412497,-0.9009347172856018,-0.9131502017660144
CPB,NUE,0.09879660900214542,-0.814853681155983,-0.9136502901581284
BX,CAG,0.07312656415491034,-0.8411852118615067,-0.9143117760164171
CSCO,XLU,0.14258120887146497,-0.7720311943311386,-0.9146124032026036
CPB,FANG,0.005170646294844254,-0.9096623139144568,-0.914832960209301
JNJ,LXU,0.02008840090683354,-0.8951552869762759,-0.9152436878831094
DOW,XBI,0.141114459625569,-0.7742156603152102,-0.9153301199407792
FANG,KHC,0.029636484405480133,-0.8859000743265101,-0.9155365587319902
LXU,PEP,0.027782090796556955,-0.8879762878722123,-0.9157583786687692
DOW,JNJ,0.08588576687947426,-0.830049420503675,-0.9159351873831493
GOOGL,KHC,0.030315718493946462,-0.8857946391008938,-0.9161103575948403
DVY,XLV,0.5688373193176578,-0.34727482015834255,-0.9161121394760003
CL,SCHD,0.4234663842677731,-0.49265408428040924,-0.9161204685481823
CPB,DD,0.1235627559638434,-0.79267860558524,-0.9162413615490833
CPB,GOOGL,0.020794311220269455,-0.8955091711500424,-0.9163034823703118
LXU,TRV,0.033414064106445485,-0.8829988885727911,-0.9164129526792366
JPM,PFE,0.20356950105302146,-0.7135236137251466,-0.917093114778168
ICL,SBUX,0.08103888326258979,-0.8366106266030797,-0.9176495098656695
FMC,VLO,0.10726399002424802,-0.8105312497791809,-0.9177952398034289
SEDG,VYM,0.20830104450623,-0.7099023244385599,-0.9182033689447899
HON,LXU,0.05507445262996737,-0.8632637011384143,-0.9183381537683817
CRWD,XLU,-0.019388284506449496,-0.937797135974925,-0.9184088514684755
CPB,STLD,0.05872699593067059,-0.8601981620229776,-0.9189251579536482
BKSY,HON,0.16559634871071569,-0.7541497845955709,-0.9197461333062866
LXU,NUE,0.09509396167964491,-0.8247826099251866,-0.9198765716048315
ICL,SCHW,0.12814066741573818,-0.7921305089631601,-0.9202711763788982
KHC,XBI,0.04717441983872137,-0.8731132682259553,-0.9202876880646766
PFE,PG,0.2793720668874467,-0.6409876916992193,-0.9203597585866661
XBI,XLV,0.5734877386059876,-0.3472127508707265,-0.9207004894767141
ALL,HPQ,0.09995187091148615,-0.82089520104081,-0.9208470719522962
FMC,PG,0.11945955722292766,-0.8018786803955319,-0.9213382376184596
DUK,IRDM,0.017684190404659923,-0.9039078799853602,-0.9215920703900201
CPB,CW,0.04026532184535607,-0.882798887256021,-0.923064209101377
BKSY,HII,0.13127359509021577,-0.7920475293483435,-0.9233211244385593
CPB,MU,0.038474832730251915,-0.8851002214566368,-0.9235750541868887
C,ICL,0.1488584752332107,-0.7751656456812036,-0.9240241209144143
LXU,UNH,0.017339941634702278,-0.9079540139650466,-0.9252939555997489
PFE,TDG,0.07672757542708558,-0.8488583854311649,-0.9255859608582504
C,KHC,0.08415479610291855,-0.84156127316564,-0.9257160692685585
HMC,PSX,0.20309491221617135,-0.7229924916525485,-0.9260874038687199
HON,HPQ,0.19983899770532154,-0.7262686898359714,-0.9261076875412929
BA,CAG,0.08955780904789065,-0.8367660355917398,-0.9263238446396305
CAG,VLO,0.05536987018408623,-0.8713090902982714,-0.9266789604823576
IBM,LXU,0.03898482888698084,-0.8883848638712857,-0.9273696927582665
AMAT,XLU,0.07758737635821511,-0.8498704407600838,-0.9274578171182989
CSCO,HPQ,0.3187636453445255,-0.6090910509216848,-0.9278546962662103
PFE,RKLB,0.01988731383551347,-0.9080577074412993,-0.9279450212768128
FMC,SPLV,0.19699217221279194,-0.7314115418273492,-0.9284037140401412
LXU,WM,0.03305505849307062,-0.8953753255835164,-0.9284303840765871
DVN,VYM,0.412067408387467,-0.5164819366997075,-0.9285493450871746
DOW,VUG,0.13929581700140165,-0.7896215780555886,-0.9289173950569902
BKSY,DE,0.15222612983942885,-0.7769672865124684,-0.9291934163518972
AMAT,CPB,0.0658971223831981,-0.8635255884196609,-0.929422710802859
AMD,SCHD,0.21474049927501085,-0.715087781969667,-0.9298282812446779
PLTR,XLU,0.024943920458924514,-0.9054203870003803,-0.9303643074593048
PEP,XLP,0.5589208523672989,-0.37182653899254875,-0.9307473913598476
LMT,LXU,0.02978333686501784,-0.9011266002873245,-0.9309099371523424
HEI,LXU,0.04539894656760627,-0.885731445552671,-0.9311303921202773
CAG,WM,0.07321368614738717,-0.8581398915252337,-0.931353577672621
MSFT,QQQ,0.6151232373229149,-0.31644662727239975,-0.9315698645953145
PFE,VNQ,0.20776351705007595,-0.7238810960380618,-0.9316446130881377
BKSY,SCHW,0.14270396187621592,-0.7892645184067871,-0.931968480283003
ASIX,BAYRY,0.14697928036332814,-0.7855139170795881,-0.9324931974429163
KHC,KO,0.3221830998035324,-0.610808155516717,-0.9329912553202493
BA,FMC,0.16638251811443014,-0.7669829806060161,-0.9333654987204463
IRDM,SBUX,0.1179694867054123,-0.8157184001426987,-0.933687886848111
HPQ,TRV,0.1369793954138474,-0.797411256661398,-0.9343906520752454
IYR,LXU,0.11888420848232926,-0.8155546274381804,-0.9344388359205097
AMAT,FMC,0.11546876707015424,-0.8194342882309816,-0.9349030553011359
CPB,REGN,0.07532079890470829,-0.8598079325716396,-0.9351287314763479
AMAT,DOW,0.20346154051010173,-0.7318235481438867,-0.9352850886539885
HPQ,STLD,0.18097418621927744,-0.754430666548954,-0.9354048527682314
IRDM,IVZ,0.2187480361555433,-0.7170827228314126,-0.9358307589869559
FANG,PFE,0.07106689024419857,-0.8648682975702413,-0.9359351878144399
BX,FMC,0.17353724199316117,-0.762641080437271,-0.9361783224304321
HPQ,LMT,0.1436273977128845,-0.7927054120521246,-0.9363328097650091
BKSY,IBM,0.12627473413440443,-0.810171940417946,-0.9364466745523505
HPQ,REGN,0.10777776904379167,-0.82870914020143,-0.9364869092452217
MTSI,XLU,0.005553549147775122,-0.9313329105382643,-0.9368864596860395
HPQ,JNJ,0.16570978924680715,-0.7712730466095343,-0.9369828358563415
IRDM,MU,0.1272615108519072,-0.8099987493132585,-0.9372602601651657
ASIX,O,0.08525945305791323,-0.8520606505634543,-0.9373201036213675
FMC,MU,0.07934032709212185,-0.8591434907476275,-0.9384838178397494
AFL,IRDM,0.11414353283545434,-0.8244653685845472,-0.9386089014200015
DD,HPQ,0.23756374957334114,-0.7013127206010225,-0.9388764701743636
ARKK,ICL,0.18273996991322114,-0.7566559763423771,-0.9393959462555983
AMAT,CAG,0.05933846475614007,-0.8804621598659581,-0.9398006246220981
MPC,XLE,0.6102935550807963,-0.32962395773301717,-0.9399175128138135
CPB,HEI,0.06873153283729146,-0.8713006114557751,-0.9400321442930666
HPQ,NTR,0.2080770951966926,-0.7323187552349684,-0.940395850431661
CTVA,IPI,0.30141549707459714,-0.6391550587699384,-0.9405705558445355
CB,HPQ,0.10464001145298288,-0.836755905272231,-0.9413959167252138
GIS,USMV,0.42520225385206356,-0.5162479489663319,-0.9414502028183954
BKSY,CRWD,0.2012452028911373,-0.7404779544716249,-0.9417231573627622
FMC,PLD,0.16234443265530804,-0.7802717335498676,-0.9426161662051756
ARKK,ASIX,0.21883752052296396,-0.7241990232314611,-0.943036543754425
DVY,HMC,0.3698883984617953,-0.5733618162913209,-0.9432502147531161
HPQ,LRCX,0.2572153891555665,-0.686273279146242,-0.9434886683018086
DOW,PLD,0.16995233888790195,-0.7736476941132109,-0.9436000330011128
AEP,IRDM,0.03199175654578371,-0.9118252418271072,-0.9438169983728909
CAG,REGN,0.04388987226609155,-0.8999413794647654,-0.9438312517308569
BKSY,TDG,0.14590355081150636,-0.7980437814714209,-0.9439473322829273
CPB,XBI,0.05001436326491151,-0.8940174189416996,-0.9440317822066111
FMC,UNH,0.09445483381148706,-0.849611120096028,-0.9440659539075151
FMC,HEI,0.09764155510915816,-0.8470389940509033,-0.9446805491600615
IRDM,KMB,0.05797448081200854,-0.886780523834052,-0.9447550046460605
ALL,LXU,0.03105845439719634,-0.9139122057887694,-0.9449706601859658
BLK,PFE,0.14255713801167347,-0.8026596267003455,-0.945216764712019
LXU,MMM,0.06704204719369489,-0.8787161939116528,-0.9457582411053477
CAG,MU,0.03963612409403049,-0.906282718746931,-0.9459188428409615
CRWD,HPQ,0.0643350919575109,-0.8823261144857794,-0.9466612064432902
JPM,LXU,0.0730416724005088,-0.8745584479802992,-0.947600120380808
BEN,RKLB,0.2529802486615357,-0.6946810603200784,-0.947661308981614
IRDM,PLD,0.12857569871210098,-0.8192361659852104,-0.9478118646973114
KHC,VLO,0.05051054206364284,-0.8977395014544509,-0.9482500435180937
CAG,STLD,0.06101763976031019,-0.8872998455928827,-0.9483174853531928
KHC,STLD,0.051743435247723936,-0.8968277074263782,-0.9485711426741021
CTVA,DOW,0.3094626042659329,-0.6396098630384034,-0.9490724673043363
CAG,NUE,0.10371209484103827,-0.8454153545109645,-0.9491274493520028
LXU,RTX,0.07238998244957157,-0.8768216446879459,-0.9492116271375175
CPB,MPC,0.03231109359273789,-0.9170140755885535,-0.9493251691812914
FMC,LLY,0.06018115993319522,-0.8897143773267586,-0.9498955372599538
HMC,USMV,0.3191636167604028,-0.630734673468927,-0.9498982902293298
NEE,XLU,0.6917632859705197,-0.25822605986876845,-0.9499893458392882
HEI,KHC,0.028306084294863545,-0.9216958874032515,-0.9500019716981151
CAG,GOOGL,0.02260082689349878,-0.9275981219116377,-0.9501989488051364
CPB,IBM,0.12637909518359441,-0.8238336972935629,-0.9502127924771573
COST,PFE,0.16673743820795467,-0.7835441493229554,-0.9502815875309101
CW,HPQ,0.1171508067358659,-0.8331964591613465,-0.9503472658972124
ASIX,SO,0.03746289147962192,-0.9131827291725679,-0.9506456206521898
KHC,MPC,0.05696010944461339,-0.8937054281774439,-0.9506655376220573
QQQ,SEDG,0.2512657031921874,-0.6994928170019602,-0.9507585201941475
GOOGL,HPQ,0.11886429300881467,-0.832740394184018,-0.9516046871928326
GD,LXU,0.0519225081544161,-0.8996950516938773,-0.9516175598482934
GD,HPQ,0.1651622056955998,-0.7870315111276275,-0.9521937168232273
DG,HPQ,0.06707708735912515,-0.885177477061744,-0.9522545644208691
FANG,IRDM,0.07707599863826263,-0.8752193236258453,-0.952295322264108
CAG,MTSI,0.00272980330940565,-0.9495963811151901,-0.9523261844245957
CPB,VUG,0.08189337715292484,-0.8704676527131344,-0.9523610298660593
STLD,XLU,0.10798559207113517,-0.8449245852328153,-0.9529101773039506
DUK,FMC,0.10715011250096874,-0.8467175264707462,-0.9538676389717149
LXU,RKLB,0.0611663975384599,-0.8929058485048185,-0.9540722460432783
LXU,MCD,0.05168611084466369,-0.9026660650892919,-0.9543521759339556
IRDM,SCHW,0.15366293985787893,-0.8010002988561051,-0.9546632387139841
CAG,FANG,0.031388497941324846,-0.9232822861036124,-0.9546707840449372
CPB,XOM,0.16530114892783968,-0.7894195963697419,-0.9547207452975816
IRDM,WM,0.06485368210690648,-0.8901505754622844,-0.9550042575691908
LLY,LXU,0.04665506633136895,-0.908644284496703,-0.9552993508280719
PEP,PFE,0.25501826667665606,-0.7003079514687738,-0.9553262181454298
AFL,ICL,0.08576946437306893,-0.8697800466884198,-0.9555495110614887
HPQ,RTX,0.20760907168040718,-0.7479483437753746,-0.9555574154557818
SPLV,XLP,0.7918782078352552,-0.16373724363664974,-0.955615451471905
ASIX,CRWD,0.028007646607154636,-0.9276080819424963,-0.9556157285496509
BX,KHC,0.0793726120303545,-0.8768298201433444,-0.9562024321736989
BKSY,MTSI,0.2560674250858411,-0.7004081154944501,-0.9564755405802913
KHC,PSX,0.07719014138807011,-0.8793995800156842,-0.9565897214037543
CSCO,IRDM,0.1444917591271461,-0.8122648576800079,-0.956756616807154
GOOGL,LXU,0.07268118038114574,-0.8843124798912255,-0.9569936602723712
FMC,SO,0.10917267941385747,-0.8479050094327742,-0.9570776888466317
CPB,LMT,0.10102722745464998,-0.8563714164643479,-0.9573986439189979
COST,LXU,0.0280392554894282,-0.9301933495006532,-0.9582326049900814
IRDM,PSX,0.10715593588473656,-0.8513394533440151,-0.9584953892287517
BEN,USMV,0.4403169163213766,-0.5185812459934313,-0.9588981623148078
HPQ,ORCL,0.25792244269274783,-0.7012540273882741,-0.9591764700810219
HPQ,VNQ,0.18243390838760892,-0.7768817908729875,-0.9593156992605965
IRDM,LRCX,0.17982755249872065,-0.7802670054504721,-0.9600945579491927
FMC,IBM,0.1298173387936927,-0.8303967113401303,-0.960214050133823
LXU,PLTR,0.045512084296657714,-0.9151156579647949,-0.9606277422614526
CPB,MRK,0.20023318917582714,-0.7605253596481676,-0.9607585488239947
MCD,PFE,0.2360895768808114,-0.7249858092680016,-0.961075386148813
BKSY,NUE,0.19391702376799408,-0.7672103584185536,-0.9611273821865476
CW,LXU,0.06363683172705467,-0.8975848642309076,-0.9612216959579623
SPLV,VZ,0.4125089008953288,-0.5487575597961879,-0.9612664606915167
HPQ,NOC,0.1319304880961099,-0.8301128135377215,-0.9620433016338314
IRDM,RKLB,0.15326303326670848,-0.8091870280344146,-0.9624500613011231
IRDM,PG,0.040845608229244976,-0.9219089601694063,-0.9627545683986513
LXU,REGN,0.040640694874533326,-0.9221280943209074,-0.9627687891954407
HPQ,PEP,0.17260799623447096,-0.7907201286822249,-0.9633281249166958
CAG,DD,0.12226096065162467,-0.841069334777266,-0.9633302954288907
ALL,FMC,0.11993777762892027,-0.843795530803188,-0.9637333084321082
AFL,XLU,0.2114238004751603,-0.7523323492504311,-0.9637561497255914
LXU,NOC,0.062405492146900374,-0.9027525808166674,-0.9651580729635678
CB,DOW,0.15770318314297085,-0.8077928869388483,-0.9654960700818191
ABBV,DOW,0.11044691075161171,-0.8551577336915377,-0.9656046444431494
COST,FMC,0.08738827423835227,-0.878632735107536,-0.9660210093458883
DG,FMC,0.1179750119190196,-0.8488366195205508,-0.9668116314395704
ABBV,FMC,0.07764983051374279,-0.8893724455271634,-0.9670222760409062
DOW,UNH,0.12265121437446357,-0.8445557006154307,-0.9672069149898943
FMC,PEP,0.111862951312061,-0.8553907031339132,-0.9672536544459742
FMC,RKLB,0.0780366800925153,-0.8893008070993146,-0.9673374871918299
FMC,JPM,0.15007811315493946,-0.8172790385000187,-0.9673571516549582
FMC,TRV,0.13304667619170993,-0.8343248896677988,-0.9673715658595088
SCHD,SHEL,0.41341954091903593,-0.5549356730691762,-0.9683552139882121
CPB,CVX,0.12292761852592252,-0.8460123371507033,-0.9689399556766258
SCHD,SMG,0.3214733186540172,-0.6475084911704869,-0.9689818098245041
XLE,XOM,0.833363831681807,-0.13632317919799797,-0.969687010879805
HPQ,MMM,0.23497373688588544,-0.7348908577863911,-0.9698645946722765
CPB,UNH,0.11271968999475096,-0.8571964346913032,-0.9699161246860541
FMC,VNQ,0.1890558053993438,-0.7810641201262261,-0.9701199255255699
HPQ,LLY,0.14405771163376951,-0.8262321282655617,-0.9702898398993312
ABBV,XLV,0.5366707510881062,-0.4336614010367095,-0.9703321521248158
DOW,REGN,0.12814244426995713,-0.8424630512591997,-0.9706054955291569
IRDM,MRK,0.07962035474538907,-0.8914528426726406,-0.9710731974180297
ASIX,DUK,0.029773931887390984,-0.9419478583527079,-0.9717217902400989
ASIX,PG,0.025010318101269104,-0.9469266434875182,-0.9719369615887873
ASIX,RKLB,0.09788392961783679,-0.8745435681918202,-0.972427497809657
CAG,CW,0.05703452465651112,-0.9153977847520112,-0.9724323094085223
CPB,DE,0.1143110954487704,-0.8585198814274255,-0.9728309768761959
KHC,LLY,0.04473423039285,-0.9288131625643332,-0.9735473929571832
ASIX,LLY,0.01193624193259026,-0.961824858312284,-0.9737611002448743
BA,BKSY,0.17692456204952053,-0.7975945740534739,-0.9745191361029945
DE,LXU,0.08275839191857445,-0.8919585247529886,-0.9747169166715631
DOW,IYR,0.19710590185576216,-0.7776268564902571,-0.9747327583460192
BKSY,MMM,0.16930828763501188,-0.805729581086903,-0.9750378687219148
BKSY,HEI,0.1938686032648497,-0.7814965118226379,-0.9753651150874876
RF,SCHD,0.5210381789135263,-0.4544799234268968,-0.9755181023404231
FMC,NOC,0.1282606688415914,-0.8475792384746585,-0.9758399073162499
CPB,TDG,0.061026415368210116,-0.9150461978147689,-0.976072613182979
FMC,XOM,0.18553441171770566,-0.790539408936886,-0.9760738206545917
NUE,XLU,0.1313473080108361,-0.8452865888120038,-0.9766338968228399
CAG,HEI,0.0775076751061527,-0.8997678096800565,-0.9772754847862093
DOW,TDG,0.13953443616485356,-0.8379920316444869,-0.9775264678093405
IRDM,PM,0.07660010394038722,-0.9012434299659845,-0.9778435339063717
PFE,VUG,0.21210511157468287,-0.7657556145299407,-0.9778607261046235
CW,KHC,0.053768368605528166,-0.9242467877364542,-0.9780151563419823
CPB,GD,0.12548156183089304,-0.8527923287122128,-0.9782738905431059
ICL,SO,0.022877117501850203,-0.9555354039093156,-0.9784125214111657
BEN,DVY,0.581563919392606,-0.39734081076579475,-0.9789047301584007
DOW,QQQ,0.15070561460876106,-0.8285515859753585,-0.9792572005841196
CAG,XBI,0.06776103958269192,-0.9116262051260502,-0.9793872447087422
CAG,XOM,0.14013488324171755,-0.8392525014391459,-0.9793873846808634
DG,LXU,0.04285154635761885,-0.9368113925852276,-0.9796629389428465
MPC,PFE,0.11254661928707606,-0.8675715593108234,-0.9801181785978995
DVY,VZ,0.411548584557006,-0.5687603018928102,-0.9803088864498162
HPQ,MCD,0.19736457818698572,-0.7829783209013866,-0.9803428990883724
ASIX,MRK,0.04665697709229479,-0.9338057757759002,-0.980462752868195
KHC,TDG,0.052826889260620714,-0.9277002423365756,-0.9805271315971963
AEP,FMC,0.11836197353076801,-0.862238622458328,-0.9806005959890961
PSX,XLE,0.6643354135045727,-0.3163987951145566,-0.9807342086191293
BKSY,ORCL,0.18142631854786,-0.7999247878885709,-0.9813511064364309
FMC,HII,0.07871370968002185,-0.9028433684306508,-0.9815570781106727
HPQ,PM,0.0870856487034615,-0.894603432933371,-0.9816890816368324
CAT,CPB,0.1128665046552189,-0.868843609756336,-0.9817101144115549
CPB,RTX,0.1540356780168775,-0.8277464295518421,-0.9817821075687196
CAT,LXU,0.08427840783383118,-0.8975169557128213,-0.9817953635466525
KHC,NUE,0.08432293966963332,-0.8975947083801673,-0.9819176480498006
AMAT,IRDM,0.18337346082360204,-0.798668293475211,-0.982041754298813
DE,KHC,0.05729437318956668,-0.9248556283014157,-0.9821500014909823
PM,XLP,0.5371635278447124,-0.44510151482410415,-0.9822650426688166
LXU,STLD,0.13432246373847886,-0.848000607737548,-0.9823230714760269
CPB,HON,0.14474535955549583,-0.837592908160911,-0.9823382677164069
ASIX,DG,0.04837527372648884,-0.9341342273632463,-0.9825095010897351
ICL,MRK,0.04441011411421773,-0.9385637199325553,-0.982973834046773
BLK,CPB,0.0910363844622129,-0.8923773455128133,-0.9834137299750263
CPB,DG,0.1482168714600287,-0.8355955582291972,-0.9838124296892259
CAG,IBM,0.11202752399535221,-0.8718087221883971,-0.9838362461837493
VLO,XLU,0.12125190201616197,-0.8630819183174805,-0.9843338203336425
CTVA,IRDM,0.13377568836027898,-0.8509221713607582,-0.9846978597210372
CSCO,KHC,0.12356117730043073,-0.861260644903402,-0.9848218222038327
ORCL,XLU,0.131323834840646,-0.8534987053606568,-0.9848225402013028
CW,FMC,0.11594955377754018,-0.8692220252289862,-0.9851715790065263
VYM,VZ,0.40101110711200627,-0.5842471961389862,-0.9852583032509925
BKSY,VNQ,0.21883101689524473,-0.7668603542837928,-0.9856913711790376
ASIX,PEP,0.0363429939763842,-0.9493715709481413,-0.9857145649245255
CPB,JPM,0.14258842164721228,-0.8431946552174316,-0.985783076864644
IRDM,PEP,0.07118985754188402,-0.9151214065445974,-0.9863112640864814
HMC,VYM,0.41433322078425605,-0.57199005582126,-0.986323276605516
CPB,NOC,0.13315237680251912,-0.8535602634043125,-0.9867126402068316
FMC,LMT,0.12297079707174942,-0.863971071769115,-0.9869418688408644
GOOGL,XLU,0.10946764679213652,-0.8778355822784124,-0.9873032290705489
FMC,NUE,0.22316370614603961,-0.7644744198697581,-0.9876381260157977
COST,HPQ,0.14748153611448767,-0.8401819260306107,-0.9876634621450984
DVY,XLP,0.6183306198190949,-0.3693364879628018,-0.9876671077818966
KHC,QQQ,0.06048469515072332,-0.9272101586350358,-0.987694853785759
ICL,PLD,0.09231466263809003,-0.8955526366694591,-0.9878672993075491
CPB,HII,0.0853334630832594,-0.9025801268464724,-0.9879135899297318
DOW,USMV,0.19162498367594766,-0.7966158657508661,-0.9882408494268138
KHC,SBUX,0.16126003001562997,-0.8271947357491123,-0.9884547657647422
IRDM,XOM,0.0809427532088534,-0.9080945770995928,-0.9890373303084462
DE,HPQ,0.1846659454732962,-0.8044521295464314,-0.9891180750197276
FMC,JNJ,0.12956362496328383,-0.8597511769778785,-0.9893148019411624
FMC,GD,0.13087559495265547,-0.8586424861738354,-0.9895180811264909
CVX,IRDM,0.11409730049813238,-0.8755280514964209,-0.9896253519945533
ICL,IYR,0.11658900783339321,-0.8731280261020664,-0.9897170339354596
CAT,HPQ,0.20275130328540986,-0.7875068475852272,-0.990258150870637
REGN,XLU,0.08835646772920176,-0.9023748109565124,-0.9907312786857142
FANG,XLE,0.7134686716886712,-0.2778703835994075,-0.9913390552880788
LXU,VNQ,0.13674721835198286,-0.8547633143850688,-0.9915105327370517
HPQ,PLTR,0.12894674978882287,-0.8631427918434201,-0.992089541632243
DD,KHC,0.10112973286819259,-0.891525639927318,-0.9926553727955106
DOW,TRV,0.1565169268960367,-0.836267908583061,-0.9927848354790977
ICL,KMB,0.049746591123435,-0.9430507397301868,-0.9927973308536219
CPB,KMB,0.22228271291998575,-0.7710515974712983,-0.993334310391284
MCHP,SCHD,0.46901532062836643,-0.5245166804188814,-0.9935320010472479
IRDM,LLY,0.06443899522175255,-0.9293518259629493,-0.9937908211847019
BKSY,IYR,0.22375679921865196,-0.7701461412659434,-0.9939029404845954
ICL,LRCX,0.08845026232440381,-0.9055278953074233,-0.9939781576318271
IRDM,IYR,0.17427040606069016,-0.8198263892133515,-0.9940967952740416
BA,XLU,0.13510752193653497,-0.8590108362310093,-0.9941183581675442
ASIX,ORCL,0.06540819868216038,-0.9289037555632882,-0.9943119542454486
IRDM,MCD,0.07125063025062742,-0.9231073278081939,-0.9943579580588213
AEP,ICL,0.01912416311521123,-0.9754642035385065,-0.9945883666537177
CVX,XLE,0.8258098547551698,-0.1689967673505111,-0.9948066221056808
ASIX,SBUX,0.11793391667026083,-0.877591657356598,-0.9955255740268589
KHC,RTX,0.08504283283799215,-0.91068756400956,-0.9957303968475522
DUK,ICL,0.023627569489007717,-0.9724276017784296,-0.9960551712674373
CAT,KHC,0.06905186293548837,-0.9272989729691338,-0.9963508359046221
BKSY,RKLB,0.41972081385789894,-0.5767706856078205,-0.9964914994657195
LXU,SPLV,0.14208130395936525,-0.85484413736834,-0.9969254413277052
JPM,KHC,0.08005157510183301,-0.9171018200988633,-0.9971533952006963
CVX,FMC,0.17139638249407496,-0.8258740841181156,-0.9972704666121905
DOW,VNQ,0.20183016182861677,-0.7955898234261266,-0.9974199852547434
CB,LXU,0.07784442212908949,-0.9196036825494042,-0.9974481046784937
AEP,ASIX,0.04875923745957176,-0.9487810935586455,-0.9975403310182173
CB,IRDM,0.08790685782101477,-0.9097102689753348,-0.9976171267963496
CRWD,ICL,0.04566480380854817,-0.9519702896619958,-0.997635093470544
CAG,VUG,0.10711219664614581,-0.891116000643368,-0.9982281972895138
PFE,PSX,0.10837162590915939,-0.8898915170537475,-0.9982631429629069
CW,DOW,0.1841014127756923,-0.8141654398740987,-0.9982668526497911
CRWD,LXU,0.06176998480308847,-0.9365165834315401,-0.9982865682346286
CAG,QQQ,0.05457100297561859,-0.9438001368078098,-0.9983711397834284
ICL,SPLV,0.1241945748227124,-0.8749654551941292,-0.9991600300168415
FMC,HON,0.19060346958111155,-0.8086201067481591,-0.9992235763292706
CPB,QQQ,0.0849361919530883,-0.9143601966687044,-0.9992963886217927
DG,ICL,0.05135395379556858,-0.9480181455952662,-0.9993720993908348
ABBV,IRDM,0.05606082482355555,-0.9439723215088869,-1.0000331463324423
DOW,FITB,0.3872608827849266,-0.6130773941608217,-1.0003382769457483
CSCO,ICL,0.0956434617052219,-0.9047575726351349,-1.0004010343403569
ALL,IRDM,0.08935177544685217,-0.9111190887769984,-1.0004708642238507
PFE,PM,0.15515497908471587,-0.8456363440482697,-1.0007913231329857
FMC,GOOGL,0.1106729379975383,-0.8902260960947488,-1.0008990340922872
DVN,MPC,0.4425976139690525,-0.5584516410494298,-1.0010492550184824
CPB,MMM,0.17711058390257312,-0.8239645561035696,-1.0010751400061426
CAG,KMB,0.19517117551766383,-0.8059127990225582,-1.001083974540222
CB,FMC,0.13340336763900543,-0.8677363246684568,-1.0011396923074622
CAG,MPC,0.06680070457548236,-0.9346481757627919,-1.0014488803382742
ASIX,PM,0.05783076368364936,-0.9437783165636752,-1.0016090802473245
BKSY,DVY,0.21706384945608218,-0.784784877422353,-1.0018487268784353
FMC,PM,0.11071744271907955,-0.8911561576138761,-1.0018736003329556
LXU,PM,0.0594442652364515,-0.9424421194325581,-1.0018863846690096
IRDM,VLO,0.11643241715139452,-0.885613605817327,-1.0020460229687216
IRDM,TRV,0.08362790195053908,-0.9188822985408279,-1.002510200491367
IRDM,LMT,0.07672302785559393,-0.926227090120171,-1.002950117975765
FMC,MCD,0.13676728435401878,-0.8662203076985052,-1.002987592052524
CPB,PSX,0.06483912898468089,-0.9382731769110435,-1.0031123058957243
HII,PFE,0.13634931919738727,-0.8670526306694077,-1.003401949866795
ICL,WM,0.052208238619196864,-0.9512162432830282,-1.003424481902225
PFE,QQQ,0.1793224170304181,-0.824288645335865,-1.003611062366283
CAG,UNH,0.10991413056822878,-0.8940637344085274,-1.0039778649767561
CAG,NOC,0.11370576586378227,-0.8903129269836506,-1.0040186928474328
ASIX,WM,0.08132487656079643,-0.9232917473097261,-1.0046166238705225
CPB,PLD,0.17489683231640374,-0.8298436245239262,-1.00474045684033
XBI,XLU,0.1265736703157076,-0.8782785892533961,-1.0048522595691036
CAG,MRK,0.17873339983371705,-0.826197175662282,-1.0049305754959992
MRK,PFE,0.42275584133102845,-0.5823129345130431,-1.0050687758440715
IRDM,STLD,0.15586494880520607,-0.8493236206523712,-1.0051885694575773
IRDM,JNJ,0.08611534589299208,-0.9195628370569733,-1.0056781829499655
CAG,DG,0.1409985080117182,-0.8647035074774323,-1.0057020154891505
CAG,PLD,0.14930610037989794,-0.8564845699743437,-1.0057906703542416
HPQ,MU,0.2639970580552716,-0.7418848976627073,-1.005881955717979
DG,IRDM,0.07267273193084745,-0.9338434135919605,-1.006516145522808
ICL,REGN,0.03182240652416271,-0.9757912061365273,-1.00761361266069
ICL,LLY,0.02186463456779883,-0.9863609185330524,-1.0082255531008513
SCHD,UAN,0.14906035178033303,-0.8594198743950024,-1.0084802261753354
CB,CPB,0.12496338756726075,-0.8837749627639505,-1.0087383503312113
CPB,TRV,0.16025248408846884,-0.8485616246247076,-1.0088141087131766
KHC,LMT,0.08350718855570981,-0.9253898735481021,-1.0088970621038118
IRDM,ORCL,0.11835597466828611,-0.8909411362489233,-1.0092971109172095
CAG,DE,0.10760901668086248,-0.901848770082835,-1.0094577867636976
ICL,PLTR,0.09241283863397882,-0.9172409938595538,-1.0096538324935327
BKSY,CW,0.2397738653820716,-0.769930005621906,-1.0097038710039776
CTVA,HPQ,0.21934445758572954,-0.7905552073474672,-1.0098996649331968
VYM,XLV,0.6645520886870925,-0.3453564025667372,-1.0099084912538296
DD,XLU,0.17186621712704608,-0.8381667456860068,-1.0100329628130529
FMC,XBI,0.16221313755668523,-0.8478451643736487,-1.010058301930334
FMC,MTSI,0.08906039720354476,-0.9210102409590237,-1.0100706381625686
MPC,XLU,0.07978766305091804,-0.931556181905011,-1.011343844955929
HPQ,SPLV,0.2277161059052614,-0.784108635671795,-1.0118247415770565
IRDM,NOC,0.07837442669513557,-0.933555243030818,-1.0119296697259537
CRWD,SCHD,0.060485179378809005,-0.9516346831506297,-1.0121198625294388
MRK,XLU,0.1800994276044522,-0.8322076276939465,-1.0123070552983986
CAG,JPM,0.1348459748229284,-0.8778707560489252,-1.0127167308718537
HII,KHC,0.09654370539157628,-0.9166156506326351,-1.0131593560242114
ALL,CPB,0.14917325356033964,-0.8642013814089261,-1.0133746349692658
COST,IRDM,0.08764729932107149,-0.9260568754556712,-1.0137041747767426
ASIX,COST,0.05618163499201883,-0.9575421302068648,-1.0137237651988837
ASIX,PLTR,0.10301635333879508,-0.9107141164413642,-1.0137304697801592
VYM,XLP,0.6395868593192169,-0.3741676416314771,-1.0137545009506939
BEN,VYM,0.6097318999463311,-0.40422148833948074,-1.0139533882858118
ALL,DOW,0.1845390290517001,-0.8298680630097055,-1.0144070920614057
PSX,XLU,0.08575500642808956,-0.9287963412690408,-1.0145513476971304
ICL,PG,0.05041581032072422,-0.9642904584115958,-1.01470626873232
ABBV,LXU,0.05012487388264902,-0.9646588498745106,-1.0147837237571595
ARKK,IRDM,0.31084056629342943,-0.7039827500944709,-1.0148233163879004
ASIX,GOOGL,0.10098056430361654,-0.9142638106102526,-1.015244374913869
ICL,XBI,0.0788351616807188,-0.9366603315981816,-1.0154954932789004
BX,HPQ,0.23037618030349277,-0.785150766662867,-1.0155269469663597
CAG,CVX,0.1269482616008156,-0.8887888754348052,-1.0157371370356207
ABBV,ASIX,0.06177258149272768,-0.9545694292027044,-1.016342010695432
CPB,IYR,0.23776174692571447,-0.7786253806122154,-1.01638712753793
BKSY,CAT,0.2370481631893649,-0.7795863937858576,-1.0166345569752224
ABBV,CPB,0.12666390287857132,-0.8900727723067814,-1.0167366751853528
IRDM,MPC,0.12957742266972314,-0.887481852063246,-1.0170592747329692
FMC,STLD,0.20956356820374897,-0.8076791516414665,-1.0172427198452154
KHC,XOM,0.12295916613224474,-0.8951127435064957,-1.0180719096387405
ASIX,REGN,0.05592633848155163,-0.9622013035952491,-1.0181276420768008
CAG,HON,0.14479779674931706,-0.8737630433157288,-1.0185608400650459
CAG,GD,0.1182621580055672,-0.900337593387051,-1.0185997513926182
ICL,MU,0.09525817776409501,-0.9234223253119201,-1.018680503076015
KHC,O,0.22652629652187273,-0.792295595464363,-1.0188218919862357
ICL,VNQ,0.11425016269218465,-0.9048866900318062,-1.0191368527239908
GOOGL,IRDM,0.1549419738163683,-0.8644196358860989,-1.0193616097024671
DOW,RTX,0.21458641538364126,-0.8053970854250424,-1.0199835008086837
HPQ,XBI,0.1919380200455801,-0.828360658854402,-1.0202986788999822
CAG,IYR,0.21336514931421857,-0.8069425082566051,-1.0203076575708236
ICL,UAN,0.15372781336525454,-0.8666826799440501,-1.0204104933093046
AFL,KHC,0.14468301191931082,-0.8762565449876016,-1.0209395569069124
HPQ,JPM,0.2429720034717767,-0.7783382791538602,-1.0213102826256368
AMAT,HPQ,0.31256670408907966,-0.7088163464150887,-1.0213830505041683
IRDM,VNQ,0.16500005702406867,-0.8570371657530134,-1.022037222777082
GOOGL,ICL,0.0863524355506943,-0.935765195086313,-1.0221176306370072
ABBV,ICL,0.044643162188853544,-0.977592679029487,-1.0222358412183405
ICL,PEP,0.04479421512975886,-0.9777053690094134,-1.0224995841391722
ABBV,HPQ,0.10270876709286031,-0.920139427492941,-1.0228481945858012
DG,KHC,0.14045838290831728,-0.8824673754435366,-1.0229257583518538
KHC,REGN,0.09721880557793434,-0.9261814829850047,-1.023400288562939
DOW,SCHW,0.26804258898694727,-0.7555402067122416,-1.023582795699189
CAG,LMT,0.1207003905685712,-0.9028924051494736,-1.0235927957180448
ASIX,TTMI,0.21905539671670332,-0.8051898676100265,-1.02424526432673
FMC,RTX,0.19382805699272085,-0.8306616436191745,-1.0244897006118954
BX,XLU,0.18337201001525136,-0.8411331384235124,-1.0245051484387637
KHC,NOC,0.10407794457872145,-0.9205853932294191,-1.0246633378081407
CAG,PSX,0.07989928362913566,-0.9447682037942206,-1.0246674874233561
ABBV,CAG,0.1082744725317089,-0.9164484346441729,-1.0247229071758819
BKSY,USMV,0.22485720289658778,-0.7999994222570287,-1.0248566251536164
BX,DOW,0.20384038295634127,-0.821460483499895,-1.0253008664562362
COST,CPB,0.13907809455184525,-0.8864257226375954,-1.0255038171894406
BKSY,JPM,0.22557882226363768,-0.8008455781405979,-1.0264244004042355
ASIX,MU,0.13813472462986842,-0.8885930150938565,-1.0267277397237249
CRWD,IRDM,0.1441157419931707,-0.8826723328164383,-1.026788074809609
HEI,XLU,0.11927153487318295,-0.9078288938047472,-1.0271004286779302
DOW,IBM,0.1917315736057837,-0.8355475089987894,-1.027279082604573
ICL,NOC,0.050679583973225535,-0.9766721213880487,-1.0273517053612742
LXU,VUG,0.16448642313337894,-0.8629349875273474,-1.0274214106607265
BLK,CAG,0.10337891462111921,-0.9241217790721439,-1.0275006936932631
KHC,UNH,0.10839373205573963,-0.9193446688170617,-1.0277384008728012
FMC,MMM,0.20119696764267544,-0.8268399492921393,-1.0280369169348147
DOW,HII,0.20613319385975054,-0.8220474642751653,-1.0281806581349158
FMC,NTR,0.2974662783205887,-0.7309687022422635,-1.028434980562852
IRDM,NUE,0.16059823213807684,-0.8681413689726599,-1.0287396011107368
CVX,KHC,0.12532002294698433,-0.9035078489178286,-1.028827871864813
CAG,RTX,0.15173508196528243,-0.8771799339865618,-1.0289150159518443
CAG,CB,0.11052121998823901,-0.918546011403205,-1.029067231391444
FMC,QQQ,0.14175808428372155,-0.8878249133173872,-1.0295829976011088
ASIX,VIG,0.3406567311660978,-0.6889752625209432,-1.029631993687041
FANG,HPQ,0.14682032399857256,-0.8833746268931597,-1.0301949508917323
DVN,PSX,0.49271011763084394,-0.5377771662275432,-1.0304872838583872
BA,DOW,0.2215183735655822,-0.8094294588889357,-1.0309478324545178
ICL,LMT,0.04950390186419347,-0.9814978549299345,-1.0310017567941279
FMC,TDG,0.14172508884761517,-0.8893135799041044,-1.0310386687517197
ABBV,KHC,0.1248047077206421,-0.9063565120817972,-1.0311612198024394
FANG,FMC,0.1482150442127056,-0.8833655158742234,-1.031580560086929
ICL,ORCL,0.08803981415121107,-0.9436345756538574,-1.0316743898050684
PFE,SPLV,0.3555022748569828,-0.6767797373637113,-1.0322820122206942
ASIX,MCD,0.07685587711659211,-0.9558650514013686,-1.0327209285179606
COST,KHC,0.10099733004980484,-0.9317518740188935,-1.0327492040686983
AFL,DOW,0.26093554841645256,-0.77192312434373,-1.0328586727601825
IRDM,UNH,0.10934084221542704,-0.9236325422017739,-1.0329733844172009
RKLB,XLU,0.12134029078889773,-0.9116639892628001,-1.0330042800516979
ASIX,UAN,0.20614532005321679,-0.8276197519402922,-1.033765071993509
ICL,RKLB,0.11844038134491755,-0.9154753864433085,-1.033915767788226
CAG,CAT,0.12093552439140534,-0.912991222495133,-1.0339267468865383
BKSY,XBI,0.3299344152632896,-0.7045563286108605,-1.0344907438741502
BA,IRDM,0.1432420473278116,-0.8913251805529104,-1.034567227880722
AMAT,ICL,0.11032034754629177,-0.9244564646452837,-1.0347768121915755
IRDM,SPLV,0.1881255876286261,-0.8467800321750942,-1.0349056198037203
LXU,MTSI,0.10573036301756206,-0.9303104016418293,-1.0360407646593914
ASIX,LRCX,0.1779696130097961,-0.8584252510909952,-1.0363948641007914
ICL,STLD,0.11115860029209484,-0.9256128861918581,-1.036771486483953
CAG,MMM,0.16189210845586666,-0.8749171018153494,-1.036809210271216
D,SCHD,0.35057254299694673,-0.6868135724159914,-1.037386115412938
BLK,FMC,0.17135721431745327,-0.8664204305339658,-1.037777644851419
ICL,UNH,0.06340727881323817,-0.9744618693452242,-1.0378691481584623
CTVA,FMC,0.3614250573047664,-0.6765315551245423,-1.0379566124293087
DD,IRDM,0.1683441945193012,-0.8698389023390292,-1.0381830968583303
DG,XLU,0.13493047627231833,-0.9034145037232976,-1.038344979995616
IRDM,REGN,0.0988660395155932,-0.9396999599824418,-1.038565999498035
CAG,COST,0.11778338221637698,-0.920954872480195,-1.038738254696572
BX,LXU,0.16985559457302052,-0.8690404829251255,-1.038896077498146
LXU,UAN,0.22491552793317204,-0.8158900507616014,-1.0408055786947734
LXU,QQQ,0.10633524058679805,-0.9345110174761616,-1.0408462580629596
HPQ,TDG,0.14161350573738857,-0.8995420221886203,-1.041155527926009
GD,KHC,0.1188393690366745,-0.9226505670853556,-1.0414899361220302
IRDM,PLTR,0.1334418461934251,-0.9080830459386579,-1.041524892132083
BLK,HPQ,0.19110433777971553,-0.8506907822683262,-1.0417951200480418
CPB,LLY,0.16358021380215423,-0.8782176277218106,-1.0417978415239648
ARKK,BKSY,0.42660413451436086,-0.6156342531075191,-1.04223838762188
CAG,TDG,0.10396272751985149,-0.9390642617327869,-1.0430269892526385
IBM,KHC,0.136410320427624,-0.9066939198542117,-1.0431042402818356
FMC,MPC,0.15111538928813856,-0.8920929213496249,-1.0432083106377634
ASIX,JNJ,0.08925367224267168,-0.9546678707659497,-1.0439215430086215
IRDM,MMM,0.12646298143947043,-0.9175494104585593,-1.0440123918980297
CAT,XLU,0.12699495352926335,-0.9173505970231761,-1.0443455505524395
ASIX,CSCO,0.14598414685937638,-0.8984669620377891,-1.0444511088971655
ASIX,SPLV,0.1951315114156251,-0.8495553462025469,-1.044686857618172
ICL,JNJ,0.06496349891178531,-0.979984139686983,-1.0449476385987682
ALL,ICL,0.0783755534193245,-0.9667938821524669,-1.0451694355717913
ICL,MCD,0.062050266380593834,-0.983507661126804,-1.0455579275073978
DOW,IVZ,0.3935241131807307,-0.652230878684796,-1.0457549918655267
DD,FMC,0.2613858247803382,-0.7844315197168545,-1.0458173444971928
KHC,MRK,0.15398652133001695,-0.8918931018121434,-1.0458796231421603
HON,KHC,0.1382553379138883,-0.9085014558774379,-1.0467567937913262
DE,XLU,0.13678197746526463,-0.9104244869818181,-1.0472064644470827
CAG,DUK,0.15990998800216302,-0.8873211504054669,-1.0472311384076298
HII,XLU,0.1018138106164828,-0.9460401108053825,-1.0478539214218654
COST,ICL,0.0620426301174875,-0.985922285663137,-1.0479649157806246
CAG,TRV,0.16291080868751528,-0.885935577796511,-1.0488463864840263
CPB,PG,0.26307701717019877,-0.7858289452701389,-1.0489059624403376
ICL,TRV,0.07709225835852732,-0.9734100725293994,-1.0505023308879267
KHC,MMM,0.14314935794998998,-0.9074100751543663,-1.0505594331043564
USMV,VZ,0.3832527151348664,-0.6680454877270442,-1.0512982028619107
BLK,KHC,0.12639402242207895,-0.9249864517287146,-1.0513804741507935
DE,FMC,0.20059879468057998,-0.8520656697070851,-1.052664464387665
ALL,CAG,0.15263327000296995,-0.9000551949802222,-1.0526884649831922
IRDM,MTSI,0.16823805958938962,-0.8854700633737631,-1.0537081229631526
D,XLU,0.6820797913953153,-0.3726722587442424,-1.0547520501395578
BKSY,BLK,0.24445736909013308,-0.8104664996679423,-1.0549238687580753
IRDM,TDG,0.12825890948744517,-0.9277481500802138,-1.056007059567659
UNH,XLU,0.14834312052719573,-0.9080764978150048,-1.0564196183422006
O,XLU,0.4061334389734942,-0.6508090270212118,-1.056942465994706
DE,IRDM,0.13535890793505886,-0.9216642680096538,-1.0570231759447126
HEI,ICL,0.08388717270643181,-0.9736767364908221,-1.057563909197254
CPB,MCD,0.1965469099737214,-0.8615505399917031,-1.0580974499654245
HPQ,RKLB,0.19195746807318986,-0.8678421564395371,-1.059799624512727
ICL,VLO,0.11206272387686662,-0.948241404448004,-1.0603041283248706
PFE,XBI,0.26364124090471863,-0.7967969321774999,-1.0604381730822185
C,DOW,0.3547700790683115,-0.7058355138423251,-1.0606055929106366
ICL,PM,0.08537153764511697,-0.9754898694436497,-1.0608614070887668
ICL,NUE,0.12919452644300142,-0.9319775397107009,-1.0611720661537023
IRDM,JPM,0.15114894772701024,-0.9105011126838018,-1.0616500604108121
PLTR,SCHD,0.13790854870942817,-0.923973343769454,-1.0618818924788822
ICL,MTSI,0.0973670828882632,-0.9648679760813996,-1.0622350589696627
CAG,HII,0.13356227745925997,-0.9287176911994773,-1.0622799686587374
HPQ,MTSI,0.16657697723220136,-0.8958136764369584,-1.0623906536691599
FMC,VUG,0.25016236238319706,-0.8124175022448409,-1.062579864628038
AMAT,ASIX,0.18254175623738753,-0.8801568024324177,-1.0626985586698052
ALL,KHC,0.14800653349254947,-0.9155724000383356,-1.0635789335308852
GD,IRDM,0.13152252127079214,-0.9321695109857223,-1.0636920322565144
FMC,USMV,0.21555044294436196,-0.8484197275723167,-1.0639701705166786
BX,IRDM,0.19464890940484483,-0.8695217564343045,-1.0641706658391494
BKSY,VUG,0.34565224405739964,-0.7192293493783416,-1.0648815934357412
ASIX,UNH,0.1070303770853804,-0.9594015286655219,-1.0664319057509022
KHC,WM,0.17211746693119967,-0.8944060842877479,-1.0665235512189475
IBM,ICL,0.09976618838719448,-0.9693904657356884,-1.069156654122883
HPQ,IBM,0.3222010497252715,-0.7470904513021159,-1.0692915010273873
FMC,PSX,0.1724875904436209,-0.8968958176646353,-1.0693834081082563
CB,ICL,0.09305132209174594,-0.9763710463877995,-1.0694223684795454
KHC,TRV,0.15247259873371222,-0.9170976153423439,-1.0695702140760561
HII,HPQ,0.14896851501698954,-0.9209200243716015,-1.069888539388591
XLU,XOM,0.2208590565360956,-0.8490710292998264,-1.069930085835922
CAG,LLY,0.14692202161573517,-0.9233772214579974,-1.0702992430737326
AEP,CPB,0.22027297624865377,-0.8502859661150125,-1.0705589423636663
BX,ICL,0.16828987935964976,-0.9025116964493882,-1.070801575809038
ICL,JPM,0.10722352340353339,-0.9644307681374589,-1.0716542915409923
CPB,DUK,0.22303886239515164,-0.8487670912661252,-1.0718059536612767
LXU,TDG,0.11882155606462237,-0.9531215133473617,-1.071943069411984
GD,ICL,0.09250030345197331,-0.9800238597481138,-1.072524163200087
CTVA,LXU,0.25265414939847325,-0.8198721628467835,-1.0725263122452569
CAG,MCD,0.16394839510829315,-0.9087235585352477,-1.0726719536435407
HON,IRDM,0.19707337484792042,-0.8758628874178442,-1.0729362622657646
HII,IRDM,0.13248878278983145,-0.9404510464127036,-1.072939829202535
LXU,XBI,0.19175007559879267,-0.8814505757945834,-1.073200651393376
WM,XLU,0.20506532338956923,-0.8684956346763958,-1.073560958065965
RKLB,SCHD,0.162019113599396,-0.911750974851937,-1.073770088451333
CPB,JNJ,0.22671213212855904,-0.8473764256915193,-1.0740885578200783
ASIX,PLD,0.15008317992597867,-0.9245060668851443,-1.074589246811123
TDG,XLU,0.1354270908755073,-0.93934474906692,-1.0747718399424273
CTVA,ICL,0.24052915091806684,-0.8345684029217849,-1.0750975538398517
ASIX,MTSI,0.1542562398388619,-0.9209030204231408,-1.0751592602620026
ASIX,LMT,0.12248138950084926,-0.9530158321200659,-1.075497221620915
BLK,LXU,0.13953080611698848,-0.9361621078447956,-1.0756929139617841
CB,KHC,0.15586115005860066,-0.9198879185673876,-1.0757490686259883
DOW,FANG,0.3395929297484271,-0.7368676577538337,-1.0764605875022608
BKSY,VYM,0.28464363639363693,-0.7918236342383349,-1.0764672706319718
ASIX,NOC,0.12109116849323515,-0.9554701663235593,-1.0765613348167944
CPB,SO,0.23316890396037232,-0.8435961541207723,-1.0767650580811445
ARKK,SCHD,0.330964525489095,-0.7462728587725744,-1.0772373842616694
BA,ICL,0.13767584188458032,-0.939573713196977,-1.0772495550815573
IBM,IRDM,0.13795313198399417,-0.9399577112566848,-1.077910843240679
CAG,SO,0.19701568528290272,-0.8814772952337722,-1.078492980516675
ICL,VUG,0.16731531065228777,-0.9113855803316456,-1.0787008909839333
ICL,TDG,0.09622419677490615,-0.9825172421716296,-1.0787414389465357
CPB,VNQ,0.25082464969614293,-0.8279498725988055,-1.0787745222949483
HPQ,MPC,0.1970870194076444,-0.8830518755906525,-1.0801388949982969
IBM,XLU,0.1857135281928759,-0.8950840982176822,-1.080797626410558
BKSY,PLTR,0.2845305233500715,-0.7965118544040871,-1.0810423777541587
ALL,ASIX,0.130930470746386,-0.9501499224166853,-1.0810803931630713
CVX,ICL,0.12376168804471195,-0.9577152178842113,-1.0814769059289233
CAG,PG,0.24524267119566032,-0.8364197607756626,-1.0816624319713228
JNJ,KHC,0.16697258422425898,-0.9149653570069516,-1.0819379412312107
CAT,FMC,0.2139833791407741,-0.868990742807188,-1.082974121947962
AEP,CAG,0.18408291229368823,-0.8989146168046229,-1.0829975290983112
JPM,XLU,0.19593408477063498,-0.8877480594239027,-1.0836821441945377
DOW,GD,0.2573207206600936,-0.8265811434320746,-1.083901864092168
CPB,PEP,0.24667603798681118,-0.8372923727522379,-1.083968410739049
USMV,XLV,0.7275543571847038,-0.35723143323289125,-1.084785790417595
ICL,XOM,0.14060114824063527,-0.9470165798992491,-1.0876177281398844
LLY,XLU,0.15987153992603467,-0.9280028592824863,-1.087874399208521
HEI,IRDM,0.1783172489541836,-0.909965633833737,-1.0882828827879205
HON,ICL,0.12676752730330165,-0.9622568839941965,-1.089024411297498
CAG,VNQ,0.2330640695516573,-0.8565764973633128,-1.08964056691497
FANG,ICL,0.1364345469010082,-0.9532829789673987,-1.0897175258684069
BKSY,BX,0.2877968167618525,-0.8021598811523297,-1.0899566979141821
CVX,XLU,0.2125146494413812,-0.8776440135470589,-1.09015866298844
IRDM,RTX,0.1661475641677817,-0.9251997714885453,-1.091347335656327
DD,ICL,0.15820074438090098,-0.9333724726696034,-1.0915732170505044
ICL,MMM,0.12546680246554962,-0.9674935495254857,-1.0929603519910354
KHC,PLD,0.1993979634308734,-0.8936293168545599,-1.0930272802854333
BLK,XLU,0.17473501128308092,-0.9183771751491084,-1.0931121864321893
ASIX,VUG,0.1846691482250246,-0.9087162367777564,-1.093385385002781
CW,XLU,0.17880154065508835,-0.9146639131899036,-1.093465453844992
CW,ICL,0.11433330263411362,-0.9798122241113812,-1.094145526745495
IRDM,VUG,0.2597245287604371,-0.8363388255788416,-1.0960633543392788
ABBV,XLU,0.15103977744668984,-0.9467984233084535,-1.0978382007551435
HPQ,PSX,0.2203492640199495,-0.8783094653935931,-1.0986587294135426
LMT,XLU,0.18349692535334347,-0.9154468808329107,-1.0989438061862542
IYR,KHC,0.2298671787894695,-0.8697370183911942,-1.0996041971806636
MMM,XLU,0.20897965146909567,-0.8910849459824529,-1.1000645974515486
ASIX,IYR,0.18569532941023723,-0.914741680678641,-1.1004370100888783
HII,ICL,0.1177547532804241,-0.9826955766959969,-1.100450329976421
CAG,JNJ,0.20756521358327867,-0.8935938785907923,-1.101159092174071
BLK,ICL,0.12340006328147667,-0.977990264041585,-1.1013903273230616
SCHD,TGT,0.35077735758831646,-0.7508525750743765,-1.101629932662693
ICL,RTX,0.13351621573872136,-0.968329698904049,-1.1018459146427704
CAT,IRDM,0.17537661602856902,-0.9280821246233257,-1.1034587406518948
CW,IRDM,0.18544379655654192,-0.9184352908720997,-1.1038790874286417
KHC,SO,0.21875665838148114,-0.8855078952381934,-1.1042645536196745
IRDM,XBI,0.2640781884287175,-0.840744313459378,-1.1048225018880955
LXU,USMV,0.16878618987012792,-0.9374480507083726,-1.1062342405785004
HPQ,VUG,0.3364767046673439,-0.7698244633088812,-1.1063011679762251
ASIX,HEI,0.15539325905521145,-0.9509304185185672,-1.1063236775737786
COST,XLU,0.1799378931068465,-0.9269603338084721,-1.1068982269153187
ICL,MPC,0.14141481054870803,-0.966876039637384,-1.108290850186092
VUG,XLU,0.2663815260799741,-0.8422710213447547,-1.1086525474247289
RTX,XLU,0.22409215775220792,-0.8849058363410027,-1.1089979940932106
ASIX,IBM,0.1558421116512195,-0.9535689349830833,-1.1094110466343028
HII,LXU,0.15004479405006724,-0.9595509775925275,-1.1095957716425948
ASIX,TRV,0.15641665430420762,-0.9532117203173105,-1.109628374621518
NOC,XLU,0.19793797214050593,-0.9120154271442612,-1.1099533992847672
ASIX,CB,0.16298697299742756,-0.9470101378576907,-1.1099971108551183
KHC,PM,0.19792367280798837,-0.9123689301775898,-1.1102926029855782
KHC,VNQ,0.22641599157616973,-0.8846838444724038,-1.1110998360485735
ASIX,FITB,0.35993290924434324,-0.7521044789654971,-1.1120373882098404
KHC,MCD,0.18785254722917766,-0.924401257065636,-1.1122538042948138
CB,XLU,0.21222465930338805,-0.9001741392372691,-1.1123987985406572
JNJ,PFE,0.4117487104931061,-0.7009134810165552,-1.1126621915096613
GD,XLU,0.20059658681388506,-0.9130104296185215,-1.1136070164324066
ICL,USMV,0.15836667904959512,-0.9553098249472066,-1.1136765039968017
SCHD,TTMI,0.28779263897295276,-0.8258958902917615,-1.1136885292647143
USMV,XLP,0.7411258368199948,-0.3728082317640511,-1.113934068584046
ASIX,TDG,0.15791209432750092,-0.9573247743257949,-1.1152368686532959
ASIX,SCHW,0.2647385730165403,-0.8509685133860405,-1.1157070864025809
DOW,MMM,0.2866382112546034,-0.829359309310332,-1.1159975205649353
ASIX,VNQ,0.18172194522784343,-0.9353248132407003,-1.1170467584685437
DE,ICL,0.14112858040206838,-0.9766332431457376,-1.117761823547806
LXU,NTR,0.3720820459336208,-0.7462688258924597,-1.1183508718260806
CAG,PEP,0.23052869331322906,-0.8889723399447188,-1.1195010332579478
ASIX,BA,0.20000186247351362,-0.9212258167767166,-1.1212276792502303
DVY,PFE,0.3265805971035134,-0.7947382572242566,-1.12131885432777
ASIX,HII,0.16827492801919255,-0.9531948575816385,-1.121469785600831
ASIX,XBI,0.21146267816026895,-0.910368841183912,-1.121831519344181
LLY,PFE,0.37489119469243476,-0.7472562357555229,-1.1221474304479577
KHC,SPLV,0.35097525230546256,-0.7712089879913006,-1.1221842402967632
BKSY,QQQ,0.34888494609957127,-0.7737195685822486,-1.1226045146818198
HON,XLU,0.24315405605862989,-0.8795132648987838,-1.1226673209574136
ICL,PSX,0.1674540251496532,-0.9552319993644621,-1.1226860245141153
DOW,JPM,0.29403095400028373,-0.8289947726608863,-1.12302572666117
SCHD,SYF,0.44372337213942264,-0.680657078283503,-1.1243804504229256
ALL,XLU,0.2349212517335147,-0.8901733168292718,-1.1250945685627864
CVX,DOW,0.35456315606197397,-0.7705947741060656,-1.1251579301680397
ASIX,QQQ,0.17589236788885335,-0.9518144019968575,-1.1277067698857108
QQQ,XLU,0.2053651446965716,-0.9230821167817717,-1.1284472614783432
FANG,LXU,0.21185795792374992,-0.916807450428146,-1.1286654083518959
BAYRY,SCHD,0.33958551120456193,-0.7899780814240535,-1.1295635926286154
ASIX,IVZ,0.3148349880956354,-0.8148501244670693,-1.1296851125627048
ASIX,NTR,0.3994145043447244,-0.7310242524709949,-1.1304387568157193
KHC,KMB,0.25657925689008304,-0.8741730562990333,-1.1307523131891164
DVY,IRDM,0.22842964178899355,-0.904647073343989,-1.1330767151329826
IRDM,USMV,0.22318816610277914,-0.9101833445811977,-1.1333715106839768
BLK,IRDM,0.20901644804002564,-0.9243873847613661,-1.1334038328013918
AFL,ASIX,0.21955325679201984,-0.9151482972119385,-1.1347015540039582
ASIX,CTVA,0.34424971619176914,-0.7913639040203376,-1.1356136202121068
CAG,PM,0.2020669501821492,-0.9363629893361197,-1.1384299395182689
CAT,ICL,0.15891796289895158,-0.9807000081472885,-1.1396179710462402
NTR,SCHD,0.3558056544727044,-0.7839296145217018,-1.1397352689944062
ASIX,BX,0.21639565032221636,-0.923630187551101,-1.1400258378733175
DOW,HON,0.34953784465768367,-0.7917932791454545,-1.141331123803138
CPB,PM,0.22493187728017566,-0.9166353144554158,-1.1415671917355914
BLK,DOW,0.29618135365387976,-0.8457333645154435,-1.1419147181693232
LXU,PSX,0.22083505266844675,-0.921426174876482,-1.1422612275449289
ICL,QQQ,0.15945803060620364,-0.9829151882643584,-1.142373218870562
ASIX,FANG,0.2481215756707209,-0.8964549143497794,-1.1445764900205004
MCD,XLU,0.2263336447757658,-0.9189835646478954,-1.1453172094236612
DUK,KHC,0.23870244189006268,-0.9084913277872587,-1.1471937696773213
KMB,XLU,0.2931078263444736,-0.8542828390450417,-1.1473906653895152
DVY,ICL,0.1861220168316807,-0.9621105115452173,-1.148232528376898
DOW,XOM,0.3837807117660299,-0.7647639174608855,-1.1485446292269152
KO,SCHD,0.45994150080910123,-0.6897589493997458,-1.149700450208847
LXU,MPC,0.21824960692431625,-0.932615892564803,-1.1508654994891192
KHC,USMV,0.28199410149594695,-0.8705451576116136,-1.1525392591075605
CPB,VYM,0.2698691115607533,-0.8837723549719196,-1.1536414665326729
AEP,KHC,0.24037256737151724,-0.9169008814909752,-1.1572734488624925
ASIX,USMV,0.2364613446771289,-0.9211576513854521,-1.1576189960625811
DVN,FANG,0.678354237869837,-0.4794561535830942,-1.1578103914529312
KHC,PG,0.25753383571984695,-0.9012826820453207,-1.1588165177651677
FMC,VYM,0.3088711251080901,-0.8516709409954111,-1.1605420661035013
IRDM,VYM,0.2482747661770469,-0.9130489540290189,-1.1613237202060658
IRDM,QQQ,0.25316264529734067,-0.9090425121314449,-1.1622051574287857
ASIX,RTX,0.2164357000261541,-0.9460093995937988,-1.162445099619953
PFE,VYM,0.3647567834997385,-0.7980925480457053,-1.1628493315454438
TRV,XLU,0.26556527645430733,-0.899143976568184,-1.1647092530224914
MTSI,SCHD,0.21087388731392803,-0.9540671334215881,-1.1649410207355162
JNJ,XLU,0.258321510319217,-0.9076032141006689,-1.1659247244198858
CTVA,SCHD,0.3467197630361437,-0.8233187471226504,-1.1700385101587942
PFE,USMV,0.35960325298108464,-0.810928237015593,-1.1705314899966777
CAG,SPLV,0.3962469534134619,-0.7755839412775581,-1.17183089469102
DOW,STLD,0.39604128464726823,-0.7761257246378693,-1.1721670092851375
ASIX,CW,0.22219636608878024,-0.9505139650033462,-1.1727103310921265
CPB,SPLV,0.4300319047648411,-0.7433109847276131,-1.1733428894924542
DOW,VLO,0.3981333011428581,-0.7755486267259278,-1.173681927868786
HPQ,USMV,0.29775624725063576,-0.8780420012228342,-1.17579824847347
PG,XLU,0.3022973435428981,-0.8751470158438519,-1.17744435938675
ABBV,PFE,0.3233750736471529,-0.8548481024823755,-1.1782231761295283
KHC,VYM,0.2718113593140365,-0.9072056161009308,-1.1790169754149673
DOW,MPC,0.38822806331610554,-0.7918973883197021,-1.1801254516358077
DG,SCHD,0.23521093020922604,-0.9468657219425025,-1.1820766521517285
DE,DOW,0.369114446677371,-0.8133657326226351,-1.1824801793000062
ASIX,CVX,0.2620043738992883,-0.9228850859539195,-1.1848894598532078
PEP,XLU,0.2839945360126057,-0.9015800827177004,-1.185574618730306
DVY,KHC,0.28144800814461635,-0.904293845112603,-1.1857418532572193
DVY,LXU,0.26205690849185215,-0.9239052095927751,-1.1859621180846274
DVY,FMC,0.3398587283324265,-0.8471426421940385,-1.187001370526465
ASIX,GD,0.2317199792366365,-0.9554140954702408,-1.1871340747068773
ICL,NTR,0.3858991908343117,-0.8013611587809579,-1.1872603496152696
ICL,VYM,0.2298023215433964,-0.9646609082176747,-1.194463229761071
ASIX,MMM,0.24614436933608078,-0.9496349281821693,-1.1957792975182502
PLD,XLU,0.3912421140923367,-0.8049392300482773,-1.196181344140614
DOW,PSX,0.43418279736039234,-0.7622771175186217,-1.196459914879014
MO,SCHD,0.39486805586713064,-0.8041901961689326,-1.1990582520360633
CAG,VYM,0.28878106721437036,-0.9107932908577969,-1.1995743580721672
ASIX,HON,0.27581717149380475,-0.9254664680863833,-1.201283639580188
ASIX,C,0.33151109894086134,-0.8700849334686029,-1.2015960324094643
LXU,VYM,0.27222530348595597,-0.9293795281643326,-1.2016048316502885
DVY,HPQ,0.3443447756223099,-0.8603263189477208,-1.2046710945700307
MU,SCHD,0.27998869462789633,-0.926359762316432,-1.2063484569443284
CPB,USMV,0.3463357372746666,-0.8606802387332639,-1.2070159760079306
ASIX,XOM,0.28187164815328764,-0.9251781275236504,-1.207049775676938
ASIX,VLO,0.2810658028227683,-0.9268215276671364,-1.2078873304899047
CPB,DVY,0.3289188368740752,-0.8826285816073108,-1.211547418481386
DOW,NUE,0.41828809673330075,-0.7951467601425539,-1.2134348568758546
ASIX,PSX,0.31654200111891345,-0.8988660553053234,-1.2154080564242369
PM,XLU,0.2925001930005297,-0.9247529680084574,-1.2172531610089872
CAG,USMV,0.3343560346220391,-0.8871858696190452,-1.2215419042410844
GOOGL,SCHD,0.2820974863567558,-0.9394534599072631,-1.2215509462640188
LLY,SCHD,0.23360880553318883,-0.9888341410441532,-1.222442946577342
O,SCHD,0.35111227650876964,-0.8732076995960876,-1.2243199761048573
ASIX,MPC,0.3026058793020089,-0.9255900799130277,-1.2281959592150367
CAG,DVY,0.32247004103059007,-0.9082633090019151,-1.230733350032505
SCHD,XLF,0.7214352441553034,-0.5171730508771487,-1.238608295032452
ASIX,JPM,0.2910526740274726,-0.9484389567177958,-1.2394916307452684
ASIX,STLD,0.31810813832105733,-0.9215453131021633,-1.2396534514232207
ASIX,NUE,0.31594939550208945,-0.9244037236239252,-1.2403531191260146
LRCX,SCHD,0.3437003945725601,-0.9045280576129578,-1.248228452185518
ASIX,DD,0.33065984839844,-0.9213738512753071,-1.2520336996737471
FANG,SCHD,0.3109410523832877,-0.9430164077357569,-1.2539574601190446
ASIX,BLK,0.2983597477888605,-0.9570044912020468,-1.2553642389909072
SBUX,SCHD,0.36542078385774607,-0.89085786489127,-1.256278648749016
REGN,SCHD,0.27194281756976557,-0.9847064282770102,-1.2566492458467757
HPQ,QQQ,0.41050915565244517,-0.8464254541801061,-1.2569346098325513
HPQ,VYM,0.39486627883287273,-0.8635672129694404,-1.2584334918023132
SCHD,SO,0.3065570217225812,-0.9524200134752051,-1.2589770351977863
DD,DOW,0.5001266985788163,-0.7597181270336106,-1.259844825612427
ORCL,SCHD,0.3021860602059892,-0.9590528096353953,-1.2612388698413846
ASIX,DE,0.31657834099718857,-0.9504216857761946,-1.2670000267733832
IYR,XLU,0.5072867001652767,-0.7637510093652783,-1.271037709530555
CAT,DOW,0.45594008211874965,-0.8243359072064019,-1.2802759893251516
AMAT,SCHD,0.3571236519353198,-0.9257683432656177,-1.2828919952009374
MRK,SCHD,0.3368951650986325,-0.9568008141881282,-1.2936959792867606
DOW,VYM,0.4784294257248029,-0.8159924628770518,-1.2944218886018548
KHC,PEP,0.3834001947080682,-0.9141730171262169,-1.297573211834285
DUK,SCHD,0.3259424575833015,-0.9751575980647149,-1.3011000556480163
SCHD,XBI,0.36372722252635764,-0.9432643621619985,-1.3069915846883562
ASIX,CAT,0.3535833122525799,-0.9570260979683244,-1.3106094102209043
DOW,DVY,0.506740867016974,-0.8049655146695369,-1.3117063816865109
AEP,SCHD,0.33341710543500863,-0.9794600704193611,-1.3128771758543698
FITB,SCHD,0.5433170266691363,-0.7730805700561837,-1.31639759672532
BA,SCHD,0.36660829573949283,-0.949929167658611,-1.3165374633981037
SCHD,SCHW,0.464295619661155,-0.8566437800316261,-1.3209393996927812
HEI,SCHD,0.34082164640698975,-0.9822958967756349,-1.3231175431826245
KMB,SCHD,0.3693745078030464,-0.9551942008946853,-1.3245687086977318
HII,SCHD,0.34766235196074047,-0.9779164694979167,-1.3255788214586572
SCHD,TDG,0.3381537669311897,-0.987550745235374,-1.3257045121665638
COST,SCHD,0.3368604708939609,-0.9894823536347681,-1.326342824528729
PM,SCHD,0.3498179662454126,-0.9777282920467031,-1.3275462582921156
SCHD,UNH,0.3433524028748237,-0.9841941148386022,-1.3275465177134258
ABBV,SCHD,0.36272733901072973,-0.9751334451275496,-1.3378607841382792
NOC,SCHD,0.36260717839681816,-0.9831359957275368,-1.345743174124355
CSCO,SCHD,0.41922494054448256,-0.9275678901607258,-1.3467928307052084
ASIX,VYM,0.4069363501786604,-0.9447473892853974,-1.3516837394640577
MCD,SCHD,0.37192484998459996,-0.9868158724602314,-1.3587407224448314
SCHD,WM,0.3962093769656105,-0.9631831579806711,-1.3593925349462816
VNQ,XLU,0.540771607275031,-0.8192149491891696,-1.3599865564642006
MPC,SCHD,0.4000163482077273,-0.9614122429483922,-1.3614285911561195
SCHD,VLO,0.399802865767784,-0.9616391241973757,-1.3614419899651597
LMT,SCHD,0.3777640515280733,-0.9843252444957149,-1.3620892960237883
VYM,XLU,0.4659373839457549,-0.9014599997395208,-1.3673973836852757
ASIX,DVY,0.4304637127919876,-0.9386063017003401,-1.3690700144923276
SCHD,STLD,0.4142110244638193,-0.9575521241147429,-1.3717631485785622
IVZ,SCHD,0.56771283413914,-0.8163986805213855,-1.3841115146605256
PSX,SCHD,0.4488897537694137,-0.9461736296510513,-1.395063383420465
PG,SCHD,0.4269555685085003,-0.9711802291659786,-1.3981357976744788
BX,SCHD,0.4589261737569374,-0.9457956296246529,-1.4047218033815903
IBM,SCHD,0.4350315704701548,-0.9746228486104513,-1.4096544190806062
DE,SCHD,0.43081401495856925,-0.9826688289635864,-1.4134828439221556
CW,SCHD,0.43477355408952606,-0.9830857197079248,-1.417859273797451
PLD,SCHD,0.4620442717721568,-0.9562044016142641,-1.418248673386421
ALL,SCHD,0.44525879012292696,-0.9814582321239821,-1.426717022246909
NUE,SCHD,0.4676757364267939,-0.9602721578197577,-1.4279478942465516
C,SCHD,0.5283251285313233,-0.903510369373296,-1.4318354979046193
JNJ,SCHD,0.45509239632106574,-0.9824416249908455,-1.4375340213119112
SCHD,TRV,0.45630539976089785,-0.9830734334131185,-1.4393788331740163
DD,SCHD,0.4929039130915475,-0.9539651118978588,-1.4468690249894063
PEP,SCHD,0.47020548423711644,-0.9790789794480552,-1.4492844636851716
CB,SCHD,0.4709331178924554,-0.9817646384855003,-1.4526977563779557
SCHD,XOM,0.5014199280242282,-0.9553348383103456,-1.4567547663345737
RTX,SCHD,0.4929876575006179,-0.9724518510120664,-1.4654395085126843
AFL,SCHD,0.5264258890991226,-0.9409779394629612,-1.4674038285620838
CVX,SCHD,0.5052871115279035,-0.9638907437203975,-1.469177855248301
USMV,XLU,0.5723926620552269,-0.903790459630938,-1.476183121686165
GD,SCHD,0.49967741674339133,-0.9840985203511986,-1.48377593709459
SCHD,VUG,0.551702900298732,-0.9327960701039416,-1.4844989704026736
SPLV,XLU,0.707893727330494,-0.7883642370175603,-1.4962579643480542
IYR,SCHD,0.553574387476897,-0.9431581190553565,-1.4967325065322536
CAT,SCHD,0.5139221783111277,-0.9853893354782269,-1.4993115137893547
SCHD,VNQ,0.5423389232049985,-0.9576753611143801,-1.5000142843193787
JPM,SCHD,0.5225639614062102,-0.9800221358528776,-1.5025860972590879
DVY,XLU,0.6129874239513203,-0.894769142874828,-1.5077565668261483
QQQ,SCHD,0.5254141202305614,-0.9869423470469361,-1.5123564672774976
MMM,SCHD,0.5449530698056247,-0.9744684306515827,-1.5194215004572076
SCHD,VIG,0.8620078652607003,-0.6809939234894836,-1.543001788750184
SO,XLU,0.6985969728553706,-0.8464526951239896,-1.5450496679793602
DUK,XLU,0.6859507235334107,-0.8647840985855744,-1.5507348221189852
HON,SCHD,0.6025581443015906,-0.9691552612755543,-1.571713405577145
AEP,XLU,0.7203425419308256,-0.8743078476881861,-1.5946503896190118
SCHD,SPLV,0.7463734417819227,-0.8618192920867498,-1.6081927338686723
BLK,SCHD,0.6307497221179144,-0.9859237575602784,-1.6166734796781927
SCHD,USMV,0.7971902556713689,-0.9457066682484022,-1.7428969239197711
DVY,SCHD,0.8620789112190982,-0.9720157213480136,-1.834094632567112
SCHD,VYM,0.9182665102307437,-0.973862189448667,-1.8921286996794107
