date,avg_pairwise_corr,mkt_vol21,crisis
1962-02-01,0.2521839463650934,0.12791841643234966,False
1962-02-02,0.26842991823297524,0.1298249286770253,False
1962-02-05,0.2678039973481217,0.1179603624714934,False
1962-02-06,0.22682468104903647,0.11606954609922632,False
1962-02-07,0.2180491955562006,0.1157998377315364,False
1962-02-08,0.21225196900519486,0.11618379243246026,False
1962-02-09,0.2158287399977605,0.11269568068660357,False
1962-02-12,0.2072566778399014,0.11320682540030186,False
1962-02-13,0.21333227168840346,0.10964362601405685,False
1962-02-14,0.19936589973984778,0.106458089549442,False
1962-02-15,0.18513579173886932,0.0978673577172099,False
1962-02-16,0.16728399275623876,0.09690831770571966,False
1962-02-19,0.16616389588685015,0.08553323735558784,False
1962-02-20,0.13636696853167926,0.08722033733809885,False
1962-02-21,0.13131610391391865,0.09077480697335215,False
1962-02-23,0.14295259186764428,0.09337376171404507,False
1962-02-26,0.14499357913535835,0.09295775437063908,False
1962-02-27,0.13686120806546237,0.09230118586672824,False
1962-02-28,0.13066004357063715,0.09176310305692074,False
1962-03-01,0.12744366448459368,0.09181999931419013,False
1962-03-02,0.12858260393411286,0.07182192690353802,False
1962-03-05,0.07379718928185872,0.06901064782582102,False
1962-03-06,0.07193528393059095,0.0614722150650043,False
1962-03-07,0.05170215341179623,0.06115380433719737,False
1962-03-08,0.0617820262893193,0.06642164388323596,False
1962-03-09,0.08269341758871927,0.06617129789374514,False
1962-03-12,0.08711576851869783,0.06621793654032797,False
1962-03-13,0.0885490721711822,0.07042595485444231,False
1962-03-14,0.0996674644291783,0.07316603763314825,False
1962-03-15,0.10944210706251555,0.07217005149808452,False
1962-03-16,0.10352653818432873,0.06808863957194167,False
1962-03-19,0.09701932406390835,0.06791706054593492,False
1962-03-20,0.09863495739173363,0.06797947855236224,False
1962-03-21,0.10238358399022592,0.06791008819069595,False
1962-03-22,0.09792116549885685,0.06479915037347876,False
1962-03-23,0.08525256280700676,0.055832997356166814,False
1962-03-26,0.056391656805861244,0.06224235012024014,False
1962-03-27,0.08003108604480014,0.06669184587695498,False
1962-03-28,0.10087545034852963,0.07006057281599058,False
1962-03-29,0.11616646617078226,0.07007236300824905,False
1962-03-30,0.12526186536765438,0.07053820640141319,False
1962-04-02,0.12211253470160358,0.07260180507991919,False
1962-04-03,0.13647025039067895,0.08689100518118706,False
1962-04-04,0.19508736795459788,0.09296780945402823,False
1962-04-05,0.1706973971635417,0.09655859239989331,False
1962-04-06,0.2805501629001658,0.092503644685231,False
1962-04-09,0.23878011848713374,0.09630431566813596,False
1962-04-10,0.22738728943820127,0.09971064712806682,False
1962-04-11,0.2494874422157416,0.09547012994171797,False
1962-04-12,0.21943139108043183,0.09404650645735979,False
1962-04-13,0.20842327236638872,0.09861390474780536,False
1962-04-16,0.2188951836451054,0.10222881351708238,False
1962-04-17,0.23249844371870257,0.10444468040946743,False
1962-04-18,0.23453312421581007,0.10629690504204063,False
1962-04-19,0.23449267680668032,0.10736807931325207,False
1962-04-23,0.24495471707306163,0.10771881663751581,False
1962-04-24,0.2407987679392228,0.10684029726326907,False
1962-04-25,0.2363618748714306,0.10798567010924662,False
1962-04-26,0.2397382992060588,0.11473429844427376,False
1962-04-27,0.25391858714795734,0.11321170871205352,False
1962-04-30,0.24603027538109212,0.13668509845662793,True
1962-05-01,0.29725955086376504,0.15761017433928734,False
1962-05-02,0.3346019502745181,0.16154517860390596,False
1962-05-03,0.333598632124828,0.16387488020112603,False
1962-05-04,0.3391390343194363,0.1604785382144317,False
1962-05-07,0.33653678165781775,0.15874271777981702,False
1962-05-08,0.3282436872947771,0.16030388218650912,False
1962-05-09,0.33792960178249976,0.16289824835701538,False
1962-05-10,0.34601660502486997,0.1675448444746702,True
1962-05-11,0.357867285450085,0.1714011673833583,False
1962-05-14,0.36387076285507064,0.18008490050159978,True
1962-05-15,0.36591573465009164,0.1921961704987356,True
1962-05-16,0.39226301710491984,0.19020768844817615,True
1962-05-17,0.38393075198729587,0.18973883569670472,True
1962-05-18,0.3904637557552549,0.18857518515708255,True
1962-05-21,0.38057169179475825,0.18731394294373815,True
1962-05-22,0.36962959547208185,0.19469741049204137,True
1962-05-23,0.39683237008822625,0.2047627323797761,True
1962-05-24,0.4145215522979999,0.20512345959743597,True
1962-05-25,0.41740957926638655,0.20837802686843768,True
1962-05-28,0.40397189199933753,0.3436515219782519,True
1962-05-29,0.6073732085396364,0.40392771906213,True
1962-05-31,0.6081051200714928,0.41072829545332057,True
1962-06-01,0.6095788582739852,0.4087021456249426,True
1962-06-04,0.6038086328702739,0.42558438411298993,True
1962-06-05,0.6211393303697316,0.4274002507513089,True
1962-06-06,0.5993506758673762,0.43478400957512264,True
1962-06-07,0.610579619626661,0.4351615026796938,True
1962-06-08,0.6103929499285933,0.4353256981574529,True
1962-06-11,0.6108054100299434,0.4353422955981889,True
1962-06-12,0.6114373986206594,0.4464728644385132,True
1962-06-13,0.6186462218103526,0.4421758707647789,True
1962-06-14,0.6310897112126098,0.4336707340953476,True
1962-06-15,0.6229210464823368,0.4678345128174624,True
1962-06-18,0.6402215058953039,0.468294979870581,True
1962-06-19,0.6372057452228455,0.4679493720298208,True
1962-06-20,0.6368633948729701,0.4677637947691354,True
1962-06-21,0.6370692922893563,0.4704217571367429,True
1962-06-22,0.639403406650638,0.46956359180452345,True
1962-06-25,0.6324493096795931,0.4752388388895832,True
1962-06-26,0.6227153092936696,0.4735314753239633,True
1962-06-27,0.6274547580301204,0.3825218385063605,True
1962-06-28,0.5326874905552558,0.36554765054947486,True
1962-06-29,0.5900029990132378,0.35190800207429485,True
1962-07-02,0.5982231485166036,0.35836213192485994,True
1962-07-03,0.5976176091052112,0.3262286799959698,True
1962-07-05,0.551609106679496,0.32638370417354134,True
1962-07-06,0.5835467076249612,0.32837284004313205,True
1962-07-09,0.5843864356815743,0.3300262738401723,True
1962-07-10,0.5910064484977503,0.33394310639583974,True
1962-07-11,0.5957367278240142,0.33003250691772745,True
1962-07-12,0.5899380419985835,0.30310410921210007,True
1962-07-13,0.55275730335532,0.2939232199763503,True
1962-07-16,0.5430199173606004,0.2786501956097822,True
1962-07-17,0.5197883339543946,0.2558954778469329,True
1962-07-18,0.4961514814660048,0.26444644935599115,True
1962-07-19,0.5326666663191406,0.26437860477207037,True
1962-07-20,0.5460897496525521,0.26218202869748936,True
1962-07-23,0.553124231094881,0.2407454443202005,True
1962-07-24,0.5099612080826479,0.23045468230133845,True
1962-07-25,0.4898224212974244,0.2286770278156684,True
1962-07-26,0.5280829356684678,0.22702861221748674,True
1962-07-27,0.5432318795168044,0.2274216716254256,True
1962-07-30,0.5547471000406685,0.1744072577483816,False
1962-07-31,0.4087414309813595,0.17696480821657823,False
1962-08-01,0.41941806107827917,0.17606959388442103,False
1962-08-02,0.44445238510443436,0.1739891088732899,False
1962-08-03,0.4372630994009083,0.17355989196891164,False
1962-08-06,0.4343893803046346,0.16150025334450693,False
1962-08-07,0.3878231936729796,0.1649322623290962,True
1962-08-08,0.40112807306351056,0.16030190474539896,False
1962-08-09,0.3827477364726332,0.15885841810586243,False
1962-08-10,0.38885545389313275,0.15865786752017827,False
1962-08-13,0.39485403096809896,0.15873619876267472,False
1962-08-14,0.39348182988631764,0.16027367460188052,False
1962-08-15,0.4134844132547354,0.15261921905749182,False
1962-08-16,0.37213063235124755,0.13500472637805863,False
1962-08-17,0.30724520648930875,0.13679114444666804,False
1962-08-20,0.3083386481474214,0.13512967673306653,False
1962-08-21,0.31119124817464017,0.1381597970034052,False
1962-08-22,0.32064373570711274,0.13409940308428803,False
1962-08-23,0.30220438844464403,0.13754736137180004,False
1962-08-24,0.31398566115678106,0.13760114161621906,False
1962-08-27,0.3157853112573889,0.13859169015559158,False
1962-08-28,0.31799855652325937,0.14621092981512554,True
1962-08-29,0.34024793755204613,0.14005713974384865,False
1962-08-30,0.3306599847268783,0.13411338681233717,False
1962-08-31,0.3085536541227739,0.13486821452712913,False
1962-09-04,0.3160337696962395,0.14004741161677983,False
1962-09-05,0.33837572724718373,0.14158002234799638,False
1962-09-06,0.3328765189219714,0.13837686826103593,False
1962-09-07,0.3081403143110714,0.13636816011883438,False
1962-09-10,0.3165400771854081,0.13433683366770843,False
1962-09-11,0.3087188416734759,0.13585212290871773,False
1962-09-12,0.3064989797808567,0.13921582439098004,False
1962-09-13,0.3140936767358632,0.13790732209392942,False
1962-09-14,0.31196821637798633,0.12881322268516782,False
1962-09-17,0.28587453893359666,0.12985612824184012,False
1962-09-18,0.2870361837320535,0.1256728177163334,False
1962-09-19,0.2745786413078431,0.12328599181345956,False
1962-09-20,0.26312124212553994,0.13086103420223577,False
1962-09-21,0.2776476324613131,0.13429566645371938,True
1962-09-24,0.3215956119500194,0.14805904996483146,True
1962-09-25,0.3658408200358494,0.15450275423920518,True
1962-09-26,0.37139614526739056,0.1656307876657644,True
1962-09-27,0.4221195860550225,0.15685389218696744,True
1962-09-28,0.3901012698968794,0.15881873091138823,True
1962-10-01,0.3956520807752658,0.16716764756317348,True
1962-10-02,0.42031811300642313,0.16830954390069996,True
1962-10-03,0.4183745369893186,0.16687470853023312,True
1962-10-04,0.3997817117182477,0.16754821184103882,True
1962-10-05,0.40400525286176353,0.17214411544225838,True
1962-10-08,0.4200516225081575,0.17355111389538808,True
1962-10-09,0.4166894394022296,0.17397610927982293,False
1962-10-10,0.4160524972545167,0.17162421463540625,True
1962-10-11,0.4162103800699648,0.16735408137195942,True
1962-10-12,0.4071444438773751,0.16922640846008172,True
1962-10-15,0.3984661261928499,0.1732705857173285,False
1962-10-16,0.4222168126919175,0.1726765790659167,False
1962-10-17,0.4241896109191249,0.17267525688264657,False
1962-10-18,0.4251615924050467,0.17933290226174955,True
1962-10-19,0.447625956869321,0.18234493361930934,True
1962-10-22,0.4620349342963681,0.17525124703768308,True
1962-10-23,0.420997251444305,0.17840056164142556,True
1962-10-24,0.4202707590618735,0.20968340106500913,True
1962-10-25,0.4798271844062154,0.2033321374755276,True
1962-10-26,0.4654077871961599,0.20299397803044972,True
1962-10-29,0.46277197616440435,0.21468244173786943,True
1962-10-30,0.4739356601866043,0.2123299680044027,True
1962-10-31,0.45917760377584116,0.20867432116579,True
1962-11-01,0.4438875153120404,0.21213030161297164,True
1962-11-02,0.4595747918053949,0.2295842232960168,True
1962-11-05,0.5038649811335615,0.22733355324931362,True
1962-11-07,0.48789576579400085,0.22699492705351734,True
1962-11-08,0.4869756753513773,0.22827188063614226,True
1962-11-09,0.4643570906970664,0.22982964888789012,True
1962-11-12,0.46112456569342464,0.2302458922485316,True
1962-11-13,0.4533170580803399,0.2319002079138693,True
1962-11-14,0.45975036847399964,0.2331066683947422,True
1962-11-15,0.4617228624516961,0.23086869935610765,True
1962-11-16,0.4526941568303195,0.23038498513207234,True
1962-11-19,0.4490305374459941,0.2242106979427952,True
1962-11-20,0.42830903701763245,0.2114579007487098,True
1962-11-21,0.40577012437441495,0.20601153371688236,True
1962-11-23,0.4022769740627901,0.17815912682069673,True
1962-11-26,0.3409408664763654,0.1558505458189554,False
1962-11-27,0.2802874580189742,0.14134212973581897,False
1962-11-28,0.2374157356912963,0.13756820569057365,False
1962-11-29,0.2261922499832962,0.12978548307918727,False
1962-11-30,0.18773989026423987,0.1274353338184713,False
1962-12-03,0.16961032568132156,0.1295189185557514,False
1962-12-04,0.18288351664598895,0.13774224629671797,False
1962-12-05,0.20454841062005963,0.11310987231273488,False
1962-12-06,0.14079274725236848,0.11830106992263963,False
1962-12-07,0.15503526141179727,0.12037439411552159,False
1962-12-10,0.1563023640614197,0.14099045713448133,True
1962-12-11,0.21039813403014992,0.13868093452791314,False
1962-12-12,0.21299477515341753,0.13557599274508214,False
1962-12-13,0.2044973335595761,0.13454929584959552,False
1962-12-14,0.20710507586727078,0.12983404239823904,False
1962-12-17,0.1959502578882895,0.13162648973645624,False
1962-12-18,0.20817859215467205,0.13338827546100573,False
1962-12-19,0.21389839245124562,0.130552675254075,False
1962-12-20,0.21341136416532522,0.1289347263675581,False
1962-12-21,0.20987601563941125,0.12335237748947293,False
1962-12-24,0.19830852862921255,0.1218022634547452,False
1962-12-26,0.19097619099137164,0.12210911927692318,False
1962-12-27,0.22787484633256902,0.11741415283432408,False
1962-12-28,0.22624253047829163,0.11744239069101853,False
1962-12-31,0.23585086584716902,0.11691868852660593,False
1963-01-02,0.22883819577409417,0.1185161766868792,False
1963-01-03,0.234132255327942,0.1284096075690767,False
1963-01-04,0.26862332007964723,0.11248054347663419,False
1963-01-07,0.22879347968916727,0.1119277889530733,False
1963-01-08,0.23408124962448523,0.11264340793938622,False
1963-01-09,0.23190793059576714,0.1162373284379569,False
1963-01-10,0.2507441399166882,0.09291426835068362,False
1963-01-11,0.18423425812958924,0.09994617731461063,False
1963-01-14,0.20094360482146478,0.10001854891148718,False
1963-01-15,0.19944289878377913,0.09859897867075003,False
1963-01-16,0.1793852723662528,0.10233589817002432,False
1963-01-17,0.19671624435063298,0.09965460587317836,False
1963-01-18,0.18519365589434472,0.09765493158935178,False
1963-01-21,0.1857127998798458,0.09564860305930109,False
1963-01-22,0.17550021816328565,0.09394739504723293,False
1963-01-23,0.17400713769396556,0.09456863778462452,False
1963-01-24,0.179944379970619,0.0949296092037695,False
1963-01-25,0.18193312210474094,0.09466750818375884,False
1963-01-28,0.1817944059989601,0.09614937119882501,False
1963-01-29,0.18379935988627774,0.095277940676856,False
1963-01-30,0.17926323154806392,0.10159047400927179,False
1963-01-31,0.1997929954184282,0.09896399453383055,False
1963-02-01,0.20018142227426133,0.08853568560360768,False
1963-02-04,0.1576839505167543,0.08306565546915218,False
1963-02-05,0.13747060317524648,0.0833659270367284,False
1963-02-06,0.1323103754818535,0.0813561730008114,False
1963-02-07,0.1223293330379126,0.07741487994252558,False
1963-02-08,0.10145837103070676,0.07790370252802187,False
1963-02-11,0.1117052423350265,0.07002072614579691,False
1963-02-12,0.08833838866162774,0.06931461115983736,False
1963-02-13,0.08592772268088254,0.07160162527797649,False
1963-02-14,0.10069025520824396,0.06941547200859575,False
1963-02-15,0.09506956641996289,0.0681093767684257,False
1963-02-18,0.09852771635804575,0.06958616649353015,False
1963-02-19,0.1002323560049206,0.06975278700985134,False
1963-02-20,0.10618284584223743,0.0703813667481412,False
1963-02-21,0.1123590390828476,0.07042331917688452,False
1963-02-25,0.11087764334119588,0.07644177314021809,False
1963-02-26,0.13641759295082134,0.0807165717443898,False
1963-02-27,0.16162432029882245,0.07913167772324566,False
1963-02-28,0.15102691688020314,0.08248490669871666,False
1963-03-01,0.17648907739221595,0.08408494337088578,False
1963-03-04,0.1809841430099103,0.09463355100686517,False
1963-03-05,0.23308762279304882,0.09169239789164153,False
1963-03-06,0.22927490529326747,0.0922224166926955,False
1963-03-07,0.22261816620219435,0.09615966003823234,False
1963-03-08,0.24769280327374651,0.09659801832878095,False
1963-03-11,0.24976870639486773,0.10283043025839489,False
1963-03-12,0.25006258837725087,0.10272319519303341,False
1963-03-13,0.25240059390252145,0.10089531271638084,False
1963-03-14,0.257600658814561,0.10271552886377217,False
1963-03-15,0.2702473979625919,0.10105295151951028,False
1963-03-18,0.2514141391445412,0.10010310119792862,False
1963-03-19,0.24953571927506862,0.10067968044856028,False
1963-03-20,0.2548897217798979,0.10341749958597472,False
1963-03-21,0.2682458523858833,0.10314392095185775,False
1963-03-22,0.267659889752458,0.10590805318682438,False
1963-03-25,0.26464683143247064,0.10569788277957498,False
1963-03-26,0.26990898531557006,0.10037359295199544,False
1963-03-27,0.24694412917654454,0.10523634049171632,False
1963-03-28,0.25873509949631446,0.10344519288541552,False
1963-03-29,0.24499926831463092,0.09662666147783736,False
1963-04-01,0.21445481460085675,0.08823778013217029,False
1963-04-02,0.20095354868989043,0.08020308004293694,False
1963-04-03,0.15744346474239898,0.07986233237967064,False
1963-04-04,0.15723125820827583,0.08207180061872903,False
1963-04-05,0.17194155193318164,0.08219464871987549,False
1963-04-08,0.15034097852378667,0.08158229405409807,False
1963-04-09,0.14914079371035913,0.07734907730505004,False
1963-04-10,0.14555887007124407,0.08024975931832745,False
1963-04-11,0.15163114995075175,0.0809318005226472,False
1963-04-15,0.1568119992346512,0.07589399920226327,False
1963-04-16,0.1275648990530741,0.07638669461177913,False
1963-04-17,0.13409799423006147,0.07474325928469618,False
1963-04-18,0.118728763596951,0.07091740011752373,False
1963-04-19,0.09945354162882414,0.0744534930552827,False
1963-04-22,0.10478156261479298,0.07498219965524529,False
1963-04-23,0.09968147281970452,0.07351995883890487,False
1963-04-24,0.09850379253252509,0.07249674748603487,False
1963-04-25,0.09704164837417238,0.07067035289333357,False
1963-04-26,0.09799656448278209,0.06391404470838238,False
1963-04-29,0.07567893269652311,0.05737915366247688,False
1963-04-30,0.05418393230338451,0.055690294581778474,False
1963-05-01,0.049393596677366446,0.05598597045093765,False
1963-05-02,0.04731564247526211,0.056882566504791184,False
1963-05-03,0.04940901737755031,0.0583893786454184,False
1963-05-06,0.04845698934767142,0.0591038689183543,False
1963-05-07,0.03756211120000765,0.06069162754141453,False
1963-05-08,0.04747619208793028,0.06104896461087216,False
1963-05-09,0.04772618361470418,0.06530975425358883,False
1963-05-10,0.05951425933561164,0.062477396932660856,False
1963-05-13,0.052585052700778956,0.06163242828988978,False
1963-05-14,0.050804289933310195,0.06158053848575648,False
1963-05-15,0.0593355380845193,0.06128958001732789,False
1963-05-16,0.05608854304094778,0.06356069060713404,False
1963-05-17,0.06922811968785213,0.06302799396923112,False
1963-05-20,0.07555659689748824,0.05360893997431839,False
1963-05-21,0.04498081433436692,0.05294693284287671,False
1963-05-22,0.04702329996720314,0.050384634642875875,False
1963-05-23,0.03686828709260209,0.05051513473518384,False
1963-05-24,0.03993039165157931,0.0518054746430039,False
1963-05-27,0.0425565281786111,0.05654670385725491,False
1963-05-28,0.05584587691190488,0.05795452572800684,False
1963-05-29,0.066703072053167,0.058798322727121384,False
1963-05-31,0.06417660403660594,0.06006198764270805,False
1963-06-03,0.0608905578248763,0.06049518948089161,False
1963-06-04,0.052665666530183244,0.059625124352868625,False
1963-06-05,0.05321479168677129,0.05725348875884671,False
1963-06-06,0.04079587938135901,0.05580137963265022,False
1963-06-07,0.045412694619118114,0.05407978178722343,False
1963-06-10,0.03671404423775878,0.05769671351007523,False
1963-06-11,0.03179988691604986,0.055634483681590664,False
1963-06-12,0.01484450350372081,0.05711774501240861,False
1963-06-13,0.020003040724424707,0.05712003149109764,False
1963-06-14,0.02048106417522296,0.058482861851692186,False
1963-06-17,0.02498811075549173,0.05758461901116243,False
1963-06-18,0.020765011953623146,0.05762704013600767,False
1963-06-19,0.020729746761347024,0.056547970919571006,False
1963-06-20,0.019564778568954427,0.056425739430935026,False
1963-06-21,0.018591933359063374,0.05803549528271919,False
1963-06-24,0.0244620598903681,0.05739897609334226,False
1963-06-25,0.022622050341311484,0.056588413595983766,False
1963-06-26,0.02433085614406874,0.06079836261943848,False
1963-06-27,0.04574961338312316,0.06356290928199286,False
1963-06-28,0.052364890731385554,0.06873782947108456,False
1963-07-01,0.07473135656422256,0.07371088345077226,False
1963-07-02,0.09971117009206336,0.08282380907376162,False
1963-07-03,0.14520599443565058,0.09250871908697217,False
1963-07-05,0.16860468809646859,0.0968625305909577,False
1963-07-08,0.20558155132506686,0.09703303170578954,False
1963-07-09,0.2095936359009024,0.09939247366140604,False
1963-07-10,0.22851185453207865,0.09313093531576822,False
1963-07-11,0.21522117635014593,0.0935412591254925,False
1963-07-12,0.22287287019040994,0.09562031095659623,False
1963-07-15,0.2392848582889549,0.10038173715028632,False
1963-07-16,0.25595820019701593,0.09960453800084594,False
1963-07-17,0.255494189234937,0.09980673182303101,False
1963-07-18,0.26127716625731806,0.10234061404705247,False
1963-07-19,0.2641785661705813,0.10238810534143795,False
1963-07-22,0.2586378317153782,0.10552524483215593,False
1963-07-23,0.26449106721367116,0.10395570803351505,False
1963-07-24,0.25519792832043403,0.10465031365870854,False
1963-07-25,0.2598506648503796,0.10462482835830476,False
1963-07-26,0.2457670392257215,0.10237114791091999,False
1963-07-29,0.22111268881119883,0.10035469030930892,False
1963-07-30,0.2186739783337007,0.10739812400505927,False
1963-07-31,0.24878206105028908,0.10231303347156154,False
1963-08-01,0.2368407701605075,0.09700831876134267,False
1963-08-02,0.23725095499329812,0.08884839319554656,False
1963-08-05,0.2092256345069697,0.08825529292889808,False
1963-08-06,0.20162944472750732,0.09213556291794331,False
1963-08-07,0.22498469078008373,0.08939496859245305,False
1963-08-08,0.19640044375248444,0.08945588845253785,False
1963-08-09,0.19758448524967398,0.09084315048884808,False
1963-08-12,0.2019831585533212,0.08857515678950213,False
1963-08-13,0.1891439257701514,0.08392307637826654,False
1963-08-14,0.1680829183953047,0.08358571059001416,False
1963-08-15,0.1616203420890467,0.08432586909445544,False
1963-08-16,0.16313412474400846,0.08102378376283693,False
1963-08-19,0.14224936625340903,0.08020341624516553,False
1963-08-20,0.1378401266419411,0.0734601687950225,False
1963-08-21,0.11891305447214089,0.07258218414803201,False
1963-08-22,0.12021832841562391,0.07335490852203776,False
1963-08-23,0.1261451952683941,0.07309786212928962,False
1963-08-26,0.1330085974189117,0.07365858781310049,False
1963-08-27,0.13728741644755255,0.07440664731174838,False
1963-08-28,0.14045413647052926,0.06509628128944432,False
1963-08-29,0.09403425535731494,0.0656432542507855,False
1963-08-30,0.08060799412444704,0.06290175512767464,False
1963-09-03,0.07365729653332032,0.06328425906853122,False
1963-09-04,0.06919286360462944,0.059876566258202014,False
1963-09-05,0.04674744326659205,0.05720831175149115,False
1963-09-06,0.0349574229496569,0.0584343877842765,False
1963-09-09,0.048453465587797985,0.06311636134539717,False
1963-09-10,0.07408813575406462,0.06373358550474809,False
1963-09-11,0.06910401652004214,0.06318439242626452,False
1963-09-12,0.0703264225892828,0.06357027082018149,False
1963-09-13,0.06674487633145541,0.06312172081481458,False
1963-09-16,0.07111386430151354,0.06133625223776877,False
1963-09-17,0.06221896342770841,0.05912442948037317,False
1963-09-18,0.057740778579882544,0.07174280781556348,False
1963-09-19,0.0915101159777521,0.07355406719501767,False
1963-09-20,0.10216916077740135,0.07867950706617609,False
1963-09-23,0.1013783563038859,0.08359225016773388,False
1963-09-24,0.12569223159832343,0.08502705501992479,False
1963-09-25,0.12627025959854588,0.08875543892733487,False
1963-09-26,0.15225306886890919,0.09000807941201489,False
1963-09-27,0.1658577811193358,0.08536745573255804,False
1963-09-30,0.14055696290967923,0.08260242007894256,False
1963-10-01,0.14582670893219318,0.08753197748979204,False
1963-10-02,0.16469900361797368,0.08751219126057244,False
1963-10-03,0.1650468209266942,0.09495121786599928,False
1963-10-04,0.19124592314285688,0.09266143042720144,False
1963-10-07,0.1776221312210999,0.09195696573935896,False
1963-10-08,0.17288951699297003,0.09382207085409323,False
1963-10-09,0.18066813245325228,0.09484922136624814,False
1963-10-10,0.19154870913485283,0.09418036079029414,False
1963-10-11,0.18694704289784378,0.0976361042444706,False
1963-10-14,0.20617872113767474,0.09865939705448193,False
1963-10-15,0.18843844517403638,0.10631915918159611,False
1963-10-16,0.19252297386470002,0.11128498470542278,False
1963-10-17,0.21332777236537093,0.10532120535006735,False
1963-10-18,0.19912313094538495,0.10417412856013607,False
1963-10-21,0.18551652081473305,0.1011314129732946,False
1963-10-22,0.18720335045219808,0.09534362733358322,False
1963-10-23,0.1750262142138715,0.09456586830220386,False
1963-10-24,0.15409650045028722,0.0922306048032513,False
1963-10-25,0.13799555297491228,0.08964057913801082,False
1963-10-28,0.12295497812248665,0.09072305704112998,False
1963-10-29,0.1090507603292853,0.09193172230173817,False
1963-10-30,0.11596699236852334,0.09200704302368831,False
1963-10-31,0.09806589452345985,0.09222405972340231,False
1963-11-01,0.09248674108345721,0.08722660284720304,False
1963-11-04,0.0785596982780319,0.09008558048420909,False
1963-11-06,0.09311507795803375,0.09384550358445534,False
1963-11-07,0.10365565118029849,0.09320734705087318,False
1963-11-08,0.09550432541388813,0.08772572240422548,False
1963-11-11,0.07722898207405403,0.08773306830658402,False
1963-11-12,0.07747992135910586,0.09252622965248622,False
1963-11-13,0.08521356729339166,0.09252224723963297,False
1963-11-14,0.08544063782327616,0.08989543851008933,False
1963-11-15,0.08990908935720204,0.0887851244132819,False
1963-11-18,0.0849387138759932,0.09255252415466798,False
1963-11-19,0.10317250271993242,0.09150815821260092,False
1963-11-20,0.09942817066844437,0.09459874541100728,False
1963-11-21,0.1066331724243816,0.09947809156716746,False
1963-11-22,0.12212880854666848,0.16015540497721342,True
1963-11-26,0.2813368206615192,0.22321252734140737,True
1963-11-27,0.4487290626964108,0.22180991086589333,True
1963-11-29,0.45577532357689265,0.23739044191595907,True
1963-12-02,0.5051444448696335,0.2369618213530965,True
1963-12-03,0.49924574930731,0.23649467607425614,True
1963-12-04,0.5127454138218311,0.2364054328718242,True
1963-12-05,0.513640158820129,0.2370145878901847,True
1963-12-06,0.5212096296400736,0.23743339800041022,True
1963-12-09,0.5184667979678825,0.2363205398855796,True
1963-12-10,0.5224988898909317,0.23447061649674633,True
1963-12-11,0.5212003660034233,0.23276762207655796,True
1963-12-12,0.5187771940630825,0.23278724749352978,True
1963-12-13,0.5206355029296031,0.2315762531847467,True
1963-12-16,0.5302815402742102,0.231793960864811,True
1963-12-17,0.5314121794125357,0.2315670174760703,True
1963-12-18,0.5199575905853576,0.22999496108390036,True
1963-12-19,0.5124462002218292,0.2301945852669649,True
1963-12-20,0.4882642004789538,0.23030154660161056,True
1963-12-23,0.48204948049297314,0.22936942549371725,True
1963-12-24,0.4595308570779521,0.22693567995261796,True
1963-12-26,0.4498404614672764,0.1820560668623936,True
1963-12-27,0.37962588998196894,0.10641356889034394,False
1963-12-30,0.18669793696680767,0.11040065842014322,False
1963-12-31,0.2020981314616624,0.07795920081797347,False
1964-01-02,0.11722280128281612,0.08165353633872345,False
1964-01-03,0.12863153136517358,0.084055865269362,False
1964-01-06,0.1236476145756328,0.08454973062318626,False
1964-01-07,0.11885869746873974,0.08346692936582163,False
1964-01-08,0.10755394273559753,0.08142925584162503,False
1964-01-09,0.10302374870985317,0.08129759697164943,False
1964-01-10,0.09151866621907372,0.08033443012227523,False
1964-01-13,0.0768488660782782,0.07843192014659654,False
1964-01-14,0.06674593191252694,0.08208533184637133,False
1964-01-15,0.07128103613868852,0.08272626788474516,False
1964-01-16,0.06732868350363903,0.08321185679016356,False
1964-01-17,0.06771590350805447,0.0831450293292354,False
1964-01-20,0.08344219411156653,0.08645643417264745,False
1964-01-21,0.08805318405177107,0.0796919383974617,False
1964-01-22,0.07536089792995196,0.08255108846435834,False
1964-01-23,0.08718513828756605,0.08155114732063362,False
1964-01-24,0.09595090626619024,0.08047434248367233,False
1964-01-27,0.08286460658627293,0.07455822448999523,False
1964-01-28,0.0645774313456432,0.07486250967244902,False
1964-01-29,0.06158020808287873,0.07059605316583402,False
1964-01-30,0.04759842694957611,0.06911038356873554,False
1964-01-31,0.03536067760266299,0.07215568617686155,False
1964-02-03,0.05846408849823367,0.07004589370197693,False
1964-02-04,0.05529958199428202,0.06925919688444872,False
1964-02-05,0.05460692871793126,0.0678183621511645,False
1964-02-06,0.04904980196295653,0.06623081947468681,False
1964-02-07,0.047338738481651106,0.06571293264127538,False
1964-02-10,0.046275362156330414,0.06503311004005703,False
1964-02-11,0.050041381557163436,0.06600816410634905,False
1964-02-12,0.046199301777376536,0.06277280661065283,False
1964-02-13,0.04216057212679307,0.0627113469927554,False
1964-02-14,0.044226608059720555,0.06290907974245896,False
1964-02-17,0.047699431679362164,0.060710563111868246,False
1964-02-18,0.043589359067810945,0.05504682460243078,False
1964-02-19,0.03194416202852551,0.05414300744042362,False
1964-02-20,0.02983653579214177,0.05026801378854713,False
1964-02-24,0.017093625862159224,0.04950731017659008,False
1964-02-25,0.017913902342881025,0.050283961913128644,False
1964-02-26,0.016937941110572705,0.053889093787161606,False
1964-02-27,0.02327728889513744,0.05413612940129833,False
1964-02-28,0.023595885767701108,0.049121409255066424,False
1964-03-02,0.004773203761344734,0.04858092889812048,False
1964-03-03,0.003785181361033953,0.044620066230492514,False
1964-03-04,-0.025966233332357515,0.04617019300158381,False
1964-03-05,-0.02346650230194209,0.04644644318945001,False
1964-03-06,-0.021953795957169255,0.04768060118857341,False
1964-03-09,-0.02049623110009966,0.04920655689776728,False
1964-03-10,-0.01750010359444904,0.04920061579645626,False
1964-03-11,-0.024015663844631142,0.04784226722994799,False
1964-03-12,-0.027548755896910918,0.050501369104062846,False
1964-03-13,-0.013487158089399251,0.05045146770315994,False
1964-03-16,-0.013894604129365312,0.04919248374789645,False
1964-03-17,-0.015706189416889532,0.048976202476302515,False
1964-03-18,-0.005716973258626185,0.048955148193415815,False
1964-03-19,-0.0026485850898381115,0.04832362377559816,False
1964-03-20,-0.00208141795992144,0.05937987844536675,False
1964-03-23,0.038912926318943115,0.06019899480467917,False
1964-03-24,0.040675998004112694,0.06023830663954233,False
1964-03-25,0.04152361490777556,0.06204557240280064,False
1964-03-26,0.04876774235157071,0.05772091045978955,False
1964-03-30,0.0493757237067091,0.0577260814319136,False
1964-03-31,0.05153175905526245,0.057360172669632566,False
1964-04-01,0.047590269856099605,0.05485037822877552,False
1964-04-02,0.0539699805957336,0.06617394972900541,False
1964-04-03,0.08952783269754964,0.06460405867867604,False
1964-04-06,0.08384395730192722,0.06439188052540723,False
1964-04-07,0.078520552774795,0.06591345568548851,False
1964-04-08,0.08595029757869535,0.06538937626993849,False
1964-04-09,0.08554970257870065,0.06697373355195668,False
1964-04-10,0.09448152111225565,0.06672713330046935,False
1964-04-13,0.09775278476221722,0.06306785721224652,False
1964-04-14,0.07827777495918559,0.06348225749510944,False
1964-04-15,0.08913259098596558,0.06462628826275524,False
1964-04-16,0.09974180589815151,0.06378293167303153,False
1964-04-17,0.08869566672217577,0.06371930581342244,False
1964-04-20,0.08982483182382518,0.0712286296678708,False
1964-04-21,0.10184407440587474,0.06499006947244831,False
1964-04-22,0.07116470548241924,0.06673324295229202,False
1964-04-23,0.07652268193727785,0.06685778599499981,False
1964-04-24,0.0747951252785017,0.07044944190030743,False
1964-04-27,0.09094722339036382,0.08166899457452892,False
1964-04-28,0.12724269085326986,0.0820042112214385,False
1964-04-29,0.11895350364679956,0.09347977841495177,False
1964-04-30,0.1367965707054798,0.09304997922824632,False
1964-05-01,0.12811217604170208,0.08397439199319592,False
1964-05-04,0.09051948305505145,0.08544697394797411,False
1964-05-05,0.09810400611662792,0.08496113169796268,False
1964-05-06,0.09921903199101874,0.0839539083185134,False
1964-05-07,0.0885294312069477,0.08405702032514555,False
1964-05-08,0.08945389431862139,0.08380065979433575,False
1964-05-11,0.08729318416155077,0.08363459299381582,False
1964-05-12,0.0881722543329273,0.08363947924815499,False
1964-05-13,0.0960716441290626,0.0829644017571525,False
1964-05-14,0.0919079014359374,0.080243052298743,False
1964-05-15,0.0821882535141507,0.08186522643399997,False
1964-05-18,0.10064098228772846,0.08195903513919868,False
1964-05-19,0.09269728111542037,0.07814770632354683,False
1964-05-20,0.08464101333761015,0.08019502089173569,False
1964-05-21,0.09600461619615228,0.07995222948699275,False
1964-05-22,0.09394303867760083,0.07995832487326848,False
1964-05-25,0.10059984240519487,0.07719262283062685,False
1964-05-26,0.08925656983648926,0.06599927897157457,False
1964-05-27,0.05463582854000264,0.06574094235494957,False
1964-05-28,0.058973641523729324,0.045850098218907655,False
1964-06-01,0.0231399381753709,0.04977887986106371,False
1964-06-02,0.0393312119950711,0.046923244375155486,False
1964-06-03,0.0339135692310208,0.043955899820399234,False
1964-06-04,0.029185359220123976,0.04532476684825356,False
1964-06-05,0.03921063979083977,0.05491743223131538,False
1964-06-08,0.08364596815473045,0.053966950961328,False
1964-06-09,0.07787563434231295,0.055016202260918134,False
1964-06-10,0.08048745097051885,0.05534433118062706,False
1964-06-11,0.08567292379402598,0.058456481680602655,False
1964-06-12,0.10445174377445221,0.061686279367470946,False
1964-06-15,0.10994653942881996,0.0653082245794942,False
1964-06-16,0.12028244729688377,0.06441011265832478,False
1964-06-17,0.11177005667399677,0.06814687885755458,False
1964-06-18,0.12810883327490702,0.0688882345930947,False
1964-06-19,0.1336370816784407,0.06799172527234801,False
1964-06-22,0.13383519604140853,0.06797620877335048,False
1964-06-23,0.1292698028203726,0.06781525884902778,False
1964-06-24,0.12908593474909774,0.06672224188133694,False
1964-06-25,0.1207036257998914,0.06657648968010062,False
1964-06-26,0.11614086048857142,0.06563937001159789,False
1964-06-29,0.11227781773305869,0.06552711221253743,False
1964-06-30,0.1189387506142778,0.062247864760916836,False
1964-07-01,0.10231697252641808,0.059985892151783536,False
1964-07-02,0.08057521398243189,0.058312587104941714,False
1964-07-06,0.07373912913583854,0.058567119805053684,False
1964-07-07,0.07473771962349708,0.05626013518522166,False
1964-07-08,0.05537854510381767,0.055013595421819,False
1964-07-09,0.045640675687723516,0.05528554603005752,False
1964-07-10,0.04937633939117121,0.05607312928462365,False
1964-07-13,0.05568875605970214,0.0547896124645406,False
1964-07-14,0.050379219548770664,0.05760476671664136,False
1964-07-15,0.06370320849483246,0.0546667227749404,False
1964-07-16,0.04853804561123182,0.0557379099966372,False
1964-07-17,0.05116941753897244,0.052399823434583506,False
1964-07-20,0.04277365245428094,0.05528077120242721,False
1964-07-21,0.05634147904075465,0.05840544305982494,False
1964-07-22,0.07527583251374333,0.058468353338682964,False
1964-07-23,0.07765513407004268,0.058300170947094075,False
1964-07-24,0.07501517712745505,0.06146836698797448,False
1964-07-27,0.09090686409169953,0.06155532766286619,False
1964-07-28,0.09108936290456289,0.06338482778546144,False
1964-07-29,0.10195165368567491,0.06466324495398885,False
1964-07-30,0.10714921983796699,0.06293557503097205,False
1964-07-31,0.09721338744186575,0.062469685165308014,False
1964-08-03,0.10090079216915789,0.0626334103988982,False
1964-08-04,0.09768546605641866,0.08970132474376845,True
1964-08-05,0.1948341034164309,0.10115439068167421,False
1964-08-06,0.19096867855749147,0.11135780570156598,False
1964-08-07,0.24121759750087204,0.11580374660479217,False
1964-08-10,0.28083957119192166,0.11578210621229303,False
1964-08-11,0.2854061710396248,0.11547179208019721,False
1964-08-12,0.28046693568026354,0.11572250507210544,False
1964-08-13,0.28254787681262505,0.11686481177833825,False
1964-08-14,0.2924817384740187,0.11625984870054241,False
1964-08-17,0.2852548036665639,0.11676657395042533,False
1964-08-18,0.2810132815912613,0.11612243341873803,False
1964-08-19,0.2672974832096917,0.11601844897662957,False
1964-08-20,0.2621398880231406,0.11608371916850084,False
1964-08-21,0.25681524169681935,0.11695572174525877,False
1964-08-24,0.26238268885729144,0.11525668034525512,False
1964-08-25,0.25112323226914834,0.11705008338828528,False
1964-08-26,0.2617149902176695,0.11640143126700907,False
1964-08-27,0.2612007610208635,0.11869099805774343,False
1964-08-28,0.26418222235940914,0.12049207688243169,False
1964-08-31,0.276690850056823,0.12056110851986768,False
1964-09-01,0.27257078631007614,0.12089956084213958,False
1964-09-02,0.27316207058739284,0.09203425343541678,False
1964-09-03,0.16392469361578638,0.08381635384386164,False
1964-09-04,0.18280432933321394,0.06535618691262447,False
1964-09-08,0.08959852800194745,0.06267811932813819,False
1964-09-09,0.06838335788168383,0.06209313181534001,False
1964-09-10,0.06280784004203073,0.06124540294762368,False
1964-09-11,0.05550621548076783,0.061069984450996526,False
1964-09-14,0.05649070830797863,0.06877762718862812,False
1964-09-15,0.07604907623640206,0.06697510040012998,False
1964-09-16,0.07075223421627039,0.06685939190693999,False
1964-09-17,0.06871859301414465,0.06683517897128077,False
1964-09-18,0.06981917946167439,0.06672833050557171,False
1964-09-21,0.06607803682481078,0.06579106858242749,False
1964-09-22,0.0622781587534059,0.06569463832652003,False
1964-09-23,0.06056622115772531,0.065679469953249,False
1964-09-24,0.05727811240446845,0.061818466518255004,False
1964-09-25,0.03398252244233388,0.06073521482291426,False
1964-09-28,0.030202384835639876,0.05679795534962797,False
1964-09-29,0.02250728118358044,0.05513827203612194,False
1964-09-30,0.02393885182116658,0.05527179484895687,False
1964-10-01,0.021290674623857097,0.05448134947257949,False
1964-10-02,0.021777415004939106,0.053707136378238034,False
1964-10-05,0.020903498140650147,0.05279317774078134,False
1964-10-06,0.017819156335498493,0.0469703185528254,False
1964-10-07,0.0034788755981231094,0.044606707446287676,False
1964-10-08,0.004015513999796965,0.04742174693834757,False
1964-10-09,0.009308054345015032,0.04766461412446048,False
1964-10-12,0.01285871309335985,0.04724320095514472,False
1964-10-13,0.015331054415524426,0.03830349817112305,False
1964-10-14,-0.004316618811812779,0.037310764303928635,False
1964-10-15,-0.010088703334367873,0.05293188925808195,False
1964-10-16,0.030885259944099214,0.0762325223734647,False
1964-10-19,0.1052870451631574,0.07637642103535722,False
1964-10-20,0.10979153273749048,0.07629740774114356,False
1964-10-21,0.10461696354691441,0.07671754628105878,False
1964-10-22,0.1020219627181585,0.07832688324125997,False
1964-10-23,0.11201793022825575,0.07812177774468486,False
1964-10-26,0.11093410935108283,0.07819070790984431,False
1964-10-27,0.11077173587498468,0.07816526662914015,False
1964-10-28,0.10726973788659586,0.07856678279902349,False
1964-10-29,0.10773260095969685,0.07883740181830917,False
1964-10-30,0.10842329641275149,0.08022114349758437,False
1964-11-02,0.11389402412983626,0.08131779413241826,False
1964-11-04,0.11458281965659091,0.08134079918961575,False
1964-11-05,0.11893178100550203,0.08156930496175807,False
1964-11-06,0.12278376929330523,0.08136889365013818,False
1964-11-09,0.11447427322955213,0.07991833682279885,False
1964-11-10,0.11052566939696255,0.0809399906952138,False
1964-11-11,0.1168364074149463,0.08227091704224031,False
1964-11-12,0.12101131283948466,0.08252986127563038,False
1964-11-13,0.11283931329535303,0.08603047447417138,False
1964-11-16,0.12591223408641922,0.07543551190727582,False
1964-11-17,0.08490844456734031,0.05707371686520404,False
1964-11-18,0.025634477352664057,0.056870285284375995,False
1964-11-19,0.024587390516921825,0.05664499777402269,False
1964-11-20,0.02726633444322647,0.056260034684557286,False
1964-11-23,0.033089004661244446,0.05486000096104399,False
1964-11-24,0.030199092442171813,0.055322827642315865,False
1964-11-25,0.031489029188418526,0.0570439327506799,False
1964-11-27,0.039471347989290695,0.057146824692217185,False
1964-11-30,0.038503973781580346,0.07036114344870562,False
1964-12-01,0.07197539509431027,0.07577528590947062,False
1964-12-02,0.08972111649089136,0.07409783258449568,False
1964-12-03,0.07956299321606174,0.07517050806977853,False
1964-12-04,0.09111439239036911,0.07665708858985802,False
1964-12-07,0.09696483793589927,0.0782067474954009,False
1964-12-08,0.10208545489192876,0.07942092160746309,False
1964-12-09,0.110331421250785,0.08072726117633167,False
1964-12-10,0.11725441561170535,0.07856019818622358,False
1964-12-11,0.10918180533106575,0.07700749412473533,False
1964-12-14,0.10196058803171777,0.08057394455796582,False
1964-12-15,0.10989914582177901,0.07648025185627452,False
1964-12-16,0.091647930973525,0.08020015847289458,False
1964-12-17,0.11494505877866885,0.08779503877248954,False
1964-12-18,0.1209631901083864,0.09177369489022678,False
1964-12-21,0.14419778959452312,0.0921860809623662,False
1964-12-22,0.14649547502573096,0.09200213989251876,False
1964-12-23,0.14948469405501394,0.09160179361524057,False
1964-12-24,0.13861354731875772,0.09095781194266642,False
1964-12-28,0.13453212405810955,0.09153942758648513,False
1964-12-29,0.1383938795955178,0.09155347025905901,False
1964-12-30,0.1389773391862938,0.08591598283852488,False
1964-12-31,0.1384837642623512,0.07997082480042968,False
1965-01-04,0.12624784546105736,0.08035505785326669,False
1965-01-05,0.11517309174731492,0.08166956918277814,False
1965-01-06,0.11822940115131948,0.08077277124749987,False
1965-01-07,0.1094191205923822,0.08094967162946796,False
1965-01-08,0.10731215572372721,0.07961710832749704,False
1965-01-11,0.10425006551138039,0.07703739858071759,False
1965-01-12,0.0884103142877205,0.07748621448472526,False
1965-01-13,0.09092176552647095,0.0781703281995363,False
1965-01-14,0.09361634684502086,0.07819387098795491,False
1965-01-15,0.09354234898158029,0.07446901787088638,False
1965-01-18,0.08321553724551961,0.0739140894410042,False
1965-01-19,0.08398298645791498,0.06598221282915959,False
1965-01-20,0.07376731817406675,0.06350078940266078,False
1965-01-21,0.06774668597263152,0.06563422636901274,False
1965-01-22,0.07401800251424377,0.06475222138261263,False
1965-01-25,0.07268035444202868,0.06762262763897227,False
1965-01-26,0.08439022104065479,0.0681777173072944,False
1965-01-27,0.08451500976581076,0.06721403065729994,False
1965-01-28,0.08320739281940502,0.07122341224982272,False
1965-01-29,0.08929470366637288,0.06902625826160827,False
1965-02-01,0.0763882879436963,0.06942129722576107,False
1965-02-02,0.08097158260869873,0.06895048801117389,False
1965-02-03,0.0742984454253287,0.06751262499958478,False
1965-02-04,0.07053207570827306,0.06776446641080845,False
1965-02-05,0.07326669425589453,0.07119337072430237,False
1965-02-08,0.09033585607350887,0.07091283864986961,False
1965-02-09,0.08812332657622071,0.07010596514187083,False
1965-02-10,0.09073794083153108,0.06857535968337418,False
1965-02-11,0.08213014165542966,0.07376383599600793,False
1965-02-12,0.11554080500035835,0.07159947320102228,False
1965-02-15,0.10609098804498134,0.07007290395940587,False
1965-02-16,0.09724479510840632,0.06795989426867603,False
1965-02-17,0.08668388288040185,0.06662770143122468,False
1965-02-18,0.08090887871131175,0.07339824062415737,False
1965-02-19,0.10538028574210274,0.07355516213892246,False
1965-02-23,0.10651824005957418,0.07373022916354292,False
1965-02-24,0.10621559922935078,0.07113325366119475,False
1965-02-25,0.0950218742103891,0.07000682798852992,False
1965-02-26,0.09578770987161632,0.06711574551794323,False
1965-03-01,0.09692564222856705,0.06201802781116348,False
1965-03-02,0.07216636186300515,0.06199500353435895,False
1965-03-03,0.07262191246302833,0.06499774777648466,False
1965-03-04,0.07751075669467537,0.06708272239365765,False
1965-03-05,0.08215044334097359,0.06724739379484736,False
1965-03-08,0.08692136247246704,0.0695193130605975,False
1965-03-09,0.09201093821609314,0.06551336509992915,False
1965-03-10,0.07171510373331412,0.06493898245249968,False
1965-03-11,0.06546522988095627,0.06581374566669793,False
1965-03-12,0.06467266438442534,0.06445774324753781,False
1965-03-15,0.061418791041507055,0.056971836925618184,False
1965-03-16,0.02412632029133129,0.062259805394318385,False
1965-03-17,0.04674497442995886,0.07337859040601039,False
1965-03-18,0.07419131211342836,0.07457780159934488,False
1965-03-19,0.08222102062026089,0.0744209152668276,False
1965-03-22,0.07700256661698847,0.06727731259334233,False
1965-03-23,0.06309348902248135,0.06535435049023543,False
1965-03-24,0.05465457820283567,0.06456597479284824,False
1965-03-25,0.056188727336834055,0.06518720508403564,False
1965-03-26,0.0643712439527486,0.0748448255724388,False
1965-03-29,0.09830764479114555,0.07416046043589575,False
1965-03-30,0.09331997437541782,0.07166850977756935,False
1965-03-31,0.08635193077567145,0.07563788439566083,False
1965-04-01,0.10367683790283086,0.07549975231674286,False
1965-04-02,0.10296709566935726,0.07448648755343645,False
1965-04-05,0.10525687779134514,0.07755513445864218,False
1965-04-06,0.1130338676815692,0.074767842795436,False
1965-04-07,0.11046898728494009,0.07387182547030284,False
1965-04-08,0.11241112619860703,0.08022665772021689,False
1965-04-09,0.12350856299246168,0.08630063536495383,False
1965-04-12,0.15478539034860445,0.08644622052906996,False
1965-04-13,0.14210888723867582,0.0882095849289528,False
1965-04-14,0.14612687805887184,0.0902304462229915,False
1965-04-15,0.1491399258606874,0.08072134245878877,False
1965-04-19,0.13348330050260793,0.07830814039315669,False
1965-04-20,0.12687902318483665,0.07801497200828988,False
1965-04-21,0.13536113996784052,0.07794432671763442,False
1965-04-22,0.1353241868636001,0.08001036061355211,False
1965-04-23,0.1502662461472951,0.07979821785627322,False
1965-04-26,0.14955639836624393,0.07699432302613793,False
1965-04-27,0.13118919663348816,0.05708657572787156,False
1965-04-28,0.05306491484733454,0.0613718782973174,False
1965-04-29,0.06612129343187562,0.07057706681236588,False
1965-04-30,0.0961631906114452,0.07035010307988118,False
1965-05-03,0.09079634525997822,0.07089100221060689,False
1965-05-04,0.09001933585202798,0.07105108016749953,False
1965-05-05,0.09057702484969532,0.07011889272695364,False
1965-05-06,0.08782107166177053,0.06998267930713058,False
1965-05-07,0.07643519755312461,0.06813417565323081,False
1965-05-10,0.06607969385503915,0.06757100557922957,False
1965-05-11,0.0776505358379294,0.06548826894311208,False
1965-05-12,0.06537774774057648,0.06623814626814933,False
1965-05-13,0.07262532293415569,0.0652936216957057,False
1965-05-14,0.07783073546827371,0.0586808956210229,False
1965-05-17,0.05854853138547084,0.05968732436902887,False
1965-05-18,0.0615778212328178,0.06036434337329764,False
1965-05-19,0.05961577199999257,0.06051444169352389,False
1965-05-20,0.05728569234836522,0.06371648689914293,False
1965-05-21,0.074971711055639,0.06316714511861346,False
1965-05-24,0.07019887086082945,0.0705467748234426,False
1965-05-25,0.10999021727952264,0.07259479345396942,False
1965-05-26,0.12817554840081524,0.07613530082513924,False
1965-05-27,0.14219445384601445,0.08448743089952566,False
1965-05-28,0.1731168891843564,0.08499012364557249,False
1965-06-01,0.17970266043644226,0.08529313734754218,False
1965-06-02,0.19398315039804329,0.08951049632844746,False
1965-06-03,0.22581316840127058,0.08739578469214919,False
1965-06-04,0.202234780872808,0.08719775792490948,False
1965-06-07,0.20033477921057294,0.08287432749490245,False
1965-06-08,0.18538718586469596,0.08321251941161738,False
1965-06-09,0.18767812241844778,0.09047404566742748,False
1965-06-10,0.21816411213816983,0.09340282398194114,False
1965-06-11,0.2169774570479559,0.089772321997391,False
1965-06-14,0.214265938904746,0.09460154002253073,False
1965-06-15,0.20743489957880926,0.11086078049426022,False
1965-06-16,0.22143917334572247,0.12399268144010114,False
1965-06-17,0.27665647195255116,0.12489652877439135,False
1965-06-18,0.2835394950177709,0.12352552898825057,False
1965-06-21,0.28062499782202865,0.12391624624615458,False
1965-06-22,0.27620458758514843,0.12514509215312275,False
1965-06-23,0.2845003827521366,0.12362907997727572,False
1965-06-24,0.2762179257967403,0.12646810243278944,False
1965-06-25,0.2743660603801911,0.12671057595049082,False
1965-06-28,0.27331425918925967,0.12952516163487493,False
1965-06-29,0.2661297909858512,0.13784003634437947,False
1965-06-30,0.26454289138736997,0.15898628337382806,False
1965-07-01,0.3505718838405054,0.15673596641324505,False
1965-07-02,0.3467836217792725,0.15874682061584108,False
1965-07-06,0.35570484938679514,0.1582137774421363,False
1965-07-07,0.3583847351357426,0.15850410044340135,False
1965-07-08,0.36422054424674694,0.16589112124243316,False
1965-07-09,0.37867243829430697,0.16142014992513293,False
1965-07-12,0.36888149653848457,0.1572959162344391,False
1965-07-13,0.3602609563508632,0.1574706834461093,False
1965-07-14,0.36205638900127857,0.14765967759397397,False
1965-07-15,0.3406031603546957,0.14237330200571735,False
1965-07-16,0.3577132589810754,0.13710917367515774,False
1965-07-19,0.3472399093937766,0.13742722841365526,False
1965-07-20,0.34837463688635933,0.14321898128443386,False
1965-07-21,0.37451587814326814,0.1438278388875267,False
1965-07-22,0.3827748956237682,0.14342156917570978,False
1965-07-23,0.37380785994810956,0.1421020577393524,False
1965-07-26,0.3614556703523177,0.13698532142658826,False
1965-07-27,0.3391169992779563,0.13415893160506462,False
1965-07-28,0.3252428929682471,0.11982023715623322,False
1965-07-29,0.2949172414974935,0.11385347208491994,False
1965-07-30,0.2825187645901419,0.09625766038982574,False
1965-08-02,0.19962487575549281,0.09624107755153787,False
1965-08-03,0.19839543919845848,0.09498163152234436,False
1965-08-04,0.1945715753789332,0.09432161582446229,False
1965-08-05,0.19183553646544346,0.09214647945373237,False
1965-08-06,0.18085407341315096,0.07986420720224245,False
1965-08-09,0.13896197775620667,0.07730546121102111,False
1965-08-10,0.1273878626019919,0.077615109575054,False
1965-08-11,0.13918148359250312,0.07757863579000346,False
1965-08-12,0.14145285893403237,0.08057245806108371,False
1965-08-13,0.15846719113643482,0.08157088088178066,False
1965-08-16,0.1606521605359322,0.07968397743440322,False
1965-08-17,0.14590081736853364,0.07970793662341094,False
1965-08-18,0.14898499302498405,0.0651941353221738,False
1965-08-19,0.07856867575018046,0.06084823167745637,False
1965-08-20,0.04421457815545601,0.06222106799342595,False
1965-08-23,0.0520434428462149,0.061917017613432754,False
1965-08-24,0.05435937035427632,0.05508915864899424,False
1965-08-25,0.048404310468950065,0.05201484630034733,False
1965-08-26,0.037368581554449005,0.05406189733128608,False
1965-08-27,0.04609051980443982,0.054765357250437824,False
1965-08-30,0.040599667830324475,0.055377592022911475,False
1965-08-31,0.03960196707796274,0.05642554181311415,False
1965-09-01,0.043160347816876256,0.058914152268552726,False
1965-09-02,0.042896091536191554,0.0637749181575773,False
1965-09-03,0.06350239457672081,0.07017338314708561,False
1965-09-07,0.08668507238780221,0.06948976323419857,False
1965-09-08,0.08433164147628153,0.06895397134511466,False
1965-09-09,0.07365472005281819,0.06832218811394308,False
1965-09-10,0.06710260136584074,0.06903783456840086,False
1965-09-13,0.06362630267761168,0.06541172963267973,False
1965-09-14,0.04397673710330182,0.06686607231044506,False
1965-09-15,0.03880828276638395,0.06832450565037629,False
1965-09-16,0.0460093568583792,0.0685816620259822,False
1965-09-17,0.058192613116529575,0.06846117612450926,False
1965-09-20,0.052867980700067325,0.06569423559652343,False
1965-09-21,0.04452627128526765,0.06598327058020226,False
1965-09-22,0.03745024321262476,0.07233847693541377,False
1965-09-23,0.052333953513695214,0.07870653783556375,False
1965-09-24,0.06602287215645648,0.0802573012022832,False
1965-09-27,0.06632678369758288,0.1013355070798811,False
1965-09-28,0.10362579864506778,0.1003727739953068,False
1965-09-29,0.10937384427438045,0.10405032596918565,False
1965-09-30,0.11094884700010954,0.10426229590676228,False
1965-10-01,0.10388861438086465,0.10283041182805251,False
1965-10-04,0.11191962288774376,0.1016050417083192,False
1965-10-05,0.10856490042903817,0.09860921820387317,False
1965-10-06,0.10214027892149782,0.09938232598890634,False
1965-10-07,0.10374910892491389,0.09949869641292636,False
1965-10-08,0.11048729333399682,0.09934874813858519,False
1965-10-11,0.10651369642694095,0.10034760634654408,False
1965-10-12,0.1056291780073813,0.10090415767618574,False
1965-10-13,0.10741771632503203,0.10081198648840729,False
1965-10-14,0.12398833230670443,0.10416390951344622,False
1965-10-15,0.1390916688081531,0.10377612386370504,False
1965-10-18,0.12925909291724355,0.10375657317038911,False
1965-10-19,0.1213887840834522,0.10274727053732008,False
1965-10-20,0.12074289538188156,0.10216413026411632,False
1965-10-21,0.12134492522584717,0.09562104475831401,False
1965-10-22,0.10296575968843447,0.09126415466311576,False
1965-10-25,0.08262975562377177,0.09101701106550916,False
1965-10-26,0.08671283274777823,0.059775660765065436,False
1965-10-27,0.03668185537506759,0.06289816098220767,False
1965-10-28,0.03942907087655284,0.05633551909663439,False
1965-10-29,0.02847960417108503,0.06817752038917073,False
1965-11-01,0.059130032029932035,0.06791045253491698,False
1965-11-03,0.052947770502206795,0.06876365291417123,False
1965-11-04,0.06168773893946902,0.06842873691257167,False
1965-11-05,0.05924693171795859,0.06761296289406758,False
1965-11-08,0.06170776515066003,0.0725346979843568,False
1965-11-09,0.07888686062579049,0.07447339671476214,False
1965-11-10,0.08626986954029725,0.07150895327434624,False
1965-11-11,0.08519128744789585,0.07122863078388861,False
1965-11-12,0.08570147352742408,0.07087806339210025,False
1965-11-15,0.075781799657448,0.06825951327040888,False
1965-11-16,0.06074383950661465,0.0682271500714963,False
1965-11-17,0.059019942998843125,0.0711178895665822,False
1965-11-18,0.0691432317602187,0.07333217338533111,False
1965-11-19,0.06633985108795101,0.0784201084705973,False
1965-11-22,0.06733377931993757,0.07867030071457035,False
1965-11-23,0.06630314259543627,0.08109379320489316,False
1965-11-24,0.0752271518968984,0.07777521690397633,False
1965-11-26,0.07000547716695091,0.0767169753330868,False
1965-11-29,0.061418641520163866,0.07648519491855175,False
1965-11-30,0.05665170295394816,0.07557044072529825,False
1965-12-01,0.04837188901687699,0.06955376599236555,False
1965-12-02,0.035593907881823275,0.07008237751329997,False
1965-12-03,0.034391168224983504,0.06930779210704854,False
1965-12-06,0.026604433134010324,0.08506493096851056,False
1965-12-07,0.08586997136479259,0.09063232029312066,False
1965-12-08,0.10347469069955714,0.0865950977915976,False
1965-12-09,0.08761538356868058,0.08726408269931857,False
1965-12-10,0.08408951340117282,0.08837217520928824,False
1965-12-13,0.08561730471364588,0.08859603950380746,False
1965-12-14,0.08163671589359425,0.08780387937828675,False
1965-12-15,0.0799878818222788,0.08793403116738406,False
1965-12-16,0.07710137647726496,0.08837008892426751,False
1965-12-17,0.07639649246275501,0.08686774863060734,False
1965-12-20,0.07193490427055901,0.0930823471207306,False
1965-12-21,0.071055497540087,0.08746635062773726,False
1965-12-22,0.07151468429417242,0.09156311664224331,False
1965-12-23,0.06538131191237428,0.09233763817436857,False
1965-12-27,0.048671671911951715,0.09239906293549956,False
1965-12-28,0.043033569973935155,0.09595674880945648,False
1965-12-29,0.04845589314327317,0.09363663401712792,False
1965-12-30,0.051617770517434505,0.09276635346084348,False
1965-12-31,0.05567076093980487,0.09344602506597585,False
1966-01-03,0.061764704824358425,0.09736758752653044,False
1966-01-04,0.05923065078985806,0.09733713636254072,False
1966-01-05,0.061259173073921445,0.08706542286542518,False
1966-01-06,0.0275988396665192,0.08000394650186099,False
1966-01-07,0.019880568432549327,0.07973085229798929,False
1966-01-10,0.020382346350800856,0.07348126133717972,False
1966-01-11,0.014033825922520138,0.06888076306762334,False
1966-01-12,-0.0027173171609485747,0.06700629805348039,False
1966-01-13,-0.003367075027215021,0.06929148558166214,False
1966-01-14,-0.007865858555318489,0.06857916744988676,False
1966-01-17,-0.006732823719007664,0.07370708293213409,False
1966-01-18,0.0024559625693621997,0.08361600544574865,False
1966-01-19,0.009438427636118699,0.07828741659846954,False
1966-01-20,0.007656171255388468,0.07829287481728003,False
1966-01-21,0.006573076390961102,0.07477269053364825,False
1966-01-24,0.006297702967138335,0.07124739578980414,False
1966-01-25,0.00983950369859466,0.07434736386213829,False
1966-01-26,0.03148746495485995,0.06624931509314846,False
1966-01-27,0.022315521792873085,0.06640923886850415,False
1966-01-28,0.021569712939218,0.06901587537747897,False
1966-01-31,0.023451072029087333,0.06977633708475392,False
1966-02-01,0.02369864219263978,0.07524510736666337,False
1966-02-02,0.053743158209703705,0.07641461332595151,False
1966-02-03,0.05773848693384617,0.08021208167946361,False
1966-02-04,0.06418939529031131,0.08218426396767553,False
1966-02-07,0.07752813206684901,0.0820317119453539,False
1966-02-08,0.07481980205418334,0.0839965990308997,False
1966-02-09,0.07533586674084868,0.08656896974574273,False
1966-02-10,0.09114169526602575,0.08665942622489484,False
1966-02-11,0.08459504984291735,0.08558455278094379,False
1966-02-14,0.08624422692880965,0.08778870421636789,False
1966-02-15,0.08835647955105635,0.08603218085598227,False
1966-02-16,0.08304024368818086,0.0769410179348218,False
1966-02-17,0.07774097723255895,0.0776413136160008,False
1966-02-18,0.08821554622150601,0.07760209901534665,False
1966-02-21,0.08574338702943564,0.07902596378815001,False
1966-02-23,0.09059574607659272,0.07829267513993013,False
1966-02-24,0.0877441426850516,0.0758317052988486,False
1966-02-25,0.08026057445407235,0.07493618172090713,False
1966-02-28,0.08134797613805128,0.07835030473732271,False
1966-03-01,0.08932812244352904,0.09142848835603685,False
1966-03-02,0.13718986386784518,0.09605029788826645,False
1966-03-03,0.1466389701914789,0.0946541668376051,False
1966-03-04,0.15505329255112657,0.09117642595669043,False
1966-03-07,0.14347032598290557,0.1038835212161594,True
1966-03-08,0.1804970841216338,0.0994406352282246,False
1966-03-09,0.15753330754548062,0.12127877222913548,False
1966-03-10,0.2512284462237916,0.12233116936354295,False
1966-03-11,0.2543675387381721,0.11747395992336325,False
1966-03-14,0.23788434346306708,0.11738137297043114,False
1966-03-15,0.232186135513188,0.11721540969711057,False
1966-03-16,0.2300008097679227,0.11964540349632319,False
1966-03-17,0.24489257610736453,0.12153202096643413,False
1966-03-18,0.25889302010899357,0.13018950281271113,False
1966-03-21,0.27214511852898693,0.13707435062450427,False
1966-03-22,0.27805748531650065,0.13823286323464373,False
1966-03-23,0.2825600843185942,0.13750855818311292,False
1966-03-24,0.27693175058201014,0.1358781540151304,False
1966-03-25,0.2653729561298227,0.13254158561550336,False
1966-03-28,0.2501580837514464,0.13599973835237864,False
1966-03-29,0.25061131488507676,0.13515420733720118,False
1966-03-30,0.25153773825524545,0.13088440478014743,False
1966-03-31,0.2172407252618522,0.1259456269071685,False
1966-04-01,0.2168280168231768,0.12747962539220878,False
1966-04-04,0.22201638508519658,0.12862465646760507,False
1966-04-05,0.22435797471952662,0.10781500693859425,False
1966-04-06,0.15867314314654662,0.10260434765740686,False
1966-04-07,0.14922268780008108,0.09040754926875792,False
1966-04-11,0.10071932083593438,0.09037990206071995,False
1966-04-12,0.09303395889799382,0.09064965169671539,False
1966-04-13,0.09103647443228684,0.08752025773885094,False
1966-04-14,0.06213299582025035,0.09116964134918226,False
1966-04-15,0.06524727643817362,0.09118080363586217,False
1966-04-18,0.06607851937198583,0.0978655817959115,False
1966-04-19,0.08043535941761976,0.09704308956377945,False
1966-04-20,0.08838591074101257,0.09287580305730883,False
1966-04-21,0.07926709516726978,0.09726035837047571,False
1966-04-22,0.07964424873819563,0.10119990086480632,False
1966-04-25,0.08001333055745896,0.1019438778798339,False
1966-04-26,0.07778706482460113,0.10192910998344305,False
1966-04-27,0.07717254442619507,0.10048575264804681,False
1966-04-28,0.0730005016360331,0.10384577612609484,False
1966-04-29,0.08750898685862936,0.09246248328453341,False
1966-05-02,0.06597852114428741,0.0900333005237919,False
1966-05-03,0.05603737453193428,0.09551400027067393,False
1966-05-04,0.07496460288029842,0.09708546337152216,False
1966-05-05,0.0940012810672145,0.11813328166566849,True
1966-05-06,0.145667186160747,0.1179617738575517,False
1966-05-09,0.13503477938434771,0.12445357330990718,True
1966-05-10,0.152619279329359,0.1353108206412527,False
1966-05-11,0.19521771391317377,0.13614357641237032,False
1966-05-12,0.1966701152298022,0.1334383969234999,False
1966-05-13,0.2191255529170303,0.12266981580337115,False
1966-05-16,0.20751091779731864,0.12266784639674803,False
1966-05-17,0.2096192345795203,0.12522588524897188,False
1966-05-18,0.21070004876917126,0.16143130416606521,False
1966-05-19,0.30658468003866446,0.1615548243185418,False
1966-05-20,0.2959111085823223,0.1651375947777388,False
1966-05-23,0.2935109176242342,0.1725333860047591,False
1966-05-24,0.3161898902281585,0.17726887292399796,False
1966-05-25,0.3470839061039852,0.17810189583606353,False
1966-05-26,0.36325349544121494,0.17937305006733628,True
1966-05-27,0.3687892209905954,0.1803092754900625,True
1966-05-31,0.3667354505615732,0.1848203921516697,True
1966-06-01,0.37840448724378073,0.1846979249175732,True
1966-06-02,0.3796789878956873,0.182239343150535,True
1966-06-03,0.3754420921347853,0.17964026768963182,True
1966-06-06,0.3717188188196937,0.16551507887123962,False
1966-06-07,0.34322532309075393,0.1678272164949387,False
1966-06-08,0.3688272192816584,0.16007777610860993,False
1966-06-09,0.3567847669113733,0.15887828224152453,False
1966-06-10,0.3416893984317322,0.16413987321109705,False
1966-06-13,0.34512377464168636,0.1584238716305236,False
1966-06-14,0.32180777127736754,0.15206350799309795,False
1966-06-15,0.29978125200168415,0.13957097821426095,False
1966-06-16,0.25192197762851454,0.12877345222478456,False
1966-06-17,0.21856652776483967,0.10668311586608557,False
1966-06-20,0.1487968349837513,0.10661274422957835,False
1966-06-21,0.16256008786874296,0.1060877291369181,False
1966-06-22,0.17583168403627902,0.10264989893947095,False
1966-06-23,0.15222714336437215,0.10539771933096063,False
1966-06-24,0.1558156476352497,0.10586039844438978,False
1966-06-27,0.16153300972009074,0.11522108571239026,False
1966-06-28,0.203919054383595,0.11497296414472517,False
1966-06-29,0.2114541888551954,0.10924360096191356,False
1966-06-30,0.19382645837610918,0.1107734986407453,False
1966-07-01,0.20099070395562355,0.11106869444563242,False
1966-07-05,0.19265321707604954,0.1111951483503307,False
1966-07-06,0.1849831544730824,0.10971921110577973,False
1966-07-07,0.1801873396118425,0.10490569935494004,False
1966-07-08,0.20949039226163585,0.1048881218517673,False
1966-07-11,0.17191122336803882,0.09788936420841787,False
1966-07-12,0.15108911766295363,0.09017648912335308,False
1966-07-13,0.12565525587519233,0.09294931515016679,False
1966-07-14,0.1395370304569608,0.09304352113546677,False
1966-07-15,0.13780230732107945,0.09333439373764521,False
1966-07-18,0.14070503213700883,0.09334432803605237,False
1966-07-19,0.14984571841127728,0.09735445094783327,False
1966-07-20,0.17225246868889246,0.09961064172342102,False
1966-07-21,0.1769886430416158,0.09886908811737283,False
1966-07-22,0.17606110374125272,0.0941665750509314,False
1966-07-25,0.16889861944515733,0.11139903726641234,True
1966-07-26,0.23186181873092315,0.11149211774561646,False
1966-07-27,0.2304272784440045,0.11121343123842245,False
1966-07-28,0.23060982824533008,0.11077769328251846,False
1966-07-29,0.2233521350202468,0.10799047258021624,False
1966-08-01,0.2151465065680038,0.1175430010638785,True
1966-08-02,0.2622814200592596,0.11600447367072553,False
1966-08-03,0.26108498506425315,0.11992181863343389,False
1966-08-04,0.25834068628392476,0.12379048861950269,False
1966-08-05,0.2761219606630486,0.12409216836386756,False
1966-08-08,0.28984916722307164,0.12196865000367509,False
1966-08-09,0.2871980598382306,0.12198855416830555,False
1966-08-10,0.2876539604993492,0.12220382416197985,False
1966-08-11,0.2866925357974564,0.12093861821044358,False
1966-08-12,0.27692221568984304,0.1226280334355502,False
1966-08-15,0.28206375538506206,0.121821566422019,False
1966-08-16,0.2673379392385546,0.12835990155053895,False
1966-08-17,0.28599899086098385,0.1261227867606752,False
1966-08-18,0.2557787536809346,0.13022121483872567,False
1966-08-19,0.2760808694577885,0.12990957869742104,False
1966-08-22,0.2689130148646906,0.13530449490524787,False
1966-08-23,0.2855390776662483,0.12263953939511511,False
1966-08-24,0.24043381066801195,0.13351528171322236,False
1966-08-25,0.2720675903884461,0.13164257301151783,False
1966-08-26,0.2676926637372894,0.1727584935959296,True
1966-08-29,0.3580896470403634,0.19566233584492912,True
1966-08-30,0.4177967947117964,0.20155169960182073,True
1966-08-31,0.42001070732289875,0.23075842155831813,True
1966-09-01,0.48290469260012125,0.22996602784869205,True
1966-09-02,0.4832720288190349,0.22492197011758763,True
1966-09-06,0.4693346448723101,0.22444354712838455,True
1966-09-07,0.4600044799462088,0.22710044749615876,True
1966-09-08,0.46709356575996747,0.22760820833495113,True
1966-09-09,0.4639552504052489,0.22927077493804604,True
1966-09-12,0.4633334624771113,0.25268445614638263,True
1966-09-13,0.49976789190623105,0.2539150897072317,True
1966-09-14,0.492717457676941,0.2621138548759746,True
1966-09-15,0.5044765262182684,0.26208456601614377,True
1966-09-16,0.5028344641176904,0.26019645680539744,True
1966-09-19,0.5091025632920478,0.25671633932434235,True
1966-09-20,0.4963450367732908,0.25782300442816347,True
1966-09-21,0.5026814502218122,0.27063265498561506,True
1966-09-22,0.5254636889664708,0.2704278511797533,True
1966-09-23,0.5303166878518428,0.2659810134015062,True
1966-09-26,0.5242116695791451,0.26547386964455233,True
1966-09-27,0.5224939274437558,0.23440606982688061,True
1966-09-28,0.4818435737702656,0.20775021652855744,True
1966-09-29,0.4271355503340621,0.2098492798682135,True
1966-09-30,0.4370655492439786,0.1844347937757283,True
1966-10-03,0.3771305489443521,0.1961898312025355,True
1966-10-04,0.40109602759000823,0.19638106759088694,True
1966-10-05,0.39749553151676087,0.1966744714230026,True
1966-10-06,0.39991460255407363,0.20464519163047123,True
1966-10-07,0.3851714762161133,0.20514331158643037,True
1966-10-10,0.3592930910084125,0.22665090146398528,True
1966-10-11,0.39057634477238506,0.20813906723835102,True
1966-10-12,0.3335986642267185,0.22614120007275273,True
1966-10-13,0.3859222712584489,0.2175362631906426,True
1966-10-14,0.3619314015868103,0.21232769676893024,True
1966-10-17,0.3464306599741171,0.21771926240934336,True
1966-10-18,0.3657151266041198,0.220071477828932,True
1966-10-19,0.3619487122886981,0.22007183825021528,True
1966-10-20,0.35201976124287016,0.19801256510048568,True
1966-10-21,0.2879240069660274,0.1977351391382329,True
1966-10-24,0.27418064335004044,0.19806893963996175,True
1966-10-25,0.26524997951067847,0.19715913764725632,True
1966-10-26,0.26790076704002813,0.20014519864640729,True
1966-10-27,0.27382747090453097,0.1963764412751935,True
1966-10-28,0.2565803452810889,0.18966310581867538,True
1966-10-31,0.23609594257354918,0.18941034683710484,True
1966-11-01,0.23693967874745106,0.17580910590528556,False
1966-11-02,0.19858676799122044,0.175658507807303,False
1966-11-03,0.19691491675427092,0.17610308835758706,False
1966-11-04,0.19306726956722184,0.15043164342165025,False
1966-11-07,0.1540664771165826,0.1402821050461121,False
1966-11-09,0.1495937339234169,0.12137570541808204,False
1966-11-10,0.1111009541198314,0.12071005274633768,False
1966-11-11,0.12511777836275662,0.09718697882487044,False
1966-11-14,0.07391173429434765,0.10242847631658385,False
1966-11-15,0.09268431447505453,0.10467195976064182,False
1966-11-16,0.10058254501020227,0.10932652718889765,False
1966-11-17,0.09595202280288598,0.11322928556450577,False
1966-11-18,0.11252879916546397,0.10721793173190192,False
1966-11-21,0.09585654161358367,0.12821428281800237,True
1966-11-22,0.15927900657160807,0.12805971877977435,False
1966-11-23,0.1751749636619199,0.12908682143223202,False
1966-11-25,0.1947907539958993,0.12878884787079461,False
1966-11-28,0.19244245078063343,0.12892333195244018,False
1966-11-29,0.19773547430660093,0.13566699657600872,False
1966-11-30,0.2157223929093357,0.13563363701965928,False
1966-12-01,0.21619374129617885,0.13560408574913904,False
1966-12-02,0.20771758992659847,0.12696035787566512,False
1966-12-05,0.1722951911180322,0.12626076719348234,False
1966-12-06,0.16387526198980604,0.12380664786121603,False
1966-12-07,0.1642760225813654,0.12731949230723344,False
1966-12-08,0.1689243734536591,0.12316848982768909,False
1966-12-09,0.16150374451503333,0.12039188943843203,False
1966-12-12,0.1559565248451218,0.12932840121854433,False
1966-12-13,0.1667338237142087,0.1300934734129731,False
1966-12-14,0.16466378351500952,0.12670699601738822,False
1966-12-15,0.14268843875405507,0.1252317520230517,False
1966-12-16,0.14168732309151458,0.1142747995141855,False
1966-12-19,0.13640035461921354,0.1122967976620984,False
1966-12-20,0.12166799651767139,0.11198539805971876,False
1966-12-21,0.1274877834481514,0.09404118436623188,False
1966-12-22,0.06682783607392558,0.09445046105174225,False
1966-12-23,0.06600040965350285,0.09319186094505785,False
1966-12-27,0.06600579223276629,0.09060411324323962,False
1966-12-28,0.059808647103318985,0.09575157845847626,False
1966-12-29,0.07918841033766519,0.08915728688232648,False
1966-12-30,0.06720512350355339,0.09048734256018866,False
1967-01-03,0.06981640168053711,0.09238788058155359,False
1967-01-04,0.08194994172932776,0.0936419993486578,False
1967-01-05,0.08310023923138878,0.09678588345251973,False
1967-01-06,0.10422176274366952,0.1036093592513101,False
1967-01-09,0.12520078015064703,0.09531656802087103,False
1967-01-10,0.1004218371543681,0.09370044919454353,False
1967-01-11,0.09243983785430848,0.10025667753734538,False
1967-01-12,0.10953336101238192,0.08880500725163297,False
1967-01-13,0.09085489228406042,0.0887359612174465,False
1967-01-16,0.09035670891202532,0.09055241364806887,False
1967-01-17,0.08951234195476836,0.09567162239585421,False
1967-01-18,0.10295259377406131,0.09607677880224971,False
1967-01-19,0.10560657232941567,0.09539625843210323,False
1967-01-20,0.11382102440975904,0.09462599771551823,False
1967-01-23,0.10780581096661625,0.0934452427282661,False
1967-01-24,0.10198925413660989,0.09513352125546161,False
1967-01-25,0.09600925580485457,0.09451047112141577,False
1967-01-26,0.09392977772013356,0.09268945506144481,False
1967-01-27,0.08907237379514626,0.08563220804322916,False
1967-01-30,0.07227156771147027,0.08540040377527751,False
1967-01-31,0.07045694972982526,0.0834445511123499,False
1967-02-01,0.06534970057890863,0.07916816691983049,False
1967-02-02,0.05430920772940778,0.07389564118895338,False
1967-02-03,0.03996957762435242,0.07367907635591586,False
1967-02-06,0.03402420282834258,0.07488047737913411,False
1967-02-07,0.03911567997287083,0.0758910469051204,False
1967-02-08,0.0485930490171056,0.0760745702396121,False
1967-02-09,0.050498720997331305,0.0732490952357989,False
1967-02-10,0.047891237118828096,0.07238091706683557,False
1967-02-13,0.0451655648541417,0.07633033964374021,False
1967-02-14,0.05387241969820579,0.07397957448722131,False
1967-02-15,0.05005629443110539,0.070544978959935,False
1967-02-16,0.042200111463629786,0.0701653104710008,False
1967-02-17,0.03642004901402058,0.07060789727695274,False
1967-02-20,0.035384928411078376,0.07218381261945825,False
1967-02-21,0.04778559587974988,0.07198441048687941,False
1967-02-23,0.050590803254664196,0.06786727402398182,False
1967-02-24,0.041343898406591334,0.07081072425605336,False
1967-02-27,0.04507527275140722,0.07963366367281291,False
1967-02-28,0.0802950888111109,0.07441812613313008,False
1967-03-01,0.062369551060913506,0.07973335937916844,False
1967-03-02,0.07898569083497682,0.08402592589974969,False
1967-03-03,0.09596204837334538,0.08489843425763177,False
1967-03-06,0.0950520122063851,0.08434275097779922,False
1967-03-07,0.09397472476909773,0.0816419149980266,False
1967-03-08,0.09629803796495061,0.08384421197577266,False
1967-03-09,0.09257272410274532,0.08282242459164614,False
1967-03-10,0.0858478857071289,0.08216402496497072,False
1967-03-13,0.0889534703539362,0.08381317013580272,False
1967-03-14,0.08669762239856682,0.08340448651115433,False
1967-03-15,0.08372911789951491,0.07970619286440166,False
1967-03-16,0.07619552926447974,0.08661835394131523,False
1967-03-17,0.08683439864339028,0.08217559147954338,False
1967-03-20,0.08353701842726964,0.08139027134074978,False
1967-03-21,0.080559871754171,0.08174178831171232,False
1967-03-22,0.08043309125171827,0.0789705327746844,False
1967-03-23,0.07022148941506001,0.08150375846201177,False
1967-03-27,0.08491125327457218,0.08153979867010945,False
1967-03-28,0.08437281387322361,0.0803089580434149,False
1967-03-29,0.08504579785347824,0.06847747375940588,False
1967-03-30,0.035195277124245535,0.06837493160421115,False
1967-03-31,0.04119451219703495,0.0728283157910003,False
1967-04-03,0.06330436246667889,0.09844023259577876,True
1967-04-04,0.12858337113106225,0.09971319421068571,False
1967-04-05,0.1331389078613968,0.10059593728183266,False
1967-04-06,0.12735025159697075,0.10057940311984062,False
1967-04-07,0.12134100253565354,0.10453022955392398,False
1967-04-10,0.1449280511160908,0.1209226057756153,True
1967-04-11,0.21641908135955895,0.12069604670008649,False
1967-04-12,0.21392989629519796,0.11930674704108155,False
1967-04-13,0.22082887642622812,0.11932112458140602,False
1967-04-14,0.2197083571490233,0.12718766927934544,False
1967-04-17,0.23455314840190744,0.12980563300197526,False
1967-04-18,0.2382254209415703,0.13019919148092124,False
1967-04-19,0.2401250944916848,0.12982630256214514,False
1967-04-20,0.23725852998113559,0.13140276857140587,False
1967-04-21,0.23749179374541707,0.13112148633694945,False
1967-04-24,0.22186723422993204,0.1300658943360613,False
1967-04-25,0.2085627441888843,0.1337471169049315,False
1967-04-26,0.23881535832130063,0.1342049294519043,False
1967-04-27,0.23787828364589905,0.13360287588160197,False
1967-04-28,0.2319099434110816,0.13353817278464533,False
1967-05-01,0.22829740575738514,0.13019063369419748,False
1967-05-02,0.21392624233890367,0.10852913139362635,False
1967-05-03,0.16205968902661091,0.10760999212079371,False
1967-05-04,0.15531521728982886,0.10873478680488581,False
1967-05-05,0.16076514674250678,0.1111796994080813,False
1967-05-08,0.15634508210304024,0.1030518267560347,False
1967-05-09,0.13836331949084765,0.10067082828068606,False
1967-05-10,0.13924505786389543,0.10361054615087287,False
1967-05-11,0.15562050257308235,0.10567143132219535,False
1967-05-12,0.145890445328724,0.10522690040300568,False
1967-05-15,0.14320011875521496,0.10375809849990078,False
1967-05-16,0.13707402708699423,0.09474241241754984,False
1967-05-17,0.11540616315569872,0.09745574058448273,False
1967-05-18,0.1211565768888075,0.09759603794770683,False
1967-05-19,0.12142055111410496,0.09531734825602212,False
1967-05-22,0.11986428296987948,0.09430525208832002,False
1967-05-23,0.12232889015709737,0.09175945880476934,False
1967-05-24,0.12492504617410895,0.08974310488919941,False
1967-05-25,0.11098067968751459,0.0996729303180684,False
1967-05-26,0.14234217470480245,0.09977526867119661,False
1967-05-29,0.1434500696280785,0.1007253600064231,False
1967-05-31,0.1560729249281884,0.12026519677182614,True
1967-06-01,0.22735687059927315,0.12795841735676236,False
1967-06-02,0.24414695270865344,0.12627642126551325,False
1967-06-05,0.23837036658552735,0.13041778761406916,True
1967-06-06,0.2536705164513483,0.15161329897328774,False
1967-06-07,0.33238137113195587,0.16478186796791833,False
1967-06-08,0.3629143067446684,0.1591519163391618,False
1967-06-09,0.35001158582325487,0.15857537808438865,False
1967-06-12,0.3490801633104597,0.156818763690167,False
1967-06-13,0.3480801255105439,0.1568212479006201,False
1967-06-14,0.35448442481129716,0.1558446320612562,False
1967-06-15,0.33408975406824065,0.15564862245916586,False
1967-06-16,0.32063437620022667,0.15426710272995953,False
1967-06-19,0.3073108427597557,0.1550015392339057,False
1967-06-20,0.3094591133725559,0.15546304179545187,False
1967-06-21,0.3174963697102978,0.15599569995369753,False
1967-06-22,0.31518118444343646,0.15551890147149547,False
1967-06-23,0.3106775818458484,0.15031545798744997,False
1967-06-26,0.3012133986673545,0.14617105813784428,False
1967-06-27,0.2909367434716285,0.14625447098876188,False
1967-06-28,0.28828935288683016,0.14472579105173292,False
1967-06-29,0.2815608287248211,0.1255958292010738,False
1967-06-30,0.2262207461272177,0.12191139331114316,False
1967-07-03,0.22556651440731196,0.12183701962040869,False
1967-07-05,0.23254233665797228,0.10256657233478968,False
1967-07-06,0.1653813795228903,0.08326736301950431,False
1967-07-07,0.0977810088658443,0.06618917773418352,False
1967-07-10,0.045696115738393155,0.06752733609139124,False
1967-07-11,0.054428776246822984,0.06850563086896079,False
1967-07-12,0.06372974836990283,0.06732845283584767,False
1967-07-13,0.053401912107842946,0.0684471260961915,False
1967-07-14,0.05700789072643134,0.06595329927752361,False
1967-07-17,0.06133122737355524,0.06569896421957465,False
1967-07-18,0.061699433246257894,0.06703230064782659,False
1967-07-19,0.05549728621678733,0.06635571057922084,False
1967-07-20,0.04682557246390017,0.06610313009838995,False
1967-07-21,0.04115150190558736,0.06728491066110816,False
1967-07-24,0.039301195111912206,0.0726571892873379,False
1967-07-25,0.055015638160592975,0.0720303478846657,False
1967-07-26,0.04946721362981256,0.07296821793835788,False
1967-07-27,0.06180127393264389,0.07626179341047326,False
1967-07-28,0.05696811875612505,0.07598685614735079,False
1967-07-31,0.05476956556476084,0.06978824603060639,False
1967-08-01,0.03536112619057994,0.07304588657148284,False
1967-08-02,0.03971974218604735,0.07314588741296488,False
1967-08-03,0.038267521276314956,0.07821095068859617,False
1967-08-04,0.05143125194368743,0.07788265232760563,False
1967-08-07,0.05872668234510873,0.0775975415689299,False
1967-08-08,0.059360736536550565,0.0727943409407587,False
1967-08-09,0.05150834535901363,0.07115860806964833,False
1967-08-10,0.046338102071841226,0.07163964348328135,False
1967-08-11,0.0453869598397185,0.07450196086157877,False
1967-08-14,0.05192429968223652,0.07677280125233173,False
1967-08-15,0.05707052933045083,0.07820414053391264,False
1967-08-16,0.06161474296337757,0.07975741668660487,False
1967-08-17,0.07894869357873395,0.07959376366062525,False
1967-08-18,0.08365313523060221,0.07831288666950599,False
1967-08-21,0.0806173405215966,0.07977765735928642,False
1967-08-22,0.0929094484433753,0.07674377242102691,False
1967-08-23,0.08526291036524465,0.07845080285314034,False
1967-08-24,0.09789202379984606,0.08177304201834636,False
1967-08-25,0.09919179949723651,0.08191269022274975,False
1967-08-28,0.11214743840399766,0.08246452775834237,False
1967-08-29,0.11569168405776692,0.08073662556070524,False
1967-08-30,0.09759184731461912,0.07896201008679299,False
1967-08-31,0.09691751905399515,0.08661205232905403,False
1967-09-01,0.1352003206334027,0.08838697466726476,False
1967-09-05,0.1457909287941406,0.08621179633372986,False
1967-09-06,0.12884226683360084,0.09062047520217544,False
1967-09-07,0.14590486050347445,0.09040343917097442,False
1967-09-08,0.14602276639808046,0.09017250015847994,False
1967-09-11,0.14387174771814484,0.09068293384964037,False
1967-09-12,0.14566736434742603,0.09438823446092123,False
1967-09-13,0.1520142058329961,0.09305104634113087,False
1967-09-14,0.14073194079492118,0.0921476753289547,False
1967-09-15,0.13137663991242413,0.08856598936324363,False
1967-09-18,0.12566502413361347,0.0886341771274935,False
1967-09-19,0.12247914464469108,0.09120861784260324,False
1967-09-20,0.12468936562806325,0.08919422969456889,False
1967-09-21,0.11411057289688663,0.09073980406241594,False
1967-09-22,0.10506850978841886,0.08970293141036212,False
1967-09-25,0.09150492979390663,0.08290106632793723,False
1967-09-26,0.05861897284675918,0.07801044287204366,False
1967-09-27,0.037730424188684754,0.07999116697735194,False
1967-09-28,0.04368945546132152,0.08257725850999308,False
1967-09-29,0.05626112772558839,0.07969954707997814,False
1967-10-02,0.057298024215100496,0.08288852493242327,False
1967-10-03,0.07749487376405818,0.08236525796444892,False
1967-10-04,0.07510733059771424,0.08538900275130294,False
1967-10-05,0.07841172275056287,0.08301814809629568,False
1967-10-06,0.06867889427025138,0.08298126590742003,False
1967-10-09,0.06943808210545396,0.08350390029955633,False
1967-10-10,0.06908562954111877,0.08760139750853027,False
1967-10-11,0.07915703367292458,0.08559500633067109,False
1967-10-12,0.0625735008621899,0.08757757124809264,False
1967-10-13,0.07044320497620594,0.08874590237870048,False
1967-10-16,0.07358960585097064,0.09000370410877623,False
1967-10-17,0.07078652002071636,0.09112594771302361,False
1967-10-18,0.08595537113039028,0.08896775941600663,False
1967-10-19,0.08704995006757023,0.08838117108435548,False
1967-10-20,0.08671738323812847,0.08486861578782508,False
1967-10-23,0.07869699153398202,0.08044222473744714,False
1967-10-24,0.0728433832684321,0.07541888083121241,False
1967-10-25,0.05278052291813876,0.07132184900711282,False
1967-10-26,0.048058339774755106,0.07737456272059788,False
1967-10-27,0.06259670453861074,0.07732304775610904,False
1967-10-30,0.056816032187845464,0.07721664300458826,False
1967-10-31,0.057973329147399874,0.0719174207400412,False
1967-11-01,0.036077649642632,0.07967712922712115,False
1967-11-02,0.05847111724494939,0.07467722944603589,False
1967-11-03,0.05743891681576202,0.08158351880535629,False
1967-11-06,0.06835326118786672,0.0877277614617152,False
1967-11-08,0.07881357587832574,0.08454815376002743,False
1967-11-09,0.071847872667734,0.09273680845556703,False
1967-11-10,0.0935853041977025,0.09538855057521133,False
1967-11-13,0.11358142235169898,0.09519129677223205,False
1967-11-14,0.11398856601605252,0.09726130824431291,False
1967-11-15,0.107905941731816,0.09994614674395307,False
1967-11-16,0.11935652742227337,0.10805187404217471,False
1967-11-17,0.1367561190927865,0.11354285135408194,False
1967-11-20,0.14996669693393064,0.11710308573060862,False
1967-11-21,0.156296730358827,0.13500315871866145,False
1967-11-22,0.19582492158573622,0.13592253805478585,False
1967-11-24,0.20561193837920047,0.13643374485182086,False
1967-11-27,0.20743678763688062,0.13841633597071587,False
1967-11-28,0.21644918257183668,0.14032683436196014,False
1967-11-29,0.22119018956882044,0.14000555887742133,False
1967-11-30,0.2186915932207848,0.14242366365142567,False
1967-12-01,0.23455616510494653,0.14247129862843474,False
1967-12-04,0.23586524495510847,0.13623214404906417,False
1967-12-05,0.2034971065106827,0.13369048027988056,False
1967-12-06,0.19307399609443865,0.12570057481495378,False
1967-12-07,0.18332751748314902,0.11263596118673891,False
1967-12-08,0.14912442874776533,0.11090272816937251,False
1967-12-11,0.1420475174167501,0.1117750500981188,False
1967-12-12,0.14516108254435486,0.11244980443553872,False
1967-12-13,0.1427209564475746,0.11238750615702472,False
1967-12-14,0.14677486589887373,0.10290295171690785,False
1967-12-15,0.13378062398173005,0.11328096620611532,False
1967-12-18,0.168925891840915,0.11181803626795105,False
1967-12-19,0.17353111062615056,0.10940491396782484,False
1967-12-20,0.16527037536631461,0.10272326281071349,False
1967-12-21,0.13560447910220297,0.08826107928378797,False
1967-12-22,0.10820057914554285,0.09170341854256596,False
1967-12-26,0.11660403590535516,0.09026216601271908,False
1967-12-27,0.1133306331965664,0.0898154798339078,False
1967-12-28,0.11224341521936507,0.08546525608087742,False
1967-12-29,0.10854118355704549,0.08619887569241255,False
1968-01-02,0.11147106141626908,0.0900921634285927,False
1968-01-03,0.09635189801772727,0.09489929581120421,False
1968-01-04,0.10433514568569421,0.10443725272270518,False
1968-01-05,0.12816889813392515,0.10852778538649277,False
1968-01-08,0.13657766142530806,0.10613073472850096,False
1968-01-09,0.13356216767486856,0.10558732934170029,False
1968-01-10,0.13317033095701383,0.10515198578961102,False
1968-01-11,0.12962676306908047,0.10607856669311891,False
1968-01-12,0.12014439215215762,0.10608233775484532,False
1968-01-15,0.12812160470738776,0.10435413890670517,False
1968-01-16,0.12422897398344265,0.10869805522105937,False
1968-01-17,0.14143343046020576,0.10386530047581015,False
1968-01-18,0.11932869990336625,0.10346193745017901,False
1968-01-19,0.12137346912745774,0.10308356048457054,False
1968-01-22,0.12375794039992105,0.10953364172763772,True
1968-01-23,0.1456110786850795,0.10937963649141806,False
1968-01-24,0.14264293726131566,0.11106074019671769,False
1968-01-25,0.13734421172696398,0.11205627173462174,False
1968-01-26,0.1332302368503644,0.10994418753574199,False
1968-01-29,0.12482923275146442,0.10739842518995754,False
1968-01-30,0.11106901808306595,0.10832907741058131,False
1968-01-31,0.11721303460962931,0.10923544507939986,False
1968-02-01,0.13030871849806078,0.10768379461949164,False
1968-02-02,0.12815028054453587,0.10406264153366941,False
1968-02-05,0.11698596084146215,0.09709308689238122,False
1968-02-06,0.08214262605896168,0.09064474825997985,False
1968-02-07,0.0678152879262267,0.09251506910143675,False
1968-02-08,0.07476544908658808,0.09769112500595961,False
1968-02-09,0.0891691549406618,0.10216210986011273,False
1968-02-13,0.11856293895737963,0.1062398821865331,False
1968-02-14,0.136160275730769,0.11721685456105228,False
1968-02-15,0.16025483224888687,0.12072991736888247,False
1968-02-16,0.17600447263982033,0.11950415382291955,False
1968-02-19,0.1788443561628871,0.12334514085456051,False
1968-02-20,0.19541913495797683,0.1271672657029701,False
1968-02-21,0.2022269771022278,0.11987797286410788,False
1968-02-23,0.17877093724115434,0.11977045230104189,False
1968-02-26,0.17658155263678374,0.12290904770401531,False
1968-02-27,0.18921002874120255,0.12097358281841732,False
1968-02-28,0.19217792628421235,0.1182459745379398,False
1968-02-29,0.18501480426529635,0.12384232421471393,False
1968-03-01,0.20933062332475152,0.12303169559896152,False
1968-03-04,0.2138433285080351,0.12615887047779192,False
1968-03-05,0.23185155196280524,0.12693522950162803,False
1968-03-06,0.2403239135892451,0.14111984483157175,False
1968-03-07,0.28068146849120595,0.14250764767222607,False
1968-03-08,0.29214189276834934,0.14278115051913937,False
1968-03-11,0.29049877171103156,0.1591126017849302,False
1968-03-12,0.3434765373522294,0.1558665984256882,False
1968-03-13,0.3317369028475777,0.14734689533463666,False
1968-03-14,0.2928604846065339,0.16286316292152364,True
1968-03-15,0.34377951099392234,0.1602791246309584,False
1968-03-18,0.33422899568927406,0.1635827392705841,False
1968-03-19,0.34769350952888467,0.16440002121811828,False
1968-03-20,0.3558413608696824,0.1633511806919699,False
1968-03-21,0.3567671482575354,0.16395020282200012,False
1968-03-22,0.36102199374328087,0.16208777765194948,False
1968-03-25,0.36445498625933775,0.16212157464210938,False
1968-03-26,0.36887692842407643,0.1649041959103765,False
1968-03-27,0.3715212251140532,0.1659946028076098,False
1968-03-28,0.37743295245777064,0.16759033698881312,False
1968-03-29,0.37184668630925,0.16508813098829658,False
1968-04-01,0.3434244498950365,0.18605923025085214,True
1968-04-02,0.40147246854989654,0.1757348211956717,False
1968-04-03,0.3671633883625464,0.17242616658170365,False
1968-04-04,0.3447336856849204,0.16583466310800443,False
1968-04-05,0.33404874315466443,0.17059898471893342,False
1968-04-08,0.34819795319940483,0.17808778791895277,False
1968-04-10,0.3691679826438981,0.16921641090434575,False
1968-04-11,0.3361569471184299,0.16889328774871726,False
1968-04-15,0.3400404117630802,0.16872684467109758,False
1968-04-16,0.33513141597779894,0.14171174251532728,False
1968-04-17,0.24146709787959714,0.1422933202164237,False
1968-04-18,0.24848560481021026,0.139990446121352,False
1968-04-19,0.2387871174427034,0.14104390500173367,False
1968-04-22,0.2413286236971053,0.13995290246811845,False
1968-04-23,0.23716315718388903,0.13843984449675897,False
1968-04-24,0.2309140703711885,0.13683587819266257,False
1968-04-25,0.22499474459077526,0.13449803694691154,False
1968-04-26,0.20777478006966388,0.13122858974862947,False
1968-04-29,0.20125862948349907,0.1324667779562191,False
1968-04-30,0.1981159498911514,0.125327696290439,False
1968-05-01,0.17800385157558316,0.12295518963189754,False
1968-05-02,0.17965675376326223,0.0957789097673922,False
1968-05-03,0.10314975970861484,0.10133633135509197,False
1968-05-06,0.1185425166495182,0.10163501750703884,False
1968-05-07,0.12039719153266037,0.1056519269053222,False
1968-05-08,0.13431284495865345,0.09796578912477844,False
1968-05-09,0.10716681246619741,0.10134209332359445,False
1968-05-10,0.09848803707801078,0.10177114124405418,False
1968-05-13,0.09900169420244584,0.10181717654467125,False
1968-05-14,0.09578728708051862,0.10259767159671397,False
1968-05-15,0.10087329906470684,0.09773609641898273,False
1968-05-16,0.0882753543678753,0.100491847480959,False
1968-05-17,0.0943002921673883,0.10482046167713448,False
1968-05-20,0.11249898867248642,0.10460720469154901,False
1968-05-21,0.11388149262492478,0.1762447116470896,True
1968-05-22,0.09548480005940732,0.16784378869704325,False
1968-05-23,0.05521604040344995,0.16531530397132305,False
1968-05-24,0.05189567304097204,0.16693747580341817,False
1968-05-27,0.05598604830554711,0.16551766843362306,False
1968-05-28,0.06061241469520076,0.16543238170145955,False
1968-05-29,0.06567209955475213,0.16500962255885837,False
1968-05-31,0.07623528114439251,0.16633261357587056,False
1968-06-03,0.09051722478591191,0.16813167751965533,False
1968-06-04,0.1050364774531186,0.1710540806904911,False
1968-06-05,0.1151287147920009,0.17105496829987074,False
1968-06-06,0.11064068381113269,0.16730703809744618,False
1968-06-07,0.09710571968387666,0.16842651490881036,False
1968-06-10,0.10199150474809036,0.16372487643876726,False
1968-06-11,0.08208167954149681,0.16513105117106516,False
1968-06-13,0.08704016774219876,0.16550732781284694,False
1968-06-14,0.09557610638612007,0.16642195999841927,False
1968-06-17,0.10000225898731985,0.17183493919999085,False
1968-06-18,0.14076166884388713,0.17133595116760833,False
1968-06-20,0.13340640883241342,0.1707225503527079,False
1968-06-21,0.11891789965769564,0.17000575863689038,False
1968-06-24,0.11316225662742975,0.09838543671807688,False
1968-06-25,0.13457742348018717,0.09852679239362633,False
1968-06-27,0.13463548623964086,0.10240943013596902,False
1968-06-28,0.14688037435821966,0.10001168994499599,False
1968-07-01,0.14609443952002887,0.0992666377043858,False
1968-07-02,0.14676148933025082,0.09937529523381572,False
1968-07-03,0.14235111337262177,0.10326992764183203,False
1968-07-08,0.14984162468113946,0.1128315837897497,False
1968-07-09,0.17298943169681086,0.10957752604832162,False
1968-07-11,0.15598813189159288,0.10620419127022099,False
1968-07-12,0.1463506149094065,0.10618380284600443,False
1968-07-15,0.14558802090167683,0.10311504005413917,False
1968-07-16,0.14453932424974877,0.10269404864310781,False
1968-07-18,0.14015505750829396,0.10302279016333621,False
1968-07-19,0.12806969061661042,0.10212314140162296,False
1968-07-22,0.12242619528528709,0.1101659691193708,False
1968-07-23,0.15022706852849005,0.10974473431254286,False
1968-07-25,0.15016060830984104,0.11373770008036722,True
1968-07-26,0.15368670373251156,0.11401873580890717,False
1968-07-29,0.1493584074553799,0.11308488017615499,False
1968-07-30,0.15552239847033436,0.11286145457095476,False
1968-08-01,0.14555048541940138,0.11210360674784042,False
1968-08-02,0.13975389361654,0.11214976857383478,False
1968-08-05,0.1393403454478598,0.11010292304560156,False
1968-08-06,0.13398309349409013,0.11290942506386711,False
1968-08-08,0.1422370213013056,0.11340186099410324,False
1968-08-09,0.133977008940544,0.11309237696565698,False
1968-08-12,0.13589819171511427,0.11373590751938063,False
1968-08-13,0.14249739953031657,0.09998079863076581,False
1968-08-15,0.10661284251805463,0.09825078294409528,False
1968-08-16,0.10573714686080862,0.09978430161287098,False
1968-08-19,0.11938866770123266,0.10038058928909013,False
1968-08-20,0.12235667667037854,0.10057700546170287,False
1968-08-22,0.12118432887602182,0.10163360267557059,False
1968-08-23,0.12823065473772283,0.10087470985402104,False
1968-08-26,0.13286030619351918,0.09844392156320653,False
1968-08-27,0.1334001839813851,0.08757486757082898,False
1968-08-29,0.09711025221464374,0.08788776087060438,False
1968-08-30,0.09645609672457123,0.06643450774416261,False
1968-09-03,0.034924008278475346,0.06665261784322518,False
1968-09-04,0.038229170633142386,0.06882306622253884,False
1968-09-05,0.04489093227720389,0.07183981126711023,False
1968-09-06,0.056281226378620576,0.06437004723718784,False
1968-09-09,0.04301616651846606,0.0630022544616747,False
1968-09-10,0.0467081820240397,0.07493630690929107,False
1968-09-12,0.0715228360606262,0.08201540394274458,False
1968-09-13,0.0904608005432849,0.08181831855011365,False
1968-09-16,0.09120402152413053,0.08281566319353739,False
1968-09-17,0.0948292716320662,0.07646068656307048,False
1968-09-19,0.07696657000217211,0.07969700074158946,False
1968-09-20,0.0942104802183776,0.07529028492796269,False
1968-09-23,0.07844537884338383,0.07363101206972249,False
1968-09-24,0.07373912406308882,0.07358968534576928,False
1968-09-26,0.07430642944014695,0.07506059816354264,False
1968-09-27,0.06673083749215643,0.074917486957158,False
1968-09-30,0.05593386771227429,0.08052735823874038,False
1968-10-01,0.07620218896717734,0.08501478032987025,False
1968-10-03,0.07812138093872802,0.08510589752330266,False
1968-10-04,0.07682979674983853,0.08496227716146106,False
1968-10-07,0.06939429924678578,0.0849871013804486,False
1968-10-08,0.06786913046018957,0.08794145166005272,False
1968-10-10,0.07720854172621955,0.08429057611498957,False
1968-10-11,0.06058670293647305,0.0807208164772215,False
1968-10-14,0.05419280292450779,0.07934426888256034,False
1968-10-15,0.049708567234507055,0.07934840622551809,False
1968-10-17,0.04860182993557947,0.0721121321841583,False
1968-10-18,0.03301736340362948,0.06516259683009361,False
1968-10-21,0.016979877880994473,0.0664682134338176,False
1968-10-22,0.02393871151229959,0.06544149858158017,False
1968-10-24,0.024312672897405973,0.0659602580716936,False
1968-10-25,0.025906790831165146,0.06055662888485971,False
1968-10-28,0.013862635476419735,0.06167451166889075,False
1968-10-29,0.015684646847644087,0.06195502270139788,False
1968-10-31,0.01592401122407952,0.0687740389213312,False
1968-11-01,0.021388638563266265,0.07262197925070256,False
1968-11-04,0.02791747378478828,0.07229825335784283,False
1968-11-06,0.03258085818547897,0.06545332542056308,False
1968-11-07,0.021120147498639764,0.05751635443300711,False
1968-11-08,0.013465435665475178,0.0672468193625888,False
1968-11-12,0.040220863582503145,0.07323687977118747,False
1968-11-13,0.047412825925737694,0.07475333920650339,False
1968-11-14,0.04956159622642723,0.07175787990948979,False
1968-11-15,0.042406565597836524,0.07250285838128219,False
1968-11-18,0.046095250344193324,0.07224336599285908,False
1968-11-19,0.041979448933879455,0.07133361388638268,False
1968-11-21,0.03753362204075146,0.07279545790017204,False
1968-11-22,0.04366962806602494,0.07393849092771163,False
1968-11-25,0.0413048830391775,0.07576390316187918,False
1968-11-26,0.04592091978013475,0.07767033756091059,False
1968-11-27,0.04808722531472912,0.07962948925173771,False
1968-11-29,0.05389614209338386,0.08150168716942525,False
1968-12-02,0.05515178221731932,0.08293465436601628,False
1968-12-03,0.05738533000447746,0.08475661522946448,False
1968-12-05,0.0641672625606794,0.08494636641773043,False
1968-12-06,0.05731650488481839,0.07863809143347236,False
1968-12-09,0.05012643494944769,0.07152556467840264,False
1968-12-10,0.03425318778837566,0.0744973078755227,False
1968-12-12,0.038027446135386396,0.07318899647865472,False
1968-12-13,0.03387636735175876,0.07133063559476172,False
1968-12-16,0.03182933987123808,0.06663114756068005,False
1968-12-17,0.022063914329531354,0.06492250010292931,False
1968-12-19,0.020125629353138025,0.06544783257605648,False
1968-12-20,0.022599772682178037,0.07120660924004321,False
1968-12-23,0.04380995670783272,0.08972966291501887,False
1968-12-24,0.08422293692243892,0.09025981707102769,False
1968-12-26,0.09417831190555648,0.0898699963420172,False
1968-12-27,0.0949521798870291,0.0908933704839612,False
1968-12-30,0.09950456456730353,0.09574867235813243,False
1968-12-31,0.1145437256533968,0.09286927394726076,False
1969-01-02,0.10608866744259546,0.08929882727285289,False
1969-01-03,0.08965868399975077,0.08687703179198038,False
1969-01-06,0.08367240411070961,0.08795545555055488,False
1969-01-07,0.09046463708637444,0.09372294940280212,False
1969-01-08,0.10120347833747353,0.09338391354363736,False
1969-01-09,0.1018377733478533,0.09751321920174004,False
1969-01-10,0.12870842034532365,0.09858173433983769,False
1969-01-13,0.1334983954982596,0.10062113036860709,False
1969-01-14,0.13733644778629162,0.10397698671263449,False
1969-01-15,0.14667683316117752,0.10464530974603563,False
1969-01-16,0.16403663869003543,0.1063839153123284,False
1969-01-17,0.16273864325759158,0.1081248884726173,False
1969-01-20,0.16426728526974635,0.10814135137875772,False
1969-01-21,0.16302780948338857,0.10556885725506895,False
1969-01-22,0.16507949909650158,0.10543399233908936,False
1969-01-23,0.16413340161656315,0.09524345804349041,False
1969-01-24,0.1321904006989444,0.09454127544746953,False
1969-01-27,0.13374148728044738,0.09446661617020483,False
1969-01-28,0.13681833093600396,0.09333906342933444,False
1969-01-29,0.13018210622211832,0.08586826368853803,False
1969-01-30,0.10529355783876723,0.08548308343636736,False
1969-01-31,0.100902577857165,0.08654454509044203,False
1969-02-03,0.11377594990963286,0.0880743722404747,False
1969-02-04,0.12289891055615602,0.08167608723917658,False
1969-02-05,0.09598109629783974,0.07094371085195997,False
1969-02-06,0.06695167073325589,0.06997962601955839,False
1969-02-07,0.05640355883204395,0.06730863652074014,False
1969-02-11,0.04904767211039556,0.06339386198287689,False
1969-02-12,0.04312488742660287,0.05499042821497921,False
1969-02-13,0.023000836226146015,0.05532554540695831,False
1969-02-14,0.02418843819781913,0.05520529053248685,False
1969-02-17,0.02321463905707689,0.0645560160023388,False
1969-02-18,0.06113395900238738,0.07839173722700568,False
1969-02-19,0.10960309360100937,0.08165452209720606,False
1969-02-20,0.13046095006359393,0.08991580080135977,False
1969-02-24,0.1604811762297085,0.0911802535961108,False
1969-02-25,0.1602090337781052,0.08892444773507999,False
1969-02-26,0.13976221774419104,0.0942843434257921,False
1969-02-27,0.15469797465669602,0.09383124333499779,False
1969-02-28,0.15294397955829578,0.09442226424161346,False
1969-03-03,0.14291429697946764,0.09910955046786842,False
1969-03-04,0.1623431234590308,0.10298887869440164,False
1969-03-05,0.18809534622181628,0.10171142765998606,False
1969-03-06,0.19094216079269874,0.10795043962817957,False
1969-03-07,0.2080709895952535,0.10703924363377522,False
1969-03-10,0.21413367589984109,0.10668407898967781,False
1969-03-11,0.20981689432047132,0.10713153113906315,False
1969-03-12,0.21700739060470486,0.10717967076105263,False
1969-03-13,0.22147087539867463,0.10876977021405518,False
1969-03-14,0.21714952228038423,0.10868771021554621,False
1969-03-17,0.20741917029417192,0.10641065137051078,False
1969-03-18,0.2031413155340065,0.10921822621921672,False
1969-03-19,0.21505754274568503,0.11195255391575223,False
1969-03-20,0.22210264400014462,0.10874392810953855,False
1969-03-21,0.20900725014584792,0.1061709561694068,False
1969-03-24,0.19878936269517108,0.09753185298287792,False
1969-03-25,0.1673929355070153,0.0924722699944426,False
1969-03-26,0.14881000827272828,0.09120569858030791,False
1969-03-27,0.12992297508645284,0.09053276079822617,False
1969-03-28,0.13178852406932,0.0886031359657973,False
1969-04-01,0.11988409743868089,0.09175801173974507,False
1969-04-02,0.13694975235526516,0.09409258970479585,False
1969-04-03,0.14854710433952753,0.09135253297094192,False
1969-04-07,0.13380957425488596,0.09876626725409651,False
1969-04-08,0.16029892618451883,0.08903519836494853,False
1969-04-09,0.12984978079592527,0.0928947921316092,False
1969-04-10,0.14009066448125543,0.09501787500388603,False
1969-04-11,0.1515002263798987,0.0957901723954258,False
1969-04-14,0.15300353518377574,0.09380913696930732,False
1969-04-15,0.14052743130588533,0.08524673269209275,False
1969-04-16,0.12881807284996138,0.08996338569047571,False
1969-04-17,0.142314210695455,0.08997733468643315,False
1969-04-18,0.1428740019066172,0.09000969320570358,False
1969-04-21,0.1491822602459417,0.0916311802548395,False
1969-04-22,0.15683466367291377,0.08732687242069301,False
1969-04-23,0.13618533239902356,0.08732618743891485,False
1969-04-24,0.13787788196980963,0.0877120687528977,False
1969-04-25,0.13385348181366583,0.0878246760425623,False
1969-04-28,0.13560364233777428,0.08290333614700669,False
1969-04-29,0.12722887123760812,0.08677755627950738,False
1969-04-30,0.13519326864086437,0.09249402216762909,False
1969-05-01,0.14419769092391213,0.09581999391625053,False
1969-05-02,0.14167374294943055,0.09292466091897392,False
1969-05-05,0.12365027736834164,0.0923720043127781,False
1969-05-06,0.11528373894290309,0.08223921326804971,False
1969-05-07,0.06393018531427352,0.08664556716657615,False
1969-05-08,0.06696233852173505,0.08355932907876251,False
1969-05-09,0.05674252332052576,0.08176784426277177,False
1969-05-12,0.05250555974003218,0.0817466242181533,False
1969-05-13,0.0527393719948361,0.08412910979042676,False
1969-05-14,0.06514183153542558,0.08305548441161031,False
1969-05-15,0.06314218536397959,0.08190926550151907,False
1969-05-16,0.06667700637436606,0.08524294811442142,False
1969-05-19,0.07487970843125111,0.09192095148622652,False
1969-05-20,0.09763499005374765,0.10020614976231051,False
1969-05-21,0.12475234296903133,0.10001788842114799,False
1969-05-22,0.12215554338541972,0.10096097837777519,False
1969-05-23,0.12323243640338791,0.10291841681632367,False
1969-05-26,0.13844326670939713,0.10526768881522548,False
1969-05-27,0.1263237117184209,0.11425397054798749,False
1969-05-28,0.15841714925919362,0.10992951000001125,False
1969-05-29,0.1521602226275213,0.10384184837316675,False
1969-06-02,0.13916298062794857,0.10399409266741873,False
1969-06-03,0.15943837639306907,0.10198569858966812,False
1969-06-04,0.15448611470834486,0.1014745006307239,False
1969-06-05,0.1574704162797825,0.09749615720312485,False
1969-06-06,0.15744382216562033,0.09746445327442296,False
1969-06-09,0.17396054666425326,0.10050612706263502,False
1969-06-10,0.17831116676791203,0.10217518009829098,False
1969-06-11,0.18174255762127176,0.10372835637873447,False
1969-06-12,0.191472520323662,0.10515399474211373,False
1969-06-13,0.1723003570451904,0.150104035487063,True
1969-06-16,0.15159357653062772,0.1502075774724942,False
1969-06-17,0.14651660543141276,0.14337837807122134,False
1969-06-18,0.13447837415103314,0.14498243763208699,False
1969-06-19,0.15427942424217214,0.141781879186019,False
1969-06-20,0.1279746801997997,0.1405955113447033,False
1969-06-23,0.12007811374736226,0.14077686395985003,False
1969-06-24,0.11448869142818796,0.14400776799101248,False
1969-06-25,0.13623449424911577,0.13718334002249144,False
1969-06-26,0.14621096749681226,0.13492893866758024,False
1969-06-27,0.12139897657920304,0.13716447487254158,False
1969-06-30,0.1234207117186121,0.13812052644483194,False
1969-07-01,0.13142484947544028,0.138468979233076,False
1969-07-02,0.1292255143720836,0.14169336161569618,False
1969-07-03,0.13122982857798682,0.14253325288763669,False
1969-07-07,0.13217551654203205,0.14193825609494495,False
1969-07-08,0.14106589460396102,0.1441803905622258,False
1969-07-09,0.1545032528503301,0.1442903561558085,False
1969-07-10,0.15461352700785053,0.14426256153084982,False
1969-07-11,0.1487047721840963,0.1480489370375794,False
1969-07-14,0.15392726559156167,0.14974184905248172,False
1969-07-15,0.15326146481461606,0.10267127662250061,False
1969-07-16,0.17017046889689452,0.11096337086214964,False
1969-07-17,0.19003262631015125,0.11612927435736525,False
1969-07-18,0.20472268956433295,0.12257747358831624,False
1969-07-22,0.2253048551482,0.13041680481609808,False
1969-07-23,0.25014175968168506,0.12919811228736397,False
1969-07-24,0.2535912894199174,0.12910114431184289,False
1969-07-25,0.2511664710971943,0.12161161714593784,False
1969-07-28,0.22772327757592267,0.12801149109962645,True
1969-07-29,0.24256420267213277,0.13056342625423353,True
1969-07-30,0.2424263619053166,0.13322188113048603,True
1969-07-31,0.24653545427323717,0.15367864187203628,False
1969-08-01,0.31874957474775123,0.1703461045073147,False
1969-08-04,0.3346630936732117,0.16774512483887327,False
1969-08-05,0.3361825896294914,0.1663977992534709,False
1969-08-06,0.3289993364523231,0.1652376260149948,False
1969-08-07,0.3223643746421555,0.16148334369131792,False
1969-08-08,0.31295530700053076,0.159815011026114,False
1969-08-11,0.29751676544369204,0.15930034874531218,False
1969-08-12,0.2979643215986513,0.16031961415851217,True
1969-08-13,0.3009104901806439,0.15356652559971595,True
1969-08-14,0.2942103451304617,0.15307927343115807,True
1969-08-15,0.2858228980607588,0.15738400925577717,False
1969-08-18,0.2991941529030205,0.15739714238895142,False
1969-08-19,0.2950730514534158,0.15229628419172248,False
1969-08-20,0.2846309759304223,0.14169560594827807,False
1969-08-21,0.25086930346789404,0.14120643814396558,False
1969-08-22,0.2486304271606299,0.1411700530667094,False
1969-08-25,0.2522176987392584,0.1405618223544673,False
1969-08-26,0.2407055927571057,0.13185653585037535,False
1969-08-27,0.21953966221617555,0.12557139819325985,False
1969-08-28,0.20035838890816,0.12530024600283624,False
1969-08-29,0.20828792436214827,0.11667465516101261,False
1969-09-02,0.15310833900987064,0.10173633734271897,False
1969-09-03,0.12157440806980867,0.10992356338385105,False
1969-09-04,0.1535026107427045,0.12324582255894284,False
1969-09-05,0.1915626281346223,0.12484004194806297,False
1969-09-08,0.2031540831525346,0.13389034722220006,True
1969-09-09,0.2321780262851866,0.1365186434044077,False
1969-09-10,0.24771224442098153,0.14942078935712802,False
1969-09-11,0.2889411594141647,0.14531715953490107,False
1969-09-12,0.27736601774014064,0.14512129057020826,False
1969-09-15,0.28427714619515515,0.1452077372603776,False
1969-09-16,0.2854405608888563,0.14047269055773512,False
1969-09-17,0.26778095026016446,0.13895680539177035,False
1969-09-18,0.25546937287015403,0.13827282907494287,False
1969-09-19,0.25003767030857016,0.140282253935904,False
1969-09-22,0.25585751587599603,0.14054295834105215,False
1969-09-23,0.2536570195635413,0.14554414868654983,False
1969-09-24,0.25047186607736976,0.14447299035036196,False
1969-09-25,0.2485823246099678,0.14723050240711968,False
1969-09-26,0.2576928472794414,0.14769453173826197,False
1969-09-29,0.2710149350692362,0.15308600420065663,False
1969-09-30,0.2765789152650971,0.14538142224028788,False
1969-10-01,0.2787416975876467,0.14339002189586197,False
1969-10-02,0.2761371224591074,0.14032074858142088,False
1969-10-03,0.2598162854068732,0.13007144314302463,False
1969-10-06,0.23069771977495016,0.1289051106254218,False
1969-10-07,0.2261498191673594,0.1176251467666518,False
1969-10-08,0.19209926474842245,0.11730264073035451,False
1969-10-09,0.1914991712511709,0.10509467770177959,False
1969-10-10,0.1493269397268959,0.10927536819837358,False
1969-10-13,0.16613136903830697,0.11541594115344227,False
1969-10-14,0.1757650927718087,0.12026876226352494,False
1969-10-15,0.19230610675292448,0.11979553450561116,False
1969-10-16,0.18253621129791064,0.11824414088093343,False
1969-10-17,0.1874885005734946,0.11945696305258888,False
1969-10-20,0.18215749485651914,0.1178971870229716,False
1969-10-21,0.17252931477456082,0.11768179893460888,False
1969-10-22,0.1665855549387734,0.11247329580660896,False
1969-10-23,0.15643561007264872,0.11210698358031608,False
1969-10-24,0.15462600235214605,0.10764830207485827,False
1969-10-27,0.12701995061436755,0.1027339432012501,False
1969-10-28,0.11044343628720958,0.08871582859412566,False
1969-10-29,0.06586515151697246,0.09250108884987544,False
1969-10-30,0.07494433405163406,0.09084644755154986,False
1969-10-31,0.07122550884059617,0.09494040244374362,False
1969-11-03,0.07999411462752068,0.09264609813561052,False
1969-11-04,0.07972338710292501,0.09372454625660748,False
1969-11-05,0.08580153498692755,0.09217703948994477,False
1969-11-06,0.08388984573761156,0.0848633584841636,False
1969-11-07,0.07336192415660953,0.08170869736421224,False
1969-11-10,0.06562602349910467,0.07832147516040508,False
1969-11-11,0.06297459650345284,0.08596558666978064,False
1969-11-12,0.06963385235495291,0.08161957912240062,False
1969-11-13,0.052605119682237196,0.09227539586967833,False
1969-11-14,0.07666594564917169,0.09805280904453455,False
1969-11-17,0.08980184932551555,0.11561846653338974,True
1969-11-18,0.11759296518769544,0.11529519580829756,False
1969-11-19,0.11095576870774168,0.11567345666617286,False
1969-11-20,0.11976437170017316,0.12014661180156976,False
1969-11-21,0.15879560255528619,0.12470390915584713,False
1969-11-24,0.17694393624490568,0.12348231534736788,False
1969-11-25,0.19241551095044346,0.12248180407914201,False
1969-11-26,0.18987812669110668,0.12336538909920385,False
1969-11-28,0.1922410297671061,0.12930353863293573,False
1969-12-01,0.2197653471883799,0.1248688756740948,False
1969-12-02,0.2107024852716434,0.11476427620336314,False
1969-12-03,0.16743576086346199,0.11004425971955349,False
1969-12-04,0.1562436948364709,0.11400900508997994,False
1969-12-05,0.16549859604117786,0.11258824701760435,False
1969-12-08,0.1668681294511071,0.11361532807350279,False
1969-12-09,0.1736775437731257,0.10795087007818781,False
1969-12-10,0.14591417095677883,0.10640411977299956,False
1969-12-11,0.13601394933488178,0.10463467668601636,False
1969-12-12,0.14552574250148473,0.10567010359367494,False
1969-12-15,0.15431047647316412,0.10320668430710278,False
1969-12-16,0.14505363329419346,0.10414916082430041,False
1969-12-17,0.15435144824408725,0.09432211234592511,False
1969-12-18,0.13898299040621978,0.11510363675736544,False
1969-12-19,0.21490334459818483,0.12386083389598053,False
1969-12-22,0.23375059976184182,0.1262730453545095,False
1969-12-23,0.2341886255872773,0.12339697931819422,False
1969-12-24,0.2096442576520766,0.1290432981100447,False
1969-12-26,0.22180543696775815,0.1324023373866981,False
1969-12-29,0.23216629192902707,0.13637784238492356,False
1969-12-30,0.24168390979062207,0.13225927483621233,False
1969-12-31,0.22855664728557462,0.13271662111173807,False
1970-01-02,0.2382362782683736,0.13689432694036974,False
1970-01-05,0.222363591304431,0.14132807790725455,False
1970-01-06,0.21551835116961013,0.14083106326743242,False
1970-01-07,0.21584440592107973,0.1409578414421509,False
1970-01-08,0.21669569049146098,0.13420685585860453,False
1970-01-09,0.18731762707267316,0.14046721760113354,False
1970-01-12,0.1970981180724382,0.1433999511184705,False
1970-01-13,0.20271586549066392,0.14727004009785444,False
1970-01-14,0.2082124118423058,0.15233290744394026,False
1970-01-15,0.19487780014867687,0.15465569065010318,False
1970-01-16,0.19365170042069663,0.15210742701601523,False
1970-01-19,0.17779230278735744,0.15401998992017185,False
1970-01-20,0.17698568628721117,0.14358020957957174,False
1970-01-21,0.14301565557662882,0.14137951513291688,False
1970-01-22,0.12646936937553616,0.13321582524855766,False
1970-01-23,0.10113860055602278,0.13818610548041735,False
1970-01-26,0.13806823851781239,0.13459937353419194,False
1970-01-27,0.13745692866151638,0.13366065561249452,True
1970-01-28,0.12452569553677065,0.1388877804953432,True
1970-01-29,0.1399430213882302,0.14519150145377271,True
1970-01-30,0.1571756880036018,0.14073966294228984,True
1970-02-02,0.14208416138740398,0.13093352415588874,True
1970-02-03,0.13628709063752772,0.12939119664599016,True
1970-02-04,0.1426257976711988,0.128440331356332,True
1970-02-05,0.1392136168144839,0.12724289194643557,True
1970-02-06,0.13515529089373607,0.12969676428081395,True
1970-02-09,0.126848112993527,0.12971168159127974,True
1970-02-10,0.13268016075522707,0.1335138589384939,True
1970-02-11,0.1405468042220982,0.14385449135548603,True
1970-02-12,0.16655197447311984,0.14255753179914138,True
1970-02-13,0.16685044339164595,0.14227108721101608,True
1970-02-16,0.16813718357355167,0.14210716961601044,True
1970-02-17,0.16270800196207413,0.14172378786258205,True
1970-02-18,0.1708344860851718,0.15468963649655423,True
1970-02-19,0.18688739365110116,0.1536376786288213,True
1970-02-20,0.18074969735725355,0.15818091380956445,True
1970-02-24,0.18849720631870542,0.15462318027866906,True
1970-02-25,0.17937478948346797,0.1780720044694817,False
1970-02-26,0.20746003062334115,0.17632544396599734,True
1970-02-27,0.21056930166416316,0.17020571961686248,True
1970-03-02,0.20325991030929977,0.16253964223129955,True
1970-03-03,0.17480073969433127,0.1593724075907456,True
1970-03-04,0.17065663928669228,0.1594239187559113,True
1970-03-05,0.1768022126857676,0.1538592749481686,True
1970-03-06,0.16512739313026722,0.15502404048106913,True
1970-03-09,0.16119682947883968,0.15700381366879992,True
1970-03-10,0.18390841449801962,0.1565741684140025,True
1970-03-11,0.17969286074343035,0.15656774629967338,True
1970-03-12,0.18487493677377234,0.1510315503522765,True
1970-03-13,0.18504983802546232,0.14714564664674706,True
1970-03-16,0.17219650035195047,0.14793208556731496,True
1970-03-17,0.18500996509955564,0.14957042943449556,True
1970-03-18,0.198296029326634,0.1505997138629883,True
1970-03-19,0.19882930559852802,0.1585067834376144,True
1970-03-20,0.19644611892995137,0.14720823134477992,True
1970-03-23,0.18686530618645422,0.1455749534887093,True
1970-03-24,0.18588451662976546,0.15050100912997463,True
1970-03-25,0.20725929742577429,0.17507720027588125,True
1970-03-26,0.28817327126967307,0.1473688981994289,True
1970-03-30,0.23483729693558014,0.14496835727806454,True
1970-03-31,0.23454826806156823,0.14229453891316024,True
1970-04-01,0.2311644336989311,0.14137696202358885,True
1970-04-02,0.24820522405368228,0.14159288008101456,True
1970-04-03,0.2532764944685324,0.14198025766904485,True
1970-04-06,0.2468392837415981,0.15094421838087804,True
1970-04-07,0.26459997444286826,0.14672373469007893,True
1970-04-08,0.24986042560510166,0.1432760641608861,True
1970-04-09,0.23518510293263675,0.1432826714613042,True
1970-04-10,0.2514654417046243,0.14698646424127607,True
1970-04-13,0.2582998539912084,0.14647166994289945,True
1970-04-14,0.26771253396697586,0.14623138906027203,True
1970-04-15,0.27337896226231384,0.14509981868926616,True
1970-04-16,0.2722348703688627,0.14531290897348903,True
1970-04-17,0.26121843121132526,0.14414982238144364,True
1970-04-20,0.2405678442790562,0.13955027395419806,True
1970-04-21,0.23945418907146154,0.1403963468766702,True
1970-04-22,0.24619306803623422,0.14370218637865725,True
1970-04-23,0.26640202986247097,0.13620756046075505,True
1970-04-24,0.23645122113578323,0.08557008398407182,True
1970-04-27,0.07586853919078612,0.0965635549159772,True
1970-04-28,0.0983227647177282,0.09735541548979862,True
1970-04-29,0.09755196594813849,0.17343520991291786,True
1970-04-30,0.26599215836475587,0.17079494976608423,True
1970-05-01,0.24578343542695985,0.17691208430936173,True
1970-05-04,0.2557806675794834,0.19277362034100137,True
1970-05-05,0.3051606757547197,0.1927375051549355,True
1970-05-06,0.29946990210450264,0.20040419358643574,True
1970-05-07,0.3339943583587565,0.2032704931358006,True
1970-05-08,0.3374759889659117,0.20320550839865942,True
1970-05-11,0.33879179977763796,0.20858418953443209,True
1970-05-12,0.34635971172899827,0.2085347558625904,True
1970-05-13,0.33637573091543366,0.21108996480331746,True
1970-05-14,0.34354247408881394,0.2107115379744208,True
1970-05-15,0.3354089422846171,0.23055426889376368,True
1970-05-18,0.3810543020812112,0.23094815996275211,True
1970-05-19,0.40272356598216963,0.254947023027084,True
1970-05-20,0.44199032337643845,0.2681673006695579,True
1970-05-21,0.4675060397387019,0.2682234229071263,True
1970-05-22,0.45088008697972726,0.2671106206073126,True
1970-05-25,0.4522394614224431,0.2822343846293803,True
1970-05-26,0.4636669968900048,0.2793872249120816,True
1970-05-27,0.4463035712440247,0.3796200479076758,True
1970-05-28,0.5976822383679052,0.3730129734018491,True
1970-05-29,0.5821834676747577,0.3817411172537872,True
1970-06-01,0.5834476607314991,0.40564964414793075,True
1970-06-02,0.600019459534877,0.395874695588168,True
1970-06-03,0.582992200578068,0.3924349449083743,True
1970-06-04,0.585187212813361,0.3952372251119801,True
1970-06-05,0.5810794094638604,0.4009762425046956,True
1970-06-08,0.5848715569409154,0.4004242972102068,True
1970-06-09,0.5817647253866138,0.39628890656550886,True
1970-06-10,0.584870630977708,0.39846742387489864,True
1970-06-11,0.5966630175397929,0.3980010304122602,True
1970-06-12,0.5878799853694281,0.39772933330745647,True
1970-06-15,0.5859266253342713,0.3911218076257462,True
1970-06-16,0.5909714195629482,0.40465022839679177,True
1970-06-17,0.6010661575182544,0.3837476120215554,True
1970-06-18,0.5794309648181405,0.3683349436720984,True
1970-06-19,0.5572035592531628,0.3636057564812764,True
1970-06-22,0.5599063659756685,0.37121640612102375,True
1970-06-23,0.568722477072537,0.36524441980088,True
1970-06-24,0.5767704441853494,0.36751693446781586,True
1970-06-25,0.5960271608638223,0.28472327457103985,True
1970-06-26,0.4819662001219697,0.26497931257098,True
1970-06-29,0.451746987952355,0.2575404736073731,True
1970-06-30,0.4404998273621608,0.2089818102138929,True
1970-07-01,0.3703762331999337,0.2090064161900605,True
1970-07-02,0.3562669860394407,0.20581808110922079,True
1970-07-06,0.34651937977716,0.20571277900350834,True
1970-07-07,0.346688132252112,0.1983906754956902,True
1970-07-08,0.32869027487960795,0.26890449013988293,True
1970-07-09,0.4223441213912851,0.27464050083575525,True
1970-07-10,0.42938093429734253,0.273657538438539,True
1970-07-13,0.421224949799131,0.2698858368657472,True
1970-07-14,0.40883537885943005,0.2704227388334524,True
1970-07-15,0.41152554635193395,0.2709747450815993,True
1970-07-16,0.40544658996196903,0.2640977324912351,True
1970-07-17,0.38137794564338223,0.27640743906127335,True
1970-07-20,0.4076786453873636,0.2746900721405857,True
1970-07-21,0.4108189828178919,0.2758868564190084,True
1970-07-22,0.4149806104971801,0.26748525866758266,True
1970-07-23,0.39571420794874784,0.24856567868284232,True
1970-07-24,0.36029992315441134,0.24533190564918222,True
1970-07-27,0.3519083108190673,0.24571316473215793,True
1970-07-28,0.35123202636983014,0.24148223614286854,True
1970-07-29,0.3443278943636625,0.23086339246656018,True
1970-07-30,0.30179020686722724,0.23113510619558772,True
1970-07-31,0.3054112373270573,0.23152125522086686,True
1970-08-03,0.31835565609009264,0.23418824607690672,True
1970-08-04,0.3280458578685286,0.22386493712602146,True
1970-08-05,0.3114398840393995,0.21895234482867174,True
1970-08-06,0.2995872886274971,0.1557592845123021,True
1970-08-07,0.19472368608005475,0.14919417293899007,True
1970-08-10,0.18611605409717255,0.1632184291359097,True
1970-08-11,0.22971495470867725,0.16564453352599137,True
1970-08-12,0.24825160643694297,0.16493939089909584,True
1970-08-13,0.2499617263079616,0.16856094365847057,True
1970-08-14,0.2615085050401798,0.14468248852526827,True
1970-08-17,0.19921267284678182,0.1096925678096049,True
1970-08-18,0.09432937121094699,0.1375796043159356,True
1970-08-19,0.16182023895641331,0.13987144447823224,True
1970-08-20,0.17777575074775662,0.1537593230084605,True
1970-08-21,0.20961318419695948,0.186390023840489,True
1970-08-24,0.2749434398990324,0.20366144124391963,True
1970-08-25,0.30924821552861825,0.2034574873392288,True
1970-08-26,0.3027124531241235,0.20392586395771853,True
1970-08-27,0.3001508232943137,0.203108991261102,True
1970-08-28,0.3115032420192263,0.20871668811867797,True
1970-08-31,0.3152360088777182,0.2067361839540008,True
1970-09-01,0.3120382054010346,0.2105994487470812,True
1970-09-02,0.29625804536380235,0.20929640604937755,True
1970-09-03,0.2997614229044148,0.20930578537863437,True
1970-09-04,0.2953734578330131,0.20912923736827127,True
1970-09-08,0.28673454858687136,0.20962971565199917,True
1970-09-09,0.28940145681512014,0.1893242772565488,True
1970-09-10,0.2433462712279556,0.1901300679090487,True
1970-09-11,0.24609176450143022,0.1883174924423879,True
1970-09-14,0.2415654544155901,0.17574897572659187,True
1970-09-15,0.20962175694545196,0.18786852481859517,True
1970-09-16,0.24552051723100096,0.1870759211211292,True
1970-09-17,0.24531976670122427,0.18157567158120363,True
1970-09-18,0.22105905735297027,0.1814728229037546,True
1970-09-21,0.22438705978761908,0.18264672476776683,True
1970-09-22,0.2517631138164603,0.1582698018658067,True
1970-09-23,0.19103948874563423,0.14013926800840726,True
1970-09-24,0.14938356026595206,0.14957265363643582,True
1970-09-25,0.17236214685860937,0.14919416133279512,True
1970-09-28,0.17219326469941565,0.1493446374199746,True
1970-09-29,0.17046195466664715,0.1407549597371139,True
1970-09-30,0.16630196884802728,0.14166148859497874,True
1970-10-01,0.16918379555881694,0.1358214383789927,True
1970-10-02,0.162868786237254,0.14068529316694003,True
1970-10-05,0.18390164031899256,0.1570273387570527,True
1970-10-06,0.22148324274722672,0.15643485630618884,True
1970-10-07,0.22424090558497284,0.15569222704976837,True
1970-10-08,0.23038055102244104,0.170307257016412,True
1970-10-09,0.25887291595704504,0.17073685810823194,True
1970-10-12,0.25907207591766734,0.16631705611037886,True
1970-10-13,0.26760802797105926,0.16835088550812422,True
1970-10-14,0.2638544939571271,0.16025048822650081,True
1970-10-15,0.2389695993402876,0.15996028365916207,True
1970-10-16,0.24744796074162786,0.16038441633001085,True
1970-10-19,0.24937750630578936,0.17238844722282803,True
1970-10-20,0.2804610040689723,0.1722249769067778,True
1970-10-21,0.2647856332818093,0.17078311555122908,True
1970-10-22,0.26326525163866954,0.16675143162141878,True
1970-10-23,0.2562787959536503,0.15615433184613947,True
1970-10-26,0.23969595349637585,0.15699993372731547,True
1970-10-27,0.24241518464408196,0.15742018336038835,True
1970-10-28,0.2470771279398732,0.15722868548955063,True
1970-10-29,0.24675808609178554,0.1573233463556663,True
1970-10-30,0.24977812125641952,0.15552741117330113,True
1970-11-02,0.25300631780571925,0.14909378819534908,True
1970-11-03,0.23002140263360782,0.12126579875590004,True
1970-11-04,0.1739797726824311,0.11646483279153497,True
1970-11-05,0.1779158286474634,0.11660633212130547,True
1970-11-06,0.17473556238696203,0.10343174899639192,True
1970-11-09,0.14143307148056752,0.0988165361818856,True
1970-11-10,0.1273030908645037,0.09980854157534699,True
1970-11-11,0.117948574511048,0.09379009653801618,True
1970-11-12,0.10817832439316957,0.09931170838763767,True
1970-11-13,0.12961595494855724,0.0967465794275767,True
1970-11-16,0.12382041723135945,0.09745414497136029,True
1970-11-17,0.1269329142376463,0.07857455738769033,True
1970-11-18,0.0687578893056092,0.07366688415962393,True
1970-11-19,0.07159199393738054,0.07319155455217657,True
1970-11-20,0.07448537465951682,0.07949488584478373,True
1970-11-23,0.08750724406087139,0.07715293767376098,True
1970-11-24,0.07854547353702178,0.07795760185163829,True
1970-11-25,0.08775382191499476,0.08652212277748737,True
1970-11-27,0.11839308826517216,0.10934338612698599,True
1970-11-30,0.18266778900277497,0.12115556955288326,True
1970-12-01,0.20621622627219424,0.1227055679059757,True
1970-12-02,0.2102873114266162,0.12763980887946041,True
1970-12-03,0.23002482851755668,0.13307242186779172,True
1970-12-04,0.21926206852575994,0.13281588817970702,True
1970-12-07,0.20559836429002581,0.13159561020296534,True
1970-12-08,0.21144774130513916,0.12830903696538518,True
1970-12-09,0.19734385147011896,0.1311271447024093,True
1970-12-10,0.2040965854592781,0.12828647997549958,True
1970-12-11,0.20610131396920844,0.1290524693743713,True
1970-12-14,0.19586722691385908,0.12072869595969217,True
1970-12-15,0.17138755547553786,0.11743161854472052,True
1970-12-16,0.15268988923497226,0.1132171932672615,True
1970-12-17,0.13825462023857135,0.11314979567879044,True
1970-12-18,0.136034580244435,0.10932424183806773,True
1970-12-21,0.12889308372813596,0.11682888369231682,True
1970-12-22,0.14955524619954508,0.1188804115375883,True
1970-12-23,0.1594007739881277,0.11852580559637703,True
1970-12-24,0.1661357502455804,0.12075504123208917,True
1970-12-28,0.16462177952567533,0.11897871298286311,True
1970-12-29,0.15434488261831297,0.11219591317050341,True
1970-12-30,0.13424237052794588,0.10265614608354022,True
1970-12-31,0.12210457172570109,0.10104374597648787,True
1971-01-04,0.11601054310408411,0.10693492012877093,True
1971-01-05,0.14566860703126844,0.10433306372454147,True
1971-01-06,0.15767425251666028,0.10747124595535075,True
1971-01-07,0.17803981633108096,0.10998047326423224,True
1971-01-08,0.1885959559402636,0.10961627156645957,True
1971-01-11,0.19326175914849564,0.10819780294933715,True
1971-01-12,0.18513103826562718,0.13516075613576273,True
1971-01-13,0.19687540627931574,0.13520010109702835,True
1971-01-14,0.19931352400521915,0.13338820893038084,True
1971-01-15,0.18815165654579658,0.13224126227910735,True
1971-01-18,0.18468662518950862,0.1377412081588627,True
1971-01-19,0.17828604105299642,0.1375228552896855,True
1971-01-20,0.16905113550266754,0.1353495984327474,True
1971-01-21,0.16366106131910424,0.1289153404236222,True
1971-01-22,0.15042326419581223,0.12600733554102658,True
1971-01-25,0.1484062366121227,0.12738204626723235,True
1971-01-26,0.1450275461155096,0.12574825990375033,True
1971-01-27,0.13901879698694933,0.13613382820552172,True
1971-01-28,0.1650324905162346,0.13179294917089726,True
1971-01-29,0.13899862370412655,0.13584823120718156,False
1971-02-01,0.15360621164287255,0.1428743045182688,False
1971-02-02,0.1693121420360448,0.1307631673468888,False
1971-02-03,0.10132774300108262,0.12950114355761577,False
1971-02-04,0.08873763494217496,0.14241766338912668,False
1971-02-05,0.09505357799179213,0.1439690136312105,False
1971-02-08,0.09530215802529778,0.14475842734918418,False
1971-02-09,0.09228456809057071,0.15018745551952842,False
1971-02-10,0.09340402003081455,0.12714864834606246,False
1971-02-11,0.07578279894550222,0.12637085932664308,False
1971-02-12,0.07772274856487096,0.12737719310497267,False
1971-02-16,0.07511264262834315,0.12930638088267302,False
1971-02-17,0.07053476752839148,0.1274555277455347,False
1971-02-18,0.08080166306713452,0.13028497214962553,False
1971-02-19,0.09178863073711022,0.13402822658023436,False
1971-02-22,0.11933339716342335,0.1432596216348617,False
1971-02-23,0.16734805223783325,0.1438559233116194,False
1971-02-24,0.16782382325259237,0.14433771346698707,False
1971-02-25,0.17646181441665232,0.14420718374684832,False
1971-02-26,0.1755398172776791,0.13689251211506065,False
1971-03-01,0.1533247683178324,0.13645821722494295,False
1971-03-02,0.16009412719043456,0.13013086780878202,False
1971-03-03,0.13217612211149007,0.11706867378265477,False
1971-03-04,0.11184984632812071,0.12953584342474952,False
1971-03-05,0.15671261958109814,0.1337216408715598,False
1971-03-08,0.16584372906212855,0.12412159927409969,False
1971-03-09,0.15516577219096842,0.11944699808518812,False
1971-03-10,0.1426860408023919,0.11562687119634199,False
1971-03-11,0.13856519093705003,0.11182700034356276,False
1971-03-12,0.1286737129509578,0.11186687391655005,False
1971-03-15,0.13491489537802673,0.11813191304493229,False
1971-03-16,0.15874675885079562,0.1184904744421658,False
1971-03-17,0.16668131698096414,0.11646245972369944,False
1971-03-18,0.17363133444338633,0.11384475537632385,False
1971-03-19,0.161750177818198,0.1178057700236924,False
1971-03-22,0.1675527218783025,0.11277275761906062,False
1971-03-23,0.14150868958483465,0.09854076157041011,False
1971-03-24,0.0873100672731524,0.10242717665638458,False
1971-03-25,0.10378167236574416,0.10312824203652612,False
1971-03-26,0.10812853411833243,0.10285389488513993,False
1971-03-29,0.11460287679880858,0.10959095620740746,False
1971-03-30,0.12158172315391963,0.10781620164533869,False
1971-03-31,0.1185569374989166,0.1114294642123352,False
1971-04-01,0.11775284306313383,0.10917790841406469,False
1971-04-02,0.11522120961078762,0.09423201603535947,False
1971-04-05,0.08296160112130199,0.08595625296583631,False
1971-04-06,0.07609446621631429,0.08887838979448968,False
1971-04-07,0.08174435486193711,0.09157666760637413,False
1971-04-08,0.09074741850755173,0.09206259239768129,False
1971-04-12,0.09108766722913782,0.09465003258810495,False
1971-04-13,0.10333827496831739,0.09491465784170999,False
1971-04-14,0.10549870970263232,0.09081004903666769,False
1971-04-15,0.06443668238834131,0.08678994687993899,False
1971-04-16,0.05011457666997158,0.08799126138987971,False
1971-04-19,0.0490876472427731,0.09103959928462856,False
1971-04-20,0.06558833953969184,0.09609488890156469,False
1971-04-21,0.08468694286135299,0.0960980286517548,False
1971-04-22,0.0866880434303726,0.09595788011312419,False
1971-04-23,0.08583455904792192,0.09360920734514609,False
1971-04-26,0.07087675582942335,0.09317605530295775,False
1971-04-27,0.07039297718375657,0.09508269155583088,False
1971-04-28,0.061949861452922576,0.0866105589987073,False
1971-04-29,0.06689403571863275,0.08803714179718088,False
1971-04-30,0.07045316459245696,0.0879313995792584,False
1971-05-03,0.0754108915937916,0.091074693014345,False
1971-05-04,0.08760115169729704,0.09401791389295067,False
1971-05-05,0.09056470822608031,0.09318589362496087,False
1971-05-06,0.09058578094659757,0.09218306873209858,False
1971-05-07,0.08075121922441032,0.0961515210251622,False
1971-05-10,0.0868035221972364,0.10285119318430458,False
1971-05-11,0.10663324236919088,0.10121703664669525,False
1971-05-12,0.10003962930421943,0.10330137474877257,False
1971-05-13,0.1094451660569827,0.10031089669555765,False
1971-05-14,0.11462484184517183,0.10155547576985109,False
1971-05-17,0.12008931446546253,0.13358271354669432,True
1971-05-18,0.21271956556630336,0.12993545430322134,False
1971-05-19,0.19431676613385063,0.12338276677899199,False
1971-05-20,0.18580487552599817,0.12353943123636527,False
1971-05-21,0.183698268973754,0.12662433943256535,False
1971-05-24,0.18778962029954843,0.12891285090966162,False
1971-05-25,0.21438275989979974,0.12875242960709019,False
1971-05-26,0.21975964300757986,0.12423294062319325,False
1971-05-27,0.22179027487830907,0.11891569593296716,False
1971-05-28,0.19677481938823935,0.12032455550744421,False
1971-06-01,0.19570631047876952,0.12424012137681721,False
1971-06-02,0.2202379915688372,0.13161035670544866,False
1971-06-03,0.24881963688380757,0.12707886731552567,False
1971-06-04,0.24473001106468423,0.12722750907607944,False
1971-06-07,0.2332562683166139,0.12576920081154438,False
1971-06-08,0.2492178755081658,0.12746501480964376,False
1971-06-09,0.25998925502021025,0.12522275272055658,False
1971-06-10,0.2521809370101151,0.12334298360176568,False
1971-06-11,0.25888765624779964,0.11899267264798163,False
1971-06-14,0.2531357132735894,0.11902237594788123,False
1971-06-15,0.2495608683034213,0.12152621918081452,False
1971-06-16,0.25758003782104255,0.09113177256920313,False
1971-06-17,0.15514667190155387,0.09504581251693006,False
1971-06-18,0.166305708546214,0.10171484217863809,False
1971-06-21,0.20566748004017663,0.12186749878389046,True
1971-06-22,0.2321081747994891,0.12185358477771757,False
1971-06-23,0.2169662822193704,0.1264385518025746,False
1971-06-24,0.1983479253662686,0.1236082201585204,False
1971-06-25,0.18920035317661968,0.1232017518156588,False
1971-06-28,0.18940993977338524,0.12314307207609322,False
1971-06-29,0.18203771371410504,0.12842220431667434,False
1971-06-30,0.1989925204763082,0.12925100836191342,False
1971-07-01,0.21134517271610478,0.12237005029599744,False
1971-07-02,0.2000905278791604,0.12039345658618164,False
1971-07-06,0.1960469455205889,0.12001517170219583,False
1971-07-07,0.19656377000754383,0.12048662766660459,False
1971-07-08,0.1957856729800985,0.11819807185682138,False
1971-07-09,0.18527579597912666,0.11820788885335368,False
1971-07-12,0.18854875436623253,0.11781170566069366,False
1971-07-13,0.18452437700944294,0.12149644872939958,False
1971-07-14,0.1952638819488537,0.1219528556497071,False
1971-07-15,0.19752219947606908,0.120061936274178,False
1971-07-16,0.18970078686171835,0.12080378839183295,False
1971-07-19,0.201979155437921,0.11766213960736643,False
1971-07-20,0.19602589789624722,0.11054530220172343,False
1971-07-21,0.16322813321187846,0.07627332005043377,False
1971-07-22,0.08800803862716368,0.07657685654187305,False
1971-07-23,0.09666499280217349,0.06830419626880466,False
1971-07-26,0.08682671172187088,0.07010573378579792,False
1971-07-27,0.09052969745498825,0.10790068882080463,True
1971-07-28,0.18561129278059688,0.10939111463031159,False
1971-07-29,0.18648795093974066,0.105069061193518,False
1971-07-30,0.18294057845166609,0.10378783502507137,False
1971-08-02,0.1636810880301682,0.11518307806306256,False
1971-08-03,0.18469527349511325,0.14206149666387757,True
1971-08-04,0.26633979390105217,0.1452640210242804,False
1971-08-05,0.2660446607940859,0.145023763387107,False
1971-08-06,0.273903331616237,0.1426181183670494,False
1971-08-09,0.2622806169325536,0.1438884002558554,False
1971-08-10,0.2603019974932663,0.14550554827527384,False
1971-08-11,0.25440289488241646,0.155174624957122,False
1971-08-12,0.2938297656702047,0.16624167816542182,False
1971-08-13,0.3309615894149487,0.16559169024230017,False
1971-08-16,0.32532746478950186,0.20979122088172827,True
1971-08-17,0.38133045828247825,0.21037239568342833,True
1971-08-18,0.3671075078407073,0.2133310287052344,True
1971-08-19,0.36308981458419753,0.21485322740156526,True
1971-08-20,0.3577837043512748,0.214986057807786,True
1971-08-23,0.35300364534547146,0.2237414589529829,True
1971-08-24,0.3868630114636849,0.22560295781247094,True
1971-08-25,0.39358905187981613,0.2105359512264794,True
1971-08-26,0.3668315404722016,0.21109853416428984,True
1971-08-27,0.3773327001181812,0.20910429253221194,True
1971-08-30,0.3825434056570692,0.20792398429947015,True
1971-08-31,0.3929483543472649,0.20472584572622277,True
1971-09-01,0.3982099104716599,0.18259180113615336,True
1971-09-02,0.34247005478772397,0.17675835117879865,False
1971-09-03,0.3324172039656756,0.18126315955563163,True
1971-09-07,0.34703965220633143,0.18130372801990263,True
1971-09-08,0.35099537571424194,0.17482454895277208,False
1971-09-09,0.33488066743843287,0.17486206462342255,False
1971-09-10,0.3412948629039464,0.17147025093068516,False
1971-09-13,0.3201017530069755,0.16809674143765405,False
1971-09-14,0.3061875728918737,0.17066362385059608,False
1971-09-15,0.3175197113191443,0.11895019538033952,False
1971-09-16,0.20975971385323208,0.11912438035846129,False
1971-09-17,0.2459163291645961,0.11100983551031351,False
1971-09-20,0.2248134906147807,0.10552464378590885,False
1971-09-21,0.215236435618357,0.10603819509915988,False
1971-09-22,0.22082619235227902,0.09340941258036707,False
1971-09-23,0.1495801515099255,0.08876388548782664,False
1971-09-24,0.12935868087043037,0.08899384457905629,False
1971-09-27,0.12322245766855303,0.08647224987836324,False
1971-09-28,0.1231612570266956,0.0872077977680482,False
1971-09-29,0.12278034318737385,0.0842008587376608,False
1971-09-30,0.11375740778209265,0.08335285785902896,False
1971-10-01,0.1199594857592536,0.08420396498377132,False
1971-10-04,0.12807691964052442,0.0860986218069923,False
1971-10-05,0.12995343476248733,0.0722903593225325,False
1971-10-06,0.08286297089981566,0.07931098368781778,False
1971-10-07,0.09432791579055017,0.07885820382579765,False
1971-10-08,0.0904533339034054,0.08068772983060415,False
1971-10-11,0.09997912685931824,0.08104538612297464,False
1971-10-12,0.10778087736032219,0.07761853985113196,False
1971-10-13,0.09055567145750003,0.08113142585194878,False
1971-10-14,0.08731362857630505,0.08442716418823733,False
1971-10-15,0.10539169109427042,0.083893032358692,False
1971-10-18,0.1026143578006551,0.08252284972439841,False
1971-10-19,0.093164981443886,0.09275342988636014,False
1971-10-20,0.12023587038495262,0.1019482959632341,False
1971-10-21,0.14841815887411017,0.10038666926638816,False
1971-10-22,0.14211324757911956,0.10084569803141286,False
1971-10-25,0.1451873546946837,0.10046550580340372,False
1971-10-26,0.14718170980071815,0.10104212503149752,False
1971-10-27,0.14877185199819862,0.10530966230308379,False
1971-10-28,0.16165426693218687,0.1058234140736315,False
1971-10-29,0.15457508916407123,0.10976215925405859,False
1971-11-01,0.1665674480094584,0.11348591039631832,False
1971-11-02,0.19005193229508185,0.11031941048904749,False
1971-11-03,0.18349167625719268,0.12413997837484186,False
1971-11-04,0.2254206051074216,0.11515287947620424,False
1971-11-05,0.19888148266428424,0.11466821050137929,False
1971-11-08,0.19925267794143062,0.11456098146222153,False
1971-11-09,0.1989745287090775,0.11585996218288469,False
1971-11-10,0.1895604787573941,0.12618368826897114,True
1971-11-11,0.22106916496890133,0.13485401961175536,True
1971-11-12,0.24248231148844787,0.1347903859819427,False
1971-11-15,0.240484399031198,0.1352628515820838,False
1971-11-16,0.2385466655651347,0.13785466199398677,False
1971-11-17,0.2521371780624311,0.13425020941264623,False
1971-11-18,0.25619383469033935,0.12881504370707608,False
1971-11-19,0.23567617042070033,0.13284564822248324,False
1971-11-22,0.24339066655193303,0.134096927223428,False
1971-11-23,0.25106864539583607,0.13432870129607993,False
1971-11-24,0.24757381377628387,0.13439240014414575,False
1971-11-26,0.2420819955250451,0.15557454750950037,False
1971-11-29,0.3039660093637719,0.16539051741933455,False
1971-11-30,0.3290334216644772,0.16696424701190854,False
1971-12-01,0.32149502885109527,0.17815437802017314,True
1971-12-02,0.3381996618058146,0.17866578786260098,True
1971-12-03,0.3326804824877432,0.17657456325460494,False
1971-12-06,0.3254078481215004,0.17712990157148445,False
1971-12-07,0.32975202053189967,0.17733794964663396,False
1971-12-08,0.33238829078181376,0.17876152051644298,True
1971-12-09,0.3216632650871701,0.1788076528192041,True
1971-12-10,0.3200479780923738,0.16658339070966835,False
1971-12-13,0.29965347473418313,0.1464315626517096,False
1971-12-14,0.26793543949295634,0.15304835544853493,False
1971-12-15,0.2781062652478043,0.15249017858280012,False
1971-12-16,0.27477285962947073,0.154732359850241,False
1971-12-17,0.2690776582623489,0.15474074516310007,False
1971-12-20,0.2613681464252654,0.15397906365051833,False
1971-12-21,0.25047891631652647,0.14119748089587006,False
1971-12-22,0.21356330194516032,0.14293199888777955,False
1971-12-23,0.225987307386484,0.14775302663819076,False
1971-12-27,0.23902697140750365,0.14693646518521514,False
1971-12-28,0.23414627048247516,0.13519795849918614,False
1971-12-29,0.20343694532665463,0.13023855229722175,False
1971-12-30,0.19474812690462237,0.13064152665724418,False
1971-12-31,0.20120185128193926,0.1131963671781097,False
1972-01-03,0.15644169390303475,0.11362348152321791,False
1972-01-04,0.1444638093018486,0.12716739250383471,False
1972-01-05,0.16242143422673355,0.12451362755018423,False
1972-01-06,0.15408183827756927,0.12460603622668348,False
1972-01-07,0.1535658297572871,0.12520886215578358,False
1972-01-10,0.1651050085943858,0.12505155257619313,False
1972-01-11,0.1653307090807376,0.12322790059029617,False
1972-01-12,0.16551294649381498,0.12429970314627263,False
1972-01-13,0.16932390292461044,0.11990881024284775,False
1972-01-14,0.1793083129929203,0.11991025123515942,False
1972-01-17,0.17564729781523247,0.11834098019379315,False
1972-01-18,0.17703061180368843,0.11885425166677549,False
1972-01-19,0.18548394179046857,0.10899284188240911,False
1972-01-20,0.16121230899735003,0.11617024467515837,False
1972-01-21,0.16866068109200338,0.1069866309289817,False
1972-01-24,0.11022867359749153,0.10764877882813288,False
1972-01-25,0.10946601866791314,0.10753511674764012,False
1972-01-26,0.11147945494775313,0.10629645308050327,False
1972-01-27,0.10521981555264037,0.12542498614973288,False
1972-01-28,0.16212057293141924,0.12536403120079706,False
1972-01-31,0.17663843457207595,0.12570766600073827,False
1972-02-01,0.17781026514560858,0.12547482922395,False
1972-02-02,0.18562379688174233,0.10765271763385506,False
1972-02-03,0.15843807321987546,0.1083410246461192,False
1972-02-04,0.1575236945589814,0.10840333346198988,False
1972-02-07,0.1571661524901592,0.11036345877769113,False
1972-02-08,0.17037839655047077,0.10900738951508653,False
1972-02-09,0.17559332575238906,0.10902627989486396,False
1972-02-10,0.1696778855446184,0.1087100346518518,False
1972-02-11,0.16960393135037627,0.11199823343395446,False
1972-02-14,0.1574945862070785,0.11701210093435667,False
1972-02-15,0.17985071288842994,0.11373996818471149,False
1972-02-16,0.17479765168841246,0.11746234799105905,False
1972-02-17,0.19142476806711095,0.11779266914516855,False
1972-02-18,0.19647933334890763,0.11580690573870427,False
1972-02-22,0.2125411856939553,0.11612359124352385,False
1972-02-23,0.2056901845166453,0.10930378131752706,False
1972-02-24,0.17831784494851977,0.10979817004204691,False
1972-02-25,0.17172813722107189,0.11114901937765152,False
1972-02-28,0.17111595524855247,0.0859101371991164,False
1972-02-29,0.1138112970156187,0.08236604711012971,False
1972-03-01,0.09599226825477476,0.09395530418482939,False
1972-03-02,0.12001002291278384,0.09404938243424396,False
1972-03-03,0.1129946894168016,0.09348989384288901,False
1972-03-06,0.11683210437142133,0.093769016252629,False
1972-03-07,0.12373296381106673,0.09379744138426047,False
1972-03-08,0.12416016819126437,0.09147840013122903,False
1972-03-09,0.10720665218175074,0.0917419819403251,False
1972-03-10,0.10809361039473737,0.09593739030074715,False
1972-03-13,0.11784576915994008,0.11437264534947732,True
1972-03-14,0.17598754431413122,0.11105589837502464,False
1972-03-15,0.1743566234353731,0.10626176948858994,False
1972-03-16,0.15615641962379848,0.10649162643217099,False
1972-03-17,0.1579242629354672,0.09935437330703559,False
1972-03-20,0.13640592410220567,0.10282019804273644,False
1972-03-21,0.1446630444680097,0.10505609148488693,False
1972-03-22,0.1517936147451277,0.10377222709200105,False
1972-03-23,0.15596329095421158,0.1244177987418904,False
1972-03-24,0.18535452369138214,0.12439191187305616,False
1972-03-27,0.19778372030692815,0.12452359751795844,False
1972-03-28,0.2072035700212008,0.12353609000805471,False
1972-03-29,0.19988548544411688,0.12192526637347657,False
1972-03-30,0.19939866230111003,0.11465610674975564,False
1972-04-03,0.18264578869498066,0.11678964442103636,False
1972-04-04,0.18946651783865182,0.11878392377362028,False
1972-04-05,0.18152740227264916,0.12321515794613334,False
1972-04-06,0.19312754497810203,0.12371136117151287,False
1972-04-07,0.18785447815488646,0.12511199406553772,False
1972-04-10,0.1966561093229844,0.12508966450913178,False
1972-04-11,0.1981610491961175,0.13255415545154597,False
1972-04-12,0.2094914232286966,0.11718121162168225,False
1972-04-13,0.1602153126332895,0.11736000804923462,False
1972-04-14,0.15671013308899112,0.11754357198047247,False
1972-04-17,0.16071534945082155,0.11608109395927486,False
1972-04-18,0.15169628622638248,0.11719777814902607,False
1972-04-19,0.15813006047172898,0.11738481256540416,False
1972-04-20,0.1785034534330213,0.11054978615405986,False
1972-04-21,0.15342490544793969,0.11345597600076528,False
1972-04-24,0.16217820454127113,0.09781670199466502,False
1972-04-25,0.1344249973786262,0.11025701161239339,False
1972-04-26,0.15923549072556833,0.10920232385409281,False
1972-04-27,0.1570565340520462,0.1086044134305345,False
1972-04-28,0.16116486087718207,0.10929391095693895,False
1972-05-01,0.1640823630417878,0.11392008947882848,False
1972-05-02,0.1780010262644381,0.11529402057618861,False
1972-05-03,0.1702753899000211,0.11361754007984372,False
1972-05-04,0.16492336256248483,0.10751183685295145,False
1972-05-05,0.14507342297706788,0.1121291717248912,False
1972-05-08,0.1683810143755202,0.11301371670668299,False
1972-05-09,0.17903888019405242,0.11977238325327373,False
1972-05-10,0.21530911217518928,0.1121709922820428,False
1972-05-11,0.21327817893563683,0.10658823803616142,False
1972-05-12,0.20071150257431683,0.10929341892150189,False
1972-05-15,0.2084139425081424,0.10869669196152429,False
1972-05-16,0.2023591512524953,0.1089427500966517,False
1972-05-17,0.20260598967813304,0.10981119071843208,False
1972-05-18,0.2051949240064463,0.12242845532823213,False
1972-05-19,0.22781011614330088,0.12840448958386863,False
1972-05-22,0.24534983507786698,0.128282721446844,False
1972-05-23,0.2485334305574537,0.12550909154630024,False
1972-05-24,0.2388803474681595,0.11346085911478822,False
1972-05-25,0.1975190982757961,0.11357940912376738,False
1972-05-26,0.19604317291397103,0.114161090959928,False
1972-05-30,0.19374459956134057,0.11457586484059781,False
1972-05-31,0.17610609926010293,0.11625442386634482,False
1972-06-01,0.18168349816059381,0.11309619242807514,False
1972-06-02,0.18291422556673376,0.11280279686026165,False
1972-06-05,0.18637583909112848,0.11621943204386097,False
1972-06-06,0.13065153407312083,0.11732267440237416,False
1972-06-07,0.18282114164641025,0.11686388053323739,False
1972-06-08,0.1648553611133231,0.10760369650017376,False
1972-06-09,0.14587302155172308,0.10478597949765373,False
1972-06-12,0.13431940624073924,0.1048402073850365,False
1972-06-13,0.12782858630701838,0.10503501811569621,False
1972-06-14,0.15296151668313449,0.10949409137731797,False
1972-06-15,0.17982461973282132,0.10954425353234294,False
1972-06-16,0.17629082534225748,0.10941950738500876,False
1972-06-19,0.1730226472143693,0.0942958650047217,False
1972-06-20,0.1584249736180824,0.08563247402425435,False
1972-06-21,0.15578738462382877,0.08214357854221044,False
1972-06-22,0.13221201895121915,0.08147333037454314,False
1972-06-23,0.1317548649769898,0.0783496067310809,False
1972-06-26,0.13199963554716598,0.07958456721914121,False
1972-06-27,0.12901471657894223,0.07963965848699138,False
1972-06-28,0.13339546884006082,0.07953468655556296,False
1972-06-29,0.13060145531630085,0.07343946699080371,False
1972-06-30,0.11825362850125173,0.0750220192491292,False
1972-07-03,0.12152075878996699,0.08507781736752416,False
1972-07-05,0.15302965508670732,0.08666670083959481,False
1972-07-06,0.1712932470806758,0.09660612775536752,False
1972-07-07,0.22057802798796033,0.09297802889922954,False
1972-07-10,0.19501966561714015,0.0960278173520737,False
1972-07-11,0.20437024062457126,0.10116917472367708,False
1972-07-12,0.2113684511036496,0.10074053402984905,False
1972-07-13,0.20996918516009208,0.10136921766290176,False
1972-07-14,0.20934555193628485,0.09791549293974473,False
1972-07-17,0.19727095105651435,0.11084973268238878,False
1972-07-18,0.23115097400861284,0.11098315114679962,False
1972-07-19,0.22599596460837834,0.11289915006283148,False
1972-07-20,0.22520320088138926,0.11253876684413125,False
1972-07-21,0.20987151931625264,0.11672850836383299,False
1972-07-24,0.23322457471182306,0.12669362275042576,False
1972-07-25,0.24783415479765353,0.12652640153843733,False
1972-07-26,0.2276242790657366,0.1241720358731426,False
1972-07-27,0.217214877828438,0.12485623678284478,False
1972-07-28,0.19422800932431694,0.1238283751439751,False
1972-07-31,0.19638244738878685,0.1226409591415661,False
1972-08-01,0.19297508967612564,0.12500083033398482,False
1972-08-02,0.19988061197910373,0.12486157324717101,False
1972-08-03,0.20148664694041601,0.12346072456868123,False
1972-08-04,0.19361804461888515,0.11335432736054091,False
1972-08-07,0.15647169067361555,0.11324798923278127,False
1972-08-08,0.1609452936296052,0.11140840023626815,False
1972-08-09,0.15379255715125564,0.10461511442312335,False
1972-08-10,0.1315684001118549,0.1075172384948372,False
1972-08-11,0.14239858446899908,0.10782708214524739,False
1972-08-14,0.14672776672186713,0.10756189205815782,False
1972-08-15,0.14579714922179624,0.0942986434448169,False
1972-08-16,0.11045337746207891,0.09543709501235154,False
1972-08-17,0.11663029881820554,0.09510068560417563,False
1972-08-18,0.11869736956939318,0.09147614996382346,False
1972-08-21,0.10809305785572695,0.09184973902165787,False
1972-08-22,0.10862659325124228,0.08165844501600468,False
1972-08-23,0.0969280309616736,0.08900082624971634,False
1972-08-24,0.124640409094664,0.09967561047230696,False
1972-08-25,0.1599522298846331,0.09987312548380983,False
1972-08-28,0.18034659354575197,0.1053748032339633,False
1972-08-29,0.1984063380898616,0.1053423551632496,False
1972-08-30,0.2018297348914704,0.10378004660959027,False
1972-08-31,0.1879796550231778,0.09912157602861679,False
1972-09-01,0.17259639761988602,0.10075860825775182,False
1972-09-05,0.17803516421005927,0.10037123070413653,False
1972-09-06,0.18696711763097296,0.10135272785714007,False
1972-09-07,0.19366408177274308,0.10115648463099448,False
1972-09-08,0.19550663588572056,0.10151460327872172,False
1972-09-11,0.20547012261044392,0.09890901802268226,False
1972-09-12,0.1992977014709838,0.09262285035677877,False
1972-09-13,0.18280554920305503,0.08962877699647426,False
1972-09-14,0.16740948305333417,0.08861402033048793,False
1972-09-15,0.17018741211619487,0.08840012182021327,False
1972-09-18,0.16986269414097474,0.08853439267371586,False
1972-09-19,0.17408364986841932,0.08804580363928331,False
1972-09-20,0.16682408345944064,0.08808772056490631,False
1972-09-21,0.17065001540611224,0.08558004298386492,False
1972-09-22,0.16155861706837182,0.0832257898407261,False
1972-09-25,0.15430924014405126,0.07815423237121395,False
1972-09-26,0.1413912895476254,0.0801092439483278,False
1972-09-27,0.15095558492991318,0.10827613559949062,False
1972-09-28,0.24351136954704797,0.11094899410994788,False
1972-09-29,0.2416097759230564,0.1089542091949745,False
1972-10-02,0.23740156121108266,0.10963132852794509,False
1972-10-03,0.23574580059161246,0.10552990909434919,False
1972-10-04,0.2210667830223762,0.10526721121056662,False
1972-10-05,0.22245189847068564,0.12148744941278579,True
1972-10-06,0.2808113991512164,0.12537299258395757,False
1972-10-09,0.28644411312184237,0.12562342234114293,False
1972-10-10,0.28457524434404124,0.12276040208260564,False
1972-10-11,0.2701286711756931,0.11780318793736888,False
1972-10-12,0.25225293483848715,0.12005373595370503,False
1972-10-13,0.2601546387243521,0.12559834496797784,False
1972-10-16,0.28597747516106964,0.13046974851194637,False
1972-10-17,0.3051959121396593,0.1333153468730687,False
1972-10-18,0.3046812533476271,0.13447790289361305,False
1972-10-19,0.3104663593391072,0.1347881502503379,False
1972-10-20,0.3104412929208629,0.13821655570517496,False
1972-10-23,0.32747759868340337,0.14347591003403723,False
1972-10-24,0.33922893914735347,0.14284592994394443,False
1972-10-25,0.3321665040025817,0.1430579865614663,False
1972-10-26,0.3287496312290265,0.1239422158446644,False
1972-10-27,0.27915130337019,0.12246349900967479,False
1972-10-30,0.278780706076425,0.1225095486762822,False
1972-10-31,0.27621899540350814,0.13157756964899983,False
1972-11-01,0.29554592730635615,0.13603961333039347,False
1972-11-02,0.3226141159209795,0.13627468532722778,False
1972-11-03,0.30917165276522524,0.11644356552562082,False
1972-11-06,0.239751937008174,0.11543752105413764,False
1972-11-08,0.23157806018213326,0.12206072466183572,False
1972-11-09,0.2429161013201181,0.12226831729806685,False
1972-11-10,0.24239599960861524,0.12166614034040538,False
1972-11-13,0.22968787382271685,0.12026743687183984,False
1972-11-14,0.22182206770984086,0.10996438187754688,False
1972-11-15,0.1832077850940851,0.09961684508811426,False
1972-11-16,0.14052882812492395,0.09907038772384422,False
1972-11-17,0.1402545581381762,0.0990558773466789,False
1972-11-20,0.13631075164257506,0.09734632081594796,False
1972-11-21,0.13433025559806158,0.09803965381243826,False
1972-11-22,0.12389885782143344,0.09707938068761603,False
1972-11-24,0.11517192665752676,0.09592275457605451,False
1972-11-27,0.11139050999762956,0.09773348749262226,False
1972-11-28,0.12077408401275762,0.09922196824954127,False
1972-11-29,0.12814096557443405,0.09719321911370028,False
1972-11-30,0.12670735079118337,0.09729439790631324,False
1972-12-01,0.1292130014912896,0.08666377615549858,False
1972-12-04,0.10956060971210407,0.0805146112039483,False
1972-12-05,0.08849494160582322,0.08090200299096811,False
1972-12-06,0.09328919292712326,0.07814494820297944,False
1972-12-07,0.08753471719283541,0.07911272208187671,False
1972-12-08,0.10065622620987942,0.07135051161989336,False
1972-12-11,0.071270723108183,0.0713871335522137,False
1972-12-12,0.0725770939518834,0.07146626989159109,False
1972-12-13,0.07223075689621662,0.07159000159383523,False
1972-12-14,0.0697586629875756,0.0736891434946748,False
1972-12-15,0.07934833213103443,0.0730201876110098,False
1972-12-18,0.08218245918724601,0.08157585767121851,False
1972-12-19,0.1145488664816255,0.08081814891800446,False
1972-12-20,0.11558166862557906,0.08113225066788976,False
1972-12-21,0.11700195275755193,0.0776900326384757,False
1972-12-22,0.13740099132049613,0.07391641446069055,False
1972-12-26,0.1414217686032369,0.07312549102475056,False
1972-12-27,0.14034307868582288,0.07287507255021095,False
1972-12-29,0.13655543775477613,0.08150797649180323,False
1973-01-02,0.17668393758595077,0.08332499430819634,False
1973-01-03,0.16980812742327078,0.08962869417204071,False
1973-01-04,0.188818699721688,0.0876306764815239,False
1973-01-05,0.17760255921412965,0.08693705257540446,False
1973-01-08,0.17104336840568898,0.08686485982146161,False
1973-01-09,0.16929178446642063,0.08434404830533117,False
1973-01-10,0.16852939121254137,0.08267580541834965,False
1973-01-11,0.15556562701193155,0.08483065291729133,False
1973-01-12,0.16878342783559083,0.08643379674550697,False
1973-01-15,0.16381367263283209,0.10167885589642738,False
1973-01-16,0.2046920718854645,0.10088255574812381,False
1973-01-17,0.2066526130573906,0.10214191656828726,False
1973-01-18,0.20939315431176642,0.10246962846822112,False
1973-01-19,0.21160268503761412,0.09812831305485838,False
1973-01-22,0.1899931338803552,0.09788280983399884,False
1973-01-23,0.18696864256914691,0.0979801946073582,False
1973-01-24,0.17958346819259885,0.10795116700863436,False
1973-01-26,0.21477900423620855,0.10661635632508569,False
1973-01-29,0.19908177330106896,0.10719052275301168,False
1973-01-30,0.19399785829007601,0.10704779702420518,False
1973-01-31,0.1946578389060109,0.09968964166782361,False
1973-02-01,0.16073822498992982,0.1000446385900368,False
1973-02-02,0.15509343294699818,0.08922225091744244,False
1973-02-05,0.12652732868121944,0.09011523271738886,False
1973-02-06,0.12743227098872956,0.09356994538508981,False
1973-02-07,0.13130183696765643,0.0942558021133768,False
1973-02-08,0.12890146437720437,0.09458686876126776,False
1973-02-09,0.13353665036141382,0.11448512978765482,False
1973-02-12,0.18884883497102933,0.1194470028378384,False
1973-02-13,0.20343710281222233,0.12340627492681053,False
1973-02-14,0.20490462205306453,0.1220598465940685,False
1973-02-15,0.21579671856611582,0.12211461641349182,False
1973-02-16,0.21780110643971523,0.12060581244080587,False
1973-02-20,0.2165259168912465,0.12072924029781913,False
1973-02-21,0.21827129025333236,0.12555224364283676,False
1973-02-22,0.2330782074697516,0.12579644236508528,False
1973-02-23,0.23884093161917316,0.1264099185578593,False
1973-02-26,0.2289991511589931,0.12133097765776986,False
1973-02-27,0.1748467610659657,0.12457913584137348,False
1973-02-28,0.1842412211409964,0.12637108272396483,False
1973-03-01,0.19438429367714957,0.1266747038185918,False
1973-03-02,0.18319233970645388,0.1290386435785965,False
1973-03-05,0.17520141261186503,0.12616623791997272,False
1973-03-06,0.17225622890762032,0.14250726619254192,False
1973-03-07,0.26236786992912337,0.14488171581590267,False
1973-03-08,0.26994240403015834,0.1452854967160201,False
1973-03-09,0.26776603905643925,0.14512485538332856,False
1973-03-12,0.26316452926921247,0.14528920980802543,False
1973-03-13,0.26394465331410777,0.1354644982705684,False
1973-03-14,0.25801054032490767,0.13005906908079984,False
1973-03-15,0.24144484841774047,0.12865660597987535,False
1973-03-16,0.2665887096547286,0.12192122813218462,False
1973-03-19,0.24103021948928108,0.12659364934329392,False
1973-03-20,0.25917242743060537,0.12558302964215415,False
1973-03-21,0.2511862446474319,0.12825039305126473,False
1973-03-22,0.25566860879932496,0.13455355360887927,True
1973-03-23,0.2857982571663279,0.13660270665615404,False
1973-03-26,0.2870383303932648,0.1364688857186921,False
1973-03-27,0.27847245715231944,0.1432597438056768,False
1973-03-28,0.2964219026162642,0.1386705047169114,False
1973-03-29,0.2914974420871478,0.13888202228966479,False
1973-03-30,0.29546223088636175,0.14127974305845256,False
1973-04-02,0.30304812941041004,0.14944793513536161,True
1973-04-03,0.3242106857095967,0.15107664485505243,False
1973-04-04,0.33863139512166135,0.13217187604585093,False
1973-04-05,0.28803779997744233,0.12297259979703526,False
1973-04-06,0.2621960953115753,0.1321712493069782,False
1973-04-09,0.2847872962870814,0.13725424629811825,False
1973-04-10,0.30054562832666554,0.14627047452547615,False
1973-04-11,0.3286810686701983,0.14375760003707364,False
1973-04-12,0.31292009694379436,0.14338644446005688,False
1973-04-13,0.30663678651783743,0.14213377123636411,False
1973-04-16,0.30059408203584226,0.14042379633401364,False
1973-04-17,0.2947570402250464,0.1372747023418155,False
1973-04-18,0.2824795725779799,0.13920892625731404,False
1973-04-19,0.28887085484475367,0.13570103916709247,False
1973-04-23,0.282436247988714,0.12392197971970113,False
1973-04-24,0.2493753157428234,0.1335178175484726,False
1973-04-25,0.2688994821819614,0.14430703259995473,True
1973-04-26,0.3084719068949672,0.13640782031971757,False
1973-04-27,0.2743521425321707,0.14358850826910366,False
1973-04-30,0.2930961449746313,0.1408702570528536,False
1973-05-01,0.2821391526231361,0.13939668120135715,False
1973-05-02,0.2715729152149686,0.1375142137465505,False
1973-05-03,0.26254627705698297,0.14261785784038153,False
1973-05-04,0.24992960244596277,0.1445386439255487,False
1973-05-07,0.2543043935110243,0.14638369995203224,False
1973-05-08,0.2686376210958875,0.14518883652529652,False
1973-05-09,0.2540829397120924,0.1430900961062592,False
1973-05-10,0.24018905771188132,0.1375333826211351,False
1973-05-11,0.20065608959454348,0.13909232334215507,False
1973-05-14,0.19998382303224493,0.15600515885825683,True
1973-05-15,0.2638985330908281,0.15864766265434013,False
1973-05-16,0.25875071248230486,0.15858772448172664,False
1973-05-17,0.25475735724170606,0.1584025437517895,False
1973-05-18,0.25381393386889,0.1675431811315207,True
1973-05-21,0.2724761734192533,0.16766899667477622,False
1973-05-22,0.2686959196883675,0.17647693979526236,False
1973-05-23,0.28081661006540903,0.17673160861731976,False
1973-05-24,0.29210783296826587,0.2079482503731232,True
1973-05-25,0.3515296935428624,0.2080690514634904,True
1973-05-29,0.3663210761364069,0.2027338503522993,True
1973-05-30,0.3537717604343517,0.20953185502368915,True
1973-05-31,0.37035208306643996,0.21112993830681773,True
1973-06-01,0.3730601715793031,0.20769886209574756,True
1973-06-04,0.37578029684692077,0.2056755907182836,True
1973-06-05,0.3820503133967752,0.21101034752405398,True
1973-06-06,0.38678186021567135,0.21143509024439533,True
1973-06-07,0.3853442078832049,0.21646562480240955,True
1973-06-08,0.4089082003269283,0.22102769524426277,True
1973-06-11,0.4243933270682373,0.21971339337174162,True
1973-06-12,0.426443602645595,0.22604407668536258,True
1973-06-13,0.4355518866103628,0.2125893657571946,True
1973-06-14,0.39648326634486725,0.21590288826494264,True
1973-06-15,0.40707017424841757,0.22397010856356322,True
1973-06-18,0.43090754839384726,0.2286380794009689,True
1973-06-19,0.4374298273648351,0.2180149488889663,True
1973-06-20,0.4234760924964412,0.21236504683838725,True
1973-06-21,0.41885416494605715,0.21197723050300876,True
1973-06-22,0.42922786256329726,0.2125053916288667,True
1973-06-25,0.4220659907962435,0.18053438871735125,True
1973-06-26,0.3503263169013934,0.18809588860676693,True
1973-06-27,0.3587349381035596,0.1896474024625949,True
1973-06-28,0.3648947163338516,0.1870759759779554,True
1973-06-29,0.3568391005401304,0.18569252026966987,True
1973-07-02,0.3544490455168006,0.18520302671592467,True
1973-07-03,0.35394044694808746,0.18157829165195516,True
1973-07-05,0.3418735725663659,0.17350523958825764,False
1973-07-06,0.32863100844979903,0.1720004313532282,False
1973-07-09,0.33092661542043494,0.16469501559456967,False
1973-07-10,0.30090819194483875,0.16703443743344243,False
1973-07-11,0.3003406874601844,0.1907693477408446,True
1973-07-12,0.3528228654740377,0.18249682307811618,True
1973-07-13,0.3304803679951865,0.18417934028455393,True
1973-07-16,0.33426550640629193,0.18864509806237667,True
1973-07-17,0.3529029237018563,0.1775433187097164,False
1973-07-18,0.315096852651962,0.16788066656129103,False
1973-07-19,0.29238922325295047,0.16836565783028803,False
1973-07-20,0.2894522387479115,0.16818703393907478,False
1973-07-23,0.28412394038619243,0.1594254568763848,False
1973-07-24,0.2588985995921155,0.15861295598836747,False
1973-07-25,0.2622529209478671,0.14413998395125044,False
1973-07-26,0.23717373220641788,0.14104399615099997,False
1973-07-27,0.2300368039179568,0.14122810891284582,False
1973-07-30,0.2280287744047362,0.14244679866902635,False
1973-07-31,0.23229033100828944,0.1453151479715957,False
1973-08-01,0.24142241054726482,0.15754969687280165,True
1973-08-02,0.26856007278823196,0.1500133742201006,False
1973-08-03,0.2440600369183628,0.14905562605014558,False
1973-08-06,0.24566091203565768,0.14695912843287837,False
1973-08-07,0.23051127895893245,0.1484169618700397,False
1973-08-08,0.23821956604252387,0.148506428599832,False
1973-08-09,0.2467134230326613,0.12339226998392076,False
1973-08-10,0.18159383469062132,0.12522912509950188,False
1973-08-13,0.19021819632898385,0.125060993715409,False
1973-08-14,0.19698676304345317,0.12099134228342129,False
1973-08-15,0.17628849790422124,0.12016519857052994,False
1973-08-16,0.1830445432181627,0.11907328137382002,False
1973-08-17,0.17938419099163008,0.11586711149242747,False
1973-08-20,0.17314227824941417,0.11506275841811345,False
1973-08-21,0.174272974022921,0.11515567302703295,False
1973-08-22,0.17659391418588852,0.10875758777439623,False
1973-08-23,0.15750925730343238,0.08861333605083713,False
1973-08-24,0.11641555326032976,0.09133863844382069,False
1973-08-27,0.11426553633068348,0.09996051873335432,False
1973-08-28,0.1486880001158654,0.10788741368071268,False
1973-08-29,0.17495059530188894,0.11677989279296914,False
1973-08-30,0.19458519020167164,0.10330493297110592,False
1973-08-31,0.151513508113137,0.10576463938643459,False
1973-09-04,0.15727077747096432,0.10634701419246126,False
1973-09-05,0.15309840457764343,0.10480604649653007,False
1973-09-06,0.14501365995330145,0.10531800382810813,False
1973-09-07,0.14862628969971145,0.10332082998121699,False
1973-09-10,0.13730461005440298,0.10375196284795422,False
1973-09-11,0.136092178652888,0.1024189685861552,False
1973-09-12,0.12455621057463025,0.09971201907001206,False
1973-09-13,0.11385889195989965,0.08985614622243633,False
1973-09-14,0.09110538061769265,0.09311767565929412,False
1973-09-17,0.10017389535648778,0.08935262191241951,False
1973-09-18,0.08936584147222702,0.09047999847451407,False
1973-09-19,0.0945504957229231,0.09418739473959412,False
1973-09-20,0.09639356716926566,0.0868895886860006,False
1973-09-21,0.07764641141970176,0.08129504040192051,False
1973-09-24,0.06487968841473864,0.08241614389383717,False
1973-09-25,0.06912401943009493,0.08240439626300759,False
1973-09-26,0.06808358709691008,0.08004505433139512,False
1973-09-27,0.06272041589249451,0.07859923592608915,False
1973-09-28,0.05696781989761416,0.07610903265139869,False
1973-10-01,0.05231480430313952,0.08027291079809433,False
1973-10-02,0.0576039347030118,0.08231224343241274,False
1973-10-03,0.06331302000548412,0.0824063074571179,False
1973-10-04,0.06143749184925641,0.08301837085750326,False
1973-10-05,0.06303777176622588,0.09182287614437455,False
1973-10-08,0.07585189035512518,0.08784518218767418,False
1973-10-09,0.07383457279460838,0.08735930851328279,False
1973-10-10,0.06937084692639271,0.09674492432063088,False
1973-10-11,0.08950222376500509,0.10986612448871676,False
1973-10-12,0.1191896267365742,0.10959318487083791,False
1973-10-15,0.1204923661613092,0.12201947569902197,False
1973-10-16,0.13601670777835692,0.12178341124360327,False
1973-10-17,0.1360851372382379,0.12008032049366645,False
1973-10-18,0.13062813284438815,0.11529620495313847,False
1973-10-19,0.12321969158116919,0.1152360378367322,False
1973-10-22,0.1287056935677542,0.12157482847996096,False
1973-10-23,0.15054861599043173,0.12115705862079415,False
1973-10-24,0.150520812451057,0.12093043647245579,False
1973-10-25,0.15486569771660744,0.12166313926453258,False
1973-10-26,0.15999480426131574,0.12373810553044351,False
1973-10-29,0.17122324698047411,0.123025639558879,False
1973-10-30,0.16950279325755954,0.13737628497702084,True
1973-10-31,0.21952067354556162,0.14268380732722974,False
1973-11-01,0.23402891575638846,0.1432702501126154,False
1973-11-02,0.24000141397120636,0.14556146504305195,False
1973-11-05,0.24182168627755335,0.14840564813777316,True
1973-11-06,0.25075688944329394,0.14640232784104618,False
1973-11-07,0.24506414108205352,0.15264956081029254,False
1973-11-08,0.25939544964615685,0.15528014737377197,False
1973-11-09,0.26394319755103973,0.14317591625199239,False
1973-11-12,0.23674833053264863,0.1449397064506214,False
1973-11-13,0.23374816726404832,0.1418500297004497,False
1973-11-14,0.22354289279998796,0.14539465674824165,False
1973-11-15,0.2337638093651051,0.14500618584888258,False
1973-11-16,0.22342694408994662,0.15828322683992696,False
1973-11-19,0.24167230963977818,0.18264384602278694,True
1973-11-20,0.30049433520531604,0.18917547297206977,True
1973-11-21,0.30306120274758147,0.1984747282493806,True
1973-11-23,0.30781131561549846,0.19834348038577498,True
1973-11-26,0.3053047145845717,0.20654098895083553,True
1973-11-27,0.3127737825607961,0.19919428934780523,True
1973-11-28,0.2920368733134286,0.20918322592473562,True
1973-11-29,0.28832012700182846,0.2053322684339353,True
1973-11-30,0.2785729876492618,0.21244750696403972,True
1973-12-03,0.28519675319272036,0.22546414532158765,True
1973-12-04,0.312605899374819,0.22560571895811554,True
1973-12-05,0.2959015979069539,0.22361854777127724,True
1973-12-06,0.2867719170735815,0.2746463848971602,True
1973-12-07,0.354264942190547,0.2904887587311123,True
1973-12-10,0.3787332131153417,0.28823424333607794,True
1973-12-11,0.3720338021179458,0.295536704036924,True
1973-12-12,0.37917833498296405,0.3090414041699495,True
1973-12-13,0.39617271878426685,0.31157524690395877,True
1973-12-14,0.4035802314713083,0.3160012339279747,True
1973-12-17,0.4062648119444144,0.3153152400087618,True
1973-12-18,0.40408711080958654,0.3272065148456477,True
1973-12-19,0.4098954972792794,0.31454489909707845,True
1973-12-20,0.3841116427499627,0.31063146141767556,True
1973-12-21,0.3799740892916218,0.3020558716406788,True
1973-12-24,0.3756060020229143,0.30236162650664156,True
1973-12-26,0.37500208479845304,0.3191969760356029,True
1973-12-27,0.41391278535357656,0.3251089850716874,True
1973-12-28,0.42102087388685444,0.3208480557860788,True
1973-12-31,0.4249842963290247,0.3200936074520346,True
1974-01-02,0.42517405003773284,0.3111614276437699,True
1974-01-03,0.41725787966652067,0.30250622048741144,True
1974-01-04,0.4000631524710427,0.3014851894767177,True
1974-01-07,0.4021340987615195,0.30118273152298,True
1974-01-08,0.40042484859950234,0.28341565006139974,True
1974-01-09,0.3878888507749464,0.27959572769431235,True
1974-01-10,0.37852723759351453,0.2793334342747419,True
1974-01-11,0.37937640938275496,0.27480246059700153,True
1974-01-14,0.36639006765176885,0.25352460444498137,True
1974-01-15,0.3351290479391501,0.24618438624298347,True
1974-01-16,0.3251463781517979,0.2506941928420444,True
1974-01-17,0.34226145293968063,0.26228741675545647,True
1974-01-18,0.35316321037203335,0.2533541161424029,True
1974-01-21,0.36006304207472534,0.2531340234387803,True
1974-01-22,0.3606607876953786,0.2525114763014951,True
1974-01-23,0.36455954221163805,0.2511851141188292,True
1974-01-24,0.36351150583382097,0.24714737933270808,True
1974-01-25,0.35464237204342397,0.22240133107204285,True
1974-01-28,0.30607492746523907,0.21571894165634006,True
1974-01-29,0.29539677641572326,0.21600135746927365,True
1974-01-30,0.2969197915211414,0.22497678806699553,True
1974-01-31,0.3144250527321346,0.22526104218371085,True
1974-02-01,0.3155029417514518,0.21329937685492084,True
1974-02-04,0.29816736567317625,0.2259651936233713,True
1974-02-05,0.34722874687008476,0.22342546777125713,True
1974-02-06,0.3536925614435011,0.21005367081704307,True
1974-02-07,0.3351948375278671,0.18904163102342703,True
1974-02-08,0.293043741262813,0.18258811900165928,True
1974-02-11,0.2833863632012229,0.19239466070292185,True
1974-02-12,0.3232587298725902,0.19212261639903913,True
1974-02-13,0.31867795726934456,0.19172117293303342,True
1974-02-14,0.3184693087840953,0.18070115288381908,True
1974-02-15,0.28892936355466403,0.1649764417727282,True
1974-02-19,0.273419388104733,0.157412438472458,True
1974-02-20,0.24382613831613797,0.1653504365523292,True
1974-02-21,0.26915283956738245,0.16731830562979635,True
1974-02-22,0.28240483164376834,0.16838470113594775,True
1974-02-25,0.2877320527388242,0.16757937950046842,True
1974-02-26,0.30491087150298873,0.16996906942381343,False
1974-02-27,0.31063755415320304,0.17138297114527767,False
1974-02-28,0.31958676191558644,0.1707562863373973,False
1974-03-01,0.3212045802942855,0.16172906196788206,False
1974-03-04,0.2966036974910423,0.1614462562665948,False
1974-03-05,0.29556871436634313,0.17401230560515588,False
1974-03-06,0.31459498412963194,0.15037348898483624,False
1974-03-07,0.24701140143773356,0.1548063382988335,False
1974-03-08,0.25895962664779787,0.155875582417267,False
1974-03-11,0.26292059184133076,0.16091789205829776,False
1974-03-12,0.27459881729402646,0.1579493594796899,False
1974-03-13,0.26280528135008063,0.13040580778822677,False
1974-03-14,0.19365377024788402,0.13023150668658262,False
1974-03-15,0.19410208923623698,0.1303516647692817,False
1974-03-18,0.19448590787803627,0.1440487761420885,False
1974-03-19,0.23268196662162094,0.14727930423273103,False
1974-03-20,0.24842417727264265,0.14758928722015677,False
1974-03-21,0.2572184254328349,0.1435846727234114,False
1974-03-22,0.2562661649192629,0.14214980250452594,False
1974-03-25,0.2524468849207114,0.141119172949792,False
1974-03-26,0.2552376712898286,0.14040101799618784,False
1974-03-27,0.2520301237038984,0.1444654329380237,False
1974-03-28,0.2714507125087298,0.17385826262506834,True
1974-03-29,0.36225488111869486,0.1756134846129832,True
1974-04-01,0.36136316810605235,0.1750237029015137,True
1974-04-02,0.3608316842334581,0.17447156788944018,True
1974-04-03,0.3638586014833949,0.15605894274376808,True
1974-04-04,0.31288953120657037,0.14959129972411175,True
1974-04-05,0.302343966011276,0.14982942104882013,True
1974-04-08,0.3055810606182796,0.14878566944651628,True
1974-04-09,0.3084877984827298,0.1472705463388039,True
1974-04-10,0.2982576976934741,0.14271124749117814,True
1974-04-11,0.29150096047129853,0.13753919916801122,True
1974-04-15,0.2928826211958262,0.13713803948137393,True
1974-04-16,0.3009917639240435,0.1627120582455202,False
1974-04-17,0.3765145784883938,0.16110616546609186,False
1974-04-18,0.3756061824542429,0.16112583847826062,False
1974-04-19,0.3714285165428974,0.16540861700698076,True
1974-04-22,0.3824580495916108,0.16567287134278835,True
1974-04-23,0.39100089044277986,0.1768933973819354,True
1974-04-24,0.4243167474062459,0.180568241174257,True
1974-04-25,0.4321000453040847,0.1818322923435919,True
1974-04-26,0.42516022229491557,0.1862315954811387,True
1974-04-29,0.4372772205109152,0.16326466998505126,True
1974-04-30,0.3712026495658241,0.16386632421365452,True
1974-05-01,0.37052381822889524,0.17914029008919696,True
1974-05-02,0.4103419810240746,0.17895437860760816,True
1974-05-03,0.4024124156884148,0.17957139132146605,True
1974-05-06,0.41695881035634125,0.17970287218226136,True
1974-05-07,0.40605217634719387,0.17802941515341575,True
1974-05-08,0.385834258205972,0.17235895324471423,True
1974-05-09,0.3611650062895568,0.17775669298739447,False
1974-05-10,0.38391964203542656,0.18834600614244565,True
1974-05-13,0.39355200883798536,0.19074005806208938,True
1974-05-14,0.39052734646620785,0.19071749248093645,True
1974-05-15,0.38342630468065625,0.17509124950878674,True
1974-05-16,0.33865203446498265,0.1764087325128059,True
1974-05-17,0.3382167815804248,0.17948287988511202,True
1974-05-20,0.344643398704188,0.1758941939127758,True
1974-05-21,0.32712394154331065,0.17613857581593992,True
1974-05-22,0.31775635358112414,0.1667657901465311,True
1974-05-23,0.2936756044387911,0.15914500046619803,True
1974-05-24,0.2793525048620178,0.15945762363706587,True
1974-05-28,0.27536507198485527,0.1568423699254562,True
1974-05-29,0.2692812061373556,0.16465055269876416,True
1974-05-30,0.28478791995345953,0.16464168584059702,True
1974-05-31,0.28510760034268867,0.14578559646602532,True
1974-06-03,0.23873941393452888,0.1598142911225903,True
1974-06-04,0.27950492363812796,0.1668263485058898,True
1974-06-05,0.2837879262686015,0.16774875827152957,True
1974-06-06,0.28579808787752875,0.1776784675366347,False
1974-06-07,0.3046212970666437,0.17883560667713272,True
1974-06-10,0.3134841239708221,0.1689654428495543,False
1974-06-11,0.2803389936481761,0.16212858917878353,False
1974-06-12,0.2711705785236126,0.15860692323096448,False
1974-06-13,0.25958315449314207,0.15934119115487788,False
1974-06-14,0.26416638344630017,0.16397211566314093,False
1974-06-17,0.2720273617052038,0.1656343003913327,False
1974-06-18,0.2817073463674935,0.15728210474670182,False
1974-06-19,0.2572951290965679,0.16084121941694507,True
1974-06-20,0.2680328859195576,0.16342269992030706,True
1974-06-21,0.2796157030450317,0.16234010063538737,True
1974-06-24,0.27451315132565424,0.1622854153205531,True
1974-06-25,0.2662036050435311,0.1627263283508531,True
1974-06-26,0.27086595267532537,0.17883393271867418,True
1974-06-27,0.30607474269660107,0.185495171766717,True
1974-06-28,0.3278816273017887,0.18446588917862303,True
1974-07-01,0.330724142266337,0.1846389518402771,True
1974-07-02,0.32890527678519266,0.18861606023397137,True
1974-07-03,0.3301548943950283,0.1747437944653929,True
1974-07-05,0.30196063315873894,0.17224284215165497,True
1974-07-08,0.29433354396313105,0.17988690900029675,True
1974-07-09,0.28726483376510514,0.17580801311895353,True
1974-07-10,0.26433331598871285,0.17384177101691442,True
1974-07-11,0.2543751220356438,0.17564802048911934,True
1974-07-12,0.2567339484659321,0.24693943596428336,True
1974-07-15,0.394968747065994,0.25400668334684395,True
1974-07-16,0.40867429838417213,0.2538628282797382,True
1974-07-17,0.40539514577721114,0.2591240086465098,True
1974-07-18,0.41768967505352145,0.25977352439580087,True
1974-07-19,0.4086001516306886,0.2595448288619088,True
1974-07-22,0.4105260941123238,0.25953285880435745,True
1974-07-23,0.4005101741797384,0.2615754459247269,True
1974-07-24,0.40689211056773467,0.2615631535052947,True
1974-07-25,0.3960989828485046,0.25718113774511436,True
1974-07-26,0.3866447767228944,0.26185481578738234,True
1974-07-29,0.39618277929361884,0.26280356085214246,True
1974-07-30,0.3995101188102105,0.2627921112380975,True
1974-07-31,0.39907277669251523,0.2650153519837785,True
1974-08-01,0.4005895646173408,0.2562317393755503,True
1974-08-02,0.38668963616264773,0.25601999257038255,True
1974-08-05,0.38415239420580455,0.2589678523374047,True
1974-08-06,0.3832394705955764,0.2422576119142507,True
1974-08-07,0.3786615696488187,0.258532463039835,True
1974-08-08,0.41034520750775383,0.25988828227447575,True
1974-08-09,0.4129198440450951,0.26016938207083545,True
1974-08-12,0.41639420880891426,0.2150205587442912,True
1974-08-13,0.34360732649202297,0.2178890692705133,True
1974-08-14,0.3536689134974705,0.22845208213217194,True
1974-08-15,0.36651920232870216,0.22145292583735698,True
1974-08-16,0.34996671859440637,0.22021325992197455,True
1974-08-19,0.354613128405942,0.21935427630392787,True
1974-08-20,0.35196803975687163,0.22283112475118216,True
1974-08-21,0.35683750592186175,0.21916053970408267,True
1974-08-22,0.3351606339408877,0.22081585599300255,True
1974-08-23,0.3391836411038766,0.22333244512606729,True
1974-08-26,0.34341068142901887,0.224149815922957,True
1974-08-27,0.33537697180328896,0.22047712184022406,True
1974-08-28,0.3358452478385719,0.22062125149819353,True
1974-08-29,0.3216701698342688,0.2192894719916867,True
1974-08-30,0.3169755821939316,0.24325904731105805,True
1974-09-03,0.3578048449216056,0.24693367554496778,True
1974-09-04,0.3480032133963473,0.25837516017348927,True
1974-09-05,0.3652607523647203,0.2799765439366146,True
1974-09-06,0.3904487689354172,0.26075742011961495,True
1974-09-09,0.3527338655824784,0.2666845507445867,True
1974-09-10,0.3610646462430632,0.2665527135886338,True
1974-09-11,0.3579177931794526,0.2653877192574609,True
1974-09-12,0.355325772444829,0.2668768681780522,True
1974-09-13,0.34937761713130683,0.2771273971268376,True
1974-09-16,0.3667348182089629,0.28170857703281516,True
1974-09-17,0.3573318711570211,0.29636160606634687,True
1974-09-18,0.37145348663788397,0.299239839761616,True
1974-09-19,0.37796636606444944,0.33578771437214805,True
1974-09-20,0.4306588776458159,0.3348531157169223,True
1974-09-23,0.4174820556568897,0.33212761478216996,True
1974-09-24,0.41493519242700816,0.330502763109742,True
1974-09-25,0.41013338794019205,0.3267808125757466,True
1974-09-26,0.4099823636515446,0.3277544898110493,True
1974-09-27,0.4159280886583449,0.3388862087392131,True
1974-09-30,0.4305902145990123,0.34979398994742983,True
1974-10-01,0.4426356370711692,0.33233966262139664,True
1974-10-02,0.4169899276900093,0.3305260887062751,True
1974-10-03,0.42474393363341145,0.3219671749937086,True
1974-10-04,0.41287204384665094,0.2909696320623392,True
1974-10-07,0.35493600518034524,0.3422548465719353,True
1974-10-08,0.4390900161496366,0.33235391504685735,True
1974-10-09,0.41972661319498183,0.37685855413127645,True
1974-10-10,0.45996866934857744,0.4068927796879436,True
1974-10-11,0.48733291119529565,0.40867007122137705,True
1974-10-14,0.4672412816642333,0.38909167035880105,True
1974-10-15,0.44842106160563105,0.3972234485733339,True
1974-10-16,0.4753711829132857,0.3982970743972908,True
1974-10-17,0.47754906515958606,0.39853374950797377,True
1974-10-18,0.4740937141864135,0.3807123567430268,True
1974-10-21,0.43473130979878194,0.3835517511162943,True
1974-10-22,0.44443647202338216,0.38109850411406093,True
1974-10-23,0.4363731740009824,0.39543374717276525,True
1974-10-24,0.45968207910484554,0.3951095066695848,True
1974-10-25,0.4625813828575872,0.3880612797923837,True
1974-10-28,0.4505149884451697,0.36995791817257606,True
1974-10-29,0.44561947501434346,0.3572339231380594,True
1974-10-30,0.435716816404056,0.35688350183136175,True
1974-10-31,0.44424478693410363,0.3539622321208199,True
1974-11-01,0.4304332395025686,0.33927842315194573,True
1974-11-04,0.40828465308974915,0.3488274606774329,True
1974-11-05,0.4285449650074666,0.3348497219376811,True
1974-11-06,0.4043482648135566,0.3342959389277874,True
1974-11-07,0.400917554292992,0.3048416794906493,True
1974-11-08,0.3628766190359956,0.27754284099417137,True
1974-11-11,0.3075740677646205,0.25933234037934133,True
1974-11-12,0.29952307805901746,0.2681780397299081,True
1974-11-13,0.3135924851147799,0.26246959475933807,True
1974-11-14,0.3018580871930407,0.25844606805822534,True
1974-11-15,0.2976146599625604,0.2710739934434876,True
1974-11-18,0.31670192001268077,0.2974069152062538,True
1974-11-19,0.37833441878610646,0.29080979678949465,True
1974-11-20,0.3818427228412092,0.29092088336241806,True
1974-11-21,0.3931360778443197,0.27718242122732684,True
1974-11-22,0.3660680287411293,0.27963793449777236,True
1974-11-25,0.3691253650355294,0.27926791134304485,True
1974-11-26,0.3684249114680059,0.2827977279667286,True
1974-11-27,0.36736809770297774,0.2589279761709193,True
1974-11-29,0.3431510676608645,0.25142239218033574,True
1974-12-02,0.33846799359884094,0.27743143907780216,True
1974-12-03,0.40590019774047553,0.282894286560183,True
1974-12-04,0.4132965429979007,0.28139187883633554,True
1974-12-05,0.4214393298900332,0.2522580952322675,True
1974-12-06,0.3786886034712995,0.25543507478029104,True
1974-12-09,0.39245227934268917,0.2519505249665026,True
1974-12-10,0.37457798400421527,0.28478637921661387,True
1974-12-11,0.44619051486989714,0.28767807239654664,True
1974-12-12,0.45178476273843693,0.27863172158789895,True
1974-12-13,0.4299745468207655,0.2792510178561211,True
1974-12-16,0.424624293010468,0.280194966458605,True
1974-12-17,0.4290675126417054,0.28077664177309525,True
1974-12-18,0.4378627647066694,0.24903981172473397,True
1974-12-19,0.3754793668984038,0.24871512099583298,True
1974-12-20,0.3753062534061014,0.25294729379716097,True
1974-12-23,0.37690002236097475,0.2478917917101619,True
1974-12-24,0.3782255187451605,0.24835060751886576,True
1974-12-26,0.3784944059202726,0.24971747428961855,True
1974-12-27,0.3786061461201939,0.24403512654910342,True
1974-12-30,0.3718787694437923,0.24260374945209662,True
1974-12-31,0.3668519925425712,0.26764074504402663,True
1975-01-02,0.41528591183464647,0.24353315923005764,True
1975-01-03,0.3603898081638875,0.23352631167671942,True
1975-01-06,0.3331822897505047,0.23742535273607543,True
1975-01-07,0.32356978856440116,0.22572524332822103,True
1975-01-08,0.30129080289625393,0.23595788600967113,True
1975-01-09,0.3159554608082917,0.24027662860309038,True
1975-01-10,0.3227184482669554,0.23143260145702238,True
1975-01-13,0.30379386989571616,0.23294044192551594,True
1975-01-14,0.3060223382919035,0.23315257024557975,True
1975-01-15,0.3001002052611064,0.2287400576816128,True
1975-01-16,0.29065029045348384,0.22543996281631198,True
1975-01-17,0.2880906881140232,0.2295937986840875,True
1975-01-20,0.2946039085909226,0.2287672410995628,True
1975-01-21,0.2954767259567926,0.22530661515100237,True
1975-01-22,0.29389981427283296,0.2197278584075153,True
1975-01-23,0.28261421909944895,0.21568153894876324,True
1975-01-24,0.27467829996086257,0.214516894904283,True
1975-01-27,0.2673482443624828,0.25187752348027886,True
1975-01-28,0.34157990114355685,0.24993678486857973,True
1975-01-29,0.32546414851661076,0.2504795218126199,True
1975-01-30,0.32025335122936266,0.24433527669384822,True
1975-01-31,0.3106175169592213,0.242357055241202,True
1975-02-03,0.3122261468686365,0.24647209657523203,True
1975-02-04,0.32563226317002486,0.247234104769466,True
1975-02-05,0.33818335389497256,0.24858585713105164,True
1975-02-06,0.3212043747567279,0.22233874114507657,True
1975-02-07,0.27008948992124526,0.21988449263994492,True
1975-02-10,0.27165216581564006,0.21112900495876585,True
1975-02-11,0.2567626867509898,0.20732561168319205,True
1975-02-12,0.2565089200787393,0.20663878118253642,True
1975-02-13,0.25653693047921616,0.21121554876225207,True
1975-02-14,0.272076092196024,0.20606758551469334,True
1975-02-18,0.25770492274040985,0.1981535177067713,True
1975-02-19,0.23123202426315742,0.19793762411635002,True
1975-02-20,0.23060320938433096,0.1948747661056033,True
1975-02-21,0.22313244261688697,0.19791353822512078,True
1975-02-24,0.22586444797037894,0.2125624013526048,True
1975-02-25,0.25536560958778043,0.24492523014902803,True
1975-02-26,0.3230139012561987,0.21019990835506863,True
1975-02-27,0.25410268036495265,0.21004008099915772,True
1975-02-28,0.2680535536600601,0.20695279675733974,True
1975-03-03,0.2723217320507938,0.20249320009756186,True
1975-03-04,0.2658471894642604,0.2020168195788005,True
1975-03-05,0.2682025622354282,0.2007724929625162,True
1975-03-06,0.27395099394517514,0.19789446800692204,True
1975-03-07,0.26907592124402435,0.1911541539340958,True
1975-03-10,0.26940336009146804,0.18959559649450453,True
1975-03-11,0.27863665002134547,0.19276276305406057,True
1975-03-12,0.2883931750855969,0.19478477249620602,True
1975-03-13,0.292190641341237,0.19442466769878153,True
1975-03-14,0.29429085442831204,0.18816917771783717,True
1975-03-17,0.28870643886334363,0.18935650521014216,True
1975-03-18,0.2909109041346461,0.19304788699070752,True
1975-03-19,0.29878799820879653,0.19473734765852685,True
1975-03-20,0.31200788930011936,0.1975066067875078,True
1975-03-21,0.32104825250017105,0.1951852411583473,True
1975-03-24,0.3222015381167402,0.21938417000600047,True
1975-03-25,0.38517248156964956,0.21608823682860454,True
1975-03-26,0.36997622341851344,0.20143003080077182,True
1975-03-27,0.3480749766773666,0.1982833582140143,True
1975-03-31,0.3430302962483523,0.20252246093449797,True
1975-04-01,0.35020500757049916,0.20573197301645932,True
1975-04-02,0.36055136533587656,0.19655196068538522,True
1975-04-03,0.34035041102624536,0.19418339952535527,True
1975-04-04,0.3334533495442207,0.19332877803791448,True
1975-04-07,0.33824004154509524,0.1889144918452008,True
1975-04-08,0.3290664454676302,0.18868047153364975,True
1975-04-09,0.3387460567972806,0.20306047711527841,True
1975-04-10,0.3608606828937664,0.20639269914557362,True
1975-04-11,0.3538785468755206,0.20510931885042596,True
1975-04-14,0.36290848566798206,0.2201085107882026,True
1975-04-15,0.38946018140461525,0.21698309243098682,True
1975-04-16,0.3768068027158424,0.2064100788422834,True
1975-04-17,0.3600442101235375,0.2036841128372378,True
1975-04-18,0.3584041497844825,0.19918964966293362,True
1975-04-21,0.3476035563885656,0.19905109830983947,True
1975-04-22,0.34552069357580983,0.2001576562364831,True
1975-04-23,0.3395953836916237,0.1781449689894692,True
1975-04-24,0.2827673619231206,0.17571938510098464,False
1975-04-25,0.2740543531389855,0.16124537385712956,False
1975-04-28,0.23485344051613788,0.16423739398998635,False
1975-04-29,0.24276873710245722,0.16158373267436993,True
1975-04-30,0.23484431002195957,0.16467844119607422,False
1975-05-01,0.24527184550125442,0.16701825695730627,False
1975-05-02,0.24566996782022732,0.16501448270208835,False
1975-05-05,0.24208701329615195,0.16218690689717166,False
1975-05-06,0.21809494736873097,0.16796974999375722,False
1975-05-07,0.22611115046143035,0.1680856034350076,False
1975-05-08,0.22644547846943083,0.1585993533407419,False
1975-05-09,0.20495557723832988,0.16014335750787012,False
1975-05-12,0.22547351310996794,0.16000143366926686,False
1975-05-13,0.2209721942736865,0.1460303987084215,False
1975-05-14,0.1969782438642482,0.14479404535846774,False
1975-05-15,0.20329333585645704,0.1481896856856043,False
1975-05-16,0.20839362896126223,0.15541294798007574,False
1975-05-19,0.2313063426699729,0.15410032969967022,False
1975-05-20,0.22851238664976622,0.15210965966351475,False
1975-05-21,0.22758677231696922,0.15799537241158304,False
1975-05-22,0.2486757375786091,0.14854011136643913,False
1975-05-23,0.22499608129566576,0.15926410517355793,False
1975-05-27,0.24680693837511364,0.15831112245315954,False
1975-05-28,0.2518236739847553,0.15808645835954543,False
1975-05-29,0.2433508201242797,0.15280909614007845,False
1975-05-30,0.23355612897803035,0.14807771852961868,False
1975-06-02,0.2261052384253237,0.15424896732208596,False
1975-06-03,0.25056175682549414,0.1503422900572287,False
1975-06-04,0.2418363250169616,0.1506804223969065,False
1975-06-05,0.2557967056919322,0.1420652259697223,False
1975-06-06,0.24476440100330324,0.1452117100635545,False
1975-06-09,0.2462080629937716,0.1594244873668484,True
1975-06-10,0.25756373140288674,0.1561735040710868,False
1975-06-11,0.24620132037813444,0.15556316135900217,False
1975-06-12,0.24937555561393582,0.1543242461357024,False
1975-06-13,0.25934762980200304,0.15401349166224224,False
1975-06-16,0.2609934310714524,0.15760584791235674,False
1975-06-17,0.2734880303220859,0.15650039391501203,False
1975-06-18,0.260782225097567,0.15693971200187054,False
1975-06-19,0.2631533469740223,0.1608495141997577,False
1975-06-20,0.27057605925695877,0.15485800162344857,False
1975-06-23,0.2470466264883631,0.15846786997073706,False
1975-06-24,0.25887626335286185,0.14741747726448778,False
1975-06-25,0.2486156740735549,0.147266929808554,False
1975-06-26,0.24984422128506675,0.14457806352522876,False
1975-06-27,0.2455514737996517,0.14487256317750263,False
1975-06-30,0.24339942013675298,0.13726834154630643,False
1975-07-01,0.21787516563801118,0.12504265879109733,False
1975-07-02,0.1942025200293456,0.13029367590490476,False
1975-07-03,0.22040473353779258,0.13029043169256008,False
1975-07-07,0.22888742996004802,0.1351514634145821,False
1975-07-08,0.24293485940204407,0.13394388423462275,False
1975-07-09,0.24824814229207237,0.1333762993338708,False
1975-07-10,0.276545646798216,0.1295823116697739,False
1975-07-11,0.26387828285888826,0.129763758912801,False
1975-07-14,0.2639268857490126,0.12672860923703388,False
1975-07-15,0.2545020175656042,0.12654585755948664,False
1975-07-16,0.2485175656186685,0.13456619584625923,False
1975-07-17,0.26403399608761546,0.13312004278787515,False
1975-07-18,0.27168775644119436,0.13293945249121755,False
1975-07-21,0.2796945689378028,0.13267545517553236,False
1975-07-22,0.27502266294296457,0.12977445157079007,False
1975-07-23,0.26330200834787115,0.12825146525000564,False
1975-07-24,0.25228503647565165,0.12348190688913291,False
1975-07-25,0.2270039015854598,0.12268912349075071,False
1975-07-28,0.2218748867234841,0.12325412433999045,False
1975-07-29,0.2272601433624035,0.12273620923839983,False
1975-07-30,0.22676857935296532,0.12489787097790507,False
1975-07-31,0.22802595826751532,0.1243755974569628,False
1975-08-01,0.22278834125908287,0.13031776521944965,True
1975-08-04,0.22846787370433327,0.1338870307960874,False
1975-08-05,0.2273468397427675,0.13453911781501954,False
1975-08-06,0.22194249076395964,0.136263725397693,False
1975-08-07,0.21898881016464733,0.11421188305567574,False
1975-08-08,0.15593559980044933,0.11093031777286588,False
1975-08-11,0.1513293460785894,0.11136095955709449,False
1975-08-12,0.1573769286318542,0.12196384735926907,False
1975-08-13,0.18408281243661861,0.1240407978964025,True
1975-08-14,0.19489258495618605,0.11984413128211813,False
1975-08-15,0.182713062215169,0.13033252316898503,False
1975-08-18,0.20438271812412737,0.13002312666521043,False
1975-08-19,0.20597209180000128,0.13505701494653638,True
1975-08-20,0.2238987444257692,0.1489896085836813,True
1975-08-21,0.27312774560635666,0.1451283719095043,True
1975-08-22,0.25402428201598665,0.16515313974054469,True
1975-08-25,0.2981257415577515,0.17080988296999955,True
1975-08-26,0.31486002845981603,0.17436011912750593,True
1975-08-27,0.3179839729384072,0.17628614780731106,True
1975-08-28,0.3229782252256076,0.2079976249197764,True
1975-08-29,0.40352322854751965,0.2091713917052491,True
1975-09-02,0.4076453885121783,0.21037723186045781,True
1975-09-03,0.414629313298912,0.20765248977614834,True
1975-09-04,0.40878779668412585,0.2041141891895025,True
1975-09-05,0.39522423415166835,0.20611435728665584,True
1975-09-08,0.4134324869359529,0.20610933243012716,True
1975-09-09,0.41432690673761424,0.21368420718994174,True
1975-09-10,0.42745766246114186,0.21577954138160424,True
1975-09-11,0.43610185126284334,0.20887303029239082,True
1975-09-12,0.4259856302573567,0.20350665183740257,True
1975-09-15,0.42502031983174954,0.20422652638406952,True
1975-09-16,0.43202713389055475,0.2007357555218909,True
1975-09-17,0.42814017725501696,0.20204507272147415,True
1975-09-18,0.42974396746275334,0.2162794802750545,True
1975-09-19,0.45340964554311025,0.22267929125487548,True
1975-09-22,0.47583024626419984,0.22790615611181522,True
1975-09-23,0.4757663203037879,0.2210934530044335,True
1975-09-24,0.45541057179127514,0.22336412422707913,True
1975-09-25,0.45658155708681664,0.21733709173769486,True
1975-09-26,0.45124862170408525,0.21943311585566516,True
1975-09-29,0.4429223185646175,0.19823791697052257,True
1975-09-30,0.3936604508732445,0.20663591336930748,True
1975-10-01,0.42061940806204373,0.20043327594657426,True
1975-10-02,0.41058856746593814,0.20399374192735018,True
1975-10-03,0.42404045091195636,0.225138794663338,True
1975-10-06,0.4799670041330625,0.22559009142845246,True
1975-10-07,0.4734090886837232,0.22556552132138227,True
1975-10-08,0.47133636709108706,0.21940600562075693,True
1975-10-09,0.4713302731959058,0.21409871033224057,True
1975-10-10,0.46475249878856334,0.2135425999123111,True
1975-10-13,0.44853050406246625,0.22062496617311123,True
1975-10-14,0.46567543059460936,0.21804562683231607,True
1975-10-15,0.4448434115474589,0.21393899589277945,True
1975-10-16,0.4327230581594947,0.21399317042770163,True
1975-10-17,0.42758592543095747,0.20254595014641733,True
1975-10-20,0.40641720663336645,0.18293009973994054,True
1975-10-21,0.35818708118911813,0.17431861222246212,False
1975-10-22,0.3546743877141274,0.1723543508194655,False
1975-10-23,0.36070153262810445,0.16920747690452256,False
1975-10-24,0.35181427643776686,0.18667135744853428,True
1975-10-27,0.386855426122266,0.18488324057043187,True
1975-10-28,0.39555513613413046,0.17897667421397817,True
1975-10-29,0.3808119556555052,0.17303053645035454,False
1975-10-30,0.3661101350484607,0.16720689322168802,False
1975-10-31,0.35545068289023696,0.16603510952981546,False
1975-11-03,0.3595407073937758,0.1516895560269902,False
1975-11-04,0.32542121900726834,0.1485793309031269,False
1975-11-05,0.3261693360702306,0.15299298014418716,False
1975-11-06,0.3345436250414006,0.1456212122963703,False
1975-11-07,0.31448643654949177,0.14820358226725222,False
1975-11-10,0.3176497934042425,0.14823453344690812,False
1975-11-11,0.323944222209236,0.1325623856018901,False
1975-11-12,0.27832474010034397,0.14396125623467892,False
1975-11-13,0.3200296872407324,0.14381038175238678,False
1975-11-14,0.3180196773445476,0.14430999484543297,False
1975-11-17,0.3265142967490315,0.14368119373380306,False
1975-11-18,0.32661577800193575,0.1384555146002044,False
1975-11-19,0.31573489918219727,0.1444107464899842,False
1975-11-20,0.35631643864408663,0.14449113224785945,False
1975-11-21,0.3351634118016171,0.1430109483260104,False
1975-11-24,0.3295512325177763,0.12733736752804245,False
1975-11-25,0.28477127955411535,0.13206419677537048,False
1975-11-26,0.3025793628966939,0.12828303035021957,False
1975-11-28,0.2880251720659858,0.11863051577241775,False
1975-12-01,0.26220516677510425,0.11879184837683013,False
1975-12-02,0.2661816605396872,0.1364169408664484,True
1975-12-03,0.31220716242053376,0.15618044492135796,True
1975-12-04,0.3710205967291315,0.15405267592226968,False
1975-12-05,0.36291721702379437,0.1556537026640431,True
1975-12-08,0.38116327498649694,0.15515259180767907,False
1975-12-09,0.37892546122741605,0.15584492576486333,False
1975-12-10,0.3884425058312503,0.16131003045181327,False
1975-12-11,0.40885261381883115,0.15890416392356516,False
1975-12-12,0.3987717464186358,0.14499885833862589,False
1975-12-15,0.35056805363793814,0.1444367436107646,False
1975-12-16,0.35014404768552065,0.15259997732942812,False
1975-12-17,0.3609047277892643,0.15347546125885667,False
1975-12-18,0.35346809303249194,0.1535301714550299,False
1975-12-19,0.35060079084791573,0.15002092304232534,False
1975-12-22,0.3404637495441277,0.15120694338569493,False
1975-12-23,0.34152754245248995,0.15357627948796218,False
1975-12-24,0.3484523950886096,0.15695890303347393,False
1975-12-26,0.35709658411877576,0.15762375682013655,False
1975-12-29,0.3642714365319331,0.1579524157791719,False
1975-12-30,0.36604445853565387,0.15694544512943046,False
1975-12-31,0.3654930343056232,0.15837429199756542,False
1976-01-02,0.3713891154840107,0.14828932770610334,False
1976-01-05,0.3518993745882788,0.12642652410058602,False
1976-01-06,0.30218907056805544,0.13134910502967062,False
1976-01-07,0.31732955024434867,0.11159752989167118,False
1976-01-08,0.23284083918921294,0.11167931551582767,False
1976-01-09,0.23026809331108064,0.11185685750296132,False
1976-01-12,0.23784303874074875,0.11296522896369567,False
1976-01-13,0.23515279004005835,0.1270378791801744,False
1976-01-14,0.27484802435813394,0.13059413189795133,False
1976-01-15,0.2695778660952221,0.13631466205798773,False
1976-01-16,0.2821243803721785,0.13246808512615504,False
1976-01-19,0.278911454441237,0.13279614884434246,False
1976-01-20,0.2766737313929109,0.13457052578779674,False
1976-01-21,0.2744302745784748,0.12924634588215775,False
1976-01-22,0.265091793156197,0.12385843355128358,False
1976-01-23,0.24990186846155968,0.12905998510765246,False
1976-01-26,0.25510962092556166,0.12808325578073432,False
1976-01-27,0.24891781268942742,0.13634245124409047,False
1976-01-28,0.2565619960976072,0.1362973959976393,False
1976-01-29,0.25327303677155166,0.14363959859527842,False
1976-01-30,0.2663690154467162,0.14493075264459304,False
1976-02-02,0.25534610004374686,0.14456506312115916,False
1976-02-03,0.2533259511629104,0.13759082856805713,False
1976-02-04,0.22428612963671352,0.13381519364314134,False
1976-02-05,0.2157217167777472,0.14633943570548122,False
1976-02-06,0.2410341465158766,0.15147201010550068,False
1976-02-09,0.2547451503115324,0.15201224244780578,False
1976-02-10,0.25032082699416713,0.14761231720861395,False
1976-02-11,0.2359896897023233,0.13840486243458408,False
1976-02-12,0.2149770057178251,0.13309361776373477,False
1976-02-13,0.19714657956976367,0.1327173948566866,False
1976-02-17,0.20692802601547564,0.13327791948871745,False
1976-02-18,0.2106961111034402,0.13263311022040347,False
1976-02-19,0.21057028680883094,0.13372445192306423,False
1976-02-20,0.21762816412645844,0.13340509077368806,False
1976-02-23,0.2169469110559406,0.1349204039818384,False
1976-02-24,0.21868354065316598,0.12465027086698066,False
1976-02-25,0.19610877459997814,0.12407696078426823,False
1976-02-26,0.18844641495356504,0.1272696606288395,False
1976-02-27,0.20501131488854707,0.12638181987601124,False
1976-03-01,0.20647784677232392,0.10744071365505525,False
1976-03-02,0.1485531186343559,0.10337344036457113,False
1976-03-03,0.14875458230224245,0.10410125941085874,False
1976-03-04,0.1528847680166769,0.10422443443216972,False
1976-03-05,0.17379405746767426,0.10431352910818006,False
1976-03-08,0.17412217822097942,0.11509651602131495,False
1976-03-09,0.19449263907853084,0.11062480151876283,False
1976-03-10,0.1896606384652944,0.11294906214511911,False
1976-03-11,0.19302433321231532,0.11758798182570636,False
1976-03-12,0.20927658408922045,0.12357482641710674,False
1976-03-15,0.22310044707943194,0.13082548808024194,False
1976-03-16,0.25418127578041694,0.1326641005697371,False
1976-03-17,0.25355229506471855,0.13158142631649064,False
1976-03-18,0.2489815188956077,0.13285448700182384,False
1976-03-19,0.24870297608646205,0.12696283605726416,False
1976-03-22,0.23775430657334523,0.12609478629343798,False
1976-03-23,0.24568128773004172,0.1336426054733727,False
1976-03-24,0.2768989396413213,0.1459948413050618,False
1976-03-25,0.31536305893680994,0.1484514916889834,False
1976-03-26,0.3460377428758137,0.1383555672557323,False
1976-03-29,0.3160770979682937,0.13827312496568472,False
1976-03-30,0.31943900359888816,0.13903593899784703,False
1976-03-31,0.3342200829547084,0.14073325115348823,False
1976-04-01,0.3478510322182456,0.14000211931269976,False
1976-04-02,0.34327200800070845,0.1350780534654818,False
1976-04-05,0.3135052916107391,0.13596679319988603,False
1976-04-06,0.30528937498470865,0.12500294688073985,False
1976-04-07,0.29048593097927355,0.13205515012163116,False
1976-04-08,0.3350820799090512,0.1411338127004661,False
1976-04-09,0.36987752781239824,0.1428134908033106,False
1976-04-12,0.3744457249543967,0.13838703892268428,False
1976-04-13,0.3597688541489902,0.13402435765822038,False
1976-04-14,0.3348738637543184,0.13136708007936407,False
1976-04-15,0.3251124873663956,0.1319211624340901,False
1976-04-19,0.3325132428594492,0.1321254476242059,False
1976-04-20,0.3406885953007105,0.14030896134129514,False
1976-04-21,0.364321808852824,0.142373495337736,False
1976-04-22,0.35732387154675327,0.13593061473174534,False
1976-04-23,0.3447141783814448,0.12475011794121192,False
1976-04-26,0.3158963230512289,0.12310120370189892,False
1976-04-27,0.3149027194719245,0.1233341671677597,False
1976-04-28,0.3280056618637299,0.12306572287900316,False
1976-04-29,0.3259239615208142,0.12265532531700911,False
1976-04-30,0.3195272199615348,0.11883110895337604,False
1976-05-03,0.29948674939428593,0.1215706930132466,False
1976-05-04,0.30439493308287546,0.12407255716320315,False
1976-05-05,0.2941637457372386,0.12116566178158007,False
1976-05-06,0.28867623636429446,0.12231039935915233,False
1976-05-07,0.29637950942209057,0.1192299422131065,False
1976-05-10,0.28305851161427614,0.11655256834622547,False
1976-05-11,0.26785850892414104,0.10795273578058363,False
1976-05-12,0.2480617274629162,0.10846206178436545,False
1976-05-13,0.24883311731133975,0.11026341134244631,False
1976-05-14,0.25662997729905207,0.11628566728839689,False
1976-05-17,0.28333744787048387,0.11635093940735663,False
1976-05-18,0.2838511357597717,0.11425284933774842,False
1976-05-19,0.2748821224164564,0.1002088941127469,False
1976-05-20,0.20126977798723908,0.09794669889154466,False
1976-05-21,0.20387887752367997,0.09816151634014135,False
1976-05-24,0.20140966652312434,0.10376094347081696,False
1976-05-25,0.21685980486006073,0.1030300096818444,False
1976-05-26,0.21168243155875616,0.10285194368461187,False
1976-05-27,0.19693045721841268,0.10255135346697798,False
1976-05-28,0.19453532792787656,0.10540257603300048,False
1976-06-01,0.2060464689448984,0.10470438995847514,False
1976-06-02,0.20505061130106722,0.10141260868632591,False
1976-06-03,0.2034317223556009,0.09774470249731605,False
1976-06-04,0.19822703876916714,0.1011768409137329,False
1976-06-07,0.209250410508789,0.09969468603085355,False
1976-06-08,0.20229628101911024,0.09596975912806315,False
1976-06-09,0.19410253719365853,0.0777335557044154,False
1976-06-10,0.14907371322842114,0.09469076025567283,False
1976-06-11,0.20221926577029523,0.11021739571216123,False
1976-06-14,0.2617325718641158,0.11560453510304083,False
1976-06-15,0.28712703312659915,0.10969199921073598,False
1976-06-16,0.26644064623510744,0.11009798305811466,False
1976-06-17,0.2656250158247844,0.11904839637200006,False
1976-06-18,0.292231138415526,0.1211416301619375,False
1976-06-21,0.300924810151725,0.1202505543012933,False
1976-06-22,0.3044173441745389,0.12362227440756299,False
1976-06-23,0.31508006182873743,0.11310946676275678,False
1976-06-24,0.28060994685317775,0.11314723730306085,False
1976-06-25,0.27824084437710933,0.11316288797567599,False
1976-06-28,0.28322310388532224,0.11189190665831798,False
1976-06-29,0.28071758521512885,0.11313514421423583,False
1976-06-30,0.2864925635339251,0.11548696949344223,False
1976-07-01,0.29439092780631015,0.11760274914671383,False
1976-07-02,0.2794331889349737,0.11771720390762348,False
1976-07-06,0.2802784102336625,0.10996983135762187,False
1976-07-07,0.25182498867133885,0.10494917132683017,False
1976-07-08,0.2276866832586025,0.10461190185072342,False
1976-07-09,0.21962507472242765,0.10822323765744678,False
1976-07-12,0.22627760065732394,0.10444164070517038,False
1976-07-13,0.21049099277533942,0.10009096014073589,False
1976-07-14,0.1942327167156354,0.09586935973436365,False
1976-07-15,0.17561798719846336,0.09768638394326447,False
1976-07-16,0.17655855074395513,0.0987008567908729,False
1976-07-19,0.17822744739588625,0.09611293090995292,False
1976-07-20,0.1711155872612444,0.10198401825032093,False
1976-07-21,0.2006075213665744,0.10126235812275672,False
1976-07-22,0.20002732068987494,0.095973950466014,False
1976-07-23,0.1806413417422746,0.09460998659377406,False
1976-07-26,0.17540541847394758,0.09465362093331803,False
1976-07-27,0.17912133396719435,0.09577603657028397,False
1976-07-28,0.18385311380564745,0.09589986806137922,False
1976-07-29,0.18852998096445736,0.09259728907483714,False
1976-07-30,0.1763468360282252,0.0860578325978245,False
1976-08-02,0.15374825525018485,0.0847782288261165,False
1976-08-03,0.1679026951269669,0.0879298880748367,False
1976-08-04,0.17169974420136244,0.08792714673469802,False
1976-08-05,0.16745334815090854,0.08940430524139027,False
1976-08-06,0.1770107553235388,0.088764731401213,False
1976-08-09,0.17804825784194392,0.0719162519768019,False
1976-08-10,0.11547966139650932,0.07471009650999004,False
1976-08-11,0.14086110112445854,0.07486699972361682,False
1976-08-12,0.14552388124965857,0.0740992484131953,False
1976-08-13,0.14748883578836536,0.07170971671887637,False
1976-08-16,0.1364665183748236,0.07246635029247143,False
1976-08-17,0.14173645327043907,0.06955595827603417,False
1976-08-18,0.13547879542680916,0.05858020192406449,False
1976-08-19,0.10236135644732235,0.07475850919391043,False
1976-08-20,0.1630727190147127,0.09312765099848726,True
1976-08-23,0.1934679195456074,0.09340258109644248,False
1976-08-24,0.19641702081710732,0.09578787473227032,False
1976-08-25,0.20334977072683852,0.09849871977949955,False
1976-08-26,0.21053069379102227,0.10106849904899833,False
1976-08-27,0.2117103631567658,0.10152954520349612,False
1976-08-30,0.22153282884310488,0.09930389901579309,False
1976-08-31,0.21576337353975153,0.10522639894398739,False
1976-09-01,0.2373600424893155,0.1110782341084016,False
1976-09-02,0.2632748160525857,0.11110600865358504,False
1976-09-03,0.2701484997599977,0.10944993092855099,False
1976-09-07,0.2531325498937165,0.11191355542653547,False
1976-09-08,0.26319086462290303,0.11102453093489609,False
1976-09-09,0.2608541244355144,0.10987215542836351,False
1976-09-10,0.25555789710519544,0.10953247546735974,False
1976-09-13,0.2538957279843301,0.10959051989358352,False
1976-09-14,0.24955833156621907,0.1097251593497585,False
1976-09-15,0.2554042346038608,0.10922046135591544,False
1976-09-16,0.2530848505975002,0.11556549961211665,False
1976-09-17,0.28239283654842534,0.1225040601674626,False
1976-09-20,0.3066063206172104,0.11280143646522633,False
1976-09-21,0.2625717390693757,0.1019777747013533,False
1976-09-22,0.2635415640249381,0.10269043784889977,False
1976-09-23,0.2569725154058803,0.09914140505057871,False
1976-09-24,0.24824384833236832,0.10018835990007306,False
1976-09-27,0.2563279818133004,0.09456148693088232,False
1976-09-28,0.24396767727669688,0.10648107141486794,False
1976-09-29,0.2791411881203402,0.10881096713673186,False
1976-09-30,0.28829852018228574,0.1060178015633736,False
1976-10-01,0.2772377199101886,0.10613223155867735,False
1976-10-04,0.27560732632967827,0.10613631122140292,False
1976-10-05,0.27555396225161627,0.10980006551054815,False
1976-10-06,0.29068376953513547,0.10658365535026135,False
1976-10-07,0.2673390346296517,0.10846199527462146,False
1976-10-08,0.27659409588999895,0.10929570029131476,False
1976-10-11,0.2812586429621263,0.1128247503521625,False
1976-10-12,0.2922408670283534,0.11563657283884857,False
1976-10-13,0.30795266407382,0.11914124024921519,False
1976-10-14,0.3067718452210245,0.12724853932153676,False
1976-10-15,0.33514843439837927,0.11763233105881968,False
1976-10-18,0.3048842633021324,0.11539990501441642,False
1976-10-19,0.2980197896424125,0.11511205803224013,False
1976-10-20,0.2976898307861012,0.10122659455048141,False
1976-10-21,0.2440731352772655,0.10194118748987123,False
1976-10-22,0.2472575190684965,0.10629017157777675,False
1976-10-25,0.2621323207413315,0.10939278837155467,False
1976-10-26,0.27548901042999996,0.12157490493073685,False
1976-10-27,0.31492087269809177,0.12070418561303897,False
1976-10-28,0.32231012606668924,0.12077149604803393,False
1976-10-29,0.32957990653212216,0.1343303433738047,False
1976-11-01,0.38367755227982797,0.12865587363209843,False
1976-11-03,0.36124455451237864,0.13741999333099514,False
1976-11-04,0.39168907876158787,0.13478799499294175,False
1976-11-05,0.3758127296311363,0.15343329681401416,True
1976-11-08,0.4057816546343603,0.1543615862853574,False
1976-11-09,0.4129850963140063,0.15413341823390542,False
1976-11-10,0.4091086704863271,0.15258426560926922,False
1976-11-11,0.4045330250350329,0.15522670373190928,False
1976-11-12,0.40938278260591365,0.15254797581411342,False
1976-11-15,0.41635198202611345,0.1488699471059649,False
1976-11-16,0.4033218647933743,0.14923295225268507,False
1976-11-17,0.39454580568267844,0.14723762623999465,False
1976-11-18,0.396240625492458,0.15453620944856497,False
1976-11-19,0.40906806318253697,0.15443136819630435,False
1976-11-22,0.39494138698560927,0.1553506206000418,False
1976-11-23,0.40550313764599577,0.150815967090566,False
1976-11-24,0.392912476784896,0.15062768746580635,False
1976-11-26,0.38694459954656457,0.14461588078868523,False
1976-11-29,0.3731567229929943,0.14615976470890774,False
1976-11-30,0.38014925284646445,0.14724385604139992,False
1976-12-01,0.38642687345073,0.13672818523552063,False
1976-12-02,0.3447717410425814,0.1380387628567653,False
1976-12-03,0.3474639283438673,0.13140451681902013,False
1976-12-06,0.3152038015536894,0.13556046718554893,False
1976-12-07,0.32290834731620754,0.1101848126689666,False
1976-12-08,0.2731968639438512,0.10150411757867772,False
1976-12-09,0.2300132934278737,0.09920095270368558,False
1976-12-10,0.2130527882909896,0.09606198467574795,False
1976-12-13,0.19880555141964384,0.0946428458029724,False
1976-12-14,0.19643700968220332,0.09107735588902607,False
1976-12-15,0.18311096346704023,0.0897719534282907,False
1976-12-16,0.17928717262860333,0.09208479418838023,False
1976-12-17,0.19039753591223685,0.09159963562257141,False
1976-12-20,0.18542788529787524,0.08649842095062131,False
1976-12-21,0.1612169588124538,0.08851451939414734,False
1976-12-22,0.17154473996072797,0.08432219521479412,False
1976-12-23,0.1556601577317331,0.08057156695534867,False
1976-12-27,0.1357620171608365,0.09308476353743673,False
1976-12-28,0.18090868333325527,0.09499169015352858,False
1976-12-29,0.1898251474342958,0.09065957473426692,False
1976-12-30,0.17150126231057075,0.08849418900589148,False
1976-12-31,0.16175511900812128,0.0908028234240044,False
1977-01-03,0.1756025279302791,0.09015813647682415,False
1977-01-04,0.1839237192988912,0.09867274893904171,False
1977-01-05,0.22672113637641478,0.09708872907457615,False
1977-01-06,0.19802493329121107,0.09759686268736592,False
1977-01-07,0.1879075224260676,0.09710868685705487,False
1977-01-10,0.20574407391727015,0.09549546799376671,False
1977-01-11,0.22028579802670195,0.10526002460786882,False
1977-01-12,0.25666065366384394,0.1099948817930729,False
1977-01-13,0.2745026052767208,0.11183737231699432,False
1977-01-14,0.2852258206153471,0.11171233812332802,False
1977-01-17,0.2786612275495404,0.11184691801033066,False
1977-01-18,0.28099739638332655,0.11431780789587981,False
1977-01-19,0.2844523085106595,0.11168883011299234,False
1977-01-20,0.27536404540065673,0.11591105555493253,False
1977-01-21,0.2890944562162262,0.11777980573916434,False
1977-01-24,0.29584272228048475,0.11779499944593068,False
1977-01-25,0.28394209156418904,0.10617974849207444,False
1977-01-26,0.2399262089661377,0.10444379960882416,False
1977-01-27,0.22499319821452868,0.10765369231493732,False
1977-01-28,0.22258091495732726,0.10311388656722066,False
1977-01-31,0.18858890409866075,0.09763721335279393,False
1977-02-01,0.17112927072797268,0.10734480388503406,False
1977-02-02,0.19859887897269413,0.1035805506045119,False
1977-02-03,0.18529509755812254,0.10364992487710373,False
1977-02-04,0.18321058319564393,0.1001708844302484,False
1977-02-07,0.16934875067591662,0.10100047156370325,False
1977-02-08,0.1771813969608835,0.10144324266857609,False
1977-02-09,0.1753911180191187,0.09883589702333671,False
1977-02-10,0.1725659722350914,0.09573458622232238,False
1977-02-11,0.16544074197474565,0.09297176415181176,False
1977-02-14,0.15407739145529495,0.09510830939320399,False
1977-02-15,0.16776087697033376,0.10076777958950404,False
1977-02-16,0.18009259403149017,0.10207578635610143,False
1977-02-17,0.18747211102041286,0.10105462295276373,False
1977-02-18,0.18569740471575488,0.0955175851604725,False
1977-02-22,0.16688782300815672,0.0934549673282138,False
1977-02-23,0.1667967088002204,0.09448182059655061,False
1977-02-24,0.18034805435200693,0.09989133400481101,False
1977-02-25,0.20909715322915376,0.09540973426729382,False
1977-02-28,0.20070963856206536,0.09085851495405037,False
1977-03-01,0.19196285541178232,0.10326034335133892,False
1977-03-02,0.24273007601966437,0.1029370825950473,False
1977-03-03,0.23817737202637354,0.09704056346387879,False
1977-03-04,0.219712509085241,0.09727318111706479,False
1977-03-07,0.20535643722450325,0.09605723239705714,False
1977-03-08,0.196687826531839,0.09672226022299944,False
1977-03-09,0.20149053145036427,0.10118674864309671,False
1977-03-10,0.21785683089550348,0.10367128364270191,False
1977-03-11,0.223152464630146,0.09855782532230246,False
1977-03-14,0.2034475707155067,0.10533290658813094,False
1977-03-15,0.23514635146564766,0.10200400258286885,False
1977-03-16,0.23059996576438752,0.10171918511351853,False
1977-03-17,0.2349483406620381,0.09929656401374794,False
1977-03-18,0.23459687470745713,0.0974405789486876,False
1977-03-21,0.23410897876914208,0.0967942598034213,False
1977-03-22,0.23488085421185836,0.09666339849648482,False
1977-03-23,0.2334920061840577,0.1004527411463153,False
1977-03-24,0.24380949738510052,0.1007086663273758,False
1977-03-25,0.2441029523936838,0.09344049427406724,False
1977-03-28,0.22230414152919192,0.0949954627847274,False
1977-03-29,0.2325567067178915,0.09739157883395759,False
1977-03-30,0.25835441474744153,0.08938990790519694,False
1977-03-31,0.23798481380928496,0.08935496461636423,False
1977-04-01,0.24250847753482505,0.09494353912385707,False
1977-04-04,0.2540480762665962,0.10019549049154382,False
1977-04-05,0.2805186762093197,0.10085024819180789,False
1977-04-06,0.28966168073937,0.10057567599354734,False
1977-04-07,0.2882781709841018,0.09749678395534796,False
1977-04-11,0.27991418892457304,0.09515814432138371,False
1977-04-12,0.2834028782701449,0.10248979886445074,False
1977-04-13,0.3206695319065656,0.09396738410572399,False
1977-04-14,0.2852204472400743,0.10073347702084366,False
1977-04-15,0.3072216644009141,0.10139066396677097,False
1977-04-18,0.30836610411714116,0.10301661806395465,False
1977-04-19,0.3029556888215988,0.10594593018778616,False
1977-04-20,0.3073594898250959,0.10643130344510883,False
1977-04-21,0.304893477092173,0.10988680095376263,False
1977-04-22,0.31487384992808254,0.12108449441013813,True
1977-04-25,0.3562492237826048,0.12779418976314677,False
1977-04-26,0.3754390883563066,0.1275019352533053,False
1977-04-27,0.36947780865379726,0.1316684548412644,False
1977-04-28,0.3810071337192252,0.1302033901607251,False
1977-04-29,0.3721813017212821,0.12751001833703302,False
1977-05-02,0.3672192482767029,0.1300172491954254,False
1977-05-03,0.37797395278289775,0.12782999446880194,False
1977-05-04,0.37523583138060596,0.1269556619453981,False
1977-05-05,0.35892665043032024,0.12575882214404827,False
1977-05-06,0.34897689691173694,0.12680472269750404,False
1977-05-09,0.3551901424848606,0.12603606209823048,False
1977-05-10,0.3519313156430091,0.1257248669663307,False
1977-05-11,0.3448879488979458,0.12136464277640878,False
1977-05-12,0.3238416547069219,0.12141504127118795,False
1977-05-13,0.33076611747440327,0.11548181731229283,False
1977-05-16,0.3193321498978138,0.11509651090929675,False
1977-05-17,0.31745593784652265,0.11463390291046334,False
1977-05-18,0.3301165829552767,0.11614860463944779,False
1977-05-19,0.3227023227920464,0.11577714193767916,False
1977-05-20,0.3222727711110635,0.11267383632571606,False
1977-05-23,0.31518140111310056,0.10776435375017725,False
1977-05-24,0.30768834157821207,0.09618966720099967,False
1977-05-25,0.2667117380792458,0.10319064446468473,False
1977-05-26,0.28358941136817545,0.09946971625397023,False
1977-05-27,0.2634927055008112,0.10305187358606953,False
1977-05-31,0.2804233589007884,0.10295599843188354,False
1977-06-01,0.27617696515905005,0.10609234202412501,False
1977-06-02,0.2807546185950347,0.10320542989995764,False
1977-06-03,0.2659712242401324,0.10515920111744466,False
1977-06-06,0.27875876785376136,0.10469824602418387,False
1977-06-07,0.2791233148368728,0.10854468481967024,False
1977-06-08,0.2783168097365705,0.11033703239763167,False
1977-06-09,0.2856795273281047,0.1101927978988784,False
1977-06-10,0.2866966467550352,0.1082003302258958,False
1977-06-13,0.28438345192011794,0.10849004891483731,False
1977-06-14,0.2829391379704747,0.11342785805337217,False
1977-06-15,0.30198336836685297,0.11341111503041465,False
1977-06-16,0.3017311364454596,0.1137808976755803,False
1977-06-17,0.3053289977130831,0.10907187206748872,False
1977-06-20,0.2976415265004159,0.1095266443341711,False
1977-06-21,0.30068104244927457,0.10772070120295495,False
1977-06-22,0.30192719800106577,0.09159133118813907,False
1977-06-23,0.23354683150717173,0.08828647618237045,False
1977-06-24,0.22003575660402744,0.07666614017614098,False
1977-06-27,0.18324420470523772,0.07937506109735346,False
1977-06-28,0.19578549212619425,0.08305086166922973,False
1977-06-29,0.2012036063306798,0.08446971174864149,False
1977-06-30,0.2036825283226759,0.079744056718041,False
1977-07-01,0.18717779653392405,0.08258707064788973,False
1977-07-05,0.19494689087125194,0.07481400610820708,False
1977-07-06,0.16551907843952382,0.07533320226983513,False
1977-07-07,0.1577765818532059,0.07019045976246278,False
1977-07-08,0.15271887197291065,0.06777885155158449,False
1977-07-11,0.13915754587411902,0.06759329937515862,False
1977-07-12,0.1393736071357319,0.06770108761875344,False
1977-07-13,0.13690444500486057,0.06733503923256037,False
1977-07-15,0.13549531817282692,0.06780322351386275,False
1977-07-18,0.11928301341285276,0.07093319698565635,False
1977-07-19,0.1295623176091623,0.06947112848500055,False
1977-07-20,0.12054554115574498,0.06934336615165759,False
1977-07-21,0.11919342034247445,0.06899318212237447,False
1977-07-22,0.12222990590512552,0.0692772847236544,False
1977-07-25,0.11649040182894559,0.07724003644813414,False
1977-07-26,0.13278087268218663,0.07755247589776851,False
1977-07-27,0.13516867518080117,0.09269194771936205,False
1977-07-28,0.1954213705878964,0.09235920593897856,False
1977-07-29,0.18900829070527664,0.08679771356372967,False
1977-08-01,0.1769659894279494,0.08771259867798313,False
1977-08-02,0.18029535837458896,0.08923213472494916,False
1977-08-03,0.18639170238408945,0.08754139689579087,False
1977-08-04,0.18095917875153297,0.090806596643271,False
1977-08-05,0.1818619883121614,0.08970333548255381,False
1977-08-08,0.17704769899180506,0.09160511385291878,False
1977-08-09,0.18867201503037587,0.0916707790788712,False
1977-08-10,0.1903794207933237,0.09659000110137568,False
1977-08-11,0.212835999261819,0.09852983984137557,False
1977-08-12,0.22540709020978236,0.09900620220483315,False
1977-08-15,0.22547791375577042,0.09086135687021886,False
1977-08-16,0.19829442198006317,0.08783606232458735,False
1977-08-17,0.18661756518597072,0.08833199108362605,False
1977-08-18,0.19168364397004203,0.0885465480271775,False
1977-08-19,0.19709084480681924,0.08857925735400243,False
1977-08-22,0.19217818362165237,0.09067522569635068,False
1977-08-23,0.20608440011626553,0.08545282451738141,False
1977-08-24,0.19656339388377353,0.08579620154466493,False
1977-08-25,0.19737786118712922,0.07614302649843704,False
1977-08-26,0.14817562076949367,0.0761864430218179,False
1977-08-29,0.15389352789797003,0.0830444004780045,False
1977-08-30,0.18316422074243932,0.08656518971620406,False
1977-08-31,0.191315145052171,0.08507616768156363,False
1977-09-01,0.17921768522799045,0.08580139915990274,False
1977-09-02,0.1761798180165392,0.08367872268848786,False
1977-09-06,0.1764023127145864,0.08383862330545647,False
1977-09-07,0.17850865408227587,0.08311837470531973,False
1977-09-08,0.176082812398797,0.08686684545543809,False
1977-09-09,0.18972378996440362,0.08640372091402349,False
1977-09-12,0.193326143803007,0.08568439770092207,False
1977-09-13,0.19261584175167332,0.08556318914569506,False
1977-09-14,0.19274249069542798,0.08748664707693074,False
1977-09-15,0.2101223817679623,0.08699750017321038,False
1977-09-16,0.21213214023245627,0.08860861483377666,False
1977-09-19,0.2278649953944444,0.09182240766406868,False
1977-09-20,0.2503298023201869,0.09195728156039164,False
1977-09-21,0.2656611027694752,0.0953219568292979,False
1977-09-22,0.27398763258569037,0.09554552540699997,False
1977-09-23,0.27607398929278326,0.09585325764030825,False
1977-09-26,0.2819300889311531,0.09133789174508891,False
1977-09-27,0.26352830351399953,0.09164543710832412,False
1977-09-28,0.2685852279716979,0.08355444537123732,False
1977-09-29,0.23174609811196784,0.08513540213806808,False
1977-09-30,0.24809870072288923,0.08829483161161843,False
1977-10-03,0.2648292454494697,0.08743023310725916,False
1977-10-04,0.27118534008942097,0.08802987142670182,False
1977-10-05,0.2739671832237767,0.08799627484256892,False
1977-10-06,0.27192665931131177,0.09166616606829579,False
1977-10-07,0.2855584802066582,0.0889464713301467,False
1977-10-10,0.2732383322360278,0.08305966459018008,False
1977-10-11,0.24860108158678546,0.08693061732232726,False
1977-10-12,0.2534711088242533,0.09973432969980195,False
1977-10-13,0.30217917748971795,0.09839848774653052,False
1977-10-14,0.2942050676698938,0.09688027888943816,False
1977-10-17,0.2857935155902952,0.09643499448877348,False
1977-10-18,0.2839583436822862,0.09395439840363698,False
1977-10-19,0.2646882337542174,0.10224649464272376,False
1977-10-20,0.2889772988498374,0.09767539255869692,False
1977-10-21,0.2774143260614955,0.0984194594825474,False
1977-10-24,0.27044560279512136,0.10092282464965417,False
1977-10-25,0.2725199548075659,0.09983751228319303,False
1977-10-26,0.2487225594174713,0.11597270608214744,False
1977-10-27,0.2876981422587313,0.11936000892492891,False
1977-10-28,0.29481062634675365,0.1168465200387425,False
1977-10-31,0.2769906902857345,0.11349362672926426,False
1977-11-01,0.26277032423374436,0.12002411462834393,False
1977-11-02,0.2933764606838823,0.12135694624075759,False
1977-11-03,0.2944438751958497,0.12161897169819355,False
1977-11-04,0.2884309430643309,0.12459619885720545,False
1977-11-07,0.30171700211928887,0.1329512145040545,False
1977-11-08,0.3269027041408275,0.13324179033399555,False
1977-11-09,0.3270269733702578,0.13485748625959695,False
1977-11-10,0.33797878941571674,0.13984665098647975,False
1977-11-11,0.3548192456127324,0.15145138698741098,False
1977-11-14,0.3907018443125232,0.1551826021296816,False
1977-11-15,0.38732838379529355,0.15835939035554547,False
1977-11-16,0.3956014055370888,0.16075495466671136,False
1977-11-17,0.4107412506935703,0.15277307758818556,False
1977-11-18,0.39550828170449753,0.15273196811060089,False
1977-11-21,0.3868803354050504,0.15084043910180625,False
1977-11-22,0.3902496714115199,0.14848460719902284,False
1977-11-23,0.38354256217073784,0.14496866579642884,False
1977-11-25,0.3763250853170477,0.1397177719928389,False
1977-11-28,0.3751770117981888,0.14372923227008372,False
1977-11-29,0.3923255865971219,0.16115042123951198,True
1977-11-30,0.4382768362244865,0.16068925931133662,False
1977-12-01,0.43698956981878817,0.15082086360529479,False
1977-12-02,0.40888903957599176,0.14656716625687458,False
1977-12-05,0.4006473769498296,0.14708401473611027,False
1977-12-06,0.40024110300960725,0.16130709819502959,True
1977-12-07,0.4474212300969467,0.15776525625710422,False
1977-12-08,0.4398621815564291,0.15826430018505852,False
1977-12-09,0.44272225790572584,0.15791915993747538,False
1977-12-12,0.44106802959248875,0.14456717662314872,False
1977-12-13,0.40551358095953594,0.1260174234716655,False
1977-12-14,0.34454166672153724,0.12525363555290633,False
1977-12-15,0.35841090180661217,0.11925412600723444,False
1977-12-16,0.34732870047579995,0.11795614043519403,False
1977-12-19,0.34973973416031084,0.12064014033632142,False
1977-12-20,0.35908112167429157,0.12052584181967502,False
1977-12-21,0.3635416670136898,0.12222384227223652,False
1977-12-22,0.3649444905715161,0.11756736794778376,False
1977-12-23,0.3430187441275304,0.12106373817887166,False
1977-12-27,0.3797834521035198,0.11881795577890943,False
1977-12-28,0.3750115420127667,0.1169000877398646,False
1977-12-29,0.36534352542465276,0.09848089313773964,False
1977-12-30,0.3084734802450703,0.09739976724339201,False
1978-01-03,0.3011909727805955,0.10706839861478612,False
1978-01-04,0.32702214908317523,0.10672034794767331,False
1978-01-05,0.32166177710760413,0.11072369695129133,False
1978-01-06,0.3302084911795026,0.1047462888527153,False
1978-01-09,0.29303317881350555,0.11072406016342068,False
1978-01-10,0.32053080153894836,0.10992348851045718,False
1978-01-11,0.3048206898119636,0.10427812770721614,False
1978-01-12,0.2850516745606948,0.10486176874074225,False
1978-01-13,0.2854169766275666,0.10555754886578564,False
1978-01-16,0.28342884469655066,0.10179175546398905,False
1978-01-17,0.2618708274397737,0.10979972268003434,False
1978-01-18,0.2903538214265857,0.11925909764567531,False
1978-01-19,0.3194977154201161,0.11720075739115408,False
1978-01-20,0.3091118154439397,0.11712996721052892,False
1978-01-23,0.30954587739353184,0.11678905213136344,False
1978-01-24,0.31104755218526536,0.11226158339455176,False
1978-01-25,0.29517624345987203,0.10489392063311945,False
1978-01-26,0.2652307813213231,0.10607400158282847,False
1978-01-27,0.2670881752314869,0.1057905372905593,False
1978-01-30,0.26640778395086534,0.11216303226559327,False
1978-01-31,0.27338203142732864,0.11172164998272599,False
1978-02-01,0.2741113745732266,0.11054771114879601,False
1978-02-02,0.2769626553039673,0.11234528995412263,False
1978-02-03,0.28078435019087655,0.10889220157189139,False
1978-02-06,0.2634608635944478,0.09672261339267002,False
1978-02-07,0.22309198361613958,0.09480443173358491,False
1978-02-08,0.21133759200101232,0.092714252016558,False
1978-02-09,0.20965507464747432,0.09287388441737553,False
1978-02-10,0.2113458121036476,0.09311275277332434,False
1978-02-13,0.21391719224512232,0.0940363356246931,False
1978-02-14,0.21735390788272674,0.09766529096620775,False
1978-02-15,0.23644993899299876,0.093787393556753,False
1978-02-16,0.2180163588721063,0.08924442144372104,False
1978-02-17,0.1951903566040738,0.08828293249638658,False
1978-02-21,0.19091620272563004,0.0887665946919845,False
1978-02-22,0.18977563179589038,0.08616561061422807,False
1978-02-23,0.1854802495455121,0.08725713845720359,False
1978-02-24,0.1948803014833436,0.09752427231845356,False
1978-02-27,0.2328940605113443,0.09499997273139106,False
1978-02-28,0.2279377281622115,0.10391255508605764,False
1978-03-01,0.2685710837459097,0.09982640143912187,False
1978-03-02,0.2688573624639744,0.10088993898528553,False
1978-03-03,0.2685538281605492,0.09736167906830843,False
1978-03-06,0.2496144395598184,0.09903302898263382,False
1978-03-07,0.25869217031380615,0.1027442246714702,False
1978-03-08,0.2845194918900701,0.108617619790617,False
1978-03-09,0.3192326225969268,0.10264693011281034,False
1978-03-10,0.2896409773689397,0.10750985488998457,False
1978-03-13,0.3074775032769412,0.10630225125175191,False
1978-03-14,0.30027896457646114,0.10639075460723695,False
1978-03-15,0.30027333697125896,0.10605705145827954,False
1978-03-16,0.2999769257177411,0.10350942446795558,False
1978-03-17,0.28267957009216327,0.1078952256445902,False
1978-03-20,0.2998117591881384,0.10361407109406164,False
1978-03-21,0.28696687417424327,0.1176671289479075,False
1978-03-22,0.342480941631998,0.11790153611924573,False
1978-03-23,0.3449757415470407,0.11823041567104058,False
1978-03-27,0.3482572280944232,0.1211881766757148,False
1978-03-28,0.34886196000182,0.11755597785429923,False
1978-03-29,0.3365193242496241,0.11540394920121172,False
1978-03-30,0.3265098467367814,0.10563582037280558,False
1978-03-31,0.2867390950294959,0.10607257847979572,False
1978-04-03,0.2867118606190863,0.10860886420740187,False
1978-04-04,0.30354972089651716,0.10982190526713193,False
1978-04-05,0.31114122627989665,0.11090999160388891,False
1978-04-06,0.31841482804473115,0.10969396651790318,False
1978-04-07,0.3101941720714734,0.10676592075390362,False
1978-04-10,0.292323768381028,0.10745376044324385,False
1978-04-11,0.29607640955028736,0.10330760005791127,False
1978-04-12,0.2773727632875164,0.10358661870987092,False
1978-04-13,0.28039190579503576,0.10952426455150553,False
1978-04-14,0.296096530127968,0.1335383444654996,False
1978-04-17,0.3809205558237706,0.1449716058000833,False
1978-04-18,0.4064795004137283,0.15238206065276014,False
1978-04-19,0.415932448645979,0.1509092103593108,False
1978-04-20,0.40586058072763626,0.13965448300183989,False
1978-04-21,0.3724805894744075,0.13748074112611142,False
1978-04-24,0.3605414107061764,0.13983366886314358,False
1978-04-25,0.36502861285355076,0.13703252781614847,False
1978-04-26,0.33947410408155687,0.13977619407763825,False
1978-04-27,0.3406161058697233,0.14813364046952304,False
1978-04-28,0.36125066059465305,0.14710563483227707,False
1978-05-01,0.3455862257884935,0.1467741329615556,False
1978-05-02,0.3463495445420137,0.14166199295131043,False
1978-05-03,0.31681104680772565,0.1486611915699783,False
1978-05-04,0.32794832357548126,0.1470268898367676,False
1978-05-05,0.31297303196447424,0.14664915130137934,False
1978-05-08,0.3034828284168825,0.15217013113712535,False
1978-05-09,0.3220133380983803,0.15278239856503378,False
1978-05-10,0.3225703133088494,0.1518859997663,False
1978-05-11,0.3205533895653098,0.15507380949505561,False
1978-05-12,0.32517498091190383,0.15507083556906828,False
1978-05-15,0.3116500547239341,0.1388491582540041,False
1978-05-16,0.2728274986926185,0.12853017473843553,False
1978-05-17,0.2562236195134292,0.11556327605025972,False
1978-05-18,0.22624861324014073,0.12953855677131895,False
1978-05-19,0.2603894193155749,0.13132659126516408,False
1978-05-22,0.26126955101011995,0.1332483343228944,False
1978-05-23,0.2611734146805274,0.13667661955501703,False
1978-05-24,0.27286752226142325,0.13758583866318905,False
1978-05-25,0.28175954440310663,0.13780938179100724,False
1978-05-26,0.28760560629582316,0.13513596311022202,False
1978-05-30,0.2827812544080904,0.13147123999546853,False
1978-05-31,0.27614241540335127,0.12708977516726183,False
1978-06-01,0.2660661635336889,0.1272114714830265,False
1978-06-02,0.274260167220356,0.1293405541929266,False
1978-06-05,0.29316573913799054,0.1519491707038193,False
1978-06-06,0.3534415373859929,0.15177695052338155,False
1978-06-07,0.34893791467619517,0.14893946843427874,False
1978-06-08,0.34012723517974375,0.14878473990036603,False
1978-06-09,0.34711087739645813,0.14996488333337946,False
1978-06-12,0.35110470578128417,0.14497469279213215,False
1978-06-13,0.33684367009331406,0.1410994097426411,False
1978-06-14,0.3293548921039222,0.13985610098952314,False
1978-06-15,0.3258978326352117,0.14605014395184962,False
1978-06-16,0.3409067853132281,0.14822374320171722,False
1978-06-19,0.35921718380057355,0.14127839100363196,False
1978-06-20,0.34682320101801395,0.14473059190237414,False
1978-06-21,0.36391058960717393,0.1407669320047468,False
1978-06-22,0.36167738010174394,0.13760836422238662,False
1978-06-23,0.34359827522753966,0.13203457120998352,False
1978-06-26,0.3313181360065379,0.14397293315832627,True
1978-06-27,0.37153747799332276,0.1429664525660396,False
1978-06-28,0.35931173982883996,0.1415703355025721,False
1978-06-29,0.3518018864050979,0.13862345679858387,False
1978-06-30,0.3335256413847552,0.13832330425579362,False
1978-07-03,0.3333116066575571,0.1326373813037051,False
1978-07-05,0.30317745407369007,0.09576034357896014,False
1978-07-06,0.21368299322455633,0.0919465020958219,False
1978-07-07,0.20102997247912588,0.09691824010444589,False
1978-07-10,0.21732873484295787,0.10351522356210748,False
1978-07-11,0.24189721335713968,0.11007401451484536,False
1978-07-12,0.2635831834982131,0.11034037966928405,False
1978-07-13,0.269415062361164,0.11033957200597579,False
1978-07-14,0.2854366885621875,0.12887156544271516,False
1978-07-17,0.3326386237446568,0.12076890589622757,False
1978-07-18,0.30233234240774015,0.1251430691628214,False
1978-07-19,0.32389735909209966,0.1354786729596804,False
1978-07-20,0.36016435304260874,0.1294413532375675,False
1978-07-21,0.33742404036489726,0.13067297786564822,False
1978-07-24,0.333397670882973,0.1291390976478727,False
1978-07-25,0.3346228049137257,0.13075604612220942,False
1978-07-26,0.3252606638478136,0.11497084055373204,False
1978-07-27,0.25665501828334636,0.11508377613292335,False
1978-07-28,0.2612651697593184,0.11696773005962786,False
1978-07-31,0.26639812423358267,0.1214387563873338,False
1978-08-01,0.2774098817409844,0.12147524897549716,False
1978-08-02,0.2743602346396588,0.14303880811142097,False
1978-08-03,0.33752689121087043,0.13559430648747525,False
1978-08-04,0.2922601201658159,0.13529833752251924,False
1978-08-07,0.2800143784152688,0.1417270734407736,False
1978-08-08,0.28767300584284816,0.14121899331730733,False
1978-08-09,0.2837444631153321,0.1409463499192322,False
1978-08-10,0.2854703656007895,0.15039204732084477,False
1978-08-11,0.31343856853227153,0.14935135766839736,False
1978-08-14,0.3065313446546045,0.1416831258349816,False
1978-08-15,0.2957938086273403,0.14312322189146562,False
1978-08-16,0.30364738781618394,0.13252871802503205,False
1978-08-17,0.2632702078280175,0.12678236960288702,False
1978-08-18,0.23903741982104434,0.1293744260886571,False
1978-08-21,0.24885836171808806,0.13217141181323042,False
1978-08-22,0.26161033243963033,0.13224542061552463,False
1978-08-23,0.25684807555580286,0.13152308560286607,False
1978-08-24,0.2621689699289965,0.13123487719973145,False
1978-08-25,0.2613158023356003,0.1312646482026934,False
1978-08-28,0.2591469550382803,0.13778768656200238,False
1978-08-29,0.2812227211900937,0.13631861379046797,False
1978-08-30,0.2863009204057686,0.13633369280893595,False
1978-08-31,0.28579334803541817,0.0987360657922352,False
1978-09-01,0.1698521624065147,0.09783055700862907,False
1978-09-05,0.18534998975841954,0.09871021087366959,False
1978-09-06,0.1938559038092641,0.10303605749565035,False
1978-09-07,0.2168032905396041,0.100415791238295,False
1978-09-08,0.21001392173338274,0.11247068162131105,False
1978-09-11,0.2631803199073166,0.10432749604222911,False
1978-09-12,0.22845379118125358,0.10474744993402425,False
1978-09-13,0.22781258780635494,0.11094824233481745,False
1978-09-14,0.23424248227627592,0.12008496785389806,False
1978-09-15,0.2637958476770798,0.1269756178288177,False
1978-09-18,0.2895129692288102,0.12847509350178896,False
1978-09-19,0.3007298159969918,0.13397105757893896,False
1978-09-20,0.3138461443216211,0.1315296967179631,False
1978-09-21,0.3147484446267903,0.13008087163889606,False
1978-09-22,0.30600824430680035,0.12737066004996797,False
1978-09-25,0.300579266274019,0.12576256831419472,False
1978-09-26,0.30552672262948766,0.12670413122871058,False
1978-09-27,0.30760105540210314,0.1299643998764446,False
1978-09-28,0.3208562933276483,0.12877029225427966,False
1978-09-29,0.32329756092411305,0.12862077527269514,False
1978-10-02,0.3213533440662183,0.12950143247824525,False
1978-10-03,0.32373773051751925,0.12756909274086944,False
1978-10-04,0.3212392353039082,0.12630965629012397,False
1978-10-05,0.3252564084457265,0.1172695199178368,False
1978-10-06,0.303838360726222,0.1169219358493556,False
1978-10-09,0.3034899644549289,0.10732476627109155,False
1978-10-10,0.25942643822547445,0.10787350482436668,False
1978-10-11,0.26130735234338665,0.1207076520956206,False
1978-10-12,0.30961773751372923,0.11855075787103768,False
1978-10-13,0.308437216929124,0.11151634307290821,False
1978-10-16,0.29220764979258396,0.12533040782801644,True
1978-10-17,0.33770058070004155,0.13494562037706787,True
1978-10-18,0.36775081180963937,0.13169142060546343,False
1978-10-19,0.372365183854203,0.14164355204034307,True
1978-10-20,0.4029669432249826,0.14716099319012227,False
1978-10-23,0.4316350874134342,0.14707159431576233,False
1978-10-24,0.4232362891872874,0.1493285856211993,False
1978-10-25,0.4060365192430946,0.14730871798330974,False
1978-10-26,0.3899342919569498,0.14705717336123428,False
1978-10-27,0.37117145269814206,0.15141309550103504,True
1978-10-30,0.37298863844049873,0.1803323574322275,True
1978-10-31,0.37816267813529475,0.19032626261617344,True
1978-11-01,0.39327173956147893,0.27068241948340116,True
1978-11-02,0.5360101663449215,0.27177380905514714,True
1978-11-03,0.5250013532605016,0.2739935905746726,True
1978-11-06,0.5110192668785257,0.2751700172687467,True
1978-11-07,0.5010434679872244,0.2735491349466073,True
1978-11-08,0.49622720225683953,0.27621851845409073,True
1978-11-09,0.4956880169450894,0.2698618949435375,True
1978-11-10,0.477625626551011,0.2716426863793701,True
1978-11-13,0.48532726293160783,0.2767907613713268,True
1978-11-14,0.4903995510270263,0.2711919467794499,True
1978-11-15,0.4800069482384045,0.26859706774514136,True
1978-11-16,0.4740900422867035,0.27451960095138966,True
1978-11-17,0.4855765628853487,0.2717452865356249,True
1978-11-20,0.48399153428783814,0.2689556019650955,True
1978-11-21,0.48444322635226483,0.26902269046386473,True
1978-11-22,0.48806456600492726,0.2668308453118307,True
1978-11-24,0.4948483449136904,0.2661403235015761,True
1978-11-27,0.5008461475581043,0.2613841900635934,True
1978-11-28,0.5034180511295279,0.2560480650697615,True
1978-11-29,0.500046519220792,0.24638102244007853,True
1978-11-30,0.5298384544350585,0.23548293786423657,True
1978-12-01,0.5226339198734407,0.17434859991468774,False
1978-12-04,0.4262994777790202,0.16848963657493704,False
1978-12-05,0.40976165858851993,0.17544097763030264,False
1978-12-06,0.431616073413032,0.1701219001628802,False
1978-12-07,0.43420726300793494,0.1593135737628529,False
1978-12-08,0.40824877789117264,0.1593796867645546,False
1978-12-11,0.4161332752234118,0.1600635154555786,False
1978-12-12,0.4227973367463331,0.16324945721622858,False
1978-12-13,0.43456131638963863,0.148257583256475,False
1978-12-14,0.39554285064804257,0.14273168273403924,False
1978-12-15,0.375847223110781,0.14532402342819328,False
1978-12-18,0.39655185590423664,0.17121530165829926,True
1978-12-19,0.46729335926719207,0.17209602842224578,False
1978-12-20,0.4526389138045843,0.17192817053316337,False
1978-12-21,0.4451561395794973,0.1731536215212843,False
1978-12-22,0.44269661877290967,0.18276606580349913,True
1978-12-26,0.46331205117014507,0.18513866167539397,True
1978-12-27,0.46229321530505607,0.18966565024515805,True
1978-12-28,0.47564296129865996,0.18705113590745895,True
1978-12-29,0.4678824194389828,0.1809635225224083,True
1979-01-02,0.4504027450226359,0.1767826530555177,False
1979-01-03,0.4395419584587856,0.16523567063605998,False
1979-01-04,0.4100074675474423,0.16770330888552387,False
1979-01-05,0.412685546952697,0.16222744049473958,False
1979-01-08,0.39710402537643713,0.16353624724106872,False
1979-01-09,0.4139864311964359,0.16143516034746203,False
1979-01-10,0.40534966981958465,0.1638706444120754,False
1979-01-11,0.41026222276584684,0.1647826154968892,False
1979-01-12,0.4088676332571125,0.16230167923969688,False
1979-01-15,0.40037194588829383,0.1578648136700525,False
1979-01-16,0.38171822029346736,0.16741745694629184,False
1979-01-17,0.4010513799409434,0.16567274374287258,False
1979-01-18,0.3921828378878256,0.1262360527588418,False
1979-01-19,0.2747088743675438,0.1267908987817047,False
1979-01-22,0.2736661899997705,0.12700772847305883,False
1979-01-23,0.28743274795114926,0.1262565875905483,False
1979-01-24,0.28875622559972797,0.11873892301085169,False
1979-01-25,0.25980108479654984,0.118351056835121,False
1979-01-26,0.2687234220303305,0.11206865502655974,False
1979-01-29,0.24234851735870216,0.1131428499714989,False
1979-01-30,0.24716485748749428,0.11431532053099311,False
1979-01-31,0.25407590941611263,0.12556373334008258,False
1979-02-01,0.2901092025902225,0.11833049982638505,False
1979-02-02,0.2712471383896998,0.11547529043487922,False
1979-02-05,0.27236371193813724,0.1261185434867099,True
1979-02-06,0.33070831514421495,0.12554692471807433,False
1979-02-07,0.32255911326955583,0.12952999245042096,False
1979-02-08,0.3358204957759139,0.12910972966515374,False
1979-02-09,0.3336981937299227,0.12436819496832117,False
1979-02-12,0.3298180054725195,0.12087637350433862,False
1979-02-13,0.3137279782815239,0.12494169503978537,False
1979-02-14,0.34311560308061384,0.11845091347020913,False
1979-02-15,0.32948351233904466,0.11852739842732019,False
1979-02-16,0.33390829201203837,0.11672127288421284,False
1979-02-20,0.3261958827759752,0.11759507434244595,False
1979-02-21,0.33487375236698996,0.11804373337425596,False
1979-02-22,0.3344777053907111,0.11794477822345413,False
1979-02-23,0.3272309648200734,0.11722618092921577,False
1979-02-26,0.32061555661508456,0.10832073979026129,False
1979-02-27,0.2867656860086317,0.11039154266954039,True
1979-02-28,0.2897528859507793,0.112775669360448,False
1979-03-01,0.29996283403966956,0.1173642917685495,False
1979-03-02,0.3139140861964617,0.11227043576798502,False
1979-03-05,0.3088671631117784,0.12642802866578812,False
1979-03-06,0.3625027376278602,0.12666152615918005,False
1979-03-07,0.36193695193150005,0.1148764163147781,False
1979-03-08,0.3268879923115863,0.12389801036225369,False
1979-03-09,0.34528260953841194,0.1134169312292964,False
1979-03-12,0.3131413751416813,0.11309910412984615,False
1979-03-13,0.31181694806086996,0.11304223776426131,False
1979-03-14,0.3138711946316536,0.11345675698175771,False
1979-03-15,0.31711028718651096,0.10826547650688587,False
1979-03-16,0.28687072943967407,0.10803664612007961,False
1979-03-19,0.28039135002300425,0.10877486657779048,False
1979-03-20,0.28693413290495695,0.11282141301422878,False
1979-03-21,0.30301231227091907,0.1194148419774867,False
1979-03-22,0.3257361900045729,0.11979770994332077,False
1979-03-23,0.3232370053739363,0.11695268048411042,False
1979-03-26,0.3108968753677812,0.11545883864828857,False
1979-03-27,0.3093020852521338,0.1213821017681727,False
1979-03-28,0.3141402189624316,0.10671555086398421,False
1979-03-29,0.2537188399813631,0.10733770052705288,False
1979-03-30,0.24451086930741364,0.10807635431558148,False
1979-04-02,0.23706978239142337,0.11249710326321273,False
1979-04-03,0.26236210086104605,0.11738167131838398,False
1979-04-04,0.27284129098001614,0.1144588317183472,False
1979-04-05,0.2605932285499002,0.11392980763302202,False
1979-04-06,0.2586577480311587,0.10743220065627049,False
1979-04-09,0.23571421534997472,0.10845485550934958,False
1979-04-10,0.24456345689652925,0.11059685981803735,False
1979-04-11,0.2563349023850367,0.12017608257634005,False
1979-04-12,0.28796355523304973,0.12103450622625568,False
1979-04-16,0.28408475355208274,0.12491100790120711,False
1979-04-17,0.2973034786385404,0.12428135072992394,False
1979-04-18,0.29968000644457526,0.1259425875903455,False
1979-04-19,0.3088325044672796,0.12354644138629937,False
1979-04-20,0.29913757299516325,0.1168632892138258,False
1979-04-23,0.28548602431847564,0.11492336849462734,False
1979-04-24,0.2835728951074009,0.11515145473830403,False
1979-04-25,0.2859878584763122,0.11430775463200271,False
1979-04-26,0.2835891749750352,0.10648323157387736,False
1979-04-27,0.2708555332777196,0.10654798069662205,False
1979-04-30,0.2681320929323504,0.1065222528151827,False
1979-05-01,0.27642013244460584,0.10608258807015382,False
1979-05-02,0.2885664167570625,0.10291801584935661,False
1979-05-03,0.26616405546348487,0.08166337625321858,False
1979-05-04,0.18764647903126783,0.09029831026316694,False
1979-05-07,0.2186699255782682,0.10148838687190005,True
1979-05-08,0.27477085092434245,0.1043109864468751,False
1979-05-09,0.28041250524215083,0.10451935122074538,False
1979-05-10,0.27052689347383124,0.10334843751654896,False
1979-05-11,0.2614451909654906,0.09831884055101657,False
1979-05-14,0.24134116793978985,0.09926312750343133,False
1979-05-15,0.24722004462196295,0.0965179941763971,False
1979-05-16,0.24276812552475674,0.09699102575825787,False
1979-05-17,0.23903912535580224,0.10745622463602522,False
1979-05-18,0.25953775036369436,0.10735849992032279,False
1979-05-21,0.25354350580087986,0.10719098761669149,False
1979-05-22,0.2525764064147667,0.10780472823034308,False
1979-05-23,0.2539072759025618,0.105578845126263,False
1979-05-24,0.2504781780168551,0.10451451777972229,False
1979-05-25,0.24195536417235095,0.10409267868763171,False
1979-05-29,0.24010718427971767,0.10311952768174425,False
1979-05-30,0.2432263184358638,0.1081678559186951,False
1979-05-31,0.2657398687047053,0.10782352618398891,False
1979-06-01,0.2677258980333859,0.10800551041683878,False
1979-06-04,0.2730496714617879,0.10853103307288309,False
1979-06-05,0.27285591879252363,0.11123175005884649,False
1979-06-06,0.27429862193053217,0.09630468183974984,False
1979-06-07,0.20791873766049712,0.09829318180748689,False
1979-06-08,0.22244011820499004,0.09916211950745264,False
1979-06-11,0.2361823123501335,0.09104856608272492,False
1979-06-12,0.20994981248959668,0.09836617069140297,False
1979-06-13,0.23307574432974626,0.09583022979020209,False
1979-06-14,0.2188999517467463,0.09630761513631445,False
1979-06-15,0.22081806985980773,0.09696731008796532,False
1979-06-18,0.22765872678580737,0.08745393171807822,False
1979-06-19,0.20281485051987663,0.08752406011641646,False
1979-06-20,0.2136732463338793,0.08742938428906803,False
1979-06-21,0.21245030014913555,0.08812102733013505,False
1979-06-22,0.21842545569696234,0.08836351880536605,False
1979-06-25,0.22419553160431455,0.09703103290455437,False
1979-06-26,0.2591087369183435,0.09764990837724799,False
1979-06-27,0.2604055098376277,0.10007025287185914,False
1979-06-28,0.2561487894804052,0.08973740128562507,False
1979-06-29,0.213916193417732,0.09084965753444044,False
1979-07-02,0.21431438335440142,0.09841607646754102,False
1979-07-03,0.23040058341446312,0.09845751474081552,False
1979-07-05,0.22905097259189533,0.09145010282870802,False
1979-07-06,0.22290541309925654,0.09325677060437906,False
1979-07-09,0.23769501928873152,0.09936874789696697,False
1979-07-10,0.26508972373667183,0.09907090939205274,False
1979-07-11,0.25616276359318174,0.1012802975402136,False
1979-07-12,0.2663041601001572,0.0960325515816006,False
1979-07-13,0.25678566237433725,0.09642681990229704,False
1979-07-16,0.2675704842512146,0.09609343634211338,False
1979-07-17,0.26666436558828205,0.10441668496211766,False
1979-07-18,0.28975985891994627,0.1044179908658855,False
1979-07-19,0.28818614177968105,0.1047538517521867,False
1979-07-20,0.2843707097667695,0.10472469269327911,False
1979-07-23,0.2818770189926195,0.10286642009859523,False
1979-07-24,0.2745699927709166,0.09991202540531863,False
1979-07-25,0.2644252746620751,0.10436612314419796,False
1979-07-26,0.27776824739576106,0.10462948275580233,False
1979-07-27,0.28366751138905777,0.10130807736317249,False
1979-07-30,0.28777045524911027,0.102276311197387,False
1979-07-31,0.2904349299803576,0.10730012952218002,False
1979-08-01,0.3066212452355486,0.10532022078521386,False
1979-08-02,0.3005512353859228,0.10550593602352272,False
1979-08-03,0.30196957464151375,0.10550326299892548,False
1979-08-06,0.2976768407624632,0.10646645436151263,False
1979-08-07,0.26668354122348625,0.10610030077127283,False
1979-08-08,0.25686348815925575,0.10521852728617825,False
1979-08-09,0.2513751400380696,0.10251733622891183,False
1979-08-10,0.23998073121144714,0.10549142799241816,False
1979-08-13,0.23889526456512694,0.10738291990570765,False
1979-08-14,0.24428593752245575,0.10822265216241242,False
1979-08-15,0.2456302502133258,0.09348115199446053,False
1979-08-16,0.20437622612329318,0.09498271945996899,False
1979-08-17,0.19531114444468206,0.09273490966688494,False
1979-08-20,0.17841785025336102,0.09168459133594335,False
1979-08-21,0.16817728602894633,0.08839041236062903,False
1979-08-22,0.1429605217661735,0.09158014585409667,False
1979-08-23,0.15075530815619717,0.09160749824959287,False
1979-08-24,0.1409255113274665,0.09645394987464578,False
1979-08-27,0.16315826187725957,0.09532560783988553,False
1979-08-28,0.16178469512188787,0.09578432790345591,False
1979-08-29,0.16293294847905643,0.09382894437988647,False
1979-08-30,0.16326292673656548,0.09176205148809068,False
1979-08-31,0.15962749346681243,0.09178661765799725,False
1979-09-04,0.15912368177233194,0.11004527635185887,False
1979-09-05,0.2280992135331839,0.11482476321546244,False
1979-09-06,0.2645878335081835,0.10699093777028675,False
1979-09-07,0.2385401742194864,0.10888393326956157,False
1979-09-10,0.2430916555923643,0.10837272365826446,False
1979-09-11,0.24199423730132189,0.1015464752650167,False
1979-09-12,0.24460838619774986,0.08981030063780139,False
1979-09-13,0.20543527139993992,0.09205954077576224,False
1979-09-14,0.19642405277934216,0.09795041543864469,False
1979-09-17,0.2099128848796273,0.09702070142190809,False
1979-09-18,0.21641472898687442,0.10251892904721774,False
1979-09-19,0.2415033444520087,0.10133939372005364,False
1979-09-20,0.23792608338925597,0.10856828639814009,False
1979-09-21,0.2622229418775023,0.10896802474989947,False
1979-09-24,0.24893347913699831,0.1132486601662861,False
1979-09-25,0.26136019641802294,0.11255063404354178,False
1979-09-26,0.26484173108458753,0.11016318828084953,False
1979-09-27,0.25477394413141374,0.11010546812986445,False
1979-09-28,0.2510378432820327,0.11347584299981303,False
1979-10-01,0.25753346077041417,0.11533771134939742,False
1979-10-02,0.2662745236686657,0.11910108338076436,False
1979-10-03,0.2644149088469447,0.10897890798557337,False
1979-10-04,0.22003619599759017,0.10035844705147942,False
1979-10-05,0.18896251213313878,0.10394041922226167,False
1979-10-08,0.20348315429992092,0.10763599270995262,False
1979-10-09,0.21947473540282295,0.15961629307250771,True
1979-10-10,0.3620543057259782,0.16272512173413528,False
1979-10-11,0.356279444861063,0.1627663468564583,False
1979-10-12,0.3527010764037853,0.16194575955547574,False
1979-10-15,0.35533316175628005,0.1558536238672954,False
1979-10-16,0.34431623647097126,0.1557207156840516,False
1979-10-17,0.3388166945918093,0.15519315470683376,False
1979-10-18,0.32844680666097703,0.1548735329934194,False
1979-10-19,0.32588896988040283,0.1605626059936379,True
1979-10-22,0.3390686672732342,0.16005916385454505,False
1979-10-23,0.3333330357228711,0.15913898094577977,False
1979-10-24,0.3245988924309467,0.15949136504623523,False
1979-10-25,0.3161844226614376,0.15896781545557964,False
1979-10-26,0.3093744191496498,0.16231956919591453,False
1979-10-29,0.32194068194243064,0.16225672151320555,False
1979-10-30,0.3238888008053616,0.17576234702145896,False
1979-10-31,0.36222669496337906,0.17270354370444327,False
1979-11-01,0.35742434475928403,0.17395154396373858,False
1979-11-02,0.37283231423122426,0.1734598766727149,False
1979-11-05,0.36595324834261184,0.16801266098621362,False
1979-11-06,0.350891308445177,0.16721758026925762,False
1979-11-07,0.35051389677965683,0.13265497447612748,False
1979-11-08,0.28130984694548994,0.1310308872889796,False
1979-11-09,0.27982419396502495,0.14063693624681478,False
1979-11-12,0.3185084523312942,0.1556483861135251,False
1979-11-13,0.36841314918906326,0.15501000430165235,False
1979-11-14,0.3688206802857307,0.15621251316157284,False
1979-11-15,0.3714033129910661,0.15889980080242117,False
1979-11-16,0.38285761986572386,0.1602778976640811,False
1979-11-19,0.3823118909586687,0.14043989976095675,False
1979-11-20,0.3276698487091764,0.1351668696743024,False
1979-11-21,0.3155373480313874,0.13450153138546506,False
1979-11-23,0.32056243142909535,0.1389513110460403,False
1979-11-26,0.3348601164659326,0.16134292568675268,False
1979-11-27,0.4064303860559302,0.16162035723918847,False
1979-11-28,0.36994767278879565,0.1626108351136384,False
1979-11-29,0.37058328278544994,0.1554235851466223,False
1979-11-30,0.35025477993597565,0.15062123503812075,False
1979-12-03,0.34204848649277314,0.1511744709628937,False
1979-12-04,0.34406259027375347,0.15199896221971543,False
1979-12-05,0.349996399185898,0.14746125840528024,False
1979-12-06,0.33493878048020603,0.1451729762475672,False
1979-12-07,0.3239336652466883,0.1365293436157263,False
1979-12-10,0.2923355442518546,0.1365338231832551,False
1979-12-11,0.2979669117142666,0.13459907479129485,False
1979-12-12,0.28439379952996824,0.12287648315815798,False
1979-12-13,0.2508674079233521,0.11684186635581627,False
1979-12-14,0.2324452646453673,0.12016749485170766,False
1979-12-17,0.24721619200286332,0.11820844383120258,False
1979-12-18,0.24208315037557748,0.12249602582749573,False
1979-12-19,0.2546488199593615,0.12274491162901958,False
1979-12-20,0.2520839377575925,0.12003164257544581,False
1979-12-21,0.24460313032119582,0.12196457669496309,False
1979-12-24,0.2518658829545166,0.11804935392277459,False
1979-12-26,0.2473663931846225,0.08046478730312648,False
1979-12-27,0.12911669773082582,0.08022638795793023,False
1979-12-28,0.15000432371560765,0.07497234891903112,False
1979-12-31,0.137631857613085,0.07441856601192265,False
1980-01-02,0.13650504928382937,0.10334139554278825,True
1980-01-03,0.22793514179217222,0.10305530396010298,False
1980-01-04,0.20200235782911447,0.11123241486588939,False
1980-01-07,0.17066864983712565,0.11194523024106269,False
1980-01-08,0.18201735804786587,0.13447354033058742,False
1980-01-09,0.249356494602076,0.1328184978507858,False
1980-01-10,0.2237495211227387,0.13377114459178638,False
1980-01-11,0.21647758428984715,0.13362471693451047,False
1980-01-14,0.2054775473746323,0.13369500935641543,False
1980-01-15,0.20308866193472017,0.13400007864475733,False
1980-01-16,0.19641788544072428,0.12941661064488763,False
1980-01-17,0.1830302741984674,0.1318240865670291,False
1980-01-18,0.18664178022585526,0.12690730876552472,False
1980-01-21,0.17042790103051028,0.13142499356531273,False
1980-01-22,0.18163240428763314,0.13304186072390278,False
1980-01-23,0.18209624502610966,0.1376495628881806,False
1980-01-24,0.1876043740217072,0.13726686444848976,False
1980-01-25,0.18034981139756906,0.1371959295521438,False
1980-01-28,0.17702301817370406,0.13969785355260542,False
1980-01-29,0.17594406070799684,0.14095850625360307,False
1980-01-30,0.17673470215983947,0.14204737732020764,False
1980-01-31,0.17566095119937147,0.1291473489949032,False
1980-02-01,0.14027321330958123,0.12813128313712605,False
1980-02-04,0.13993344225280385,0.13559860234475804,False
1980-02-05,0.15400354483148332,0.1354835983405129,False
1980-02-06,0.15613688604451265,0.11336233758316272,False
1980-02-07,0.10319188449747561,0.11338640987321759,False
1980-02-08,0.10500742748423812,0.11444712513684809,False
1980-02-11,0.09891464887559359,0.12172601137086932,False
1980-02-12,0.11004750463968015,0.12517034321864895,False
1980-02-13,0.11709860551377549,0.12476355190734865,False
1980-02-14,0.11828151201565704,0.13350787891397906,False
1980-02-15,0.13310322568519573,0.1356966428395101,False
1980-02-19,0.148456464502992,0.1381283096247317,False
1980-02-20,0.16275651970292018,0.14258797937313963,False
1980-02-21,0.16743967495392378,0.15342099367702325,True
1980-02-22,0.19413880596376187,0.1463642087555975,False
1980-02-25,0.18192989121209574,0.14692099349071847,False
1980-02-26,0.1889369141547351,0.1452016426293419,False
1980-02-27,0.18629001827156424,0.14735170853152738,True
1980-02-28,0.18112784046566374,0.14781665245098247,False
1980-02-29,0.18215642434750104,0.1508407053628887,False
1980-03-03,0.19558870847363485,0.14801519927939163,False
1980-03-04,0.19474454865704302,0.1459911182866577,False
1980-03-05,0.1844442879883913,0.1507481345582481,True
1980-03-06,0.20451419790651634,0.1524380738988952,False
1980-03-07,0.21078610759102406,0.15226781912578616,False
1980-03-10,0.20085017512957118,0.15185987125788597,False
1980-03-11,0.20646934986299134,0.15375067944848556,False
1980-03-12,0.23287802216599793,0.15165109311205363,False
1980-03-13,0.22511330157888665,0.1443121837464613,False
1980-03-14,0.20907164257252428,0.1435151406782466,False
1980-03-17,0.21359761300424215,0.1571439731958999,True
1980-03-18,0.239404681950343,0.16328068418468622,False
1980-03-19,0.2659134784443486,0.16485031267499442,False
1980-03-20,0.06963645679039258,0.15170178219585317,False
1980-03-21,0.18091273232723287,0.1459798272563183,False
1980-03-24,0.15267859769002193,0.16950251923087786,True
1980-03-25,0.29975393887537377,0.17100959536142732,False
1980-03-26,0.24618544980287616,0.16940430681183102,False
1980-03-27,0.22343731674156223,0.1739941820820384,True
1980-03-28,0.21911561348340428,0.22160624436876322,True
1980-03-31,0.3279011105868726,0.2323834788561669,True
1980-04-01,0.35563122819824344,0.23628460963451636,True
1980-04-02,0.3301898574198558,0.23959385949101433,True
1980-04-03,0.3308923361405984,0.23224686718192078,True
1980-04-07,0.31690101219535927,0.24159154624396417,True
1980-04-08,0.33151625181822963,0.2438057579343721,True
1980-04-09,0.32732581915701703,0.24989715908310398,True
1980-04-10,0.33071907512891235,0.2507729034130368,True
1980-04-11,0.32942310481384823,0.2505111722569297,True
1980-04-14,0.3277003002667419,0.2530901748411469,True
1980-04-15,0.3311435037271762,0.2539938669938198,True
1980-04-16,0.33018032474482106,0.24116817570883314,True
1980-04-17,0.3137685068437144,0.23969543035186439,True
1980-04-18,0.3043431707286786,0.2393797799584592,True
1980-04-21,0.3054967196394481,0.240551154570176,True
1980-04-22,0.30883990989585697,0.26720613449110076,True
1980-04-23,0.3471065266479299,0.24243293598322035,True
1980-04-24,0.29970455625522063,0.24575015144103926,True
1980-04-25,0.3078194875851722,0.24420970170058187,True
1980-04-28,0.3125155836882037,0.2254624581239406,True
1980-04-29,0.30698830293489104,0.19933596848772578,True
1980-04-30,0.2696085445558007,0.18936845318338147,True
1980-05-01,0.24937586179285143,0.1891391428031793,True
1980-05-02,0.26125180138082893,0.18747963280881086,True
1980-05-05,0.25963978808005217,0.188940132812128,True
1980-05-06,0.26266297792959015,0.16585911028510555,False
1980-05-07,0.20811538840460644,0.16618379307216496,False
1980-05-08,0.21034214840522067,0.16238232115655765,False
1980-05-09,0.2073329898897346,0.16427313226281423,False
1980-05-12,0.21026462980795357,0.16401057519092171,False
1980-05-13,0.21069430579926807,0.16188055905999946,False
1980-05-14,0.20263814026454724,0.15973354676361923,False
1980-05-15,0.2014024007531399,0.15277911630913477,False
1980-05-16,0.19905856259668056,0.15302713468677898,False
1980-05-19,0.20723838573586012,0.15328188314255697,False
1980-05-20,0.21164440835039453,0.14356605190688146,False
1980-05-21,0.19841211747540108,0.09432014824582739,False
1980-05-22,0.109662556994859,0.09850404696763597,False
1980-05-23,0.11975868621720465,0.09788818835072809,False
1980-05-27,0.11482932009941382,0.09783772072254605,False
1980-05-28,0.11892425976906204,0.0977560075511205,False
1980-05-29,0.11978138152470338,0.10380724903750621,False
1980-05-30,0.13422815214645795,0.10477679517840452,False
1980-06-02,0.13796102258281814,0.10242618666149132,False
1980-06-03,0.13586154622766533,0.1033226959640464,False
1980-06-04,0.14025947975313036,0.1062225478586723,False
1980-06-05,0.15345010226705416,0.10638287816092312,False
1980-06-06,0.15717466051067355,0.10411064248668676,False
1980-06-09,0.15282856789611213,0.1042247556459322,False
1980-06-10,0.1493491769471436,0.09457365493736909,False
1980-06-11,0.1284045373597808,0.09676127781062444,False
1980-06-12,0.13759509391627087,0.09126916324146647,False
1980-06-13,0.12217049155585596,0.0883789794976668,False
1980-06-16,0.11154399782499633,0.08847192609335527,False
1980-06-17,0.11493632128696502,0.0883361933698335,False
1980-06-18,0.11173096338940203,0.08755307910646284,False
1980-06-19,0.11083547212465855,0.10733578817049708,True
1980-06-20,0.15284203354246068,0.10813033501514963,False
1980-06-23,0.15940935727075323,0.1038141359240478,False
1980-06-24,0.1518802443245261,0.09670621134828952,False
1980-06-25,0.14023884546159487,0.0993855581263102,False
1980-06-26,0.14854744878271076,0.10223860543587102,False
1980-06-27,0.14868908200459807,0.09713797414773896,False
1980-06-30,0.13353925399348995,0.10662399519000923,False
1980-07-01,0.16501553706712024,0.10676822665221077,False
1980-07-02,0.16415662148724577,0.10774794537493965,False
1980-07-03,0.16164990678556637,0.10993464474529653,False
1980-07-07,0.16249056854376945,0.11226273301520139,False
1980-07-08,0.17201595182972546,0.11204861002775075,False
1980-07-09,0.17351620404398604,0.10976571955771294,False
1980-07-10,0.17129889090995498,0.1103715372270621,False
1980-07-11,0.174069503547669,0.10949067880521604,False
1980-07-14,0.17332289068248807,0.11714858299390206,False
1980-07-15,0.18438093952367565,0.11735898716495385,False
1980-07-16,0.18653618800198757,0.11734504391845925,False
1980-07-17,0.18804516778578373,0.12102116031011834,False
1980-07-18,0.19856565968305626,0.12303542564846888,False
1980-07-21,0.20377692173889886,0.10314234668863972,False
1980-07-22,0.15556510471618235,0.1027011743035579,False
1980-07-23,0.14511861942034407,0.10630677886201194,False
1980-07-24,0.1525946962098143,0.10590640598874465,False
1980-07-25,0.1530115272798915,0.10877786766366632,False
1980-07-28,0.16033006071509326,0.10539216614598639,False
1980-07-29,0.15434416546395563,0.10718869543188501,False
1980-07-30,0.15507163007772334,0.09337052115451121,False
1980-07-31,0.11510301714281262,0.09403730974096186,False
1980-08-01,0.11617953149312622,0.09522898941495397,False
1980-08-04,0.12066913989013774,0.08915219681062997,False
1980-08-05,0.10705021500248614,0.08687233770644265,False
1980-08-06,0.10118630965138169,0.08712485285820877,False
1980-08-07,0.1012898298602254,0.0940894454786695,False
1980-08-08,0.11248507152015325,0.09186133939623524,False
1980-08-11,0.10491085602153719,0.09171550244285163,False
1980-08-12,0.10378571278244716,0.09221645728025503,False
1980-08-13,0.11048949579891956,0.09227746358865169,False
1980-08-14,0.11283634289066191,0.09500586485081262,False
1980-08-15,0.11633023085860407,0.09067729660663097,False
1980-08-18,0.10690883476720958,0.10462881597387255,False
1980-08-19,0.1428857177613793,0.10712673795391116,False
1980-08-20,0.1583376943270085,0.10674520133000504,False
1980-08-21,0.1612226447256054,0.11071680503903422,False
1980-08-22,0.1708883517680513,0.11032820637101283,False
1980-08-25,0.16450575095607645,0.10832140377689266,False
1980-08-26,0.15649264160692497,0.10816878512293035,False
1980-08-27,0.1556953972291633,0.11537930844188753,False
1980-08-28,0.17354581340666297,0.11865660426836724,False
1980-08-29,0.18554154194667705,0.11868584806201422,False
1980-09-02,0.18849308550586097,0.11882272075635415,False
1980-09-03,0.1921340454135422,0.13350486668136138,False
1980-09-04,0.22864664583280203,0.13372508197816815,False
1980-09-05,0.2328479164353148,0.1348021655424755,False
1980-09-08,0.24132505228936157,0.1335699895320734,False
1980-09-09,0.24254659868255748,0.13403852464278337,False
1980-09-10,0.24258050873518094,0.13237082320450194,False
1980-09-11,0.2395443187044262,0.1320735707838652,False
1980-09-12,0.24056618859036008,0.13208734311776227,False
1980-09-15,0.2442911867429719,0.12814062995557143,False
1980-09-16,0.2371711789769285,0.13183706235509718,False
1980-09-17,0.23925174199883276,0.13609587223697503,False
1980-09-18,0.23250111506424345,0.13423728352778286,False
1980-09-19,0.22165098209663134,0.13579363497208627,False
1980-09-22,0.22512348937583293,0.13200318328990343,False
1980-09-23,0.21576645215668971,0.13457586017519999,False
1980-09-24,0.21620057872808043,0.13361673910216076,False
1980-09-25,0.2054083938357919,0.13843262135632523,False
1980-09-26,0.21957475198363466,0.1525930770785022,True
1980-09-29,0.25460300047026646,0.1641331734910948,True
1980-09-30,0.28154479043263686,0.17103912663611165,False
1980-10-01,0.2919516728973053,0.17133231113452269,False
1980-10-02,0.2948671957338414,0.1600232367256696,False
1980-10-03,0.2680442490174594,0.16691747903737011,False
1980-10-06,0.2860407444564503,0.1709002791918556,False
1980-10-07,0.2904883088824292,0.16450325182087683,False
1980-10-08,0.2796804329000319,0.1642263003949919,False
1980-10-09,0.2797619226115318,0.1664188963348769,False
1980-10-10,0.2829536820506891,0.16735206536599154,False
1980-10-13,0.2927841102623834,0.1689739694868425,False
1980-10-14,0.29437748426132615,0.1689183158163556,False
1980-10-15,0.2958300721701309,0.16769096720067808,False
1980-10-16,0.29885768104955535,0.16239668408031385,False
1980-10-17,0.2947677236245963,0.16324216131572417,False
1980-10-20,0.29929647841173374,0.16045563471679827,False
1980-10-21,0.2969222204851954,0.1600543490230732,False
1980-10-22,0.30360510556682113,0.15894023975020125,False
1980-10-23,0.30346513813620984,0.16205256867642584,False
1980-10-24,0.31936325217003375,0.16037459087630548,False
1980-10-27,0.3093923056357739,0.15055493132661926,False
1980-10-28,0.2782205625942724,0.13440132803295032,False
1980-10-29,0.2345635949142172,0.12436488334119378,False
1980-10-30,0.20840685146489268,0.12874982470139434,False
1980-10-31,0.21201809919543474,0.13441693066449462,False
1980-11-03,0.2156882595218959,0.1300042561593737,False
1980-11-05,0.18564291344873124,0.13876916035274675,False
1980-11-06,0.19700664417450856,0.1510136214540714,True
1980-11-07,0.2320219765735994,0.15047871684231603,False
1980-11-10,0.22634636038806585,0.14993533565200462,False
1980-11-11,0.22454139000607284,0.15699173345583117,False
1980-11-12,0.246029604985751,0.1732161727724818,False
1980-11-13,0.2769988915464775,0.17807114175816166,False
1980-11-14,0.27939168861908986,0.17790706330038258,False
1980-11-17,0.2710633985195649,0.17076406524093035,False
1980-11-18,0.2515913614323875,0.17390977911382927,False
1980-11-19,0.2610057644331422,0.17512210932892208,False
1980-11-20,0.25888046331273495,0.17108608395136232,False
1980-11-21,0.24868933534597584,0.17192639005298385,False
1980-11-24,0.246717893756217,0.16711325398226634,False
1980-11-25,0.23527471814852013,0.16704224926633782,False
1980-11-26,0.23258742455501305,0.15779278333181984,False
1980-11-28,0.2140029074352853,0.15767767573323616,False
1980-12-01,0.20953857184749283,0.1658338023632507,False
1980-12-02,0.22820306370800278,0.15768732322476914,False
1980-12-03,0.22349615897178693,0.15577657633935907,False
1980-12-04,0.22521218378571306,0.1539734838104331,False
1980-12-05,0.22573125196199997,0.1493115603326505,False
1980-12-08,0.2240264915616644,0.16251744960371373,True
1980-12-09,0.22617761595985078,0.1628818335182637,False
1980-12-10,0.22280521935068198,0.16942946834975178,False
1980-12-11,0.2321161299568374,0.16901977191981113,False
1980-12-12,0.22617376105072245,0.15647274554935445,False
1980-12-15,0.203123068284267,0.14980627606819033,False
1980-12-16,0.1922601216482083,0.14870183174483292,False
1980-12-17,0.19473940094101377,0.14994095151446485,False
1980-12-18,0.2036048427193113,0.1468350668549985,False
1980-12-19,0.1976096121170713,0.1469030395336642,False
1980-12-22,0.19520894866087396,0.15732965200005566,False
1980-12-23,0.22397540300481436,0.16188144533296464,False
1980-12-24,0.22680260119486326,0.16142459867233577,False
1980-12-26,0.2251033083497068,0.16405094567149786,False
1980-12-29,0.23063286834248226,0.16414047584313463,False
1980-12-30,0.23248562252142213,0.16502367846919347,False
1980-12-31,0.22925361344650405,0.16112972805809914,False
1981-01-02,0.21400575261381072,0.1614835253255087,False
1981-01-05,0.2128477843804016,0.17096461091497525,False
1981-01-06,0.22838364024317534,0.1717576559886884,False
1981-01-07,0.22229679829281282,0.19629660464164167,True
1981-01-08,0.2647975207487287,0.17469613724416122,False
1981-01-09,0.23537015075029086,0.1737216733624539,False
1981-01-12,0.2369080081471699,0.16397220423107306,False
1981-01-13,0.21646171214498416,0.15575353372565084,False
1981-01-14,0.19959886060252024,0.15270889742636545,False
1981-01-15,0.19906468081380094,0.15276789100656418,False
1981-01-16,0.20036852408037512,0.15294470455841985,False
1981-01-19,0.20302393170354205,0.1527127240285408,False
1981-01-20,0.2095042644369292,0.16639968451645235,True
1981-01-21,0.25132520940677594,0.1674735452772529,False
1981-01-22,0.2607041060105485,0.1633986140357036,False
1981-01-23,0.2532185527244161,0.15982618930605932,False
1981-01-26,0.2568360461844054,0.159322790985433,False
1981-01-27,0.2565209734653332,0.1572998629572424,False
1981-01-28,0.2530046063655393,0.1583693544681915,False
1981-01-29,0.25598674575686997,0.15707554945833582,False
1981-01-30,0.25702458450903704,0.154306725381569,False
1981-02-02,0.2390347470777623,0.16434510960370188,True
1981-02-03,0.2603509324033461,0.1536438260597137,False
1981-02-04,0.23733236775443314,0.1488928304212286,False
1981-02-05,0.22291168071320444,0.12415947011776748,False
1981-02-06,0.1755516940103132,0.12106497639488208,False
1981-02-09,0.16708709410027642,0.11966819916553943,False
1981-02-10,0.16348806618659847,0.1186962402265051,False
1981-02-11,0.16070735354215845,0.11846734740140609,False
1981-02-12,0.16169283659169528,0.118922160771284,False
1981-02-13,0.16124457281176424,0.11836859952288288,False
1981-02-17,0.16763863838969686,0.11902358763101725,False
1981-02-18,0.1643622104130275,0.12098768726555295,False
1981-02-19,0.1699234051900031,0.11180300966410973,False
1981-02-20,0.13810301711443293,0.11174387835688032,False
1981-02-23,0.1371797682724063,0.1119868028923275,False
1981-02-24,0.13148648325706602,0.11362651035090256,False
1981-02-25,0.13314773519652354,0.11296366435589919,False
1981-02-26,0.12836347573880733,0.11772067530899837,False
1981-02-27,0.1377974598325694,0.11994870603381484,False
1981-03-02,0.13852051159555326,0.12160216634481578,False
1981-03-03,0.13890046919298232,0.12383467841032422,False
1981-03-04,0.1472485384320648,0.09880834810232146,False
1981-03-05,0.10247875315745217,0.09572430709986784,False
1981-03-06,0.09681367614878411,0.09536622345694037,False
1981-03-09,0.09874375652360701,0.09692498071253544,False
1981-03-10,0.10190801585758258,0.09738445717372712,False
1981-03-11,0.09942088726533276,0.09801850274705017,False
1981-03-12,0.09901555227467716,0.1158722375814607,False
1981-03-13,0.1447543941553694,0.11388915558759444,False
1981-03-16,0.1377791942451857,0.11384790372669874,False
1981-03-17,0.13445945855146166,0.11256462688545275,False
1981-03-18,0.12176095132973778,0.11175178396557627,False
1981-03-19,0.12221757636978443,0.1111476905147334,False
1981-03-20,0.12008007135543351,0.10566157178415413,False
1981-03-23,0.10626640925347414,0.10689565480903948,False
1981-03-24,0.10331115031617255,0.11114914295811071,False
1981-03-25,0.11739060878973002,0.12145328566475716,False
1981-03-26,0.1415457304632759,0.12375756953897968,False
1981-03-27,0.1580626279201323,0.12863605473514364,False
1981-03-30,0.18113413350989288,0.12684553310126065,False
1981-03-31,0.1855055772336562,0.12757055185150598,False
1981-04-01,0.19289851684812281,0.12190548032403241,False
1981-04-02,0.17134496691993345,0.12307190395318218,False
1981-04-03,0.17479022848400153,0.12325459823448492,False
1981-04-06,0.18224646091261834,0.13030010748033755,False
1981-04-07,0.20418195645138726,0.12824131712065595,False
1981-04-08,0.20541037110034022,0.12731631862488996,False
1981-04-09,0.20626505447651394,0.12891741659506273,False
1981-04-10,0.21056505048590216,0.1165212800890415,False
1981-04-13,0.1761134332409064,0.11782439724073585,False
1981-04-14,0.17865010400650896,0.11627502090953003,False
1981-04-15,0.18103339168127905,0.11951333428348987,False
1981-04-16,0.19388268569167705,0.12000206760079779,False
1981-04-20,0.20173263577453435,0.12294311695695413,False
1981-04-21,0.21169931834426414,0.12340756550815829,False
1981-04-22,0.2031751128176474,0.12086753623064235,False
1981-04-23,0.20120699128019487,0.11889265498587218,False
1981-04-24,0.19306577769634437,0.11005057044297405,False
1981-04-27,0.1694709888670957,0.10706353855353364,False
1981-04-28,0.1578868466171618,0.10330980993608682,False
1981-04-29,0.14192105150803513,0.11617040787017642,False
1981-04-30,0.17488823536067644,0.11470699344057009,False
1981-05-01,0.16757301594776797,0.11371249432189758,False
1981-05-04,0.1667305428824556,0.12710102616336413,True
1981-05-05,0.2029166278937004,0.12708951983269454,False
1981-05-06,0.203650832165408,0.12237286556195483,False
1981-05-07,0.19127589206370418,0.12319319341120852,False
1981-05-08,0.1928837664363699,0.12292044872801823,False
1981-05-11,0.19402762293327125,0.12655942676278212,False
1981-05-12,0.20531164956830786,0.13214849980242305,False
1981-05-13,0.21263743145115407,0.1318226867895321,False
1981-05-14,0.21540994651570014,0.13191277687786476,False
1981-05-15,0.21246713462794237,0.12828389480651914,False
1981-05-18,0.2048747513824372,0.1269298893340719,False
1981-05-19,0.1948335249852547,0.1216883117840608,False
1981-05-20,0.18142765894533866,0.11980777498993418,False
1981-05-21,0.1847189954166266,0.11829048105190788,False
1981-05-22,0.1837958519484546,0.11558575524976165,False
1981-05-26,0.17836048795760573,0.1171134793195885,False
1981-05-27,0.1863928674479148,0.12336323286374802,False
1981-05-28,0.19426749301631357,0.123657788718089,False
1981-05-29,0.19223918751974534,0.11422612807869721,False
1981-06-01,0.16370059618727908,0.1153353961760363,False
1981-06-02,0.16309794854078893,0.12099710981200984,False
1981-06-03,0.17267274814502276,0.1049755965877319,False
1981-06-04,0.12725729272309266,0.10251715012127503,False
1981-06-05,0.11634763384489753,0.10455299658580022,False
1981-06-08,0.11959597131253435,0.10427762621673632,False
1981-06-09,0.11960295517534185,0.10810190326048941,False
1981-06-10,0.12766859961271554,0.09139197183082605,False
1981-06-11,0.08669757230947385,0.09280095081522255,False
1981-06-12,0.0977434378648218,0.09219600921281826,False
1981-06-15,0.09815673614704866,0.09277614122331398,False
1981-06-16,0.09659637094864118,0.10447086080829861,False
1981-06-17,0.1079543223467102,0.10465076454585841,False
1981-06-18,0.10601196477744027,0.11034619998001848,False
1981-06-19,0.11875746534697885,0.11072528169087366,False
1981-06-22,0.12283091987805118,0.1130651290568418,False
1981-06-23,0.12342887105838747,0.1170625947743361,False
1981-06-24,0.139087869488418,0.11667694984844501,False
1981-06-25,0.1473199670894415,0.11067987873820587,False
1981-06-26,0.13996651127581156,0.10814011057028351,False
1981-06-29,0.13514841900585317,0.11163426828688443,False
1981-06-30,0.15034718852575885,0.11555563401056075,False
1981-07-01,0.15490138849046917,0.11199907953409612,False
1981-07-02,0.14689242405986436,0.11477025189979684,False
1981-07-06,0.15113018493822158,0.11811112655614824,False
1981-07-07,0.16003165701517638,0.11392670957113464,False
1981-07-08,0.14626120279529584,0.11451848769706227,False
1981-07-09,0.14588089722387024,0.11886617738509184,False
1981-07-10,0.15727552957895377,0.11608667737089469,False
1981-07-13,0.16083409755622313,0.10452078393742466,False
1981-07-14,0.1300465182273974,0.10324014252610315,False
1981-07-15,0.1258197494804464,0.10100163544301605,False
1981-07-16,0.12431432196444528,0.09877350529987285,False
1981-07-17,0.1306659390046562,0.09791616706562838,False
1981-07-20,0.12791350703698348,0.10913895370025456,True
1981-07-21,0.17170865436182614,0.11120828137075355,False
1981-07-22,0.18332240818593065,0.11264503651278827,False
1981-07-23,0.18983336919037855,0.10456811922465815,False
1981-07-24,0.16495099456869267,0.111169251079883,False
1981-07-27,0.18813456477814078,0.1167812375365392,False
1981-07-28,0.20650223031774284,0.1164760112002455,False
1981-07-29,0.20879055246554926,0.11487272322036295,False
1981-07-30,0.2071615449084146,0.11513085402108673,False
1981-07-31,0.21868441984677656,0.11997514662639382,False
1981-08-03,0.2298372575071801,0.11931007262866883,False
1981-08-04,0.2284535035877461,0.11514015408778074,False
1981-08-05,0.21472959505078382,0.11939041493639022,False
1981-08-06,0.22548069762996342,0.11849629008348785,False
1981-08-07,0.2173202453758664,0.11796727189428229,False
1981-08-10,0.21337374153620525,0.1179856896103908,False
1981-08-11,0.221904008451113,0.11991403534520045,False
1981-08-12,0.2248138243165121,0.11673670973129041,False
1981-08-13,0.21581954567640993,0.11598517292094157,False
1981-08-14,0.21512157038254245,0.11552451772169255,False
1981-08-17,0.2124890638398467,0.12132208416133425,False
1981-08-18,0.22997078514895028,0.11024350402532605,False
1981-08-19,0.1937313613967752,0.10609252182988933,False
1981-08-20,0.17633244267942358,0.10084177621400857,False
1981-08-21,0.16548925584959182,0.10653613320891539,False
1981-08-24,0.18733081806008356,0.13197057752176738,True
1981-08-25,0.2660762279740355,0.12780200762399538,False
1981-08-26,0.2449097538735096,0.12741195765632482,False
1981-08-27,0.24382992351295918,0.12876537141400402,False
1981-08-28,0.24400152489961777,0.12583135074522817,False
1981-08-31,0.23710516744470983,0.1212196875354897,False
1981-09-01,0.22806813613786422,0.12038610669522339,False
1981-09-02,0.22533758462467954,0.12328271097602177,False
1981-09-03,0.22531408704318814,0.12726898753383786,True
1981-09-04,0.23109176288564237,0.12466578857901914,False
1981-09-08,0.2236327665190429,0.12872684211260838,False
1981-09-09,0.23871105966714573,0.13299500079024543,False
1981-09-10,0.2460973859159997,0.14746168647889238,False
1981-09-11,0.27817095401294734,0.16480255272619235,False
1981-09-14,0.31524109286613317,0.16462509374269235,False
1981-09-15,0.3136847870051748,0.16482993183382094,False
1981-09-16,0.316060061886253,0.16369799800270746,False
1981-09-17,0.3121281996789923,0.1689118687845501,True
1981-09-18,0.31517959224260655,0.16738052579320953,False
1981-09-21,0.3073183854364216,0.17081215604735905,False
1981-09-22,0.31073906358205833,0.16940785958329269,False
1981-09-23,0.30227952194619195,0.15243112821718133,False
1981-09-24,0.25058267188392835,0.15266847212913465,False
1981-09-25,0.25584864782198025,0.16032056353268986,True
1981-09-28,0.28552916339161594,0.17109728942028662,False
1981-09-29,0.2843814111773493,0.17570185568800017,False
1981-09-30,0.2809400721002287,0.17449414526551532,False
1981-10-01,0.2791144622758065,0.17636538039014302,False
1981-10-02,0.27615255394782956,0.18082861700829692,True
1981-10-05,0.28550935238493313,0.1701224302135828,False
1981-10-06,0.26506068224758145,0.16737368563847319,False
1981-10-07,0.25678024291388324,0.165565657954846,False
1981-10-08,0.2495888995672866,0.1689665470774528,False
1981-10-09,0.25533513605126035,0.1630318775168731,False
1981-10-12,0.24204967409889808,0.15208877654538897,False
1981-10-13,0.22130501813271042,0.15013324672137324,False
1981-10-14,0.21574752975620395,0.15827543459119361,False
1981-10-15,0.23493983120952994,0.1547808190544264,False
1981-10-16,0.22575228276679413,0.14207371363733154,False
1981-10-19,0.2134721523834058,0.14202143319142296,False
1981-10-20,0.2143889709618139,0.14604375111524595,False
1981-10-21,0.22028411683043245,0.14545623079965697,False
1981-10-22,0.2179258979914289,0.14172194419512207,False
1981-10-23,0.20556964630126368,0.14482840936758903,False
1981-10-26,0.21201573784564162,0.1278100352419083,False
1981-10-27,0.1687976144918152,0.12556446885336606,False
1981-10-28,0.18102412643581678,0.12320874351921621,False
1981-10-29,0.17758018863932928,0.12558156082500885,False
1981-10-30,0.1806444574591611,0.13469994969104152,False
1981-11-02,0.20236887805888767,0.13636993143359954,False
1981-11-03,0.20263411117427726,0.13641897380781104,False
1981-11-04,0.20070239920486346,0.13779564136315248,False
1981-11-05,0.20145334439643264,0.13452015772546894,False
1981-11-06,0.19115599017325327,0.13181117801277473,False
1981-11-09,0.18295946505964908,0.1296142012341331,False
1981-11-10,0.1806205155531889,0.12950923164722775,False
1981-11-11,0.17726353513121226,0.12948179458781273,False
1981-11-12,0.17910362953908665,0.11665661019346144,False
1981-11-13,0.1489083069335622,0.12519553788612128,False
1981-11-16,0.16609955095287626,0.1360495613261567,False
1981-11-17,0.1955453427468634,0.13620264051284858,False
1981-11-18,0.19537390256476458,0.1306178422400629,False
1981-11-19,0.17840363607912327,0.1275579202141988,False
1981-11-20,0.18109231681183513,0.12903800379451993,False
1981-11-23,0.18644358544030665,0.12452302613801007,False
1981-11-24,0.17443587463803134,0.12504962949049866,False
1981-11-25,0.17348123153072162,0.11977760319699328,False
1981-11-27,0.1566079174734233,0.11864154407469897,False
1981-11-30,0.15979683769928837,0.11965121164073254,False
1981-12-01,0.15574061166644265,0.10625474702337581,False
1981-12-02,0.13471972466963225,0.09821848967699034,False
1981-12-03,0.12819939655432805,0.09646483072428556,False
1981-12-04,0.12497739572505012,0.09704655100255563,False
1981-12-07,0.12789967120816834,0.09838067875940494,False
1981-12-08,0.1392407165030144,0.09547754599695381,False
1981-12-09,0.12935202342793337,0.09513694209988752,False
1981-12-10,0.1290389872901981,0.09550592438114901,False
1981-12-11,0.13310705199186826,0.09732224733651029,False
1981-12-14,0.13460854759077567,0.11122244880640574,True
1981-12-15,0.17352113527447144,0.10669151017162913,False
1981-12-16,0.1678896666951155,0.09593819628720718,False
1981-12-17,0.14263542524915965,0.09682520036247731,False
1981-12-18,0.1453312916563547,0.09841484636629522,False
1981-12-21,0.15575575289258817,0.0986756025229354,False
1981-12-22,0.15982382275111365,0.09736185981543682,False
1981-12-23,0.16224225661254113,0.0986496014517793,False
1981-12-24,0.16769495914871532,0.0967580207685096,False
1981-12-28,0.16409750400121043,0.0943643808895606,False
1981-12-29,0.16164165477013523,0.09278780526554414,False
1981-12-30,0.15636537512583967,0.08893083294323204,False
1981-12-31,0.1534761740311365,0.08978647150606726,False
1982-01-04,0.15985675560253249,0.08769268909304202,False
1982-01-05,0.1477744710879701,0.11068515819519964,True
1982-01-06,0.19073921504006663,0.10967902183192198,False
1982-01-07,0.1740378469196475,0.10719920542545207,False
1982-01-08,0.16920130138479436,0.11035827794914645,False
1982-01-11,0.2180205947876035,0.12535761875263782,True
1982-01-12,0.2594956206455647,0.12349626631521132,False
1982-01-13,0.24744454467020138,0.12912396919848648,False
1982-01-14,0.25542317560379496,0.12146203591332339,False
1982-01-15,0.2277221320069056,0.12371021457697393,False
1982-01-18,0.23215737724107793,0.12856378300697677,False
1982-01-19,0.24360134222761978,0.1302997149562911,False
1982-01-20,0.24610151126974514,0.12567344577932982,False
1982-01-21,0.2295118772094358,0.13001661347328275,False
1982-01-22,0.2342244073201619,0.12979216322068,False
1982-01-25,0.23220128422990588,0.12998932345668293,False
1982-01-26,0.23527411332950016,0.1313245649005922,False
1982-01-27,0.23268029237481913,0.133359469239789,False
1982-01-28,0.2292133696326089,0.15496270507952303,False
1982-01-29,0.2755470043101525,0.16280133698928473,False
1982-02-01,0.28796248830282856,0.1697879459443717,False
1982-02-02,0.2937108384716778,0.16984556946482218,False
1982-02-03,0.30152677298833186,0.15625043242038775,False
1982-02-04,0.2580052874608878,0.15439910460367953,False
1982-02-05,0.24765113964525487,0.1596177740003906,False
1982-02-08,0.25072423896507395,0.17440479464211095,True
1982-02-09,0.28564577156093734,0.1650007257726725,False
1982-02-10,0.258281371570645,0.16564428018368746,False
1982-02-11,0.2615173725912929,0.15801671357603062,False
1982-02-12,0.24654926528393445,0.15802235534995648,False
1982-02-16,0.24580397766473955,0.15632308104460174,False
1982-02-17,0.24242141245654814,0.15332326197129695,False
1982-02-18,0.23782475422214647,0.15069902314879238,False
1982-02-19,0.2400124252448974,0.15105090984367514,False
1982-02-22,0.24825113498623141,0.1547908205522568,False
1982-02-23,0.25145155058370733,0.15480018197261308,False
1982-02-24,0.24500132286322762,0.1578529728833881,False
1982-02-25,0.250272712918635,0.1575186533104361,False
1982-02-26,0.2494635135731257,0.15712411250757952,False
1982-03-01,0.2519819895749016,0.13896069091295143,False
1982-03-02,0.2150112873742423,0.12735724128762632,False
1982-03-03,0.1860186675813022,0.12650659564093963,False
1982-03-04,0.1763037150511718,0.13003333181523488,False
1982-03-05,0.18053247889201038,0.13153484847445732,False
1982-03-08,0.17996434481383616,0.14108642998650203,True
1982-03-09,0.1941405572813015,0.1360902784264278,False
1982-03-10,0.16912273479763057,0.12302906738083019,False
1982-03-11,0.12729666621764665,0.11889638914312117,False
1982-03-12,0.11986245628835018,0.1193497927739821,False
1982-03-15,0.12518231781333902,0.12192706592214339,False
1982-03-16,0.1251305636838942,0.12197511774429584,False
1982-03-17,0.12578829904732183,0.12209243744694019,False
1982-03-18,0.12745106957399185,0.1458100566043611,False
1982-03-19,0.16384246655314227,0.14411807332797902,False
1982-03-22,0.16176746186849708,0.1560552419256761,False
1982-03-23,0.18703214486070024,0.1516527503631936,False
1982-03-24,0.18000283940835307,0.1525769737690511,False
1982-03-25,0.1846106959430637,0.14865698935277472,False
1982-03-26,0.1717644890473713,0.15222610256382255,False
1982-03-29,0.18713868744295897,0.15176036936968895,False
1982-03-30,0.18417916256956227,0.15035052874611124,False
1982-03-31,0.18465190660914496,0.15056578386216632,False
1982-04-01,0.18726262617901812,0.1442505306348076,False
1982-04-02,0.18013290090068937,0.1414402759322038,False
1982-04-05,0.1768580985329585,0.13651202874451898,False
1982-04-06,0.18028746579137006,0.1169737910870256,False
1982-04-07,0.1595917095279782,0.11592799081762473,False
1982-04-08,0.16974080207943718,0.11716675643912493,False
1982-04-12,0.17836893113784827,0.11613475223118187,False
1982-04-13,0.1694534582830717,0.10665839828033859,False
1982-04-14,0.14045109260929542,0.10882404669748237,False
1982-04-15,0.149000638049683,0.10875638129674929,False
1982-04-16,0.1444494309453267,0.10782333234674175,False
1982-04-19,0.14237347878277662,0.08849457359148696,False
1982-04-20,0.1125328913006407,0.09358221068664263,False
1982-04-21,0.12958213479750272,0.07856527691879733,False
1982-04-22,0.096913271347931,0.08297398248823179,False
1982-04-23,0.10556489601572039,0.08434070685359255,False
1982-04-26,0.11062523446761022,0.0840758564116413,False
1982-04-27,0.10861392531898309,0.09113287135901542,False
1982-04-28,0.11650327628807317,0.09229352318911696,False
1982-04-29,0.12519184667282385,0.09909310582867326,False
1982-04-30,0.1408405593680661,0.09924453605444218,False
1982-05-03,0.14174478407841995,0.09762871703783776,False
1982-05-04,0.13667168141573927,0.09262220984973014,False
1982-05-05,0.1277136739633151,0.09243784107536691,False
1982-05-06,0.12725265307114542,0.09530194210231253,False
1982-05-07,0.1362493318829802,0.09542309890471126,False
1982-05-10,0.12928063657084204,0.09851320404881914,False
1982-05-11,0.13110329954978694,0.09976873981756396,False
1982-05-12,0.132468619861462,0.10348492898315521,False
1982-05-13,0.14466201744960336,0.10384719117293235,False
1982-05-14,0.14747779712703019,0.10130128240059258,False
1982-05-17,0.14526884048658323,0.11229396352890283,False
1982-05-18,0.16934508067572798,0.11589125148657715,False
1982-05-19,0.17952480189808137,0.1155912985466126,False
1982-05-20,0.1801373196860401,0.11560502002859416,False
1982-05-21,0.18082122113657867,0.10817654695961325,False
1982-05-24,0.1646091269197475,0.10022598993691056,False
1982-05-25,0.14692146628143699,0.09822243655213524,False
1982-05-26,0.14103341191155355,0.09666502763230683,False
1982-05-27,0.14445331134641687,0.09694409856346428,False
1982-05-28,0.14647063869500473,0.09466889839525951,False
1982-06-01,0.1416868537709025,0.09295189024243078,False
1982-06-02,0.1364506639048345,0.09513673769063496,False
1982-06-03,0.13766639477047737,0.09111955303045109,False
1982-06-04,0.12545645930205732,0.09859293592817475,False
1982-06-07,0.13795254777775368,0.08908277584546077,False
1982-06-08,0.1039026659183207,0.08537889287930776,False
1982-06-09,0.10161381121881603,0.0850867639883776,False
1982-06-10,0.10371895949636067,0.08543023148924377,False
1982-06-11,0.10048955445292668,0.10638328075447134,False
1982-06-14,0.15194147222203738,0.10740256710275962,False
1982-06-15,0.15978970420868838,0.10742573291576446,False
1982-06-16,0.16200857782642708,0.09979125641044619,False
1982-06-17,0.1416257803083659,0.10129664945858759,False
1982-06-18,0.14539628058566756,0.10194872371305101,False
1982-06-21,0.14871343130160106,0.10224035021749818,False
1982-06-22,0.15092131749638577,0.11424724676578187,False
1982-06-23,0.17783554521397638,0.12731534907879336,False
1982-06-24,0.2090420907209912,0.12749428301539573,False
1982-06-25,0.214594562830022,0.12555370968910987,False
1982-06-28,0.2059449146788463,0.12844710271168297,False
1982-06-29,0.22029359728046433,0.12811572462376358,False
1982-06-30,0.22132633802367394,0.1274369459974714,False
1982-07-01,0.22085441128142752,0.12729644270094798,False
1982-07-02,0.21966924840180302,0.1284691716417528,False
1982-07-06,0.21734387471407637,0.11931836763625092,False
1982-07-07,0.20259894197225975,0.11913477224384893,False
1982-07-08,0.20343236984345975,0.11951038920040194,False
1982-07-09,0.2030280455343937,0.12291224395440621,False
1982-07-12,0.21724675115427694,0.1344148126052701,False
1982-07-13,0.23191526599263113,0.12497124574453682,False
1982-07-14,0.2068299283929415,0.12321547892221471,False
1982-07-15,0.19399290443672923,0.12346263480466632,False
1982-07-16,0.19532294950780602,0.1232036401996468,False
1982-07-19,0.19171511034193447,0.11569151911003665,False
1982-07-20,0.17173129279560534,0.11084990929175503,False
1982-07-21,0.1562985240804951,0.11072381295963286,False
1982-07-22,0.15419180038129252,0.10508007587895,False
1982-07-23,0.1433776344963542,0.09864438268678229,False
1982-07-26,0.13196110885227516,0.10173367337601533,False
1982-07-27,0.13836633841321067,0.09544773509927215,False
1982-07-28,0.11660126979685023,0.10493771311719116,False
1982-07-29,0.13672330510402983,0.10551513282475322,False
1982-07-30,0.13861807398017312,0.10554080820648443,False
1982-08-02,0.13972092961732027,0.11137263341629765,False
1982-08-03,0.15261624141075436,0.11013645398838987,False
1982-08-04,0.14828739074571634,0.12386629138336144,False
1982-08-05,0.17329376809569746,0.13012211887345562,False
1982-08-06,0.182875668951274,0.13414057588206088,False
1982-08-09,0.19034902313856789,0.13027143040330486,False
1982-08-10,0.18271994516236773,0.1112554919254711,False
1982-08-11,0.14896003590875123,0.11141632531354531,False
1982-08-12,0.15602541451587973,0.10704377727695978,False
1982-08-13,0.14992606490400445,0.11101603623246065,False
1982-08-16,0.1573007646444268,0.11072355567150033,False
1982-08-17,0.15855879872227785,0.17513927243002506,False
1982-08-18,0.30294923527390794,0.17516075690566857,False
1982-08-19,0.2903743396010603,0.17559243111630965,False
1982-08-20,0.28835263986661813,0.20044149001884587,True
1982-08-23,0.33559916179999333,0.22109904547945852,True
1982-08-24,0.36630536488103066,0.21907964028297958,True
1982-08-25,0.35096006140223596,0.22391176579488736,True
1982-08-26,0.3474733345020859,0.21784424531268712,True
1982-08-27,0.33110561529045607,0.2213622633101671,True
1982-08-30,0.3401270021704911,0.22097669748902193,True
1982-08-31,0.33461798690447736,0.22121176929518227,True
1982-09-01,0.33215249132142705,0.22373223100564144,True
1982-09-02,0.33757433494039685,0.21511761322544876,True
1982-09-03,0.3216592674685104,0.21035437268649804,True
1982-09-07,0.3102361009381689,0.21218422351381241,True
1982-09-08,0.3077063558669017,0.20445785305732503,True
1982-09-09,0.29641438018499455,0.20429534064084334,True
1982-09-10,0.2904527745806327,0.2067109302059617,True
1982-09-13,0.2974375547568872,0.20297827378502056,True
1982-09-14,0.2906549525820427,0.203092739703084,True
1982-09-15,0.28939628735197825,0.20282362548034888,True
1982-09-16,0.2872855877794702,0.17489280013659944,False
1982-09-17,0.24165683409018957,0.18062427851343726,True
1982-09-20,0.2612419441752117,0.1838391421423882,True
1982-09-21,0.27483168670077823,0.17285232030365238,False
1982-09-22,0.24967106912296508,0.1522211988804398,False
1982-09-23,0.21068971452991994,0.1525871365072807,False
1982-09-24,0.21903127627771488,0.14793670980555837,False
1982-09-27,0.22318479312408174,0.14445209899237657,False
1982-09-28,0.21883792294831936,0.13873808491136091,False
1982-09-29,0.20407448287772154,0.1500168392358635,False
1982-09-30,0.22133919598407598,0.14745423654799983,False
1982-10-01,0.21885255875359025,0.14505808903332326,False
1982-10-04,0.22030195094705052,0.1365589040203112,False
1982-10-05,0.20871340164174187,0.12221914621854658,False
1982-10-06,0.18002905028604044,0.15917342353588584,False
1982-10-07,0.2659783445404003,0.1704330704962524,False
1982-10-08,0.28547244135697514,0.17482862140603017,False
1982-10-11,0.2848001357443338,0.17895285745596576,True
1982-10-12,0.2878297404168607,0.1826270159879373,True
1982-10-13,0.2859839428224376,0.18992788900912327,True
1982-10-14,0.2927315016598233,0.1963111332440783,True
1982-10-15,0.3032592365257091,0.198658679952126,True
1982-10-18,0.31104945963356995,0.206368797759738,True
1982-10-19,0.31619747404929094,0.20425428623845673,True
1982-10-20,0.2931123286522968,0.2077512628230271,True
1982-10-21,0.2902174257727288,0.20679936923131206,True
1982-10-22,0.28809558411263764,0.20552871802855302,True
1982-10-25,0.27491523559063313,0.24065082231129795,True
1982-10-26,0.3406012659503602,0.2408775200729116,True
1982-10-27,0.339745056267717,0.24097181512572052,True
1982-10-28,0.33374260591332955,0.2362226407293546,True
1982-10-29,0.3311800225593442,0.2311099390086913,True
1982-11-01,0.3181464360481171,0.23242052207196495,True
1982-11-02,0.3189583143300169,0.23381672929523478,True
1982-11-03,0.3201647759595775,0.2494474071963888,True
1982-11-04,0.3407037683651114,0.23764792573900975,True
1982-11-05,0.313045366187153,0.2324989435372882,True
1982-11-08,0.30667280842501843,0.23337627883169307,True
1982-11-09,0.3085751300619377,0.22935770119256016,True
1982-11-10,0.29879804086650097,0.23493356061244158,True
1982-11-11,0.3023732966279651,0.22747583920236408,True
1982-11-12,0.2984445090891285,0.22446767332546028,True
1982-11-15,0.2935494881416127,0.23281846986417698,True
1982-11-16,0.3039732490610619,0.22910674981393755,True
1982-11-17,0.31104395487209735,0.2347611908995588,True
1982-11-18,0.32655656460418775,0.22300309350345343,True
1982-11-19,0.3131193104815029,0.22412166155634294,True
1982-11-22,0.32274862496879625,0.23154660874913752,True
1982-11-23,0.3473550331269525,0.2036604950215764,True
1982-11-24,0.290260804163151,0.2037652590461529,True
1982-11-26,0.29598469758173274,0.20196354496979096,True
1982-11-29,0.296916870292004,0.20046374663815109,True
1982-11-30,0.29504144754463063,0.2210943807654823,True
1982-12-01,0.3178270072844537,0.2225869160221599,True
1982-12-02,0.2997459254558206,0.21967940971875752,True
1982-12-03,0.28831650454468194,0.186530834172936,True
1982-12-06,0.2231180481955626,0.19727071712433253,True
1982-12-07,0.24836158622797577,0.19727145815060074,True
1982-12-08,0.25398766954281427,0.20992745697651607,True
1982-12-09,0.2604560169773762,0.20429630940580887,True
1982-12-10,0.25069877515730177,0.20001870708373323,True
1982-12-13,0.2515902472634183,0.1999040152377097,True
1982-12-14,0.25608318701892263,0.2064455025753378,True
1982-12-15,0.26223589850241824,0.2083009433259747,True
1982-12-16,0.2690429496557062,0.21167398019091488,True
1982-12-17,0.25262510022960805,0.20692324964643907,True
1982-12-20,0.2503616920644864,0.20829292512992859,True
1982-12-21,0.2527102278346083,0.2141538493903454,True
1982-12-22,0.2649539407166081,0.20571548432099732,True
1982-12-23,0.23525841417368507,0.20530692708571754,True
1982-12-27,0.22991979545305113,0.2100478320887327,True
1982-12-28,0.23064408561233193,0.21306944106909861,True
1982-12-29,0.2367879775092045,0.21158440040810075,True
1982-12-30,0.22972907304711696,0.19018435549351925,True
1982-12-31,0.2097337120151161,0.1872811096387708,True
1983-01-03,0.2182754269342659,0.18716653988614898,True
1983-01-04,0.23719684908149724,0.18870700445206906,True
1983-01-05,0.24389718561849666,0.17722831166370875,False
1983-01-06,0.23116878244651015,0.1839616055927014,True
1983-01-07,0.24483692764469214,0.16699912273633694,False
1983-01-10,0.23072969790628026,0.16238927595930816,False
1983-01-11,0.21457126835595666,0.1626220518581626,False
1983-01-12,0.21597691408614964,0.16253775429618017,False
1983-01-13,0.21490074058044795,0.14725927920830728,False
1983-01-14,0.20373208581707697,0.12613314216144322,False
1983-01-17,0.16365879529225397,0.11948546978757732,False
1983-01-18,0.16429569007054362,0.11905556755106075,False
1983-01-19,0.14341249953737936,0.12239697527310621,False
1983-01-20,0.14450580313770384,0.1159110627814538,False
1983-01-21,0.12735778509806958,0.12683742203203355,False
1983-01-24,0.1508904764845766,0.14970846791058073,True
1983-01-25,0.19995318807317225,0.14461357140608405,False
1983-01-26,0.1950364719939221,0.140786843721373,False
1983-01-27,0.19026571925055422,0.15311931771497073,False
1983-01-28,0.2275955240042282,0.15159950383613494,False
1983-01-31,0.2196658936055761,0.14946022353921584,False
1983-02-01,0.2194757222306386,0.1457960450712741,False
1983-02-02,0.20950036449712658,0.14618009194528075,False
1983-02-03,0.20842253713185027,0.146305256222712,False
1983-02-04,0.2117664866761609,0.1464703430269237,False
1983-02-07,0.203220285794579,0.14633794347144194,False
1983-02-08,0.2066745465841365,0.14956261423509123,False
1983-02-09,0.21316294212298176,0.14986415879375126,False
1983-02-10,0.2072367628009303,0.15494951595390477,False
1983-02-11,0.2175598902516838,0.15498007228100408,False
1983-02-14,0.21994608931087495,0.15328288443677396,False
1983-02-15,0.21828459250343418,0.15005897928988718,False
1983-02-16,0.20853590707179107,0.1499972880952963,False
1983-02-17,0.2092455324630714,0.14549302926375723,False
1983-02-18,0.1999907318743849,0.14585542532047133,False
1983-02-22,0.2026767901226043,0.14362802755568463,False
1983-02-23,0.2060440482301985,0.12019727958286944,False
1983-02-24,0.16131740859194615,0.12297392419499624,False
1983-02-25,0.17480313449555263,0.12514970546804707,False
1983-02-28,0.17379615260816964,0.11219141530797054,False
1983-03-01,0.14231229266141424,0.1201348869391131,False
1983-03-02,0.14752385668066076,0.11986957960775241,False
1983-03-03,0.14611202333934792,0.11365015523198646,False
1983-03-04,0.13545149790041053,0.11191537441694575,False
1983-03-07,0.12734121019114264,0.11414923125687465,False
1983-03-08,0.12720768385653972,0.11832125786236977,False
1983-03-09,0.15984778878698727,0.1259892192791555,False
1983-03-10,0.16747693089679802,0.12498938084642609,False
1983-03-11,0.15800602938028713,0.12321470493294327,False
1983-03-14,0.16222815745907515,0.11735285734394531,False
1983-03-15,0.15692714835531751,0.11898269788296081,False
1983-03-16,0.15761653643916068,0.12158849070767379,False
1983-03-17,0.15910646784509824,0.12206456142738063,False
1983-03-18,0.16577387035748115,0.12286464377714733,False
1983-03-21,0.16556324261080316,0.12157266621989388,False
1983-03-22,0.16881584782219294,0.12103240183144758,False
1983-03-23,0.16573684716014941,0.12148282219748101,False
1983-03-24,0.154184338429715,0.11986307332008476,False
1983-03-25,0.15068870787994224,0.11558512735062347,False
1983-03-28,0.1404333473412707,0.11646554670709047,False
1983-03-29,0.14926220467597165,0.11586654436297412,False
1983-03-30,0.14854533755233643,0.11420867241912487,False
1983-03-31,0.1480619795153441,0.11401593507828779,False
1983-04-04,0.1493143988472818,0.11734548876188645,False
1983-04-05,0.14684889130934892,0.11661546354310302,False
1983-04-06,0.1489872706793268,0.1182191116304523,False
1983-04-07,0.15515502948388082,0.11079582639946478,False
1983-04-08,0.12148344858535781,0.10276198910629925,False
1983-04-11,0.11799725201336148,0.10754612273304327,False
1983-04-12,0.13799589102687984,0.10754781679183492,False
1983-04-13,0.13393781472295463,0.1064641063438641,False
1983-04-14,0.12654939063730383,0.10874340690591014,False
1983-04-15,0.12439598592197144,0.10383777849614968,False
1983-04-18,0.11505356818657,0.10183525267293865,False
1983-04-19,0.10923605097558706,0.10199924089265652,False
1983-04-20,0.10770978897128419,0.10273265550704692,False
1983-04-21,0.11229727700477384,0.1033216585200877,False
1983-04-22,0.11361722809046614,0.09912373014435424,False
1983-04-25,0.09529932872784759,0.10175026391073405,False
1983-04-26,0.10445120666191604,0.10409279373427921,False
1983-04-27,0.10715630620277204,0.09925839620877153,False
1983-04-28,0.09081469074089585,0.09773926771688855,False
1983-04-29,0.08716615400785711,0.09215793148808768,False
1983-05-02,0.082005074799801,0.10772002741424576,False
1983-05-03,0.10705492591129555,0.10181012613762362,False
1983-05-04,0.10680664049094112,0.09929972808468362,False
1983-05-05,0.10098650517822867,0.09737635800474638,False
1983-05-06,0.09442333367269738,0.10773436201460196,False
1983-05-09,0.11330915412016385,0.10832274811492769,False
1983-05-10,0.11629486782284618,0.10482596732579237,False
1983-05-11,0.10711478319293383,0.11010405930593574,False
1983-05-12,0.11941670385290054,0.11284278851670851,False
1983-05-13,0.12573544699900618,0.11051948123185495,False
1983-05-16,0.12529199744604158,0.11969759629296539,False
1983-05-17,0.1516665965405693,0.12023835645228016,False
1983-05-18,0.15220474639488757,0.11986874113177969,False
1983-05-19,0.1568423458802913,0.12381526675183328,False
1983-05-20,0.16893250323702516,0.12357410257346631,False
1983-05-23,0.17197690537160076,0.12390427984871788,False
1983-05-24,0.165767139423829,0.1225014096798351,False
1983-05-25,0.15980668227755593,0.11891898032505041,False
1983-05-26,0.15539789169010135,0.11848148021884873,False
1983-05-27,0.1541215961730264,0.11958148482229643,False
1983-05-31,0.15954971537907323,0.1238358799411239,False
1983-06-01,0.16948229755118133,0.11164036041094565,False
1983-06-02,0.14591139894471225,0.1124739289263704,False
1983-06-03,0.14723193099221527,0.11168583934423959,False
1983-06-06,0.15084853818922583,0.1042186072414173,False
1983-06-07,0.13899666618360215,0.09341526481046936,False
1983-06-08,0.10235813705578843,0.09818083636535059,False
1983-06-09,0.11899531997604822,0.09790604949275426,False
1983-06-10,0.11536773791661543,0.09709911576996116,False
1983-06-13,0.11900535431587445,0.10042467763804082,False
1983-06-14,0.1313523865875525,0.10174387338516605,False
1983-06-15,0.13786695470499966,0.09550670406299437,False
1983-06-16,0.12228243700306704,0.09760095973951674,False
1983-06-17,0.13418100333989,0.09755204919296909,False
1983-06-20,0.13145824183569776,0.09257682783612535,False
1983-06-21,0.11514038999136822,0.09292297474822654,False
1983-06-22,0.11398153982108937,0.08919394295865263,False
1983-06-23,0.115668250949129,0.08853546370363304,False
1983-06-24,0.11704469853985716,0.08800387021293135,False
1983-06-27,0.11401780729356426,0.09630533161212128,False
1983-06-28,0.13677484568142068,0.11411120791839163,True
1983-06-29,0.17207994290294903,0.11137453215378273,False
1983-06-30,0.15978131834274387,0.11269918064663935,False
1983-07-01,0.16063511727538934,0.1117618704372199,False
1983-07-05,0.16410943988690818,0.11685821510731836,False
1983-07-06,0.18450588838836304,0.12006583564640443,False
1983-07-07,0.18937108591447152,0.11445623535890276,False
1983-07-08,0.17605154402827844,0.10919674344152175,False
1983-07-11,0.159810893890473,0.11119147648422556,False
1983-07-12,0.16776466425925388,0.12115029992189165,False
1983-07-13,0.19119369823506213,0.11896167238281635,False
1983-07-14,0.18100260972912188,0.11750346269997461,False
1983-07-15,0.18112059096871122,0.11792637887103455,False
1983-07-18,0.18476030138625402,0.11360411497986395,False
1983-07-19,0.17110453578417867,0.11691673923814605,False
1983-07-20,0.18444208326375783,0.14607801818558094,False
1983-07-21,0.2679687216964212,0.1458317105099514,False
1983-07-22,0.2576204893304503,0.14510630646565528,False
1983-07-25,0.26764220904685687,0.1465159985143827,False
1983-07-26,0.2686265251458715,0.14695016025862956,False
1983-07-27,0.2768037773580583,0.1541724663933118,True
1983-07-28,0.2840380262946437,0.15080487819504923,False
1983-07-29,0.2731486442082342,0.15943392482615798,True
1983-08-01,0.30294498163980854,0.15732222168614526,False
1983-08-02,0.3010962640992389,0.15662154143911095,False
1983-08-03,0.29087622015801273,0.15590610741942484,False
1983-08-04,0.2776153719896562,0.15957065391008082,False
1983-08-05,0.29207650129374857,0.15969666468813487,False
1983-08-08,0.29217569394149145,0.16651986924785842,True
1983-08-09,0.30617826488091254,0.1639516462924923,False
1983-08-10,0.2921355706683813,0.16134550474059525,False
1983-08-11,0.2801636306996369,0.1625855817594132,False
1983-08-12,0.2845068804123042,0.16525329723799553,False
1983-08-15,0.291690888881619,0.16652498571327187,False
1983-08-16,0.2895072157409521,0.16649245032316626,False
1983-08-17,0.2853297695025891,0.16519450592036655,False
1983-08-18,0.2845449881681268,0.1402496615715269,False
1983-08-19,0.2175926245759739,0.1388673365220058,False
1983-08-22,0.22554919055183545,0.13893803671916732,False
1983-08-23,0.21803933676071244,0.13691644199607075,False
1983-08-24,0.22083683780704333,0.13736988336306963,False
1983-08-25,0.21609638446501014,0.1287772747419433,False
1983-08-26,0.1946455455747735,0.1264614444064799,False
1983-08-29,0.18550557414411725,0.11424367397643634,False
1983-08-30,0.15615713478474932,0.11460776850022004,False
1983-08-31,0.15587691214784777,0.11821706083776894,False
1983-09-01,0.1705952650541235,0.11500911193024345,False
1983-09-02,0.16714951291151756,0.10713450491392865,False
1983-09-06,0.14510424576995762,0.11348320886075139,False
1983-09-07,0.16870730961571684,0.09593855248261648,False
1983-09-08,0.12583371258128123,0.09598454043322177,False
1983-09-09,0.12668027238339594,0.09651139978519385,False
1983-09-12,0.12979746750597562,0.10048328489488097,False
1983-09-13,0.13259584999941953,0.0984408302712292,False
1983-09-14,0.12817346364349744,0.09317736463256363,False
1983-09-15,0.12166108476976627,0.09179482705798941,False
1983-09-16,0.12193163842319032,0.09912384069322237,False
1983-09-19,0.141678991255448,0.10474330190845622,False
1983-09-20,0.14677019849163314,0.10690961026964009,False
1983-09-21,0.15005628331996007,0.10880416158874555,False
1983-09-22,0.15791542794702457,0.11132921041995883,False
1983-09-23,0.16018439269313717,0.10333823859294201,False
1983-09-26,0.13800065443940993,0.1024186243879292,False
1983-09-27,0.1316763156078199,0.105679947510015,False
1983-09-28,0.1276198755590105,0.10647350716806797,False
1983-09-29,0.13941047676878432,0.10717391284890092,False
1983-09-30,0.1483324892742733,0.10796998366767516,False
1983-10-03,0.14986311069466776,0.10771811759436631,False
1983-10-04,0.14944975370693442,0.1074149004573799,False
1983-10-05,0.15523656844958336,0.10490161212530841,False
1983-10-06,0.14111487721943497,0.11947960435855509,False
1983-10-07,0.17923244954506998,0.11904123178211538,False
1983-10-10,0.17835466953627535,0.11789165470852965,False
1983-10-11,0.17457622237097561,0.12374261316997229,False
1983-10-12,0.19939144187917276,0.12975607816683551,False
1983-10-13,0.21289818362656365,0.13120756778407713,False
1983-10-14,0.21595664331539285,0.13018918361725038,False
1983-10-17,0.21557883605773454,0.12557731186833587,False
1983-10-18,0.20749271540987738,0.12875862512115177,False
1983-10-19,0.2213519245069323,0.1256004127297537,False
1983-10-20,0.21887488434115598,0.12476320324636515,False
1983-10-21,0.21154389415530608,0.11597144904135401,False
1983-10-24,0.19583942529366008,0.11596634770329706,False
1983-10-25,0.19550654436195392,0.11586064979372686,False
1983-10-26,0.19457537042169817,0.11382070173364117,False
1983-10-27,0.1827424547741916,0.11370648725113924,False
1983-10-28,0.17857376077640766,0.11596082590109234,False
1983-10-31,0.1809222024929423,0.11462429062238237,False
1983-11-01,0.17999899116049997,0.11503155225976593,False
1983-11-02,0.18123602045789175,0.11364791276578758,False
1983-11-03,0.16941539117863835,0.10990091072994046,False
1983-11-04,0.16257674593582028,0.08501359766679599,False
1983-11-07,0.10152089351605084,0.08337067796556737,False
1983-11-08,0.10073600615457098,0.07922710466031621,False
1983-11-09,0.09297382134893105,0.0849685775110977,False
1983-11-10,0.09116795711573768,0.08066301549772753,False
1983-11-11,0.08180318389674751,0.09577458938615585,False
1983-11-14,0.10802429276561222,0.0947411158901825,False
1983-11-15,0.1060369097292662,0.09488497058436057,False
1983-11-16,0.10645249221673186,0.08796473293123752,False
1983-11-17,0.08667158830539676,0.08699003077190874,False
1983-11-18,0.08097287430467846,0.08814680364264704,False
1983-11-21,0.08676015622360223,0.08671193782230997,False
1983-11-22,0.0857692343498489,0.08765210223674669,False
1983-11-23,0.08357569177887601,0.08789405458936211,False
1983-11-25,0.07828381911677214,0.08796253751610413,False
1983-11-28,0.07977506765149961,0.09094280245498744,False
1983-11-29,0.10065057466374719,0.09024810105912057,False
1983-11-30,0.09119503620526025,0.089896817208983,False
1983-12-01,0.08740406277226175,0.09103699375248518,False
1983-12-02,0.08632420869610306,0.09081167885480984,False
1983-12-05,0.08727570989792062,0.08721094573934898,False
1983-12-06,0.08001742583318848,0.08616591581278651,False
1983-12-07,0.07548634906277611,0.08470665113338785,False
1983-12-08,0.07277973000828582,0.087376119618905,False
1983-12-09,0.07582927893108346,0.08147033376739969,False
1983-12-12,0.06991425593717812,0.0813269530737356,False
1983-12-13,0.0728822340604594,0.06599004620065053,False
1983-12-14,0.04514284396787337,0.06990622646309731,False
1983-12-15,0.05549084143468608,0.06993569916543313,False
1983-12-16,0.056579020055711686,0.06922555753789936,False
1983-12-19,0.061356814516688084,0.06924485759690582,False
1983-12-20,0.06155945001970907,0.06806750842652132,False
1983-12-21,0.0583147692716923,0.06979578920061812,False
1983-12-22,0.060913182171848095,0.06897094672464399,False
1983-12-23,0.05664649406620661,0.06938985544043884,False
1983-12-27,0.06193118993655898,0.07406695253628202,False
1983-12-28,0.07639452789157687,0.07069691625760044,False
1983-12-29,0.0683531344114831,0.06413184765907268,False
1983-12-30,0.056349364948414235,0.06484018151451038,False
1984-01-03,0.05895246791163547,0.06421638343705474,False
1984-01-04,0.06205504422904152,0.09022632145655574,False
1984-01-05,0.12061752806151838,0.09748951485746878,False
1984-01-06,0.14109148763297324,0.09712711212689186,False
1984-01-09,0.13870873157082245,0.09660321247557499,False
1984-01-10,0.14472316007799116,0.09627551306497348,False
1984-01-11,0.1378977657354367,0.09578867336390444,False
1984-01-12,0.135341450206652,0.09570967806663166,False
1984-01-13,0.13519440534191013,0.09617955197002022,False
1984-01-16,0.13961073803645502,0.09173833853806268,False
1984-01-17,0.12493191899571975,0.09037546088380573,False
1984-01-18,0.11467391232411361,0.08882709261301676,False
1984-01-19,0.11135933827277637,0.08884552314639046,False
1984-01-20,0.11112548264074072,0.08950057794367634,False
1984-01-23,0.11229186340013216,0.09122289017985867,False
1984-01-24,0.12122480199607771,0.08941037870148091,False
1984-01-25,0.12299950041234484,0.09018726061825313,False
1984-01-26,0.12579565361386813,0.09048418699729689,False
1984-01-27,0.1222785017920382,0.09038117224099763,False
1984-01-30,0.12060148701781444,0.0952444035892006,False
1984-01-31,0.13133676900674618,0.0972875776307813,False
1984-02-01,0.13036911470612444,0.09997139382593818,False
1984-02-02,0.14004625407068858,0.0720162771054004,False
1984-02-03,0.06774713061462012,0.059165001789743946,False
1984-02-06,0.04102416653047429,0.07121383095643023,False
1984-02-07,0.07009162324495853,0.07128883207909893,False
1984-02-08,0.06653067825505263,0.08838897431924596,True
1984-02-09,0.10067829769328089,0.08781747585002858,False
1984-02-10,0.10063105501201002,0.0880033843935494,False
1984-02-13,0.1020843863366123,0.08812662694559839,False
1984-02-14,0.10198454298549163,0.09944466866906791,False
1984-02-15,0.1264856957233783,0.09892901859289238,False
1984-02-16,0.12506644397324423,0.09917484673024157,False
1984-02-17,0.12430621333962742,0.0984076775509435,False
1984-02-21,0.12138434015426534,0.0983853495072099,False
1984-02-22,0.12110043863790357,0.09861970331289661,False
1984-02-23,0.11878895079401598,0.09769174843396478,False
1984-02-24,0.11270474501170533,0.12613837450707605,False
1984-02-27,0.17013371506394262,0.1260746670775649,False
1984-02-28,0.17160627988099994,0.13264416431436135,False
1984-02-29,0.1822973289799959,0.1330947383787822,False
1984-03-01,0.1869410365577117,0.13406512149101993,False
1984-03-02,0.18678310722947314,0.13647340473178754,False
1984-03-05,0.19567003995977936,0.13772070298087888,False
1984-03-06,0.20687143093410387,0.13723794657606042,False
1984-03-07,0.21159316003590206,0.1330567689018347,False
1984-03-08,0.2010948087726255,0.13306454070876153,False
1984-03-09,0.2096096709830904,0.11976210004516553,False
1984-03-12,0.19079498402102868,0.1216879807220245,False
1984-03-13,0.18681180965294533,0.12282264304619912,False
1984-03-14,0.19123332433301557,0.12129106313138709,False
1984-03-15,0.18869553534546854,0.11657850204870887,False
1984-03-16,0.18054183972197715,0.12219838417107842,False
1984-03-19,0.1969664234724453,0.1261436225012267,False
1984-03-20,0.2050378804840439,0.12630010612407197,False
1984-03-21,0.20853185768902782,0.1261521691690127,False
1984-03-22,0.2044939221918453,0.1316934592230717,False
1984-03-23,0.2198692937538922,0.13150137771279988,False
1984-03-26,0.22338079549518164,0.11074838715325824,False
1984-03-27,0.19081428559615124,0.1119499952451787,False
1984-03-28,0.19840412568840854,0.11304905910274723,False
1984-03-29,0.2020413143207632,0.11222249408533944,False
1984-03-30,0.20159852212057752,0.10966127949972226,False
1984-04-02,0.2034260449602393,0.10793719360187538,False
1984-04-03,0.19721515906431542,0.1075842260004759,False
1984-04-04,0.1893115354138875,0.10494653951409814,False
1984-04-05,0.18206679392880365,0.11140306589585428,False
1984-04-06,0.20280449907974135,0.11207984853354117,False
1984-04-09,0.2026189040682236,0.11033738491232681,False
1984-04-10,0.1933938358138828,0.10738424501283113,False
1984-04-11,0.20061913271925988,0.10811363985937383,False
1984-04-12,0.19414337439645468,0.12298656182811495,False
1984-04-13,0.22808205872450113,0.1229706215243405,False
1984-04-16,0.22638529530473817,0.11683527728062433,False
1984-04-17,0.21295636676779142,0.11345381455038679,False
1984-04-18,0.20729533563687433,0.11276739398878625,False
1984-04-19,0.20431449628370157,0.11254015777684945,False
1984-04-23,0.20741679555507608,0.10733539935289846,False
1984-04-24,0.1946240072022623,0.10850980112680189,False
1984-04-25,0.19521949549124396,0.10899241591160252,False
1984-04-26,0.19783623839359143,0.10971730876284261,False
1984-04-27,0.1994718325235778,0.09720928663546742,False
1984-04-30,0.1733579410973629,0.09724002477693937,False
1984-05-01,0.1730434221885665,0.10270262886893089,False
1984-05-02,0.18204950353098923,0.10014698223617452,False
1984-05-03,0.1700341862446743,0.0977145929476736,False
1984-05-04,0.1652290606332386,0.1078720669292904,False
1984-05-07,0.19112673958027898,0.09295236078531861,False
1984-05-08,0.15118450910554876,0.09502167205785716,False
1984-05-09,0.16179169763844012,0.09700715796403253,False
1984-05-10,0.15867129137815678,0.09661562680269266,False
1984-05-11,0.15697963216058194,0.09529674719137078,False
1984-05-14,0.15919825154881337,0.08375293457938199,False
1984-05-15,0.12977170198766655,0.08368460711880328,False
1984-05-16,0.13422673796918666,0.08368832544558982,False
1984-05-17,0.13452315043573013,0.0897961124353466,False
1984-05-18,0.15053269973907882,0.09353094251385673,False
1984-05-21,0.15633385295146032,0.09455090106359222,False
1984-05-22,0.15945774625960904,0.0960835955289153,False
1984-05-23,0.15578795992313582,0.09371854940986156,False
1984-05-24,0.14992334580845415,0.0942857155868181,False
1984-05-25,0.15628414721902914,0.08965267014122448,False
1984-05-29,0.14493707805139275,0.09396592922637878,False
1984-05-30,0.15652128149873484,0.09459665121278667,False
1984-05-31,0.15099889304227745,0.08571117244692877,False
1984-06-01,0.13760694626906994,0.11556179113345104,False
1984-06-04,0.22373977829931183,0.12339787759888633,False
1984-06-05,0.24624673472512465,0.11733670851656479,False
1984-06-06,0.23471649338764886,0.11960830291284602,False
1984-06-07,0.22532755477628474,0.11704589204116575,False
1984-06-08,0.207418005123281,0.12006521032128417,False
1984-06-11,0.21547121208364714,0.1279906151147487,False
1984-06-12,0.2475344121128979,0.12778652630071283,False
1984-06-13,0.24511078322703722,0.12596888633787554,False
1984-06-14,0.2449958301929789,0.1282983627954407,False
1984-06-15,0.2431804032551476,0.12830546688208988,False
1984-06-18,0.2362321345848739,0.1366695278492455,False
1984-06-19,0.2597253385135784,0.1345244995305584,False
1984-06-20,0.2603470683165172,0.13879775179187231,False
1984-06-21,0.2656486696433721,0.1359016965194248,False
1984-06-22,0.25117708958459095,0.13515304049874885,False
1984-06-25,0.24784370051869103,0.13253609056438334,False
1984-06-26,0.23790634206078334,0.13496779134593193,False
1984-06-27,0.23636998368010362,0.12856383964785295,False
1984-06-28,0.22336614195241714,0.1297569100835239,False
1984-06-29,0.22553763979267913,0.1297407896527752,False
1984-07-02,0.2254101266839412,0.11429340898053303,False
1984-07-03,0.17131209292568247,0.10963033968987755,False
1984-07-05,0.15942695590653921,0.10917516947119382,False
1984-07-06,0.16064094554924904,0.10986989590578937,False
1984-07-09,0.1628316186046219,0.11325468612278024,False
1984-07-10,0.17133615055435347,0.1109794564482819,False
1984-07-11,0.1619102988473043,0.10400233283121048,False
1984-07-12,0.14042041733676078,0.10442811990112505,False
1984-07-13,0.13945766351118105,0.10435211732180585,False
1984-07-16,0.14167601622354067,0.09854056343273453,False
1984-07-17,0.13577438870520883,0.09778243547786532,False
1984-07-18,0.1344371108883137,0.08875178790942924,False
1984-07-19,0.1119010401379927,0.09369243345612616,False
1984-07-20,0.10805271615965631,0.08508169321188884,False
1984-07-23,0.09007198795170485,0.08478820291496666,False
1984-07-24,0.0931090366150927,0.0858611733952612,False
1984-07-25,0.09892417775020643,0.09214513013361583,False
1984-07-26,0.1044231500717216,0.10308903256786724,False
1984-07-27,0.13559531699528063,0.10742961807119504,False
1984-07-30,0.12844369137305803,0.10693491058012747,False
1984-07-31,0.1291864981624001,0.10675560536006633,False
1984-08-01,0.12505450984650404,0.1295705996323308,False
1984-08-02,0.1789284189200248,0.16533400010990193,False
1984-08-03,0.2671504150185545,0.19013800683340626,True
1984-08-06,0.3180025665534715,0.18800525930629136,True
1984-08-07,0.29645270306555405,0.1868369103642285,True
1984-08-08,0.29003308043722853,0.18943059247312732,True
1984-08-09,0.2921069749893449,0.1929946267516891,True
1984-08-10,0.3011535038884708,0.1900080699670647,True
1984-08-13,0.29992928048098993,0.19007299090374064,True
1984-08-14,0.2977923174581069,0.19331142472872323,True
1984-08-15,0.3002264825973262,0.19431440513715975,True
1984-08-16,0.30674004838255553,0.18950733084614493,True
1984-08-17,0.2953608192908372,0.18170036928739444,True
1984-08-20,0.2940596363162063,0.17501291607572664,False
1984-08-21,0.283392783185184,0.1755612010783641,False
1984-08-22,0.2784240307350417,0.1689794814472346,False
1984-08-23,0.2556471278230695,0.170493610050821,False
1984-08-24,0.2661724246904583,0.1691480844331859,False
1984-08-27,0.2663139485876099,0.17351438526247856,False
1984-08-28,0.28594724866475674,0.16611315891763725,False
1984-08-29,0.2744044437145269,0.16695570822501848,False
1984-08-30,0.2753381230735568,0.16121326825875046,False
1984-08-31,0.26740224784759165,0.13424574803041572,False
1984-09-04,0.2161293108827177,0.10699834018187782,False
1984-09-05,0.1562052608329909,0.10760007586257617,False
1984-09-06,0.16871075824296397,0.11048724256118217,False
1984-09-07,0.18090858300828588,0.10685623498690583,False
1984-09-10,0.1665107142892973,0.09102685528972725,False
1984-09-11,0.1231995560766787,0.09255836994254492,False
1984-09-12,0.13342710994278245,0.09259167175341611,False
1984-09-13,0.13410318791632495,0.09937091434900447,False
1984-09-14,0.16379060299841225,0.09786943658475072,False
1984-09-17,0.16770437978281053,0.09726916143166259,False
1984-09-18,0.1646875044954988,0.10021262871340655,False
1984-09-19,0.1659962693758164,0.10569589034161815,False
1984-09-20,0.16436333201374922,0.0917976817702571,False
1984-09-21,0.13686329354125787,0.09523735485040176,False
1984-09-24,0.14643630302099578,0.09954612400330251,False
1984-09-25,0.15543958918531864,0.09782043438473755,False
1984-09-26,0.14751766130387253,0.09605297378095892,False
1984-09-27,0.14367583027239111,0.09442100375958551,False
1984-09-28,0.13835538554135943,0.0945017101974712,False
1984-10-01,0.13804185490437876,0.1008179105958108,False
1984-10-02,0.14681020873624925,0.10267598419679899,False
1984-10-03,0.15021444788257143,0.09946190987232022,False
1984-10-04,0.13844383130184307,0.10092497561785309,False
1984-10-05,0.14002819481510123,0.09454973771326744,False
1984-10-08,0.12411801048441594,0.09533447151942474,False
1984-10-09,0.13060849980621717,0.09577226981426386,False
1984-10-10,0.12593275034359783,0.09392663381195537,False
1984-10-11,0.12105177540888065,0.09540837005235318,False
1984-10-12,0.12461982729866777,0.08669921613172382,False
1984-10-15,0.09453729454738773,0.09392737033184552,False
1984-10-16,0.11572105743803497,0.09501740792181097,False
1984-10-17,0.11550437110522145,0.09432362763480111,False
1984-10-18,0.10911655375537348,0.11083647059272213,False
1984-10-19,0.16346304587929242,0.11239210114054209,False
1984-10-22,0.17309142939496963,0.11017090150042219,False
1984-10-23,0.1676982489642366,0.10615191788925513,False
1984-10-24,0.15991316677951115,0.1062030250199946,False
1984-10-25,0.15742175311690082,0.11370667685525764,False
1984-10-26,0.15828100472870502,0.11522914712727458,False
1984-10-29,0.16433520751687047,0.11588766784323558,False
1984-10-30,0.16752647393592643,0.11336362361591526,False
1984-10-31,0.16891916089499737,0.10917546427384348,False
1984-11-01,0.16250584173186433,0.11131736226903695,False
1984-11-02,0.16708488594174706,0.111465846695439,False
1984-11-05,0.16016249750680253,0.11251228805816646,False
1984-11-06,0.16448226533244514,0.11368664334031739,False
1984-11-07,0.15821322163955606,0.1161516066031075,False
1984-11-08,0.16640332250988613,0.11617358213048173,False
1984-11-09,0.16959539599329623,0.1198164302533479,False
1984-11-12,0.17862193983402835,0.11598581501433995,False
1984-11-13,0.18031988013738406,0.11482157999814793,False
1984-11-14,0.1748770550950936,0.1130776544212136,False
1984-11-15,0.1754691231453168,0.113713212213013,False
1984-11-16,0.17963416007788235,0.10177718386112607,False
1984-11-19,0.14568808724246748,0.10294558648497279,False
1984-11-20,0.1571070395752723,0.10591191463246706,False
1984-11-21,0.16614580072193486,0.10701631856458575,False
1984-11-23,0.16843031793479366,0.11895327927663371,False
1984-11-26,0.20610020707704335,0.11321750237271855,False
1984-11-27,0.20737109746764212,0.11196895530575272,False
1984-11-28,0.20458886003675172,0.11385539831822541,False
1984-11-29,0.20556003553967628,0.11049793516807861,False
1984-11-30,0.19466169167814734,0.1102965831358982,False
1984-12-03,0.1960694109735151,0.10674000224367687,False
1984-12-04,0.18521997825627326,0.10602228982385696,False
1984-12-05,0.1896284823932056,0.10622245857221783,False
1984-12-06,0.18426976277776166,0.0971165246200233,False
1984-12-07,0.15337879200552196,0.0951697104494485,False
1984-12-10,0.14945719355416928,0.09593092478471303,False
1984-12-11,0.15256004783408128,0.09652451844445958,False
1984-12-12,0.16010029616150778,0.09654140288323021,False
1984-12-13,0.15705176647492824,0.0945204083711349,False
1984-12-14,0.1448254184276823,0.09991387139282228,False
1984-12-17,0.1575180709004918,0.10246936827499113,False
1984-12-18,0.1660730089933222,0.12422457885080287,False
1984-12-19,0.24011613997196754,0.11806724605578281,False
1984-12-20,0.2222002420005236,0.12165898035402167,False
1984-12-21,0.2244420138513057,0.12315493196277066,False
1984-12-24,0.2307109788249258,0.11644828811851442,False
1984-12-26,0.21273233082450543,0.11661981320405913,False
1984-12-27,0.21818055390099197,0.11655737790040557,False
1984-12-28,0.21959361045186684,0.11364348138669231,False
1984-12-31,0.2193120569388849,0.11759506348231231,False
1985-01-02,0.2074442828351966,0.12078161557280077,False
1985-01-03,0.20898645836836163,0.11935340349178203,False
1985-01-04,0.2050308700641221,0.11963368647445126,False
1985-01-07,0.20662169354405238,0.11421847251458145,False
1985-01-08,0.19361085681020082,0.11647404244722996,False
1985-01-09,0.19695653136170332,0.11918668043585075,False
1985-01-10,0.19996243745616524,0.12943011360121692,False
1985-01-11,0.22366116539025147,0.12922873862162293,False
1985-01-14,0.22063223508794738,0.13051132824338726,False
1985-01-15,0.2242956653082109,0.12757955994665623,False
1985-01-16,0.22119071003248802,0.12597704713985386,False
1985-01-17,0.21169607405273275,0.125806391363253,False
1985-01-18,0.20935427816571142,0.09997650892865692,False
1985-01-21,0.13576914006081367,0.11614252811378406,False
1985-01-22,0.17358927613126993,0.11072298697440519,False
1985-01-23,0.16311571387351578,0.11148542183537424,False
1985-01-24,0.15399466226100167,0.11007653742185726,False
1985-01-25,0.14683624523828706,0.10786415695103076,False
1985-01-28,0.13400602091618985,0.10772482705408779,False
1985-01-29,0.12955347386392316,0.11009111864086421,False
1985-01-30,0.13425432018952319,0.09857527409713061,False
1985-01-31,0.13081364277426202,0.09918787779851639,False
1985-02-01,0.12055364504480537,0.10172219226493154,False
1985-02-04,0.12717943077956564,0.10631413442848138,False
1985-02-05,0.1217029231523084,0.10640812561227889,False
1985-02-06,0.12314169175945182,0.1010611584275439,False
1985-02-07,0.11709838750983169,0.10602788767615612,False
1985-02-08,0.1214020431002125,0.09938701439223929,False
1985-02-11,0.10862523125694273,0.10897932627847108,False
1985-02-12,0.11957741972979026,0.10878457686531641,False
1985-02-13,0.11695998312610803,0.11032764996984068,False
1985-02-14,0.12922378996568437,0.11489946920386046,False
1985-02-15,0.12746538342755875,0.11747635511431039,False
1985-02-19,0.1313159800536714,0.1203579700599538,False
1985-02-20,0.13695473325118562,0.10775372334874139,False
1985-02-21,0.11077296077025375,0.11028431145437778,False
1985-02-22,0.12039855582712988,0.10667449679680456,False
1985-02-25,0.11908712324568671,0.11108320500840159,False
1985-02-26,0.12040654202405685,0.11182846887320226,False
1985-02-27,0.13061884616586636,0.11090297601818176,False
1985-02-28,0.13082647783129656,0.10562201902890836,False
1985-03-01,0.12173085937337526,0.11225400468914332,False
1985-03-04,0.1436540120095247,0.11197936062879471,False
1985-03-05,0.14779571906206057,0.11074672268786105,False
1985-03-06,0.14627383365460506,0.10409844827950405,False
1985-03-07,0.1403294525496115,0.10795219312630365,False
1985-03-08,0.14938507051871097,0.10808242269630286,False
1985-03-11,0.15154672955729712,0.09420876236385266,False
1985-03-12,0.13015379673751445,0.09180746533362559,False
1985-03-13,0.13326176218580252,0.09903971390641922,False
1985-03-14,0.14012690887478257,0.09908586308744144,False
1985-03-15,0.14188698282827908,0.09091597429906637,False
1985-03-18,0.10503694794501976,0.09034464304653479,False
1985-03-19,0.10681602161849385,0.10183586613935366,False
1985-03-20,0.14985767711584547,0.10163433241563194,False
1985-03-21,0.14788196112398558,0.10321398029140255,False
1985-03-22,0.15378199185990696,0.10234292477632304,False
1985-03-25,0.1537890449467135,0.10269234112702012,False
1985-03-26,0.152150352712354,0.1000518768266097,False
1985-03-27,0.1513462736195395,0.10186268688023939,False
1985-03-28,0.15232030428326157,0.10220811593676696,False
1985-03-29,0.15299292211875284,0.10253403320832649,False
1985-04-01,0.15638587546567184,0.09240641441834518,False
1985-04-02,0.13219756157200405,0.09450795887306118,False
1985-04-03,0.13997213050729918,0.09500032015355424,False
1985-04-04,0.14334498987255068,0.09129152633897596,False
1985-04-08,0.1281201343732235,0.08841869429475041,False
1985-04-09,0.11930356034547777,0.08838559654129426,False
1985-04-10,0.12232576911947786,0.08891233312071806,False
1985-04-11,0.12295619337205697,0.09191934016949425,False
1985-04-12,0.12631096439325393,0.07560545080352242,False
1985-04-15,0.11194835084072109,0.07620787976765588,False
1985-04-16,0.1169094664592292,0.07491168434813603,False
1985-04-17,0.10507832879210477,0.07585850590381137,False
1985-04-18,0.10722034806238571,0.06741832630082892,False
1985-04-19,0.08082520311413292,0.06529178324462268,False
1985-04-22,0.08061381047654065,0.06505076821400456,False
1985-04-23,0.07524743687638398,0.06605682120816392,False
1985-04-24,0.07717896269954345,0.06275829504521087,False
1985-04-25,0.07252629009945424,0.0636028864188107,False
1985-04-26,0.07336032171082964,0.06653431585263722,False
1985-04-29,0.07164984334777208,0.07765109650287313,False
1985-04-30,0.09656287041996665,0.07973205158680757,False
1985-05-01,0.09709914257353876,0.08426153753571247,False
1985-05-02,0.10869539559664022,0.08241923655035101,False
1985-05-03,0.10000654302274617,0.081517443170811,False
1985-05-06,0.09571396177887667,0.08178147238035899,False
1985-05-07,0.09665136164205418,0.08440484401875133,False
1985-05-08,0.10234033991441366,0.08439292921568703,False
1985-05-09,0.10328148643097672,0.08750768503395612,False
1985-05-10,0.1103807686630788,0.0943850424020403,False
1985-05-13,0.1254048867100419,0.09481437880998424,False
1985-05-14,0.12339399617523465,0.09469463361706736,False
1985-05-15,0.11914316789769126,0.09459470442722026,False
1985-05-16,0.125051293456286,0.09418247700567291,False
1985-05-17,0.12698783048547238,0.10671505696818405,False
1985-05-20,0.15385742644338768,0.11165809248501675,False
1985-05-21,0.16443816353994226,0.11204338511314597,False
1985-05-22,0.16567657401801913,0.11263543523669953,False
1985-05-23,0.17381697172124025,0.11271972948488598,False
1985-05-24,0.17440218763544363,0.11189859342905793,False
1985-05-28,0.1714318258176373,0.10886699363681661,False
1985-05-29,0.1666120248205169,0.10044149050701154,False
1985-05-30,0.1495711601545087,0.09710055223815314,False
1985-05-31,0.13610104507615747,0.09120980019913007,False
1985-06-03,0.11165282035634445,0.0905229279307376,False
1985-06-04,0.11122191959358793,0.09044314454243046,False
1985-06-05,0.11201934191878211,0.09031894042281943,False
1985-06-06,0.10903237078371424,0.08830413185518675,False
1985-06-07,0.10281804603802884,0.09685355934451301,False
1985-06-10,0.11639680955750088,0.09461872054766313,False
1985-06-11,0.1099027053971945,0.08495765329026332,False
1985-06-12,0.09782572758527372,0.08748591099553049,False
1985-06-13,0.10323135827061318,0.09864272044156715,False
1985-06-14,0.13220438178645913,0.0989671070677193,False
1985-06-17,0.1368702194153969,0.09927960480942685,False
1985-06-18,0.13579141581982987,0.08564918708832932,False
1985-06-19,0.10534990684704555,0.07578802857372628,False
1985-06-20,0.08260755057387979,0.07609512933692525,False
1985-06-21,0.08540931316674308,0.08488655703112152,False
1985-06-24,0.10096987952374929,0.0848618809004821,False
1985-06-25,0.09786589953643872,0.08657373523074717,False
1985-06-26,0.10496651973954689,0.0863379381691857,False
1985-06-27,0.10572163648719438,0.0866585332744562,False
1985-06-28,0.1044705717681334,0.08820302615344407,False
1985-07-01,0.1111796673561042,0.08631538698693648,False
1985-07-02,0.10481831895601422,0.08547158993129424,False
1985-07-03,0.10453559090560455,0.08524220350784435,False
1985-07-05,0.10524568147041927,0.08617996560846361,False
1985-07-08,0.11384248486211927,0.08568071340117296,False
1985-07-09,0.11139902174706322,0.0780198329455154,False
1985-07-10,0.09620806188148051,0.0835249392280524,False
1985-07-11,0.10824502662400522,0.08364526299240786,False
1985-07-12,0.10420677904646411,0.07990779601053011,False
1985-07-15,0.09891005419358867,0.06021271074795129,False
1985-07-16,0.06094858938806583,0.06504354710963993,False
1985-07-17,0.06615372728638316,0.05835970865928417,False
1985-07-18,0.05607545135898316,0.06747898353411862,False
1985-07-19,0.07937965345144642,0.0676993289576561,False
1985-07-22,0.07598800579621867,0.07410980427668358,False
1985-07-23,0.09205409167497379,0.07484642189840177,False
1985-07-24,0.09942545586147711,0.08715419683613554,False
1985-07-25,0.12446847860912266,0.08587465607687708,False
1985-07-26,0.12290418958495211,0.08654838821464099,False
1985-07-29,0.12002131647839313,0.11036526065283278,True
1985-07-30,0.17462850616233838,0.10840658633352879,False
1985-07-31,0.1641662790573151,0.11512888256835686,False
1985-08-01,0.18402254608813193,0.11807318169673225,False
1985-08-02,0.19636786262533884,0.1181553847163605,False
1985-08-05,0.1959871560038009,0.11818496236080625,False
1985-08-06,0.1983219353184455,0.12677678665983771,False
1985-08-07,0.22937057293184454,0.1268914586564326,False
1985-08-08,0.2280079093208352,0.12235907793832312,False
1985-08-09,0.22039675637331851,0.12051998704565695,False
1985-08-12,0.21822327447909928,0.11820493396255718,False
1985-08-13,0.21505664528381613,0.11805308900652653,False
1985-08-14,0.2175271744475483,0.11078814932509873,False
1985-08-15,0.20283344741159717,0.1077556185032262,False
1985-08-16,0.1953114482125814,0.1098316808186783,False
1985-08-19,0.19890104850087795,0.10971094147039337,False
1985-08-20,0.19981582901191414,0.11534623966112466,False
1985-08-21,0.2139446504458201,0.11843081856024298,False
1985-08-22,0.23434515393157687,0.11437084091803797,False
1985-08-23,0.22954898304864638,0.11418269896238531,False
1985-08-26,0.23584370119556008,0.11427469075502587,False
1985-08-27,0.23489439966848116,0.09825673521383305,False
1985-08-28,0.19465812080173978,0.09847321580634599,False
1985-08-29,0.20946016924259878,0.09051752680829393,False
1985-08-30,0.19594790278436441,0.08576554312131023,False
1985-09-03,0.169100089128978,0.08729314080981325,False
1985-09-04,0.17394985174587968,0.08755649815566671,False
1985-09-05,0.17008855160462963,0.07390966110403364,False
1985-09-06,0.11759990767968363,0.07559458930708808,False
1985-09-09,0.12557856845281737,0.07356642627515224,False
1985-09-10,0.1123754579606753,0.08039103078478096,False
1985-09-11,0.12691930259032458,0.08638530323327763,False
1985-09-12,0.15343762050827905,0.09520222242384394,False
1985-09-13,0.17461535713491083,0.09581668290062492,False
1985-09-16,0.17360292003392022,0.0959671513047615,False
1985-09-17,0.17141938240312418,0.09425135773353456,False
1985-09-18,0.16307477489755284,0.0957506395892218,False
1985-09-19,0.1568365591253197,0.09644962359683844,False
1985-09-20,0.1603684900514139,0.09096315479029939,False
1985-09-23,0.13990405714851453,0.10048707200713039,False
1985-09-24,0.1771393696248987,0.10461970213989363,False
1985-09-25,0.18318982020009822,0.10785763337237468,False
1985-09-26,0.19339121882946933,0.1029493972343539,False
1985-09-30,0.17926492525936719,0.10181297436575167,False
1985-10-01,0.16807520052330208,0.11123430164436195,False
1985-10-02,0.1925732943307757,0.11195782535969552,False
1985-10-03,0.18998859725801728,0.11194736395680996,False
1985-10-04,0.18701699073458927,0.11130203029052649,False
1985-10-07,0.18854782078516352,0.11146534180374697,False
1985-10-08,0.1876739905434052,0.1083524099819285,False
1985-10-09,0.17710023648469944,0.11116059683612739,False
1985-10-10,0.18434550853261455,0.10804764764826327,False
1985-10-11,0.17487381896735343,0.10851511423081296,False
1985-10-14,0.1722380574928994,0.10858776688058658,False
1985-10-15,0.17271835899111224,0.10566322635474197,False
1985-10-16,0.1617259514569226,0.10992073890804867,False
1985-10-17,0.17698770111854753,0.1056164367324924,False
1985-10-18,0.16590806959169274,0.1087861547948561,False
1985-10-21,0.1747048414435718,0.10865601169856313,False
1985-10-22,0.1724130678231245,0.11189318689139119,False
1985-10-23,0.18193969010995806,0.10696272480444459,False
1985-10-24,0.16612571072875867,0.100388969987454,False
1985-10-25,0.1478297224733885,0.09488909751746498,False
1985-10-28,0.13603575262871123,0.0958870663726612,False
1985-10-29,0.139447277967917,0.09847109246827594,False
1985-10-30,0.14917781807807487,0.09265984121720797,False
1985-10-31,0.12911423604918648,0.09028038768707208,False
1985-11-01,0.12448710458891642,0.09191498151026989,False
1985-11-04,0.13593148318969037,0.09018559063803794,False
1985-11-05,0.12727061663717143,0.08750510268840203,False
1985-11-06,0.11295991568984222,0.08538138779838164,False
1985-11-07,0.11035547027266562,0.08609170995916049,False
1985-11-08,0.10879491360426904,0.08720570594035218,False
1985-11-11,0.11045728410614225,0.09660291337698458,False
1985-11-12,0.14286448182153497,0.09190084019459296,False
1985-11-13,0.1326481282900124,0.0969559711539627,False
1985-11-14,0.15075948689169025,0.09464992113681955,False
1985-11-15,0.14462183793723551,0.09449979886391258,False
1985-11-18,0.14817819924641892,0.0889339933336854,False
1985-11-19,0.13900066784673779,0.08266603515866047,False
1985-11-20,0.12966648179317614,0.0832861044879277,False
1985-11-21,0.1304843901852323,0.08524731047751155,False
1985-11-22,0.14116535571273056,0.08540888643500874,False
1985-11-25,0.1361721517488492,0.08763429502569361,False
1985-11-26,0.1367619570995145,0.08543284249349745,False
1985-11-27,0.13020486501652329,0.08724951859237208,False
1985-11-29,0.13275707451963734,0.08722512520367592,False
1985-12-02,0.13294167801146126,0.10164910224819582,False
1985-12-03,0.152002834641711,0.10108108320729697,False
1985-12-04,0.15119948215510218,0.11678594150981952,False
1985-12-05,0.18634339929158253,0.11667518954157655,False
1985-12-06,0.18864878857059347,0.12508682016024625,False
1985-12-09,0.2038924294515774,0.1254952863632644,False
1985-12-10,0.20138454945017492,0.12453218497110244,False
1985-12-11,0.19647029686291909,0.11613554270891091,False
1985-12-12,0.17203563377487216,0.11627030049664386,False
1985-12-13,0.16644836870991078,0.11720867817900266,False
1985-12-16,0.1595879395259838,0.11769915254355671,False
1985-12-17,0.15723279169879195,0.12116602660160083,False
1985-12-18,0.16161089796861608,0.12582756704944417,False
1985-12-19,0.1729426124643434,0.12430476215712695,False
1985-12-20,0.17436196336667492,0.12327379231917836,False
1985-12-23,0.17919373358767743,0.1301053949766096,False
1985-12-24,0.19782126417784088,0.13138846175927793,False
1985-12-26,0.20685981389419023,0.12937522859313377,False
1985-12-27,0.20186711072756222,0.13240356366624173,False
1985-12-30,0.20943356346570693,0.1293722014028437,False
1985-12-31,0.211609817115718,0.12889412726805305,False
1986-01-02,0.21030031214404046,0.119751868070108,False
1986-01-03,0.20045404141856885,0.11988219825183907,False
1986-01-06,0.2008771956403815,0.09944744927373043,False
1986-01-07,0.15682850556175051,0.11767980466826589,False
1986-01-08,0.1926210488048659,0.13117551193210283,True
1986-01-09,0.23100949469223492,0.13780987494004232,False
1986-01-10,0.2524881892249738,0.13790547129361275,False
1986-01-13,0.2596294650413036,0.13759740605271836,False
1986-01-14,0.2536820577272479,0.13761270751607146,False
1986-01-15,0.2605268149796434,0.13520484524079232,False
1986-01-16,0.2541713334779899,0.13093080440968202,False
1986-01-17,0.2409486028677965,0.12933072073909727,False
1986-01-20,0.24037928095707006,0.1272865040823743,False
1986-01-21,0.24096066189126353,0.1304632456383026,False
1986-01-22,0.24020009360917566,0.13429136624047894,False
1986-01-23,0.24256679111376667,0.12934468748622172,False
1986-01-24,0.23067678728306867,0.13653597434149758,False
1986-01-27,0.24760743573427957,0.137092424593522,False
1986-01-28,0.24370387355317627,0.13916506302824955,False
1986-01-29,0.24111275268588742,0.14052985014903369,False
1986-01-30,0.24216806843261224,0.140914989484686,False
1986-01-31,0.24130294609348235,0.14429890445309285,False
1986-02-03,0.24816770574480357,0.14603145005485396,False
1986-02-04,0.24860682387429472,0.14600689881836293,False
1986-02-05,0.2391240386897274,0.13112958304489003,False
1986-02-06,0.2103736360595164,0.11354586952478561,False
1986-02-07,0.15723636659918735,0.10013625273016903,False
1986-02-10,0.1186884500347949,0.09958983379239812,False
1986-02-11,0.11369155365436458,0.0961419154219404,False
1986-02-12,0.11525188292126003,0.09581252603549907,False
1986-02-13,0.11282236516996395,0.09394402939142742,False
1986-02-14,0.10518042295436095,0.0959593461271596,False
1986-02-18,0.10766403855153903,0.09744448599980911,False
1986-02-19,0.11245265006849556,0.1078473542761246,False
1986-02-20,0.13748788394685552,0.10025651330855452,False
1986-02-21,0.12137917525994683,0.08926978137195123,False
1986-02-24,0.10082270960946738,0.08942202140207746,False
1986-02-25,0.10349450032818693,0.08686314402824798,False
1986-02-26,0.10255206280786108,0.08713628809173386,False
1986-02-27,0.10504539075370835,0.08815427836291972,False
1986-02-28,0.10481274283180761,0.08748688634396654,False
1986-03-03,0.09857355190772743,0.09113442348994265,False
1986-03-04,0.10056866059925637,0.0880543652298085,False
1986-03-05,0.09459437076873818,0.08962831589332915,False
1986-03-06,0.09445412758678315,0.09032504484080323,False
1986-03-07,0.09877026532872601,0.09081164935480938,False
1986-03-10,0.09691452317102073,0.09041482079224121,False
1986-03-11,0.10050953438334796,0.10368008539955324,False
1986-03-12,0.12534301289766764,0.10766751028564196,False
1986-03-13,0.1275283342175502,0.11204548965187917,False
1986-03-14,0.12745288589891637,0.11610163723048661,False
1986-03-17,0.15061814145214822,0.11775271691210414,False
1986-03-18,0.16685246851266067,0.11767531144226483,False
1986-03-19,0.1465931094117297,0.11754636469173096,False
1986-03-20,0.14327674638704083,0.10621774424574483,False
1986-03-21,0.11578187875651537,0.11264770878823124,False
1986-03-24,0.13012145494009486,0.11024956658652792,False
1986-03-25,0.12204654264147648,0.1137377503858886,False
1986-03-26,0.1277725340539172,0.11526079211323219,False
1986-03-27,0.13562393633555825,0.11603295461455196,False
1986-03-31,0.13844816599631568,0.11319540983409825,False
1986-04-01,0.13624437109365714,0.12447829993923855,False
1986-04-02,0.1632824735263507,0.12196048387611132,False
1986-04-03,0.1561564665267567,0.12413405262214926,False
1986-04-04,0.16679614355786962,0.1284916774078634,False
1986-04-07,0.17014384430057222,0.12843556886984026,False
1986-04-08,0.17388603445476566,0.14366080399433612,False
1986-04-09,0.20950831055668456,0.14303962521541522,False
1986-04-10,0.20450478710913617,0.13409012803733805,False
1986-04-11,0.18655499913220253,0.1284180500533811,False
1986-04-14,0.18463483347880125,0.12661742069592125,False
1986-04-15,0.1887482668777665,0.11972731759937788,False
1986-04-16,0.17328619189839206,0.13209766404797357,False
1986-04-17,0.20505725294948873,0.13225299810654645,False
1986-04-18,0.20496320856409672,0.13271564280306042,False
1986-04-21,0.205895323517787,0.1347186462041732,False
1986-04-22,0.20918094082852373,0.13274186554856213,False
1986-04-23,0.2100364154262132,0.13568202510571103,False
1986-04-24,0.22081925299743815,0.13315072629928262,False
1986-04-25,0.20989632358684068,0.1299871307062846,False
1986-04-28,0.20467192746753082,0.12880034507822885,False
1986-04-29,0.19794057523068145,0.13467303996325758,False
1986-04-30,0.2122662872399315,0.1478145695516614,True
1986-05-01,0.2453631593461643,0.14987141900151296,False
1986-05-02,0.2515584178003901,0.15033533289549328,False
1986-05-05,0.2404273720549323,0.15243078580344743,False
1986-05-06,0.23966356084803664,0.15222764494731356,False
1986-05-07,0.2393439161033965,0.1408394469661714,False
1986-05-08,0.21207094522434267,0.14409046809862433,False
1986-05-09,0.22104441533327035,0.14213953266362236,False
1986-05-12,0.22025052157966124,0.1430372010299177,False
1986-05-13,0.22316298674830787,0.1471639528122375,False
1986-05-14,0.22541708377733688,0.1480861154020033,False
1986-05-15,0.22418643886692813,0.13684975875622435,False
1986-05-16,0.19094352298075418,0.133308507435562,False
1986-05-19,0.19149956823646436,0.1303040390619242,False
1986-05-20,0.19078945530349833,0.12961314730190787,False
1986-05-21,0.199932247960408,0.1294530051441689,False
1986-05-22,0.19765082918218924,0.14327121332636578,False
1986-05-23,0.2333087305674667,0.14240412026499455,False
1986-05-27,0.23701694666119127,0.15359379838119339,False
1986-05-28,0.2650928161136585,0.15517498787616216,False
1986-05-29,0.26542413379158797,0.1516062538248683,False
1986-05-30,0.2541492645220637,0.13130230549687058,False
1986-06-02,0.19623586866997636,0.1392392263686804,False
1986-06-03,0.21352984286918258,0.13694935060079486,False
1986-06-04,0.2214082415625439,0.13029291808827495,False
1986-06-05,0.22013344059775214,0.13432287036980167,False
1986-06-06,0.2252591456059694,0.1305632433072108,False
1986-06-09,0.21299947139116227,0.17561194472898706,True
1986-06-10,0.2718666495415272,0.174099276727716,False
1986-06-11,0.26779236926094435,0.175469422186209,False
1986-06-12,0.2717078596713752,0.1722623311473258,False
1986-06-13,0.26727063639125365,0.1758615117578182,False
1986-06-16,0.2859651854318529,0.17184921227912883,False
1986-06-17,0.26847096552455596,0.17331227518835995,False
1986-06-18,0.2670399047239023,0.17350832906316477,False
1986-06-19,0.26622345434084693,0.1708815229881546,False
1986-06-20,0.24960855577408073,0.17203850089507028,False
1986-06-23,0.2516845549091817,0.16390578073456152,False
1986-06-24,0.23350014562438434,0.16577890757865169,False
1986-06-25,0.23895857469044532,0.15950421213324237,False
1986-06-26,0.20859401951110004,0.15826749423769043,False
1986-06-27,0.21243943032801074,0.15720479440682408,False
1986-06-30,0.21592100695976366,0.1606779806517733,False
1986-07-01,0.22541063358492291,0.15401705112395409,False
1986-07-02,0.20529252836393375,0.1541959937672863,False
1986-07-03,0.1963207749099276,0.15353661607727678,False
1986-07-07,0.19208623631160554,0.17846079627284323,True
1986-07-08,0.26669004818443043,0.1826862905280363,True
1986-07-09,0.28040354814159146,0.14094911712264757,False
1986-07-10,0.2361655844672334,0.14075215567933627,False
1986-07-11,0.2367132457004927,0.13880076989446036,False
1986-07-14,0.2284917736871307,0.15264015834216318,True
1986-07-15,0.2510778653338622,0.15888766997314108,True
1986-07-16,0.25090984695010937,0.1596513008349336,False
1986-07-17,0.25406813429671243,0.16265966059358297,False
1986-07-18,0.25009819626851093,0.16299387606565258,False
1986-07-21,0.2469456280450552,0.16267825377735082,False
1986-07-22,0.24770520326391154,0.1597398528669821,False
1986-07-23,0.2338656290793977,0.161652777458898,False
1986-07-24,0.23752516954013098,0.15876312879098586,False
1986-07-25,0.2284126351143467,0.15677997441622848,False
1986-07-28,0.2234582481793609,0.16438790846882503,True
1986-07-29,0.23966482921873908,0.16416011531142377,False
1986-07-30,0.2356467944869449,0.16106960420912128,False
1986-07-31,0.2321155618150175,0.15813018640489082,False
1986-08-01,0.22958628554567745,0.15691222741282185,False
1986-08-04,0.22611059762724284,0.15753413405993905,False
1986-08-05,0.22410136627883856,0.13359463013510328,False
1986-08-06,0.165058120391942,0.1296264576531582,False
1986-08-07,0.15370482224121151,0.12882199666870897,False
1986-08-08,0.1495687207386128,0.13175808590524044,False
1986-08-11,0.15078326945967802,0.14347948090116744,False
1986-08-12,0.17979551612469638,0.13529045922703697,False
1986-08-13,0.16695328553858746,0.11737447525123385,False
1986-08-14,0.13995336592290863,0.11850179089249913,False
1986-08-15,0.1429496414723149,0.11570555897541455,False
1986-08-18,0.14263958968969737,0.11365821459082862,False
1986-08-19,0.138404295552182,0.11201253182540213,False
1986-08-20,0.13637587673648674,0.11649536338276455,False
1986-08-21,0.14679194390692082,0.11580690433405545,False
1986-08-22,0.14586995069163053,0.11238783084103425,False
1986-08-25,0.1436582827579508,0.12193987378408278,False
1986-08-26,0.1688936095953337,0.10878007425577779,False
1986-08-27,0.1430460004031416,0.10348803087174727,False
1986-08-28,0.1292779046650521,0.1059973632550347,False
1986-08-29,0.13747074514472152,0.10512813522518281,False
1986-09-02,0.13748623559936912,0.12266629146621567,True
1986-09-03,0.17529471581975206,0.12384509451380661,False
1986-09-04,0.1778677976655641,0.1311324978711136,False
1986-09-05,0.19648107286381603,0.13971130686041303,False
1986-09-08,0.2223765231762495,0.14624920910658562,False
1986-09-09,0.23114571334389628,0.14584694508915053,False
1986-09-10,0.23677372695451349,0.14128231273381223,False
1986-09-11,0.2254031732759357,0.21156233210677855,True
1986-09-12,0.3717577232933187,0.21635449642788454,True
1986-09-15,0.37274645579213045,0.21389584566316516,True
1986-09-16,0.36207752750813993,0.21251478834812906,True
1986-09-17,0.3539320648493944,0.21469658487017618,True
1986-09-18,0.35409889194150945,0.21545353357062094,True
1986-09-19,0.34862070150132785,0.209109201769721,True
1986-09-22,0.3377648752410272,0.21306204690710404,True
1986-09-23,0.3443239738419811,0.21321597140179135,True
1986-09-24,0.34410775962463236,0.21136300699482305,True
1986-09-25,0.32872187660845775,0.20752766415615648,True
1986-09-26,0.3235516873959205,0.2063313446040916,True
1986-09-29,0.32227446686902256,0.20796499619292208,True
1986-09-30,0.3241145477835422,0.21252903402284468,True
1986-10-01,0.3306002854993097,0.20892673649587612,True
1986-10-02,0.32938531526799586,0.2089071057998851,True
1986-10-03,0.3295719970926547,0.19927796676929824,True
1986-10-06,0.31240644632729386,0.19983025664804982,True
1986-10-07,0.3161418542122706,0.19853314976078992,True
1986-10-08,0.3191741184901328,0.20108475715813212,True
1986-10-09,0.3219172009971559,0.2023650083037308,True
1986-10-10,0.3199204418863745,0.12466887695634338,False
1986-10-13,0.16880046590198497,0.10245005072414726,False
1986-10-14,0.12450129037179511,0.10231346109140203,False
1986-10-15,0.12923692809277354,0.11275724847328907,False
1986-10-16,0.15059380327837787,0.11210267846194905,False
1986-10-17,0.15450830688704636,0.1130366843372999,False
1986-10-20,0.1613033161276737,0.12376273165589197,False
1986-10-21,0.19596601818877563,0.11944245629631454,False
1986-10-22,0.19222401128694955,0.1186935080635965,False
1986-10-23,0.19121891374677155,0.12957390296160262,False
1986-10-24,0.21787055103156885,0.11327988221967811,False
1986-10-27,0.16911846343470435,0.11190543185216442,False
1986-10-28,0.16871565582822803,0.10045023454643942,False
1986-10-29,0.13498685402956473,0.09872383353219494,False
1986-10-30,0.13359283564216157,0.104365777105665,False
1986-10-31,0.14484828016041387,0.10227323662216518,False
1986-11-03,0.13975497735953096,0.10277204088244334,False
1986-11-04,0.13997488897053736,0.10264557255585374,False
1986-11-05,0.1368444173630156,0.10110572698981468,False
1986-11-06,0.13575906114779793,0.1007400010885333,False
1986-11-07,0.1392057005789913,0.10138562307042008,False
1986-11-10,0.14367967371693288,0.10191969217654964,False
1986-11-11,0.1454616720134833,0.10192510932412778,False
1986-11-12,0.14654827175991025,0.10430869175966327,False
1986-11-13,0.15168472092024213,0.10482300579342708,False
1986-11-14,0.16136661622228515,0.10645627387847031,False
1986-11-17,0.17039180131720597,0.10585998545437496,False
1986-11-18,0.17204277845044222,0.12406597903699562,True
1986-11-19,0.2055504063417377,0.12430183854714887,False
1986-11-20,0.19925122285973795,0.13834340701211584,False
1986-11-21,0.2359300543642421,0.13887456860469277,False
1986-11-24,0.23805101018838062,0.13914678795326907,False
1986-11-25,0.23692913391375214,0.13920184570820926,False
1986-11-26,0.2389251108717215,0.13864197029947045,False
1986-11-28,0.2355838380611521,0.13686514734383376,False
1986-12-01,0.23514538237987162,0.13130347131843834,False
1986-12-02,0.21625875960541127,0.1340141066106505,False
1986-12-03,0.23995940683382308,0.13396319056237355,False
1986-12-04,0.2344648289408713,0.13400471513780587,False
1986-12-05,0.23904283952016486,0.137231783684456,False
1986-12-08,0.2535229632286572,0.13763840792418916,False
1986-12-09,0.2532392936012656,0.14035752540069044,False
1986-12-10,0.2654859337599173,0.14272613962077965,False
1986-12-11,0.26628399848401546,0.1436166127672266,False
1986-12-12,0.2699691168702658,0.1440639404582409,False
1986-12-15,0.273089554318459,0.13740694989927285,False
1986-12-16,0.254537654006816,0.13837381189704914,False
1986-12-17,0.25976336116533383,0.14020050558292513,False
1986-12-18,0.2651414209942608,0.1129377817095694,False
1986-12-19,0.20673845655404569,0.11395442335009465,False
1986-12-22,0.21384628908888578,0.09911130289212321,False
1986-12-23,0.18374288046716242,0.08574324519486369,False
1986-12-24,0.1653462429798373,0.0865883752910627,False
1986-12-26,0.16647723456040375,0.08816430740929176,False
1986-12-29,0.16532658491245286,0.09212817048310522,False
1986-12-30,0.18135974574942224,0.09424102409894414,False
1986-12-31,0.18453920040887326,0.09503022565438847,False
1987-01-02,0.18488786565497903,0.11471264638935459,False
1987-01-05,0.21151661940103333,0.1540686355642515,False
1987-01-06,0.3096284403806102,0.15438056316699553,False
1987-01-07,0.3061057750273713,0.15476625865254665,False
1987-01-08,0.30056145736198153,0.15720543651746055,False
1987-01-09,0.30843248535054774,0.15311489516274285,False
1987-01-12,0.2926729139220169,0.1525728614186322,False
1987-01-13,0.2851829943858128,0.14909396987388296,False
1987-01-14,0.2709003888636378,0.14983046003270717,False
1987-01-15,0.26254693791956335,0.15226826227068507,False
1987-01-16,0.26352290222723035,0.15282346131607125,False
1987-01-19,0.2582517606711006,0.148635876632728,False
1987-01-20,0.23923171962955123,0.14876763776126256,False
1987-01-21,0.23050265644843623,0.15458859988925924,False
1987-01-22,0.2429985254048053,0.16174059070248642,False
1987-01-23,0.25348452231836743,0.16951930863751624,False
1987-01-26,0.24994466934606227,0.17156210026999397,False
1987-01-27,0.2530340137680888,0.1763129891365594,False
1987-01-28,0.25931800846772546,0.1691773819022679,False
1987-01-29,0.23592020005600134,0.16675100731557782,False
1987-01-30,0.22250620068951896,0.16201470314700644,False
1987-02-02,0.2049303625252897,0.16113691887975998,False
1987-02-03,0.1912430412378502,0.1392622488940578,False
1987-02-04,0.1413981996503314,0.14301882955750547,False
1987-02-05,0.14388824450364826,0.14230241718469236,False
1987-02-06,0.1424103082752401,0.1425193314262923,False
1987-02-09,0.14398825675911742,0.14644354460978304,False
1987-02-10,0.15708174950071543,0.15485962764786468,False
1987-02-11,0.18250661776684474,0.1573717258239113,False
1987-02-12,0.18485713103781606,0.15603482312343436,False
1987-02-13,0.1804267909231409,0.1566159121456743,False
1987-02-17,0.1858570849017747,0.1657460688850783,False
1987-02-18,0.20927067981403824,0.16604378436913092,False
1987-02-19,0.20785907657565553,0.1654042949769642,False
1987-02-20,0.20737616402253486,0.16249403344479602,False
1987-02-23,0.20017667200959627,0.15786102329262738,False
1987-02-24,0.19711326708038848,0.1483724034063878,False
1987-02-25,0.1867330097157163,0.14695781158811266,False
1987-02-26,0.18187649461438218,0.1391293011945475,False
1987-02-27,0.17061762798356045,0.13813364861029168,False
1987-03-02,0.17426443820472481,0.13950947471487013,False
1987-03-03,0.17787219219976638,0.13927034504707342,False
1987-03-04,0.18173440880826996,0.1356772480680193,False
1987-03-05,0.17930882906151344,0.13616034415661854,False
1987-03-06,0.18026610404444995,0.12853369313567295,False
1987-03-09,0.1657712479011489,0.1340418121779567,False
1987-03-10,0.17608497877571794,0.13570753252680523,False
1987-03-11,0.18062577319340778,0.13402706573695156,False
1987-03-12,0.17170084618848766,0.12591251619162772,False
1987-03-13,0.14944022814257008,0.12127661158961832,False
1987-03-16,0.14212523377886538,0.12093435936096898,False
1987-03-17,0.14575063759983167,0.12142802869390482,False
1987-03-18,0.14578211748063624,0.10249592409549689,False
1987-03-19,0.10858867581042099,0.10295832683786676,False
1987-03-20,0.11329380713703745,0.106608626738239,False
1987-03-23,0.13491966629767055,0.10551307981572408,False
1987-03-24,0.13914441473750414,0.09636927904866979,False
1987-03-25,0.12713178313216467,0.09839857988896115,False
1987-03-26,0.1319396460109739,0.09836372355875583,False
1987-03-27,0.13348226712069391,0.10768363561010327,False
1987-03-30,0.15598726814319766,0.1359622572733217,True
1987-03-31,0.22344538410000317,0.1389958337101017,False
1987-04-01,0.22512716024636356,0.13913283240507388,False
1987-04-02,0.2242327210173484,0.12893587623979802,False
1987-04-03,0.2053582319354447,0.14785701646247923,False
1987-04-06,0.24652923011880779,0.14866981728538245,False
1987-04-07,0.24880791379499065,0.15920236480827193,True
1987-04-08,0.2739577822533606,0.15717221887275876,False
1987-04-09,0.266077398032715,0.16833310934953274,True
1987-04-10,0.3007648201247015,0.168964136311262,False
1987-04-13,0.299545330191845,0.18341521615466982,True
1987-04-14,0.3284703804256837,0.20384419630550496,True
1987-04-15,0.3621501595687874,0.20750652681651754,True
1987-04-16,0.35719980826639586,0.21232152841091045,True
1987-04-20,0.36286627485288564,0.21089423515439593,True
1987-04-21,0.3552102363882714,0.2170681472169475,True
1987-04-22,0.3615767322970765,0.21961796343446588,True
1987-04-23,0.363420706749603,0.21974068976487354,True
1987-04-24,0.36410620475635513,0.22660430215587177,True
1987-04-27,0.3724590352096256,0.22574196099066834,True
1987-04-28,0.3623052930565183,0.22903587428996564,True
1987-04-29,0.3613513321009477,0.21822091742331046,True
1987-04-30,0.3434171003891124,0.21866889829810426,True
1987-05-01,0.3392421062691696,0.21880300738668765,True
1987-05-04,0.34271568456635204,0.22012353149241135,True
1987-05-05,0.34501066347726267,0.22117423084604534,True
1987-05-06,0.3456840636296442,0.21956594615300373,True
1987-05-07,0.33711970421841386,0.21205053254451717,True
1987-05-08,0.32319136603006887,0.21225879697337802,True
1987-05-11,0.32241760638805556,0.20749828863703307,True
1987-05-12,0.30368601646560595,0.20714542350146664,True
1987-05-13,0.30282001663878383,0.19401841722951266,True
1987-05-14,0.2778999356060404,0.1650355488872962,False
1987-05-15,0.21998021517254943,0.17104978692955256,True
1987-05-18,0.24276142929726585,0.17064737415923553,False
1987-05-19,0.24172399161245028,0.18594578175496915,True
1987-05-20,0.2757198277115374,0.17438431335185076,False
1987-05-21,0.2451944757688172,0.17111124675317974,False
1987-05-22,0.2364008900596308,0.17180675226861258,False
1987-05-26,0.23836459588466585,0.17760258472819812,False
1987-05-27,0.2572706336692841,0.1774384679322087,False
1987-05-28,0.2588150324352454,0.17575243039440394,False
1987-05-29,0.2626230632928752,0.17564343332265092,False
1987-06-01,0.2600419510628231,0.17119082389597326,False
1987-06-02,0.25323344799158054,0.17126541966001357,False
1987-06-03,0.25544189972726206,0.17390029177035957,False
1987-06-04,0.2668090844190415,0.15704019523940527,False
1987-06-05,0.2422300461124526,0.15808243658129761,False
1987-06-08,0.24970346671307855,0.16038321084343543,False
1987-06-09,0.26275536818527534,0.16067095652447488,False
1987-06-10,0.2704684953373049,0.1555910075605735,False
1987-06-11,0.26720585648374195,0.15500312832786228,False
1987-06-12,0.2673545046411195,0.15745826902630664,False
1987-06-15,0.2774908474805534,0.15763207288782505,False
1987-06-16,0.273713985694963,0.1413672200731016,False
1987-06-17,0.22879343199953572,0.13404419665585612,False
1987-06-18,0.21442671767320995,0.10077286714935531,False
1987-06-19,0.1351848118178458,0.09751900285489364,False
1987-06-22,0.1320882771658485,0.09765928911845795,False
1987-06-23,0.13115135459919572,0.10261340503517978,False
1987-06-24,0.14376863970037937,0.08414611799765505,False
1987-06-25,0.10600267380296502,0.08415670376386152,False
1987-06-26,0.10974689336364676,0.09041008223979485,False
1987-06-29,0.12278768394951879,0.08999957578865075,False
1987-06-30,0.12427850487178234,0.09945365570112547,False
1987-07-01,0.15305800641424744,0.10285612333174704,False
1987-07-02,0.14819348406253222,0.09896690911952447,False
1987-07-06,0.13661700281950676,0.10041274022518452,False
1987-07-07,0.13944894541205216,0.10864638786723119,False
1987-07-08,0.14186452097086186,0.10655181189592271,False
1987-07-09,0.1285060927685055,0.10687273069131496,False
1987-07-10,0.12822679931420672,0.10671154182527139,False
1987-07-13,0.1286636002720751,0.10670856689566754,False
1987-07-14,0.12879307927666414,0.10995185369482217,False
1987-07-15,0.12747569689085336,0.11177068498754282,False
1987-07-16,0.13990927949056706,0.11275156493777395,False
1987-07-17,0.14081577162098582,0.11360520413709094,False
1987-07-20,0.1418529517505546,0.11991659069308694,False
1987-07-21,0.15544111396866755,0.12579451126719007,False
1987-07-22,0.16964528178419142,0.12300165778985843,False
1987-07-23,0.15984418470439807,0.12225541395519227,False
1987-07-24,0.15989881080324425,0.12104499537049765,False
1987-07-27,0.15150374657737178,0.12069810961083578,False
1987-07-28,0.14656539180539635,0.12043819963014232,False
1987-07-29,0.1410004794189636,0.1238287406315207,False
1987-07-30,0.14858881267829957,0.11983634570503926,False
1987-07-31,0.13154010747451136,0.1145601574454872,False
1987-08-03,0.1264639195373983,0.11833156582200358,False
1987-08-04,0.12993912569197835,0.11581679620465991,False
1987-08-05,0.1264843613100853,0.11499835536470196,False
1987-08-06,0.13815169103224106,0.12366984025033385,False
1987-08-07,0.16290409632893893,0.1230330135796784,False
1987-08-10,0.1586084298895368,0.12430579790798073,False
1987-08-11,0.16929605225006725,0.1267369911561452,False
1987-08-12,0.17716116193262793,0.12519892623787912,False
1987-08-13,0.1784748859639793,0.1272174507814871,False
1987-08-14,0.17311462271998043,0.12753507687272383,False
1987-08-17,0.17227448234875806,0.12752984347710014,False
1987-08-18,0.1779344996391671,0.1298908932439309,False
1987-08-19,0.1809865776034895,0.12035483807162989,False
1987-08-20,0.15718425798222724,0.12281979203439758,False
1987-08-21,0.1698977520759798,0.12119734256958377,False
1987-08-24,0.16495526567942764,0.1284050789278883,False
1987-08-25,0.18039937193627348,0.13110912520919946,False
1987-08-26,0.17913769524761275,0.13565479773775227,False
1987-08-27,0.18955680472140152,0.13636048305831616,False
1987-08-28,0.19305347555353136,0.14364643976605843,False
1987-08-31,0.21861042029979882,0.1447014792659728,False
1987-09-01,0.22020138402434924,0.15764675200452088,True
1987-09-02,0.23632212330028915,0.15885191244896796,False
1987-09-03,0.24713002520463181,0.15275588963997727,False
1987-09-04,0.236674002468756,0.14586016304782295,False
1987-09-08,0.2227376859946592,0.14804180784832027,False
1987-09-09,0.2342910424195189,0.14487836330152815,False
1987-09-10,0.21663786623737824,0.14917846780871308,False
1987-09-11,0.22414358410836865,0.1552831114680945,False
1987-09-14,0.24703818033116706,0.14830831984244014,False
1987-09-15,0.2365651985429146,0.1541336717415614,False
1987-09-16,0.2525977319246936,0.15433288156077224,False
1987-09-17,0.24976230868868962,0.14969033389671918,False
1987-09-18,0.24928728102541847,0.15129458589086,False
1987-09-21,0.2494835978529989,0.1475559097531555,False
1987-09-22,0.223221038589156,0.17122036123341527,False
1987-09-23,0.28170136589400474,0.17362791464133578,False
1987-09-24,0.28815469171395086,0.16802155758476514,False
1987-09-25,0.25473351602540545,0.16689232319798966,False
1987-09-28,0.26160071310473837,0.16871850909418187,False
1987-09-29,0.26491217350155444,0.1630388407626414,False
1987-09-30,0.2558944424151786,0.16148377121514118,False
1987-10-01,0.25452470809946737,0.15660068122404508,False
1987-10-02,0.26215044159799883,0.15376254215556148,False
1987-10-05,0.257065984332005,0.15264521643437884,False
1987-10-06,0.2537037706417276,0.1713633073871627,True
1987-10-07,0.2882635820810526,0.16581267134801647,False
1987-10-08,0.27261402241451177,0.1706075995526916,False
1987-10-09,0.28412076247430806,0.16825338604679643,False
1987-10-12,0.28549770262111274,0.17139110777211805,False
1987-10-13,0.2817195062332681,0.1860604227365751,True
1987-10-14,0.30686565283959705,0.19749251352932018,True
1987-10-15,0.3270316386524278,0.2073030195359128,True
1987-10-16,0.33786205278804904,0.25829067526109284,True
1987-10-19,0.4236221776713367,0.6882885015345506,True
1987-10-20,0.7571621694179309,0.6888595269944465,True
1987-10-21,0.6299267956322165,0.7539351599347685,True
1987-10-22,0.6290070934089936,0.7570775516414913,True
1987-10-23,0.6215098200482838,0.7564016526736264,True
1987-10-26,0.6115088341091612,0.8054964518745429,True
1987-10-27,0.6238955752420551,0.8099066639687089,True
1987-10-28,0.6150381218851876,0.8127598609714717,True
1987-10-29,0.6049854015238002,0.846701226731234,True
1987-10-30,0.6043331355944822,0.8532029227927077,True
1987-11-02,0.6024665708912459,0.8557507184126857,True
1987-11-03,0.6032383824065266,0.8550666319324571,True
1987-11-04,0.6003215133646425,0.855749735941983,True
1987-11-05,0.6020039121153071,0.8618877880051224,True
1987-11-06,0.6017856372506822,0.861882543436003,True
1987-11-09,0.5976021035122558,0.8623064671928473,True
1987-11-10,0.5969389562287436,0.8624404154531772,True
1987-11-11,0.5980963596521444,0.8586432217704834,True
1987-11-12,0.5946410118581081,0.8673284693067347,True
1987-11-13,0.597815553840093,0.8670692575025047,True
1987-11-16,0.5973919886708448,0.8587684257367375,True
1987-11-17,0.5971523957661016,0.5637526206818418,True
1987-11-18,0.4293449331648049,0.5610693001920863,True
1987-11-19,0.5302379419893481,0.4802318457634417,True
1987-11-20,0.47519149131662125,0.462604415835756,True
1987-11-23,0.4742188535780025,0.4602884048786239,True
1987-11-24,0.49108929683656044,0.3128935967045727,True
1987-11-25,0.32999215745710986,0.30992290800058053,True
1987-11-27,0.3424964710213235,0.3138059131910985,True
1987-11-30,0.3654843135697769,0.28315816732375204,True
1987-12-01,0.37565097253366536,0.26112559096804405,True
1987-12-02,0.3469263897287074,0.2555526473638451,True
1987-12-03,0.344854384534862,0.2672167023842304,True
1987-12-04,0.37224201079367303,0.26785762826745635,True
1987-12-07,0.3727182535681226,0.2684095693580247,True
1987-12-08,0.37392904468397387,0.290903911155663,True
1987-12-09,0.4132167976860137,0.2928952051932638,True
1987-12-10,0.4158854645527653,0.2955511012641053,True
1987-12-11,0.42160952086989856,0.2919746387413273,True
1987-12-14,0.41400684571388896,0.2945845664093752,True
1987-12-15,0.4189299893308171,0.29680459524531655,True
1987-12-16,0.41444593088725107,0.30460507470424325,True
1987-12-17,0.42393177922244335,0.3025626241074178,True
1987-12-18,0.42112827777751316,0.31033444348121375,True
1987-12-21,0.4336532917981458,0.3004346774862181,True
1987-12-22,0.41789507596002357,0.3007000729769306,True
1987-12-23,0.4160632682721502,0.30224737214678804,True
1987-12-24,0.4192490925284304,0.2982339740891506,True
1987-12-28,0.4184809708276193,0.3146798187526145,True
1987-12-29,0.4391691203468164,0.31113558840588207,True
1987-12-30,0.437847711189903,0.2769747915265551,True
1987-12-31,0.3893155331389743,0.2785112320239836,True
1988-01-04,0.39310662793169493,0.30239613354562134,True
1988-01-05,0.4268073676453251,0.26789271420235106,True
1988-01-06,0.37284716355683994,0.25985589156669064,True
1988-01-07,0.3540745898255224,0.25709901696324,True
1988-01-08,0.3555922938766914,0.32257020126723857,True
1988-01-11,0.4571147050310181,0.31668685969061366,True
1988-01-12,0.4416441713101076,0.30965302650535637,True
1988-01-13,0.43226845775772116,0.3096665800374081,True
1988-01-14,0.43099230742205047,0.29894233940359916,True
1988-01-15,0.42075494405605823,0.3076116277475257,True
1988-01-18,0.44478866608627465,0.3013887399290221,True
1988-01-19,0.44259948730396276,0.29685757635278553,True
1988-01-20,0.43361611292037905,0.30243115031533196,True
1988-01-21,0.43850709504229674,0.30228072016144303,True
1988-01-22,0.43579992726985,0.307861483450746,True
1988-01-25,0.4479054767635178,0.30961906591333754,True
1988-01-26,0.45119478557346404,0.3118487114647812,True
1988-01-27,0.4527725315955543,0.2953209430406378,True
1988-01-28,0.4336762740186291,0.29955680851912675,True
1988-01-29,0.4145985912503352,0.30045202089348527,True
1988-02-01,0.419819019242774,0.300552848012376,True
1988-02-02,0.42606155974844956,0.2731402880542978,True
1988-02-03,0.3911984837301003,0.27537198710875893,True
1988-02-04,0.3985990093071847,0.27396683268385486,True
1988-02-05,0.4006115124360104,0.2720749291062281,True
1988-02-08,0.4027830439795751,0.19366745335478575,True
1988-02-09,0.2823625493784595,0.1948342090034145,True
1988-02-10,0.2939599222316456,0.19951150338987295,True
1988-02-11,0.3039303178958653,0.1997497677632388,True
1988-02-12,0.3056851236771071,0.2006069333222206,True
1988-02-16,0.30992334102372154,0.185735042981061,True
1988-02-17,0.2836163785269952,0.18617611882475202,True
1988-02-18,0.28399882004249427,0.18575315532718306,True
1988-02-19,0.2879726677442893,0.1568679075780346,True
1988-02-22,0.24071652859588363,0.15920780720586697,False
1988-02-23,0.2430235362953774,0.15401285159810876,False
1988-02-24,0.23726153597072183,0.1494024476161363,False
1988-02-25,0.21889996933005296,0.14687379879866802,False
1988-02-26,0.21945456606477437,0.14690547490627845,False
1988-02-29,0.22668319085536554,0.14312006409695485,False
1988-03-01,0.21800700918454402,0.13861627700313237,False
1988-03-02,0.2105313211440577,0.13526831472366227,False
1988-03-03,0.20465435220021708,0.13475353125580355,False
1988-03-04,0.20960389552236178,0.11775447539897571,False
1988-03-07,0.1814493493488384,0.11747663942618226,False
1988-03-08,0.18136264281389125,0.11765714392965337,False
1988-03-09,0.18198588801896384,0.10510854220065707,False
1988-03-10,0.1534506506992468,0.13566758969004136,True
1988-03-11,0.2106665589818269,0.11960572665483864,False
1988-03-14,0.1736122169246136,0.12213906996735392,False
1988-03-15,0.17977390613148417,0.12156241830690111,False
1988-03-16,0.17932348682923685,0.12258567688223963,False
1988-03-17,0.18280131636548336,0.12412781647938163,False
1988-03-18,0.18746369646357933,0.12353112603223836,False
1988-03-21,0.18083534882508087,0.11991202977850882,False
1988-03-22,0.1746287057923181,0.11383886288908616,False
1988-03-23,0.1632822933910312,0.11379310797102979,False
1988-03-24,0.161091651411473,0.14492843229168678,True
1988-03-25,0.23593496682534532,0.1520233408853148,False
1988-03-28,0.250785862080001,0.15119006489465547,False
1988-03-29,0.24564218233500776,0.14870042698933006,False
1988-03-30,0.24110321754187805,0.15056095660836266,False
1988-03-31,0.24475941357780323,0.1498264234605928,False
1988-04-04,0.24551556366630106,0.15737379819818423,True
1988-04-05,0.25733511432020745,0.15997298542018767,False
1988-04-06,0.2642528111433855,0.17964432483093568,True
1988-04-07,0.3191523982396045,0.17841992166301962,True
1988-04-08,0.31774747639573436,0.18230303224019026,True
1988-04-11,0.334738862973399,0.16718599021953165,False
1988-04-12,0.3017938049380712,0.16747018576409503,False
1988-04-13,0.30422946825254815,0.16425766096561759,False
1988-04-14,0.29768775648653717,0.21280491103275276,True
1988-04-15,0.3931496828343278,0.2098369550598766,True
1988-04-18,0.38679601313880674,0.20566184401777438,True
1988-04-19,0.37697664216202387,0.2053616880557145,True
1988-04-20,0.37996458604603917,0.205085901620133,True
1988-04-21,0.3814114049614232,0.20470529828947032,True
1988-04-22,0.3803331696579401,0.21021176150316012,True
1988-04-25,0.39762101498407737,0.1967630264971689,True
1988-04-26,0.3747544473008802,0.19087368595184326,True
1988-04-27,0.36249040925973347,0.19090422782662406,True
1988-04-28,0.36371821337286814,0.18837806247505973,True
1988-04-29,0.3587468496898239,0.1863738701104608,True
1988-05-02,0.3559126529613964,0.18661998319007472,True
1988-05-03,0.35784555629235915,0.17857775207265858,True
1988-05-04,0.35523860529270496,0.17792142792187748,False
1988-05-05,0.35398657231115416,0.1624394413462205,False
1988-05-06,0.32391859345460855,0.16233305196553963,False
1988-05-09,0.3276494152877428,0.1576667609033665,False
1988-05-10,0.31560445221861355,0.15609971161486852,False
1988-05-11,0.3160786427971347,0.16422333924266358,True
1988-05-12,0.33324261066981137,0.16546573388772923,False
1988-05-13,0.33533430628771516,0.11481345047983378,False
1988-05-16,0.2045670840932134,0.11595927274274373,False
1988-05-17,0.2176775181188486,0.12744722608293815,False
1988-05-18,0.25137791616160965,0.1382576151357415,True
1988-05-19,0.28243901035131813,0.13753264173071608,True
1988-05-20,0.27759859472796444,0.14035143119875373,True
1988-05-23,0.27521853873129043,0.13687648846380485,True
1988-05-24,0.25642426396362844,0.1374828506115775,True
1988-05-25,0.25854518908381524,0.13382522697387897,False
1988-05-26,0.25406264541989804,0.1344006260602786,False
1988-05-27,0.2580059691694639,0.1346032593671843,False
1988-05-31,0.26412785637586306,0.1660912020512977,False
1988-06-01,0.35203392606341377,0.1759376017067879,False
1988-06-02,0.3706391050759967,0.1752027028786321,False
1988-06-03,0.3656076822410948,0.17557201111631565,False
1988-06-06,0.36868997296829625,0.17210860350346333,False
1988-06-07,0.35450927988448017,0.17461854356106915,False
1988-06-08,0.3627403372695427,0.1850623071817721,True
1988-06-09,0.3879031104506447,0.1849735377807325,True
1988-06-10,0.3827458831531042,0.17058880805833304,False
1988-06-13,0.3557091559305065,0.1704748349020272,False
1988-06-14,0.35356578149524626,0.1683414320900909,False
1988-06-15,0.34973663273938593,0.1685239563985416,False
1988-06-16,0.34806517219896044,0.16600540691628182,False
1988-06-17,0.33599069863352116,0.15182548477987404,False
1988-06-20,0.30349945976836595,0.15348470845493992,False
1988-06-21,0.3153459148201241,0.15396641145602144,False
1988-06-22,0.3210501953668159,0.14917192441416327,False
1988-06-23,0.31343356262384864,0.1493943522820443,False
1988-06-24,0.3124699368712966,0.1521506271349261,False
1988-06-27,0.3081361967917537,0.16238479629072275,False
1988-06-28,0.3265641659015079,0.16255232907388867,False
1988-06-29,0.3204250556223621,0.13955237091753794,False
1988-06-30,0.28358829393655216,0.1308397361153997,False
1988-07-01,0.2698215624564015,0.13170163649524846,False
1988-07-05,0.2716708546626465,0.1361619600598114,False
1988-07-06,0.278158969521731,0.14290333719755527,False
1988-07-07,0.2933590130377794,0.13901428852402029,False
1988-07-08,0.2823545586498562,0.1238288960619779,False
1988-07-11,0.2426879650464421,0.12383816631033016,False
1988-07-12,0.24354266303337402,0.12730607757811097,False
1988-07-13,0.2480023254432281,0.1269292476304785,False
1988-07-14,0.2512462735205716,0.12038908824971913,False
1988-07-15,0.23632559652353835,0.12041907279778542,False
1988-07-18,0.23398898523264827,0.11504572641273263,False
1988-07-19,0.22464168609076174,0.11833902175131919,False
1988-07-20,0.24003652899328176,0.12099091367004555,False
1988-07-21,0.24465400451396138,0.11788421725984255,False
1988-07-22,0.23775436129206842,0.11317840154823756,False
1988-07-25,0.2252556457143495,0.11414858724953092,False
1988-07-26,0.23189232708723653,0.11405108978407791,False
1988-07-27,0.23102498302915797,0.11054109130906264,False
1988-07-28,0.22880263632787798,0.1082487122360302,False
1988-07-29,0.22812214708417178,0.1271307921059033,False
1988-08-01,0.2797247626764318,0.12392909842790026,False
1988-08-02,0.26550118556942126,0.12314270295203196,False
1988-08-03,0.2635175674717802,0.11561554711873089,False
1988-08-04,0.24927582216459251,0.11030765820601726,False
1988-08-05,0.2369939447950469,0.11169605153025988,False
1988-08-08,0.24265991276413337,0.11212716957476512,False
1988-08-09,0.24352632735253066,0.11825257316276411,False
1988-08-10,0.2639208626149353,0.1307913203187617,True
1988-08-11,0.29592051332864994,0.13318024511205118,False
1988-08-12,0.2965462231330581,0.13207332107300526,False
1988-08-15,0.29385649405731146,0.14097556473745104,True
1988-08-16,0.3192822441437889,0.1474030912429555,False
1988-08-17,0.3271416939771288,0.145309920263638,False
1988-08-18,0.31609773528876733,0.14272758143904662,False
1988-08-19,0.31139419050234096,0.14162572233539408,False
1988-08-22,0.30698621282637417,0.1444539293308798,False
1988-08-23,0.3193253336384974,0.1438057791622741,False
1988-08-24,0.31449798925745936,0.154152963267488,False
1988-08-25,0.33076048797935437,0.1525545429742279,False
1988-08-26,0.3324288865759596,0.15087276833426574,False
1988-08-29,0.3210489709839567,0.1403989614040058,False
1988-08-30,0.29415788114452757,0.1391441138112383,False
1988-08-31,0.2960124455153987,0.13911340096858787,False
1988-09-01,0.297195549556401,0.14563977084453225,False
1988-09-02,0.31843790679283,0.16732108364228357,False
1988-09-06,0.3829823518768803,0.16791044376098543,False
1988-09-07,0.3813303041431641,0.1672450284758689,False
1988-09-08,0.3823411269693191,0.16394583584074401,False
1988-09-09,0.369568573166744,0.14998547309016713,False
1988-09-12,0.32105725566871707,0.14856097240907412,False
1988-09-13,0.31437664479743904,0.14858528150369474,False
1988-09-14,0.313941678242663,0.13540908709200863,False
1988-09-15,0.2852901672601982,0.13564420871691016,False
1988-09-16,0.2924462328591824,0.1371216289788797,False
1988-09-19,0.3016384070869561,0.13858148287233618,False
1988-09-20,0.3048482999769981,0.13847631104163105,False
1988-09-21,0.3067556132437907,0.12824255580033592,False
1988-09-22,0.27769038404692453,0.1287078009200635,False
1988-09-23,0.28162115433829293,0.12045910618389712,False
1988-09-26,0.2671980965784852,0.12009249905060702,False
1988-09-27,0.26110768097197146,0.12073769231189174,False
1988-09-28,0.26958140219070376,0.11619446816039956,False
1988-09-29,0.26282330645493107,0.12440048533367754,False
1988-09-30,0.2858356063672337,0.12516693257236947,False
1988-10-03,0.28511758417325894,0.11083082901069445,False
1988-10-04,0.24117425814104226,0.08687917232485122,False
1988-10-05,0.14608524473425155,0.08669668339701278,False
1988-10-06,0.14199157338543217,0.08614186894000923,False
1988-10-07,0.1435304909283638,0.09219739043346012,False
1988-10-10,0.1806774739755164,0.0916741395030681,False
1988-10-11,0.18507402870067108,0.09177112952694685,False
1988-10-12,0.18547035933654066,0.10460001807918871,False
1988-10-13,0.22685952050152716,0.10400561829530931,False
1988-10-14,0.22705501303463255,0.09974103959126,False
1988-10-17,0.216831946025795,0.09651583925858655,False
1988-10-18,0.21227171805766978,0.09878328390258437,False
1988-10-19,0.20891831161816138,0.10208828130973571,False
1988-10-20,0.2156037015844864,0.11663898846998305,False
1988-10-21,0.2583704592131713,0.1159853836524894,False
1988-10-24,0.2503463022992352,0.11883877860944654,False
1988-10-25,0.2515039168810565,0.11633058258566013,False
1988-10-26,0.24229293680596825,0.11757402766889881,False
1988-10-27,0.24607365712638676,0.12913493113961313,False
1988-10-28,0.27087421044815213,0.120991844229242,False
1988-10-31,0.2484798510705888,0.12105315435388407,False
1988-11-01,0.24784104479352073,0.11961608630850419,False
1988-11-02,0.24797306018898785,0.12093955819696722,False
1988-11-03,0.25159569198577264,0.12124335699080815,False
1988-11-04,0.251891588101038,0.12397495657697173,False
1988-11-07,0.26125180867868086,0.12407687228589552,False
1988-11-08,0.2590877366766755,0.12730618632584403,False
1988-11-09,0.2697815307665858,0.12764233249951992,False
1988-11-10,0.27655883969450806,0.11911826084361878,False
1988-11-11,0.25197703184837006,0.13259376654098778,True
1988-11-14,0.29161244285851495,0.1314172210506905,False
1988-11-15,0.2822742789673455,0.13140069671142554,False
1988-11-16,0.27730636630960537,0.13104129633082415,False
1988-11-17,0.2799645284159125,0.1327244683400453,False
1988-11-18,0.2808083202840095,0.11568246024746329,False
1988-11-21,0.23032252464013994,0.11403701844971954,False
1988-11-22,0.2246754745460431,0.11641167187751816,False
1988-11-23,0.2390042617460685,0.12105504606354071,False
1988-11-25,0.2538778073118754,0.1222870445037304,False
1988-11-28,0.2577850146850939,0.11606326902808091,False
1988-11-29,0.24284445235169755,0.12121980482941011,False
1988-11-30,0.253390670818658,0.1228036801577157,False
1988-12-01,0.26208986496146847,0.12299293534091904,False
1988-12-02,0.2595237784270094,0.12257751614384983,False
1988-12-05,0.25649035839786366,0.12594580192579477,False
1988-12-06,0.2635530078782405,0.12529332159303255,False
1988-12-07,0.2582824097040034,0.11710845080591831,False
1988-12-08,0.23364895609073197,0.11648200311827418,False
1988-12-09,0.23663790246601607,0.11546582996398527,False
1988-12-12,0.23145403251698043,0.11570272990443956,False
1988-12-13,0.23150489456374274,0.09638689123930927,False
1988-12-14,0.1796189411126932,0.09586540451932545,False
1988-12-15,0.18169476232596013,0.09534757015125082,False
1988-12-16,0.17885762349843817,0.08321319091841807,False
1988-12-19,0.14426054335819305,0.08352695808942824,False
1988-12-20,0.14763879673015584,0.08457724439868221,False
1988-12-21,0.14630901951783426,0.07925242300810394,False
1988-12-22,0.1461073691248174,0.07969168978567553,False
1988-12-23,0.14833736845238327,0.0786566259938658,False
1988-12-27,0.14278089846447334,0.07350860168869662,False
1988-12-28,0.13524788584381042,0.07347969118169302,False
1988-12-29,0.1360987792370104,0.07318892837842217,False
1988-12-30,0.13596421417250032,0.06975479623599366,False
1989-01-03,0.12484844437455751,0.07600457353835248,False
1989-01-04,0.14138488797998636,0.08883008158527933,False
1989-01-05,0.17815633347541243,0.08588290538906539,False
1989-01-06,0.16933944546496932,0.0849466717115406,False
1989-01-09,0.1591611914422202,0.08505159757675866,False
1989-01-10,0.15615465361372505,0.07968740961127085,False
1989-01-11,0.1410308716074281,0.08030149446577911,False
1989-01-12,0.14259102150900785,0.08106557777445497,False
1989-01-13,0.1418454974703761,0.08087497052018848,False
1989-01-16,0.1408956932859246,0.0794660354420533,False
1989-01-17,0.13819012139925455,0.08155799134725443,False
1989-01-18,0.1436325668465629,0.09205746041940663,False
1989-01-19,0.14637776836087035,0.09229869238229911,False
1989-01-20,0.13326886514580938,0.09085119453746128,False
1989-01-23,0.131431574306277,0.09119047665903553,False
1989-01-24,0.1358141616050132,0.095494300262189,False
1989-01-25,0.15443076907880338,0.09529152909707395,False
1989-01-26,0.15308590683488713,0.0950547872981982,False
1989-01-27,0.15150507863242396,0.09523680907204145,False
1989-01-30,0.15144906500523056,0.09333366971948465,False
1989-01-31,0.14562015324644967,0.0909484101675406,False
1989-02-01,0.14435452488166842,0.08083392491396243,False
1989-02-02,0.11677511231643563,0.07413501010166258,False
1989-02-03,0.0921919044369806,0.07465546117839164,False
1989-02-06,0.09155995434818368,0.07705365652198629,False
1989-02-07,0.09930299223865988,0.0834095836960425,False
1989-02-08,0.11958364467202486,0.08407389963526747,False
1989-02-09,0.11905106032453225,0.09508493799204146,False
1989-02-10,0.14479912075862864,0.10917906509641825,False
1989-02-13,0.19066640094116688,0.1110197517635852,False
1989-02-14,0.18820814429593674,0.11114029529803988,False
1989-02-15,0.18975543230881214,0.10965691754568185,False
1989-02-16,0.19065143682846478,0.10026120522056997,False
1989-02-17,0.18228017534096252,0.10178153949881266,False
1989-02-21,0.19066675056238766,0.10337220662337242,False
1989-02-22,0.19476284545900346,0.11338527570836084,False
1989-02-23,0.21967978483171305,0.10726286016825798,False
1989-02-24,0.1975459983768994,0.11896658518980831,False
1989-02-27,0.23791379406442884,0.11292424844375205,False
1989-02-28,0.22726244043576485,0.11028110941072146,False
1989-03-01,0.22364211225775202,0.11025389856107644,False
1989-03-02,0.22671426603375805,0.1156247165478104,False
1989-03-03,0.2454530296546461,0.11690334532466123,False
1989-03-06,0.25305682543036834,0.12172487313537322,False
1989-03-07,0.27041093343653966,0.12278024977935255,False
1989-03-08,0.2698105858963479,0.1242559480761204,False
1989-03-09,0.27277034179358756,0.1153874464604829,False
1989-03-10,0.24982223505220377,0.11565912001264958,False
1989-03-13,0.2575348563648014,0.11282586563874647,False
1989-03-14,0.25313131133198324,0.10344475522967075,False
1989-03-15,0.2220036129554305,0.10230253126439864,False
1989-03-16,0.22495574299210597,0.1067209181761482,False
1989-03-17,0.2337242855203616,0.12968320876871864,True
1989-03-20,0.2997863770101365,0.13277698773270255,False
1989-03-21,0.306216656731861,0.13229329367546638,False
1989-03-22,0.3070628340150278,0.13192757122701523,False
1989-03-23,0.30568588462376295,0.12573624099371566,False
1989-03-27,0.28453941268986704,0.1263854699609469,False
1989-03-28,0.2865209372771309,0.11646286610330171,False
1989-03-29,0.2593344854456891,0.11679933225138935,False
1989-03-30,0.25743629194107087,0.11731785495117793,False
1989-03-31,0.2630930657227825,0.11702698914357544,False
1989-04-03,0.2568476332104192,0.11154925451063315,False
1989-04-04,0.234155865736295,0.11233008721274262,False
1989-04-05,0.23414708658179315,0.10785669314505172,False
1989-04-06,0.22743371930043182,0.10641196460292138,False
1989-04-07,0.22674298732749945,0.10514642270126226,False
1989-04-10,0.22757832631809777,0.10434270923463822,False
1989-04-11,0.21950273645360022,0.10864379416645042,False
1989-04-12,0.22522169686049567,0.1086966755573861,False
1989-04-13,0.2249718194704078,0.11325229778921155,False
1989-04-14,0.23558348829737014,0.12541700596079564,False
1989-04-17,0.2753556581162611,0.12215855500342623,False
1989-04-18,0.2701336519423564,0.09705823079725774,False
1989-04-19,0.19659250490281746,0.08658157912667676,False
1989-04-20,0.16973129984532082,0.08663783003264237,False
1989-04-21,0.1748215400594729,0.08554271972275265,False
1989-04-24,0.1776504596801715,0.08592601679952888,False
1989-04-25,0.17295793624303082,0.08852225079196989,False
1989-04-26,0.17749366229774194,0.08892140868722069,False
1989-04-27,0.1795203105648619,0.09021457757635462,False
1989-04-28,0.17881065877926025,0.09010017508499162,False
1989-05-01,0.1786024770911511,0.09045327788731168,False
1989-05-02,0.17460000351380672,0.09119944837949871,False
1989-05-03,0.17598217417553866,0.08792267918330923,False
1989-05-04,0.16643650388545828,0.08797037084409438,False
1989-05-05,0.16522508080130954,0.08728255153646576,False
1989-05-08,0.15794019727451933,0.09216281447027662,False
1989-05-09,0.16547527271614232,0.09292040924975704,False
1989-05-10,0.1701700423469982,0.087912288111292,False
1989-05-11,0.16293660620170672,0.08777132076424762,False
1989-05-12,0.16567733282605546,0.10537149320391742,False
1989-05-15,0.21939299191362624,0.09319725998898616,False
1989-05-16,0.17888838262576007,0.09423051429426985,False
1989-05-17,0.17697100275168529,0.09152731362839157,False
1989-05-18,0.16684313381059873,0.09163044447802213,False
1989-05-19,0.16966180786922258,0.09477548133964414,False
1989-05-22,0.18067774642309498,0.09435571149378089,False
1989-05-23,0.17205936748443748,0.10352812967007949,False
1989-05-24,0.18941071130076081,0.10249350821161367,False
1989-05-25,0.18668013025464208,0.10231092887422294,False
1989-05-26,0.18468902198860337,0.10194229488215772,False
1989-05-30,0.1887589433677686,0.1050636706093867,False
1989-05-31,0.1946453213796673,0.10622749257394105,False
1989-06-01,0.20072288691489396,0.10569051875317421,False
1989-06-02,0.20091965453459443,0.10715978166377556,False
1989-06-05,0.20111980182716116,0.12033342996298832,False
1989-06-06,0.23219126941436674,0.12097960161789097,False
1989-06-07,0.23281836879248452,0.11797471232269113,False
1989-06-08,0.22397813913208223,0.11733099718143664,False
1989-06-09,0.21619124840278217,0.11796379004242225,False
1989-06-12,0.21602728427869222,0.11800284840991947,False
1989-06-13,0.21340458963297457,0.10712845780212021,False
1989-06-14,0.17771905159265453,0.10693313404143075,False
1989-06-15,0.17697104105597328,0.11134247095530828,False
1989-06-16,0.19017048252833643,0.10728093795012572,False
1989-06-19,0.18157364084286468,0.10744917410732856,False
1989-06-20,0.179820589333974,0.10205921556184774,False
1989-06-21,0.1564062085858901,0.10328104684700848,False
1989-06-22,0.15973709874145825,0.09989613477117133,False
1989-06-23,0.1514823962397016,0.1142202957883122,False
1989-06-26,0.19658212723888244,0.11467957984157025,False
1989-06-27,0.19817523097474718,0.11325520643280154,False
1989-06-28,0.19187510592262783,0.11882510050289312,False
1989-06-29,0.21090408568968474,0.13086645111363057,True
1989-06-30,0.2439040619236791,0.13163226327742492,False
1989-07-03,0.24425493712420437,0.1293083513282818,False
1989-07-05,0.24308344038769422,0.12462487186168685,False
1989-07-06,0.23225409939968017,0.12662092983040374,False
1989-07-07,0.23898584273074552,0.13188211587019302,False
1989-07-10,0.253449181291412,0.13371511381286993,False
1989-07-11,0.2620911197707208,0.13381333775416918,False
1989-07-12,0.2613988659676274,0.13423429884833551,False
1989-07-13,0.2692260610322765,0.12537938800049797,False
1989-07-14,0.25857666317011435,0.12562917538722207,False
1989-07-17,0.26851409808111837,0.1208852937667938,False
1989-07-18,0.25435838064750055,0.12342003716223025,False
1989-07-19,0.25549536099864006,0.12890719497781003,False
1989-07-20,0.2577066156305931,0.1278970217246746,False
1989-07-21,0.2578504030057657,0.1253553618379249,False
1989-07-24,0.2472949696196861,0.12788215057290114,False
1989-07-25,0.25713889248219374,0.11628841249706326,False
1989-07-26,0.22051849750362412,0.12005541730243034,False
1989-07-27,0.22583469848519677,0.12353679277031053,False
1989-07-28,0.22964007057958924,0.114577330599989,False
1989-07-31,0.20161166347662382,0.09038207169863174,False
1989-08-01,0.13217017956714872,0.08945959920142951,False
1989-08-02,0.12388382549213466,0.09022961906029425,False
1989-08-03,0.12512036341160532,0.08986005263991159,False
1989-08-04,0.12332784217947836,0.08834464155236382,False
1989-08-07,0.11900164271291487,0.08645913121189762,False
1989-08-08,0.11918947502441538,0.08672895509082533,False
1989-08-09,0.11517620517665776,0.09306181296164866,False
1989-08-10,0.12897880020163685,0.09352131671353693,False
1989-08-11,0.12983502598332095,0.098830481447336,False
1989-08-14,0.1420804753569466,0.10312808943335468,False
1989-08-15,0.1468666988123293,0.10355591034370479,False
1989-08-16,0.14806818602515043,0.1000189330067574,False
1989-08-17,0.14240819014566777,0.09418753488109712,False
1989-08-18,0.13460527833997873,0.09314611071071706,False
1989-08-21,0.1360557253752515,0.10212000688915442,False
1989-08-22,0.16639929436516013,0.09800097447812807,False
1989-08-23,0.1565753011806958,0.10061584042567076,False
1989-08-24,0.16912092559577166,0.10570320501007131,False
1989-08-25,0.1869411689485401,0.10300639945460612,False
1989-08-28,0.18322990232694938,0.10356597408052413,False
1989-08-29,0.1865352626461913,0.10144809200669348,False
1989-08-30,0.17841495867203533,0.09923902882283772,False
1989-08-31,0.17741037221746817,0.0996713052313178,False
1989-09-01,0.17835673321567802,0.10118693236735138,False
1989-09-05,0.1893961224275657,0.10125209982450883,False
1989-09-06,0.19405102257071286,0.09896951814271862,False
1989-09-07,0.19143885286828366,0.09679375287393474,False
1989-09-08,0.19079074450474026,0.09534901475680221,False
1989-09-11,0.18296183631919333,0.09401411103034044,False
1989-09-12,0.17782679570123808,0.09171643883397007,False
1989-09-13,0.17304755817159323,0.08936087637985778,False
1989-09-14,0.1726381820524628,0.09398807354488195,False
1989-09-15,0.17913929143287588,0.09401596657601266,False
1989-09-18,0.17998054074309114,0.0944975584776687,False
1989-09-19,0.1835042247904882,0.09446561386725598,False
1989-09-20,0.18015172132043566,0.08565812910304527,False
1989-09-21,0.1546307826264079,0.08563665719764388,False
1989-09-22,0.1603368712588515,0.08210264076870871,False
1989-09-25,0.14762126853358287,0.06850870003561553,False
1989-09-26,0.11682566934428452,0.0673565856113385,False
1989-09-27,0.11988261495965728,0.066411247723817,False
1989-09-28,0.11037541157263973,0.06828871743966014,False
1989-09-29,0.11802672927999733,0.07117758061018564,False
1989-10-02,0.11949660111471166,0.07046206537033728,False
1989-10-03,0.11684450069929872,0.07579363904017972,False
1989-10-04,0.11610887844380205,0.07675096733581277,False
1989-10-05,0.11561517621880388,0.07184654947933758,False
1989-10-06,0.09690854207057842,0.07492326268953838,False
1989-10-09,0.09741767506860921,0.07385513585334164,False
1989-10-10,0.09881775037803309,0.07396407839969338,False
1989-10-11,0.1002423485995725,0.07695847112685607,False
1989-10-12,0.10480517767059876,0.0759971589357618,False
1989-10-13,0.09899622346857825,0.21195240139318441,True
1989-10-16,0.3937399493141551,0.21853156740130983,True
1989-10-17,0.35825411821538183,0.21813932569731984,True
1989-10-18,0.35382283827300864,0.2195526878017487,True
1989-10-19,0.3556779139670807,0.22734962625725488,True
1989-10-20,0.3724455750571723,0.22738963870099776,True
1989-10-23,0.3714354937972121,0.22859009503210215,True
1989-10-24,0.37112767068424574,0.22998587403645696,True
1989-10-25,0.3689939370213068,0.2298502545797472,True
1989-10-26,0.3644877865742477,0.23439407813909321,True
1989-10-27,0.3788009502692088,0.2359407084809756,True
1989-10-30,0.3847306421336904,0.2342351339826919,True
1989-10-31,0.37991116250195456,0.24082804967298746,True
1989-11-01,0.3926678010079024,0.2372207325001402,True
1989-11-02,0.3854065544898729,0.23710032325859248,True
1989-11-03,0.3824425962958675,0.23682886934568492,True
1989-11-06,0.38494122029932765,0.23663948649933925,True
1989-11-07,0.38043343473138364,0.2406147595764951,True
1989-11-08,0.3804766898933473,0.2469203278111348,True
1989-11-09,0.39177549574567117,0.24709154526635602,True
1989-11-10,0.3893978955268839,0.24918729459368288,True
1989-11-13,0.39643103546509506,0.15137110234806322,False
1989-11-14,0.2277906668710888,0.14437438242424433,False
1989-11-15,0.24425673308932697,0.1472427370956612,False
1989-11-16,0.2511384805746201,0.14531251922903002,False
1989-11-17,0.24860469592561296,0.1313762454393327,False
1989-11-20,0.2089967272659193,0.13567821523503287,False
1989-11-21,0.2156863136226558,0.1344092642489255,False
1989-11-22,0.21035556817954662,0.13328572882593728,False
1989-11-24,0.2125746814789504,0.13552044487864215,False
1989-11-27,0.22568179154741067,0.12687350130639444,False
1989-11-28,0.204100844754913,0.11745555689086153,False
1989-11-29,0.18512508134854022,0.11805928896004084,False
1989-11-30,0.1878284424284021,0.10819527740120947,False
1989-12-01,0.16246323752231023,0.11173496846113275,False
1989-12-04,0.18319717203507976,0.10703659596692836,False
1989-12-05,0.17574165007812242,0.10841677152085134,False
1989-12-06,0.1809951960531645,0.09250071483426367,False
1989-12-07,0.14060175134870878,0.08867751137037526,False
1989-12-08,0.1389630309629583,0.07903863118159853,False
1989-12-11,0.11362609613602905,0.08073863850947911,False
1989-12-12,0.11956107695557759,0.08345188148986997,False
1989-12-13,0.11774487003477381,0.08360526488500425,False
1989-12-14,0.11931905457673696,0.0823608113656315,False
1989-12-15,0.11269575625170221,0.0823288952971788,False
1989-12-18,0.1146425582607362,0.10239099268447863,True
1989-12-19,0.15400392642413768,0.10268728703872528,False
1989-12-20,0.15064391295877985,0.09648217192673351,False
1989-12-21,0.1369418401063023,0.09801594740155616,False
1989-12-22,0.1385114341552923,0.09814240098107965,False
1989-12-26,0.13561300733019943,0.09558611455504559,False
1989-12-27,0.12977331541404358,0.09720943045149165,False
1989-12-28,0.13218617144915554,0.09838447045162634,False
1989-12-29,0.13030484043799143,0.10140231691661282,False
1990-01-02,0.13392323102656759,0.10981410919086605,False
1990-01-03,0.15490309852866363,0.10664153179829607,False
1990-01-04,0.1358648384096078,0.10980564233836088,False
1990-01-05,0.14177210805990043,0.11349249497507462,False
1990-01-08,0.14891299921984247,0.11322360485007987,False
1990-01-09,0.14858102064895706,0.11934940024866396,False
1990-01-10,0.1693911242069313,0.12283638413509786,False
1990-01-11,0.17490049053466417,0.12213719167573714,False
1990-01-12,0.17422331024044932,0.1391340784211302,True
1990-01-15,0.23511113260840935,0.1400920089151777,False
1990-01-16,0.2392894259612093,0.14488877618884563,False
1990-01-17,0.25042619443403896,0.1433993111413017,False
1990-01-18,0.2532380940663817,0.13035006144575934,False
1990-01-19,0.23324305150732785,0.13059005214108696,False
1990-01-22,0.23768488402711624,0.15473257651123654,True
1990-01-23,0.29446879825950095,0.1530956525099195,False
1990-01-24,0.2920861411747628,0.1509104293110655,False
1990-01-25,0.2861134422451361,0.1554671034595983,False
1990-01-26,0.2936357736441349,0.15206114484752736,False
1990-01-29,0.2825700354415278,0.1494631151912417,False
1990-01-30,0.2767147246858107,0.14534239871973204,False
1990-01-31,0.2615755118074005,0.15700251770547494,False
1990-02-01,0.2796087633168567,0.15740090378147517,False
1990-02-02,0.2832439894131507,0.16216421864778297,False
1990-02-05,0.2999260324368881,0.16264819259140864,False
1990-02-06,0.30344439612439505,0.16107498760444233,False
1990-02-07,0.30444480714025607,0.16765961557986422,False
1990-02-08,0.31335591432585014,0.16637635451235852,False
1990-02-09,0.3075972695422324,0.1674486595288755,False
1990-02-12,0.302125017510566,0.15202214780714254,False
1990-02-13,0.25327466162188644,0.1507411032424763,False
1990-02-14,0.2485724956690773,0.14733727668526514,False
1990-02-15,0.24339352340652362,0.15531572010289232,False
1990-02-16,0.2596033088253395,0.1566679448270378,False
1990-02-20,0.2630865778060179,0.1644624475452978,False
1990-02-21,0.28753334125250446,0.14177384716359057,False
1990-02-22,0.20691641500826197,0.14173351724145478,False
1990-02-23,0.20646524690819495,0.14430259585869795,False
1990-02-26,0.21680708233740117,0.13863735576592934,False
1990-02-27,0.1998206776425795,0.13966518335509678,False
1990-02-28,0.20990980941683837,0.13930180870104605,False
1990-03-01,0.21436801628907784,0.13141649787405887,False
1990-03-02,0.20771788870678845,0.11697154012308333,False
1990-03-05,0.1830556050408398,0.11762633893184442,False
1990-03-06,0.18970490729849737,0.11976698195029006,False
1990-03-07,0.19622289373114077,0.11956117108324782,False
1990-03-08,0.1988407623468089,0.1189860931815122,False
1990-03-09,0.20051389600607805,0.11475700792989597,False
1990-03-12,0.19426686094995363,0.11488106870874289,False
1990-03-13,0.19925144570324987,0.11731245327899185,False
1990-03-14,0.20605770496334422,0.11548549084265711,False
1990-03-15,0.1978979734691169,0.1152337138508206,False
1990-03-16,0.20210376912654593,0.12008733371796669,False
1990-03-19,0.21159118742989466,0.11364245384467203,False
1990-03-20,0.1933450399835421,0.11339389370368591,False
1990-03-21,0.18736992331353058,0.09581344899760375,False
1990-03-22,0.14876895656829975,0.10755681486085943,False
1990-03-23,0.1777797599224024,0.10862038259586013,False
1990-03-26,0.18478308246109174,0.10200251457771452,False
1990-03-27,0.1705843995875128,0.10341581819950671,False
1990-03-28,0.18075909316418423,0.10589760965667216,False
1990-03-29,0.17620575828184015,0.10580580880628346,False
1990-03-30,0.17751539728752233,0.10686183651221308,False
1990-04-02,0.1835261670461474,0.1077267800977671,False
1990-04-03,0.18879213005245396,0.11782575893259124,False
1990-04-04,0.2119481932287475,0.11800230703841864,False
1990-04-05,0.2064831066446582,0.11788893216208217,False
1990-04-06,0.20960413270419664,0.11350773679001538,False
1990-04-09,0.19530977234758307,0.11302233134113944,False
1990-04-10,0.19569956269444147,0.1129730965904839,False
1990-04-11,0.19415118249465366,0.11003169394139335,False
1990-04-12,0.18606406255408783,0.10870252733792445,False
1990-04-16,0.19049696138400335,0.10892245770595207,False
1990-04-17,0.19170736152309661,0.10187807795911225,False
1990-04-18,0.17452757152349627,0.10797766110338397,False
1990-04-19,0.19858222028389236,0.10918306413909239,False
1990-04-20,0.20725035363559943,0.1132898634492171,False
1990-04-23,0.21600735213899697,0.1132428760224585,False
1990-04-24,0.22113973112715704,0.10951765856391461,False
1990-04-25,0.20963070822585608,0.10800809968155171,False
1990-04-26,0.21026791338956427,0.1020763923734059,False
1990-04-27,0.19062208194202251,0.1056822996447527,False
1990-04-30,0.20938985438491153,0.109751095740393,False
1990-05-01,0.2195588181912558,0.11136149200038617,False
1990-05-02,0.2239463986438479,0.11575230073821849,False
1990-05-03,0.23374025583390218,0.10278652471511042,False
1990-05-04,0.19538360887108222,0.10417009355739415,False
1990-05-07,0.19769995513414465,0.1088029505440236,False
1990-05-08,0.20991023487508878,0.10918683707497007,False
1990-05-09,0.21336069323718604,0.108536943812733,False
1990-05-10,0.21068037395033093,0.10970278348880398,False
1990-05-11,0.2150388914234144,0.12877252729790686,False
1990-05-14,0.27129007334245825,0.12994192351333564,False
1990-05-15,0.2722505734108926,0.1296385215434157,False
1990-05-16,0.2723014229042492,0.129864156198051,False
1990-05-17,0.27007176442192055,0.12017160305652416,False
1990-05-18,0.24703038036369046,0.11462506887025153,False
1990-05-21,0.22669705718893812,0.10676185499778999,False
1990-05-22,0.20060661651465236,0.09000095013245676,False
1990-05-23,0.15521877210890664,0.08797199552173876,False
1990-05-24,0.1475903412743264,0.08961741478452621,False
1990-05-25,0.1465084810063385,0.10250562971696289,False
1990-05-29,0.17531765216458214,0.09229380509909632,False
1990-05-30,0.14243853230795595,0.09269133805079716,False
1990-05-31,0.1457423850856286,0.09311887805770984,False
1990-06-01,0.14545316757965923,0.09136634327609176,False
1990-06-04,0.1423064159406611,0.09460298530547352,False
1990-06-05,0.1527382261656596,0.09752641473039443,False
1990-06-06,0.14925561953451735,0.09637109461799534,False
1990-06-07,0.15236105842036948,0.10284934514892112,False
1990-06-08,0.16751112416042913,0.10751624080987479,False
1990-06-11,0.1829795847607911,0.10801621488546732,False
1990-06-12,0.17974928887205086,0.09543935462377286,False
1990-06-13,0.13899196373946898,0.09351739812591536,False
1990-06-14,0.13533746190258653,0.09512221970592596,False
1990-06-15,0.1368778057654201,0.09633978030342,False
1990-06-18,0.13925308153442073,0.1109537317842178,False
1990-06-19,0.17830554965761178,0.11095863027548086,False
1990-06-20,0.1776312837109661,0.10828376721135022,False
1990-06-21,0.17379320153604214,0.10828335266840776,False
1990-06-22,0.17391779620826198,0.11393392423540497,False
1990-06-25,0.19278353379797183,0.11548924840689218,False
1990-06-26,0.20037739892591092,0.11010730386793117,False
1990-06-27,0.18880804544066485,0.10889897374247087,False
1990-06-28,0.18041903323785224,0.11417971079521397,False
1990-06-29,0.1903635000928501,0.11409436519018447,False
1990-07-02,0.1918316128542345,0.1137960193865181,False
1990-07-03,0.19114722083169608,0.10660487673653202,False
1990-07-05,0.17439679780808526,0.11119037468872872,False
1990-07-06,0.19243904305512977,0.11466884048887294,False
1990-07-09,0.20017859726731962,0.11238597512578832,False
1990-07-10,0.19471561272604856,0.11532545012227083,False
1990-07-11,0.20042743782116942,0.11882104968054241,False
1990-07-12,0.21447929660617496,0.11797400436532035,False
1990-07-13,0.2148001804550057,0.11978805887858777,False
1990-07-16,0.2093938393572402,0.11966501300488523,False
1990-07-17,0.21234559067224168,0.12081641433054963,False
1990-07-18,0.2059825493534114,0.11276891754984923,False
1990-07-19,0.17976023495120444,0.1133376107513635,False
1990-07-20,0.17836526713681602,0.1194718893843615,False
1990-07-23,0.1821792538012747,0.1403645433960771,True
1990-07-24,0.22766179650024784,0.13633175880539888,False
1990-07-25,0.21075219416632862,0.13593710216507265,False
1990-07-26,0.20363230736700133,0.13682103456127756,False
1990-07-27,0.20334669579961764,0.13357166823943278,False
1990-07-30,0.19129064129952586,0.12867987293439206,False
1990-07-31,0.18011540914971136,0.12854475620793165,False
1990-08-01,0.1797204098844581,0.12710586013645603,False
1990-08-02,0.17469912831152082,0.13558714042477069,False
1990-08-03,0.18796656989947172,0.15007614628162755,True
1990-08-06,0.2190444923237696,0.1757249570203988,True
1990-08-07,0.26525736763417185,0.17638008119435802,False
1990-08-08,0.25736556883907546,0.18649401499910215,True
1990-08-09,0.2670165717852294,0.18413926913461254,True
1990-08-10,0.2580145821255493,0.17905357774833006,True
1990-08-13,0.25117560375770553,0.17764863038856457,False
1990-08-14,0.25207165669327164,0.17607886826364735,False
1990-08-15,0.24626321876505222,0.17607644734842007,False
1990-08-16,0.24757582157713545,0.18369866282335698,True
1990-08-17,0.2604783100403545,0.18656023505485525,True
1990-08-20,0.2600954659417282,0.18615204976173708,True
1990-08-21,0.26177315357119535,0.18785153954046863,True
1990-08-22,0.2647117765799763,0.18894535342454202,True
1990-08-23,0.26848198820058583,0.20377557603142496,True
1990-08-24,0.3000777979813236,0.22908133648571857,True
1990-08-27,0.31875778785094344,0.2740375096829758,True
1990-08-28,0.37161082713030014,0.2724534443309804,True
1990-08-29,0.36498363741489986,0.2741075430749025,True
1990-08-30,0.36842989221614986,0.2750434268940505,True
1990-08-31,0.37497794406562807,0.27829910588486645,True
1990-09-04,0.38657605210202556,0.2716414362319026,True
1990-09-05,0.37597124541543503,0.25302379219496435,True
1990-09-06,0.36404994090277765,0.25689870070931325,True
1990-09-07,0.3826320594857692,0.2534159831557201,True
1990-09-10,0.3895692299453464,0.25062828124829634,True
1990-09-11,0.38895754438375313,0.24755830936529374,True
1990-09-12,0.38649495870370465,0.24671940138818968,True
1990-09-13,0.3888906043251253,0.24822068114956422,True
1990-09-14,0.3910584917203377,0.2483770351728957,True
1990-09-17,0.3931886199039635,0.24081973333456524,True
1990-09-18,0.38159725908560216,0.23604566571126864,True
1990-09-19,0.3756908467301189,0.2362095303371132,True
1990-09-20,0.37321240498337027,0.22924665035397138,True
1990-09-21,0.3666239819970491,0.22231368199554954,True
1990-09-24,0.3568582723924673,0.20519879359296575,True
1990-09-25,0.320329531167095,0.194925365149806,True
1990-09-26,0.31836947332399185,0.15186771205776614,True
1990-09-27,0.24031750529973128,0.15958785668119838,True
1990-09-28,0.2425727778519599,0.16784009306128023,False
1990-10-01,0.23589933543900465,0.20032368700882472,True
1990-10-02,0.28339114706512514,0.19643546659791422,True
1990-10-03,0.2750828405115051,0.19886792297299108,True
1990-10-04,0.27491776541881086,0.19737144684687893,True
1990-10-05,0.27194886585547284,0.19153766023682003,True
1990-10-08,0.25843779306096354,0.1879173124032647,True
1990-10-09,0.24994517162715488,0.20474827489997133,True
1990-10-10,0.2731299329136622,0.20855123549704563,True
1990-10-11,0.27537892992725777,0.2139628999223659,True
1990-10-12,0.2805397909306081,0.2210213285328175,True
1990-10-15,0.2900415489478642,0.2275221625992788,True
1990-10-16,0.2912227097335545,0.2286512640712047,True
1990-10-17,0.2931247554654661,0.22921186396396362,True
1990-10-18,0.2902940807714787,0.25080448649837295,True
1990-10-19,0.3165809397781312,0.2522758305244553,True
1990-10-22,0.312009880445249,0.25427578145439467,True
1990-10-23,0.31379458832020146,0.2420227785263058,True
1990-10-24,0.29850274905684,0.23867658619923704,True
1990-10-25,0.2960871962043467,0.230248942158103,True
1990-10-26,0.2853832920633507,0.23146913716167777,True
1990-10-29,0.2913821377870582,0.22894733014469393,True
1990-10-30,0.2956562034847435,0.20264384963123694,True
1990-10-31,0.26170723377436,0.20199311916810544,True
1990-11-01,0.25947150379897327,0.20014552127550106,True
1990-11-02,0.25237145342499895,0.20762988953652153,True
1990-11-05,0.270115887340045,0.20977609605211356,True
1990-11-06,0.2718505038081648,0.21179966666118075,True
1990-11-07,0.2710705233288346,0.19595839433138285,True
1990-11-08,0.25030981109136263,0.1884292339178742,True
1990-11-09,0.23877789862762627,0.17863497032054904,True
1990-11-12,0.22932463048121127,0.18872861144743072,True
1990-11-13,0.24189613128229312,0.18619046356641136,True
1990-11-14,0.24136684957422969,0.18194137436774918,True
1990-11-15,0.22997966543334775,0.1866451101656838,True
1990-11-16,0.23870485400625246,0.1675828088223763,False
1990-11-19,0.21900686728170524,0.1623962591855903,False
1990-11-20,0.21386280172827227,0.1650385053986458,False
1990-11-21,0.21831777093873617,0.16423120860071413,False
1990-11-23,0.21538068772209057,0.163492490215534,False
1990-11-26,0.21344312242532942,0.16205618496554003,False
1990-11-27,0.21063366348113075,0.14661551516964874,False
1990-11-28,0.18453410585056862,0.1405064505164411,False
1990-11-29,0.17626346332304282,0.141289309104047,False
1990-11-30,0.18424693982003443,0.14600012226807127,False
1990-12-03,0.20036146172120634,0.14698247729249123,False
1990-12-04,0.2049463205537912,0.14212639141412203,False
1990-12-05,0.19466920507236418,0.1451613175101567,False
1990-12-06,0.1994565357438647,0.14253156707586345,False
1990-12-07,0.19164071457697276,0.13200910480777656,False
1990-12-10,0.16757420189870748,0.1320148362277219,False
1990-12-11,0.16941102466507776,0.13637008782201637,False
1990-12-12,0.17026104416094848,0.12122008950913798,False
1990-12-13,0.15428107119266962,0.12133061316810909,False
1990-12-14,0.1591511465432716,0.12246381582083016,False
1990-12-17,0.16806917275329242,0.11873414659119129,False
1990-12-18,0.16202910696199127,0.12504859785590106,False
1990-12-19,0.1763587813537805,0.12462961953554051,False
1990-12-20,0.1711817838534859,0.11626651373856647,False
1990-12-21,0.15538859984116,0.11645422959400092,False
1990-12-24,0.1561778124406837,0.12206033298508341,False
1990-12-26,0.17265519032913634,0.12353481155800772,False
1990-12-27,0.1777548660839886,0.12382861306757492,False
1990-12-28,0.18437545794523125,0.12361412871992217,False
1990-12-31,0.18831373313151342,0.12471256235429243,False
1991-01-02,0.1869710634271422,0.11876845150246802,False
1991-01-03,0.17109269874394295,0.12678845794048885,False
1991-01-04,0.19340629508139232,0.12346329216408433,False
1991-01-07,0.18141572402512038,0.12613951773556747,True
1991-01-08,0.20098000905412236,0.12590119305029962,False
1991-01-09,0.19864401151816083,0.1307755229985249,False
1991-01-10,0.20902079928724387,0.13532759320239762,False
1991-01-11,0.22316216768424185,0.13393493586591276,False
1991-01-14,0.22323970225408857,0.12962814553578897,False
1991-01-15,0.2097992765540787,0.13359156973255207,False
1991-01-16,0.21860296153620315,0.142246805937176,False
1991-01-17,0.22388026854654108,0.1923926551585465,True
1991-01-18,0.33431468854020796,0.1902667467831789,True
1991-01-21,0.3265308394312048,0.1910726585519556,True
1991-01-22,0.32008132148247437,0.19332375072360533,True
1991-01-23,0.3184314475849185,0.19551573189756413,True
1991-01-24,0.31487169156023637,0.19806426989540868,True
1991-01-25,0.3163706072997539,0.19851245612497337,True
1991-01-28,0.31001080713380996,0.19553418696893202,True
1991-01-29,0.2976346293640476,0.19575099532131723,True
1991-01-30,0.29241271130040725,0.199902553707017,True
1991-01-31,0.2968354242948126,0.19773804688509666,True
1991-02-01,0.2889229553883941,0.1862277582927387,True
1991-02-04,0.26643723562883187,0.18792601940850834,True
1991-02-05,0.2642220174789457,0.16904116897619256,False
1991-02-06,0.22433690292841715,0.16550306556472527,False
1991-02-07,0.22244648105578183,0.1623438313465661,False
1991-02-08,0.19989171262658978,0.1623069446449592,False
1991-02-11,0.19570354388439165,0.16913590044307367,False
1991-02-12,0.20739084497621363,0.15731018052190188,False
1991-02-13,0.1827258427615816,0.15750723893618426,False
1991-02-14,0.17970091112980932,0.17635358780182417,False
1991-02-15,0.20673995578942286,0.14518354853030094,False
1991-02-19,0.149464868288792,0.14649600065344257,False
1991-02-20,0.14791364274901445,0.1601737776232928,False
1991-02-21,0.17951782301583288,0.15512055034149072,False
1991-02-22,0.16771594999036213,0.1546979416514408,False
1991-02-25,0.17313121093585745,0.15191689175145182,False
1991-02-26,0.16622518992990057,0.16095428749632187,False
1991-02-27,0.18809636285902714,0.1632991741721894,False
1991-02-28,0.19055705293100075,0.16332171712818308,False
1991-03-01,0.19062603828482763,0.1586927466954672,False
1991-03-04,0.1890277153075234,0.15782601715876085,False
1991-03-05,0.18687863776639524,0.1707036895706243,False
1991-03-06,0.2115261264187879,0.1696775998751377,False
1991-03-07,0.211006842677677,0.1700311080762767,False
1991-03-08,0.2161520194325812,0.16563779550392582,False
1991-03-11,0.2115921847399175,0.16336035177570976,False
1991-03-12,0.21992336121119152,0.16801869849972126,False
1991-03-13,0.22492516098349088,0.1650456454892887,False
1991-03-14,0.20632703399777041,0.16454569051514792,False
1991-03-15,0.21215013955922615,0.161951311482657,False
1991-03-18,0.21092302686638825,0.1523903385861734,False
1991-03-19,0.1964047929018404,0.15096751132402186,False
1991-03-20,0.19018377703382544,0.15209123718235368,False
1991-03-21,0.1964485421189022,0.14474645229319902,False
1991-03-22,0.17096254060366534,0.1444199826899232,False
1991-03-25,0.16859762237863313,0.1449115438379848,False
1991-03-26,0.171070216976101,0.1553946524953796,False
1991-03-27,0.1916606269839986,0.14823068422759117,False
1991-03-28,0.1715883465899571,0.14383724624811703,False
1991-04-01,0.16388223916837,0.14875193839998296,False
1991-04-02,0.17870253990663157,0.16775266143170423,False
1991-04-03,0.21465506058132977,0.16764749511524518,False
1991-04-04,0.2148734389269517,0.14994922991599902,False
1991-04-05,0.17352753097102797,0.1547184611449837,False
1991-04-08,0.1841305434496539,0.15411358983371443,False
1991-04-09,0.18764505150716296,0.16211643752101207,False
1991-04-10,0.20984132309849288,0.1601276241567492,False
1991-04-11,0.21024977228373448,0.16224741698810413,False
1991-04-12,0.21715068060564408,0.15079282830348278,False
1991-04-15,0.20547805811673978,0.15079758095603407,False
1991-04-16,0.20420989269100734,0.15582927656802814,False
1991-04-17,0.208955342807182,0.15826286123505381,False
1991-04-18,0.20510963049247363,0.15242716588046626,False
1991-04-19,0.19755051550848088,0.16478557017174483,False
1991-04-22,0.22651356574917364,0.17036763784204131,False
1991-04-23,0.23773752667500578,0.1702421310982705,False
1991-04-24,0.24150652686749582,0.16955333834040306,False
1991-04-25,0.23915112505687813,0.16334428379762517,False
1991-04-26,0.2313912741295317,0.16327423510955308,False
1991-04-29,0.2299512106422472,0.16956181413537605,False
1991-04-30,0.23532668003412616,0.16688288363878698,False
1991-05-01,0.2243854508901686,0.1514559375901445,False
1991-05-02,0.2058140097992328,0.1515393850208346,False
1991-05-03,0.20509848573086598,0.1509925937165169,False
1991-05-06,0.2073552448112156,0.1461722183384292,False
1991-05-07,0.19462866156538997,0.1475570597850579,False
1991-05-08,0.19914590838574553,0.1399283669257861,False
1991-05-09,0.17595252758827384,0.14315207494861773,False
1991-05-10,0.18108879836748765,0.14669599965187252,True
1991-05-13,0.19713235064392234,0.14423705764951994,False
1991-05-14,0.19479164224824366,0.14838790823663447,False
1991-05-15,0.2146299386319314,0.14484566647557537,True
1991-05-16,0.2081219433529364,0.14259278471797202,False
1991-05-17,0.21753126925483418,0.14242057686472978,False
1991-05-20,0.2189818281315016,0.13655801563084105,False
1991-05-21,0.20261738057621864,0.13867497507663054,False
1991-05-22,0.20553782889884145,0.1408768848791289,False
1991-05-23,0.2060061429223524,0.14069754128570752,False
1991-05-24,0.21208886284665276,0.1386451925056622,False
1991-05-28,0.20419515588944293,0.14382182722479755,False
1991-05-29,0.21642667491481754,0.13588823716352594,False
1991-05-30,0.21047549093650095,0.14118757452330408,False
1991-05-31,0.22016087633541698,0.13455171754582615,False
1991-06-03,0.20034611635442945,0.13462097856425026,False
1991-06-04,0.1967106408666951,0.13513112265868046,False
1991-06-05,0.1981787780901153,0.13545690205517352,False
1991-06-06,0.19660906030668743,0.13374512886958048,False
1991-06-07,0.1938024326937616,0.13510676674623018,False
1991-06-10,0.196332864370245,0.13134592879223167,False
1991-06-11,0.1929701706691207,0.117403318131287,False
1991-06-12,0.1563937370611477,0.12673469405738072,False
1991-06-13,0.17852902993402556,0.1196884773315482,False
1991-06-14,0.15257369350528133,0.10524535401840687,False
1991-06-17,0.1360121098946753,0.10306461027433876,False
1991-06-18,0.13362310389038518,0.10377537865983819,False
1991-06-19,0.13676529602362436,0.11159849955406631,False
1991-06-20,0.15246417689714736,0.10653715504019659,False
1991-06-21,0.14069483395080454,0.10564937722815924,False
1991-06-24,0.14622645939057483,0.12622527865745736,True
1991-06-25,0.19003579339871635,0.12519587407590524,False
1991-06-26,0.18431140886528985,0.11857496441536264,False
1991-06-27,0.1727635290593341,0.12430696917383062,False
1991-06-28,0.18138547933360885,0.11559991101260246,False
1991-07-01,0.16909801252027926,0.12828892883534795,False
1991-07-02,0.2110315720218266,0.12940706876389999,False
1991-07-03,0.2170802399265605,0.13363802121501714,False
1991-07-05,0.2354680181806683,0.13413051354111313,False
1991-07-08,0.24117408146730898,0.13993107557698412,False
1991-07-09,0.24713695594129728,0.13938723358093782,False
1991-07-10,0.24062102107480585,0.13897745488216298,False
1991-07-11,0.23172603211124534,0.13940986551503795,False
1991-07-12,0.23298007822185962,0.13419104719362912,False
1991-07-15,0.2148578810283064,0.13602341038966742,False
1991-07-16,0.21356222566811844,0.13183470577276465,False
1991-07-17,0.2032696711278002,0.13066735072948982,False
1991-07-18,0.19431754487162164,0.1326503304816565,False
1991-07-19,0.1995281305063161,0.12648561430248706,False
1991-07-22,0.18613163498366792,0.12798428875271534,False
1991-07-23,0.1890856664378123,0.13219088651920852,False
1991-07-24,0.19620020894358894,0.1099010174950368,False
1991-07-25,0.1464217427917263,0.11052889386929608,False
1991-07-26,0.1526416434490368,0.11057495626313014,False
1991-07-29,0.1513149803428948,0.10754643355141057,False
1991-07-30,0.15107669157980846,0.11379138683793681,False
1991-07-31,0.15818086552875804,0.10444109288135564,False
1991-08-01,0.12861084040641993,0.10083451054328703,False
1991-08-02,0.12722376474109404,0.08509783976737532,False
1991-08-05,0.08701470656458787,0.08777662570544309,False
1991-08-06,0.09387228096074844,0.08832304407807813,False
1991-08-07,0.10643778928602035,0.0890789158330552,False
1991-08-08,0.10701266545812207,0.08909275401289252,False
1991-08-09,0.10742191231613281,0.08950714376787396,False
1991-08-12,0.10876412796769086,0.08779558308648625,False
1991-08-13,0.10652815487008362,0.08674695588187445,False
1991-08-14,0.10578843570677095,0.08713046875977827,False
1991-08-15,0.10820589466254021,0.08719530917879365,False
1991-08-16,0.11132169350391145,0.0925155345979481,False
1991-08-19,0.1276708113147992,0.1308534105863625,True
1991-08-20,0.2218050652422931,0.13160598283051492,False
1991-08-21,0.2323742035043429,0.16069499686917507,False
1991-08-22,0.29728469222853415,0.16003431739969046,False
1991-08-23,0.2968542450981963,0.16042509733299162,False
1991-08-26,0.2963907665082633,0.16048681264013945,False
1991-08-27,0.29658884451145073,0.1606457085621755,False
1991-08-28,0.29922396018679676,0.1565119247655618,False
1991-08-29,0.2918571706787518,0.1560824832719993,False
1991-08-30,0.2908985726399083,0.15677742265018152,False
1991-09-03,0.29601172179820906,0.15971629386291106,False
1991-09-04,0.30395475439164826,0.16122019327523252,False
1991-09-05,0.3069733987886054,0.15780252362408106,False
1991-09-06,0.2995983854038229,0.15780171325324036,False
1991-09-09,0.3041735827705858,0.1576738511928452,False
1991-09-10,0.3120713607267154,0.16408104942829846,False
1991-09-11,0.32542941218072846,0.1636278784523183,False
1991-09-12,0.32137881791065,0.16356941536203554,False
1991-09-13,0.32180458622527347,0.16688672084314884,False
1991-09-16,0.3296572673620789,0.1668396316100833,False
1991-09-17,0.32480757829927337,0.16350520496877285,False
1991-09-18,0.31538776497931414,0.13507823436741773,False
1991-09-19,0.24711648078888326,0.1364534430999282,False
1991-09-20,0.2452102281099661,0.08963067643997433,False
1991-09-23,0.10851479767704486,0.0898408404454126,False
1991-09-24,0.10983046872018842,0.08969121310853427,False
1991-09-25,0.10494405010520863,0.08969011664479243,False
1991-09-26,0.10193372668619802,0.08973651396059322,False
1991-09-27,0.0998364808207564,0.08618036033529493,False
1991-09-30,0.08093194396895445,0.08806019361601763,False
1991-10-01,0.09236530799795512,0.08767374605977019,False
1991-10-02,0.09055929802968986,0.08472850342398142,False
1991-10-03,0.0800847515068098,0.08795351002314702,False
1991-10-04,0.08446731897907342,0.08851946743406588,False
1991-10-07,0.09075898971493025,0.08964089028783512,False
1991-10-08,0.09143112230845306,0.09029406460406346,False
1991-10-09,0.09093648012162685,0.08214064357687637,False
1991-10-10,0.07894313177911441,0.08871923639607203,False
1991-10-11,0.0897924613886177,0.08801711709507744,False
1991-10-14,0.08627219788155725,0.0918160792940521,False
1991-10-15,0.10480296489076701,0.10266083844728917,False
1991-10-16,0.1264620902710482,0.10301759691658116,False
1991-10-17,0.12244125278312991,0.10388618407799383,False
1991-10-18,0.11961178548636653,0.10130365604538252,False
1991-10-21,0.11726817878130211,0.10309435958591544,False
1991-10-22,0.12299940068734842,0.10326217454467376,False
1991-10-23,0.12137249261029226,0.10138717897512589,False
1991-10-24,0.11768564153840527,0.10618458994040693,False
1991-10-25,0.13201856621195238,0.10676750933022035,False
1991-10-28,0.13338294963557476,0.1107811061689943,False
1991-10-29,0.14964911792963956,0.1133729565058141,False
1991-10-30,0.15139168587133378,0.11636026539206198,False
1991-10-31,0.15954415245403394,0.11587077605624085,False
1991-11-01,0.15569047357580504,0.11228019963879216,False
1991-11-04,0.14858082145607523,0.11357369949438612,False
1991-11-05,0.1427838888352953,0.11054914423825248,False
1991-11-06,0.13835428194480115,0.11086116799646899,False
1991-11-07,0.14027155734218175,0.10862299041441632,False
1991-11-08,0.1307024387347903,0.10682169521610492,False
1991-11-11,0.13208376132394722,0.10675955381245307,False
1991-11-12,0.13423260082188304,0.10040154937878142,False
1991-11-13,0.12196165197280091,0.09019932421476343,False
1991-11-14,0.10328104193593318,0.09365383744507895,False
1991-11-15,0.10613530244217273,0.16539421361180812,True
1991-11-18,0.2800787364120656,0.16680423792568255,False
1991-11-19,0.273101267427949,0.17744659925364492,True
1991-11-20,0.2949063104178168,0.17744665631608464,False
1991-11-21,0.300087134726415,0.17849182824771287,True
1991-11-22,0.3032707750823788,0.17715661367348284,False
1991-11-25,0.30002202398932143,0.17733678502539182,False
1991-11-26,0.29476567798972436,0.17299055400157756,False
1991-11-27,0.28790932371666156,0.16934429304989276,False
1991-11-29,0.2780866836813347,0.16467208206232364,False
1991-12-02,0.27129519975493377,0.17367318643588933,False
1991-12-03,0.29873619476094915,0.17287884876247778,False
1991-12-04,0.2953062385313963,0.1725250426989239,False
1991-12-05,0.29879018331129115,0.1735291017099064,False
1991-12-06,0.30329351963690027,0.17242744366299312,False
1991-12-09,0.29694628928696043,0.16877984993651882,False
1991-12-10,0.2937327294963468,0.1690022877590648,False
1991-12-11,0.29051090422845643,0.16771943248101343,False
1991-12-12,0.2844640552494681,0.17097115393101386,False
1991-12-13,0.2828165782052293,0.1740160626627636,False
1991-12-16,0.29197710399948346,0.1736497616911556,False
1991-12-17,0.2945493943685283,0.11285070619904375,False
1991-12-18,0.15331382768263718,0.10951791340727024,False
1991-12-19,0.15097745754493128,0.08866163791385623,False
1991-12-20,0.10816481318000089,0.09372058829521396,False
1991-12-23,0.1217978999585927,0.116917225462796,False
1991-12-24,0.1748574098351591,0.11646773129637604,False
1991-12-26,0.15678642674433405,0.1263670862351888,False
1991-12-27,0.17491643866039522,0.12638626572307396,False
1991-12-30,0.17487706276389856,0.13625568970199134,False
1991-12-31,0.19040558396099164,0.13431123624311417,False
1992-01-02,0.1734691483790528,0.13062939949874375,False
1992-01-03,0.159199246073174,0.12959787315129137,False
1992-01-06,0.15604928998404932,0.12747709659913992,False
1992-01-07,0.1522444900004637,0.12133505338206212,False
1992-01-08,0.13621828441084488,0.12072097295601249,False
1992-01-09,0.13421845655352208,0.12034884555680322,False
1992-01-10,0.12995847599890747,0.12260827088517337,False
1992-01-13,0.13730377651973935,0.12251328249208564,False
1992-01-14,0.13691556186921772,0.12475647776133696,False
1992-01-15,0.14032395113534302,0.12458892682962733,False
1992-01-16,0.13051826457163296,0.13507989365861045,False
1992-01-17,0.1495225252897149,0.1310457259503075,False
1992-01-20,0.14124703741514888,0.1365998656829214,False
1992-01-21,0.1487487871661572,0.1487613860699523,False
1992-01-22,0.16306928048929528,0.1544560118936798,False
1992-01-23,0.16898312029314252,0.14397661466962242,False
1992-01-24,0.14880896143509703,0.1425589759030447,False
1992-01-27,0.14798739163462862,0.13136894990867073,False
1992-01-28,0.12873058218631372,0.1315058241150667,False
1992-01-29,0.12859587440725953,0.12279607728955973,False
1992-01-30,0.11338792036962547,0.12498211659069776,False
1992-01-31,0.11520580968732874,0.12801390029848292,False
1992-02-03,0.12142926813937119,0.12612737053342177,False
1992-02-04,0.11638343372157889,0.12940083050903833,False
1992-02-05,0.12553293223654158,0.13055788163718446,False
1992-02-06,0.12312031891916361,0.12969729857487675,False
1992-02-07,0.12583727033656192,0.12911348844802958,False
1992-02-10,0.13155493388075676,0.12806303420644327,False
1992-02-11,0.12735997429946264,0.12771882814943133,False
1992-02-12,0.1276998289739697,0.12564189409662593,False
1992-02-13,0.11954854302183908,0.13064535225869087,False
1992-02-14,0.14227931267998045,0.12652001614354044,False
1992-02-18,0.13765950522765907,0.13074931374342702,False
1992-02-19,0.14917913245866146,0.12790276562345954,False
1992-02-20,0.14347582271029405,0.128013946748142,False
1992-02-21,0.1563615920479899,0.11527345745715792,False
1992-02-24,0.13672777528103083,0.11467373069017724,False
1992-02-25,0.1342258017799949,0.11647956838776785,False
1992-02-26,0.13252311085910337,0.12131517710776692,False
1992-02-27,0.14284526956568933,0.12154397466011402,False
1992-02-28,0.14466173160891682,0.11673794830318354,False
1992-03-02,0.138089600966159,0.11342671465917227,False
1992-03-03,0.13254166795101133,0.10991300219410431,False
1992-03-04,0.12163039087283488,0.1163795692022489,False
1992-03-05,0.1419028263343109,0.11982228342290985,False
1992-03-06,0.15426179547911983,0.11723256369182658,False
1992-03-09,0.15248479800986223,0.11729154718293157,False
1992-03-10,0.14943865300638015,0.11832771760390186,False
1992-03-11,0.15104164959130323,0.11959969900924383,False
1992-03-12,0.1527495836183029,0.11990765914110336,False
1992-03-13,0.1514030084559361,0.110053588119548,False
1992-03-16,0.1396294663078116,0.1047820860956125,False
1992-03-17,0.12594374248794996,0.11244667425433645,False
1992-03-18,0.13981995997106086,0.10972589079426653,False
1992-03-19,0.13284845495667266,0.10997821044986153,False
1992-03-20,0.13957564748948395,0.096389916306163,False
1992-03-23,0.1070551445798889,0.0963008624083448,False
1992-03-24,0.10972920123172807,0.0963240089375879,False
1992-03-25,0.11537329257908789,0.09428049067880429,False
1992-03-26,0.11297322279435841,0.08517885488565013,False
1992-03-27,0.09400552204070554,0.09735444612964617,False
1992-03-30,0.11241377426388162,0.09730194198844799,False
1992-03-31,0.11180815553494453,0.09637484841799539,False
1992-04-01,0.10850780621070925,0.0960724506669722,False
1992-04-02,0.10902267337335003,0.10075079293568238,False
1992-04-03,0.11164337938373398,0.09343192518417738,False
1992-04-06,0.09298802567280752,0.10317589524559495,False
1992-04-07,0.10394617277323491,0.12065453434605342,True
1992-04-08,0.1510591580468719,0.12479476319810735,False
1992-04-09,0.16180491167208874,0.1395277211304979,False
1992-04-10,0.1951255954950425,0.1399087011712688,False
1992-04-13,0.1976228341923665,0.13961745598681588,False
1992-04-14,0.19323324660873994,0.14945814192365725,False
1992-04-15,0.21657089120378445,0.14553800346566564,False
1992-04-16,0.2021299659350331,0.14512251142392313,False
1992-04-20,0.20115599448806282,0.1542166161940239,True
1992-04-21,0.21443507794099864,0.15364116975201242,False
1992-04-22,0.21073519304945487,0.15359498020144063,False
1992-04-23,0.20893786743158355,0.15373996656376065,False
1992-04-24,0.20757253823637858,0.15383256821439498,False
1992-04-27,0.20541615571428312,0.153784168762849,False
1992-04-28,0.20345533130141016,0.14648364276387413,False
1992-04-29,0.18902076317835903,0.15515097774023778,False
1992-04-30,0.1957958575133052,0.15789557681083044,False
1992-05-01,0.1981284477447532,0.15799765385002626,False
1992-05-04,0.1991781130730594,0.15457090503326318,False
1992-05-05,0.19747427163002268,0.15480094726648602,False
1992-05-06,0.19602908983593637,0.15042724346648417,False
1992-05-07,0.1936670631934743,0.13228686603651285,False
1992-05-08,0.15779545875081027,0.12121607595588085,False
1992-05-11,0.13924998671676025,0.10872562506142096,False
1992-05-12,0.11767069264613289,0.11097121377307154,False
1992-05-13,0.12586553833747213,0.11150315133795541,False
1992-05-14,0.127869984027789,0.10374629414855542,False
1992-05-15,0.10339375654561929,0.10552487485283334,False
1992-05-18,0.11079790718375529,0.10602014519162942,False
1992-05-19,0.11708158143963607,0.09569431067387722,False
1992-05-20,0.09752523197147567,0.09451853090924411,False
1992-05-21,0.09720395559498038,0.0962112263192296,False
1992-05-22,0.10707500925699132,0.09619269333355333,False
1992-05-26,0.10689941297393162,0.09878433419478758,False
1992-05-27,0.1185589225438025,0.09927872992755868,False
1992-05-28,0.12064494019868302,0.10654850545853164,False
1992-05-29,0.13968109281056645,0.0977161478854615,False
1992-06-01,0.12645973188440915,0.09515213628841082,False
1992-06-02,0.1233857398259921,0.0988688872413339,False
1992-06-03,0.12290143392727912,0.09143025070091285,False
1992-06-04,0.11030329074913299,0.0915688736920112,False
1992-06-05,0.11600295439964284,0.09237714935463195,False
1992-06-08,0.11513843818884131,0.09236572364214245,False
1992-06-09,0.11161466790385971,0.09626199582870955,False
1992-06-10,0.12273963760346325,0.09883205955783826,False
1992-06-11,0.12570942654803102,0.09784591134910402,False
1992-06-12,0.12308336548596012,0.09825477908049132,False
1992-06-15,0.12641462821044347,0.09429480806169044,False
1992-06-16,0.12285535770863773,0.09333548866349989,False
1992-06-17,0.12030085442268518,0.11051031905017833,True
1992-06-18,0.1468462373271802,0.10893468881849766,False
1992-06-19,0.12646995086422508,0.11230931845091856,False
1992-06-22,0.13231345135077108,0.11196962453386246,False
1992-06-23,0.12693691267877516,0.11282993393506069,False
1992-06-24,0.12914320886283592,0.1115065576643638,False
1992-06-25,0.12497558543316939,0.10989931272237378,False
1992-06-26,0.12358712872764029,0.09783500897331103,False
1992-06-29,0.09430125871605512,0.11845311652217273,False
1992-06-30,0.14232476945620604,0.1170311428220639,False
1992-07-01,0.14839929411455335,0.1280004407580985,False
1992-07-02,0.165824889955817,0.12986363848681093,False
1992-07-06,0.15908876375769046,0.12980778602827509,False
1992-07-07,0.15444543399110816,0.13078278785548975,False
1992-07-08,0.15764298608662067,0.13165885055825646,False
1992-07-09,0.15850546107979177,0.13550299506239938,False
1992-07-10,0.15918823622035158,0.13230247385527888,False
1992-07-13,0.14704944601478995,0.1329043566693742,False
1992-07-14,0.1482442505531028,0.1343023270466027,False
1992-07-15,0.14613929788293095,0.13422639650066567,False
1992-07-16,0.13994322448612787,0.1310356918521898,False
1992-07-17,0.1307167053173014,0.11581495766838598,False
1992-07-20,0.10614469819208375,0.10844239913258397,False
1992-07-21,0.11555224906321428,0.10888162919284605,False
1992-07-22,0.11126151015971944,0.1128453114527533,False
1992-07-23,0.12602102130712153,0.11260303204122911,False
1992-07-24,0.1255793550536489,0.11139577525043283,False
1992-07-27,0.12251249362571631,0.11223675831608629,False
1992-07-28,0.12105544548927627,0.11852120245248333,False
1992-07-29,0.1351849039200495,0.11021243254210468,False
1992-07-30,0.12425789797012077,0.10960723658202427,False
1992-07-31,0.12497126519770568,0.10085315978193274,False
1992-08-03,0.1096620209627884,0.09510621241765903,False
1992-08-04,0.11088984385672852,0.09523723456958447,False
1992-08-05,0.11689454363251833,0.0923400576428935,False
1992-08-06,0.11634117667931777,0.09450546005504876,False
1992-08-07,0.1260367242897251,0.09139768941237764,False
1992-08-10,0.11814082732244402,0.09226606134936945,False
1992-08-11,0.12101360973496551,0.09170706206483031,False
1992-08-12,0.11942930413631461,0.09080612469362088,False
1992-08-13,0.12215520797573425,0.09076472507545016,False
1992-08-14,0.12645964405011526,0.09159090972452077,False
1992-08-17,0.13285478317510682,0.08772968385904244,False
1992-08-18,0.12322126216456895,0.08401432062536741,False
1992-08-19,0.10962001433105752,0.08519446972748013,False
1992-08-20,0.12175232259341758,0.07977357998354542,False
1992-08-21,0.10683201503237655,0.08373305397860774,False
1992-08-24,0.11687286514574474,0.09675444172321612,False
1992-08-25,0.15801269858336003,0.09514764816910178,False
1992-08-26,0.15418127539993087,0.0850247948082787,False
1992-08-27,0.12791102587228978,0.07866137697462006,False
1992-08-28,0.10491087453609761,0.07734758943009293,False
1992-08-31,0.10114813623693804,0.07336487450510981,False
1992-09-01,0.09033849543229783,0.07774598813348793,False
1992-09-02,0.10181546638760505,0.08597196811024353,False
1992-09-03,0.11434826937220376,0.08476197484739811,False
1992-09-04,0.10659737144790618,0.0843652902363417,False
1992-09-08,0.10440832639348964,0.08332416827408126,False
1992-09-09,0.10701893083556337,0.08389891966154296,False
1992-09-10,0.10420511790293124,0.08773955412579619,False
1992-09-11,0.1129232572046987,0.0865572829184742,False
1992-09-14,0.11100693989739367,0.10166599389601333,False
1992-09-15,0.1371894435133498,0.11297431283849087,False
1992-09-16,0.16613671610004097,0.1130812520786402,False
1992-09-17,0.16527014667336748,0.11336791224182517,False
1992-09-18,0.1671720397817688,0.1103364742281502,False
1992-09-21,0.15506594328607212,0.11020401197994636,False
1992-09-22,0.15267741640448193,0.1146210050648909,False
1992-09-23,0.16923626068134476,0.10310099503929197,False
1992-09-24,0.13955208514503925,0.10108404404879714,False
1992-09-25,0.1388463112153042,0.11130076798534216,False
1992-09-28,0.15043948046822703,0.10966525550225775,False
1992-09-29,0.14884473021883202,0.11057108322864041,False
1992-09-30,0.1482533241899681,0.11104013365810111,False
1992-10-01,0.15107331582088532,0.11359560064461148,False
1992-10-02,0.1514068311872279,0.11707804293796259,False
1992-10-05,0.16693066704347367,0.11818050239372221,False
1992-10-06,0.1746888285017599,0.12008095676109529,False
1992-10-07,0.1744354138785517,0.12078786097797148,False
1992-10-08,0.17571528909021955,0.12319027466818196,False
1992-10-09,0.18767534199825373,0.12401677550479988,False
1992-10-12,0.19503940230237585,0.12945970167899787,False
1992-10-13,0.21074348116033859,0.11676829450266105,False
1992-10-14,0.19242959685042746,0.10819906087251131,False
1992-10-15,0.1712094262641925,0.10860173571133631,False
1992-10-16,0.1660823703509235,0.10883439627429406,False
1992-10-19,0.16655802570803602,0.11862051038993128,False
1992-10-20,0.18001561159606286,0.11850308402571202,False
1992-10-21,0.1785743005940922,0.11412012297528312,False
1992-10-22,0.1609883162592544,0.1140257655018937,False
1992-10-23,0.16357551727583222,0.11376827702695816,False
1992-10-26,0.16202662138427215,0.10467195693314818,False
1992-10-27,0.14860578590966642,0.10502896018480246,False
1992-10-28,0.1485875341543277,0.10544511186207371,False
1992-10-29,0.15155099925735893,0.10492893243989428,False
1992-10-30,0.14929043378566564,0.10085782623943308,False
1992-11-02,0.14351264265404115,0.09168256630393311,False
1992-11-03,0.12155077467316044,0.09183662002330324,False
1992-11-04,0.11736073212234632,0.09293549612678384,False
1992-11-05,0.12722180300529576,0.09061678401321199,False
1992-11-06,0.12292205862490105,0.0901812791838535,False
1992-11-09,0.11682308510050732,0.07773887097850063,False
1992-11-10,0.08171595221712984,0.07425780818460015,False
1992-11-11,0.06866716581721946,0.07445240331881042,False
1992-11-12,0.06764624762068262,0.07381728369982221,False
1992-11-13,0.06304518499444016,0.07424388493708034,False
1992-11-16,0.06487495793077154,0.08019415597253399,False
1992-11-17,0.07564732528747799,0.07488992156005747,False
1992-11-18,0.06859029056443101,0.08429100896391514,False
1992-11-19,0.08904286453125033,0.08302226763967581,False
1992-11-20,0.08894457833960359,0.08371007005719698,False
1992-11-23,0.09118919947182176,0.08652671898511267,False
1992-11-24,0.09377176094579572,0.08699591197159165,False
1992-11-25,0.0953884493667848,0.08620935306683367,False
1992-11-27,0.09357523953607542,0.08540771318777995,False
1992-11-30,0.09333138467402308,0.08607545117014269,False
1992-12-01,0.09206031204988353,0.08429423954315145,False
1992-12-02,0.08784548317123991,0.08324849781693561,False
1992-12-03,0.07901679408372378,0.08034270360353549,False
1992-12-04,0.07052494160134815,0.07874458856870038,False
1992-12-07,0.05771358902558715,0.07892711748030425,False
1992-12-08,0.06527664973685467,0.07959200174982836,False
1992-12-09,0.06788595754733401,0.08083956780741851,False
1992-12-10,0.07010959039065752,0.08389656734462768,False
1992-12-11,0.07816967396606522,0.0835648959003626,False
1992-12-14,0.07722682187128002,0.08386448056694844,False
1992-12-15,0.0803497375031438,0.085406825543261,False
1992-12-16,0.07971362601499832,0.08164813813839789,False
1992-12-17,0.07213688542667361,0.0828530984784061,False
1992-12-18,0.07746801312329395,0.07905673912520965,False
1992-12-21,0.07991723514112038,0.07919757817719242,False
1992-12-22,0.08141415084159638,0.07752297955616018,False
1992-12-23,0.07787862215190494,0.0737576653197947,False
1992-12-24,0.06451436661401083,0.07158713744334598,False
1992-12-28,0.06388059585133571,0.07221425092468203,False
1992-12-29,0.06335491872173726,0.07265476649256285,False
1992-12-30,0.06614305810175426,0.07139663826527642,False
1992-12-31,0.067542539189689,0.07218597131931712,False
1993-01-04,0.07464564254133954,0.06960153638593493,False
1993-01-05,0.06981928235003368,0.0689307720278054,False
1993-01-06,0.07069265925046818,0.06894203566798857,False
1993-01-07,0.06788426561004535,0.06849894606664779,False
1993-01-08,0.0653134980355779,0.06752027038913969,False
1993-01-11,0.06106362250597526,0.07064947762887916,False
1993-01-12,0.06964042020183703,0.06856826563466167,False
1993-01-13,0.06802061612920166,0.06971044026553656,False
1993-01-14,0.07263430350312175,0.08018715368684383,False
1993-01-15,0.07887959478472045,0.07855367067628143,False
1993-01-18,0.07857730170496806,0.0787170568222842,False
1993-01-19,0.0770228726146993,0.07564398400105884,False
1993-01-20,0.06877628713415028,0.06907312754222966,False
1993-01-21,0.04368404854095408,0.06974582174526194,False
1993-01-22,0.046028790732878834,0.0712191379520031,False
1993-01-25,0.04594865636107829,0.07598567092444682,False
1993-01-26,0.05718701493328763,0.07761686933743916,False
1993-01-27,0.05814790014642965,0.08321579594549557,False
1993-01-28,0.06194807265400996,0.083204520033731,False
1993-01-29,0.05991514763742055,0.08302951723857957,False
1993-02-01,0.05742966991105153,0.09014316999670266,False
1993-02-02,0.06872487525492936,0.08988181994783884,False
1993-02-03,0.06888340245669422,0.09350947923009953,False
1993-02-04,0.08475823603347901,0.09329356522962,False
1993-02-05,0.08494600805958169,0.09545308555316075,False
1993-02-08,0.07804596567575406,0.09207489959314206,False
1993-02-09,0.07433128371103966,0.09395863908098719,False
1993-02-10,0.08182716645863915,0.0931949241953714,False
1993-02-11,0.08062451955143776,0.09310207983839526,False
1993-02-12,0.07763994587118883,0.09099256255569554,False
1993-02-16,0.08110701376018316,0.14218207303613487,True
1993-02-17,0.16877618168721648,0.14242805774909534,False
1993-02-18,0.165012899170564,0.14273966425836446,False
1993-02-19,0.16319870346887544,0.14378654595422424,False
1993-02-22,0.1626869364731365,0.14371467838001628,False
1993-02-23,0.15536131579429557,0.1429192227023535,False
1993-02-24,0.15122502586379963,0.1530276449310039,False
1993-02-25,0.1604196486643312,0.1534235396333763,False
1993-02-26,0.15865723240031762,0.15060680330385473,False
1993-03-01,0.1528562502094709,0.15044951877123153,False
1993-03-02,0.15290337760326297,0.15718851644723375,False
1993-03-03,0.1609489062051208,0.15325178097144845,False
1993-03-04,0.1530205701580614,0.15494233586623454,False
1993-03-05,0.15404425227548252,0.15157020910799043,False
1993-03-08,0.14675072010462753,0.16008928303275233,False
1993-03-09,0.17211637423935994,0.15836041282628607,False
1993-03-10,0.17339648683290343,0.15903568337775031,False
1993-03-11,0.17414342663259216,0.1574953609324475,False
1993-03-12,0.17358721412491618,0.15895800133936897,False
1993-03-15,0.1814189266158683,0.15813694140658022,False
1993-03-16,0.18098879788324929,0.15449101935036344,False
1993-03-17,0.1716817567349102,0.11377031652990852,False
1993-03-18,0.10092839297097028,0.11261517639844068,False
1993-03-19,0.10508267247233335,0.11568259467825112,False
1993-03-22,0.11152078364268703,0.11635064795813264,False
1993-03-23,0.11930700091901632,0.11518882221147968,False
1993-03-24,0.12275280889368365,0.11594713799289587,False
1993-03-25,0.13130370903039548,0.10545547625957599,False
1993-03-26,0.11798836376656281,0.10626796309226624,False
1993-03-29,0.11964581208021824,0.10770380220854692,False
1993-03-30,0.11256773402680322,0.10811036161284715,False
1993-03-31,0.11202975279930351,0.09879561179802077,False
1993-04-01,0.1033923933812106,0.10279399897750857,False
1993-04-02,0.11286715778320378,0.1249031063870576,True
1993-04-05,0.16202230703488515,0.12563172158515987,False
1993-04-06,0.15565215557946824,0.11291148222535351,False
1993-04-07,0.11623495594352237,0.11448671340227844,False
1993-04-08,0.1191878892117248,0.11179371134342647,False
1993-04-12,0.11527885773142735,0.12460041672414804,False
1993-04-13,0.14288856627175495,0.12535753623392587,False
1993-04-14,0.14186364462863396,0.1251147261705683,False
1993-04-15,0.1409360781179639,0.1262322029251253,False
1993-04-16,0.1433062500870863,0.11951229764271361,False
1993-04-19,0.1313125327611904,0.11799248344917787,False
1993-04-20,0.12022860893000857,0.11683458465227499,False
1993-04-21,0.11675809995435225,0.11728265328403539,False
1993-04-22,0.11616088747693945,0.11866515019383442,False
1993-04-23,0.11655533637091477,0.12013522298496847,False
1993-04-26,0.12153088633753256,0.12205170512146882,False
1993-04-27,0.12568981928455497,0.1323389270982777,False
1993-04-28,0.1362598788140159,0.1308928676203862,False
1993-04-29,0.12811014498365078,0.13135974911124004,False
1993-04-30,0.1294924548462179,0.13132094073197292,False
1993-05-03,0.12941609143393623,0.1305144263492809,False
1993-05-04,0.13057269192310772,0.10766190049508198,False
1993-05-05,0.09883885261298682,0.10996352699276395,False
1993-05-06,0.1034379030201265,0.10861618190013818,False
1993-05-07,0.10289319394078626,0.10774183627046133,False
1993-05-10,0.1030528896480736,0.10738058561368624,False
1993-05-11,0.1002020734392355,0.09870144172249899,False
1993-05-12,0.08390765591739409,0.0995675568388585,False
1993-05-13,0.08297379623783697,0.10903090690407403,False
1993-05-14,0.10505029612207013,0.10695000331373755,False
1993-05-17,0.10466934808914642,0.10655855461757607,False
1993-05-18,0.10876004279523811,0.10562622527996689,False
1993-05-19,0.10814276587818938,0.11541693907049179,False
1993-05-20,0.13156990253917047,0.11563433809370219,False
1993-05-21,0.13086150466184288,0.11543673710088996,False
1993-05-24,0.1338206787453309,0.11204703087263825,False
1993-05-25,0.12678528491589777,0.09629764106728537,False
1993-05-26,0.10534803597978151,0.09350832450360297,False
1993-05-27,0.10792373861362112,0.09447728207913444,False
1993-05-28,0.11165446401831249,0.0973850324413947,False
1993-06-01,0.1155218319901321,0.09793330229875039,False
1993-06-02,0.11570353344659312,0.09650141527640026,False
1993-06-03,0.11338733558678396,0.09575419574035318,False
1993-06-04,0.11505528963545235,0.0985581033757466,False
1993-06-07,0.12546491118784475,0.10272353744440683,False
1993-06-08,0.12772661896012985,0.10450881283306916,False
1993-06-09,0.13415059849442898,0.10362230798740986,False
1993-06-10,0.14461192541597406,0.10111607266754033,False
1993-06-11,0.13398444252918232,0.1038043618770742,False
1993-06-14,0.14133199248309028,0.0939915936550833,False
1993-06-15,0.12250516984735282,0.0951104563859703,False
1993-06-16,0.12180109847013737,0.0956117345835059,False
1993-06-17,0.1233562028666312,0.09561507944534492,False
1993-06-18,0.12351479332895643,0.08524981494700955,False
1993-06-21,0.09620527165250035,0.08393596404508968,False
1993-06-22,0.09188010019568861,0.08211797845360287,False
1993-06-23,0.08799499488503859,0.08318152463469158,False
1993-06-24,0.08972223845463527,0.08692031044336537,False
1993-06-25,0.09438173490224609,0.081738531751696,False
1993-06-28,0.08616239197273665,0.09039476647585075,False
1993-06-29,0.10119413964464155,0.08836074352536762,False
1993-06-30,0.09564254746950412,0.08678317033634815,False
1993-07-01,0.09048068052973379,0.08847045101688596,False
1993-07-02,0.09229070321684259,0.0901921216807073,False
1993-07-06,0.09875470328126626,0.0864803180196895,False
1993-07-07,0.09044560788944386,0.08052306401009957,False
1993-07-08,0.08612824894256522,0.08160892960045202,False
1993-07-09,0.09006443520985576,0.08144731242335793,False
1993-07-12,0.09170002717299122,0.08142049780145606,False
1993-07-13,0.09228592844570528,0.07898426240142056,False
1993-07-14,0.08607237313281693,0.0805621769660058,False
1993-07-15,0.0900644832669479,0.07987741054262944,False
1993-07-16,0.08758299578222016,0.08808129203379048,False
1993-07-19,0.0999760261992459,0.08806798984983058,False
1993-07-20,0.0958406159290696,0.08356101271284276,False
1993-07-21,0.08207936365820659,0.08353506144750653,False
1993-07-22,0.0810739717632479,0.0880593082849654,False
1993-07-23,0.09408811728086396,0.08653446572203488,False
1993-07-26,0.09267191364378237,0.08505099446225525,False
1993-07-27,0.09092626410521452,0.08244214685689417,False
1993-07-28,0.08448509040047343,0.07260222885803949,False
1993-07-29,0.06360159920274966,0.07386353251022261,False
1993-07-30,0.06783021150971104,0.07446735640044339,False
1993-08-02,0.06933284831872738,0.07284262777800041,False
1993-08-03,0.06779196513471421,0.07060951065919442,False
1993-08-04,0.06013994284203776,0.06817234926416538,False
1993-08-05,0.05599623187382797,0.0678315729100372,False
1993-08-06,0.05696500034026516,0.06307235047251776,False
1993-08-09,0.042926303474536534,0.06437628642963054,False
1993-08-10,0.045684265238064424,0.06579221018427636,False
1993-08-11,0.04804992822825137,0.06526425309816872,False
1993-08-12,0.04758497730784247,0.061868343530340125,False
1993-08-13,0.04494315280821186,0.0623666782409304,False
1993-08-16,0.04779776212272384,0.05400123427821712,False
1993-08-17,0.03456049499800963,0.0574343004013733,False
1993-08-18,0.035912370371389495,0.06374674210258496,False
1993-08-19,0.04335350640114179,0.0638549951834358,False
1993-08-20,0.04326510131186624,0.05694188626700533,False
1993-08-23,0.030480001423362272,0.05748264299095551,False
1993-08-24,0.03255913702937264,0.05935355972552598,False
1993-08-25,0.036456192082500914,0.058475441400515416,False
1993-08-26,0.03588874487483853,0.058499773228666944,False
1993-08-27,0.03511779304788827,0.059257074115096536,False
1993-08-30,0.036767744716275884,0.056046259283927424,False
1993-08-31,0.031716638277763255,0.05688053755525146,False
1993-09-01,0.035498318780132085,0.056851221279047855,False
1993-09-02,0.03538278066178625,0.057875448919009455,False
1993-09-03,0.03767179466210142,0.05936731509461029,False
1993-09-07,0.03954242570246134,0.06970325808897246,False
1993-09-08,0.05302994544203997,0.07457384835788193,False
1993-09-09,0.05867600871911138,0.07751129027586111,False
1993-09-10,0.05946004992994497,0.08218537783057463,False
1993-09-13,0.07841141004359224,0.08391158462166429,False
1993-09-14,0.07837850366893191,0.08478558732978665,False
1993-09-15,0.08186749178107613,0.08321842103082068,False
1993-09-16,0.08137883192302818,0.08099310864060334,False
1993-09-17,0.08525075032206385,0.07469302405063055,False
1993-09-20,0.07577859302743542,0.07771072311563464,False
1993-09-21,0.08516634864418123,0.07899824138066627,False
1993-09-22,0.08927233268644909,0.0853736845387837,False
1993-09-23,0.09622124494577787,0.08397641533650325,False
1993-09-24,0.09322165940803939,0.08375955706748192,False
1993-09-27,0.09329533863507447,0.08849213808090527,False
1993-09-28,0.1040627715419145,0.08838540742416404,False
1993-09-29,0.10367931882976646,0.08873373579209566,False
1993-09-30,0.10228380102938443,0.08793204709972537,False
1993-10-01,0.09551703359800058,0.08787236067000302,False
1993-10-04,0.0949703221236895,0.08759481727424295,False
1993-10-05,0.09287437759551594,0.09009528780442445,False
1993-10-06,0.08998730024684906,0.08370107560174701,False
1993-10-07,0.08043866925040535,0.08054861388744206,False
1993-10-08,0.07593752165351114,0.07672842905601752,False
1993-10-11,0.07217693479765419,0.07164528572169213,False
1993-10-12,0.0554112508633744,0.07087999443918679,False
1993-10-13,0.05653310976240219,0.0700777818990344,False
1993-10-14,0.05201575343756694,0.07372160745446583,False
1993-10-15,0.05923895750834401,0.0755070094522899,False
1993-10-18,0.05708519261192838,0.07623089163916377,False
1993-10-19,0.05328729577036775,0.08913570441138967,False
1993-10-20,0.06017089473699916,0.08713275391422941,False
1993-10-21,0.053459914524798355,0.08232380674731452,False
1993-10-22,0.04923013820103587,0.08112117238430018,False
1993-10-25,0.04825044338251332,0.08094920547894416,False
1993-10-26,0.047575658600178275,0.07657550039759548,False
1993-10-27,0.03839122905880109,0.0775779182282424,False
1993-10-28,0.038157915572168785,0.07756842790734433,False
1993-10-29,0.03992359436673675,0.07896673785098433,False
1993-11-01,0.04043653932855958,0.07918703135758116,False
1993-11-02,0.038438761409296626,0.08031519354974269,False
1993-11-03,0.04424033811576079,0.10403788152060828,True
1993-11-04,0.09552349016486816,0.11499763083658276,False
1993-11-05,0.11768378178921371,0.11808311928658398,False
1993-11-08,0.11823610810728813,0.11874851194971488,False
1993-11-09,0.11709181543823037,0.1176083378245268,False
1993-11-10,0.11655859899722286,0.12232157243812153,False
1993-11-11,0.12097551558181008,0.12230021103275614,False
1993-11-12,0.12229400703738412,0.11879609364654584,False
1993-11-15,0.11574668563755972,0.11722816751153538,False
1993-11-16,0.11415031870324108,0.11798615311566228,False
1993-11-17,0.12278083859893002,0.11257022163600729,False
1993-11-18,0.1168230201130115,0.11453673566544571,False
1993-11-19,0.12018833585906256,0.11433442482455572,False
1993-11-22,0.12506706895572636,0.1241813309872819,False
1993-11-23,0.14381868239300363,0.13191440961017942,False
1993-11-24,0.14752958488347187,0.13479254396202947,False
1993-11-26,0.15005605871967767,0.1342864802648468,False
1993-11-29,0.15449146320133617,0.13415375805123217,False
1993-11-30,0.15479177728701685,0.13264055756321746,False
1993-12-01,0.15169367448061497,0.13312741928916386,False
1993-12-02,0.15210968057570848,0.13382197198490986,False
1993-12-03,0.15647333387321152,0.11761459344345604,False
1993-12-06,0.1172517355634507,0.10416164865596733,False
1993-12-07,0.08549533180054536,0.1015338309082278,False
1993-12-08,0.08463402699440216,0.1002862090169241,False
1993-12-09,0.08697194557236547,0.10337604006027672,False
1993-12-10,0.09373417441855261,0.09709542619770643,False
1993-12-13,0.08973611353696156,0.09740376269443314,False
1993-12-14,0.09269055001610778,0.09879964885624587,False
1993-12-15,0.09669688547932442,0.09711921491729661,False
1993-12-16,0.09742243352695151,0.09723404622431736,False
1993-12-17,0.09469360575575093,0.09464336796525144,False
1993-12-20,0.09314948684291387,0.09105022013575872,False
1993-12-21,0.08967089364373841,0.0913790381099307,False
1993-12-22,0.09225467080315912,0.07100152436431414,False
1993-12-23,0.0590790779459835,0.06164084667447415,False
1993-12-27,0.05299183654104631,0.060351011267347016,False
1993-12-28,0.05692913579560478,0.06065528061206314,False
1993-12-29,0.05828151097837436,0.05926356954808745,False
1993-12-30,0.057380792510915865,0.06030183884089572,False
1993-12-31,0.06035981294419976,0.060205513793443924,False
1994-01-03,0.06334870689382537,0.0639874959828031,False
1994-01-04,0.06911143438408805,0.059656392389268925,False
1994-01-05,0.06279216265954335,0.061135282473547915,False
1994-01-06,0.06083019013964563,0.06285532987610502,False
1994-01-07,0.06346294155930057,0.06567044457154343,False
1994-01-10,0.06653321245291273,0.06449763926200426,False
1994-01-11,0.06934471648944492,0.06483636915628271,False
1994-01-12,0.07234046963185174,0.06657622507662236,False
1994-01-13,0.07474255013763972,0.06400268024411422,False
1994-01-14,0.06738294327660464,0.06494956867444522,False
1994-01-17,0.06750676919458287,0.06470187763954333,False
1994-01-18,0.0668114643193642,0.06183114309433825,False
1994-01-19,0.05797316595954611,0.0634916282678759,False
1994-01-20,0.05269840835021185,0.06317028968441257,False
1994-01-21,0.050031762097263566,0.06312046367858098,False
1994-01-24,0.05130551846325975,0.0657704311582807,False
1994-01-25,0.05892858050780538,0.06523691918928355,False
1994-01-26,0.05505812558233208,0.06520559838741684,False
1994-01-27,0.052384410885028286,0.06736323506421055,False
1994-01-28,0.05662211880951239,0.06749962408856927,False
1994-01-31,0.05649254653767807,0.07119314631490353,False
1994-02-01,0.06297703607450986,0.06864571669813337,False
1994-02-02,0.06134587916825479,0.06756175304309131,False
1994-02-03,0.06174345873850865,0.07003368080600719,False
1994-02-04,0.06817769926061228,0.1099949996707967,True
1994-02-07,0.15439150720930261,0.10811985642539895,False
1994-02-08,0.15492467816542882,0.10615848230710026,False
1994-02-09,0.1412991245443282,0.10703638166410159,False
1994-02-10,0.14390571009985403,0.1073490873899432,False
1994-02-11,0.14210806026313147,0.10678546627724321,False
1994-02-14,0.13988490871433948,0.10575721961750098,False
1994-02-15,0.13779219374392607,0.10828075276899263,False
1994-02-16,0.1479517920541639,0.10970785158381187,False
1994-02-17,0.14767728683011394,0.11038898086082893,False
1994-02-18,0.15867576243636333,0.10894106662747662,False
1994-02-22,0.1574501810198016,0.11204344867320677,False
1994-02-23,0.16421595157569321,0.1114982402582195,False
1994-02-24,0.16242504214024683,0.11845686060053269,False
1994-02-25,0.1829824956349825,0.1186821962327035,False
1994-02-28,0.18307676360317843,0.11906895718654263,False
1994-03-01,0.18710409618456697,0.12008128571161854,False
1994-03-02,0.19012768121927803,0.11616949205306765,False
1994-03-03,0.17659993509146146,0.11575184383336647,False
1994-03-04,0.17675768922214255,0.11533416354934206,False
1994-03-07,0.17433983880495088,0.11704529503331165,False
1994-03-08,0.17690901528476924,0.08169295182590541,False
1994-03-09,0.09552924111009134,0.08147028920498936,False
1994-03-10,0.09540343888751396,0.08056187029702136,False
1994-03-11,0.10083861133908271,0.08087136444228778,False
1994-03-14,0.10127765156610255,0.07796813050969106,False
1994-03-15,0.09622626458924757,0.07836195063822618,False
1994-03-16,0.09207039677645988,0.07867266850854795,False
1994-03-17,0.09313777027796512,0.07831450460270577,False
1994-03-18,0.08849036006673225,0.07671157697255344,False
1994-03-21,0.08892747591781981,0.0764890960296742,False
1994-03-22,0.08928065936312263,0.07606708884795131,False
1994-03-23,0.08690924607912288,0.07268596757810611,False
1994-03-24,0.07866593518843122,0.08473062680131835,False
1994-03-25,0.09530321763144158,0.07855350706113176,False
1994-03-28,0.08053100813984543,0.07802379600230042,False
1994-03-29,0.07289311048189016,0.09373334880937642,True
1994-03-30,0.10556969634090221,0.09852720072947373,False
1994-03-31,0.12114084023334874,0.09923454003394179,False
1994-04-04,0.11724031094702969,0.10920920466500132,False
1994-04-05,0.14105617222170225,0.14075967097303058,False
1994-04-06,0.20693400045442753,0.1380767916397366,False
1994-04-07,0.2039495837101304,0.14393447271896923,False
1994-04-08,0.2148209998326095,0.14521849024567238,False
1994-04-11,0.21616763446985351,0.14648751889420453,False
1994-04-12,0.21569647908444908,0.14772313402246381,False
1994-04-13,0.2111474286609071,0.1488342172796348,False
1994-04-14,0.20605668181412654,0.14919558674862698,False
1994-04-15,0.20723404310754456,0.14799841421169427,False
1994-04-18,0.20453711441032224,0.14586301065786536,False
1994-04-19,0.2049521328122477,0.14490282371305,False
1994-04-20,0.19966608751084663,0.14521894754164236,False
1994-04-21,0.18585618768184742,0.17754408374270292,False
1994-04-22,0.2335455886148822,0.17767463132877206,False
1994-04-25,0.23092341972367023,0.1803859826417786,True
1994-04-26,0.23990475790101318,0.17869898208709345,True
1994-04-28,0.23451905153020175,0.17928775394491014,True
1994-04-29,0.23647377060561972,0.1702541422924364,False
1994-05-02,0.2159878521635306,0.16721907090384472,False
1994-05-03,0.198158943000519,0.16821236516286922,False
1994-05-04,0.20361875509793723,0.15986587404990155,False
1994-05-05,0.17798560498048344,0.1389622128388123,False
1994-05-06,0.13360842075232393,0.14158225444312253,False
1994-05-09,0.14113536189709244,0.14293449130183777,False
1994-05-10,0.14450741368791606,0.14439326254989576,False
1994-05-11,0.14709260083605338,0.14687872309519673,False
1994-05-12,0.1539905450111346,0.14502663347377312,False
1994-05-13,0.1569770697927363,0.14201567268419263,False
1994-05-16,0.15265921980788422,0.14209312116127265,False
1994-05-17,0.15340593308719322,0.14575624359532605,False
1994-05-18,0.16535053723352774,0.14672634317251146,False
1994-05-19,0.16110812463050253,0.14689222469716495,False
1994-05-20,0.16781492076646584,0.14469869451073458,False
1994-05-23,0.17914126349447693,0.1148662889740613,False
1994-05-24,0.14392005426032622,0.115513766614508,False
1994-05-25,0.14484977591829024,0.1074108042405244,False
1994-05-26,0.12913762768894363,0.1074149083721986,False
1994-05-27,0.12785805595704522,0.1052203931918599,False
1994-05-31,0.12379699676377402,0.10284655988304266,False
1994-06-01,0.1230348979571945,0.10014628055424729,False
1994-06-02,0.12080648378255322,0.10158710013271209,False
1994-06-03,0.12227151871044242,0.10052478598473967,False
1994-06-06,0.11903414417693187,0.09997233399693843,False
1994-06-07,0.11704188470937321,0.09729849677186875,False
1994-06-08,0.10807480639345528,0.0877874396485685,False
1994-06-09,0.09418402250965098,0.0858144756108939,False
1994-06-10,0.08264572004416101,0.0768113537751721,False
1994-06-13,0.057902758299176973,0.07679233010619374,False
1994-06-14,0.05536052388124294,0.07743957782167536,False
1994-06-15,0.06230996999403536,0.07804005303476029,False
1994-06-16,0.06996426708438785,0.07379460868201157,False
1994-06-17,0.05249723336719382,0.07611875893661965,False
1994-06-20,0.06595184894764235,0.0825294876256719,False
1994-06-21,0.07465169201697482,0.08788002658481961,False
1994-06-22,0.08834635311858946,0.08903760828446446,False
1994-06-23,0.08911387361149202,0.10102909902031204,False
1994-06-24,0.10576425457908685,0.10506464105450729,False
1994-06-27,0.1272139002145813,0.11601349648273582,False
1994-06-28,0.14760488142230963,0.11544300606984402,False
1994-06-29,0.14431557087260682,0.11604484997158851,False
1994-06-30,0.14279436077129742,0.11419128795591132,False
1994-07-01,0.14111160738933987,0.11122047782812386,False
1994-07-05,0.14211659410098434,0.10804583234719921,False
1994-07-06,0.13281155252290688,0.1080254942796415,False
1994-07-07,0.1326303858867895,0.11007685543839618,False
1994-07-08,0.1343661918418437,0.1088904450518867,False
1994-07-11,0.13424834554183,0.10889903322107908,False
1994-07-12,0.1406038946405301,0.10659408023417372,False
1994-07-13,0.1385174955915752,0.10860758830014412,False
1994-07-14,0.14098320165180575,0.10598170347442466,False
1994-07-15,0.14424609757670934,0.10584537878481629,False
1994-07-18,0.14171629796458884,0.10615099609878943,False
1994-07-19,0.13841346953940267,0.10219907974240625,False
1994-07-20,0.12939144518007237,0.09609425796023169,False
1994-07-21,0.11618992907277408,0.09097406993183899,False
1994-07-22,0.10518086503903816,0.08985906997579826,False
1994-07-25,0.1018277302757336,0.07253601626319982,False
1994-07-26,0.08279628740449993,0.06368811953384546,False
1994-07-27,0.052056041674823174,0.04883769120761651,False
1994-07-28,0.03492108962372697,0.04885734206555585,False
1994-07-29,0.03449905369735791,0.06257657600603214,False
1994-08-01,0.05588581149031832,0.06286714356897458,False
1994-08-02,0.05913129326514945,0.06338651273459324,False
1994-08-03,0.05752011154467919,0.06291006492584425,False
1994-08-04,0.0577223114323578,0.06624945907074271,False
1994-08-05,0.06177339975961593,0.06604354746271973,False
1994-08-08,0.06466916700233419,0.06783237911107287,False
1994-08-09,0.06455517105439326,0.06717999945631764,False
1994-08-10,0.06353075776428167,0.07344634237505314,False
1994-08-11,0.07050743179694421,0.07389428633044366,False
1994-08-12,0.07420481705515661,0.07284932796948697,False
1994-08-15,0.07276732485937354,0.0725858016354819,False
1994-08-16,0.0738835238157541,0.07925005626098046,False
1994-08-17,0.08972641086155805,0.07624939974879624,False
1994-08-18,0.08204919046690527,0.07931615690733375,False
1994-08-19,0.08919695942279043,0.07913532000113294,False
1994-08-22,0.09106040554994407,0.07962830910766894,False
1994-08-23,0.09413720518611507,0.0811041850340644,False
1994-08-24,0.09636783437815472,0.08023383701549867,False
1994-08-25,0.09369744254382736,0.07801729709699548,False
1994-08-26,0.09085292939902721,0.08134154404722996,False
1994-08-29,0.10412549730078483,0.07489827234545901,False
1994-08-30,0.09027285116814289,0.07369848405212832,False
1994-08-31,0.08376133764826064,0.07301195455625199,False
1994-09-01,0.08091765399353365,0.0805509467414202,False
1994-09-02,0.09808982599659079,0.07882064522222905,False
1994-09-06,0.09966031373836028,0.07841273492701502,False
1994-09-07,0.09700057525788458,0.07783075485243567,False
1994-09-08,0.09774512944215304,0.07859142912003378,False
1994-09-09,0.0967358792893094,0.08396058988603146,False
1994-09-12,0.11956037615377924,0.08516854470409167,False
1994-09-13,0.1207497589501672,0.08615658943026078,False
1994-09-14,0.12131294522863971,0.08658972823817629,False
1994-09-15,0.1245396722883655,0.08796212018878712,False
1994-09-16,0.1344667041018893,0.08889068828190605,False
1994-09-19,0.1399692425201938,0.08630063617720353,False
1994-09-20,0.1326452203583755,0.1030873997754287,False
1994-09-21,0.17602408626971638,0.10333980662205086,False
1994-09-22,0.17472825101512804,0.1013536645417248,False
1994-09-23,0.17252405336242577,0.09997171906797567,False
1994-09-26,0.16836446449468143,0.09954573387851046,False
1994-09-27,0.16625452874599275,0.09341950935701074,False
1994-09-28,0.14772579186929563,0.09723500776873634,False
1994-09-29,0.15583736071939622,0.09431500434893124,False
1994-09-30,0.14958006594713433,0.09468124081953135,False
1994-10-03,0.15246041672699334,0.09233144130656,False
1994-10-04,0.14650396209796673,0.10899058579596752,True
1994-10-05,0.17514913359916254,0.1091714929688469,False
1994-10-06,0.1727177782628317,0.10905371217071032,False
1994-10-07,0.174300550206394,0.11249110283972782,False
1994-10-10,0.1886858025274162,0.11239588631479495,False
1994-10-11,0.1843935245995842,0.12178243912160855,False
1994-10-12,0.20490867962548898,0.12048768410688517,False
1994-10-13,0.2014960460351016,0.12030615811755108,False
1994-10-14,0.200979982258923,0.11358579859236706,False
1994-10-17,0.1822363073278914,0.11350153234550954,False
1994-10-18,0.17870292862791648,0.11405378255722229,False
1994-10-19,0.18543961879011303,0.10263735080837906,False
1994-10-20,0.14355169109739907,0.10391183266268103,False
1994-10-21,0.15870475910871315,0.10402249007405442,False
1994-10-24,0.15551585293036252,0.10722434364702746,False
1994-10-25,0.16436759766418577,0.10683271311407629,False
1994-10-26,0.16491649613138937,0.1063656836527859,False
1994-10-27,0.16313289253993193,0.1071969837383205,False
1994-10-28,0.16546411872726488,0.11838408151148114,False
1994-10-31,0.19281508443383583,0.11907965665021948,False
1994-11-01,0.1957247142594179,0.12154228427009366,False
1994-11-02,0.20170191308668747,0.1014518773360457,False
1994-11-03,0.16270691579752375,0.10146095566803347,False
1994-11-04,0.1607759809758695,0.11369179341479344,False
1994-11-07,0.20039462144367304,0.11048901207793653,False
1994-11-08,0.19227721855720273,0.10872040514086553,False
1994-11-09,0.18678678607424085,0.09708730640913482,False
1994-11-10,0.1544908552216671,0.09864251365631553,False
1994-11-11,0.1584793732078705,0.09846144227465774,False
1994-11-14,0.15726154004022916,0.10246099871926838,False
1994-11-15,0.17131665378333777,0.10283435981876327,False
1994-11-16,0.17206911640189024,0.10240278185410856,False
1994-11-17,0.16905863707099497,0.1001260962850645,False
1994-11-18,0.16804816576488782,0.09898075485921227,False
1994-11-21,0.16459757065758615,0.10158325275499232,False
1994-11-22,0.16850074257041825,0.1189224025701396,True
1994-11-23,0.20791065160511663,0.11872075664313196,False
1994-11-25,0.19903649962068093,0.12148757256086594,False
1994-11-28,0.20833151451662793,0.11779117552704906,False
1994-11-29,0.1952060872531843,0.1038231331421927,False
1994-11-30,0.15893366411630222,0.10379180566308951,False
1994-12-01,0.1557041005017611,0.10475118235309384,False
1994-12-02,0.15954693638073442,0.10748589023966676,False
1994-12-05,0.17002081193587004,0.10712609114921944,False
1994-12-06,0.16933701309081156,0.09837831500098163,False
1994-12-07,0.14148663807072875,0.10015101603739945,False
1994-12-08,0.14388212283464483,0.10821918367993974,True
1994-12-09,0.1604175833461767,0.10921106869040964,False
1994-12-12,0.16232818425949988,0.11158408444261735,False
1994-12-13,0.16838292121056816,0.11177374118294146,False
1994-12-14,0.1681344800017045,0.11570979807664156,False
1994-12-15,0.17384294187116386,0.11579036858935822,False
1994-12-16,0.17375254015949235,0.11543641915493913,False
1994-12-19,0.16708367555445267,0.11494921599900144,False
1994-12-20,0.1659801795388901,0.11508319142743215,False
1994-12-21,0.16096368920836662,0.11458897787584117,False
1994-12-22,0.1569716524964526,0.09262446478515872,False
1994-12-23,0.10865028209524316,0.09249954363695732,False
1994-12-27,0.11394964946331362,0.09220045002169239,False
1994-12-28,0.1136589203149777,0.09484037213040537,False
1994-12-29,0.12253759599932088,0.09541811235161526,False
1994-12-30,0.12290241171397773,0.09570428882177089,False
1995-01-03,0.12499600797382204,0.09163538572759762,False
1995-01-04,0.1097560472923501,0.09042153135460698,False
1995-01-05,0.1057779825736444,0.0909635050557828,False
1995-01-06,0.10806202443794985,0.09161101745626832,False
1995-01-09,0.10581745081837508,0.09126306182879287,False
1995-01-10,0.09950214156695077,0.07192254741655862,False
1995-01-11,0.05673765279761526,0.07245661996298536,False
1995-01-12,0.059999131229442344,0.07170050394294046,False
1995-01-13,0.05580210025019725,0.07232012392212253,False
1995-01-16,0.06151500667500644,0.07165178761404054,False
1995-01-17,0.06055466094177035,0.07162602206451506,False
1995-01-18,0.06215051908754469,0.07167459420113462,False
1995-01-19,0.06515957348017185,0.07523677814846864,False
1995-01-20,0.07387044600888822,0.07967372169254014,False
1995-01-23,0.0830079735271598,0.07882726637677798,False
1995-01-24,0.08112748282971924,0.07836813998410022,False
1995-01-25,0.07934017028255194,0.07838300903598071,False
1995-01-26,0.07779919336355526,0.0763251630772766,False
1995-01-27,0.068888815402032,0.07340143918008178,False
1995-01-30,0.06360250226161675,0.07657483101816685,False
1995-01-31,0.06726593100074414,0.07575462523505819,False
1995-02-01,0.06416707979984476,0.07307863660447196,False
1995-02-02,0.05853805279556992,0.07342245040025255,False
1995-02-03,0.060193812553897226,0.08957444188101704,False
1995-02-06,0.1021803853232768,0.09023875486040814,False
1995-02-07,0.10187807789236274,0.08899829590402299,False
1995-02-08,0.10362618713987572,0.08596954757904829,False
1995-02-09,0.10310064911458655,0.08581788573203002,False
1995-02-10,0.10212585761051729,0.08543194340140706,False
1995-02-13,0.10002813405831283,0.08577106982930088,False
1995-02-14,0.10270211724770477,0.07957387375581053,False
1995-02-15,0.09067432414808889,0.08030531485845939,False
1995-02-16,0.09566232836074472,0.08042372943978777,False
1995-02-17,0.09629552492448955,0.08197053695243639,False
1995-02-21,0.09822669871638524,0.07761973216200739,False
1995-02-22,0.08892133165723468,0.07755559619618906,False
1995-02-23,0.09104052909584684,0.0779307186537443,False
1995-02-24,0.09218596959588117,0.07797598882060097,False
1995-02-27,0.09106332455896803,0.08716709118134136,False
1995-02-28,0.11960911203316033,0.08993516680452364,False
1995-03-01,0.13044754156500796,0.08746183462791327,False
1995-03-02,0.12767928802425302,0.08748516871761557,False
1995-03-03,0.13072615949857916,0.08791188135856212,False
1995-03-06,0.13061447220077324,0.08761063296295253,False
1995-03-07,0.1269614499567159,0.0757163409827905,False
1995-03-08,0.10093570664083043,0.07320358183607532,False
1995-03-09,0.09704632620326566,0.0732063857983449,False
1995-03-10,0.09713359291638297,0.0813691954102661,False
1995-03-13,0.1268964508687816,0.08251181661149126,False
1995-03-14,0.1296173584449374,0.08502072583776908,False
1995-03-15,0.1335478146477678,0.08598980962371991,False
1995-03-16,0.13620733885198935,0.08896619601780177,False
1995-03-17,0.1432071959059925,0.08858402998346228,False
1995-03-20,0.14102823892763047,0.08858694461541607,False
1995-03-21,0.13990518590381015,0.08423150206750422,False
1995-03-22,0.12795574674463192,0.0844936226094613,False
1995-03-23,0.12559949828860284,0.08447850598368017,False
1995-03-24,0.1254833243135571,0.08794841145310271,False
1995-03-27,0.1350597193733576,0.08890418788368791,False
1995-03-28,0.13620866804340692,0.07913665541750275,False
1995-03-29,0.1075595738182592,0.0775397622061313,False
1995-03-30,0.09999577482902665,0.07645405616831764,False
1995-03-31,0.09497342056323242,0.0768138235883901,False
1995-04-03,0.09567992174595641,0.07634890721784936,False
1995-04-04,0.09480956520957441,0.07638249048764244,False
1995-04-05,0.09776276106127403,0.06445439334883568,False
1995-04-06,0.0687424856181555,0.06486873724053925,False
1995-04-07,0.06814944657821165,0.06430853344758045,False
1995-04-10,0.06898404927077005,0.05733055121261393,False
1995-04-11,0.048363954710576064,0.056436712631030284,False
1995-04-12,0.046957037626767714,0.05666807299030319,False
1995-04-13,0.04479172337471991,0.0535047566907854,False
1995-04-17,0.03907442011155954,0.0533818822687751,False
1995-04-18,0.03574531961719644,0.05624069435487361,False
1995-04-19,0.037764601614275646,0.0589131502733128,False
1995-04-20,0.037914416726587366,0.05888343196266903,False
1995-04-21,0.03631316441106731,0.05928772707797469,False
1995-04-24,0.037690386490763984,0.06611499583108735,False
1995-04-25,0.051031466965629824,0.061920535525175194,False
1995-04-26,0.040679900099841036,0.06011489767413632,False
1995-04-27,0.03985895279971245,0.05996868533269975,False
1995-04-28,0.03997443366248936,0.058208673871089675,False
1995-05-01,0.03910251397098393,0.05795564305512735,False
1995-05-02,0.04010596094195093,0.05759142666231863,False
1995-05-03,0.04068064539586664,0.06610848934678669,False
1995-05-04,0.06363417060410755,0.06715325857982427,False
1995-05-05,0.0634982308146993,0.0685296409958549,False
1995-05-08,0.06487407681376556,0.07034494217800583,False
1995-05-09,0.06923717426637632,0.07034825082098263,False
1995-05-10,0.06887037411561585,0.07018220919638521,False
1995-05-11,0.06859081605119878,0.0702867576720412,False
1995-05-12,0.06838551407820528,0.06737387997265723,False
1995-05-15,0.06397501183476445,0.06828803147905058,False
1995-05-16,0.06606904259115068,0.06552919657712505,False
1995-05-17,0.05896954420336036,0.0630715244881735,False
1995-05-18,0.05752300617050994,0.07878125670560635,False
1995-05-19,0.09776188462142787,0.07860380584174392,False
1995-05-22,0.10003528710188109,0.08402379968032629,False
1995-05-23,0.11764853292730551,0.08023685624458185,False
1995-05-24,0.1065345957002446,0.07910254812861033,False
1995-05-25,0.10259793927772726,0.07848054625546363,False
1995-05-26,0.0985021368687698,0.08692941742285554,False
1995-05-30,0.11327874618066842,0.08908843325847354,False
1995-05-31,0.11121317882281757,0.1027337549785348,False
1995-06-01,0.14327802373995707,0.10289011522573298,False
1995-06-02,0.1399863821982666,0.09767968346063201,False
1995-06-05,0.1262012960241736,0.09830252977159522,False
1995-06-06,0.127052669569751,0.09771095078181302,False
1995-06-07,0.12723038582278975,0.09620705768418032,False
1995-06-08,0.12497426602506032,0.0961984111013718,False
1995-06-09,0.12573608916808973,0.09971543875159779,False
1995-06-12,0.14260340024033732,0.10044014395170808,False
1995-06-13,0.14711390636803623,0.10479265321329011,False
1995-06-14,0.16480737450923028,0.10422956068239787,False
1995-06-15,0.16828958350481096,0.10412730502091225,False
1995-06-16,0.17178018795776878,0.10435078290162923,False
1995-06-19,0.17701599588243067,0.09571228866133683,False
1995-06-20,0.14692169294413,0.0948281997841963,False
1995-06-21,0.14575464454973444,0.09161101285047393,False
1995-06-22,0.13247568176622365,0.09888603678822115,False
1995-06-23,0.15562251662972093,0.10020740130627627,False
1995-06-26,0.15504165016059207,0.11140821362807464,False
1995-06-27,0.1816636885693578,0.10715267575739604,False
1995-06-28,0.16607451767532008,0.10400492823026083,False
1995-06-29,0.16935377421841652,0.09281640538775078,False
1995-06-30,0.13393629623107517,0.09273122946010692,False
1995-07-03,0.1339883761955197,0.0927803901162864,False
1995-07-05,0.13998774059595134,0.09162497385880439,False
1995-07-06,0.13706719744510937,0.09699603040628607,False
1995-07-07,0.14867474168527747,0.09853109243528127,False
1995-07-10,0.13729291352020118,0.09846622824535214,False
1995-07-11,0.13592255349246313,0.09553908732994087,False
1995-07-12,0.11873064375650394,0.09892801992306975,False
1995-07-13,0.12091392088907028,0.09583157241750194,False
1995-07-14,0.11001651269016921,0.09740336684000507,False
1995-07-17,0.11119281619492093,0.09757535616446551,False
1995-07-18,0.11052101920190602,0.10426577469918064,False
1995-07-19,0.11495323048853935,0.11562350656129153,True
1995-07-20,0.1247336218089933,0.11605739555765916,False
1995-07-21,0.12536339888843018,0.11654076507322952,False
1995-07-24,0.1276874214783087,0.1129156080454305,False
1995-07-25,0.11328097610794352,0.11526502011545839,False
1995-07-26,0.11755945773914742,0.10686176838800587,False
1995-07-27,0.09518201956931449,0.10687363447553848,False
1995-07-28,0.09628765129906616,0.1109912774696015,False
1995-07-31,0.10163756863373649,0.11094957382247969,False
1995-08-01,0.09975108316875948,0.11292191627330371,False
1995-08-02,0.10534248660394537,0.11362915332909138,False
1995-08-03,0.10309365079059618,0.11411055498171889,False
1995-08-04,0.10495206543808436,0.10797568186260348,False
1995-08-07,0.09305478974838625,0.10531367298432139,False
1995-08-08,0.09984420114759983,0.10506737797884168,False
1995-08-09,0.10012002714890268,0.10436795055621469,False
1995-08-10,0.10026459945346816,0.09845691014811617,False
1995-08-11,0.09331309273693154,0.09890330069373077,False
1995-08-14,0.10082203318729459,0.10205870505634529,False
1995-08-15,0.1117358045717853,0.1015796860702817,False
1995-08-16,0.1165479664896694,0.10135366861862778,False
1995-08-17,0.11073793461254568,0.08068056485602554,False
1995-08-18,0.08419278018377054,0.08034420641833415,False
1995-08-21,0.08410727051741747,0.08175183803534487,False
1995-08-22,0.08150967965243344,0.0735689756400947,False
1995-08-23,0.068273981082365,0.06908085744306582,False
1995-08-24,0.06227699654652184,0.06702476763440841,False
1995-08-25,0.061106373719798816,0.05836815500879781,False
1995-08-28,0.04995764693680291,0.05533403541277991,False
1995-08-29,0.04346957799476256,0.05534392799704866,False
1995-08-30,0.042981014035622725,0.055277359067703626,False
1995-08-31,0.05023124167074097,0.05612511895325152,False
1995-09-01,0.052370176277161506,0.056325889763038255,False
1995-09-05,0.05254116167961873,0.06991122821096306,False
1995-09-06,0.06936242498011096,0.07027166633073222,False
1995-09-07,0.07156297382187678,0.07068401887627043,False
1995-09-08,0.07325865131638157,0.07171434052201216,False
1995-09-11,0.07301069177110685,0.07022837426936618,False
1995-09-12,0.06832374861584756,0.06759198230098701,False
1995-09-13,0.05221479215222153,0.06502104084145188,False
1995-09-14,0.04435151626376041,0.06208738789521947,False
1995-09-15,0.03743481274096165,0.06512182311112547,False
1995-09-18,0.040249328700440117,0.06504178518411433,False
1995-09-19,0.03967694937804746,0.0669659470646529,False
1995-09-20,0.03959510539240485,0.06415752065985111,False
1995-09-21,0.03701024208980941,0.06781620242444653,False
1995-09-22,0.043023961115437194,0.06874446868615174,False
1995-09-25,0.04052067208773228,0.06999580122160211,False
1995-09-26,0.04177020375520867,0.0703492697740039,False
1995-09-27,0.04095086337027725,0.07009654250529321,False
1995-09-28,0.04027254005354223,0.07693400812942218,False
1995-09-29,0.044214467961742554,0.07705741125044019,False
1995-10-02,0.04327184533066948,0.08154757480219349,False
1995-10-03,0.053524636885180145,0.08130190094289583,False
1995-10-04,0.05336079656408257,0.07243796144468971,False
1995-10-05,0.043499050772555156,0.072501108496126,False
1995-10-06,0.03947209383794769,0.07238490895771599,False
1995-10-09,0.03797158428382051,0.07815464979212769,False
1995-10-10,0.04515269250955956,0.07633873125990707,False
1995-10-11,0.04186258593589973,0.08344690049542855,False
1995-10-12,0.04409593843594444,0.08725860701308592,False
1995-10-13,0.04544160682825351,0.08731390368414654,False
1995-10-16,0.038746394429646704,0.08376043737090633,False
1995-10-17,0.04130794593066435,0.08589232374508933,False
1995-10-18,0.0430780293688588,0.0842970972762403,False
1995-10-19,0.0404255196383065,0.08640540242941773,False
1995-10-20,0.05192456768199959,0.08788926771845677,False
1995-10-23,0.049001250436717,0.08711764639599996,False
1995-10-24,0.04786372145307909,0.08607001600286099,False
1995-10-25,0.04525683973086774,0.09409548421989408,False
1995-10-26,0.05808434423970706,0.0952707930908675,False
1995-10-27,0.06645268604990365,0.08809686870256263,False
1995-10-30,0.056754741991192785,0.0912236262051323,False
1995-10-31,0.06040374549142083,0.09070834512566524,False
1995-11-01,0.062177690129678935,0.09139957454838087,False
1995-11-02,0.06447382153711238,0.09339242061565,False
1995-11-03,0.07126265391717394,0.09393135715765906,False
1995-11-06,0.07348039960158718,0.09644132417341747,False
1995-11-07,0.07731877902866206,0.09456192195306604,False
1995-11-08,0.07161331028720345,0.0947487721612171,False
1995-11-09,0.0746908911345021,0.09268188987254478,False
1995-11-10,0.07094048361423756,0.09138509942949216,False
1995-11-13,0.07341423930013953,0.09190104408127385,False
1995-11-14,0.07269661799164728,0.09813572718257241,False
1995-11-15,0.07789754548515719,0.09750053426722155,False
1995-11-16,0.0802991805874775,0.09772215529527689,False
1995-11-17,0.08546539854151022,0.09559659453634586,False
1995-11-20,0.07395410782509043,0.09930451021187402,False
1995-11-21,0.08328214511322075,0.10004138109957245,False
1995-11-22,0.08732124931913245,0.10111966213341425,False
1995-11-24,0.08987279886731268,0.09594176280379921,False
1995-11-27,0.0807308556357399,0.09408407987011681,False
1995-11-28,0.07044097502887664,0.10144840761493856,False
1995-11-29,0.07643077982745157,0.09955530628889482,False
1995-11-30,0.07810350228117774,0.09655788568640691,False
1995-12-01,0.06794779527147857,0.09642039851013186,False
1995-12-04,0.06675045451203321,0.09770009623079308,False
1995-12-05,0.08232436090316356,0.0975308926948908,False
1995-12-06,0.08661855862106635,0.09537455098750823,False
1995-12-07,0.08510965413647081,0.089967267722316,False
1995-12-08,0.08322300611567156,0.08953100542188794,False
1995-12-11,0.08273844202760222,0.0874874771897678,False
1995-12-12,0.0859173337429756,0.08869076754687591,False
1995-12-13,0.0838983637126554,0.08813681700819911,False
1995-12-14,0.08494845726368357,0.08812710809486152,False
1995-12-15,0.08274889700865297,0.08887877120146123,False
1995-12-18,0.0810364231252564,0.10815416500638156,True
1995-12-19,0.11401718938168608,0.11425066230738772,False
1995-12-20,0.10640012937373947,0.11095405925146996,False
1995-12-21,0.10043618556874757,0.11326891802287631,False
1995-12-22,0.1063309905084991,0.1119454523793066,False
1995-12-26,0.1075318373021871,0.11217288894521313,False
1995-12-27,0.111373524990326,0.11220432142139054,False
1995-12-28,0.11265847745915028,0.10581097919446514,False
1995-12-29,0.11094250314799793,0.10579418268095235,False
1996-01-02,0.11094502886980012,0.10751150332866785,False
1996-01-03,0.11290516083969901,0.11181206592860483,False
1996-01-04,0.10843661606399606,0.10683778100067814,False
1996-01-05,0.09328005025327446,0.1050307269488718,False
1996-01-08,0.0864801294253199,0.10486041196889874,False
1996-01-09,0.08816722680095068,0.11934660366597316,True
1996-01-10,0.10183950248078649,0.13150327845195242,True
1996-01-11,0.1479793078322683,0.13722556880706205,False
1996-01-12,0.14418355671416175,0.1367262169086628,False
1996-01-15,0.14421393463660953,0.13876229250224278,False
1996-01-16,0.13815234224216394,0.14671313420129323,False
1996-01-17,0.15044087103970794,0.14651621730617032,False
1996-01-18,0.14650703187691946,0.13622850600481926,False
1996-01-19,0.1263055923379599,0.1313043259644263,False
1996-01-22,0.12687335995678414,0.13221559567860697,False
1996-01-23,0.12798830675508957,0.12987982558362815,False
1996-01-24,0.12433354479825848,0.14139888017119312,False
1996-01-25,0.1456277340740306,0.1422880500711381,False
1996-01-26,0.14331722127505106,0.14432522218805185,False
1996-01-29,0.15042974608008386,0.1448792819937866,False
1996-01-30,0.15289751917096694,0.1463658551315142,False
1996-01-31,0.15167137904811268,0.1469440400580808,False
1996-02-01,0.1582263254920325,0.14411848635342614,False
1996-02-02,0.1607152436054543,0.14317565145623845,False
1996-02-05,0.1641700064509872,0.14498375006964523,False
1996-02-06,0.1682046629378617,0.14599205994983588,False
1996-02-07,0.16801269289167117,0.1286760211250912,False
1996-02-08,0.1488511787654074,0.10508878062382067,False
1996-02-09,0.07943324401008736,0.10326892110516299,False
1996-02-12,0.08330602959692153,0.09970249070698926,False
1996-02-13,0.07556985049139402,0.08505164739343843,False
1996-02-14,0.06510156351063695,0.08447667141028012,False
1996-02-15,0.07055221746194361,0.08651734995865407,False
1996-02-16,0.07793365866218335,0.08871785817114239,False
1996-02-20,0.08956574110641159,0.1002861064578096,False
1996-02-21,0.12640154830092873,0.10169453401215815,False
1996-02-22,0.1318210905952428,0.10919776706155147,False
1996-02-23,0.14217695943480257,0.10217138752927726,False
1996-02-26,0.1475683148494593,0.10858712493251577,False
1996-02-27,0.1606478210265088,0.11394846538857945,False
1996-02-28,0.14977594063455343,0.11455211936333198,False
1996-02-29,0.1481354652048619,0.11617234876013559,False
1996-03-01,0.15156022807232714,0.11357422986327971,False
1996-03-04,0.14016137073089818,0.11921083465326958,False
1996-03-05,0.15847057725094602,0.11966707416675837,False
1996-03-06,0.1563141889569561,0.11883097746487446,False
1996-03-07,0.1590794400985953,0.11605307623682867,False
1996-03-08,0.15804680477711366,0.15116488066770964,True
1996-03-11,0.24876773865669766,0.15329582781158707,False
1996-03-12,0.2496068528709559,0.15257613212660456,False
1996-03-13,0.24987219608390607,0.1529042101311946,False
1996-03-14,0.24795443640172476,0.15300898502050378,False
1996-03-15,0.24164744420600165,0.15581559134656714,False
1996-03-18,0.24082920615358716,0.16910371355072013,False
1996-03-19,0.2695248529433592,0.1695097051705816,False
1996-03-20,0.2650536132059626,0.16635585347178913,False
1996-03-21,0.24962848011765537,0.1636145595011427,False
1996-03-22,0.23829687409850397,0.15637358156853265,False
1996-03-25,0.22371908782851893,0.15620629734018088,False
1996-03-26,0.2253870523515912,0.1518712742331105,False
1996-03-27,0.22057131673817856,0.14876094561751257,False
1996-03-28,0.2216323908020971,0.14837225394548334,False
1996-03-29,0.2222529863187988,0.14573751747537805,False
1996-04-01,0.21914178211286167,0.1466971678323306,False
1996-04-02,0.22239582755693144,0.14115374296153815,False
1996-04-03,0.20902689894791165,0.13980885874701904,False
1996-04-04,0.2114943420584494,0.1373872089509108,False
1996-04-08,0.2089326216307029,0.14701592580111103,False
1996-04-09,0.2322383030630329,0.10585837044911056,False
1996-04-10,0.13752267052479475,0.10981799258532934,False
1996-04-11,0.15028144703140223,0.1100160251216388,False
1996-04-12,0.14969124703359554,0.11111867195319373,False
1996-04-15,0.1551548519131516,0.11182770514262802,False
1996-04-16,0.15924693189259803,0.11002237861186544,False
1996-04-17,0.1577730399865598,0.09046078401548133,False
1996-04-18,0.11556267613594357,0.09068548681723636,False
1996-04-19,0.11940976900553037,0.08988561822527458,False
1996-04-22,0.12396340696006447,0.09236211694657306,False
1996-04-23,0.13237677445239476,0.09220612834672551,False
1996-04-24,0.13272252399178563,0.09203929734603244,False
1996-04-25,0.13282526906733685,0.0936096809250632,False
1996-04-26,0.13404253774531347,0.09257227676630435,False
1996-04-29,0.13220242400641546,0.09248354893852996,False
1996-04-30,0.13159649761466186,0.09197727877368539,False
1996-05-01,0.13079609786014362,0.09100791190580866,False
1996-05-02,0.1310601398586581,0.10599622154550989,False
1996-05-03,0.16399484210175388,0.10598089829297898,False
1996-05-06,0.1635441550576595,0.10585025595384016,False
1996-05-07,0.1614062938575136,0.09570090299782669,False
1996-05-08,0.12942851270190278,0.09955106419235253,False
1996-05-09,0.14121191474137137,0.08831053217857218,False
1996-05-10,0.1153899452954606,0.08902217186171442,False
1996-05-13,0.11909570307051179,0.09223302034014581,False
1996-05-14,0.12453114941086699,0.09326566895173802,False
1996-05-15,0.12670875073144408,0.09309215080281373,False
1996-05-16,0.13144523232350366,0.08959435425444992,False
1996-05-17,0.12643538940405336,0.0914170004622592,False
1996-05-20,0.13183035137477558,0.09106100292953331,False
1996-05-21,0.13195220409898464,0.09077876767525962,False
1996-05-22,0.13183707893418634,0.09165433040287584,False
1996-05-23,0.13702428304374495,0.09239773350572116,False
1996-05-24,0.13976763063658637,0.09122612930229197,False
1996-05-28,0.1374023490636923,0.09414765887965593,False
1996-05-29,0.14419362048205547,0.09521325155755786,False
1996-05-30,0.1495976039982863,0.09676890818854955,False
1996-05-31,0.15502744600492593,0.09690670513474814,False
1996-06-03,0.15776625886009116,0.07745725243863623,False
1996-06-04,0.1123764285709731,0.07911586249508859,False
1996-06-05,0.1126161145891673,0.0791814468627996,False
1996-06-06,0.11688472441375593,0.08373837591981086,False
1996-06-07,0.12493957131532585,0.08217078538165876,False
1996-06-10,0.12126444535936823,0.08234015267329572,False
1996-06-11,0.1268232572275382,0.08016281714870868,False
1996-06-12,0.11951089586627286,0.07332762415168079,False
1996-06-13,0.10526277829960638,0.07175058888675331,False
1996-06-14,0.09913890330552352,0.07581017624415534,False
1996-06-17,0.10983949455999532,0.07583092893218996,False
1996-06-18,0.1137359831826068,0.07799286176448783,False
1996-06-19,0.11204059574228696,0.07790918865082473,False
1996-06-20,0.10895045260517273,0.0777190330035467,False
1996-06-21,0.10753797255432365,0.07571057555797071,False
1996-06-24,0.0981681983217589,0.07995528371647365,False
1996-06-25,0.10682231554061634,0.07903146056065627,False
1996-06-26,0.10501562812376851,0.07883750802826969,False
1996-06-27,0.10058914356951955,0.07927955560204507,False
1996-06-28,0.09384338280369801,0.07898853806643687,False
1996-07-01,0.08907297589896349,0.08713145374076414,False
1996-07-02,0.10618376580343264,0.08719645133483085,False
1996-07-03,0.10287011618786135,0.0845472611575565,False
1996-07-05,0.09593897869735003,0.10256011456783933,True
1996-07-08,0.1573524405120551,0.09975301285982471,False
1996-07-09,0.1529743183224778,0.10031830277185767,False
1996-07-10,0.15834011329910877,0.10038726764670684,False
1996-07-11,0.15711913131448654,0.12790915461972904,True
1996-07-12,0.19072810090170472,0.1281897391342696,False
1996-07-15,0.19131126583782918,0.1589802124984079,True
1996-07-16,0.2615005418413624,0.15850559627263336,False
1996-07-17,0.24146136875018057,0.1650631907676746,False
1996-07-18,0.2327781874121903,0.1710811912657108,False
1996-07-19,0.24366272612048032,0.17118917432351194,False
1996-07-22,0.24316520190379515,0.17182857941695612,False
1996-07-23,0.24720521026855694,0.1749570822296128,False
1996-07-24,0.25085717715548855,0.17133651213786097,False
1996-07-25,0.24319722365690524,0.1766811717870276,False
1996-07-26,0.24194025036434683,0.1846237710043814,True
1996-07-29,0.24530506483185385,0.1844658719580504,True
1996-07-30,0.24784094193509137,0.1843560190701939,True
1996-07-31,0.2510432760367271,0.17935962572931763,True
1996-08-01,0.2415915714868893,0.18927419939611267,True
1996-08-02,0.2683589828130284,0.20470852767927972,True
1996-08-05,0.2974030582997902,0.19449346021932207,True
1996-08-06,0.2616922652212204,0.19542533295367218,True
1996-08-07,0.26484666972065873,0.19881683774821063,True
1996-08-08,0.260930744993309,0.199198854136947,True
1996-08-09,0.26306311337264227,0.17918038166992203,True
1996-08-12,0.2440035865725653,0.17927631958845475,True
1996-08-13,0.2497806540573431,0.14547659007050331,False
1996-08-14,0.1847638463231199,0.14435870463701844,False
1996-08-15,0.1907114248795276,0.142649074415982,False
1996-08-16,0.20570704821603475,0.13758960657626504,False
1996-08-19,0.19025935801301114,0.1349062104120531,False
1996-08-20,0.18650639546232076,0.13324553370738298,False
1996-08-21,0.18337551728298482,0.11845547490717633,False
1996-08-22,0.1607168359171094,0.11752982165673252,False
1996-08-23,0.1628359342133951,0.12112808101155871,False
1996-08-26,0.19186537402920786,0.11794016680120563,False
1996-08-27,0.20270429909775423,0.11138230291062362,False
1996-08-28,0.18384661565750482,0.11176346985918567,False
1996-08-29,0.18599349487490047,0.11730547060454673,False
1996-08-30,0.21167364196410396,0.11236911319478989,False
1996-09-03,0.1974112139688319,0.08915232210277495,False
1996-09-04,0.125296578934554,0.089251953599414,False
1996-09-05,0.12405281422848631,0.09252569066806698,False
1996-09-06,0.1255899061162869,0.09164985084067771,False
1996-09-09,0.14360681793216354,0.0985383951475331,False
1996-09-10,0.1691124229383308,0.0980955133067445,False
1996-09-11,0.1692482302975797,0.09946515644254005,False
1996-09-12,0.17388991123360775,0.09560492451033645,False
1996-09-13,0.16644129722921275,0.10503449115016793,False
1996-09-16,0.19521165168686563,0.10726420467067983,False
1996-09-17,0.2006050234967177,0.10735296370725064,False
1996-09-18,0.20178498365424624,0.10855935963391454,False
1996-09-19,0.20326336450909885,0.10723930640021732,False
1996-09-20,0.1978917874920955,0.10746525346539204,False
1996-09-23,0.20107588134413046,0.1039181731323669,False
1996-09-24,0.19306278352606493,0.09992296777030617,False
1996-09-25,0.17586594529461347,0.09787615558310572,False
1996-09-26,0.16637558762546678,0.09783488979388766,False
1996-09-27,0.16140996260462667,0.0974188961218024,False
1996-09-30,0.15799409418973684,0.09005422418000728,False
1996-10-01,0.129472243537335,0.08245644189938212,False
1996-10-02,0.10546268616228739,0.08423279940113561,False
1996-10-03,0.11020183698782793,0.08491665476628572,False
1996-10-04,0.11407989458765527,0.07301440246440563,False
1996-10-07,0.09354178920168582,0.069984330051173,False
1996-10-08,0.08980124809860711,0.06992144376339773,False
1996-10-09,0.0823257578915828,0.0749383758571155,False
1996-10-10,0.09742947669346953,0.07555010395569003,False
1996-10-11,0.10057092677414152,0.07729778918942741,False
1996-10-14,0.10574311468607242,0.06813555409545098,False
1996-10-15,0.07582726528658094,0.06575004735045614,False
1996-10-16,0.0708900662155796,0.06542305523745295,False
1996-10-17,0.06878571103471308,0.06348988680099138,False
1996-10-18,0.0654198892782428,0.06335551722693956,False
1996-10-21,0.06557053224110351,0.06755509641292216,False
1996-10-22,0.07149469937854173,0.07157231847810798,False
1996-10-23,0.07775506998082728,0.07137970073402033,False
1996-10-24,0.07673984709833147,0.07152620222066375,False
1996-10-25,0.07585424632167194,0.07270862779816328,False
1996-10-28,0.07824993816842543,0.07419568549851631,False
1996-10-29,0.08407833047396815,0.07425091690013112,False
1996-10-30,0.08427108450949819,0.0744664552779222,False
1996-10-31,0.08490896329589462,0.07099169563803681,False
1996-11-01,0.0779651405354502,0.07110347357083367,False
1996-11-04,0.07650735266621578,0.06555085591337587,False
1996-11-05,0.06474882237354401,0.07160738397610646,False
1996-11-06,0.07923634394430462,0.08830128213693729,False
1996-11-07,0.11559861505061607,0.08578894840731337,False
1996-11-08,0.099003496381227,0.08472238849581919,False
1996-11-11,0.09515045618102676,0.0828556097269656,False
1996-11-12,0.08887952922796756,0.08140112550235123,False
1996-11-13,0.08468521705348728,0.07966594490957532,False
1996-11-14,0.07991448661058015,0.08186812078057425,False
1996-11-15,0.08375464380052629,0.08152247272962473,False
1996-11-18,0.08441820154700147,0.08195512733479823,False
1996-11-19,0.08488326507309864,0.07871128588233897,False
1996-11-20,0.08005354767399826,0.07274320944506685,False
1996-11-21,0.07041969362536031,0.07369504422694372,False
1996-11-22,0.06842665881480785,0.08440421449036745,False
1996-11-25,0.07321482877305875,0.08227004760085874,False
1996-11-26,0.07258824977715998,0.08209505298582462,False
1996-11-27,0.05168046942170247,0.08393039898979002,False
1996-11-29,0.06524946909469194,0.08238926188870883,False
1996-12-02,0.07146015733599141,0.08401443290820945,False
1996-12-03,0.0799352400942896,0.08776371881384352,False
1996-12-04,0.0882267202591785,0.09244530845994452,False
1996-12-05,0.10087880386342386,0.09263623816171809,False
1996-12-06,0.09765446536993083,0.08226782996403684,False
1996-12-09,0.08068293907520765,0.08867794847442795,False
1996-12-10,0.09426853113049917,0.08946787319432824,False
1996-12-11,0.0935279207244873,0.09368932835040529,False
1996-12-12,0.10752978711131414,0.09881310628921132,False
1996-12-13,0.12172870181575583,0.10126726195842652,False
1996-12-16,0.12022331243635062,0.10237101156552672,False
1996-12-17,0.11910972088269683,0.10198774393869163,False
1996-12-18,0.11885697957314255,0.10748264345227632,False
1996-12-19,0.12409049935902615,0.11929971594541627,False
1996-12-20,0.16031858504822374,0.1198882181606125,False
1996-12-23,0.16159482424732163,0.12039692662168837,False
1996-12-24,0.16532740535780166,0.10800345381258063,False
1996-12-26,0.15734987222495134,0.10542259181242966,False
1996-12-27,0.15670309660511325,0.10488742393866494,False
1996-12-30,0.15948486805744483,0.10485934206517467,False
1996-12-31,0.15940576604109105,0.10907213359895791,False
1997-01-02,0.16741901838646378,0.11007420038438454,False
1997-01-03,0.16919432353642913,0.1212874226922617,False
1997-01-06,0.18487851744039363,0.12078782977650435,False
1997-01-07,0.18247853848301593,0.12198489752155889,False
1997-01-08,0.18988202570220286,0.12091878560422699,False
1997-01-09,0.18137794957555206,0.11570185522020737,False
1997-01-10,0.17440517807165076,0.11574928582378002,False
1997-01-13,0.17402641837339858,0.11293461597107327,False
1997-01-14,0.1593614900616244,0.11256886310678199,False
1997-01-15,0.15651405293404091,0.10948517828342427,False
1997-01-16,0.1568499768684973,0.10201574262326597,False
1997-01-17,0.14322785409652103,0.10358418328479728,False
1997-01-20,0.14645610773835607,0.10172784244924368,False
1997-01-21,0.14825367268724715,0.09045062226623551,False
1997-01-22,0.11783833027976233,0.09030275603178095,False
1997-01-23,0.11486290361715738,0.09205121224797012,False
1997-01-24,0.11136744722378177,0.09688095536664051,False
1997-01-27,0.1174614754397859,0.09960043222716994,False
1997-01-28,0.1243483184237492,0.0995371606176562,False
1997-01-29,0.12295975212317313,0.09938697193461662,False
1997-01-30,0.12172451267643304,0.0991910364385963,False
1997-01-31,0.11672528254298113,0.09651555178272495,False
1997-02-03,0.1044609884870004,0.09059680918314957,False
1997-02-04,0.09771115105241548,0.09029643045391071,False
1997-02-05,0.09693786369749836,0.10148453544751913,False
1997-02-06,0.11602741701660772,0.09940906611457734,False
1997-02-07,0.11039880068926286,0.10306810747559382,False
1997-02-10,0.12174508541288195,0.10568810802524464,False
1997-02-11,0.11921066683027576,0.10542045951161792,False
1997-02-12,0.12008590937657247,0.1158307904446913,False
1997-02-13,0.13032663937656042,0.11856731592212005,False
1997-02-14,0.1403171723913588,0.11966783076593095,False
1997-02-18,0.1434431934242807,0.11772375371670016,False
1997-02-19,0.13988340772963048,0.11726983238440389,False
1997-02-20,0.1409633115618785,0.12242628123740247,False
1997-02-21,0.15458156484789712,0.12390341598582194,False
1997-02-24,0.16055931878548288,0.12502576350351802,False
1997-02-25,0.16643769934867028,0.1212120171821499,False
1997-02-26,0.15293218248746368,0.12265604247443627,False
1997-02-27,0.16023538915189517,0.13093940370361262,False
1997-02-28,0.17615074611168094,0.13115960452610553,False
1997-03-03,0.17420365080164785,0.12384198080343223,False
1997-03-04,0.1617502636278699,0.12179231917660051,False
1997-03-05,0.16096819674822638,0.12527572361590059,False
1997-03-06,0.1670937118308785,0.12631799046518324,False
1997-03-07,0.1637394996038171,0.11713995740871294,False
1997-03-10,0.145396998984811,0.11933618141241291,False
1997-03-11,0.15010198072235412,0.11609955732431793,False
1997-03-12,0.13907398259548462,0.11750850525658685,False
1997-03-13,0.15324653203524044,0.1278076864523444,False
1997-03-14,0.18302102392165587,0.11184468433713415,False
1997-03-17,0.15859572612781084,0.10492488802038685,False
1997-03-18,0.14133068812408342,0.10805974939247605,False
1997-03-19,0.14507184269476087,0.10596713151345938,False
1997-03-20,0.13881996484492537,0.10586579676260625,False
1997-03-21,0.13894059273555726,0.10317388833119433,False
1997-03-24,0.1359573027953347,0.10593499477727887,False
1997-03-25,0.1388149417069576,0.10131511948087091,False
1997-03-26,0.12866710269511428,0.1014483177477064,False
1997-03-27,0.12855898835274226,0.11521330231718128,True
1997-03-31,0.16462179721930081,0.13180723331007171,True
1997-04-01,0.1901477839941251,0.1329234369295383,False
1997-04-02,0.189034381324111,0.13449229026287113,False
1997-04-03,0.19487740282901672,0.13449999050702896,False
1997-04-04,0.19353490641297538,0.13714512024710312,False
1997-04-07,0.18660185545741442,0.14129504321509676,False
1997-04-08,0.19615640782233326,0.14106972653143257,False
1997-04-09,0.19078512425332186,0.13670169678787436,False
1997-04-10,0.17729050219224418,0.1371094790928998,False
1997-04-11,0.1789644424604368,0.15123880539828577,True
1997-04-14,0.21201841385417433,0.14916283863964455,False
1997-04-15,0.19789208855880894,0.1504377707142057,False
1997-04-16,0.20253553338547592,0.1521961030449157,False
1997-04-17,0.2078809182659199,0.1505213421039749,False
1997-04-18,0.2052627948601037,0.1504088759267317,False
1997-04-21,0.20496432341065543,0.1517275278518926,False
1997-04-22,0.20843852655861828,0.1646462469596045,False
1997-04-23,0.23268828464864508,0.1631314813624994,False
1997-04-24,0.22801435219322938,0.162140604343727,False
1997-04-25,0.22508388479917513,0.16285132973692196,False
1997-04-28,0.22312695310170913,0.1532586264331206,False
1997-04-29,0.19650341221564888,0.15699986233007535,False
1997-04-30,0.2093558548928073,0.15990119958074223,False
1997-05-01,0.21795719412202524,0.15443363605231172,False
1997-05-02,0.20446501462814518,0.16525774458663853,False
1997-05-05,0.2278207648144376,0.1753488321774482,False
1997-05-06,0.2577760805073216,0.17668730159688506,False
1997-05-07,0.2591580162326926,0.1860546072807306,True
1997-05-08,0.27813500104588473,0.18458627946344938,True
1997-05-09,0.27658601819783224,0.1818061771395187,True
1997-05-12,0.2732313058859318,0.1572627551852964,False
1997-05-13,0.2205904642500775,0.15864209932406462,False
1997-05-14,0.23150570787467756,0.15858550647593211,False
1997-05-15,0.23729137514717888,0.1585857244638843,False
1997-05-16,0.24383530670369086,0.16832986845628536,False
1997-05-19,0.26064461725765237,0.16849427279128418,False
1997-05-20,0.268682570235484,0.16487905690801197,False
1997-05-21,0.261099964689124,0.1604113076306626,False
1997-05-22,0.2519528976811277,0.1624822239504592,False
1997-05-23,0.2640188815791976,0.1638769732008157,False
1997-05-27,0.27359766432018545,0.157668558598104,False
1997-05-28,0.2667631768225303,0.15927290717474296,False
1997-05-29,0.2737852701947577,0.14344540018610502,False
1997-05-30,0.2377271533996406,0.1411405437899184,False
1997-06-02,0.23085129301659574,0.14116019736802043,False
1997-06-03,0.2285199130064878,0.1280380817484549,False
1997-06-04,0.19213942651169025,0.10535221698504141,False
1997-06-05,0.14630937161947896,0.10490183399532742,False
1997-06-06,0.14888086157316718,0.09588795489818225,False
1997-06-09,0.12506002614411804,0.09396546270655015,False
1997-06-10,0.12038261316142863,0.09425813701010724,False
1997-06-11,0.117250269746707,0.09294680639544041,False
1997-06-12,0.10687257447809548,0.09700521031379739,False
1997-06-13,0.12001406405357559,0.1009193822825183,False
1997-06-16,0.13050425540010946,0.10054254828390875,False
1997-06-17,0.13276817672810282,0.08656230773341501,False
1997-06-18,0.10792057832951461,0.093347466969774,False
1997-06-19,0.11846320193173876,0.09245634419698961,False
1997-06-20,0.12059182154196005,0.09162085360503154,False
1997-06-23,0.11968778874224491,0.10789092961077103,False
1997-06-24,0.15943087309019247,0.11656952424554454,False
1997-06-25,0.1703349984181413,0.11896310290397653,False
1997-06-26,0.1795099399556062,0.11935623818973431,False
1997-06-27,0.18307818874428267,0.1176219368248139,False
1997-06-30,0.18255108697512432,0.11866674330889385,False
1997-07-01,0.18400068467211736,0.11867708218717749,False
1997-07-02,0.18165490312811944,0.12113128788325421,False
1997-07-03,0.19268971637085386,0.12280266470172993,False
1997-07-07,0.19357129516078728,0.12374615981184979,False
1997-07-08,0.19490679221772542,0.12249930098195437,False
1997-07-09,0.19245236861054754,0.12613686493584733,False
1997-07-10,0.2049550753394597,0.12567177737220206,False
1997-07-11,0.20898895942770843,0.12570274439810697,False
1997-07-14,0.2077269555912482,0.12288956494999685,False
1997-07-15,0.20189285908606142,0.12512778381483355,False
1997-07-16,0.20260107259636173,0.1283744492239142,False
1997-07-17,0.20615258017665042,0.13370167148101467,False
1997-07-18,0.21387031630744105,0.14004557810235554,False
1997-07-21,0.22355455420880457,0.13981042163637328,False
1997-07-22,0.2190207407792491,0.148770149778057,False
1997-07-23,0.2373576246614062,0.13521350668694954,False
1997-07-24,0.20820990311606105,0.12376416167716807,False
1997-07-25,0.18008322880417657,0.12073363618722029,False
1997-07-28,0.16968560853384929,0.1196083713670691,False
1997-07-29,0.16788010876564188,0.12076492524870297,False
1997-07-30,0.1708961678091848,0.11927360133593158,False
1997-07-31,0.17304356394276554,0.1194767059647928,False
1997-08-01,0.17581792859828377,0.12248913433148878,False
1997-08-04,0.17647682371522322,0.11766759268949252,False
1997-08-05,0.16644099347256902,0.11807956975639126,False
1997-08-06,0.1627263945645174,0.11681224761636838,False
1997-08-07,0.1573944264661748,0.11746910247070509,False
1997-08-08,0.15161259315341924,0.1335159203434053,True
1997-08-11,0.19041633528519336,0.1325096359431039,False
1997-08-12,0.18297336899719363,0.13626445847858293,False
1997-08-13,0.1899973706288977,0.12917031046651276,False
1997-08-14,0.17824078417527467,0.12460171632523166,False
1997-08-15,0.17357272500273463,0.1429245833602458,True
1997-08-18,0.22183364542591977,0.14199960717662768,False
1997-08-19,0.21107842094294058,0.145987029507804,False
1997-08-20,0.22153713749322848,0.14083683848752632,False
1997-08-21,0.21013207964531105,0.14721989972766955,False
1997-08-22,0.22960430912771612,0.14656905497260736,False
1997-08-25,0.23540557818425412,0.14657826526249096,False
1997-08-26,0.23647383973822564,0.14836620889599422,False
1997-08-27,0.24230270756948064,0.1464472749719264,False
1997-08-28,0.2326186755695729,0.14703331122142313,False
1997-08-29,0.23216505735778448,0.14697321227408205,False
1997-09-02,0.23442726593240495,0.1700080505185906,False
1997-09-03,0.2904435964677736,0.17018562708903226,False
1997-09-04,0.2950419753270904,0.16830547152423103,False
1997-09-05,0.29788096106787376,0.16667514930806868,False
1997-09-08,0.29307855922226306,0.16585923674374312,False
1997-09-09,0.2931227064594957,0.15599106994843775,False
1997-09-10,0.27296107713637313,0.1675710254345957,True
1997-09-11,0.31204783549628795,0.1656850745805761,False
1997-09-12,0.3099744740428987,0.17104071455450562,False
1997-09-15,0.335441951231865,0.1707618429225395,False
1997-09-16,0.3359818010352871,0.17172087773880088,False
1997-09-17,0.3251160016264252,0.1698453375029838,False
1997-09-18,0.32473053650934053,0.16634694807730457,False
1997-09-19,0.3188736783648404,0.16127920346192703,False
1997-09-22,0.31048748935510945,0.15764944553892796,False
1997-09-23,0.2920798559653623,0.15752683131882667,False
1997-09-24,0.2868511254202488,0.15924985787744542,False
1997-09-25,0.2852208545843789,0.16021246892254448,False
1997-09-26,0.2867043711211674,0.16009684005582672,False
1997-09-29,0.2900760687507233,0.15457608525105282,False
1997-09-30,0.2719755353536081,0.15399120223904839,False
1997-10-01,0.2691902347026528,0.1320824456956931,False
1997-10-02,0.22110614151857433,0.13235260150609354,False
1997-10-03,0.21936773500293816,0.13421694360928038,False
1997-10-06,0.22233519907384833,0.13439334210259296,False
1997-10-07,0.22384089974911084,0.13635532190727154,False
1997-10-08,0.225316455366242,0.13803585626660742,False
1997-10-09,0.22859789478814252,0.12047352936554688,False
1997-10-10,0.19237056572415348,0.1209022165978397,False
1997-10-13,0.19236536631947296,0.11556871005847252,False
1997-10-14,0.18048386492271187,0.11330285258017136,False
1997-10-15,0.17695649749208284,0.08278539974251885,False
1997-10-16,0.1039822401423936,0.09337953412584278,False
1997-10-17,0.11817174109839049,0.10122862268979532,False
1997-10-20,0.13115387426947894,0.10577352629925088,False
1997-10-21,0.14636764686375645,0.11508092316296907,False
1997-10-22,0.1681943402145765,0.11534231007899189,False
1997-10-23,0.1653096593712927,0.13511269411192614,True
1997-10-24,0.2235054725002827,0.1369307130316358,False
1997-10-27,0.22019438696032428,0.25924110045302,True
1997-10-28,0.47414137252887345,0.3017320765171102,True
1997-10-29,0.48901144724322887,0.30195667113765096,True
1997-10-30,0.4825859124098718,0.30586384899591434,True
1997-10-31,0.49244172913691475,0.3079484489660334,True
1997-11-03,0.4957433964401229,0.31882128138625454,True
1997-11-04,0.5128456090660856,0.31806099257565273,True
1997-11-05,0.5119759603374995,0.3161787396222951,True
1997-11-06,0.5090337264097766,0.31673895829874366,True
1997-11-07,0.5085804390339775,0.3195228939030785,True
1997-11-10,0.5127188518737009,0.3195993090757488,True
1997-11-11,0.5100151028640111,0.3194738994910979,True
1997-11-12,0.5052643463414698,0.32474083674385046,True
1997-11-13,0.5118222874854571,0.32756359861481865,True
1997-11-14,0.5132304080896837,0.3303389108211819,True
1997-11-17,0.5132921323263594,0.3363098074342821,True
1997-11-18,0.5244572827134707,0.335923950900499,True
1997-11-19,0.5238177748210769,0.33066652366439225,True
1997-11-20,0.5210527597765349,0.3367854486075044,True
1997-11-21,0.5368596922445538,0.32983484249483314,True
1997-11-24,0.5233951787696141,0.3347025203341884,True
1997-11-25,0.5336762661064611,0.24076507796822416,True
1997-11-26,0.3840447888709469,0.19548667361259692,True
1997-11-28,0.32530184264142514,0.19610600649788193,True
1997-12-01,0.3379949309906668,0.1962355517325794,True
1997-12-02,0.3276523917998256,0.1969348415843635,True
1997-12-03,0.3276227303537493,0.1812263219249251,True
1997-12-04,0.29641465895088476,0.1812286424129459,True
1997-12-05,0.2968064335574738,0.18627901624236393,True
1997-12-08,0.2992562050723802,0.18336979798415892,True
1997-12-09,0.2930780414037882,0.18214959067594058,True
1997-12-10,0.2744800958858106,0.18456132179772813,True
1997-12-11,0.27962570811991705,0.19834428152427555,True
1997-12-12,0.2983297095504228,0.18311423385117162,True
1997-12-15,0.262339330813644,0.18357774931359608,True
1997-12-16,0.2630081765688901,0.17996549604263012,True
1997-12-17,0.2539302107910737,0.1677674801804249,False
1997-12-18,0.218039734126731,0.1670475266179271,False
1997-12-19,0.21276537645591773,0.16661724505900002,False
1997-12-22,0.20964225006386925,0.15638925134573756,False
1997-12-23,0.187185847211305,0.1599105569888084,False
1997-12-24,0.19000937347297933,0.14703507296470264,False
1997-12-26,0.16612759932800464,0.1473426816272697,False
1997-12-29,0.16821919111356443,0.1550725229847444,False
1997-12-30,0.19188652220415695,0.16206317033972392,False
1997-12-31,0.20524691488202051,0.14506216499384472,False
1998-01-02,0.17599431188314152,0.14674959071868857,False
1998-01-05,0.17425416309851907,0.1464652682066035,False
1998-01-06,0.16830887344154102,0.15263899361997124,False
1998-01-07,0.17450255939812365,0.14531799721824554,False
1998-01-08,0.1612210387822627,0.14687724591147835,False
1998-01-09,0.16548141300354058,0.16882423162066526,True
1998-01-12,0.2202541644365708,0.17112312989315068,False
1998-01-13,0.21888161278907092,0.16507169489992665,False
1998-01-14,0.20825261915921112,0.16580139466081148,False
1998-01-15,0.21199099267229068,0.16508198152417572,False
1998-01-16,0.20991721052684653,0.1644012090030226,False
1998-01-20,0.21457501721444616,0.17464447415449283,False
1998-01-21,0.23283531092797746,0.1725689609506571,False
1998-01-22,0.22986516777821447,0.17474094099566234,False
1998-01-23,0.23089220327126556,0.17474568012814015,False
1998-01-26,0.2340544754231439,0.16946045774487872,False
1998-01-27,0.22788151046238528,0.1704383948004707,False
1998-01-28,0.2259507038708871,0.17746003783859382,False
1998-01-29,0.22861836827387813,0.17345283358085714,False
1998-01-30,0.21647871114417708,0.1664422219002692,False
1998-02-02,0.1971669214931327,0.18173553684628344,True
1998-02-03,0.22994620951432063,0.18119710816760212,True
1998-02-04,0.23141220138620747,0.1812497941904094,True
1998-02-05,0.2413644099543261,0.17539470167238236,False
1998-02-06,0.23679263192648195,0.17401735600538337,False
1998-02-09,0.2451184775699767,0.1716078524753928,False
1998-02-10,0.24464056476779453,0.13267690416621422,False
1998-02-11,0.16439836273414687,0.13187972183738214,False
1998-02-12,0.16306698704064118,0.12836196047283777,False
1998-02-13,0.16586443727299008,0.12889993515890022,False
1998-02-17,0.17046369897778416,0.12181838337449229,False
1998-02-18,0.14449861559077987,0.12225626545819125,False
1998-02-19,0.1476527391754786,0.11550072569039634,False
1998-02-20,0.14220528754711673,0.11193788401527692,False
1998-02-23,0.13675580925989636,0.10361981845118744,False
1998-02-24,0.12356864232857924,0.10648236931366765,False
1998-02-25,0.12706198613154973,0.11116753710220093,False
1998-02-26,0.13928010583468686,0.11193901189328699,False
1998-02-27,0.1432683540021493,0.10841893365510939,False
1998-03-02,0.14208547347706155,0.109003143453702,False
1998-03-03,0.13986697269098428,0.1081391813549018,False
1998-03-04,0.14055516001115764,0.09064754421741252,False
1998-03-05,0.0951456092258149,0.09772119483811678,False
1998-03-06,0.11180318740305109,0.1076673814840985,False
1998-03-09,0.13950381330546774,0.10933268205778367,False
1998-03-10,0.13524063223499083,0.11251488437077159,False
1998-03-11,0.143381300586427,0.11176344206254701,False
1998-03-12,0.1395552713179092,0.10857614238911324,False
1998-03-13,0.13023975436777496,0.10874996847541181,False
1998-03-16,0.13067833609043572,0.10946774624225425,False
1998-03-17,0.13059035713965816,0.10901815526604323,False
1998-03-18,0.12701655791779867,0.10915927968093542,False
1998-03-19,0.13038291495929238,0.10825538122216616,False
1998-03-20,0.12774658472724273,0.10670581381586466,False
1998-03-23,0.12085059732656568,0.10739894680441328,False
1998-03-24,0.12061424409455153,0.10766196604646,False
1998-03-25,0.12703123487302445,0.10185085056468673,False
1998-03-26,0.11363315880079503,0.09343575061904551,False
1998-03-27,0.10017688239836209,0.09396561676705524,False
1998-03-30,0.110736937847311,0.09390623398966093,False
1998-03-31,0.11533131171668985,0.09385926717941777,False
1998-04-01,0.11525621189339275,0.0975261404359644,False
1998-04-02,0.1181406542836996,0.09595722428534703,False
1998-04-03,0.1109717161557156,0.08554950301580364,False
1998-04-06,0.09154159037425605,0.07788022208784141,False
1998-04-07,0.07279774631943832,0.08499196026507609,False
1998-04-08,0.09146037708506535,0.08434316759626459,False
1998-04-09,0.09238554717785845,0.08304931781245097,False
1998-04-13,0.09235599468957616,0.08384536800804634,False
1998-04-14,0.09389856474790984,0.08730629936418972,False
1998-04-15,0.09959166937283304,0.08628861712964453,False
1998-04-16,0.09246494990354036,0.09543538368612356,False
1998-04-17,0.10853130946215783,0.09959677194948299,False
1998-04-20,0.11747442435676937,0.09973001823894917,False
1998-04-21,0.11678241114929032,0.09918975162492147,False
1998-04-22,0.11198578709421636,0.09917616857078959,False
1998-04-23,0.11119831005784211,0.10726597300195016,False
1998-04-24,0.11787342252672252,0.10890555801820562,False
1998-04-27,0.11944887842637744,0.12961764087546246,True
1998-04-28,0.16349497943072777,0.12880297959466916,False
1998-04-29,0.1573095345239595,0.12985301473220864,False
1998-04-30,0.16228222218239302,0.1435568332428887,False
1998-05-01,0.19456241411357303,0.14023424733101386,False
1998-05-04,0.19267223117523777,0.13744991591973743,False
1998-05-05,0.19140519850328763,0.13851164998290583,False
1998-05-06,0.19379633731287532,0.13976539268681468,False
1998-05-07,0.20354879470543386,0.1381736232867556,False
1998-05-08,0.20791990245125472,0.14165857307760205,False
1998-05-11,0.22006005065381246,0.1425369793708921,False
1998-05-12,0.21605942006947476,0.14309443718085846,False
1998-05-13,0.2181936471137865,0.14038265927699783,False
1998-05-14,0.21542238068038155,0.14078420781597809,False
1998-05-15,0.22096573097449906,0.1412669373424374,False
1998-05-18,0.21811499557340783,0.13652680992277447,False
1998-05-19,0.20663187642869618,0.13625950268478787,False
1998-05-20,0.21019720420138363,0.13502930874804178,False
1998-05-21,0.20602252194639173,0.1343810679820474,False
1998-05-22,0.21154071862665716,0.12957848414336134,False
1998-05-26,0.20873227770330174,0.1350199638315424,False
1998-05-27,0.22115845883652907,0.11864123947542456,False
1998-05-28,0.17675410192958455,0.12141824905014688,False
1998-05-29,0.18673377573618702,0.12054015611933463,False
1998-06-01,0.1756203498968521,0.09849154555495773,False
1998-06-02,0.11748507008445006,0.09723026873086772,False
1998-06-03,0.11552451180161191,0.0965338087142389,False
1998-06-04,0.11672568304439052,0.10271725570388254,False
1998-06-05,0.12457886192048655,0.11387370369075381,False
1998-06-08,0.15637177400258578,0.11063752255890603,False
1998-06-09,0.14437816139677148,0.10178854303534458,False
1998-06-10,0.12305820194764983,0.10728221045903705,False
1998-06-11,0.13271011595785273,0.11255910145084781,False
1998-06-12,0.14971502335816697,0.11145368151148201,False
1998-06-15,0.14619132665030965,0.12048568946581324,True
1998-06-16,0.17169317813352436,0.12407739768810562,False
1998-06-17,0.1726832928146396,0.1339937995966499,False
1998-06-18,0.19785714827193723,0.13305879382805022,False
1998-06-19,0.19446394943707468,0.1344805460226043,False
1998-06-22,0.20064572032559772,0.13521167951656574,False
1998-06-23,0.19784450797532405,0.13874261359653112,False
1998-06-24,0.2029237246053108,0.14026223139785696,False
1998-06-25,0.19819218022569254,0.1395932052264404,False
1998-06-26,0.19653720997026952,0.13907831917675076,False
1998-06-29,0.19364865307761542,0.13780717384573044,False
1998-06-30,0.1963214147829037,0.13840001987077072,False
1998-07-01,0.1937996922947478,0.143532058485668,False
1998-07-02,0.1945111855849128,0.13974108159420565,False
1998-07-06,0.18787678181577103,0.1381527720248252,False
1998-07-07,0.18719194959698174,0.13129048544189034,False
1998-07-08,0.1684821654493234,0.13221352687733695,False
1998-07-09,0.1672208254732007,0.13480103823858222,False
1998-07-10,0.17111521457136597,0.1269736368406837,False
1998-07-13,0.16132083975739842,0.1162651634226762,False
1998-07-14,0.14579620014719955,0.11628824447459789,False
1998-07-15,0.14551615744712118,0.09698663489625783,False
1998-07-16,0.1050837217534629,0.09433152176067772,False
1998-07-17,0.10503440635966164,0.08683968927303708,False
1998-07-20,0.08803561120707182,0.08700419095422042,False
1998-07-21,0.08755773745949628,0.09040309581270613,False
1998-07-22,0.08900713768363716,0.09292965162966949,False
1998-07-23,0.08826555184051586,0.12036692213001977,True
1998-07-24,0.130713835805577,0.11138124620591418,False
1998-07-27,0.11747819053474724,0.11098867638377348,False
1998-07-28,0.11569950403787362,0.11454427068097785,False
1998-07-29,0.12083406493165098,0.1134454780412562,False
1998-07-30,0.11551218625933894,0.12464899870234897,False
1998-07-31,0.13986240344511117,0.13364628876493878,True
1998-08-03,0.1672638064791731,0.13439656242687945,False
1998-08-04,0.16371770243329276,0.1647338893023599,True
1998-08-05,0.2143345620367187,0.16509650797842182,False
1998-08-06,0.20851076801412222,0.16480021770938613,False
1998-08-07,0.20539539025167283,0.1674161707186329,False
1998-08-10,0.20491809924475557,0.16683555927284213,False
1998-08-11,0.2017685702560424,0.17397781062222223,True
1998-08-12,0.2138643882318798,0.17880867577403559,True
1998-08-13,0.22446633108232633,0.17967977141084576,True
1998-08-14,0.22992116888324152,0.17701263302326273,False
1998-08-17,0.2210668844007411,0.1936202271690857,True
1998-08-18,0.2540032527035918,0.20739819802122644,True
1998-08-19,0.27794202929654777,0.20653247850224296,True
1998-08-20,0.2778219024714492,0.20761870454443224,True
1998-08-21,0.2802759230837083,0.1993736114934661,True
1998-08-24,0.264181699216752,0.20031451359463337,True
1998-08-25,0.26975511272329983,0.199600202537969,True
1998-08-26,0.2702198015195657,0.20062796772729355,True
1998-08-27,0.2648172779107608,0.23728920808815052,True
1998-08-28,0.32357745170124846,0.22767719510197845,True
1998-08-31,0.30166246101972294,0.28862476896854145,True
1998-09-01,0.3625501456414522,0.3242013586714035,True
1998-09-02,0.3820014267333148,0.311774699076227,True
1998-09-03,0.35091401029317465,0.3111699301755159,True
1998-09-04,0.34661956129599714,0.308992303688718,True
1998-09-08,0.33903578048618865,0.3569882659162185,True
1998-09-09,0.407579380059919,0.3597403865995775,True
1998-09-10,0.403122630495218,0.36259215407036705,True
1998-09-11,0.4015241684621611,0.3757973446866796,True
1998-09-14,0.4044521450888052,0.38086311142847545,True
1998-09-15,0.4092010845604662,0.3809905454179196,True
1998-09-16,0.4099408264655342,0.3756808289755908,True
1998-09-17,0.40159790020889136,0.37501452565953214,True
1998-09-18,0.4045237221379819,0.3754898436405748,True
1998-09-21,0.4022799182852098,0.3754952846664481,True
1998-09-22,0.3982592057474586,0.37483643019967094,True
1998-09-23,0.3961924163273468,0.3947502781202077,True
1998-09-24,0.41428094381856573,0.3983001535599141,True
1998-09-25,0.4143768781340535,0.39716031806621915,True
1998-09-28,0.4112061014563749,0.3715903507984283,True
1998-09-29,0.378992151008872,0.36875296004485264,True
1998-09-30,0.3801130978324876,0.3135494411391395,True
1998-10-01,0.318871804851215,0.3154729804480879,True
1998-10-02,0.335522991551988,0.32541786736344946,True
1998-10-05,0.35372638891972463,0.3271247662488191,True
1998-10-06,0.35423307150959166,0.32694555671343223,True
1998-10-07,0.35608520158662244,0.28550673553847733,True
1998-10-08,0.28732797446776726,0.28087226938489707,True
1998-10-09,0.2794400619879309,0.282116674004364,True
1998-10-12,0.2513408671112108,0.2716574505859478,True
1998-10-13,0.23169653092323322,0.26598888019274236,True
1998-10-14,0.22252481547849007,0.26821936971070914,True
1998-10-15,0.22097783754985958,0.28956481079989355,True
1998-10-16,0.24512000551085483,0.278729277214782,True
1998-10-19,0.21836629965631082,0.2816963195131644,True
1998-10-20,0.21964938596204406,0.2816967713105562,True
1998-10-21,0.2190007098133233,0.2816902481999267,True
1998-10-22,0.21292281212189815,0.2622909664797634,True
1998-10-23,0.1850402013552983,0.25368936902126527,True
1998-10-26,0.17495106931076648,0.25395639281731436,True
1998-10-27,0.17486327103384078,0.2572646459781991,True
1998-10-28,0.17915501583232288,0.2577731946593822,True
1998-10-29,0.17972589655304597,0.24057465335332703,True
1998-10-30,0.15706763888448175,0.20024723385955737,True
1998-11-02,0.11725927364461368,0.19263045261883002,True
1998-11-03,0.10603887886564513,0.1819980233687156,True
1998-11-04,0.10232576620391859,0.1805894231590325,True
1998-11-05,0.10109546767490207,0.16394068053988345,False
1998-11-06,0.09529037955075838,0.1520529343798395,False
1998-11-09,0.0860622514676172,0.15846938616213924,False
1998-11-10,0.10722883376774937,0.1590372447125264,False
1998-11-11,0.11063100799232611,0.15942630615402992,False
1998-11-12,0.11992880799053846,0.15962843129746299,False
1998-11-13,0.12300969312921929,0.13050050120116063,False
1998-11-16,0.07917718491669251,0.127748783832641,False
1998-11-17,0.0818894405617147,0.1237752242322926,False
1998-11-18,0.08235044788421535,0.12417142761736456,False
1998-11-19,0.08574007127609541,0.12432817424694594,False
1998-11-20,0.08966559245288977,0.12245385974672895,False
1998-11-23,0.09247279099251948,0.12917420258254297,False
1998-11-24,0.09806432174084494,0.13437782748494714,False
1998-11-25,0.11086650622337242,0.12627200757510076,False
1998-11-27,0.10496848662780833,0.12585743544465536,False
1998-11-30,0.10722431895248918,0.15078583651998168,True
1998-12-01,0.1536292028828761,0.144566100418105,False
1998-12-02,0.14183543479140553,0.13906403749253313,False
1998-12-03,0.13261863756381342,0.15010366177394138,False
1998-12-04,0.15273830954063367,0.1569850963404702,False
1998-12-07,0.17382156499883022,0.15558092501620174,False
1998-12-08,0.16896411392292748,0.15584732348775499,False
1998-12-09,0.16817835293953118,0.1513217156585865,False
1998-12-10,0.1585952619729565,0.1685099982187644,True
1998-12-11,0.19323409262083144,0.16716345782709627,False
1998-12-14,0.1860608851411567,0.17340013631160567,False
1998-12-15,0.18916092961241918,0.17885361441428863,True
1998-12-16,0.19654940108384514,0.17782272274897543,False
1998-12-17,0.19184871690593544,0.18657260834885916,True
1998-12-18,0.20648764227310945,0.18680457354425914,True
1998-12-21,0.20253492280692145,0.18693767675778566,True
1998-12-22,0.19726132562772328,0.18434113897699025,True
1998-12-23,0.18710412148419864,0.1771504485585763,False
1998-12-24,0.18083709354303923,0.17613930958783697,False
1998-12-28,0.1952520312553627,0.17631039604750656,False
1998-12-29,0.19130417617403855,0.17706769770079298,False
1998-12-30,0.18864545738620142,0.15802752796955985,False
1998-12-31,0.1650867945648047,0.15782377221636015,False
1999-01-04,0.16386950424740057,0.15770152173260685,False
1999-01-05,0.16182401256906964,0.15089922717948973,False
1999-01-06,0.14599794056395962,0.15297434982984226,False
1999-01-07,0.15026048163631897,0.15489237526944302,False
1999-01-08,0.15294697065377544,0.1525945214797804,False
1999-01-11,0.14537488675944435,0.15141294309341985,False
1999-01-12,0.14745714122253495,0.14544873280681922,True
1999-01-13,0.14470265607912194,0.15207033495123365,False
1999-01-14,0.149832710563896,0.1614070251356268,True
1999-01-15,0.1650588491410822,0.16734551703413666,False
1999-01-19,0.17230551165454389,0.16783263667229506,False
1999-01-20,0.16838884196027049,0.16042081708178027,False
1999-01-21,0.15864311285912053,0.1691622018083344,False
1999-01-22,0.16784729014389552,0.1702703733548271,False
1999-01-25,0.16788299990604746,0.1716852254785185,False
1999-01-26,0.16985854330471975,0.17121779835357293,False
1999-01-27,0.15797692453320605,0.17484196668888904,False
1999-01-28,0.1599501086727011,0.1815903942907766,True
1999-01-29,0.16732254850231668,0.18388621722294143,True
1999-02-01,0.16377050937059962,0.18336367292978897,True
1999-02-02,0.15939244919507356,0.18416434773833146,True
1999-02-03,0.16076362947035883,0.18457503578390674,True
1999-02-04,0.16994938361967668,0.18463539787243732,True
1999-02-05,0.17002830585261655,0.16897380071603596,False
1999-02-08,0.13916113205679068,0.16950822900667273,False
1999-02-09,0.1405739267397246,0.1801348973155538,True
1999-02-10,0.1561845492283005,0.1803044207567695,True
1999-02-11,0.15611708627092558,0.1817297694800536,True
1999-02-12,0.14664141330625707,0.1838870318249108,True
1999-02-16,0.1580806234035556,0.17218210504881176,False
1999-02-17,0.14581055178214083,0.16159941294709582,False
1999-02-18,0.12793993969303985,0.16401088373380374,False
1999-02-19,0.13755543924636185,0.16406762911515652,False
1999-02-22,0.1379171229220802,0.1690058819135935,False
1999-02-23,0.15054493167905755,0.16591141519273508,False
1999-02-24,0.14488114556618667,0.1682496021383321,False
1999-02-25,0.14971826999023866,0.16629005759292576,False
1999-02-26,0.15306355994870394,0.16414338135916906,False
1999-03-01,0.14950279100813263,0.1563603120017748,False
1999-03-02,0.14124270264974528,0.15332208156473118,False
1999-03-03,0.13863022998002153,0.15324783109602233,False
1999-03-04,0.14267379210769857,0.1636189655306799,False
1999-03-05,0.16519229816115213,0.1792529729008733,True
1999-03-08,0.19582872611128985,0.17253022681191352,False
1999-03-09,0.1861293783488085,0.17434262891462696,False
1999-03-10,0.1988851202604384,0.17931578139967438,True
1999-03-11,0.20725714472549012,0.1621944584349282,False
1999-03-12,0.1836202434289052,0.16467007994172006,False
1999-03-15,0.18670652333337076,0.15726755918679766,False
1999-03-16,0.17947857984856053,0.1484572413406686,False
1999-03-17,0.16422018293258392,0.14783161808817594,False
1999-03-18,0.16293399340240075,0.14196874306081458,False
1999-03-19,0.1550636114512269,0.14751996575515675,False
1999-03-22,0.16073838476398206,0.14767289920002094,False
1999-03-23,0.16126903474013365,0.15568819556432634,True
1999-03-24,0.18204768601298144,0.15627726532954056,False
1999-03-25,0.18650950605028288,0.1573925903083256,False
1999-03-26,0.18300816975831036,0.1555844973369516,False
1999-03-29,0.181132640658807,0.1624460642850131,False
1999-03-30,0.19778128393061317,0.17105887895531655,False
1999-03-31,0.21574505945627742,0.16973209517036622,False
1999-04-01,0.21690897387243424,0.16967242103135627,False
1999-04-05,0.21393166565707172,0.16653666955096574,False
1999-04-06,0.20742034908588503,0.15386272929441042,False
1999-04-07,0.18249923587331296,0.153568443365129,False
1999-04-08,0.17893475902538164,0.15447592054452908,False
1999-04-09,0.17871692803384426,0.14957652534087384,False
1999-04-12,0.17218674791651356,0.14916364047601655,False
1999-04-13,0.16916762388331902,0.14879891825682912,False
1999-04-14,0.17115571536398858,0.14817826629234646,False
1999-04-15,0.15587574013708863,0.1537403800184131,False
1999-04-16,0.15155240619154103,0.1552340134270145,False
1999-04-19,0.1553799110344087,0.15701687945835555,False
1999-04-20,0.14171012253336873,0.15211422878074302,False
1999-04-21,0.12742491768398231,0.16050994049231634,False
1999-04-22,0.13074551670918114,0.13620786527458367,False
1999-04-23,0.09150588734054572,0.13639957324286903,False
1999-04-26,0.0935057456155173,0.13367629906857162,False
1999-04-27,0.090648825064471,0.1305464404128843,False
1999-04-28,0.08252668546198354,0.12140896680127337,False
1999-04-29,0.07128847204301104,0.10784655361438754,False
1999-04-30,0.054385774390514834,0.10561630896653129,False
1999-05-03,0.05011804758388449,0.10987851447475853,False
1999-05-04,0.05893863494479623,0.11172456211450825,False
1999-05-05,0.06350893908333682,0.1047724605498556,False
1999-05-06,0.05214493052911225,0.11400591556540732,False
1999-05-07,0.06324879151218556,0.11243589360157592,False
1999-05-10,0.061967273631696435,0.11216634617292992,False
1999-05-11,0.06265763127725732,0.11410388357234437,False
1999-05-12,0.06262973930130589,0.11087386533003847,False
1999-05-13,0.05686456262892691,0.11076540176754003,False
1999-05-14,0.05711098400909438,0.12364520287023545,True
1999-05-17,0.08094001335275203,0.1222348395170442,False
1999-05-18,0.0773296834590229,0.11862015496804065,False
1999-05-19,0.08537978744784748,0.12100928334476595,False
1999-05-20,0.09390350444090871,0.11022962444778996,False
1999-05-21,0.08331538470495467,0.1083241321382957,False
1999-05-24,0.08345377906361244,0.1210332440801991,False
1999-05-25,0.09549382337373137,0.12871336622729984,False
1999-05-26,0.10635299752550018,0.13071768098225733,False
1999-05-27,0.11016637593906238,0.13930391332636924,False
1999-05-28,0.12878815064791285,0.1461890078997003,False
1999-06-01,0.14120050265439169,0.14607744751833845,False
1999-06-02,0.13788800589485367,0.13916916580781905,False
1999-06-03,0.1198529531475123,0.13682789228397196,False
1999-06-04,0.11341688345275173,0.1468682607286834,False
1999-06-07,0.131903235816139,0.14386264615914585,False
1999-06-08,0.13305220048434074,0.1459315142939667,False
1999-06-09,0.13814801614953867,0.14581884775661458,False
1999-06-10,0.13866465607993989,0.1426192481545098,False
1999-06-11,0.13529225667676267,0.14296941086686826,False
1999-06-14,0.14059520000680722,0.14071723594383875,False
1999-06-15,0.14105464890157784,0.13110071252187927,False
1999-06-16,0.12421815981230899,0.14841906781902892,False
1999-06-17,0.14326957611443294,0.14869070841899779,False
1999-06-18,0.1488994452962419,0.14581076318137495,False
1999-06-21,0.14559789155915392,0.14582163681408702,False
1999-06-22,0.146193544002875,0.1491638147442772,False
1999-06-23,0.1544019278486848,0.13933388194605353,False
1999-06-24,0.14387976044452813,0.1403119222815092,False
1999-06-25,0.15397316243571113,0.13683129481047948,False
1999-06-28,0.15114274981901799,0.1296683774694277,False
1999-06-29,0.13457765002816094,0.13263206032904967,False
1999-06-30,0.13685494324528225,0.13878268413876588,False
1999-07-01,0.14068591613556106,0.13895333119373768,False
1999-07-02,0.13523121671382482,0.13843475307422043,False
1999-07-06,0.13918517335881325,0.12793934494244408,False
1999-07-07,0.1204721932624227,0.12926592066967071,False
1999-07-08,0.11914626614674091,0.12422777868517514,False
1999-07-09,0.1091018070459612,0.12466090710794862,False
1999-07-12,0.10918822948520024,0.12332432668127762,False
1999-07-13,0.10428292352986164,0.11868386658809787,False
1999-07-14,0.09894767388807064,0.1185669973165156,False
1999-07-15,0.10185059662326439,0.12074565874748193,False
1999-07-16,0.10292317845487944,0.10477913306025037,False
1999-07-19,0.0863095716249454,0.10925238864656497,False
1999-07-20,0.09605244941048441,0.12050363225981281,False
1999-07-21,0.11179160152245925,0.12093586053017003,False
1999-07-22,0.11627471247631678,0.11983512996124326,False
1999-07-23,0.11091252763035711,0.11974796383412792,False
1999-07-26,0.11328589942724343,0.11081750601448107,False
1999-07-27,0.0961836623027142,0.11216638154771029,False
1999-07-28,0.09604021652881246,0.10837749028747042,False
1999-07-29,0.09024333346323059,0.11321853517443321,True
1999-07-30,0.09965321144658792,0.10115920680031239,False
1999-08-02,0.08676173621753523,0.10147164920374335,False
1999-08-03,0.09180235139971105,0.10302032764208524,False
1999-08-04,0.09034266923810601,0.10484435947166261,False
1999-08-05,0.09596550557816583,0.10767753892834606,False
1999-08-06,0.10822436438473586,0.10806880668468966,False
1999-08-09,0.1150575326275423,0.10765407936627389,False
1999-08-10,0.10891865745538626,0.11114728803123881,False
1999-08-11,0.11302135923080407,0.12789447970583448,False
1999-08-12,0.12669571722913495,0.12715247636395333,False
1999-08-13,0.12150833232239461,0.13407417880755898,False
1999-08-16,0.1369596138151227,0.13384384535826135,False
1999-08-17,0.13586550514912216,0.133526218545996,False
1999-08-18,0.13713765451034093,0.13123907986143035,False
1999-08-19,0.13760068432932832,0.13043987278623384,False
1999-08-20,0.1365165412070578,0.1332536167177817,False
1999-08-23,0.1499534474005283,0.13931253129163193,False
1999-08-24,0.16013233440258146,0.137409905008429,False
1999-08-25,0.15484993929189264,0.13677996170245413,False
1999-08-26,0.15140189956312008,0.1427143968234454,False
1999-08-27,0.16727598713245503,0.13005361668216978,False
1999-08-30,0.14976858389084513,0.14234373483101828,True
1999-08-31,0.17792533801748714,0.1423815937877765,False
1999-09-01,0.17817410729609004,0.14066102210799547,False
1999-09-02,0.17958750517400326,0.14331025078134527,False
1999-09-03,0.1840764733566523,0.16419066153206407,False
1999-09-07,0.2259214211885669,0.16382282728737743,False
1999-09-08,0.21879584958549708,0.1646580638058581,False
1999-09-09,0.22001104244963185,0.16073833776896204,False
1999-09-10,0.20764995261050923,0.1509407457384088,False
1999-09-13,0.20087085937086138,0.15125002534871004,False
1999-09-14,0.20562228277241804,0.1433230831839115,False
1999-09-15,0.19637657681207013,0.1451616298729918,False
1999-09-16,0.19528151306021208,0.144338839912858,False
1999-09-17,0.19389647652864217,0.1437648960914847,False
1999-09-20,0.1883534376797535,0.14379943999472547,False
1999-09-21,0.18872161050031508,0.15121128662627603,True
1999-09-22,0.20396320326890055,0.14274771854357063,False
1999-09-23,0.18686800338605375,0.15454358492927425,True
1999-09-24,0.20761581533701862,0.15161459851927855,False
1999-09-27,0.19873701094854118,0.15241335766927475,False
1999-09-28,0.20113890726489853,0.1525443461623118,False
1999-09-29,0.19989986532216703,0.14628151398215025,False
1999-09-30,0.18200050113484706,0.14924898759722227,False
1999-10-01,0.18875870528510555,0.14861412465764468,False
1999-10-04,0.17664947876469902,0.15488585037375746,False
1999-10-05,0.1903736987344838,0.12314532217781773,False
1999-10-06,0.1177552022337859,0.14200040772710223,False
1999-10-07,0.16435873930890718,0.14607067182067596,False
1999-10-08,0.17526674557176017,0.14880548444860847,False
1999-10-11,0.18272572708100976,0.14949931844864595,False
1999-10-12,0.1813798814641312,0.1592147915405201,True
1999-10-13,0.1956254671262242,0.16692794980839928,True
1999-10-14,0.20592607946672956,0.16743254172274355,False
1999-10-15,0.20463333178658719,0.1819900167405429,True
1999-10-18,0.23252317053612148,0.177264931801174,False
1999-10-19,0.2228891621193527,0.1785580388994778,True
1999-10-20,0.2149326401572827,0.17824570882708776,True
1999-10-21,0.1991448952437252,0.1787987926453552,True
1999-10-22,0.19584776969485088,0.1707671783381132,False
1999-10-25,0.18017177495908013,0.17016564845011004,False
1999-10-26,0.1792727153576169,0.16978734498531484,False
1999-10-27,0.17668663328055192,0.17260134445570954,False
1999-10-28,0.17814212309714342,0.19252063614140938,True
1999-10-29,0.20140493300113016,0.19929126185880183,True
1999-11-01,0.20930820580358833,0.20054315999827732,True
1999-11-02,0.21331281414386993,0.1970088028747221,True
1999-11-03,0.20590688777196617,0.1963983973100791,True
1999-11-04,0.20359598822569627,0.18786464071244713,True
1999-11-05,0.18656647207263669,0.1817843638651585,True
1999-11-08,0.17349478283471773,0.18086033256456813,True
1999-11-09,0.17099577816038364,0.1840708748140862,True
1999-11-10,0.1767250466441825,0.1708088205810193,False
1999-11-11,0.15342534150148174,0.1556265723976675,False
1999-11-12,0.13270088297597787,0.15715432865908702,False
1999-11-15,0.13398362029796385,0.12779311532110574,False
1999-11-16,0.08984162312064557,0.13083668973768262,False
1999-11-17,0.09818560189289853,0.1310628159406807,False
1999-11-18,0.1015447555220959,0.1298770617908319,False
1999-11-19,0.10104321748291938,0.13293692102946267,False
1999-11-22,0.10875565645721588,0.13599538726308433,False
1999-11-23,0.11274505138849843,0.1445136194860831,False
1999-11-24,0.124356695346116,0.1421895678787853,False
1999-11-26,0.11931317905102067,0.1421735818311575,False
1999-11-29,0.1237725710626446,0.12081359962195354,False
1999-11-30,0.09053185358518247,0.10661924754925489,False
1999-12-01,0.07120332183599291,0.10523723537701626,False
1999-12-02,0.06939265623785543,0.10668038466338264,False
1999-12-03,0.07224719508375842,0.1166422904118885,False
1999-12-06,0.09274997889177922,0.12206963638313441,False
1999-12-07,0.10596507870852752,0.12846526038428938,False
1999-12-08,0.11696405477235988,0.12993198454997132,False
1999-12-09,0.12027923389470084,0.12848837779261063,False
1999-12-10,0.11485866499054692,0.12857351892015262,False
1999-12-13,0.11229357301271418,0.12835163364461133,False
1999-12-14,0.11157563305802903,0.12491349634113334,False
1999-12-15,0.10956873987510042,0.1277455959846268,False
1999-12-16,0.11226445644631575,0.11721024134868463,False
1999-12-17,0.09041576631078226,0.11763873098564404,False
1999-12-20,0.09059574078815442,0.10829746306361251,False
1999-12-21,0.08234995812473489,0.11495465850592566,False
1999-12-22,0.08608240790148897,0.11367534775171735,False
1999-12-23,0.08405146881565859,0.12024769572181798,False
1999-12-27,0.1019413336339093,0.12030891351150821,False
1999-12-28,0.10012874304940181,0.11957423780489476,False
1999-12-29,0.09747718242853876,0.12012009482465275,False
1999-12-30,0.09072483504014028,0.120170660568943,False
1999-12-31,0.09401758969293876,0.12175761821811416,False
2000-01-03,0.0973228676917877,0.13476054882621705,True
2000-01-04,0.11703548191605642,0.1574390469855064,True
2000-01-05,0.1353767734417502,0.15774198836762623,False
2000-01-06,0.13376977785871436,0.155139609057855,False
2000-01-07,0.12942441419343859,0.17742859606641653,False
2000-01-10,0.1610510988839286,0.17546171149180362,False
2000-01-11,0.15065249429065472,0.17841988226159397,True
2000-01-12,0.15546400863948645,0.17664569466569618,False
2000-01-13,0.1518421026185922,0.17566639072425835,False
2000-01-14,0.15166858564156088,0.1760206696037717,False
2000-01-18,0.15273323421473675,0.17965917468073722,True
2000-01-19,0.15491910230068565,0.1799774182970423,True
2000-01-20,0.1564825921681198,0.18203730064263865,True
2000-01-21,0.1599866180130521,0.18255553179224612,True
2000-01-24,0.15716279905591604,0.20031040570665018,True
2000-01-25,0.17853676880867386,0.19371446610799342,True
2000-01-26,0.1630951764730468,0.19362159149467548,True
2000-01-27,0.15898279548959457,0.1943030447321649,True
2000-01-28,0.15563696527867568,0.20174133668741248,True
2000-01-31,0.16701630087294883,0.21054996052897035,True
2000-02-01,0.1718810138330386,0.21039284334413058,True
2000-02-02,0.16861181843305,0.20361292559564512,True
2000-02-03,0.15798708253452043,0.1784977109160177,True
2000-02-04,0.13046651714832533,0.17894816864568508,True
2000-02-07,0.1322316354843375,0.1767899542465737,False
2000-02-08,0.1325010999568065,0.14840760093717215,False
2000-02-09,0.09102784155660089,0.15600218750384684,True
2000-02-10,0.10874932867549549,0.15514883805468227,False
2000-02-11,0.10521609994488423,0.15784058716535898,False
2000-02-14,0.11120042325166767,0.1494094934594554,False
2000-02-15,0.09885653184140346,0.15127589393367608,False
2000-02-16,0.10617879079960181,0.15066719208596255,False
2000-02-17,0.10702362470782037,0.15290682289142182,False
2000-02-18,0.10784237367878013,0.1639709804468104,True
2000-02-22,0.12756690850338126,0.16949005369086179,False
2000-02-23,0.13762421615651063,0.15496867365640887,False
2000-02-24,0.12310083246541427,0.16078524045284923,False
2000-02-25,0.13481565439208357,0.16390076593775338,False
2000-02-28,0.14804680427615452,0.17090078348520843,False
2000-02-29,0.1621082496290453,0.16489484102247035,False
2000-03-01,0.15516938235703642,0.15446892389951528,False
2000-03-02,0.13616528432347622,0.15312383056597173,False
2000-03-03,0.13286575133127074,0.16078992595476946,False
2000-03-06,0.1404667502092137,0.16354358185860582,False
2000-03-07,0.14150457803551206,0.1735687873378772,True
2000-03-08,0.1387456238470503,0.17502946599440108,False
2000-03-09,0.1347354008554257,0.19095401553270064,True
2000-03-10,0.15390597913036938,0.18324828645909538,True
2000-03-13,0.1449551174126699,0.18319612342745545,True
2000-03-14,0.14790948106718563,0.18641783003950702,True
2000-03-15,0.14186066743925763,0.22584502358928227,True
2000-03-16,0.18185422622078573,0.2771717501638071,True
2000-03-17,0.2506752843687683,0.27827892249928043,True
2000-03-20,0.24807404391092935,0.28019842240398474,True
2000-03-21,0.250337430051452,0.27125756279102087,True
2000-03-22,0.23194260331812203,0.27040118120758094,True
2000-03-23,0.23050536485556175,0.2715966094468903,True
2000-03-24,0.23021180136086372,0.264115805898788,True
2000-03-27,0.21597476889002265,0.261223307702909,True
2000-03-28,0.2073178752710264,0.26278877779076637,True
2000-03-29,0.20904258580910023,0.25983972892514606,True
2000-03-30,0.20596996251612698,0.2607067165231238,True
2000-03-31,0.2046769881986742,0.2588385335362993,True
2000-04-03,0.20291049803309374,0.2573569082716989,True
2000-04-04,0.19714023766692557,0.2516830216911815,True
2000-04-05,0.18663809708695434,0.2370630683508336,True
2000-04-06,0.183543387162098,0.23727424687114101,True
2000-04-07,0.18694210309729156,0.23171694035771515,True
2000-04-10,0.1823571907143864,0.23119435504031918,True
2000-04-11,0.17561469263767426,0.2294711254414869,True
2000-04-12,0.17253657306278367,0.217830648261526,True
2000-04-13,0.16132362165035855,0.19619927950686955,True
2000-04-14,0.14135199772467982,0.2136124614755551,True
2000-04-17,0.14653315875881517,0.22332384721180742,True
2000-04-18,0.1440992924195218,0.23087127085633158,True
2000-04-19,0.1425802114760161,0.23099159876811914,True
2000-04-20,0.1367938331789553,0.2336934510435138,True
2000-04-24,0.1435103469715891,0.23308529146543888,True
2000-04-25,0.14423073857500648,0.24735967784556656,True
2000-04-26,0.15817558167608411,0.24859372632353788,True
2000-04-27,0.16000316439635492,0.24670592903017036,True
2000-04-28,0.15814780265585665,0.2475765314261844,True
2000-05-01,0.15841607775453226,0.2466210856312114,True
2000-05-02,0.16049249106696944,0.24864029913938093,True
2000-05-03,0.16282623059760742,0.2511216444024327,True
2000-05-04,0.16829190360361415,0.2511735747210182,True
2000-05-05,0.17225091181921315,0.25485022083003145,True
2000-05-08,0.18112150351684594,0.2530077901178015,True
2000-05-09,0.1820385133827209,0.253291240264219,True
2000-05-10,0.18348957091028917,0.25738403022757617,True
2000-05-11,0.1870207064722208,0.2684712718881547,True
2000-05-12,0.19498644501882734,0.2684824155450381,True
2000-05-15,0.19698467446013765,0.2714185295615707,True
2000-05-16,0.206411834254101,0.19544526149038532,True
2000-05-17,0.11285347935521314,0.19442834978817553,True
2000-05-18,0.13188019316821922,0.184605603476542,True
2000-05-19,0.1320698868585351,0.18443475063194695,True
2000-05-22,0.1378427069424191,0.18108179233172345,True
2000-05-23,0.1324954240858476,0.1830290881615235,True
2000-05-24,0.1321893814661683,0.16893747198601944,False
2000-05-25,0.11488291746558524,0.17653274958823414,True
2000-05-26,0.12753965751576135,0.17643144943338077,False
2000-05-30,0.13118096038029234,0.19202741328269715,True
2000-05-31,0.13897667999728167,0.19058513329178042,True
2000-06-01,0.13849203326613216,0.19286963206744226,True
2000-06-02,0.13919147022670397,0.18944514442058238,True
2000-06-05,0.11938105172089519,0.19606297269819695,True
2000-06-06,0.13359511907332725,0.19290013429847838,True
2000-06-07,0.12613564478255337,0.19330683782015826,True
2000-06-08,0.12556726781888594,0.19538069541541428,True
2000-06-09,0.12962981286435116,0.18693160969613884,True
2000-06-12,0.12780722530351865,0.1739567307998156,False
2000-06-13,0.106206131338045,0.17528839400557988,False
2000-06-14,0.10858945665185671,0.16622734682210452,False
2000-06-15,0.09223581728881801,0.165276528154953,False
2000-06-16,0.08867751890422478,0.16256049462350167,False
2000-06-19,0.0843943282113306,0.1630996100075953,False
2000-06-20,0.08038363217533694,0.16122498779686362,False
2000-06-21,0.08381462902057683,0.16140766057480008,False
2000-06-22,0.08930165799490919,0.16351062787095907,False
2000-06-23,0.0947891231134118,0.15501730434436906,False
2000-06-26,0.08214020555858946,0.14443454005018214,False
2000-06-27,0.06376953636048988,0.14537213961797288,False
2000-06-28,0.06414514092286949,0.1251977889390615,False
2000-06-29,0.052598039381316776,0.12638113789410255,False
2000-06-30,0.052273623901816134,0.1124042709488028,False
2000-07-03,0.04223780237001099,0.11763865658853691,False
2000-07-05,0.05948901281428434,0.11780810691740703,False
2000-07-06,0.05283341175002452,0.11919681296747013,False
2000-07-07,0.05598527731808371,0.12343220767982903,False
2000-07-10,0.06083865454575295,0.12096015497531051,False
2000-07-11,0.05714268515163921,0.12816873231429288,False
2000-07-12,0.06142136797833277,0.12557443414443956,False
2000-07-13,0.0596682183420624,0.12397142409104665,False
2000-07-14,0.057756169113880214,0.12375901432554662,False
2000-07-17,0.05734217841505842,0.12378453612827818,False
2000-07-18,0.06015467594613944,0.12387664231516031,False
2000-07-19,0.05648135792086314,0.12703308161329321,False
2000-07-20,0.06381337227361167,0.12392848341619123,False
2000-07-21,0.058879799600509056,0.1294535797270578,False
2000-07-24,0.06589949585330873,0.12005650581065345,False
2000-07-25,0.054730483231985406,0.1204905491310865,False
2000-07-26,0.056724495757287156,0.1223212570553289,False
2000-07-27,0.05726724576341658,0.12141909391363552,False
2000-07-28,0.056062169262793386,0.1239055286084811,False
2000-07-31,0.05850038178758587,0.1256027233090415,False
2000-08-01,0.05683597160734182,0.12733010456027932,False
2000-08-02,0.07024007287552454,0.11767004117082625,False
2000-08-03,0.06150982360772335,0.10789965214527636,False
2000-08-04,0.06232917078006047,0.10855495866617317,False
2000-08-07,0.061818234829211276,0.11143212647397056,False
2000-08-08,0.06353530245941763,0.11127492139039594,False
2000-08-09,0.06388971683074611,0.11284307324455274,False
2000-08-10,0.06423075468262256,0.11452181966863015,False
2000-08-11,0.06403418997105094,0.12034045210885955,False
2000-08-14,0.07458051742203174,0.12673120663185097,False
2000-08-15,0.08188773498483357,0.12794841455011105,False
2000-08-16,0.08523898954672181,0.12483927842524976,False
2000-08-17,0.08231562384332695,0.12130326082418202,False
2000-08-18,0.07895149087760406,0.11890674413826942,False
2000-08-21,0.07994307966256815,0.1123762119401058,False
2000-08-22,0.07382850582731933,0.11135037107896038,False
2000-08-23,0.0732139882121165,0.11084045599402939,False
2000-08-24,0.07317871408376153,0.10346565598810697,False
2000-08-25,0.06296190991003238,0.10372509564242807,False
2000-08-28,0.06368585310629646,0.0989352996725474,False
2000-08-29,0.05846268510827614,0.09731356967160325,False
2000-08-30,0.06682482813139971,0.0962965269061328,False
2000-08-31,0.06316040039412794,0.09612109260168336,False
2000-09-01,0.06132995259306466,0.09605680944614862,False
2000-09-05,0.06337741989222682,0.09471449363599097,False
2000-09-06,0.062024222731388565,0.08691386211763848,False
2000-09-07,0.04923279817354981,0.08726511277581205,False
2000-09-08,0.05052776597437137,0.07603674813127152,False
2000-09-11,0.03767130530578152,0.07106317406485782,False
2000-09-12,0.03907214054218719,0.06301975216663169,False
2000-09-13,0.026056834504666903,0.05142495438642703,False
2000-09-14,0.017982938208518432,0.05172461285106039,False
2000-09-15,0.019273691211167832,0.05569263306607648,False
2000-09-18,0.02187900545495376,0.06897525126680742,False
2000-09-19,0.03508280241014879,0.07872943925828671,False
2000-09-20,0.03290454738899852,0.08365219734211976,False
2000-09-21,0.039488156477231987,0.0857861767661556,False
2000-09-22,0.03523950753380986,0.09727883695673557,False
2000-09-25,0.04962260326919281,0.09970764019922446,False
2000-09-26,0.05149559292846519,0.09975350892008313,False
2000-09-27,0.051515982300098795,0.0995587017618024,False
2000-09-28,0.048971395703112375,0.11792006886997256,False
2000-09-29,0.06934800060435226,0.12440801149613621,False
2000-10-02,0.06865659724874498,0.12309690850633968,False
2000-10-03,0.0676381917962187,0.12299175930272298,False
2000-10-04,0.06772608591543829,0.12303516244633224,False
2000-10-05,0.06777835781938278,0.12248835026135597,False
2000-10-06,0.06848864266184593,0.13105896318207275,False
2000-10-09,0.07599869929813771,0.1308798553474666,False
2000-10-10,0.08055005774937603,0.13250605080069539,False
2000-10-11,0.07573151890845754,0.13266103653749692,False
2000-10-12,0.07581794190389311,0.14356406239446962,True
2000-10-13,0.09089781172857497,0.1618403077799809,False
2000-10-16,0.09579046545652403,0.161611242165841,False
2000-10-17,0.0948082055092932,0.16855392661468044,True
2000-10-18,0.09469417601324492,0.16263408966309326,False
2000-10-19,0.0956370174060435,0.1911743689979022,True
2000-10-20,0.1017351879983298,0.19416136425649017,True
2000-10-23,0.1033477807548046,0.18965499901366203,True
2000-10-24,0.09291492931506067,0.18826761858847005,True
2000-10-25,0.0902219303091766,0.19305634612177777,True
2000-10-26,0.09175721242711361,0.19445406496635784,True
2000-10-27,0.09074873438255679,0.18762329105408007,True
2000-10-30,0.07886956260832066,0.2000136880629326,True
2000-10-31,0.1111464656012597,0.2144961961499993,True
2000-11-01,0.1205353752593902,0.21386815867173667,True
2000-11-02,0.12193475940845927,0.21381240571319557,True
2000-11-03,0.1217649166124443,0.21399407165831852,True
2000-11-06,0.1236006925384867,0.20535096365177224,True
2000-11-07,0.1183613492764867,0.2056475673788697,True
2000-11-08,0.11812798182172204,0.20354355054465192,True
2000-11-09,0.12121922423526899,0.20157211469590758,True
2000-11-10,0.11851430904279751,0.20015974706835174,True
2000-11-13,0.10945936102511408,0.19369389372155302,True
2000-11-14,0.11486241703572753,0.2023433700046549,True
2000-11-15,0.11937805945417626,0.18625352599543404,True
2000-11-16,0.10850243581336584,0.19048862279870096,True
2000-11-17,0.10752819740922354,0.17036927106861197,False
2000-11-20,0.10714455134642138,0.1767399490702717,False
2000-11-21,0.11933395080423409,0.1761338337540626,False
2000-11-22,0.11899839974732127,0.18348679901772752,True
2000-11-24,0.13161889643652805,0.18382337000444943,True
2000-11-27,0.12874377540944507,0.18299308438442513,True
2000-11-28,0.1270430473959855,0.1820642866531065,True
2000-11-29,0.12152893205315911,0.16553175163060138,False
2000-11-30,0.0770722103886851,0.15202415897239496,True
2000-12-01,0.07364116414481034,0.15246551378602824,False
2000-12-04,0.07040991867266824,0.15741941782740146,False
2000-12-05,0.07851315207512154,0.1764742035823469,False
2000-12-06,0.08183775603590973,0.18690000214705013,True
2000-12-07,0.09046885145703558,0.18668561211643658,True
2000-12-08,0.08993156928803361,0.20332365963571503,True
2000-12-11,0.09599750499630391,0.2053928244311812,True
2000-12-12,0.09281806787318954,0.1956022513964825,True
2000-12-13,0.08523606347716403,0.19757179649654125,True
2000-12-14,0.08590513517704922,0.19186080358242538,True
2000-12-15,0.08832714439439669,0.19587761935514744,True
2000-12-18,0.09287256796202005,0.20560638940871265,True
2000-12-19,0.11406539668365911,0.2065665764875883,True
2000-12-20,0.11169415501013158,0.21150576598225884,True
2000-12-21,0.11331410215421121,0.21526450282252477,True
2000-12-22,0.11820580422112298,0.22123197902265618,True
2000-12-26,0.1151360875698539,0.21637363506008453,True
2000-12-27,0.11957603980448324,0.2201546010556017,True
2000-12-28,0.12702491461820256,0.22112662098970384,True
2000-12-29,0.13080592553290718,0.22193756899591555,True
2001-01-02,0.13464493813581863,0.2266147015936838,True
2001-01-03,0.14829227828795594,0.23952113712056963,True
2001-01-04,0.12576503216381812,0.2486378689071819,True
2001-01-05,0.14408948923518267,0.24596871079473054,True
2001-01-08,0.1467051813836797,0.23743488191448722,True
2001-01-09,0.14150098765028876,0.2374280933310522,True
2001-01-10,0.1415806273084964,0.2250678374234171,True
2001-01-11,0.13998717029789876,0.22304057947230724,True
2001-01-12,0.14257579924484107,0.22319134342842092,True
2001-01-16,0.1434601791813242,0.2217769803530679,True
2001-01-17,0.14625997603872712,0.2169667877970653,True
2001-01-18,0.13997695043453046,0.20985597660471533,True
2001-01-19,0.1302664485454941,0.20360226464915152,True
2001-01-22,0.11675662009569278,0.20228108733267458,True
2001-01-23,0.12003758491578287,0.19034132226353487,True
2001-01-24,0.11494654198866161,0.18830412598503382,True
2001-01-25,0.11050783340033428,0.17612338687087425,False
2001-01-26,0.10375659167737579,0.17592764263123162,False
2001-01-29,0.09999793785067042,0.1722756376837889,False
2001-01-30,0.09200159690153675,0.17062628728256754,False
2001-01-31,0.0915209179023441,0.16965814084577058,False
2001-02-01,0.09173845460412752,0.15098455702509567,False
2001-02-02,0.0770583529083022,0.13242473180419626,False
2001-02-05,0.08787841628737084,0.11411869397479124,False
2001-02-06,0.06035218118820816,0.08983625659991196,False
2001-02-07,0.04913994485933089,0.08966925580400528,False
2001-02-08,0.04621027350922097,0.09185356681018007,False
2001-02-09,0.04957320100903256,0.09349088022961628,False
2001-02-12,0.051998058368976474,0.0989990247926211,False
2001-02-13,0.05699510620219017,0.0977914318194198,False
2001-02-14,0.05566161927297659,0.09670145842816538,False
2001-02-15,0.05424133164457363,0.09804747655306802,False
2001-02-16,0.05348181518198102,0.09805516982566216,False
2001-02-20,0.055922060154775174,0.10394050926249195,False
2001-02-21,0.050384764134506925,0.11055356934914493,False
2001-02-22,0.0638688496528138,0.10262285732109207,False
2001-02-23,0.05682901739615432,0.10394764194175866,False
2001-02-26,0.06133499288895656,0.11568429732496101,False
2001-02-27,0.08050468890921893,0.11676918881524882,False
2001-02-28,0.07908254844483267,0.12233049337606375,False
2001-03-01,0.09032820020969878,0.11502858660143082,False
2001-03-02,0.07699669797968794,0.11562040246754839,False
2001-03-05,0.08199732639626708,0.11965585293961874,False
2001-03-06,0.08408350003777333,0.12263147704996735,False
2001-03-07,0.08580385230924012,0.12959956698021702,False
2001-03-08,0.09100304025877921,0.13250911309060046,False
2001-03-09,0.10323707051561101,0.14740625447495448,True
2001-03-12,0.12146832485192617,0.18241900307227774,True
2001-03-13,0.19131918978429704,0.1841059336441959,True
2001-03-14,0.18588924765316905,0.19096886072019736,True
2001-03-15,0.21389040961921646,0.19171278780272652,True
2001-03-16,0.21265248266517797,0.1983479716250589,True
2001-03-19,0.2262639101484551,0.2070645878682978,True
2001-03-20,0.23788956388427437,0.21500166315501704,True
2001-03-21,0.24595486882175466,0.2156184359082538,True
2001-03-22,0.2596257993206368,0.21388684963170926,True
2001-03-23,0.2469300423652768,0.22407968583754323,True
2001-03-26,0.2519016830532693,0.2323268630099235,True
2001-03-27,0.264105617228468,0.2337231787564394,True
2001-03-28,0.260143318446111,0.2402202132632248,True
2001-03-29,0.2633499010014453,0.23620834533512172,True
2001-03-30,0.2599432210778381,0.23811639632447998,True
2001-04-02,0.2681939951524503,0.2397775401142439,True
2001-04-03,0.26836769976408487,0.2474693696924854,True
2001-04-04,0.2804389529682039,0.24316597609184068,True
2001-04-05,0.27428986073089134,0.27995764732362993,True
2001-04-06,0.309941655702304,0.2836943863632982,True
2001-04-09,0.3081321381697651,0.2818526448012897,True
2001-04-10,0.30889304662365547,0.2790414646162775,True
2001-04-11,0.2991718132264538,0.2781604292913027,True
2001-04-12,0.30109237553472923,0.27218248024954955,True
2001-04-16,0.2804594446901309,0.272660727315211,True
2001-04-17,0.2818394973473844,0.26414425855244444,True
2001-04-18,0.269618653647625,0.2805510113414418,True
2001-04-19,0.2665633460143938,0.26775433197392556,True
2001-04-20,0.2532906753479151,0.26502617914816284,True
2001-04-23,0.24437210390591324,0.2685312070711301,True
2001-04-24,0.24059821825679176,0.26724836053147294,True
2001-04-25,0.24482224370760058,0.2656843306419444,True
2001-04-26,0.23907396278951398,0.2619513090169405,True
2001-04-27,0.23316416268178886,0.25378003958267625,True
2001-04-30,0.22602928533594294,0.25307030299678257,True
2001-05-01,0.2290126752918319,0.25388833302284475,True
2001-05-02,0.22675264427426564,0.24861542346605198,True
2001-05-03,0.2230607683553229,0.23425229884660476,True
2001-05-04,0.2022718101926393,0.232172069955283,True
2001-05-07,0.21345295315526502,0.20162211758974785,True
2001-05-08,0.1812203452402521,0.180068515867234,True
2001-05-09,0.15737172578542996,0.18141362145112458,True
2001-05-10,0.156038552329962,0.16414011755937338,False
2001-05-11,0.13659795958375956,0.16588532813752116,False
2001-05-14,0.14159388096165312,0.16003747539478488,False
2001-05-15,0.13937097899231257,0.15865936923568985,False
2001-05-16,0.1423708808579683,0.17377527771887424,False
2001-05-17,0.17178014181114473,0.1390265702747569,False
2001-05-18,0.1567422805330176,0.13847871436184483,False
2001-05-21,0.16451546791985833,0.1386962107973938,False
2001-05-22,0.15358960289825976,0.13048783991869892,False
2001-05-23,0.15315645594884336,0.14115055995250875,False
2001-05-24,0.17601876424439877,0.137614229165831,False
2001-05-25,0.1720889893333009,0.1401416137007427,False
2001-05-29,0.18081596608645983,0.13553474166166152,False
2001-05-30,0.16451103421372132,0.14330039940847678,False
2001-05-31,0.1772360361042217,0.1410134507765003,False
2001-06-01,0.17596446970011984,0.1413016985827515,False
2001-06-04,0.17480807531458423,0.1351200418890241,False
2001-06-05,0.16302875721154342,0.13801671772438862,False
2001-06-06,0.16229086299021056,0.14462103070495533,False
2001-06-07,0.1835351418429653,0.14713776313004906,False
2001-06-08,0.18417181576823333,0.15011648282248294,False
2001-06-11,0.19702114449220834,0.1529028938118588,False
2001-06-12,0.2007293165535852,0.15220496834012764,False
2001-06-13,0.19833454829719666,0.15480299029406314,False
2001-06-14,0.20359804721405164,0.16801894752849297,True
2001-06-15,0.2260946789408273,0.14428179299519484,False
2001-06-18,0.15898541270810645,0.1434640433963073,False
2001-06-19,0.1639058476123544,0.14284908106840674,False
2001-06-20,0.1565464025843756,0.12909621959456968,False
2001-06-21,0.14339023206006704,0.13325047691906683,False
2001-06-22,0.1424692584432244,0.12689921027534795,False
2001-06-25,0.13418396318559378,0.12644788753949374,False
2001-06-26,0.13584207670906476,0.12634143444335344,False
2001-06-27,0.13132134136999227,0.1254209145869631,False
2001-06-28,0.13326442511334907,0.12458672855963276,False
2001-06-29,0.13565129329759235,0.12150097875328922,False
2001-07-02,0.11925122684684672,0.12196502197379643,False
2001-07-03,0.12102501692036399,0.12000711736362663,False
2001-07-05,0.11570271116414614,0.10929145174440934,False
2001-07-06,0.09709713159916818,0.1252454387398796,True
2001-07-09,0.11117086857800569,0.12037160952025672,False
2001-07-10,0.10768544739623168,0.12280834469277356,False
2001-07-11,0.1069114125898785,0.12254843803585996,False
2001-07-12,0.10466793658436771,0.14462235693359454,False
2001-07-13,0.12220015409435843,0.1437356613076295,False
2001-07-16,0.12206733843804267,0.13562121892453669,False
2001-07-17,0.10162286294473248,0.14076715781793456,False
2001-07-18,0.10573391998735986,0.14064447592999024,False
2001-07-19,0.10191287862213488,0.14279725204826751,False
2001-07-20,0.10536122032844474,0.14324342669464846,False
2001-07-23,0.10943282835265301,0.14786470678113062,False
2001-07-24,0.13433282191967322,0.15200095384510257,False
2001-07-25,0.15086037326098103,0.15974038877831048,False
2001-07-26,0.16600692981592707,0.1641436121248759,False
2001-07-27,0.17323815639441204,0.16402438485260468,False
2001-07-30,0.17394056176039205,0.1601125196909225,False
2001-07-31,0.16989593123916402,0.1621682649268266,False
2001-08-01,0.18550181273765465,0.1634131331942335,False
2001-08-02,0.18686442088391853,0.16446357078984805,False
2001-08-03,0.18609249027282682,0.1631122475264063,False
2001-08-06,0.18885746840485362,0.14966714556250366,False
2001-08-07,0.17835627933472187,0.14963825624394497,False
2001-08-08,0.18257914727962263,0.1580467417414176,True
2001-08-09,0.2017353436768278,0.15822101122863144,False
2001-08-10,0.20979840784770326,0.14278544986806327,False
2001-08-13,0.2018660211200869,0.14301511212850346,False
2001-08-14,0.20061603572951514,0.13617227065578363,False
2001-08-15,0.20181100837014354,0.13230293327722215,False
2001-08-16,0.19421638047596784,0.13340224331748254,False
2001-08-17,0.2050678959609502,0.13801746356405376,False
2001-08-20,0.21768896419561048,0.1399492411135811,False
2001-08-21,0.22505149637400584,0.13470844959909165,False
2001-08-22,0.20549832920019753,0.12948244568422496,False
2001-08-23,0.1823865895587881,0.12222008603237892,False
2001-08-24,0.16632542993418917,0.12781984298610694,False
2001-08-27,0.1673823854921727,0.12780136640181894,False
2001-08-28,0.16880089860152567,0.13687124578714283,False
2001-08-29,0.19298675500541207,0.1372271880884142,False
2001-08-30,0.20218760174931763,0.141552372136824,False
2001-08-31,0.22194969454597585,0.14025380566281567,False
2001-09-04,0.22406734917195345,0.14005906568219162,False
2001-09-05,0.21798562111524822,0.13534104629606472,False
2001-09-06,0.19889762068777797,0.14309456362605466,True
2001-09-07,0.21269225622355015,0.1367283157918808,False
2001-09-10,0.2025392444206738,0.13541101956254425,False
2001-09-17,0.1847823336801084,0.21322650433793686,True
2001-09-18,0.2620230623672671,0.21222745177397184,True
2001-09-19,0.24001931451258376,0.2180087470739814,True
2001-09-20,0.24596824120462155,0.23840361486353664,True
2001-09-21,0.27856931039230504,0.23655991163636814,True
2001-09-24,0.26821404973899815,0.2839286508455705,True
2001-09-25,0.2927604270160467,0.2836994115421414,True
2001-09-26,0.2820962465417873,0.2837760931043799,True
2001-09-27,0.2729462073385815,0.2878244341777259,True
2001-09-28,0.2788310638207207,0.30494885847570996,True
2001-10-01,0.3042661895581774,0.2950965100639625,True
2001-10-02,0.2958772392248555,0.300819965552839,True
2001-10-03,0.3027102308262376,0.32061085284170227,True
2001-10-04,0.2970408030931975,0.3220471752008815,True
2001-10-05,0.2906166651135693,0.3198800746787443,True
2001-10-08,0.28512461714409515,0.31906255509633535,True
2001-10-09,0.279498025965126,0.3192052356517713,True
2001-10-10,0.2814076537534784,0.33077253557512787,True
2001-10-11,0.29361116840029183,0.33241663154267215,True
2001-10-12,0.2829791375843568,0.3304809359570302,True
2001-10-15,0.2770075032052534,0.3307324380165398,True
2001-10-16,0.2790605613143898,0.2784596957242185,True
2001-10-17,0.25712347739164765,0.2804291015339488,True
2001-10-18,0.2713790818592311,0.27010876921056554,True
2001-10-19,0.2578861282075054,0.23285588083593708,True
2001-10-22,0.2157000683453194,0.21752570961345027,True
2001-10-23,0.18713193020775754,0.1921399561410195,True
2001-10-24,0.17103788635140457,0.1920580925151996,True
2001-10-25,0.17159086356102143,0.1874189076314703,True
2001-10-26,0.17859132513576095,0.18493815445329698,True
2001-10-29,0.17574643219071906,0.19466153530444785,True
2001-10-30,0.1773689535871117,0.20234075425692707,True
2001-10-31,0.19282437688502735,0.20015132692375417,True
2001-11-01,0.18574708059140882,0.19186424629868418,True
2001-11-02,0.2067023351589419,0.19206769591726433,True
2001-11-05,0.2082145189904525,0.19580907515752027,True
2001-11-06,0.22019215197904715,0.1975872215867921,True
2001-11-07,0.22944813937403402,0.1951791256123735,True
2001-11-08,0.2336998354648873,0.18443165881424195,True
2001-11-09,0.21122786410024227,0.17859697100490884,True
2001-11-12,0.22258447013126267,0.17655082774937347,False
2001-11-13,0.22453242185945482,0.18066052046897296,True
2001-11-14,0.2359637563495738,0.17825713546462219,True
2001-11-15,0.22810811282697988,0.16841709101481556,False
2001-11-16,0.21766517391992432,0.16352904530314344,False
2001-11-19,0.20614823237825045,0.16409679726843318,False
2001-11-20,0.2121973325077409,0.16045070428585742,False
2001-11-21,0.20000989259985785,0.15894460683971207,False
2001-11-23,0.19507810142537885,0.1610496309944412,False
2001-11-26,0.2044362271830105,0.15779297753974947,False
2001-11-27,0.19857250331374926,0.15848742854109635,False
2001-11-28,0.20472969581357867,0.1519888730284073,True
2001-11-29,0.20105067354691453,0.14029736207844373,False
2001-11-30,0.178730642186945,0.1405368295325637,False
2001-12-03,0.17985420023780005,0.12533152527943459,False
2001-12-04,0.14721541671940538,0.13075316268832482,False
2001-12-05,0.15367626078437915,0.14671111573692558,False
2001-12-06,0.16460550502481422,0.14282515652690808,False
2001-12-07,0.15540698747435785,0.14315939120137683,False
2001-12-10,0.1507585764963673,0.15092134275469649,False
2001-12-11,0.1719924611986571,0.15127796331214508,False
2001-12-12,0.17310224533221866,0.15119535875069376,False
2001-12-13,0.1694953734181154,0.15126961933339617,False
2001-12-14,0.157509730128043,0.15255723221713813,False
2001-12-17,0.16424458448366575,0.15346207564900397,False
2001-12-18,0.17391102320132384,0.15604076386683488,False
2001-12-19,0.1831942275161059,0.15483419049981806,False
2001-12-20,0.1832548162178275,0.1601855046483391,False
2001-12-21,0.19609661852222315,0.16009155561478594,False
2001-12-24,0.1915537557989658,0.15662344737242653,False
2001-12-26,0.18415504999417132,0.15658415183138993,False
2001-12-27,0.19081683062681398,0.15684167158564122,False
2001-12-28,0.18866640781231345,0.14102084410407154,False
2001-12-31,0.1623661752589266,0.14235842273266675,False
2002-01-02,0.17030992259232147,0.1424915265799392,False
2002-01-03,0.1652717046163433,0.14864695444286485,False
2002-01-04,0.16075369681636362,0.14447150094124211,False
2002-01-07,0.15381881940430928,0.122066040675913,False
2002-01-08,0.13469289552700092,0.1218125568532183,False
2002-01-09,0.13698686675719413,0.12190894499979998,False
2002-01-10,0.1406198845994936,0.11379293770770818,False
2002-01-11,0.11376174342959176,0.11673176974260498,False
2002-01-14,0.12274535576603464,0.12100975003665924,False
2002-01-15,0.125874769328173,0.11173289987141356,False
2002-01-16,0.12181384644917774,0.1304571652444664,True
2002-01-17,0.16700972912164483,0.13174227093640656,False
2002-01-18,0.16606130838300615,0.1306943242965796,False
2002-01-22,0.16109256660125482,0.1309737531581915,False
2002-01-23,0.15178845371945077,0.12970693055206114,False
2002-01-24,0.14953989866390724,0.1307834115266904,False
2002-01-25,0.14810770024512981,0.13150860381407628,False
2002-01-28,0.1465663267401566,0.1301886253092757,False
2002-01-29,0.14242743501400681,0.1484888264766893,True
2002-01-30,0.18940175423889902,0.15691624763132295,False
2002-01-31,0.20595063035747452,0.16537729343188753,False
2002-02-01,0.23066404737471774,0.16679733668563895,False
2002-02-04,0.2356963350358122,0.1680148021701926,True
2002-02-05,0.26070378068270034,0.16487935039291618,False
2002-02-06,0.26064807987393673,0.1647240803809078,False
2002-02-07,0.25425466288298854,0.1648570379957485,False
2002-02-08,0.249646888315126,0.1720488795472342,False
2002-02-11,0.2632489695454714,0.18087761985515907,True
2002-02-12,0.28085558922690845,0.17939230888362678,True
2002-02-13,0.27912505089293654,0.18101136871932283,True
2002-02-14,0.29089313282909335,0.17925722624650647,True
2002-02-15,0.2915947929244736,0.16716136083353197,False
2002-02-19,0.2639724090179077,0.17779597651837178,True
2002-02-20,0.2948155621886214,0.18191680029555843,True
2002-02-21,0.3056795745437412,0.18620873393369966,True
2002-02-22,0.3096591314732586,0.18336479541677064,True
2002-02-25,0.3101499772840177,0.18996326425445317,True
2002-02-26,0.3279082526899768,0.18955688858729375,True
2002-02-27,0.3302157180842357,0.18973910640325883,True
2002-02-28,0.32688651882923503,0.1721368167521221,False
2002-03-01,0.28521533652007686,0.18308592520498082,True
2002-03-04,0.30189900602824127,0.1853240673170367,True
2002-03-05,0.28234853767313617,0.18441859290493323,True
2002-03-06,0.2744250975682273,0.1753085242293753,False
2002-03-07,0.25853813721881724,0.17483478710429384,False
2002-03-08,0.26270504739478306,0.17230182476235034,False
2002-03-11,0.25906515481079745,0.17007135711765672,False
2002-03-12,0.2603115937190475,0.1687000823129237,False
2002-03-13,0.2569670469881821,0.16887951431813,False
2002-03-14,0.25715511615884473,0.16830372751353675,False
2002-03-15,0.2551140275592601,0.16695002012808358,False
2002-03-18,0.25360425329797137,0.16688806284878369,False
2002-03-19,0.2520225678769928,0.16354227269402527,False
2002-03-20,0.25234488281851375,0.15893463286201978,True
2002-03-21,0.23573918395798837,0.1547647660642303,False
2002-03-22,0.22337493120798407,0.14932593887902734,False
2002-03-25,0.22124266871998105,0.1553470365696155,False
2002-03-26,0.23819270898573638,0.14926135483641306,False
2002-03-27,0.2317479233283499,0.15015892828552765,False
2002-03-28,0.23082791228849311,0.1501618460283423,False
2002-04-01,0.23192841282102947,0.14817052429990363,False
2002-04-02,0.23219046545141278,0.13069222970999522,False
2002-04-03,0.18667914472720176,0.11830438945894177,False
2002-04-04,0.1879672427332962,0.11757862943422312,False
2002-04-05,0.19324729674544205,0.10715977946852209,False
2002-04-08,0.16050820621541648,0.1082817843864481,False
2002-04-09,0.1658735613026485,0.10733465409121057,False
2002-04-10,0.16424793472992597,0.11682880921152224,False
2002-04-11,0.19562533561405324,0.12752036442699036,False
2002-04-12,0.23032076598194376,0.12574924602773888,False
2002-04-15,0.2157408656600097,0.1260523919252093,False
2002-04-16,0.21427193859263063,0.13883973013450754,False
2002-04-17,0.2308052942620301,0.1389978246218501,False
2002-04-18,0.22080303777649601,0.138961418707334,False
2002-04-19,0.20511667601196432,0.12738658597361563,False
2002-04-22,0.18215669415967753,0.12917091605125738,False
2002-04-23,0.19373846634552072,0.12751703871066766,False
2002-04-24,0.1887352721536394,0.1270630759032425,False
2002-04-25,0.17914436628100744,0.12279808487328531,False
2002-04-26,0.1653361369089129,0.125033924204955,False
2002-04-29,0.16495553116059805,0.12449956118420065,False
2002-04-30,0.16442962389039378,0.13222089239840265,False
2002-05-01,0.1814072928051961,0.13352673106359347,False
2002-05-02,0.1862604535907899,0.1308138791908709,False
2002-05-03,0.17307401981629095,0.13247571148959653,False
2002-05-06,0.1790068842262936,0.14145571126541928,False
2002-05-07,0.20103614876926498,0.13973660815358627,False
2002-05-08,0.1981203518069802,0.1800196006228982,True
2002-05-09,0.23128696829121265,0.17750692612128768,False
2002-05-10,0.22035274155294746,0.1762106618346883,False
2002-05-13,0.21720444605187986,0.18815347071660624,True
2002-05-14,0.24684820994502432,0.2004388326474696,True
2002-05-15,0.2616560282172231,0.18918916750671283,True
2002-05-16,0.2427140887526481,0.1892783051397877,True
2002-05-17,0.2468558911547408,0.18879028492039118,True
2002-05-20,0.25549460942334373,0.19266745353831194,True
2002-05-21,0.26608446635236677,0.19114874360160908,True
2002-05-22,0.2600476570183486,0.19190703008825938,True
2002-05-23,0.2666130258511165,0.1905281316571154,True
2002-05-24,0.2656848995939986,0.19549218450435144,True
2002-05-28,0.28398130461160415,0.19109235059982235,True
2002-05-29,0.2808867020386833,0.1915929852017842,True
2002-05-30,0.283264678427205,0.1878258352835383,True
2002-05-31,0.27105342480654226,0.1867454104884785,True
2002-06-03,0.265638182007263,0.203083077407448,True
2002-06-04,0.30956352827612044,0.2022881659838187,True
2002-06-05,0.3085603856537878,0.198183997897152,True
2002-06-06,0.3004718463938346,0.20888423664607753,True
2002-06-07,0.3282571603751699,0.1746762793500606,False
2002-06-10,0.30000656713917107,0.1712954943035473,False
2002-06-11,0.295087802443716,0.17215647365745382,False
2002-06-12,0.2928906495657595,0.15888117925550468,False
2002-06-13,0.2605162622020215,0.1395233734885169,False
2002-06-14,0.2319185699420206,0.1397099451724566,False
2002-06-17,0.2317993907930529,0.17002238824945054,False
2002-06-18,0.29568098168872486,0.1696036180891891,False
2002-06-19,0.2955699030965488,0.1769416453601253,True
2002-06-20,0.2977285314376533,0.17745251530629794,False
2002-06-21,0.2919538458475048,0.17722638864292634,False
2002-06-24,0.283969941791345,0.17439012847740282,False
2002-06-25,0.26682023557138956,0.17592238577618466,False
2002-06-26,0.26825041813404304,0.17653496547172162,False
2002-06-27,0.2608621319910909,0.18821145603841188,True
2002-06-28,0.2826914598820539,0.190006463268085,True
2002-07-01,0.2771698778214035,0.19548427883194974,True
2002-07-02,0.2823781043066579,0.19343971437525867,True
2002-07-03,0.2792731322594287,0.19380970746976817,True
2002-07-05,0.2716384812933435,0.23187387138268997,True
2002-07-08,0.33700293553136806,0.22583213363623075,True
2002-07-09,0.32261076342564915,0.23437898651026265,True
2002-07-10,0.3450296278029483,0.2537435622998919,True
2002-07-11,0.38052917743593245,0.25282311097446847,True
2002-07-12,0.3558848296194099,0.25150696100749537,True
2002-07-15,0.35087569629566456,0.25076337057853143,True
2002-07-16,0.3430784535144532,0.25332635528663167,True
2002-07-17,0.34021003470839806,0.23402721211490127,True
2002-07-18,0.300308607167053,0.24384922379780138,True
2002-07-19,0.3092699801314896,0.26671127841796566,True
2002-07-22,0.3563702560018303,0.27453706392235583,True
2002-07-23,0.35187661323008385,0.2814694609495878,True
2002-07-24,0.3350405204351201,0.3489959775737434,True
2002-07-25,0.41507879101321576,0.3479431590255422,True
2002-07-26,0.3873022157239467,0.35150531336659935,True
2002-07-29,0.38871496572567366,0.39064937640009495,True
2002-07-30,0.4345657968809117,0.38995127218885756,True
2002-07-31,0.4307945438461843,0.3876677802698223,True
2002-08-01,0.42473854083780027,0.3901125632625412,True
2002-08-02,0.4203776259803576,0.39337628125343704,True
2002-08-05,0.4258157066959725,0.37600499384776276,True
2002-08-06,0.4051899210108141,0.3969689399648478,True
2002-08-07,0.4241111171331226,0.4016881188837381,True
2002-08-08,0.4287000848803026,0.40672249865607846,True
2002-08-09,0.43337015101126825,0.40640243934938447,True
2002-08-12,0.44250562724165243,0.40505515260156116,True
2002-08-13,0.4454502151940444,0.41018912938105745,True
2002-08-14,0.4543439116309367,0.4260339641715279,True
2002-08-15,0.47285294776755904,0.4258925273739799,True
2002-08-16,0.47361056489865877,0.41494478900461906,True
2002-08-19,0.4638075850506337,0.3913230088614862,True
2002-08-20,0.43516931994052904,0.3817802403636407,True
2002-08-21,0.4407662875038082,0.3658139777754895,True
2002-08-22,0.45164233338951165,0.3288096021413256,True
2002-08-23,0.4095442600679826,0.3380936421243667,True
2002-08-26,0.45682988616247816,0.3380950293976671,True
2002-08-27,0.47210119459732114,0.30611396594236345,True
2002-08-28,0.425735111067077,0.31559162591149237,True
2002-08-29,0.45646104904817897,0.31570871461536804,True
2002-08-30,0.47112465946332394,0.3017335476731197,True
2002-09-03,0.4639924470902715,0.3253451422123621,True
2002-09-04,0.5075707322260821,0.30619327685170944,True
2002-09-05,0.48031999923420715,0.2976337984385979,True
2002-09-06,0.4672651433338447,0.29825107686988633,True
2002-09-09,0.4647047244238578,0.27924466736906794,True
2002-09-10,0.4405960167220886,0.2808240446249609,True
2002-09-11,0.43472020959156865,0.28069990683628704,True
2002-09-12,0.43450728381699305,0.2802901628456839,True
2002-09-13,0.435284819600937,0.25137082647772946,True
2002-09-16,0.37282483992972987,0.24989902617476173,True
2002-09-17,0.3770196813201176,0.2571254917807477,True
2002-09-18,0.39483693375406437,0.2430253985580399,True
2002-09-19,0.3838661410729197,0.2533882494810362,True
2002-09-20,0.4032774774815016,0.24410774731564674,True
2002-09-23,0.3861203344367818,0.24334679062029183,True
2002-09-24,0.3818430718214504,0.23991438813093646,True
2002-09-25,0.36890395039217583,0.25633800812000435,True
2002-09-26,0.3821109517840858,0.2630771634592705,True
2002-09-27,0.40123414297189297,0.2642177255287153,True
2002-09-30,0.40217663155140065,0.26617036142776784,True
2002-10-01,0.3997972991908244,0.30208629983918805,True
2002-10-02,0.43962562236185404,0.27938402617363917,True
2002-10-03,0.39286465489329914,0.27385336515643777,True
2002-10-04,0.3711138742484749,0.285765570976223,True
2002-10-07,0.38902753713384214,0.2765906105750593,True
2002-10-08,0.3695711971306973,0.27798193616204464,True
2002-10-09,0.3447362184899651,0.2844885409877446,True
2002-10-10,0.3548318128043683,0.3223255036556591,True
2002-10-11,0.3931919617855305,0.35096905666484307,True
2002-10-14,0.41826450510021224,0.3517618993251608,True
2002-10-15,0.4215951829396271,0.3846121339073681,True
2002-10-16,0.4435292416998535,0.3905940988137965,True
2002-10-17,0.4419582017488881,0.40161510248861193,True
2002-10-18,0.4400945785787075,0.3909739021584329,True
2002-10-21,0.4267721125542227,0.4020012482911428,True
2002-10-22,0.43427138204757504,0.39938762867556415,True
2002-10-23,0.4304224646149487,0.39572419790307645,True
2002-10-24,0.4226593368961933,0.3932922000964846,True
2002-10-25,0.4176648965228072,0.3935462575968939,True
2002-10-28,0.41590835847334284,0.3847021043788285,True
2002-10-29,0.40333594807041456,0.38271250629743114,True
2002-10-30,0.39721803752181783,0.36717799532451556,True
2002-10-31,0.37508275150700743,0.35899216185227817,True
2002-11-01,0.3650848199576609,0.35757719042070896,True
2002-11-04,0.3775186257822436,0.3345468107096612,True
2002-11-05,0.35158267614244093,0.32320887143038446,True
2002-11-06,0.3461544046796512,0.325153884930057,True
2002-11-07,0.36151996215828014,0.3183840445244056,True
2002-11-08,0.3447688190056196,0.3076402198037495,True
2002-11-11,0.32570954252651163,0.30045175311517086,True
2002-11-12,0.31709186934498496,0.30096404413523203,True
2002-11-13,0.3133704842787086,0.2679372567240906,True
2002-11-14,0.2683900641593825,0.25554158053561793,True
2002-11-15,0.26719309325627355,0.24420084944325393,True
2002-11-18,0.2623845475988848,0.2456525285600536,True
2002-11-19,0.2686267546811325,0.22718310558434865,True
2002-11-20,0.24532118070898626,0.22527071556792835,True
2002-11-21,0.23816268328026405,0.23468344869985625,True
2002-11-22,0.24824075529922027,0.22664212222585403,True
2002-11-25,0.23525981685670738,0.22311124582948658,True
2002-11-26,0.23483673257697388,0.23212148642002298,True
2002-11-27,0.2472689319451009,0.2417885337851286,True
2002-11-29,0.27859929039065384,0.2377120800074251,True
2002-12-02,0.2791837257541364,0.2378852255255821,True
2002-12-03,0.28048821656579703,0.23525674540551764,True
2002-12-04,0.2645738128601543,0.23683408503729006,True
2002-12-05,0.27047435034147277,0.2396246154147891,True
2002-12-06,0.27472513898490913,0.2319312611535738,True
2002-12-09,0.2768510861297853,0.2276727295123149,True
2002-12-10,0.27122464433955,0.2319454609004789,True
2002-12-11,0.2854897592392662,0.21639967602464513,True
2002-12-12,0.264414389189157,0.21587920173710287,True
2002-12-13,0.2715124392625111,0.22390237619636286,True
2002-12-16,0.2902579050455034,0.22468536150298193,True
2002-12-17,0.29847026079820643,0.22806479398652038,True
2002-12-18,0.3057782528635145,0.2339595064676545,True
2002-12-19,0.3059131548000505,0.23472139789538735,True
2002-12-20,0.31172901564158756,0.23044400788206792,True
2002-12-23,0.3142977292762507,0.21402941901929556,True
2002-12-24,0.317059684642702,0.2140224415994296,True
2002-12-26,0.3263875639024775,0.21216923180678496,True
2002-12-27,0.33253582116111463,0.20825729388645509,True
2002-12-30,0.3312428015178892,0.1811165030445096,True
2002-12-31,0.28406759503667767,0.18221224819155488,True
2003-01-02,0.2882864593282409,0.2157596719544253,True
2003-01-03,0.37456979498786036,0.21264758083535096,True
2003-01-06,0.3811462125381758,0.2267640981906894,True
2003-01-07,0.4143269509525023,0.22554543713430117,True
2003-01-08,0.4115148113641718,0.23245373457307922,True
2003-01-09,0.41952754400443304,0.22518314471356674,True
2003-01-10,0.4201898418974179,0.21819607063112226,True
2003-01-13,0.4104150257397899,0.21913635684914767,True
2003-01-14,0.40854218796959757,0.2190741631428963,True
2003-01-15,0.4173951053409762,0.21480850853825922,True
2003-01-16,0.41752521913764634,0.19961590378370073,True
2003-01-17,0.38469458381068733,0.20316315142754768,True
2003-01-21,0.3856229261691421,0.20352091190119326,True
2003-01-22,0.4021442514793779,0.20560996625254097,True
2003-01-23,0.3976634538905453,0.20281268280271803,True
2003-01-24,0.3848167056412525,0.21918983351389315,True
2003-01-27,0.4170611491261739,0.2244528111975877,True
2003-01-28,0.4190164623104301,0.229585841621001,True
2003-01-29,0.4252138351533016,0.22660406648908682,True
2003-01-30,0.3993762220751082,0.2334990660384336,True
2003-01-31,0.4069054656669248,0.23767530481579724,True
2003-02-03,0.41325302114472157,0.20854645053828913,True
2003-02-04,0.3515528412741711,0.20809166704669962,True
2003-02-05,0.3486864571565566,0.18409073368564854,True
2003-02-06,0.32204338063915133,0.18368724663820862,True
2003-02-07,0.32646442768830364,0.1799619563328186,True
2003-02-10,0.32855844451118105,0.16424610705765813,True
2003-02-11,0.3064117691163326,0.1627259317991295,True
2003-02-12,0.3040768718912879,0.16671636851799104,True
2003-02-13,0.3141187704101111,0.16385933837786115,True
2003-02-14,0.3056397098859506,0.18204650348042137,True
2003-02-18,0.33397543167633853,0.19647636910834637,True
2003-02-19,0.3636515582617126,0.1915984144985715,True
2003-02-20,0.3658875763904699,0.1861425245649645,True
2003-02-21,0.35457521375413714,0.19146172243797566,True
2003-02-24,0.3782500193949336,0.19216159023605486,True
2003-02-25,0.3894614542901503,0.17675906445920186,True
2003-02-26,0.36152752184941433,0.1744022476885929,True
2003-02-27,0.35686571924706256,0.17304446085895656,True
2003-02-28,0.35214697341298073,0.17390735683866024,True
2003-03-03,0.36495803492494683,0.16428242268482854,True
2003-03-04,0.34500279115842514,0.16131730927509907,True
2003-03-05,0.34016403753513297,0.16256919666595954,True
2003-03-06,0.33874616465402474,0.1640050663742253,True
2003-03-07,0.3524426091756715,0.16357276331189669,True
2003-03-10,0.34188458716400005,0.17387083169996279,True
2003-03-11,0.36953015829791974,0.1729929248425292,True
2003-03-12,0.36251806724548746,0.17119671351777474,True
2003-03-13,0.34566153164010033,0.20225692257855513,True
2003-03-14,0.39336483478255707,0.19416617071006317,True
2003-03-17,0.371741746818236,0.22489855368267075,True
2003-03-18,0.42819267563807095,0.22050665021685623,True
2003-03-19,0.4188440094939816,0.2140874021659783,True
2003-03-20,0.4027086471534203,0.21255859641907152,True
2003-03-21,0.4014500475173204,0.21765216450152236,True
2003-03-24,0.4024944657942345,0.24503026249638635,True
2003-03-25,0.4487693254418149,0.23962594738837611,True
2003-03-26,0.4437567135508119,0.2409222572347481,True
2003-03-27,0.44636357631844054,0.23553295614964181,True
2003-03-28,0.443463448941949,0.23562018771515866,True
2003-03-31,0.44063645989939837,0.2539729067728635,True
2003-04-01,0.4552392107839401,0.2557907906224389,True
2003-04-02,0.4586660078993056,0.264212121570792,True
2003-04-03,0.45896389344070737,0.2647272267348286,True
2003-04-04,0.46206110115672383,0.2610232555118072,True
2003-04-07,0.453329109974231,0.2611617763621277,True
2003-04-08,0.45377821182238937,0.2502383023052521,True
2003-04-09,0.4292058504914412,0.2525703551247593,True
2003-04-10,0.43593357827194495,0.25254201211043636,True
2003-04-11,0.4424424318594311,0.23365146525779618,True
2003-04-14,0.4265103423418732,0.24110384690077086,True
2003-04-15,0.4493431442065982,0.2139944228993728,True
2003-04-16,0.39240337372301115,0.21280843195623356,True
2003-04-17,0.3884972216612381,0.2198723732795514,True
2003-04-21,0.4071537498036934,0.21935026627365503,True
2003-04-22,0.4061098161844407,0.21884509204857341,True
2003-04-23,0.416581202803279,0.18550168235713543,True
2003-04-24,0.3302766529462957,0.18641381507381827,True
2003-04-25,0.32098087957811233,0.19387048983339433,True
2003-04-28,0.3415863620272419,0.2020524888235572,True
2003-04-29,0.3622320892973233,0.19942710805923064,True
2003-04-30,0.36009929335862156,0.17128524922868943,True
2003-05-01,0.32635207914070546,0.17022159006741286,True
2003-05-02,0.3265450919255607,0.16025415145489103,True
2003-05-05,0.3134076891512472,0.15921540853766855,True
2003-05-06,0.3085109130538462,0.16002595206336342,True
2003-05-07,0.31481344768877895,0.16048774919373757,True
2003-05-08,0.31879405577524117,0.16389181028296176,True
2003-05-09,0.3259681809350234,0.16492501834329418,True
2003-05-12,0.32479082891632827,0.16693971860349904,True
2003-05-13,0.3351292579455358,0.16578316949191413,True
2003-05-14,0.33147033216522814,0.15739692288113227,True
2003-05-15,0.3064100825263747,0.15766814693819947,True
2003-05-16,0.3091412290892724,0.1532801708882044,True
2003-05-19,0.30149375582213045,0.1629827526914685,True
2003-05-20,0.3316740220340948,0.16342046098890045,True
2003-05-21,0.3274435485473826,0.15244405785959142,True
2003-05-22,0.3002281577981888,0.15489540660930085,True
2003-05-23,0.3143589198545965,0.15142789614099525,True
2003-05-27,0.31434798532137126,0.15035598572742667,True
2003-05-28,0.3038481018733266,0.1418269778401984,False
2003-05-29,0.2778425441861813,0.14278014636461253,False
2003-05-30,0.28391807436827404,0.15079770895109806,False
2003-06-02,0.3128416618789609,0.1497571284903097,False
2003-06-03,0.3082446708538141,0.1432493806264607,False
2003-06-04,0.28908469852284874,0.1447395188853667,False
2003-06-05,0.2933004237958426,0.14411956298994857,False
2003-06-06,0.29115137406943864,0.14348661236683505,False
2003-06-09,0.2879499492102813,0.14576159304068975,False
2003-06-10,0.2929517221320178,0.1385725514158319,False
2003-06-11,0.28231646745062344,0.1398808252067474,False
2003-06-12,0.2835121496145194,0.1381424594667583,False
2003-06-13,0.2775594986667399,0.14775700219265947,False
2003-06-16,0.2968892926619209,0.1589295445818813,False
2003-06-17,0.3309464929478597,0.1576848893445158,False
2003-06-18,0.32590741969823134,0.13689025333064483,False
2003-06-19,0.2719002741883022,0.1469339783233957,False
2003-06-20,0.2977820209339598,0.14754253761554564,False
2003-06-23,0.30437199576907886,0.15933805969929027,False
2003-06-24,0.3293472639650602,0.15941905498250455,False
2003-06-25,0.33397413128250136,0.14736967071249255,False
2003-06-26,0.31563165651246666,0.1489715343948839,False
2003-06-27,0.32531938045658826,0.15167434945802125,False
2003-06-30,0.33733829992426373,0.13983263525839776,False
2003-07-01,0.29867525721800753,0.14235076836747737,False
2003-07-02,0.30728438858233054,0.14729375521819604,False
2003-07-03,0.32202602357290744,0.1457898127499032,False
2003-07-07,0.3240636450536959,0.15557572903977301,False
2003-07-08,0.3410051838381605,0.1556057712322468,False
2003-07-09,0.34609503544426845,0.1505584089915935,False
2003-07-10,0.33468010558012157,0.15427199757769472,False
2003-07-11,0.34036338437521774,0.14998103562092246,False
2003-07-14,0.3282245742927557,0.15042359355333879,False
2003-07-15,0.32237242861853777,0.1451494911926189,False
2003-07-16,0.3082448362712727,0.1275832212594238,False
2003-07-17,0.25004362189806273,0.13151270914455118,False
2003-07-18,0.24605343086690443,0.1394451854110168,False
2003-07-21,0.2802958574892474,0.14099842076077815,False
2003-07-22,0.288435074978691,0.14619134609485115,False
2003-07-23,0.298329850178466,0.13693479227868804,False
2003-07-24,0.28461006102268627,0.13936948621000056,False
2003-07-25,0.28973176966855824,0.1435823764691073,False
2003-07-28,0.2978462760384885,0.14141504110990333,False
2003-07-29,0.2916104716560275,0.14027463110417066,False
2003-07-30,0.2882857090613208,0.13969825664721586,False
2003-07-31,0.2868984559482827,0.1373317306578518,False
2003-08-01,0.2762467019007059,0.1351476470913145,False
2003-08-04,0.2753074738283476,0.13296661289222872,False
2003-08-05,0.26610840097421523,0.1318505802524267,True
2003-08-06,0.25718588085902366,0.13123843987498576,False
2003-08-07,0.24787599054190687,0.13307808317981587,False
2003-08-08,0.25418584590108767,0.12768389263791655,False
2003-08-11,0.24021214227207643,0.12553149759989718,False
2003-08-12,0.23460791958515737,0.1331688978884364,False
2003-08-13,0.25913028457256926,0.13271241200563264,False
2003-08-14,0.2623856415540635,0.13318104822453014,False
2003-08-15,0.2682345728418084,0.12805190826466,False
2003-08-18,0.27507448020316866,0.12580155188031494,False
2003-08-19,0.25476433458899816,0.11592343589842292,False
2003-08-20,0.22627079970768846,0.11078475360316628,False
2003-08-21,0.21131073032866615,0.11142724054420179,False
2003-08-22,0.21253580840233788,0.11361220243376853,False
2003-08-25,0.23471566950359826,0.1068820532676926,False
2003-08-26,0.2108863718047089,0.10683045524494804,False
2003-08-27,0.21466004742463204,0.10552321801840503,False
2003-08-28,0.20842419747355667,0.10804139312214774,False
2003-08-29,0.2208440174469107,0.10821947618176432,False
2003-09-02,0.2292226460549035,0.1069577540536212,False
2003-09-03,0.21991267124212624,0.10695815751916211,False
2003-09-04,0.21930401164376936,0.08050101232231865,False
2003-09-05,0.15535619647542726,0.0812172404086375,False
2003-09-08,0.17445451584623267,0.09363261730223804,False
2003-09-09,0.20130919905895692,0.0999682404997845,False
2003-09-10,0.22696930499451873,0.11756190244299472,False
2003-09-11,0.2558163496815944,0.1120382735843958,False
2003-09-12,0.23679941399777463,0.11058598307866317,False
2003-09-15,0.22920262006171527,0.1120037028160199,False
2003-09-16,0.2360702222417673,0.12033202836893743,False
2003-09-17,0.2518245301546168,0.1182896829899408,False
2003-09-18,0.2537590162132354,0.12320639106584244,False
2003-09-19,0.2712953319407614,0.12364467910028348,False
2003-09-22,0.27392558283136287,0.1342810721992425,False
2003-09-23,0.30766189059606835,0.1290706173868886,False
2003-09-24,0.2798918010100415,0.1471613156254027,True
2003-09-25,0.3224385451544372,0.15029269035676965,False
2003-09-26,0.32751242009386206,0.15131257769842785,False
2003-09-29,0.32820123757830083,0.15194286273984556,False
2003-09-30,0.3321383342182097,0.1528829546737622,False
2003-10-01,0.3236054326459239,0.16144750651612966,False
2003-10-02,0.3522713833581879,0.1614302237639086,False
2003-10-03,0.35730734473447173,0.16584685239268024,False
2003-10-06,0.3695199795591006,0.16525670707843246,False
2003-10-07,0.3710853738943675,0.1554320983207811,False
2003-10-08,0.35089453213505706,0.1540726316557021,False
2003-10-09,0.3452120504159328,0.14417228807491117,False
2003-10-10,0.33705190057393175,0.14341228726868527,False
2003-10-13,0.3386724190425674,0.14563965463946424,False
2003-10-14,0.3468702650724944,0.14480238743067175,False
2003-10-15,0.34190385149575764,0.13734192035432358,False
2003-10-16,0.33105150989712967,0.13663196593844062,False
2003-10-17,0.32972202280720386,0.13423683968129668,False
2003-10-20,0.32516695233396375,0.13475808079082252,False
2003-10-21,0.33256706681269105,0.1256194056177127,False
2003-10-22,0.304072987770285,0.13568034696309333,False
2003-10-23,0.3335518955670031,0.11758061577790092,False
2003-10-24,0.2707107955076167,0.114237387565171,False
2003-10-27,0.25959152863024115,0.11179450080182236,False
2003-10-28,0.2504974955908615,0.11945607185327646,False
2003-10-29,0.2506433033083221,0.11569053851284317,False
2003-10-30,0.23966390782557956,0.09995787298596578,False
2003-10-31,0.1765578352107,0.09997143174419525,False
2003-11-03,0.17546379020142058,0.09648439075391557,False
2003-11-04,0.1660563668116019,0.09733556866068123,False
2003-11-05,0.16839038837680956,0.09739425627912235,False
2003-11-06,0.1678201092052447,0.09616228423333172,False
2003-11-07,0.16389448806699689,0.0964901553668796,False
2003-11-10,0.15800891844164322,0.10041834951906609,False
2003-11-11,0.16174058599536154,0.09706249101167096,False
2003-11-12,0.15588603822837332,0.1064678998996969,False
2003-11-13,0.1898362448117377,0.10582645116911098,False
2003-11-14,0.17810629684617563,0.11035551305480266,False
2003-11-17,0.1814486302703967,0.10940267770910107,False
2003-11-18,0.18274383838759228,0.11539052800503635,False
2003-11-19,0.20749397995555874,0.1162801370086405,False
2003-11-20,0.2122562743066837,0.10794378582139928,False
2003-11-21,0.1921149789233658,0.10779767297375775,False
2003-11-24,0.19916603628854967,0.1178495194064578,False
2003-11-25,0.2360696382984253,0.11826684190743676,False
2003-11-26,0.24238412108951435,0.10784271802199212,False
2003-11-28,0.23569560099071513,0.10695948774468497,False
2003-12-01,0.24249012718417795,0.11438388672174778,False
2003-12-02,0.28101705128795446,0.11607200550800502,False
2003-12-03,0.2853951991264286,0.11393083397849717,False
2003-12-04,0.2800308809948014,0.11375500816256624,False
2003-12-05,0.27510154249661506,0.11726743468316182,False
2003-12-08,0.2786312817497694,0.11873404187497093,False
2003-12-09,0.2857076800224283,0.12397731205744397,False
2003-12-10,0.30727482068502254,0.12137445950395433,False
2003-12-11,0.3016833362060802,0.12747985248051472,False
2003-12-12,0.31416531930318575,0.12001662739652436,False
2003-12-15,0.29508402059801103,0.12401082455908091,False
2003-12-16,0.3060751235299899,0.12194769698131581,False
2003-12-17,0.31253948730227143,0.11810775069362085,False
2003-12-18,0.2917604130853245,0.11789954498700553,False
2003-12-19,0.2729950137667144,0.11783880028766645,False
2003-12-22,0.27909969689250624,0.1117869556172454,False
2003-12-23,0.25020181062781716,0.11161152204337185,False
2003-12-24,0.25151908506581794,0.10413167687685555,False
2003-12-26,0.22848203059541977,0.1035444990361212,False
2003-12-29,0.23806890214796234,0.11180143528708414,False
2003-12-30,0.2644517120341281,0.11192578983251858,False
2003-12-31,0.2620566811797582,0.10638462138778657,False
2004-01-02,0.23738627981203653,0.10472828311738372,False
2004-01-05,0.23603292105514984,0.10884390736389747,False
2004-01-06,0.23590430680539082,0.10889742510929316,False
2004-01-07,0.2391192999861268,0.10338477062137344,False
2004-01-08,0.22210537784045614,0.10315882076474613,False
2004-01-09,0.20891772747158852,0.09972280315006131,False
2004-01-12,0.19463934561723234,0.09954576231169349,False
2004-01-13,0.1908680349116067,0.09800324760775234,False
2004-01-14,0.18459590617504135,0.09864472053331255,False
2004-01-15,0.1895260656616696,0.09126723690449759,False
2004-01-16,0.16897705834428403,0.09079553965227395,False
2004-01-20,0.15854569844664157,0.09077426326758288,False
2004-01-21,0.15541589667850064,0.08078723356824401,False
2004-01-22,0.13162611317782838,0.08342698157252036,False
2004-01-23,0.1366735657155141,0.08460609845077453,False
2004-01-26,0.13364803768301253,0.08629965324715604,False
2004-01-27,0.14210190283753785,0.0888050091774553,False
2004-01-28,0.14984019318224678,0.09860418883291598,False
2004-01-29,0.17089022506364757,0.08637341493575372,False
2004-01-30,0.1343202468309149,0.08703435125735554,False
2004-02-02,0.13150336338383017,0.0867624861056689,False
2004-02-03,0.1293485797951649,0.08656859839759636,False
2004-02-04,0.12218252872128803,0.0855314534305295,False
2004-02-05,0.13235954308895723,0.08723558459303508,False
2004-02-06,0.132864638559162,0.1000036614495355,False
2004-02-09,0.16176212734985781,0.09758519214389262,False
2004-02-10,0.16307422615673103,0.09783706719825326,False
2004-02-11,0.1663176779922415,0.09958420318354293,False
2004-02-12,0.17169437232939155,0.09937697958444865,False
2004-02-13,0.17265044317095957,0.10022807995810723,False
2004-02-17,0.17792480615136932,0.1061887470903368,False
2004-02-18,0.19498370554270436,0.10630630614724007,False
2004-02-19,0.20244952638433006,0.10760510832470072,False
2004-02-20,0.2154104563194363,0.10856903112585267,False
2004-02-23,0.21742360871206473,0.10876013311382764,False
2004-02-24,0.21214067566041964,0.10882724048239895,False
2004-02-25,0.2165644466742744,0.10805536138683663,False
2004-02-26,0.21143330249936707,0.10634824420611265,False
2004-02-27,0.20855406786330552,0.09904428067293225,False
2004-03-01,0.19108504643279473,0.1054179034817151,False
2004-03-02,0.21682604229777555,0.10610733941890453,False
2004-03-03,0.22184693927563642,0.106375777634887,False
2004-03-04,0.2246539889768729,0.10656070879947502,False
2004-03-05,0.22752394229538833,0.09851859109140636,False
2004-03-08,0.21809957260655202,0.10297561654549975,False
2004-03-09,0.23373986010117986,0.09437783792719176,False
2004-03-10,0.21360199281366368,0.10786690454995741,False
2004-03-11,0.25762789824559024,0.11217692293142684,False
2004-03-12,0.2830305006015558,0.11777267174606457,False
2004-03-15,0.2997193509975395,0.12610564223340237,False
2004-03-16,0.326388084342031,0.12711288342822713,False
2004-03-17,0.32249179158463054,0.12878232757872973,False
2004-03-18,0.3320196870383917,0.12848621824945683,False
2004-03-19,0.333050678445958,0.13077383431061768,False
2004-03-22,0.34270321692437117,0.1352680740783886,False
2004-03-23,0.3595738069793491,0.1350831203757631,False
2004-03-24,0.364178216875437,0.1350571101887492,False
2004-03-25,0.36130722126783515,0.14081502554990977,False
2004-03-26,0.37139879637420775,0.14039565289864184,False
2004-03-29,0.3700904940203759,0.14997993947488697,False
2004-03-30,0.40080834317715996,0.14514087227226993,False
2004-03-31,0.3881172232708445,0.1450588203593877,False
2004-04-01,0.39202935098990765,0.14732188178536892,False
2004-04-02,0.39377988983307743,0.15045847095524484,False
2004-04-05,0.3888782112248457,0.15217312951096137,False
2004-04-06,0.39029210424371363,0.1502747970430401,False
2004-04-07,0.3844863159852577,0.1490747042368375,False
2004-04-08,0.38408969899300455,0.13875089373932822,False
2004-04-12,0.36787585202851514,0.12745460772966183,False
2004-04-13,0.3215982670031906,0.131313071859867,False
2004-04-14,0.34411829503886326,0.12045630195260484,False
2004-04-15,0.30709562250174327,0.12015451015048394,False
2004-04-16,0.29602877304243785,0.11388023620337795,False
2004-04-19,0.2739584010330352,0.11364649939896293,False
2004-04-20,0.27045803770809274,0.12367950802832528,True
2004-04-21,0.2995937298830688,0.11581919910267456,False
2004-04-22,0.27220356416101105,0.12698130923134868,False
2004-04-23,0.30518025848185926,0.12633353421270424,False
2004-04-26,0.2993284772968994,0.12117349565376895,False
2004-04-27,0.28666036074095574,0.12112117862548494,False
2004-04-28,0.2861811430623962,0.11976136980040372,False
2004-04-29,0.27765784459029796,0.12344300851188389,False
2004-04-30,0.27787717607442447,0.1241906511407947,False
2004-05-03,0.2745842125873622,0.12502400239751552,False
2004-05-04,0.2843679752840788,0.12123450275741052,False
2004-05-05,0.2791267888027283,0.11795283726161791,False
2004-05-06,0.27123146572618434,0.11865073282716283,False
2004-05-07,0.27523232224869726,0.12700594182207417,False
2004-05-10,0.2995120366990261,0.13331440791834653,False
2004-05-11,0.32259876106512786,0.13716486899739172,False
2004-05-12,0.33138697531515365,0.13136117949238663,False
2004-05-13,0.3057010839483848,0.13127719892875095,False
2004-05-14,0.30907848266147686,0.1312781174189948,False
2004-05-17,0.31798349928683245,0.13212094253739712,False
2004-05-18,0.3233689834636113,0.13641308417102468,False
2004-05-19,0.33215729849186854,0.12684951470510572,False
2004-05-20,0.30158890562611196,0.12561702995207014,False
2004-05-21,0.29623615664617275,0.1102480414407564,False
2004-05-24,0.25215260421861685,0.11183815086441669,False
2004-05-25,0.25589656290164975,0.12589650815646064,False
2004-05-26,0.30844576406398533,0.12669681930535323,False
2004-05-27,0.30902957864456243,0.12452158629649934,False
2004-05-28,0.31071635032080047,0.11894746149546728,False
2004-06-01,0.3098444912496781,0.11710416755024221,False
2004-06-02,0.3073134157159012,0.11431035650788127,False
2004-06-03,0.29361618331811934,0.11781592222504851,False
2004-06-04,0.3067645610851159,0.1199977165451167,False
2004-06-07,0.31228500662630854,0.12781577607758038,False
2004-06-08,0.34179710109842365,0.11461998512377,False
2004-06-09,0.30329245550984896,0.10702899464290466,False
2004-06-10,0.27304481478346543,0.10500779241086144,False
2004-06-14,0.27971570561036535,0.1118565927809466,False
2004-06-15,0.3111847137017641,0.11404204778387507,False
2004-06-16,0.3158630977851989,0.11339984864292776,False
2004-06-17,0.32078126568906773,0.10475291909312269,False
2004-06-18,0.28584641269707384,0.10313206805869322,False
2004-06-21,0.2886272210735801,0.10394901956475656,False
2004-06-22,0.29280347749820446,0.10426139971201263,False
2004-06-23,0.29162867503196965,0.10699992808147947,False
2004-06-24,0.2934173731228075,0.10790907763803599,False
2004-06-25,0.3071484592203044,0.09935182478561752,False
2004-06-28,0.26568917565684197,0.09965716070986372,False
2004-06-29,0.2642593724408635,0.09664516726910813,False
2004-06-30,0.24671794560570848,0.09736765461555018,False
2004-07-01,0.24914130270391233,0.10622807558774026,False
2004-07-02,0.27071476333167055,0.10666122027801876,False
2004-07-06,0.27081347015595997,0.10587050479586291,False
2004-07-07,0.261468345939504,0.10413374390126963,False
2004-07-08,0.25735737240127043,0.0948460704698794,False
2004-07-09,0.20916486272222765,0.09594890040939029,False
2004-07-12,0.21533044506143903,0.0910797428039503,False
2004-07-13,0.1981876484606706,0.09003485333092985,False
2004-07-14,0.19069932674794937,0.08628188898138717,False
2004-07-15,0.15314858401812123,0.0794189484353587,False
2004-07-16,0.13429978657971436,0.07906277952905066,False
2004-07-19,0.12895390662142361,0.07905659565657146,False
2004-07-20,0.12533790893490165,0.08290602912718428,False
2004-07-21,0.13128088404865187,0.09800074576918823,True
2004-07-22,0.18117278348829616,0.09556876762776274,False
2004-07-23,0.16609350195649886,0.09352798889685549,False
2004-07-26,0.15452123586898744,0.0935469462613837,False
2004-07-27,0.15485885342401978,0.10523577560406515,False
2004-07-28,0.18488139394873543,0.10579955871598584,False
2004-07-29,0.18582772685872806,0.1110270534854063,False
2004-07-30,0.18898713989985158,0.11008140349479512,False
2004-08-02,0.1817515310324,0.10584141534128119,False
2004-08-03,0.17594294581123074,0.10799231604328402,False
2004-08-04,0.1790375631071497,0.10457804279192717,False
2004-08-05,0.17021305476021725,0.11740536057274628,True
2004-08-06,0.21868786858349226,0.133545991436075,True
2004-08-09,0.241781342803817,0.13277108653516412,False
2004-08-10,0.23651563433918843,0.1446176887435192,False
2004-08-11,0.27131323722834333,0.14444545230898084,False
2004-08-12,0.26258808944537315,0.14867386201319613,False
2004-08-13,0.2816368053784333,0.1489332920852367,False
2004-08-16,0.2897278699285722,0.15883335943900492,False
2004-08-17,0.32481397857035577,0.15902707059499357,False
2004-08-18,0.325652448018562,0.1652183657175292,False
2004-08-19,0.34946908111342007,0.15648621585390965,False
2004-08-20,0.3294194871134424,0.16107788777016732,False
2004-08-23,0.3584948460900428,0.155273375433099,False
2004-08-24,0.3550303182199056,0.15454487119469984,False
2004-08-25,0.35619320558427175,0.1523853542829337,False
2004-08-26,0.3625574362129899,0.15245315151695424,False
2004-08-27,0.37048984097997767,0.15062079542909462,False
2004-08-30,0.3870875458423976,0.15345684236120458,False
2004-08-31,0.40622025110952054,0.15384495998460535,False
2004-09-01,0.4102250569455825,0.15174980702527197,False
2004-09-02,0.40037796748308957,0.1566648825561666,False
2004-09-03,0.41993441359846767,0.14588056700644758,False
2004-09-07,0.36696137075247387,0.12311091583050474,False
2004-09-08,0.32588719498693464,0.1267935132303169,False
2004-09-09,0.3426346124796844,0.11988046327870916,False
2004-09-10,0.3092426924335743,0.11918884585015965,False
2004-09-13,0.31710789457633404,0.10533955873840274,False
2004-09-14,0.27312334165909286,0.10495648694232805,False
2004-09-15,0.2712272630314404,0.10254153270533124,False
2004-09-16,0.25121232583365305,0.10255121071206565,False
2004-09-17,0.2548043751569312,0.09401808123280427,False
2004-09-20,0.22367002792411986,0.09456962329195669,False
2004-09-21,0.21923412495877026,0.09051762865904155,False
2004-09-22,0.19721031130860717,0.10517319165429675,False
2004-09-23,0.24548241901237228,0.10721971409760372,False
2004-09-24,0.2556736973980191,0.10388302096039671,False
2004-09-27,0.24398180128983413,0.10729138343709572,False
2004-09-28,0.2560989045648066,0.10977969439618512,False
2004-09-29,0.26202453101450385,0.10469777853757485,False
2004-09-30,0.24175066020309918,0.10409455426904325,False
2004-10-01,0.22971756307298855,0.11682622537559845,False
2004-10-04,0.2844186291506567,0.11174284491633563,False
2004-10-05,0.2627944711926029,0.10816165779329454,False
2004-10-06,0.26405749182013605,0.10657331078700806,False
2004-10-07,0.2603733937004146,0.10851525923074717,False
2004-10-08,0.2702680826479075,0.11336505030718111,False
2004-10-11,0.28538741726079747,0.11067608502737739,False
2004-10-12,0.2854574998224021,0.10984925645075912,False
2004-10-13,0.2865924336493987,0.11366728684495872,False
2004-10-14,0.2966406358213024,0.11425879898613732,False
2004-10-15,0.29647818559562633,0.11549933870253375,False
2004-10-18,0.30101013797156095,0.114385132738632,False
2004-10-19,0.2930387482621229,0.11816860486469344,False
2004-10-20,0.2903251818804426,0.11639346003589882,False
2004-10-21,0.28528329501027405,0.10804849723823125,False
2004-10-22,0.25068209876956743,0.11109836595820934,False
2004-10-25,0.2508811885497402,0.11103875590488164,False
2004-10-26,0.248325289862222,0.11720516140618252,False
2004-10-27,0.2691182640914249,0.11824636079459568,False
2004-10-28,0.2620020844217516,0.11800193348892313,False
2004-10-29,0.25950219803756913,0.11795761281954788,False
2004-11-01,0.2630914055891134,0.10488861409109429,False
2004-11-02,0.21907287226716718,0.10429676831049318,False
2004-11-03,0.21814775832006303,0.11421771928925624,False
2004-11-04,0.24775380945368816,0.12260298713168498,False
2004-11-05,0.27665587073108067,0.11857449986824849,False
2004-11-08,0.2545062383768471,0.11253840894390084,False
2004-11-09,0.24275399731596545,0.11252262274400944,False
2004-11-10,0.24105747676279118,0.1117309304511175,False
2004-11-11,0.23882930721229456,0.10637529702583541,False
2004-11-12,0.22565234864249442,0.10399158440011853,False
2004-11-15,0.22359290888698027,0.10477437873123364,False
2004-11-16,0.22420544473758258,0.10999141433309606,False
2004-11-17,0.24431816445681206,0.10111220424190083,False
2004-11-18,0.23024573481970803,0.10177056998289538,False
2004-11-19,0.23947957429618213,0.11255551490154937,False
2004-11-22,0.28062985283872494,0.10521876539161544,False
2004-11-23,0.2588863253081333,0.10463223009554047,False
2004-11-24,0.2571881326917153,0.09931884701235694,False
2004-11-26,0.24567021929007682,0.09629277394137906,False
2004-11-29,0.25621278990523755,0.09764984779321907,False
2004-11-30,0.2688538559595891,0.09963632882294313,False
2004-12-01,0.27549233001921525,0.10434803212661278,False
2004-12-02,0.2825504596846253,0.10333132479366201,False
2004-12-03,0.27131104813820106,0.09644841721229322,False
2004-12-06,0.23626294065737735,0.08699996501073039,False
2004-12-07,0.19781249732602763,0.1012889949962424,False
2004-12-08,0.24826243630697287,0.10160110390302371,False
2004-12-09,0.24484633873794706,0.1016189797051563,False
2004-12-10,0.2441576568995243,0.10144180409158603,False
2004-12-13,0.2462679151774305,0.1051084671730041,False
2004-12-14,0.2559301802524313,0.10028804667068089,False
2004-12-15,0.2422514321480229,0.10078554657798997,False
2004-12-16,0.2464306451425181,0.09806833378386814,False
2004-12-17,0.23022392965840366,0.09722829151104688,False
2004-12-20,0.2266517272384995,0.0974437412024294,False
2004-12-21,0.22428103995249762,0.09059505013771504,False
2004-12-22,0.1986095220509649,0.089101295437902,False
2004-12-23,0.19235781208236763,0.08918295295289107,False
2004-12-27,0.19450397855964055,0.09078330209624229,False
2004-12-28,0.20159265795244577,0.09347301848407585,False
2004-12-29,0.2135612679160835,0.09319879756192098,False
2004-12-30,0.21425595031848263,0.09180671564005494,False
2004-12-31,0.20998758559109798,0.08462811383112494,False
2005-01-03,0.19843071035366336,0.0971835104373977,False
2005-01-04,0.24582792869659423,0.10845975667407631,False
2005-01-05,0.29233795635171234,0.1115359057562326,False
2005-01-06,0.30275532641280056,0.1023981653424209,False
2005-01-07,0.2670112452002877,0.10192906768389116,False
2005-01-10,0.2692091897076675,0.10282053310288031,False
2005-01-11,0.27535589301202273,0.11024845231596092,False
2005-01-12,0.2866831702317902,0.10415008777834997,False
2005-01-13,0.2647859029196168,0.10337965159107342,False
2005-01-14,0.263362429578038,0.10584349377637962,False
2005-01-18,0.2796284767311944,0.1118822251809434,False
2005-01-19,0.30743803690670285,0.11422368104446559,False
2005-01-20,0.32927573722348624,0.115844575137673,False
2005-01-21,0.3418239255362932,0.11120744129392804,False
2005-01-24,0.3207407277571929,0.11032956193651315,False
2005-01-25,0.31091693449892027,0.1115159998434324,False
2005-01-26,0.29967319560363515,0.11641129997634128,False
2005-01-27,0.31123501419402755,0.11275212021820408,False
2005-01-28,0.28290292636864495,0.11324866904828235,False
2005-01-31,0.27205411737523827,0.12184970578718143,False
2005-02-01,0.29791278006285393,0.12553599191323628,False
2005-02-02,0.3006590480493286,0.12094129283132522,False
2005-02-03,0.28702890167834527,0.11012375555694917,False
2005-02-04,0.2549515517862595,0.11255486589523261,False
2005-02-07,0.25717723050727287,0.1128229326045717,False
2005-02-08,0.2566212239616349,0.11217917930270069,False
2005-02-09,0.25186624730122037,0.11669658411435967,False
2005-02-10,0.2642081710127081,0.10870728214782867,False
2005-02-11,0.2544126798029305,0.10955548320038551,False
2005-02-14,0.25706567986479223,0.10557259224989428,False
2005-02-15,0.24487221207992688,0.10360147166305202,False
2005-02-16,0.2353877642395912,0.10000476503956872,False
2005-02-17,0.220170073494581,0.10001502033467503,False
2005-02-18,0.22137983383999618,0.09566151209346176,False
2005-02-22,0.19957267559793726,0.10702485763997382,False
2005-02-23,0.25051916922923545,0.10429247887951439,False
2005-02-24,0.2471485236078211,0.10873424659791306,False
2005-02-25,0.26877499299953006,0.11129603768425536,False
2005-02-28,0.2841455360056457,0.11509797154319026,False
2005-03-01,0.3076405920915539,0.11298377821346929,False
2005-03-02,0.3058147515869303,0.10893493395036953,False
2005-03-03,0.2936552175274465,0.10725002096623378,False
2005-03-04,0.28789956327417143,0.11111470678450858,False
2005-03-07,0.3023171539863289,0.10984618410795048,False
2005-03-08,0.3002410026264168,0.10639321203045055,False
2005-03-09,0.29726498780500715,0.11432838283987228,False
2005-03-10,0.3219981427579525,0.11429294991855068,False
2005-03-11,0.323546086716407,0.11238393429384956,False
2005-03-14,0.322496409644365,0.11226845673085865,False
2005-03-15,0.3209085706335748,0.112956842210092,False
2005-03-16,0.32513393074891844,0.1169683532986598,False
2005-03-17,0.3356192107727387,0.1175796060244507,False
2005-03-18,0.339013782029907,0.11778489133707475,False
2005-03-21,0.34300334794894083,0.11544538114838304,False
2005-03-22,0.3373266564580905,0.11909463557005202,False
2005-03-23,0.3572437565044901,0.11030141826043074,False
2005-03-24,0.31223525599494606,0.10988396094811426,False
2005-03-28,0.3086815676570098,0.10188536728748539,False
2005-03-29,0.2854979483888577,0.09563764553428913,False
2005-03-30,0.25589636207326877,0.11127180049905747,False
2005-03-31,0.3169110786713627,0.10852211245616104,False
2005-04-01,0.30590575850478385,0.1089618559544324,False
2005-04-04,0.3021969999792725,0.10888752312909293,False
2005-04-05,0.2950427078016476,0.09968179261192985,False
2005-04-06,0.2697632866180504,0.09999270363664538,False
2005-04-07,0.27424805260281504,0.10242287700107362,False
2005-04-08,0.28463248203683533,0.09992104445569791,False
2005-04-11,0.28467360311020656,0.09998043345640258,False
2005-04-12,0.28300103470005067,0.10046949000211654,False
2005-04-13,0.2826295737256349,0.10568538370512359,False
2005-04-14,0.29819873450579065,0.11081331351812056,False
2005-04-15,0.30614477271647433,0.11844293951721444,True
2005-04-18,0.3244516291858956,0.11844185202509133,False
2005-04-19,0.3126932597494669,0.1235602234164343,False
2005-04-20,0.32215133146238384,0.12877853774707623,False
2005-04-21,0.333381843384924,0.1442546697606819,False
2005-04-22,0.3766370153114963,0.1453956471984284,False
2005-04-25,0.3842285783127411,0.14961631022705918,False
2005-04-26,0.4047556061198472,0.15245997893971786,False
2005-04-27,0.4136039209084838,0.14912700069741786,False
2005-04-28,0.3982346175698497,0.1399477812104765,False
2005-04-29,0.35927825725832946,0.1453679935844758,False
2005-05-02,0.37636963549620583,0.1463452987861271,False
2005-05-03,0.38198718938069864,0.14631596827048526,False
2005-05-04,0.3787785016612487,0.1514894210208281,False
2005-05-05,0.3875734733325203,0.15129206825133065,False
2005-05-06,0.3852687652027603,0.14978109280965793,False
2005-05-09,0.37333057659092944,0.14799451864177832,False
2005-05-10,0.36573672172633287,0.1517153739547105,False
2005-05-11,0.3794948411035185,0.1509018747423228,False
2005-05-12,0.3745159458819058,0.1480299511557584,False
2005-05-13,0.3685097548049968,0.1419152497012371,False
2005-05-16,0.3518310617547955,0.13271709383847277,False
2005-05-17,0.33944205759576085,0.13507184707508355,False
2005-05-18,0.3541701470262408,0.13741268823003905,False
2005-05-19,0.36209237233224106,0.12789718454352778,False
2005-05-20,0.33462469754756735,0.11342918206282145,False
2005-05-23,0.2943046220045195,0.11062897727244482,False
2005-05-24,0.2939594693931023,0.10710478481767924,False
2005-05-25,0.2816358865712914,0.10260371814365059,False
2005-05-26,0.26377435558189655,0.10408256721924096,False
2005-05-27,0.2847900510560933,0.09800654254978945,False
2005-05-31,0.27230249394577605,0.09747561537554819,False
2005-06-01,0.2687875536621336,0.10134628498532681,False
2005-06-02,0.28537064526056555,0.10095333099178945,False
2005-06-03,0.2891364303019481,0.09890643287637808,False
2005-06-06,0.2917675719745434,0.09909275945430185,False
2005-06-07,0.2944075458859652,0.0990385244040681,False
2005-06-08,0.29468438622143656,0.0985071817891638,False
2005-06-09,0.2928908228066407,0.09160874516881405,False
2005-06-10,0.26218669293102936,0.09222479609450987,False
2005-06-13,0.263970170177773,0.08281510018539782,False
2005-06-14,0.24653202881088138,0.0794751081062447,False
2005-06-15,0.23120106916093763,0.07564039852110811,False
2005-06-16,0.21159939263974087,0.07254724734579487,False
2005-06-17,0.19673790960750262,0.0651952120121989,False
2005-06-20,0.17605342263978724,0.06528718957098711,False
2005-06-21,0.1738314131418814,0.06622935109187418,False
2005-06-22,0.1734740525062778,0.06545269077192135,False
2005-06-23,0.17145183619678328,0.07349191460283228,False
2005-06-24,0.210901163005551,0.07810496341137416,False
2005-06-27,0.23773364489579485,0.07529211588314774,False
2005-06-28,0.21753935368527852,0.08443356421102673,False
2005-06-29,0.25599957401318973,0.08221531518533068,False
2005-06-30,0.2393091117172112,0.08024615614635941,False
2005-07-01,0.23449281696233618,0.08185595000249736,False
2005-07-05,0.24507444430810266,0.08366883369038397,False
2005-07-06,0.2484303034084665,0.08557313687054216,False
2005-07-07,0.2561768099174205,0.0857575765193047,False
2005-07-08,0.2595318491635921,0.09392892392741453,False
2005-07-11,0.2874740432146135,0.09584389931175537,False
2005-07-12,0.29268106561065754,0.09527105359793481,False
2005-07-13,0.29143536959411476,0.09531684967311031,False
2005-07-14,0.2891718624908314,0.09520647974222254,False
2005-07-15,0.27886989004256374,0.09511990451258447,False
2005-07-18,0.2788492649825501,0.09579833146097298,False
2005-07-19,0.2819197899160717,0.09831618049709613,False
2005-07-20,0.28134364132441103,0.10006246623025075,False
2005-07-21,0.27997881038815486,0.10570096616334305,False
2005-07-22,0.2952637427014212,0.1066450317551038,False
2005-07-25,0.29144165549918494,0.10353297715196758,False
2005-07-26,0.28156007410081435,0.09724427719338478,False
2005-07-27,0.2588880284545823,0.09632406118525692,False
2005-07-28,0.2564313272485656,0.09106157414293914,False
2005-07-29,0.23176108706195475,0.09281976362795792,False
2005-08-01,0.24030346669445005,0.08599005071045035,False
2005-08-02,0.22121578345316606,0.08925016905388455,False
2005-08-03,0.2269405084491595,0.08713439266400333,False
2005-08-04,0.21852710187382696,0.09412251530611848,False
2005-08-05,0.2361648210005861,0.09975878541569878,False
2005-08-08,0.2590147332917705,0.09258985735397264,False
2005-08-09,0.2322570138198726,0.0907472989087631,False
2005-08-10,0.22938850110929426,0.09104468649079829,False
2005-08-11,0.2265645666164038,0.09328475193662279,False
2005-08-12,0.23825292255905353,0.09448989808343075,False
2005-08-15,0.2523464871232853,0.09551710835171473,False
2005-08-16,0.23933238023922443,0.10513615245895272,False
2005-08-17,0.26944758515169387,0.10087602099454303,False
2005-08-18,0.2567737204302966,0.09742543064029323,False
2005-08-19,0.25376028634842085,0.09323032971045807,False
2005-08-22,0.24042044559482748,0.09186219505212607,False
2005-08-23,0.24368503671298222,0.09091357943930164,False
2005-08-24,0.23949713561467692,0.09333085117393222,False
2005-08-25,0.2489957691649668,0.09227773033420764,False
2005-08-26,0.2468356238776313,0.09089462095384084,False
2005-08-29,0.2531236247875457,0.09472916703494783,False
2005-08-30,0.266315438480189,0.09499546248409274,False
2005-08-31,0.2682043242311514,0.09560893800980087,False
2005-09-01,0.2720583312048297,0.09645151367688051,False
2005-09-02,0.26657540792274154,0.09013302023051535,False
2005-09-06,0.24224247234990698,0.09442205250164341,False
2005-09-07,0.2629945956795164,0.09369955772022213,False
2005-09-08,0.26224275719365636,0.09176298481239423,False
2005-09-09,0.25437830016685675,0.09457808787188228,False
2005-09-12,0.268604593187083,0.09280097672139805,False
2005-09-13,0.2596618029310175,0.09408913396298951,False
2005-09-14,0.26081667214274085,0.09583086264744825,False
2005-09-15,0.26400523592889724,0.08386608767055596,False
2005-09-16,0.23042896488562448,0.0870999298960633,False
2005-09-19,0.2432032320388636,0.08969178573567844,False
2005-09-20,0.2525847069062525,0.09285271651562425,False
2005-09-21,0.2678034910093951,0.0984291328116985,False
2005-09-22,0.282529184549368,0.09829934170669594,False
2005-09-23,0.2732523342980931,0.09574973017559174,False
2005-09-26,0.2596673112830652,0.09618541681324644,False
2005-09-27,0.2584814352313318,0.09302140561889351,False
2005-09-28,0.2447521681295638,0.09030516568689372,False
2005-09-29,0.23598706236704425,0.09533231589623624,False
2005-09-30,0.2476337330463023,0.09055292360586666,False
2005-10-03,0.2270970229989132,0.09034162783724585,False
2005-10-04,0.22827150274206875,0.09627480848207237,False
2005-10-05,0.24356496067519687,0.10704651431261764,True
2005-10-06,0.2640822364752488,0.10668306521415821,False
2005-10-07,0.26200022823315694,0.10798832388117284,False
2005-10-10,0.2604164744585846,0.10584625502613022,False
2005-10-11,0.25256042740899026,0.10579744106730365,False
2005-10-12,0.25048373440829275,0.10721821946662365,False
2005-10-13,0.24929928750867245,0.1062128937155206,False
2005-10-14,0.23965316741891965,0.1138474422508137,False
2005-10-17,0.2603517279487449,0.1110097003236323,False
2005-10-18,0.24568089446576313,0.11356037661436201,False
2005-10-19,0.2498388195954065,0.12094622761890295,False
2005-10-20,0.2643709612506522,0.1252117905690398,False
2005-10-21,0.27827199653823986,0.12562761925421842,False
2005-10-24,0.27196013328214613,0.14400804677024054,False
2005-10-25,0.3257889727515624,0.14358287841663245,False
2005-10-26,0.32587021245013115,0.14388424842200004,False
2005-10-27,0.3237920136627745,0.1464864452628228,False
2005-10-28,0.3300129690782597,0.15759307669116815,False
2005-10-31,0.35157607825451176,0.16053074177792886,False
2005-11-01,0.3553094323681432,0.16070069121595892,False
2005-11-02,0.3535496092588434,0.16178177390595352,False
2005-11-03,0.3613838522447253,0.14753972711477187,False
2005-11-04,0.3206709622791186,0.14607190744276458,False
2005-11-07,0.32100810734893936,0.14607956210222292,False
2005-11-08,0.3236209509866772,0.1421797395671029,False
2005-11-09,0.3193247773309015,0.1411426702623998,False
2005-11-10,0.31688366618880376,0.1364627738512309,False
2005-11-11,0.3068744238708839,0.13577933025209127,False
2005-11-14,0.3061248023808491,0.13418799822168295,False
2005-11-15,0.3063978690427557,0.1355778686336713,False
2005-11-16,0.3093542171141544,0.12888018950371782,False
2005-11-17,0.29505906555429623,0.12769583106611393,False
2005-11-18,0.2986943391582679,0.11330948544856931,False
2005-11-21,0.2552778188203973,0.11330891162591661,False
2005-11-22,0.26323575946846395,0.09730539378510156,False
2005-11-23,0.21352177929650293,0.09592339221456414,False
2005-11-25,0.2076749233930958,0.09336279972992981,False
2005-11-28,0.20310464001066875,0.09285566704504199,False
2005-11-29,0.20218521722460134,0.07343408366193277,False
2005-11-30,0.13709568538064787,0.07119609302610551,False
2005-12-01,0.14656086269492094,0.08345151906333655,False
2005-12-02,0.1850009481136146,0.07923467870695679,False
2005-12-05,0.1737614817374818,0.0815917144768536,False
2005-12-06,0.18982354774735982,0.08132991734989888,False
2005-12-07,0.19200128366843164,0.08598251289924592,False
2005-12-08,0.21454687711347242,0.08555075100548813,False
2005-12-09,0.20724662070160776,0.08633911078315905,False
2005-12-12,0.20936758430377755,0.08492456642753321,False
2005-12-13,0.2059011388164268,0.08602813069989146,False
2005-12-14,0.20667611865334345,0.08602565095378262,False
2005-12-15,0.2071556373719568,0.08533011359367985,False
2005-12-16,0.20865181815057524,0.08602902581477194,False
2005-12-19,0.21003343946263195,0.08477843829768479,False
2005-12-20,0.19994846055455281,0.08503930351945162,False
2005-12-21,0.1986224901993184,0.08491489538885098,False
2005-12-22,0.19740869876853237,0.08640524932445029,False
2005-12-23,0.21355229258008482,0.08600634991509469,False
2005-12-27,0.21521005335064797,0.08849787723404968,False
2005-12-28,0.22625907080419969,0.08349960709497627,False
2005-12-29,0.21446016910694887,0.08542635315663322,False
2005-12-30,0.22428678852999268,0.08759828944553814,False
2006-01-03,0.23353323229999917,0.09036762042214147,False
2006-01-04,0.24926498382930787,0.09260531627487179,False
2006-01-05,0.24983012112779807,0.09112546586656299,False
2006-01-06,0.2425671876544946,0.09720494692629379,False
2006-01-09,0.26191903088027746,0.0923037666502373,False
2006-01-10,0.24067693450423805,0.09175236617201742,False
2006-01-11,0.24139660741541416,0.09121457673994836,False
2006-01-12,0.23717354078641573,0.09502490846301198,False
2006-01-13,0.25312540127606686,0.09431233284162822,False
2006-01-17,0.249783172628664,0.09573109791492099,False
2006-01-18,0.2536733956513727,0.097396246008393,False
2006-01-19,0.25181949166051465,0.102105497327119,False
2006-01-20,0.2621463624726685,0.11752426921374848,True
2006-01-23,0.327114586790769,0.11761691675932602,False
2006-01-24,0.32446049107205305,0.11869318734716157,False
2006-01-25,0.31816380883899814,0.11698752333180082,False
2006-01-26,0.30369859543200417,0.12092949445028527,False
2006-01-27,0.2961579144518932,0.12012857585744159,False
2006-01-30,0.29103967443271517,0.11995839888157796,False
2006-01-31,0.28858048254075197,0.11892561070748107,False
2006-02-01,0.284600552170903,0.11529077028224716,False
2006-02-02,0.26352567536298943,0.11012139671462122,False
2006-02-03,0.24629748262549456,0.10943019591127097,False
2006-02-06,0.24807630895716232,0.11015980330062516,False
2006-02-07,0.2491399749002827,0.10614735570507397,False
2006-02-08,0.23235124016044614,0.10731809094887844,False
2006-02-09,0.2355287254365705,0.10734060146297048,False
2006-02-10,0.22406175362388908,0.10738272468604325,False
2006-02-13,0.22720825647983633,0.10648316983859095,False
2006-02-14,0.22336028640274194,0.11231527905301704,False
2006-02-15,0.24577716129918006,0.11117596695846618,False
2006-02-16,0.23960789824488485,0.11318439321568823,False
2006-02-17,0.2501718374077503,0.1084983483981269,False
2006-02-21,0.2431979252552608,0.0885843860117256,False
2006-02-22,0.18184995830518946,0.0906061312316471,False
2006-02-23,0.1916615058165652,0.0909124149556645,False
2006-02-24,0.1996969950116186,0.09042789388110649,False
2006-02-27,0.20032532104548112,0.0860880669428168,False
2006-02-28,0.2017976519993962,0.09436116492767321,False
2006-03-01,0.23585959081041807,0.09935838834518634,False
2006-03-02,0.24876860726378894,0.09879711781961782,False
2006-03-03,0.2474035706391705,0.09893788815780032,False
2006-03-06,0.2505736603786072,0.0979383983601562,False
2006-03-07,0.24129759737854503,0.09901585085527465,False
2006-03-08,0.2388948279769279,0.09783897197219739,False
2006-03-09,0.2414653008546656,0.09595925726268283,False
2006-03-10,0.24031343127945287,0.0972596210501894,False
2006-03-13,0.2567388821268701,0.09747696063040868,False
2006-03-14,0.2569321255894463,0.10418949920330614,False
2006-03-15,0.2766106952321908,0.10325119083360618,False
2006-03-16,0.2727293962360709,0.09810545203629963,False
2006-03-17,0.25383049970253435,0.09824024148853096,False
2006-03-20,0.24984733827011027,0.09317206088330202,False
2006-03-21,0.2367478688685174,0.09687550767772846,False
2006-03-22,0.25434761349223545,0.09897875827487694,False
2006-03-23,0.2582597339546658,0.09602673514002537,False
2006-03-24,0.2502824819282543,0.09628874898925206,False
2006-03-27,0.24767712454334556,0.0964801952093709,False
2006-03-28,0.2540338819723213,0.10008523267844537,False
2006-03-29,0.27522395814035167,0.09609177004021616,False
2006-03-30,0.25481324913253856,0.09172448083744622,False
2006-03-31,0.24626055899945834,0.09267480614313833,False
2006-04-03,0.25291747030649203,0.09224472631553367,False
2006-04-04,0.2484743819390592,0.08764437297949869,False
2006-04-05,0.2392615224452599,0.08528930943721533,False
2006-04-06,0.23873073432701117,0.08675761086163393,False
2006-04-07,0.24113868350071646,0.0943437838532084,False
2006-04-10,0.2777718071819402,0.09188856393151591,False
2006-04-11,0.2644503048855289,0.097225930057213,False
2006-04-12,0.28681274712355537,0.0896023795174178,False
2006-04-13,0.25693134563423553,0.08786836897667795,False
2006-04-17,0.24779368336235544,0.08776699292880447,False
2006-04-18,0.2503711082434478,0.10727231367471371,False
2006-04-19,0.32889067030918595,0.1095054885666154,False
2006-04-20,0.32345706541397007,0.10558150672918643,False
2006-04-21,0.3033217863754221,0.10305083954780316,False
2006-04-24,0.2939010115998959,0.1028567359329933,False
2006-04-25,0.28899859992075716,0.10284654518095766,False
2006-04-26,0.2830161560815165,0.1027516766022149,False
2006-04-27,0.27020799657078987,0.09799703584261424,False
2006-04-28,0.24331357314548333,0.0929476343169348,False
2006-05-01,0.21501843361945208,0.09322633190083983,False
2006-05-02,0.20897559973482788,0.0965322629471974,False
2006-05-03,0.21370310506486045,0.09733359602172081,False
2006-05-04,0.21500373982835835,0.0963208009245719,False
2006-05-05,0.21993213083209986,0.09958164679752243,False
2006-05-08,0.23521801309088808,0.09838800200575852,False
2006-05-09,0.23081009660966575,0.08918873352841285,False
2006-05-10,0.19646633004732444,0.09005965234181493,False
2006-05-11,0.19885032670479874,0.09969347541090005,False
2006-05-12,0.22616095463938957,0.11269943305020662,False
2006-05-15,0.2627321997312141,0.11275521777378217,False
2006-05-16,0.2562596891661633,0.11264599789634039,False
2006-05-17,0.25584136324624895,0.11546113609978215,True
2006-05-18,0.26636526979219455,0.11451234321663356,False
2006-05-19,0.2726843649861303,0.1167039155963236,False
2006-05-22,0.27186617295062543,0.11734053653314228,False
2006-05-23,0.27367376817102645,0.1179127137976549,False
2006-05-24,0.2750458871712745,0.11830469976783566,False
2006-05-25,0.27502172664930924,0.126248243315837,False
2006-05-26,0.29902432505533827,0.12772874274712118,False
2006-05-30,0.31085588663852276,0.1366886604794782,False
2006-05-31,0.35344583575782085,0.14254645424836196,False
2006-06-01,0.3768398708958757,0.14423737230913916,False
2006-06-02,0.3948975976201981,0.145066099482144,False
2006-06-05,0.4007543889151075,0.15582414230165806,True
2006-06-06,0.43222443052349413,0.1499280232428793,False
2006-06-07,0.40803050054279805,0.1499506504719852,False
2006-06-08,0.4050657958285825,0.14986173461422198,False
2006-06-09,0.3987504511448782,0.14980018704028608,False
2006-06-12,0.4011238636957897,0.15200106638938768,True
2006-06-13,0.40655654451451406,0.15169024382932533,False
2006-06-14,0.39750721372536063,0.15609323627926408,False
2006-06-15,0.3943337547296094,0.18236114473143183,True
2006-06-16,0.4569734126706859,0.17110222040343925,False
2006-06-19,0.42403293462035796,0.17283837099118243,False
2006-06-20,0.4298471589014598,0.17167991348609016,False
2006-06-21,0.4356473512718655,0.17612174744819237,False
2006-06-22,0.44918377038986224,0.17536010306891314,False
2006-06-23,0.4514819422684943,0.17533411132919685,False
2006-06-26,0.4538031322324606,0.1709489937387782,False
2006-06-27,0.4437921619571584,0.1716375282390435,False
2006-06-28,0.4445901926661067,0.16497919433592093,False
2006-06-29,0.4171340986713451,0.18055747895755878,True
2006-06-30,0.4634113089004286,0.17577791657805053,False
2006-07-03,0.4434024556358399,0.17794735098323816,False
2006-07-05,0.4586234814392116,0.16897921289549403,False
2006-07-06,0.43139581121632276,0.16844616766765036,False
2006-07-07,0.43161566497197534,0.1690624291058452,False
2006-07-10,0.4337399092794386,0.16898830904687953,False
2006-07-11,0.4373819691313832,0.1693870891782869,False
2006-07-12,0.4388494725156121,0.16386740316576923,False
2006-07-13,0.43171427925562716,0.16530313766806623,False
2006-07-14,0.4448728629519913,0.16521201723863865,False
2006-07-17,0.4573444561172907,0.14144086651765486,False
2006-07-18,0.3918378745385106,0.14178150988148866,False
2006-07-19,0.3860050290441827,0.15646490785405295,False
2006-07-20,0.4178511374182392,0.16253512826872504,False
2006-07-21,0.4152428154424617,0.16244646794763798,False
2006-07-24,0.40855881204007005,0.17363453975671198,False
2006-07-25,0.4290809525014065,0.1760029177345928,False
2006-07-26,0.4320774103396392,0.17543017447496578,False
2006-07-27,0.42179655150217915,0.17201177449172486,False
2006-07-28,0.39645286207468466,0.17719547187715257,False
2006-07-31,0.40689013739478,0.15956635057652868,False
2006-08-01,0.3602034252410158,0.16180240618634434,False
2006-08-02,0.3680157481777605,0.16031351532157886,False
2006-08-03,0.35098850271039955,0.1569020808278624,False
2006-08-04,0.3355506259379017,0.15661217187824203,False
2006-08-07,0.3428187976356987,0.15469796120745716,False
2006-08-08,0.3433697048405479,0.15507072685931497,False
2006-08-09,0.33845511455829164,0.15385315319999754,False
2006-08-10,0.3281511386692842,0.14906739545303754,False
2006-08-11,0.3113975487084425,0.14107891091225522,False
2006-08-14,0.28832924126982074,0.13924640103972552,False
2006-08-15,0.28562361192425983,0.1472835375861986,False
2006-08-16,0.31495222865645245,0.14968582376715425,False
2006-08-17,0.3161995366246122,0.13078822059450054,False
2006-08-18,0.26342373199712654,0.1221642388024309,False
2006-08-21,0.2600438142803884,0.11433032881970079,False
2006-08-22,0.24643955206691118,0.1001999543772134,False
2006-08-23,0.20392088428804878,0.09970843605719594,False
2006-08-24,0.20985685560962544,0.09969768302690456,False
2006-08-25,0.21779633511964613,0.09771531869452364,False
2006-08-28,0.22333483720785643,0.08911870403121289,False
2006-08-29,0.1995669988707119,0.0895748681505219,False
2006-08-30,0.1968402340761794,0.08367943318587048,False
2006-08-31,0.1866729748434124,0.08262379184833814,False
2006-09-01,0.18785467640778047,0.08337851162423161,False
2006-09-05,0.1986358499939333,0.08402719459440876,False
2006-09-06,0.1989709325944787,0.09447949111705348,False
2006-09-07,0.2200593367797658,0.0961512227191491,False
2006-09-08,0.24178915758626315,0.09463824992951259,False
2006-09-11,0.24142029863195347,0.09506552148811326,False
2006-09-12,0.2363078849655043,0.09601203499170638,False
2006-09-13,0.23386676130340317,0.09622472556030603,False
2006-09-14,0.22752102978187866,0.0837275870748578,False
2006-09-15,0.17693999659752688,0.07839619693797228,False
2006-09-18,0.16976632998364932,0.07834391763739594,False
2006-09-19,0.1706073516403832,0.07948261269178998,False
2006-09-20,0.16918513725441803,0.08048889258202832,False
2006-09-21,0.17290597653983683,0.08367079830310892,False
2006-09-22,0.17929731976883148,0.08321773117077293,False
2006-09-25,0.17268575570116865,0.08751452767331959,False
2006-09-26,0.19120814952974569,0.08835608270736607,False
2006-09-27,0.18967945331214564,0.0870939747327084,False
2006-09-28,0.17426193209769,0.0863357743978198,False
2006-09-29,0.1738167813807682,0.08795981904132451,False
2006-10-02,0.183028681266496,0.08828711076671551,False
2006-10-03,0.18238884722137635,0.08696565002181723,False
2006-10-04,0.17491105661104764,0.102269725604786,False
2006-10-05,0.22277548176611012,0.09170653123403504,False
2006-10-06,0.19017939414850388,0.09100231731766628,False
2006-10-09,0.18222828839423758,0.09087954051856852,False
2006-10-10,0.1807406367763993,0.09004475882009977,False
2006-10-11,0.18077317300396936,0.08508704914992103,False
2006-10-12,0.16905545083293472,0.09102732349000393,False
2006-10-13,0.19005471765766688,0.08976290943986383,False
2006-10-16,0.18488366681499532,0.08987455574034571,False
2006-10-17,0.18605189692417204,0.09485888007113565,False
2006-10-18,0.1934851768360989,0.09302075178936957,False
2006-10-19,0.1856307308855768,0.0914920893766089,False
2006-10-20,0.17966418387830244,0.08822212599191394,False
2006-10-23,0.16401679886383583,0.08574037166083354,False
2006-10-24,0.1622274306660673,0.08255653408326179,False
2006-10-25,0.14921486476050042,0.08184812437537155,False
2006-10-26,0.14528838460682614,0.0843102358864193,False
2006-10-27,0.1501032731154295,0.09229300068760894,False
2006-10-30,0.17382962033002675,0.09021285670768124,False
2006-10-31,0.1620881460257776,0.08934254241362166,False
2006-11-01,0.16103689731904375,0.09455090823418895,False
2006-11-02,0.17965694716849762,0.07860824001043566,False
2006-11-03,0.13380939135076692,0.07741491245201408,False
2006-11-06,0.13883253896865053,0.08414570626864432,False
2006-11-07,0.1712660114157469,0.08391499247708452,False
2006-11-08,0.1699681788385076,0.08395881935499867,False
2006-11-09,0.15598714417563242,0.08591673644984968,False
2006-11-10,0.15973297307861928,0.07869976078150678,False
2006-11-13,0.1399251193646152,0.07900117478599278,False
2006-11-14,0.1421215050033611,0.08093118272817287,False
2006-11-15,0.14736198789294966,0.07589097722353008,False
2006-11-16,0.13815344649449196,0.07578966523354734,False
2006-11-17,0.14201818420294357,0.07578789174941226,False
2006-11-20,0.1484959822389491,0.07544055950506064,False
2006-11-21,0.15197155343995383,0.07377606355795872,False
2006-11-22,0.14131734008967195,0.0737654797496594,False
2006-11-24,0.14545280614413772,0.0749661836060719,False
2006-11-27,0.15703324912882458,0.09080324850944829,False
2006-11-28,0.23212761158766648,0.08560150692740653,False
2006-11-29,0.22073860493712238,0.0915310557714785,False
2006-11-30,0.24842662739347507,0.09153456593270898,False
2006-12-01,0.2495383450575798,0.0883782728647723,False
2006-12-04,0.24422741545715448,0.09474226592726041,False
2006-12-05,0.26603551488672295,0.09430947795814375,False
2006-12-06,0.26235050414165717,0.08730718242876047,False
2006-12-07,0.2434043602893129,0.08950420110952614,False
2006-12-08,0.2549802654888734,0.089433419258209,False
2006-12-11,0.2566251449583813,0.08677641051324025,False
2006-12-12,0.2522695786709803,0.08799848302346838,False
2006-12-13,0.25164267794700995,0.0875645150389381,False
2006-12-14,0.25414027437958264,0.08761894459460509,False
2006-12-15,0.255890041359624,0.08736293715172054,False
2006-12-18,0.2565776660115541,0.08932008451269316,False
2006-12-19,0.25988779588907834,0.08962504539121906,False
2006-12-20,0.26096529646462635,0.08961326002941854,False
2006-12-21,0.2637171075401464,0.09067283646209809,False
2006-12-22,0.2721875995596831,0.09263637655140106,False
2006-12-26,0.28435461120761263,0.09359355347208152,False
2006-12-27,0.2869609258399178,0.07720024552964376,False
2006-12-28,0.21939739918062645,0.07757624340006507,False
2006-12-29,0.22616207300435692,0.07255855835414865,False
2007-01-03,0.21302534842809476,0.07300067439729727,False
2007-01-04,0.20764998123690173,0.07176570974801426,False
2007-01-05,0.19289016036832152,0.06814256680638237,False
2007-01-08,0.18834271631257954,0.0663635136129193,False
2007-01-09,0.18298955509002293,0.06659178545112758,False
2007-01-10,0.18412153782975937,0.06624604503882038,False
2007-01-11,0.17559706606710207,0.07245432778419258,False
2007-01-12,0.19403867306946063,0.07474646650885011,False
2007-01-16,0.19158985392596053,0.07339316226402004,False
2007-01-17,0.1953698687876609,0.07343045998080103,False
2007-01-18,0.19328635547857406,0.07547937118799859,False
2007-01-19,0.18753294464629075,0.07685690614866128,False
2007-01-22,0.19117039090030855,0.07886261579704387,False
2007-01-23,0.20254775995675486,0.08080163638914865,False
2007-01-24,0.20409134108354665,0.08415481094514778,False
2007-01-25,0.21003744086657114,0.0909489868166684,False
2007-01-26,0.23132142306370487,0.08865229033851806,False
2007-01-29,0.22215525161442057,0.0877167746162043,False
2007-01-30,0.21114301862896,0.08657349385860698,False
2007-01-31,0.20253581588562752,0.08749523594258919,False
2007-02-01,0.20036617612539145,0.0878908392501658,False
2007-02-02,0.1965913948509189,0.08722434930970706,False
2007-02-05,0.20003308042387521,0.08732372467026646,False
2007-02-06,0.20423875470356112,0.07909813473779827,False
2007-02-07,0.16050417332895747,0.07920380302321098,False
2007-02-08,0.15940319876340078,0.08034081169903583,False
2007-02-09,0.16228659687370178,0.08527292113907664,False
2007-02-12,0.17814544380868289,0.08080930212886984,False
2007-02-13,0.16595288161946367,0.0837561874757596,False
2007-02-14,0.1878309434676245,0.08570906121711284,False
2007-02-15,0.19137740997927277,0.08580634227397019,False
2007-02-16,0.19251090454251205,0.0799710522115053,False
2007-02-20,0.19045454496173495,0.07987001332999952,False
2007-02-21,0.191857714215584,0.07493041452275517,False
2007-02-22,0.1806063355560338,0.07439106935460447,False
2007-02-23,0.18446040392568863,0.07216188246253594,False
2007-02-26,0.17980472382862153,0.059813152679846215,False
2007-02-27,0.13582563244594353,0.1400991953802412,True
2007-02-28,0.4299943988898052,0.14023324880859223,False
2007-03-01,0.42774214570308955,0.13878547828493373,False
2007-03-02,0.4295856212553738,0.14422871012976726,False
2007-03-05,0.4595311903461066,0.14360620748085348,False
2007-03-06,0.45378597045928637,0.15792150216483922,False
2007-03-07,0.49338380531818754,0.15789750984005213,False
2007-03-08,0.4888355576731935,0.1618118123772627,False
2007-03-09,0.49641001368337784,0.1618025738604473,False
2007-03-12,0.5044845617616844,0.16323378836547753,False
2007-03-13,0.5118380799460214,0.17605370683946986,True
2007-03-14,0.5500347068537864,0.17832187433982877,True
2007-03-15,0.5596274462323427,0.1759912120443684,False
2007-03-16,0.5539366921968637,0.17402723597015166,False
2007-03-19,0.5550955451613088,0.17862442673458592,True
2007-03-20,0.5678800194414536,0.18031789428463746,True
2007-03-21,0.5767660286003435,0.19167917341665452,True
2007-03-22,0.6099443480830999,0.1916777759675163,True
2007-03-23,0.6139427872082924,0.19201064267005957,True
2007-03-26,0.6249715920358748,0.191936981936466,True
2007-03-27,0.6279776111961279,0.1925894064030237,True
2007-03-28,0.6327450512485162,0.14950542288975135,False
2007-03-29,0.5194019890533119,0.14950726298097525,False
2007-03-30,0.5276216933411043,0.1483129140102291,False
2007-04-02,0.5239182798417884,0.138450527310526,False
2007-04-03,0.4696248776588895,0.13415242291151694,False
2007-04-04,0.4616606690998454,0.12396866254436667,False
2007-04-05,0.43238683789379795,0.12281504579776596,False
2007-04-09,0.43729120144693434,0.12064697816796088,False
2007-04-10,0.43824108759594294,0.12060253577053116,False
2007-04-11,0.4322973074445302,0.12382415924830631,False
2007-04-12,0.45090773953910374,0.0963013008610312,False
2007-04-13,0.34028039155847045,0.09576309875154651,False
2007-04-16,0.331080429319057,0.09906451494843281,False
2007-04-17,0.34224357800541916,0.09621785057865027,False
2007-04-18,0.32646394307876664,0.09245281876201579,False
2007-04-19,0.2993226884905882,0.09361330109147957,False
2007-04-20,0.29707815465935744,0.07890464041929182,False
2007-04-23,0.23230328701020436,0.0790511531679634,False
2007-04-24,0.23202370753092236,0.07897739321123863,False
2007-04-25,0.22811921857993794,0.08343309712730172,False
2007-04-26,0.23987336435890488,0.0798801426358943,False
2007-04-27,0.21638661119624672,0.07046794180071894,False
2007-04-30,0.17330985886170694,0.08456963985482754,False
2007-05-01,0.21339835500295098,0.08440602459407395,False
2007-05-02,0.2108738181234861,0.08719701217969612,False
2007-05-03,0.22078628897262392,0.08384703016417308,False
2007-05-04,0.20327012701223257,0.08374710043589394,False
2007-05-07,0.20312122466539084,0.08370278172493807,False
2007-05-08,0.20075881796302397,0.08479901115794616,False
2007-05-09,0.2076397425862986,0.08517153170797952,False
2007-05-10,0.21014840215740627,0.09633373315907189,False
2007-05-11,0.2490467738966275,0.10034891521057455,False
2007-05-14,0.264592609135648,0.09976955352538462,False
2007-05-15,0.26576696446164766,0.09653670911170423,False
2007-05-16,0.24967025203209886,0.09715165956760802,False
2007-05-17,0.2551026442995571,0.09822583899347463,False
2007-05-18,0.2607224542264799,0.09918601559053546,False
2007-05-21,0.2645704970369536,0.09518155918057467,False
2007-05-22,0.24938289626308635,0.0954598339675831,False
2007-05-23,0.25234697044012766,0.09813895918198194,False
2007-05-24,0.26382157571938586,0.1008383595180013,False
2007-05-25,0.2704152248114717,0.10352951009707884,False
2007-05-29,0.2835036072556743,0.10410315146067946,False
2007-05-30,0.29375647839511093,0.09839459139803129,False
2007-05-31,0.27553441666033074,0.09844078769587856,False
2007-06-01,0.2763739988772983,0.09595369507521008,False
2007-06-04,0.2756451187507997,0.0955168496116694,False
2007-06-05,0.27683028170553536,0.09761962930301801,False
2007-06-06,0.2885535664104477,0.10604801647646275,False
2007-06-07,0.31997042684477955,0.12299788964946552,True
2007-06-08,0.3854118563799741,0.12869160774521812,False
2007-06-11,0.41223567091248403,0.11901607632344206,False
2007-06-12,0.3724714738989493,0.11741003168559633,False
2007-06-13,0.3724180514303247,0.13005572978219435,False
2007-06-14,0.41953279491796713,0.1305356970623585,False
2007-06-15,0.42381181308300225,0.13365688283703295,False
2007-06-18,0.4355389868435873,0.1336086761725629,False
2007-06-19,0.44064182291054904,0.13167601511733862,False
2007-06-20,0.4296349908373246,0.13936391981184773,False
2007-06-21,0.4487548117148884,0.14277315822189246,False
2007-06-22,0.4525046048649901,0.14760364670252935,False
2007-06-25,0.476395224443647,0.14342094423766397,False
2007-06-26,0.4665542226303883,0.14202945229348568,False
2007-06-27,0.4448750078103304,0.14592457001463563,False
2007-06-28,0.4551389579248555,0.1430825374474481,False
2007-06-29,0.44380624770061683,0.14259659868947427,False
2007-07-02,0.4423169583428947,0.1497533320496315,False
2007-07-03,0.4665332601465999,0.15005831242617207,False
2007-07-05,0.46931957883053177,0.14921289611851093,False
2007-07-06,0.4609733248742809,0.14375065552283578,False
2007-07-09,0.44521301502403193,0.12684516480150881,False
2007-07-10,0.3915764447636792,0.13292432870119142,False
2007-07-11,0.40671751439166764,0.13439572187892926,False
2007-07-12,0.4190336765031607,0.14197752215680579,False
2007-07-13,0.4352959514475273,0.13373084533194549,False
2007-07-16,0.40652152872412567,0.13401826459574423,False
2007-07-17,0.4015937270738888,0.13060507069127805,False
2007-07-18,0.38511751022580715,0.13060628863012216,False
2007-07-19,0.3744652991903046,0.1309077058714316,False
2007-07-20,0.3794953916150441,0.1329500602461733,False
2007-07-23,0.38623213471552503,0.1301596038616642,False
2007-07-24,0.374260789736271,0.14149810552131709,True
2007-07-25,0.3935082574862412,0.14124270630217342,False
2007-07-26,0.382515745545321,0.16651326784474815,True
2007-07-27,0.45040805157159597,0.1718565956153217,True
2007-07-30,0.47250355096198154,0.17677526043708452,False
2007-07-31,0.48119064180347443,0.17957905670093938,True
2007-08-01,0.47919795248088093,0.17438619646140124,False
2007-08-02,0.4495350406754601,0.1760048250287769,False
2007-08-03,0.44487826553328735,0.19543811941623054,True
2007-08-06,0.484394937101243,0.21489140633771237,True
2007-08-07,0.5043019274920304,0.21761015480675935,True
2007-08-08,0.49942526928667896,0.22310870765911897,True
2007-08-09,0.4893912000943264,0.2393659690368781,True
2007-08-10,0.5020511786981864,0.22736418759207938,True
2007-08-13,0.46248932761521483,0.2262471219538508,True
2007-08-14,0.45120841448475507,0.2310094293211226,True
2007-08-15,0.4582484458190102,0.23441510892923084,True
2007-08-16,0.4658179558725313,0.2358919807683484,True
2007-08-17,0.4566375007625165,0.2537708202396301,True
2007-08-20,0.48627946409366535,0.2506208404882589,True
2007-08-21,0.4780558798082576,0.2502067464428073,True
2007-08-22,0.4779349200850624,0.24793715155767054,True
2007-08-23,0.4749836592220615,0.24732019282042725,True
2007-08-24,0.48003897791249317,0.2356671387256918,True
2007-08-27,0.45874050395007326,0.2292844016349218,True
2007-08-28,0.44606873165548283,0.24299334834233596,True
2007-08-29,0.4769035055393813,0.2541136462859258,True
2007-08-30,0.5001207652554299,0.25318982101934273,True
2007-08-31,0.5094186918043001,0.25631686800327863,True
2007-09-04,0.5191983423246903,0.23881631229288694,True
2007-09-05,0.49187469805777956,0.23069988127225416,True
2007-09-06,0.495191747232059,0.22967133558229758,True
2007-09-07,0.49944523919521017,0.2280663645102759,True
2007-09-10,0.5153111465480119,0.20919932584222117,True
2007-09-11,0.4998822083354448,0.21317121933357813,True
2007-09-12,0.5320573955396967,0.21322507273776328,True
2007-09-13,0.5424038641718711,0.2051956482037328,True
2007-09-14,0.527451782648216,0.19437022418845865,True
2007-09-17,0.5154599198117399,0.19661568234002352,True
2007-09-18,0.5597961383275982,0.2047803688693034,True
2007-09-19,0.5833741387999484,0.2053037228953931,True
2007-09-20,0.5901783454577894,0.20731944781220596,True
2007-09-21,0.6001859019814062,0.20380764672383322,True
2007-09-24,0.5962993249907185,0.20414037655731931,True
2007-09-25,0.5916584190663056,0.2009124119883491,True
2007-09-26,0.5749300916758313,0.1985039591810756,True
2007-09-27,0.5732235005700128,0.17252302741763986,False
2007-09-28,0.5023202819388392,0.1588355637883258,False
2007-10-01,0.46626595606447746,0.16359704794813154,False
2007-10-02,0.4763985829019229,0.15971273992030582,False
2007-10-03,0.45948204341232457,0.1598367732515778,False
2007-10-04,0.4513348807993919,0.15211351649537083,False
2007-10-05,0.4294728112629213,0.15411626473923112,False
2007-10-08,0.4361394352937691,0.13729157613204188,False
2007-10-09,0.3764714473331784,0.13795757084759785,False
2007-10-10,0.3719821610043132,0.13492481517177743,False
2007-10-11,0.35531619408996234,0.13801573564136485,False
2007-10-12,0.3633576346787285,0.13768910949958513,False
2007-10-15,0.36372131016020004,0.14264134148493218,False
2007-10-16,0.37675206361476715,0.14288879949231378,False
2007-10-17,0.36916454829905665,0.10481676676229297,False
2007-10-18,0.23988571110057275,0.10243338639755535,False
2007-10-19,0.22949949858781712,0.1313009408070502,True
2007-10-22,0.3245234283596301,0.13197824005131112,False
2007-10-23,0.3244030493042355,0.13439636087202722,False
2007-10-24,0.3308682406330496,0.13441095097654604,False
2007-10-25,0.33299945224996996,0.1326752253759469,False
2007-10-26,0.3147894920620179,0.13771316792641716,False
2007-10-29,0.3189856887090818,0.13658708270106,False
2007-10-30,0.3141382360812383,0.12792304669530566,False
2007-10-31,0.2853019653394851,0.13448851434115905,False
2007-11-01,0.3098424291735633,0.16737530649461396,True
2007-11-02,0.39879220686278505,0.16742010932006743,False
2007-11-05,0.39459483197545525,0.16484401785840355,False
2007-11-06,0.3833667129841805,0.16897137924801364,False
2007-11-07,0.39101526702231987,0.1877847097264478,True
2007-11-08,0.43747665030354543,0.1878558879913689,True
2007-11-09,0.41674006247746836,0.190143214552675,True
2007-11-12,0.410803767410651,0.19023721269247126,True
2007-11-13,0.3906111286675473,0.21384477690034795,True
2007-11-14,0.43512952011397604,0.21339739966809218,True
2007-11-15,0.43107574964502254,0.2144730072814497,True
2007-11-16,0.43297335206356097,0.21511984068275766,True
2007-11-19,0.4294654325598144,0.20772461689460564,True
2007-11-20,0.4058660661016862,0.2062508778827184,True
2007-11-21,0.3981862390842335,0.20518136219593752,True
2007-11-23,0.39577589705936367,0.21409640495056503,True
2007-11-26,0.4206831246466966,0.22306878479464856,True
2007-11-27,0.445510252842112,0.22490696821215594,True
2007-11-28,0.46061682045354124,0.24575187786752145,True
2007-11-29,0.4935163062540178,0.24595129178188363,True
2007-11-30,0.4904794791704385,0.24132822922409244,True
2007-12-03,0.472763930673737,0.22100316074521023,True
2007-12-04,0.43278365196482266,0.22093304181601692,True
2007-12-05,0.43107924918728807,0.22759994600289238,True
2007-12-06,0.44377056162641837,0.23078293828664906,True
2007-12-07,0.44644042193632905,0.2108061687166752,True
2007-12-10,0.40050396830946594,0.21264753327400127,True
2007-12-11,0.41690539247592073,0.2303383386066556,True
2007-12-12,0.46514817421119925,0.2263424121686504,True
2007-12-13,0.4711212658898625,0.20844502158400813,True
2007-12-14,0.4357783920948737,0.21451092339738304,True
2007-12-17,0.4548358653053302,0.2176034330756312,True
2007-12-18,0.4663708358426808,0.2182186375933745,True
2007-12-19,0.47229065459715003,0.20934644877440176,True
2007-12-20,0.4612227678600451,0.21172071157757547,True
2007-12-21,0.4644347674527951,0.21273827479788646,True
2007-12-24,0.4687755784556931,0.20893272245325972,True
2007-12-26,0.4621184952006173,0.19253290451138627,True
2007-12-27,0.43738349746809685,0.19894713787329632,True
2007-12-28,0.4635483909335897,0.17784667458820055,False
2007-12-31,0.422451166687294,0.17972286377522134,True
2008-01-02,0.4348295577775432,0.186020513246014,True
2008-01-03,0.4560658498526084,0.18607635901006528,True
2008-01-04,0.454266884172411,0.20592075874543675,True
2008-01-07,0.479449195587453,0.1974558460718369,True
2008-01-08,0.4470499976026585,0.19501525094063896,True
2008-01-09,0.4269376369679152,0.20079445288307385,True
2008-01-10,0.4365864783287835,0.20005172219513803,True
2008-01-11,0.4277891323198688,0.18542175734741145,True
2008-01-14,0.3890340548344644,0.18975223613115638,True
2008-01-15,0.391398058926759,0.20281079723388032,True
2008-01-16,0.4199518930963293,0.19882114760805272,True
2008-01-17,0.38805606641918294,0.2204968409121752,True
2008-01-18,0.42592342437963576,0.21766825721145378,True
2008-01-22,0.4064775735822656,0.21905139873325866,True
2008-01-23,0.38210613338491767,0.22943372498484563,True
2008-01-24,0.38029059316224806,0.22352535957158845,True
2008-01-25,0.3456677901301577,0.22020165894610688,True
2008-01-28,0.33206155223373995,0.23403582793150357,True
2008-01-29,0.3555434405303351,0.23522807794239384,True
2008-01-30,0.3475531091471331,0.23513364230739678,True
2008-01-31,0.3416765802649548,0.24447060840372525,True
2008-02-01,0.35416546279786815,0.25061795227195816,True
2008-02-04,0.36034106760409435,0.25158143850840164,True
2008-02-05,0.36040376871692903,0.2581010591697475,True
2008-02-06,0.3840316940518343,0.2575688156676688,True
2008-02-07,0.38576213237511997,0.2526717846360654,True
2008-02-08,0.38826948085223945,0.24940711160416726,True
2008-02-11,0.3764857782096286,0.24789240725770736,True
2008-02-12,0.3739541068917613,0.2477268669668736,True
2008-02-13,0.37413619194594344,0.24843920978265166,True
2008-02-14,0.37935602303420946,0.24040466724025764,True
2008-02-15,0.3707859884084137,0.23984645497725993,True
2008-02-19,0.37738540846765595,0.210156881758091,True
2008-02-20,0.32618807893812884,0.21067858466253547,True
2008-02-21,0.33111971565840886,0.21134484642131537,True
2008-02-22,0.34507989700532526,0.2024753189163882,True
2008-02-25,0.3619378555405925,0.20557693306502828,True
2008-02-26,0.3956895108879559,0.20030381196925381,True
2008-02-27,0.3889025858029748,0.19247365668409705,True
2008-02-28,0.37474458455381815,0.19427194340545445,True
2008-02-29,0.38461939496155106,0.21155424691456176,True
2008-03-03,0.4375625346764477,0.20325802606592866,True
2008-03-04,0.4245101151765958,0.19185733449141731,True
2008-03-05,0.40664284498865805,0.19243164479295222,True
2008-03-06,0.41567219287310825,0.17838811850461314,True
2008-03-07,0.3803369314895418,0.1790234223902472,True
2008-03-10,0.3803246455051902,0.18711089397803765,True
2008-03-11,0.3935164650979188,0.230501911203938,True
2008-03-12,0.47640550461099285,0.23127996216960903,True
2008-03-13,0.4750087047594747,0.23029721112346846,True
2008-03-14,0.47845339255295355,0.23593680832043226,True
2008-03-17,0.4951548560101064,0.23346505322890115,True
2008-03-18,0.47356139869493385,0.26892962599987297,True
2008-03-19,0.5384578519732085,0.28034337116188496,True
2008-03-20,0.5252308510901367,0.2869951659635131,True
2008-03-24,0.5357672554725263,0.2909860606668513,True
2008-03-25,0.5341635306131619,0.290231380192077,True
2008-03-26,0.5279442147551363,0.2865033153573775,True
2008-03-27,0.5101894668758916,0.2852072246048624,True
2008-03-28,0.49843057405468316,0.2856283978889117,True
2008-03-31,0.5024662828774804,0.2845043026437499,True
2008-04-01,0.48885560959272195,0.29771097105964184,True
2008-04-02,0.4981272867648255,0.29777134972034747,True
2008-04-03,0.4999080092444271,0.2973577347784411,True
2008-04-04,0.5008767922221313,0.2968705499886172,True
2008-04-07,0.49650667373214824,0.28414521178532853,True
2008-04-08,0.47565321126409665,0.2831789893050268,True
2008-04-09,0.4721636960850012,0.2755733794153788,True
2008-04-10,0.46519965677748193,0.24563816451000384,True
2008-04-11,0.4169934366079421,0.2527501061545841,True
2008-04-14,0.43466952966764333,0.25204755748138663,True
2008-04-15,0.43489001846727254,0.23850937992604174,True
2008-04-16,0.404048700851947,0.2506781762689404,True
2008-04-17,0.43729930042793635,0.21984544974287856,True
2008-04-18,0.37550480829995453,0.20514035231952754,True
2008-04-21,0.34998764335816945,0.19835693023829906,True
2008-04-22,0.35555277701252735,0.19444257309319807,True
2008-04-23,0.3637654287994124,0.19366678866159834,True
2008-04-24,0.35791771717677795,0.19060139447215974,True
2008-04-25,0.3313279387426549,0.1872717525614134,True
2008-04-28,0.3292994486263566,0.1848059818248237,True
2008-04-29,0.3280839509332032,0.18554007793564833,True
2008-04-30,0.32962363567157354,0.1480619491265199,False
2008-05-01,0.23752263107733565,0.16011582376200115,False
2008-05-02,0.2559102002856475,0.16035102890494138,False
2008-05-05,0.2588583027451305,0.16136371576432748,False
2008-05-06,0.2651508158085901,0.16181647448634598,False
2008-05-07,0.26505918155437047,0.1695904852100372,False
2008-05-08,0.29241326036115506,0.1664580533382766,False
2008-05-09,0.2876953092988971,0.1679849023710998,False
2008-05-12,0.2993737378387266,0.15698266685577433,False
2008-05-13,0.2807669871472372,0.1549576986769644,False
2008-05-14,0.2811671475473928,0.15478258529222533,False
2008-05-15,0.2811481638222704,0.13102693574221333,False
2008-05-16,0.2287755442335102,0.13088066036338677,False
2008-05-19,0.23270752903050348,0.12224495033731897,False
2008-05-20,0.21537351554379666,0.1258362969843757,False
2008-05-21,0.22549439996465956,0.13324022706566316,True
2008-05-22,0.2429655956309295,0.13394665800152264,False
2008-05-23,0.2500593619335577,0.13962624116898198,False
2008-05-27,0.2879643166655125,0.1400173419656105,False
2008-05-28,0.295786867244466,0.1409972786396898,False
2008-05-29,0.29717134175661825,0.1413620946255693,False
2008-05-30,0.3009648181218711,0.14081020808474595,False
2008-06-02,0.3064960995067924,0.13143447915208403,False
2008-06-03,0.30435990552460895,0.13064104576914137,False
2008-06-04,0.3025661104673543,0.13028298343695224,False
2008-06-05,0.2983324773011321,0.13870454554449058,False
2008-06-06,0.31943578640033926,0.1706683616154197,True
2008-06-09,0.398978294352811,0.17067296097471432,False
2008-06-10,0.3925371624661553,0.170302062971845,False
2008-06-11,0.38584478911668835,0.17378318540707444,True
2008-06-12,0.38865742405821424,0.17447022318805433,False
2008-06-13,0.38375285979905943,0.1831285596896933,True
2008-06-16,0.401103806765786,0.17916644807401513,True
2008-06-17,0.38891062028861206,0.17935955439128362,True
2008-06-18,0.3870592731125423,0.18457141004651298,True
2008-06-19,0.3977742132339581,0.1856942307785975,True
2008-06-20,0.3924877354565287,0.18435356487625462,True
2008-06-23,0.39002274220370614,0.1824912872837736,True
2008-06-24,0.3806034062833435,0.1790705896417145,True
2008-06-25,0.36143663227258027,0.17724460020080346,False
2008-06-26,0.352413696048421,0.20116339246960294,True
2008-06-27,0.4008565683545833,0.19699053119500787,True
2008-06-30,0.389177611449138,0.19472801425127728,True
2008-07-01,0.3790259057831998,0.19506725311246104,True
2008-07-02,0.373768125596825,0.20233874894578985,True
2008-07-03,0.3791443844820471,0.20131324741690654,True
2008-07-07,0.36823968873927787,0.18837970152543299,True
2008-07-08,0.3399316416026118,0.18988986565412064,True
2008-07-09,0.313718572547596,0.1964673192741521,True
2008-07-10,0.31367207017886994,0.1998319878252298,True
2008-07-11,0.3154330454204636,0.19332418894644565,True
2008-07-14,0.3035747621950511,0.19589168503435214,True
2008-07-15,0.30252873733017444,0.18271389796926463,True
2008-07-16,0.2664399131339508,0.22297453347342736,True
2008-07-17,0.29030049433038274,0.23553398442882686,True
2008-07-18,0.28338702676797545,0.231712170968799,True
2008-07-21,0.2738196016809364,0.23096430682902114,True
2008-07-22,0.26780566233503783,0.23490382716227506,True
2008-07-23,0.25668499236793546,0.23526266537024923,True
2008-07-24,0.2483304134921249,0.2538405315197167,True
2008-07-25,0.2635349211111472,0.2542342941355628,True
2008-07-28,0.2636493901877744,0.23709265531360657,True
2008-07-29,0.21900518800890045,0.25422763006801175,True
2008-07-30,0.24569589641031897,0.25854726617513013,True
2008-07-31,0.25590127423336473,0.2611543916647694,True
2008-08-01,0.2585166529955448,0.25150233965383356,True
2008-08-04,0.24630432726686094,0.2523715020976412,True
2008-08-05,0.24888460297944373,0.2608685552287953,True
2008-08-06,0.27220244438377716,0.25093941110579654,True
2008-08-07,0.2551221666954058,0.24612679558908762,True
2008-08-08,0.25453254047588103,0.25547825943199,True
2008-08-11,0.2774039210099888,0.2535407424657777,True
2008-08-12,0.2721791699955341,0.2501846189030525,True
2008-08-13,0.2706936553801426,0.24730732093110913,True
2008-08-14,0.2727318707919719,0.2260701630775613,True
2008-08-15,0.2691503971897934,0.21931400945331858,True
2008-08-18,0.28134941019764276,0.22439347718890687,True
2008-08-19,0.2968768212079562,0.22791538055849386,True
2008-08-20,0.3082111149269721,0.22288890146205417,True
2008-08-21,0.31963477695288434,0.22271861278903293,True
2008-08-22,0.33599902129717146,0.20123290033540772,True
2008-08-25,0.3215962858728404,0.21264785093283647,True
2008-08-26,0.351983650160523,0.204352323864228,True
2008-08-27,0.34026496478725193,0.18839985158332273,True
2008-08-28,0.32825179618311134,0.1919845547108687,True
2008-08-29,0.33982822999773,0.1920112405011409,True
2008-09-02,0.3511305462443326,0.19267457475693897,True
2008-09-03,0.3483586254823369,0.1898432257236865,True
2008-09-04,0.3494790262556935,0.20165559894442275,True
2008-09-05,0.36868092110331796,0.20171836986669583,True
2008-09-08,0.3730227717905917,0.20543867813137714,True
2008-09-09,0.38029441312117385,0.22054370654334013,True
2008-09-10,0.38791209423614903,0.2191044788649495,True
2008-09-11,0.37973123115458063,0.22119903000244115,True
2008-09-12,0.39471908897207575,0.2237276203847908,True
2008-09-15,0.3994943536254068,0.2614779979549257,True
2008-09-16,0.4440525418362119,0.2742677397521046,True
2008-09-17,0.4353683134526919,0.3128838634225579,True
2008-09-18,0.4961266619680346,0.35929019743339835,True
2008-09-19,0.53446954441148,0.38490850373691204,True
2008-09-22,0.5202826403291813,0.41372074144944304,True
2008-09-23,0.5354194585866355,0.41266174446753723,True
2008-09-24,0.5283356668536643,0.4087694652494583,True
2008-09-25,0.5161167748281833,0.4121690847392908,True
2008-09-26,0.5147804369569384,0.4103368760040304,True
2008-09-29,0.5041356863515242,0.5052619081725587,True
2008-09-30,0.5803990802264617,0.5354284520492483,True
2008-10-01,0.5896708233038644,0.5356450847254957,True
2008-10-02,0.5820396389757724,0.5614460456439229,True
2008-10-03,0.5959559487406291,0.5553891885348204,True
2008-10-06,0.5829901484250491,0.5730739509102085,True
2008-10-07,0.5971463984046904,0.5875731506829815,True
2008-10-08,0.6029505524474159,0.58349699373975,True
2008-10-09,0.5902522688595271,0.6208892604738431,True
2008-10-10,0.6023108560667116,0.6159632109512555,True
2008-10-13,0.5611149552086157,0.741293651850797,True
2008-10-14,0.6353579244342735,0.7335450542749761,True
2008-10-15,0.6162395088260141,0.7852312796395728,True
2008-10-16,0.6416286793328876,0.8013118172913273,True
2008-10-17,0.6436873823377127,0.7726682071375509,True
2008-10-20,0.628254687483241,0.7758967744477935,True
2008-10-21,0.635868714112524,0.7717906610090997,True
2008-10-22,0.6333473933782243,0.7883893328384325,True
2008-10-23,0.6375662045375671,0.7891217875303842,True
2008-10-24,0.6267187172303946,0.7855783369080229,True
2008-10-27,0.6200229682213577,0.7845321961849766,True
2008-10-28,0.6145602672033514,0.8429484995685289,True
2008-10-29,0.6463906904166544,0.8215132273006648,True
2008-10-30,0.6284645166463727,0.8355410599359091,True
2008-10-31,0.6349571802100882,0.8265201135155245,True
2008-11-03,0.6389469471047258,0.8264656026777338,True
2008-11-04,0.6396937507019841,0.8254675320049686,True
2008-11-05,0.6366691779081658,0.8268327257308324,True
2008-11-06,0.6411717751061344,0.8476156694812058,True
2008-11-07,0.65356913198069,0.8120191932013211,True
2008-11-10,0.644254656458028,0.8161674052800482,True
2008-11-11,0.6688482473510333,0.7265389820299883,True
2008-11-12,0.6339817646747408,0.7498622343875923,True
2008-11-13,0.6635030395689429,0.7221591728838953,True
2008-11-14,0.6488259620409715,0.7224925724666731,True
2008-11-17,0.655687946277196,0.726414136772168,True
2008-11-18,0.6619748834185406,0.7055758532067276,True
2008-11-19,0.6498377313423312,0.7395736646494158,True
2008-11-20,0.6693425361158152,0.7510784538570741,True
2008-11-21,0.6661404325654232,0.7895135609638175,True
2008-11-24,0.68604194071094,0.8226889886165116,True
2008-11-25,0.6888818605369872,0.8172276832237717,True
2008-11-26,0.6896724540696405,0.7404521670455028,True
2008-11-28,0.6456992158374737,0.742134085242445,True
2008-12-01,0.6575632012278992,0.8084805204532274,True
2008-12-02,0.69278160376643,0.8195344032041045,True
2008-12-03,0.7000267533507056,0.8276562570361743,True
2008-12-04,0.702585790458753,0.8122423600602802,True
2008-12-05,0.6956477385743949,0.8138549700726188,True
2008-12-08,0.6967208159058971,0.8066459266395755,True
2008-12-09,0.686846600522407,0.799930629163079,True
2008-12-10,0.6773159042124972,0.802587105861454,True
2008-12-11,0.6748750220406112,0.80813053917567,True
2008-12-12,0.6708729294564413,0.7830437769089952,True
2008-12-15,0.659814380168973,0.7447691251601813,True
2008-12-16,0.6473708958142694,0.7513529719208651,True
2008-12-17,0.6492332054043798,0.7440802248118129,True
2008-12-18,0.6437787600483909,0.747417042628476,True
2008-12-19,0.6397300849520796,0.6910931901341181,True
2008-12-22,0.6080164703976169,0.6384111940903197,True
2008-12-23,0.5782622783320988,0.6132073515344718,True
2008-12-24,0.5779772878591088,0.5701221729351024,True
2008-12-26,0.5707585732647659,0.5700585747899762,True
2008-12-29,0.5850155879098169,0.5594233416771658,True
2008-12-30,0.5851660061204461,0.565039206893426,True
2008-12-31,0.5963445696951707,0.41223334849079946,True
2009-01-02,0.45120498676464593,0.40435824616887855,True
2009-01-05,0.4543273338840011,0.398989745569674,True
2009-01-06,0.45090703061995946,0.37771493805470463,True
2009-01-07,0.41458499963848167,0.3755489538885226,True
2009-01-08,0.41737316321861256,0.3515610767823244,True
2009-01-09,0.4145917123490381,0.35432718437595845,True
2009-01-12,0.4279843790557101,0.35845782221255174,True
2009-01-13,0.4347351034332019,0.3306674033189643,True
2009-01-14,0.4181254085672476,0.3594956663124462,True
2009-01-15,0.46337176942877545,0.35428888890152316,True
2009-01-16,0.45322433081801533,0.29649933748632346,True
2009-01-20,0.3856194078210828,0.3679220465888663,True
2009-01-21,0.4636354968634976,0.4057920884272925,True
2009-01-22,0.5080331924002398,0.418195434402588,True
2009-01-23,0.507197794582455,0.4193766816734323,True
2009-01-26,0.5033690642347233,0.41841388639101545,True
2009-01-27,0.4901443253066018,0.421772547567758,True
2009-01-28,0.48663334319847434,0.4459105378673166,True
2009-01-29,0.49136382189853905,0.46811980247328405,True
2009-01-30,0.504629164481352,0.4658735812470605,True
2009-02-02,0.49619540022160574,0.4602578312347472,True
2009-02-03,0.47959062580214873,0.44672164530705033,True
2009-02-04,0.4635041997375299,0.4454008605534853,True
2009-02-05,0.4619697875708054,0.45153044273061577,True
2009-02-06,0.4841803052729884,0.46997109711876606,True
2009-02-09,0.4839556379880329,0.46872866395881185,True
2009-02-10,0.47929869346893555,0.5014529370530912,True
2009-02-11,0.5228627371629195,0.49644225161099137,True
2009-02-12,0.5235397214709002,0.49681835258282325,True
2009-02-13,0.5269054519136597,0.47579664337602845,True
2009-02-17,0.4993926352537262,0.5103787499748415,True
2009-02-18,0.5428604284112615,0.5046918537231061,True
2009-02-19,0.5315586064243092,0.45921674919895206,True
2009-02-20,0.4920591444175238,0.42336457974524394,True
2009-02-23,0.46389681025783874,0.43257587347285525,True
2009-02-24,0.49816700260044733,0.46592575217520293,True
2009-02-25,0.5389394759245465,0.4659723379807617,True
2009-02-26,0.5377124207465535,0.46027505490827714,True
2009-02-27,0.5220563588370466,0.43077764701457444,True
2009-03-02,0.48542484821625026,0.4439713499696526,True
2009-03-03,0.5121200504050449,0.43955517087071233,True
2009-03-04,0.5049420206020824,0.45692429616378577,True
2009-03-05,0.5252063495100677,0.4788433931672761,True
2009-03-06,0.5420349478727958,0.4798263792188186,True
2009-03-09,0.5452523474450015,0.46676431930314666,True
2009-03-10,0.5221570031334297,0.519843582840384,True
2009-03-11,0.5732884395741719,0.5204395912063551,True
2009-03-12,0.5679457881289505,0.5189558959992325,True
2009-03-13,0.5597737737031313,0.5204879676429578,True
2009-03-16,0.5605958336962719,0.5201566350209436,True
2009-03-17,0.5504480394155126,0.5313628193747777,True
2009-03-18,0.5583000629595029,0.5086028215373469,True
2009-03-19,0.5235932497631371,0.5101625294433623,True
2009-03-20,0.5142676391357859,0.5114952933321324,True
2009-03-23,0.5146683763888157,0.5704834653874116,True
2009-03-24,0.5637782658303292,0.5537126974803338,True
2009-03-25,0.5456990948017786,0.5335048509904905,True
2009-03-26,0.5307478853760406,0.5385285130513714,True
2009-03-27,0.5403855035661476,0.5450904928759366,True
2009-03-30,0.5512314002107168,0.5600998498267886,True
2009-03-31,0.577144690467044,0.5208942104687705,True
2009-04-01,0.544335749085223,0.5214721265390373,True
2009-04-02,0.553266194493431,0.5261032900545187,True
2009-04-03,0.5552283909974198,0.4740460811105129,True
2009-04-06,0.5035772963971883,0.47780765368233424,True
2009-04-07,0.506805364474638,0.49149997097845527,True
2009-04-08,0.5270104331629508,0.4402803256824226,True
2009-04-09,0.4827051819060235,0.4592517591589997,True
2009-04-13,0.4882955551822176,0.44585430651753116,True
2009-04-14,0.4789012439238845,0.4579284973087055,True
2009-04-15,0.49241842596787594,0.45912417444641457,True
2009-04-16,0.49987362811682445,0.45611394536367494,True
2009-04-17,0.49836837292024355,0.44865971057964665,True
2009-04-20,0.5049461702205155,0.49295987101756944,True
2009-04-21,0.552718813964281,0.4892265297503281,True
2009-04-22,0.5567667712790223,0.4244253952495122,True
2009-04-23,0.4732260168316405,0.41452722332963726,True
2009-04-24,0.46047544059978535,0.4140501712222923,True
2009-04-27,0.4540791820039829,0.40785682733173356,True
2009-04-28,0.443379582394374,0.39767399092401956,True
2009-04-29,0.4254658492630474,0.3654520072104054,True
2009-04-30,0.38261830604962127,0.36210530345015457,True
2009-05-01,0.3753285111045439,0.3585259908719715,True
2009-05-04,0.3661223918990748,0.36221001602614444,True
2009-05-05,0.37255193133173675,0.3621894776730433,True
2009-05-06,0.3740304279805837,0.3609080558170644,True
2009-05-07,0.37079612157499375,0.3467791870525101,True
2009-05-08,0.33155841293908755,0.3564408486128418,True
2009-05-11,0.3292640345725945,0.3353952869465013,True
2009-05-12,0.3215662745561486,0.3351071097770603,True
2009-05-13,0.3207846924364233,0.3464358086777446,True
2009-05-14,0.33692490394945873,0.34442671305632594,True
2009-05-15,0.33409336251652894,0.3424360406405294,True
2009-05-18,0.3348648529813166,0.36159460894498563,True
2009-05-19,0.36472565297318427,0.29531755866705073,True
2009-05-20,0.28544930194331436,0.28314075054379745,True
2009-05-21,0.2782618162956618,0.2932150956758882,True
2009-05-22,0.2983122225378808,0.29298531256059707,True
2009-05-26,0.3020828397367578,0.301375252210426,True
2009-05-27,0.3317750112843472,0.30425230087030447,True
2009-05-28,0.3498289027477251,0.3051323940265975,True
2009-05-29,0.35760752917849187,0.3006733721720778,True
2009-06-01,0.3593455215007667,0.31249461201910406,True
2009-06-02,0.3859307857467328,0.312437565466049,True
2009-06-03,0.38948617728585866,0.2938497476338013,True
2009-06-04,0.3726566856488453,0.29658520872136124,True
2009-06-05,0.3788660391469171,0.29357769711137527,True
2009-06-08,0.39123327134962255,0.2881707434564075,True
2009-06-09,0.40550890130030964,0.2715258361219355,True
2009-06-10,0.4127846119336311,0.2630202105860125,True
2009-06-11,0.4113662066433953,0.2630108048049426,True
2009-06-12,0.4156613842217564,0.23024469168246264,True
2009-06-15,0.3750812062457421,0.2507406774932851,True
2009-06-16,0.4255873458489706,0.25213241812596465,True
2009-06-17,0.4335473328582722,0.22377624004588448,True
2009-06-18,0.3903023400892294,0.22483212493560387,True
2009-06-19,0.39805047031845403,0.22487436063856173,True
2009-06-22,0.4058070939898874,0.244352819143654,True
2009-06-23,0.4244215164669721,0.24435321960144413,True
2009-06-24,0.4208049479504263,0.22989248018719802,True
2009-06-25,0.38844098448295317,0.2304076372853433,True
2009-06-26,0.3898171464524902,0.22561259309350806,True
2009-06-29,0.37982067096922695,0.220908862593855,True
2009-06-30,0.37545165319970086,0.1968017939904169,True
2009-07-01,0.3389740014672666,0.1986611777541419,True
2009-07-02,0.3523846729412956,0.2137930834237249,True
2009-07-06,0.39668579019353883,0.20317839225995507,True
2009-07-07,0.3837962704953928,0.2142447529229349,True
2009-07-08,0.4158284950006573,0.21445838677600498,True
2009-07-09,0.4104959227504547,0.21353903545896108,True
2009-07-10,0.4135886180459178,0.21348285139683817,True
2009-07-13,0.41437721314029036,0.23492995512314777,True
2009-07-14,0.4544714689448036,0.23624069707583475,True
2009-07-15,0.4612359855157513,0.24844620955894756,True
2009-07-16,0.4733252825342268,0.24571198914496498,True
2009-07-17,0.46573392039308015,0.24544888970802756,True
2009-07-20,0.47077675842097,0.24669241120873536,True
2009-07-21,0.47552714842882116,0.2466332078361137,True
2009-07-22,0.47086881969913424,0.21339584567509953,True
2009-07-23,0.432146624397892,0.22646368112900317,True
2009-07-24,0.4461695312006751,0.2261223185906312,True
2009-07-27,0.4413826103833011,0.2207572950829824,True
2009-07-28,0.4355431075807001,0.22105853871039977,True
2009-07-29,0.4326036324991652,0.2228915896173328,True
2009-07-30,0.42509872497306767,0.22153156645622146,True
2009-07-31,0.4059536942307123,0.22110349318822453,True
2009-08-03,0.40678120455210987,0.19471381647926767,True
2009-08-04,0.3442626006475713,0.19414510051343334,True
2009-08-05,0.34934944649762584,0.16675145624036605,True
2009-08-06,0.2822776877715421,0.16569544064874767,True
2009-08-07,0.28344342306654136,0.16601849164993518,True
2009-08-10,0.28251037930805495,0.16589100209999058,True
2009-08-11,0.281016666381986,0.16507517847809083,True
2009-08-12,0.27648848878804283,0.16726543775190628,True
2009-08-13,0.27707202019541916,0.13976673606435996,True
2009-08-14,0.2132047323517131,0.1470982986183827,True
2009-08-17,0.22580826687500846,0.177539439645006,True
2009-08-18,0.28783276085181064,0.17799521762928386,True
2009-08-19,0.28772030396381815,0.17810649837028344,True
2009-08-20,0.2959646783504039,0.18045327558667498,True
2009-08-21,0.3105695103961838,0.1701002665839495,True
2009-08-24,0.3018600621049951,0.170243236735974,True
2009-08-25,0.30864618284007234,0.1697012711517448,True
2009-08-26,0.30637184775073323,0.16954945423382872,True
2009-08-27,0.3119952846505871,0.1668792126043465,True
2009-08-28,0.3174660815751717,0.1630068977770201,True
2009-08-31,0.31807445804624446,0.1671025567376895,True
2009-09-01,0.32945281971011675,0.17850813735334478,True
2009-09-02,0.3603772558436809,0.1769637257344481,True
2009-09-03,0.36666899648425744,0.18050399965015412,True
2009-09-04,0.3787471657066111,0.18493605341201852,True
2009-09-08,0.4022460397859215,0.18644982779111158,True
2009-09-09,0.4069567409736723,0.18633102607624963,True
2009-09-10,0.40551239357969626,0.18063859589337913,True
2009-09-11,0.3925129798673847,0.1770278869208991,True
2009-09-14,0.38776850147370384,0.17596850046311208,True
2009-09-15,0.3853821339478597,0.17102562657647716,True
2009-09-16,0.3680699838406092,0.14104578733961987,True
2009-09-17,0.29198195697672924,0.13982013624457504,True
2009-09-18,0.28678420115864245,0.13971651755099013,True
2009-09-21,0.28425501792395946,0.13985177358589831,True
2009-09-22,0.2861934078743251,0.1317832001619212,True
2009-09-23,0.25730952709314797,0.13828874335351446,True
2009-09-24,0.26807525808480775,0.1481596981959541,True
2009-09-25,0.286491890407991,0.14919523795937126,True
2009-09-28,0.2893622770508426,0.16066456828403397,True
2009-09-29,0.3232130822157352,0.1612610315267552,True
2009-09-30,0.3293437224175932,0.15797598082974607,True
2009-10-01,0.31955724758568294,0.17213620340408883,True
2009-10-02,0.3563330193271737,0.17234174141248346,True
2009-10-05,0.35652101006694076,0.173777420343491,True
2009-10-06,0.3597886092452238,0.1733363741599187,True
2009-10-07,0.3590322808606442,0.16810391355560797,True
2009-10-08,0.35348633612215435,0.1673663763249705,True
2009-10-09,0.35427704078747313,0.16604130536122483,True
2009-10-12,0.35138634129053153,0.16632655479635203,True
2009-10-13,0.3520516826102601,0.1671958002358234,True
2009-10-14,0.35799784702865756,0.17461830709879808,True
2009-10-15,0.3771513594226955,0.1691346856765151,True
2009-10-16,0.3628217529955735,0.172130534433166,True
2009-10-19,0.36425254642116806,0.17637092401300414,True
2009-10-20,0.3796568183124785,0.17649057044500915,True
2009-10-21,0.3819621984377427,0.17838425052038362,True
2009-10-22,0.39138362693396384,0.17928090157088325,True
2009-10-23,0.38912430244587637,0.17980283807350836,True
2009-10-26,0.4001056073812808,0.18587272278269534,True
2009-10-27,0.4137192270283919,0.17534546801246112,True
2009-10-28,0.38458411656107916,0.19123133404919523,True
2009-10-29,0.41384996392961215,0.20934347684002247,True
2009-10-30,0.4436528723383285,0.21205548503742833,True
2009-11-02,0.4564627971552685,0.21223527953199692,True
2009-11-03,0.4616357812060402,0.207806626587877,True
2009-11-04,0.4525180275972082,0.20212288987057858,True
2009-11-05,0.4309784425295959,0.21448400470453774,True
2009-11-06,0.45591741753392245,0.21350131964426994,True
2009-11-09,0.45275311197180823,0.22698359070725022,True
2009-11-10,0.482146287828514,0.22646315846849804,True
2009-11-11,0.48606584717768403,0.22768112678485058,True
2009-11-12,0.4839996301323166,0.22254729317812497,True
2009-11-13,0.4826187122356417,0.22358115407277737,True
2009-11-16,0.49414556655155895,0.22831952593793056,True
2009-11-17,0.5136354675346589,0.22506921562904175,True
2009-11-18,0.5057694569887624,0.22423668234346678,True
2009-11-19,0.5024415118160999,0.2276539255518751,True
2009-11-20,0.509500145804675,0.2240672853193524,True
2009-11-23,0.512664430513553,0.22246405768720495,True
2009-11-24,0.5160511921935753,0.21636372450419816,True
2009-11-25,0.5080097828211733,0.21449246922697268,True
2009-11-27,0.5157535290025222,0.20877380890545053,True
2009-11-30,0.5275622606384351,0.19567864520126574,True
2009-12-01,0.5072405717839638,0.1617571987110028,True
2009-12-02,0.43416229888078545,0.16198528548797583,True
2009-12-03,0.434753172028576,0.1655862830455816,True
2009-12-04,0.44860780404751927,0.16567282939292305,True
2009-12-07,0.4496362873360249,0.15579831296265376,True
2009-12-08,0.4255125599787987,0.16086723433433772,True
2009-12-09,0.4461710290949788,0.143155843001695,True
2009-12-10,0.3960057551717941,0.14280278166050872,True
2009-12-11,0.3890935413693386,0.14140350484611594,True
2009-12-14,0.39235391718632395,0.13846601652109938,True
2009-12-15,0.3771037331011395,0.14074330592856232,True
2009-12-16,0.38216183789943114,0.13132740911851523,True
2009-12-17,0.3513120471341146,0.13949720381461816,True
2009-12-18,0.3784445884794672,0.14039586871538404,True
2009-12-21,0.38080228872262717,0.13310793541945656,True
2009-12-22,0.3602088293331712,0.13309760637718004,True
2009-12-23,0.3618085263550191,0.12735009337917047,True
2009-12-24,0.33983202080331815,0.1276476604707256,True
2009-12-28,0.34775908521045096,0.1269657043766341,True
2009-12-29,0.345436316099209,0.10437073024488783,True
2009-12-30,0.2684244349734353,0.10420423874876562,True
2009-12-31,0.2820478705773535,0.10383613463499455,True
2010-01-04,0.28267350900524824,0.11530538164850333,True
2010-01-05,0.3118513505442935,0.11197007554602276,True
2010-01-06,0.2982609113745219,0.11083839181967989,True
2010-01-07,0.2887905239012312,0.11097686295707355,True
2010-01-08,0.288774956507872,0.10389045882116188,True
2010-01-11,0.2642909711771095,0.10414112418956077,True
2010-01-12,0.26074918116761864,0.11471433862864315,True
2010-01-13,0.2783320851567656,0.11808886490798655,True
2010-01-14,0.28707685792556753,0.11642460781464016,True
2010-01-15,0.28626685070759195,0.12238727497089028,True
2010-01-19,0.2986174731960632,0.12797954129199826,True
2010-01-20,0.32305150155383905,0.12533739022871832,True
2010-01-21,0.3165587971020696,0.14051140983751298,True
2010-01-22,0.3654658107078891,0.15518383494077362,True
2010-01-25,0.3972854874444712,0.15531073811990065,True
2010-01-26,0.40016274821086123,0.15527847265095768,True
2010-01-27,0.39609872498105647,0.15587036963294548,True
2010-01-28,0.38113951202142565,0.1626539223503447,True
2010-01-29,0.38893055031489054,0.1672214208620081,True
2010-02-01,0.3937219528133785,0.1780603393013763,True
2010-02-02,0.4089361558540942,0.17848166404634638,True
2010-02-03,0.4048843026626185,0.1686074437798436,True
2010-02-04,0.3846356544177532,0.20101303443455382,True
2010-02-05,0.48069935266473585,0.20022269859359473,True
2010-02-08,0.4812231098802974,0.199042245134064,True
2010-02-09,0.48062154704365206,0.20641788756916796,True
2010-02-10,0.502433046842381,0.2044952423483619,True
2010-02-11,0.5002485625916431,0.20846815161190935,True
2010-02-12,0.5137039799447669,0.20309191838933857,True
2010-02-16,0.5008979236641743,0.21626055617604678,True
2010-02-17,0.5311663125514753,0.2151648849605804,True
2010-02-18,0.5342258062358977,0.21063496036708063,True
2010-02-19,0.5225625203891177,0.20890273939323067,True
2010-02-22,0.5187605994123116,0.20099213657658913,True
2010-02-23,0.5115651924776311,0.1926721052633969,True
2010-02-24,0.5082798606973773,0.19454120468990388,True
2010-02-25,0.5161158813571475,0.19389686890684546,True
2010-02-26,0.520304734458511,0.1924885466674459,True
2010-03-01,0.532566674038445,0.19050107385922263,True
2010-03-02,0.5379955500556823,0.1833530370480467,True
2010-03-03,0.5297770042450112,0.17679583613737485,True
2010-03-04,0.5280243331718459,0.1743682540774988,True
2010-03-05,0.5296129332715592,0.17810579562770595,True
2010-03-08,0.5498434995794558,0.12179883713332496,True
2010-03-09,0.38743798260242346,0.121877193760254,True
2010-03-10,0.39113403488275494,0.11484448993722415,True
2010-03-11,0.3639540244498061,0.11050999012034057,True
2010-03-12,0.3519883793516239,0.10967898450319756,True
2010-03-15,0.34507950660012693,0.1084504862505255,True
2010-03-16,0.33803341773723744,0.10948926895917623,True
2010-03-17,0.3375181316391604,0.09651343624337058,True
2010-03-18,0.2829316801231051,0.09829685256207205,True
2010-03-19,0.2834665079629515,0.1029258675061205,True
2010-03-22,0.29379487105399177,0.10369051719905316,True
2010-03-23,0.2960538734015689,0.10536523420510462,True
2010-03-24,0.2995745942337676,0.09297408011248787,True
2010-03-25,0.25678128261443944,0.09463650398021696,True
2010-03-26,0.24651353730565748,0.09326989594652373,True
2010-03-29,0.23812714341433228,0.09380416428141782,True
2010-03-30,0.23978119506531295,0.08510607349982675,True
2010-03-31,0.2091754692843636,0.08760719772667765,True
2010-04-01,0.2208916601134839,0.08807671311781283,True
2010-04-05,0.2234202248472495,0.08999015497364482,True
2010-04-06,0.22376654192861364,0.07903559824862798,True
2010-04-07,0.17759345209879676,0.0822791132221029,True
2010-04-08,0.19351343293113732,0.08265970417431699,True
2010-04-09,0.19600049130399946,0.08262285350112418,True
2010-04-12,0.20510145586360365,0.08218259914001502,True
2010-04-13,0.20374901659524855,0.08214072738398245,True
2010-04-14,0.20313353511347113,0.08681594191800977,True
2010-04-15,0.21267665182186352,0.08387269635533996,True
2010-04-16,0.2021482075942627,0.09532890736356225,True
2010-04-19,0.23972003557362673,0.0945855413497853,True
2010-04-20,0.24460403114727183,0.09603204086561822,True
2010-04-21,0.25423166641418593,0.09451598598635934,True
2010-04-22,0.24575109735934825,0.09117887190376124,True
2010-04-23,0.22371607777924354,0.08839943023035542,True
2010-04-26,0.20473719649669955,0.0883474872013356,True
2010-04-27,0.2028642004687697,0.12234727004126031,True
2010-04-28,0.3262934149395702,0.12227342227768903,True
2010-04-29,0.3153991044876246,0.1327416337122901,True
2010-04-30,0.3323499207107106,0.14469081075971701,True
2010-05-03,0.3479574080223384,0.14956698938798282,True
2010-05-04,0.36019751988991916,0.17342716502470476,True
2010-05-05,0.4226860991461956,0.17410373874066376,True
2010-05-06,0.4180221435623992,0.2034398335109587,True
2010-05-07,0.49786712960299545,0.20771186676223263,True
2010-05-10,0.4973296252140753,0.2593421335529319,True
2010-05-11,0.595400074872953,0.25914029683562356,True
2010-05-12,0.5934198530461975,0.2676395865227668,True
2010-05-13,0.6038530382775481,0.266380554116271,True
2010-05-14,0.6100104407282588,0.27458940742704496,True
2010-05-17,0.622632221989521,0.27215450973226346,True
2010-05-18,0.6238244923882178,0.2748699015976458,True
2010-05-19,0.6284512765702194,0.27115471315037426,True
2010-05-20,0.6238346919952082,0.2967727736351177,True
2010-05-21,0.6684604526715086,0.3020794137539648,True
2010-05-24,0.6766570901151014,0.3014649950951804,True
2010-05-25,0.6797339378252844,0.30191852634149385,True
2010-05-26,0.6824326156716839,0.29522501811329743,True
2010-05-27,0.6701893626848409,0.3248244676978851,True
2010-05-28,0.7084698042334053,0.31853610208844774,True
2010-06-01,0.7093288260068775,0.32032166689542635,True
2010-06-02,0.7156581386257412,0.3312894939927639,True
2010-06-03,0.7287203263465709,0.3223637457962832,True
2010-06-04,0.7233230199038767,0.34439420053524145,True
2010-06-07,0.7526708644307257,0.3317167602694949,True
2010-06-08,0.7301116785299433,0.33191976195693934,True
2010-06-09,0.7291625118008002,0.2899334540359786,True
2010-06-10,0.6852634137689544,0.3120179495192704,True
2010-06-11,0.7098276806495757,0.3045974292756609,True
2010-06-14,0.7017541091921551,0.30378817555688775,True
2010-06-15,0.7017503061131943,0.3102247757814836,True
2010-06-16,0.7122325668201459,0.31027797874137664,True
2010-06-17,0.71275251350475,0.3068905829764777,True
2010-06-18,0.7118279868946299,0.3065805196291468,True
2010-06-21,0.7125811926948509,0.27388813702520587,True
2010-06-22,0.6672539066795752,0.2756791090378181,True
2010-06-23,0.6797941613087153,0.2704053511490712,True
2010-06-24,0.6760637785976947,0.27792025316989094,True
2010-06-25,0.6894874794978358,0.27769797745306657,True
2010-06-28,0.6757873629645319,0.24696397358709296,True
2010-06-29,0.6303428551118577,0.2709741647063497,True
2010-06-30,0.6642245685957942,0.2653444126713432,True
2010-07-01,0.6603037224149929,0.2470771078828311,True
2010-07-02,0.6110115915611785,0.24611753537823794,True
2010-07-06,0.6108047121071275,0.21295681092063493,True
2010-07-07,0.5369302747935202,0.23610231712464544,True
2010-07-08,0.6059270018445552,0.23833006713602878,True
2010-07-09,0.6135229873555538,0.23965006464125507,True
2010-07-12,0.6108289553491068,0.2176160684723262,True
2010-07-13,0.5685308915757665,0.2251360923490137,True
2010-07-14,0.5845911136565599,0.2251464379946226,True
2010-07-15,0.5865666774608449,0.207850332519456,True
2010-07-16,0.548402649996924,0.227755563858874,True
2010-07-19,0.5815147281220915,0.22887992219772438,True
2010-07-20,0.5805799401626124,0.2320779741231057,True
2010-07-21,0.5805060919182797,0.23650376939572001,True
2010-07-22,0.585271271494518,0.2472028975554636,True
2010-07-23,0.59806205562941,0.24919696526190338,True
2010-07-26,0.6015811248351411,0.24374299670215221,True
2010-07-27,0.5911074521382246,0.24349665191320286,True
2010-07-28,0.6012424502047448,0.24567031516898966,True
2010-07-29,0.613902997618141,0.21081482527093792,True
2010-07-30,0.5373455009012504,0.20612500421125737,True
2010-08-02,0.5244846535087897,0.21259447136941678,True
2010-08-03,0.5408575955661324,0.21258840183253938,True
2010-08-04,0.5333190147096318,0.2121657611019277,True
2010-08-05,0.5344640509711959,0.19009290616386862,True
2010-08-06,0.48293178080854415,0.18713606443509223,True
2010-08-09,0.4763846577646826,0.18581880310300022,True
2010-08-10,0.4785699713589314,0.18877496401162652,True
2010-08-11,0.4737744590453138,0.20992223499392035,True
2010-08-12,0.5267928445744131,0.2100539713222671,True
2010-08-13,0.5199992966485345,0.20980057151526355,True
2010-08-16,0.5215465737080979,0.1857626294889695,True
2010-08-17,0.48218561764069306,0.191606802789919,True
2010-08-18,0.4989394463680118,0.18923454921322083,True
2010-08-19,0.5004042304147787,0.19217632545098126,True
2010-08-20,0.5111587535344402,0.17313196804599515,True
2010-08-23,0.479858430534475,0.16963107743460118,True
2010-08-24,0.4735019578278689,0.16676311259061855,True
2010-08-25,0.46640056433327315,0.16789210847348957,True
2010-08-26,0.46952298407204895,0.16722135770633084,True
2010-08-27,0.4620018254781486,0.17891265896148933,True
2010-08-30,0.49914751930301576,0.18581266912998923,True
2010-08-31,0.5194523333547747,0.16726487629927733,True
2010-09-01,0.47632393260318606,0.1993062029259522,True
2010-09-02,0.5518046853108969,0.20133682089099794,True
2010-09-03,0.5584687267144715,0.20612480112103504,True
2010-09-07,0.5720453225132757,0.20943875590071023,True
2010-09-08,0.5767507970038209,0.2088725100263387,True
2010-09-09,0.5759094579439712,0.20736309040543102,True
2010-09-10,0.585194678988019,0.17811064435022936,True
2010-09-13,0.5157400308800034,0.1830640148816149,True
2010-09-14,0.5209487114747834,0.18258663064573516,True
2010-09-15,0.5152350475704388,0.1826242682375742,True
2010-09-16,0.5110948708873604,0.17696441161935716,True
2010-09-17,0.4996611095640517,0.17692751996697573,True
2010-09-20,0.4962672102028325,0.1716395684479389,True
2010-09-21,0.4861121896471417,0.17190744527391347,True
2010-09-22,0.4825221689148013,0.17245091844532837,True
2010-09-23,0.48462493271910745,0.16715398328127934,True
2010-09-24,0.4855250595978053,0.18237513838111769,True
2010-09-27,0.5231452938846413,0.18160673548559314,True
2010-09-28,0.5242532442503552,0.17662854245124304,True
2010-09-29,0.512185670062521,0.16307685669327787,True
2010-09-30,0.4669778745363706,0.16499269537566616,True
2010-10-01,0.47822357024004014,0.1394080763757564,True
2010-10-04,0.39919160627668093,0.14214522308322236,True
2010-10-05,0.40953531990030195,0.15172766254698242,True
2010-10-06,0.4386601275536613,0.14331131981828701,True
2010-10-07,0.41585958424662234,0.14410558241526514,True
2010-10-08,0.42101983117736325,0.14559396771444777,True
2010-10-11,0.42366234992944735,0.14561275045837296,True
2010-10-12,0.42801454080528434,0.13993447480607774,True
2010-10-13,0.4247038870284338,0.14129713186590484,True
2010-10-14,0.43083179566756086,0.14282460051626145,True
2010-10-15,0.4385153486276881,0.14225051504247313,True
2010-10-18,0.42860511875381496,0.14263334285960366,True
2010-10-19,0.43474476334735895,0.14700409502638276,True
2010-10-20,0.4416821252449302,0.14825428846051078,True
2010-10-21,0.44173958332733976,0.14631824991728937,True
2010-10-22,0.4385697770260206,0.14002491296433536,True
2010-10-25,0.41992096166918697,0.1167651347079024,True
2010-10-26,0.3429136885307015,0.11529861562951774,True
2010-10-27,0.33374477444938994,0.11371475801313934,True
2010-10-28,0.3227057216961138,0.11309326276521496,True
2010-10-29,0.3099787795123434,0.11110027007329622,True
2010-11-01,0.29728435517666113,0.11153569815113365,True
2010-11-02,0.2977706906125481,0.10884239837334743,True
2010-11-03,0.2949112804366729,0.08876502253099866,True
2010-11-04,0.22403634640605238,0.10514507377203904,False
2010-11-05,0.2790223026142124,0.10392284424596292,False
2010-11-08,0.2672976924795035,0.10320957634963432,False
2010-11-09,0.2738777502943297,0.11209779626127687,False
2010-11-10,0.2961648816262576,0.11213480387068726,False
2010-11-11,0.2866884314084777,0.11142707225086515,False
2010-11-12,0.27221569999298656,0.11889434083632043,True
2010-11-15,0.2951474233606896,0.11902162251840476,True
2010-11-16,0.2990113006868865,0.13211517006409276,True
2010-11-17,0.3394173298434668,0.11955471620059493,True
2010-11-18,0.2981111028469254,0.12685383470938477,True
2010-11-19,0.33366901051772746,0.12740581485114671,True
2010-11-22,0.3379662694911381,0.12711503078047542,True
2010-11-23,0.3351044900623722,0.13351788888533792,True
2010-11-24,0.360893250193255,0.14287153139118505,True
2010-11-26,0.39263665511412316,0.14565283194817902,True
2010-11-29,0.41118837350367893,0.1459154823299014,True
2010-11-30,0.42305362878140323,0.14701684186953767,True
2010-12-01,0.4303267848163336,0.1640472549069338,True
2010-12-02,0.48696461137156205,0.1661248187157212,False
2010-12-03,0.4837620883574142,0.16635555142187713,False
2010-12-06,0.4864522616495977,0.15415909769386732,False
2010-12-07,0.46630222961616136,0.15442706022724545,False
2010-12-08,0.46865089773669766,0.1541998798825447,False
2010-12-09,0.46456089335914036,0.14922244778923457,False
2010-12-10,0.4502217017087364,0.14988560551066896,False
2010-12-13,0.461674803228015,0.14861638408844846,False
2010-12-14,0.4685355846771907,0.1414876146335626,False
2010-12-15,0.4452488072164205,0.1423195719597438,False
2010-12-16,0.4525411868926564,0.12476549017405841,False
2010-12-17,0.40285012681805404,0.12458144914115016,False
2010-12-20,0.4017558125199297,0.115990271376622,False
2010-12-21,0.3700742693599286,0.11699743699066538,False
2010-12-22,0.368334448151065,0.11674067154119945,False
2010-12-23,0.3634806563261747,0.10585914348390991,False
2010-12-27,0.3255253896277659,0.09756324983697531,False
2010-12-28,0.3031873221799647,0.09119800937228158,False
2010-12-29,0.2788164011679499,0.0894089216351191,False
2010-12-30,0.2732826387407414,0.08577040074244198,False
2010-12-31,0.26487519377095425,0.05656337000331726,False
2011-01-03,0.12440457080524907,0.053431229620712006,False
2011-01-04,0.1130594956449952,0.056309027334716114,False
2011-01-05,0.11915480027485875,0.056852665422757555,False
2011-01-06,0.11093521716383334,0.056804215211896755,False
2011-01-07,0.11209397821837837,0.05742475785940234,False
2011-01-10,0.1180583007546283,0.05790116882590526,False
2011-01-11,0.12370633051033238,0.055672363468174536,False
2011-01-12,0.11194431817657328,0.06779702532276738,False
2011-01-13,0.15523313056088894,0.0670693582792886,False
2011-01-14,0.15833570093191765,0.06714469876132552,False
2011-01-18,0.15220893940068406,0.06642748932585671,False
2011-01-19,0.14383655477002513,0.08645130883845667,False
2011-01-20,0.18429812880359206,0.08741844368313716,False
2011-01-21,0.1780823588013016,0.0851749816655739,False
2011-01-24,0.17510951126485896,0.0866210389584967,False
2011-01-25,0.1810592283806677,0.08609670226585017,False
2011-01-26,0.17399052302764956,0.08689057779734283,False
2011-01-27,0.16770347211782222,0.08750734589007306,False
2011-01-28,0.15942630017779294,0.11164779160811501,True
2011-01-31,0.25903551505344485,0.11255890692873902,False
2011-02-01,0.25221825227144057,0.12557171855499424,False
2011-02-02,0.2862876530454694,0.1224940488389673,False
2011-02-03,0.2794280696080529,0.12094399555721365,False
2011-02-04,0.2774803716469903,0.12045933389667568,False
2011-02-07,0.28189118108539973,0.12098364099574968,False
2011-02-08,0.28691354305642025,0.12088602203276695,False
2011-02-09,0.28666785276987905,0.12142567862582078,False
2011-02-10,0.28522557590906417,0.12160660315254365,False
2011-02-11,0.28143385102821694,0.11566278230393201,False
2011-02-14,0.26253608934117945,0.11566016229694322,False
2011-02-15,0.2629341436487676,0.11454885530223435,False
2011-02-16,0.2595223801895028,0.11662486464767141,False
2011-02-17,0.26708333411145374,0.10390709058257792,False
2011-02-18,0.24753991065219555,0.10312359804262738,False
2011-02-22,0.24908277717624472,0.1333196696553692,True
2011-02-23,0.3173138160795771,0.1358062544153957,False
2011-02-24,0.3167510462613506,0.13579643036993472,False
2011-02-25,0.31857346967058475,0.14142787021711964,False
2011-02-28,0.34130724413171487,0.14175129548772739,False
2011-03-01,0.3541657644518758,0.13742950851578575,False
2011-03-02,0.3315279714837039,0.1362755055790663,False
2011-03-03,0.33264118195967546,0.13976342177072076,False
2011-03-04,0.3521254182228492,0.14145586637596794,False
2011-03-07,0.3556069436964886,0.1473862293832016,False
2011-03-08,0.37562126555075004,0.1504205506996773,False
2011-03-09,0.3876210645722596,0.15006042521977644,False
2011-03-10,0.3815219023950749,0.1622732087061162,True
2011-03-11,0.41374315246711607,0.16362854924485176,False
2011-03-14,0.4132308188434737,0.16501504452397878,False
2011-03-15,0.4219961474851009,0.16940998229718668,False
2011-03-16,0.4431524584299979,0.17637679662494812,True
2011-03-17,0.4681284127560093,0.18291358221467605,True
2011-03-18,0.48086286019024327,0.1811420293454112,True
2011-03-21,0.47412176924399174,0.1918555134851914,True
2011-03-22,0.49759611853265584,0.19190821848498787,True
2011-03-23,0.5084005910217259,0.17806760922249193,False
2011-03-24,0.4907430263553859,0.1798000527419794,True
2011-03-25,0.5048200014504377,0.1800356735583128,True
2011-03-28,0.5057801250919934,0.1743004441974391,False
2011-03-29,0.5045155845134462,0.1742369537530858,False
2011-03-30,0.505668561867553,0.1664290679741444,False
2011-03-31,0.4858523126400113,0.16644237284999625,False
2011-04-01,0.4817451195393294,0.1523264356373642,False
2011-04-04,0.44731723522518524,0.15112613567371838,False
2011-04-05,0.44168850622975575,0.1451599332110974,False
2011-04-06,0.4260285630764154,0.14247021778414815,False
2011-04-07,0.41431139400393424,0.14288285420320185,False
2011-04-08,0.42735259816117704,0.12680691494501264,False
2011-04-11,0.39130042767523754,0.12733213092062753,False
2011-04-12,0.3896257683352748,0.12880754823639898,False
2011-04-13,0.3752304699554745,0.11811520951085114,False
2011-04-14,0.34559026775876883,0.0978427152348895,False
2011-04-15,0.2614859132364019,0.09272389119493825,False
2011-04-18,0.246623307381999,0.10575631863750326,False
2011-04-19,0.30214150180037586,0.08900735690363924,False
2011-04-20,0.24606131340267304,0.10476247824792712,False
2011-04-21,0.28367467078504666,0.10560205045321494,False
2011-04-25,0.278154845947595,0.10045148057946783,False
2011-04-26,0.25970558800196053,0.10502813081687846,False
2011-04-27,0.2767639242693691,0.10550979383704993,False
2011-04-28,0.27527045280938245,0.10467441952266718,False
2011-04-29,0.2718627524362796,0.10366064817671701,False
2011-05-02,0.26708742615800884,0.10454255041101314,False
2011-05-03,0.27195031968208966,0.1059507112494552,False
2011-05-04,0.26487172966161165,0.10901508420433861,False
2011-05-05,0.27524234538257714,0.11262784280064572,False
2011-05-06,0.2914336476350601,0.1148091224741886,False
2011-05-09,0.29255991185650604,0.1145269087993051,False
2011-05-10,0.28511403960716897,0.11534686240752673,False
2011-05-11,0.28972881579727733,0.12140997841436779,False
2011-05-12,0.3213749097183664,0.11730380979616294,False
2011-05-13,0.3144142851677788,0.1226336867085406,False
2011-05-16,0.3313771200193005,0.12541034521446634,False
2011-05-17,0.33876204394916914,0.12465768343646595,False
2011-05-18,0.32962199801244824,0.11645649503898949,False
2011-05-19,0.2798209473970222,0.11578970802361807,False
2011-05-20,0.28013887902263157,0.10455247055281373,False
2011-05-23,0.2673984935945713,0.1099425017311976,False
2011-05-24,0.30818842877908104,0.10995980889055218,False
2011-05-25,0.3095958126317052,0.10411452877298966,False
2011-05-26,0.27781060478855757,0.10218794776511839,False
2011-05-27,0.26882533161288197,0.10478140080148281,False
2011-05-31,0.27849077638091274,0.11285491787352926,False
2011-06-01,0.3185863569260166,0.14401541612412708,True
2011-06-02,0.41957092267828217,0.14356897754234535,False
2011-06-03,0.4283493767629874,0.14509775594760713,False
2011-06-06,0.4403014842409295,0.14666916187644627,False
2011-06-07,0.4408559031501664,0.14376299263449688,False
2011-06-08,0.43961322995454827,0.14222075058902806,False
2011-06-09,0.43067668809182447,0.14114422001073698,False
2011-06-10,0.42032617890900176,0.14244244480582563,False
2011-06-13,0.43125283828674205,0.14002185418098964,False
2011-06-14,0.42244426412659414,0.1502843320572594,False
2011-06-15,0.4582396917729853,0.15788330102737547,True
2011-06-16,0.48827773844335043,0.15790536666544866,False
2011-06-17,0.49295357862140543,0.15431720556378742,False
2011-06-20,0.49118810282083597,0.15697479643292844,False
2011-06-21,0.5033653126261706,0.16557506271258648,False
2011-06-22,0.5150279726369738,0.16228183242874034,False
2011-06-23,0.5071573379027075,0.16286494086673348,False
2011-06-24,0.49188840346999346,0.16541397603879043,False
2011-06-27,0.49959348765295475,0.1674590898061343,False
2011-06-28,0.5054923776914242,0.17159888020699207,False
2011-06-29,0.5075398638660115,0.169949901820049,False
2011-06-30,0.4966104737804922,0.1468923418140278,False
2011-07-01,0.433836646067049,0.15230325606417094,False
2011-07-05,0.4538321744849164,0.14802868186611454,False
2011-07-06,0.4430912038418722,0.14217977927262643,False
2011-07-07,0.4300543515630313,0.14558746297334144,False
2011-07-08,0.42965360893993465,0.14580571083297258,False
2011-07-11,0.43714793613234004,0.1602117772919401,True
2011-07-12,0.4830161110867829,0.15494907183047613,False
2011-07-13,0.455929338450443,0.15501518868587474,False
2011-07-14,0.46348000726355976,0.14992622695126304,False
2011-07-15,0.44966835020966256,0.1377876529912107,False
2011-07-18,0.40323063562864353,0.14495085900876228,False
2011-07-19,0.43786979427011147,0.1552145921216466,False
2011-07-20,0.4671232048684582,0.15399972008885524,False
2011-07-21,0.4578311102831268,0.15543781857937825,False
2011-07-22,0.45994471977160595,0.15296924948638088,False
2011-07-25,0.43838210035309494,0.1542131400100546,False
2011-07-26,0.4504409078464368,0.14846699828760698,False
2011-07-27,0.439004311666045,0.16808686714906823,True
2011-07-28,0.4824685193232495,0.16292655941045914,False
2011-07-29,0.4621011903214642,0.1603062367632826,False
2011-08-01,0.4493504592127735,0.15748572724325727,False
2011-08-02,0.44259344448646815,0.17110532878832488,True
2011-08-03,0.4717343476000542,0.17293315426915812,False
2011-08-04,0.46935603948809407,0.245391555851998,True
2011-08-05,0.6196086349162082,0.23821738016164667,True
2011-08-08,0.5820581580591543,0.3263890313538155,True
2011-08-09,0.6937954615891455,0.38306041582250683,True
2011-08-10,0.7263937243568828,0.4084280903480803,True
2011-08-11,0.7447233638636256,0.4525149033998969,True
2011-08-12,0.7708458687066156,0.4540912539047374,True
2011-08-15,0.7654551985187936,0.4660352751627731,True
2011-08-16,0.7742168924300987,0.4656977917047675,True
2011-08-17,0.7696061194388093,0.4600570413934011,True
2011-08-18,0.7665462268959701,0.48143521205817996,True
2011-08-19,0.7762373963004064,0.47499708162850246,True
2011-08-22,0.7663999560020591,0.47430134371055743,True
2011-08-23,0.7713375500777331,0.497284131852964,True
2011-08-24,0.7853222187284455,0.5017368239523722,True
2011-08-25,0.7876204279537844,0.5001613819409271,True
2011-08-26,0.7849549624598777,0.5058687865003437,True
2011-08-29,0.7902602358220475,0.5237257605489031,True
2011-08-30,0.801032855184909,0.5239628899377512,True
2011-08-31,0.8013888624548235,0.5173950440425048,True
2011-09-01,0.796433661160226,0.5184912185642414,True
2011-09-02,0.8006303415451211,0.4934065930470679,True
2011-09-06,0.7882677302638572,0.4941807514219923,True
2011-09-07,0.7985187785757837,0.4368438724791015,True
2011-09-08,0.7638013608139951,0.4062889566935057,True
2011-09-09,0.7582389293997259,0.38239132855719715,True
2011-09-12,0.7459715858735585,0.34292763292321177,True
2011-09-13,0.7145847322924768,0.3442939164716019,True
2011-09-14,0.7197483608838328,0.3355944266142913,True
2011-09-15,0.7150681300079761,0.3384913515609901,True
2011-09-16,0.7169156283319528,0.33861698319266653,True
2011-09-19,0.7156411518767662,0.2968482847532755,True
2011-09-20,0.6741676874708731,0.29135001221263457,True
2011-09-21,0.6718496303721369,0.3111518346428355,True
2011-09-22,0.6809892780723515,0.30986149151597536,True
2011-09-23,0.6578450454785938,0.3068920284390418,True
2011-09-26,0.6488544981059796,0.3112378437690888,True
2011-09-27,0.6518624232285463,0.30895651710282057,True
2011-09-28,0.6475699893488929,0.2937550821841993,True
2011-09-29,0.6280937658867541,0.29525220121963597,True
2011-09-30,0.6169375788939933,0.30348909914576916,True
2011-10-03,0.6233887607924687,0.32352949452754964,True
2011-10-04,0.6409177834185388,0.3329896069131162,True
2011-10-05,0.6321622786512613,0.3412159013118082,True
2011-10-06,0.6302739302971252,0.3313028219315653,True
2011-10-07,0.6155289271041546,0.33175963276065584,True
2011-10-10,0.6090412066348901,0.3404202073571253,True
2011-10-11,0.6142381175088859,0.33987680088414246,True
2011-10-12,0.6092518861108945,0.34037625994114734,True
2011-10-13,0.6073783089448503,0.3365859420679237,True
2011-10-14,0.6001542406038507,0.335132366318186,True
2011-10-17,0.5932488162738202,0.34215459732379283,True
2011-10-18,0.5998290673948655,0.34947419415232445,True
2011-10-19,0.6030145360431525,0.3521387063701699,True
2011-10-20,0.6066516380006673,0.33648694227394577,True
2011-10-21,0.5926639120875312,0.31728790411321434,True
2011-10-24,0.5838983562733929,0.3191273189245777,True
2011-10-25,0.576368641897837,0.32540304125508984,True
2011-10-26,0.5996739957356794,0.3260433563063974,True
2011-10-27,0.5922997686980892,0.32969502698247966,True
2011-10-28,0.5896409299442651,0.33005659625717987,True
2011-10-31,0.5970030196795834,0.3314640967863778,True
2011-11-01,0.6009596737955542,0.32236796737492435,True
2011-11-02,0.5944747376669541,0.31550173367369094,True
2011-11-03,0.5950997139505706,0.315141682208984,True
2011-11-04,0.6045937741383591,0.3096193779879447,True
2011-11-07,0.5988259792714333,0.3034174217788881,True
2011-11-08,0.6043904706883767,0.2852284520445157,True
2011-11-09,0.5653520683607703,0.3234779543652205,True
2011-11-10,0.6301804631241078,0.3235511297434356,True
2011-11-11,0.629829866152506,0.3290835749731761,True
2011-11-14,0.6405028226700138,0.3299097910769882,True
2011-11-15,0.645092339599023,0.3201119099408313,True
2011-11-16,0.6409840579314803,0.31642289212693386,True
2011-11-17,0.6445481741944254,0.32050205404239035,True
2011-11-18,0.6524709999309372,0.32022246307646174,True
2011-11-21,0.6601217297970261,0.31778260827495225,True
2011-11-22,0.6533320210324793,0.31276605334971197,True
2011-11-23,0.6630610912457271,0.31572766151831266,True
2011-11-25,0.6698870801599932,0.30994764812936304,True
2011-11-28,0.67023624586976,0.29918977706445526,True
2011-11-29,0.6760385595972919,0.29911776314175753,True
2011-11-30,0.6766751315797678,0.32968682983944647,True
2011-12-01,0.7163093394947103,0.309550881802255,True
2011-12-02,0.6982803971777557,0.30330772666320904,True
2011-12-05,0.6919839208210524,0.2975054476036522,True
2011-12-06,0.6927893682806684,0.2973356408544611,True
2011-12-07,0.6960754977051579,0.2971615706904067,True
2011-12-08,0.6973627847661085,0.3064816322590466,True
2011-12-09,0.7168144319551,0.280220821856403,True
2011-12-12,0.6825191023706502,0.28346510627317834,True
2011-12-13,0.6918932614735261,0.2759462002977798,True
2011-12-14,0.6826856318189065,0.2756947775823135,True
2011-12-15,0.6779584688166684,0.27551777973454966,True
2011-12-16,0.6760126895831232,0.2716887620284688,True
2011-12-19,0.677772316432254,0.26713694842133695,True
2011-12-20,0.6729494999845942,0.28975968485516895,True
2011-12-21,0.697394716495149,0.28005477990135813,True
2011-12-22,0.6787442530515647,0.2806754504147725,True
2011-12-23,0.6766376608602364,0.26256067486601425,True
2011-12-27,0.6488818660421727,0.26146093979044993,True
2011-12-28,0.6501851741362471,0.251359487328665,True
2011-12-29,0.6404757871827571,0.2532851044341976,True
2011-12-30,0.6551289431644043,0.20519877240299508,True
2012-01-03,0.5706966599387315,0.21026695149378133,True
2012-01-04,0.5486880810185385,0.2104254528851126,True
2012-01-05,0.5503191440598743,0.2082883195406398,True
2012-01-06,0.5373164983987825,0.20843534881623396,True
2012-01-09,0.531977583061867,0.20837890537868928,True
2012-01-10,0.5311351647020063,0.19066856427838444,True
2012-01-11,0.4935571191689961,0.18104311274096496,True
2012-01-12,0.4606098449770614,0.16920812230664706,False
2012-01-13,0.4329242309745278,0.16593094721523322,False
2012-01-17,0.42640138659764176,0.15858957422164036,False
2012-01-18,0.4099443529821806,0.1603940180224514,False
2012-01-19,0.4175548991646573,0.16034619968985245,False
2012-01-20,0.4144493999523089,0.14755961304090232,False
2012-01-23,0.3790044956130906,0.1106043048221974,False
2012-01-24,0.2579282173010074,0.11118997366448347,False
2012-01-25,0.2699811004515371,0.10871834924591683,False
2012-01-26,0.27187818534466074,0.1103868479886966,False
2012-01-27,0.2655264993354878,0.11077681171324424,False
2012-01-30,0.2674629790767909,0.0947700984334278,False
2012-01-31,0.21342219004074528,0.08962631298263947,False
2012-02-01,0.1838606032748726,0.09569083296917835,False
2012-02-02,0.19556597881954135,0.08668469085924924,False
2012-02-03,0.19074435484846838,0.09118867870829825,False
2012-02-06,0.20887137148164672,0.09262296038401864,False
2012-02-07,0.21644963195301634,0.09106161381998508,False
2012-02-08,0.20951182776844143,0.09092634522099272,False
2012-02-09,0.2090386736736809,0.08365582250098201,False
2012-02-10,0.1841045104319818,0.09424481558720253,False
2012-02-13,0.22169287550893058,0.09596909876258257,False
2012-02-14,0.229838113944901,0.09239890101324319,False
2012-02-15,0.2209941373631275,0.09517776495138812,False
2012-02-16,0.23153743803211035,0.09558442881135208,False
2012-02-17,0.23602803500464856,0.09491133535854723,False
2012-02-21,0.23463265640509934,0.09518459656861064,False
2012-02-22,0.23943648672191853,0.09741652187159001,False
2012-02-23,0.24326829034272754,0.09777957577466595,False
2012-02-24,0.24572707252066292,0.09538739395369021,False
2012-02-27,0.2356416047203422,0.09318571083534447,False
2012-02-28,0.23877675511996346,0.09299517329857179,False
2012-02-29,0.2390984965908134,0.09400118675931325,False
2012-03-01,0.24313991727467443,0.09459008686522584,False
2012-03-02,0.2483013045662419,0.0842359813429176,False
2012-03-05,0.22080894342765528,0.08640046125878469,False
2012-03-06,0.21893386224543818,0.09450725904846892,True
2012-03-07,0.25623357156983073,0.09965284395559851,False
2012-03-08,0.267357295662418,0.10513448499894108,False
2012-03-09,0.2840737107363223,0.10606192383070406,False
2012-03-12,0.2901450873060378,0.10597547300051784,False
2012-03-13,0.2912240275466778,0.11285795257393036,False
2012-03-14,0.3030389161012246,0.11131132404530003,False
2012-03-15,0.30064423985800676,0.1132943481306853,False
2012-03-16,0.3049926083035425,0.11110085949093289,False
2012-03-19,0.2986535192523349,0.10590264207441655,False
2012-03-20,0.27550167523411034,0.10707579536925536,False
2012-03-21,0.28820494799602564,0.10732851833225915,False
2012-03-22,0.29861058579015115,0.1091546037277959,False
2012-03-23,0.3045272637576266,0.10915968954418634,False
2012-03-26,0.30621383652003203,0.11750355551091453,False
2012-03-27,0.35412465793830705,0.11909252146351376,False
2012-03-28,0.3514802585444087,0.12094724322435697,False
2012-03-29,0.35866546019841106,0.11993131563981449,False
2012-03-30,0.3573456438376796,0.11987822959490219,False
2012-04-02,0.3639306847072618,0.12160260720002594,False
2012-04-03,0.37069682786489405,0.12190008734488884,False
2012-04-04,0.394125318612598,0.11286174531113155,False
2012-04-05,0.3622930490580118,0.11112337799669915,False
2012-04-09,0.36102992243616155,0.12122725231292306,False
2012-04-10,0.40158570904477864,0.1348225890563715,True
2012-04-11,0.4538622087587007,0.13956400118537474,False
2012-04-12,0.4748545917181874,0.1371155902535976,False
2012-04-13,0.464846762246218,0.1427846944689644,False
2012-04-16,0.4876592467774293,0.13945013797668052,False
2012-04-17,0.4612191185070498,0.14701927767064052,False
2012-04-18,0.4922436650596525,0.14704851655185966,False
2012-04-19,0.49194718884973604,0.14766037030816426,False
2012-04-20,0.487139264486318,0.148730698024955,False
2012-04-23,0.4824591611350287,0.15153549898524554,False
2012-04-24,0.4964009118694005,0.15111316349008294,False
2012-04-25,0.49101833430490543,0.14857717224132544,False
2012-04-26,0.46553404916040975,0.1505564538629241,False
2012-04-27,0.4673767867900701,0.14997024221200436,False
2012-04-30,0.4655788582470451,0.15015836358542103,False
2012-05-01,0.4653400736925749,0.14989911348574253,False
2012-05-02,0.461636839850192,0.14654382217794173,False
2012-05-03,0.447605618459358,0.14752970281943323,False
2012-05-04,0.44174713125036774,0.15282847056886456,True
2012-05-07,0.4548128657470585,0.1528731823782804,False
2012-05-08,0.459050973114846,0.14601708966315943,False
2012-05-09,0.43179843194250755,0.136327407559954,False
2012-05-10,0.39489282191474695,0.13193106954530584,False
2012-05-11,0.37970033369103584,0.1194689803559203,False
2012-05-14,0.35006478372210936,0.11946325976264265,False
2012-05-15,0.3479218569749065,0.11945040539471738,False
2012-05-16,0.3456709971187957,0.10865870317718769,False
2012-05-17,0.2973697133374502,0.12379687279470884,True
2012-05-18,0.333043890393637,0.1256542870265344,False
2012-05-21,0.3431476333023982,0.13974601114581311,False
2012-05-22,0.36292793655912414,0.13762595595733926,False
2012-05-23,0.35058392585900516,0.13804419223238626,False
2012-05-24,0.3388522018360609,0.1292505591403771,False
2012-05-25,0.32017163113201247,0.12508066481230293,False
2012-05-29,0.30514746705204254,0.13468829248061695,False
2012-05-30,0.3408087040359974,0.14160075293533073,False
2012-05-31,0.369555607633317,0.13888894643528718,False
2012-06-01,0.3599937084586194,0.15931815717080092,True
2012-06-04,0.41870113671359144,0.1591239382616485,False
2012-06-05,0.4231662105730724,0.160243048201465,False
2012-06-06,0.4139060834439276,0.1904254479882009,True
2012-06-07,0.4979432420117526,0.18944337854676985,True
2012-06-08,0.5002314818379413,0.19078651438724656,True
2012-06-11,0.5142011789030105,0.197048699468736,True
2012-06-12,0.5310382061466621,0.20230253526223776,True
2012-06-13,0.5471867911947285,0.19979168796503527,True
2012-06-14,0.5362726511059362,0.20207639643868489,True
2012-06-15,0.5479224184997238,0.2035680055631224,True
2012-06-18,0.5556499904554325,0.18990673759508767,True
2012-06-19,0.5256210438966982,0.18892030536551355,True
2012-06-20,0.515407222527987,0.182955029840081,True
2012-06-21,0.5081137256477569,0.19990330764812267,True
2012-06-22,0.5457569329815123,0.20042038175418317,True
2012-06-25,0.5586463394274505,0.20640700649410423,True
2012-06-26,0.5763378374685626,0.20712407640411454,True
2012-06-27,0.5761494573749197,0.20538050197904176,True
2012-06-28,0.5679001207052365,0.19735828464233074,True
2012-06-29,0.543679356079149,0.21242287036080987,True
2012-07-02,0.5635534637388778,0.18528580219046042,True
2012-07-03,0.5085964483912948,0.1841243242479817,True
2012-07-05,0.5066410797726947,0.1857629121966978,True
2012-07-06,0.5180273915087411,0.17130651211700051,False
2012-07-09,0.48476700403763767,0.1720709909078947,False
2012-07-10,0.4915115964575264,0.17368804510914806,False
2012-07-11,0.48614149505551396,0.16287486941971896,False
2012-07-12,0.45444139539816886,0.1606000074673933,False
2012-07-13,0.44102971518893624,0.16706448526901327,False
2012-07-16,0.4608544066748434,0.16585648070461448,False
2012-07-17,0.4567879235711944,0.16425678464491913,False
2012-07-18,0.4582772134728911,0.16544018893522314,False
2012-07-19,0.45599238031323164,0.16056868223742962,False
2012-07-20,0.4486309983613136,0.16574561071829969,False
2012-07-23,0.46627687960098474,0.15109186694683752,False
2012-07-24,0.43583633595114607,0.15492335456641376,False
2012-07-25,0.43728140773671365,0.14769895595604865,False
2012-07-26,0.40895855910583334,0.15453285950759912,False
2012-07-27,0.4220748614531961,0.16484674788034973,False
2012-07-30,0.44428572416336576,0.16519398136385194,False
2012-07-31,0.44538700005049653,0.1440227085455318,False
2012-08-01,0.39480099213816855,0.14535370468545103,False
2012-08-02,0.38994335768698773,0.14559909179936595,False
2012-08-03,0.38707668613327945,0.157508805583691,False
2012-08-06,0.4168733991876169,0.1537204582383615,False
2012-08-07,0.40790043751377353,0.15428199351053265,False
2012-08-08,0.39513030917727676,0.15027768206471573,False
2012-08-09,0.3862855698600007,0.14991954146344844,False
2012-08-10,0.39185035746550434,0.1476404926362799,False
2012-08-13,0.3963867646923254,0.13899376253705267,False
2012-08-14,0.3707057501313671,0.1385388559567519,False
2012-08-15,0.3730546793782564,0.13706861243329646,False
2012-08-16,0.3691613365105707,0.13844576801058506,False
2012-08-17,0.38250437990854574,0.13840599570080236,False
2012-08-20,0.38955463252437095,0.13112807083868994,False
2012-08-21,0.3727380021523338,0.1253513601389768,False
2012-08-22,0.35586835413709267,0.11669304038933428,False
2012-08-23,0.3346150431045207,0.12174303931420845,False
2012-08-24,0.3589723557311841,0.11365985604564402,False
2012-08-27,0.34137097103779374,0.09363519018336697,False
2012-08-28,0.27795786082692286,0.09341046923009239,False
2012-08-29,0.28486627340829174,0.0922263133975052,False
2012-08-30,0.2817836651277002,0.09383574438353158,False
2012-08-31,0.2996396328489287,0.08731291114230669,False
2012-09-04,0.28018820309023573,0.0670216442890903,False
2012-09-05,0.175311848815173,0.06683465740132906,False
2012-09-06,0.17648066575578306,0.0942264013106065,False
2012-09-07,0.3309479974626036,0.09450835602288492,False
2012-09-10,0.3223128990123339,0.0972898304931948,False
2012-09-11,0.3339902736354764,0.09827966543044077,False
2012-09-12,0.33053555625283304,0.09648651796543321,False
2012-09-13,0.3226354944577581,0.11116188442657124,False
2012-09-14,0.37159867679745223,0.11153470122352291,False
2012-09-17,0.3592980798429547,0.11089630404758143,False
2012-09-18,0.3563920786565069,0.11202033046809091,False
2012-09-19,0.35436995214336703,0.11200685192099902,False
2012-09-20,0.3484349235818131,0.11089049574298475,False
2012-09-21,0.33855107570805354,0.11072661881219684,False
2012-09-24,0.3367361267729634,0.10682868920290324,False
2012-09-25,0.3205322314484073,0.11675695895338226,False
2012-09-26,0.3453642287172653,0.1190921170660667,False
2012-09-27,0.3537354294481876,0.12229331680151484,False
2012-09-28,0.35663048517892243,0.12391902405229525,False
2012-10-01,0.3589889570651953,0.12000472424573692,False
2012-10-02,0.3420514085282174,0.1192904611639945,False
2012-10-03,0.3361138450358727,0.1194229920755127,False
2012-10-04,0.3327150738292559,0.12220534435273513,False
2012-10-05,0.34379043457545905,0.10191709689016101,False
2012-10-08,0.251500971633019,0.10176452878233017,False
2012-10-09,0.26151866729902135,0.10566137206654502,False
2012-10-10,0.28034978768385793,0.10686626198134266,False
2012-10-11,0.28878239888655716,0.10714242981793504,False
2012-10-12,0.28948050424830746,0.08758574309499867,False
2012-10-15,0.20017491788488995,0.09147414346874512,False
2012-10-16,0.24350275199801352,0.09976758988037891,False
2012-10-17,0.2704133433458636,0.10287642687601131,False
2012-10-18,0.2789019948691291,0.10261929982320396,False
2012-10-19,0.2702725658379617,0.11792324705810658,True
2012-10-22,0.34289480487014634,0.11797327978430586,False
2012-10-23,0.34075494347735524,0.12487986659486885,False
2012-10-24,0.3636107377634,0.1188918855788899,False
2012-10-25,0.34081162256965625,0.1190729585649572,False
2012-10-26,0.32961547328296653,0.1141341409111572,False
2012-10-31,0.3170879658105899,0.11389651934210289,False
2012-11-01,0.311306582731156,0.12098246831583036,False
2012-11-02,0.3162857325827867,0.12533131770042077,False
2012-11-05,0.326317847258168,0.1260055133092141,False
2012-11-06,0.3283935880048971,0.12669113760454107,False
2012-11-07,0.32593316356736074,0.15127993012371402,True
2012-11-08,0.39192636414498183,0.15705404631648212,False
2012-11-09,0.40016908775048265,0.15507417445829186,False
2012-11-12,0.3930497274557511,0.15403136544510357,False
2012-11-13,0.39302248113022387,0.15317914989305562,False
2012-11-14,0.3911285074896039,0.15817158310831925,False
2012-11-15,0.4036658863408625,0.15343916304275562,False
2012-11-16,0.3877900356433749,0.14860014065389288,False
2012-11-19,0.3739477013909163,0.16642831229088823,False
2012-11-20,0.42411256033288675,0.16771905296895523,False
2012-11-21,0.4401157207762133,0.15991265438211122,False
2012-11-23,0.42319695355803766,0.16597999534156235,False
2012-11-26,0.44555645325410254,0.15982161700311331,False
2012-11-27,0.43021206730628914,0.15969780297300323,False
2012-11-28,0.4325224820247981,0.16071692811450933,False
2012-11-29,0.44402977212415745,0.16218257054777868,False
2012-11-30,0.44919461947131806,0.16267665932730477,False
2012-12-03,0.4552428629162934,0.1588293138721417,False
2012-12-04,0.46584744655959154,0.1547612806100708,False
2012-12-05,0.46047528042872055,0.15500626527493386,False
2012-12-06,0.452573283315661,0.15156709135307128,False
2012-12-07,0.448529183292314,0.1229054085840669,False
2012-12-10,0.37126811830531553,0.10950873085731401,False
2012-12-11,0.3353820833384755,0.11073582713729861,False
2012-12-12,0.33744042439970323,0.10930095208165061,False
2012-12-13,0.33193764904852024,0.11192175877198145,False
2012-12-14,0.34213063406651434,0.09463713036252143,False
2012-12-17,0.2911801121417431,0.0932940885859772,False
2012-12-18,0.29965532628028974,0.09756785990022625,False
2012-12-19,0.3143829275722876,0.08145760897155942,False
2012-12-20,0.25952985932500794,0.08145393848834022,False
2012-12-21,0.26120551419058885,0.09365946630127774,False
2012-12-24,0.2962019571086063,0.08800493416066335,False
2012-12-26,0.27259744098546174,0.09094622380810487,False
2012-12-27,0.2876360962109979,0.09024774613678141,False
2012-12-28,0.28836168062396406,0.093985469745763,False
2012-12-31,0.31835197554367745,0.10648457649089035,False
2013-01-02,0.37276666111739054,0.13304460010733016,False
2013-01-03,0.46344005164843155,0.13108530773264426,False
2013-01-04,0.45525885585829085,0.1328373902844282,False
2013-01-07,0.443485213105654,0.1343134296780369,False
2013-01-08,0.4608402851712579,0.13684187817021964,False
2013-01-09,0.4740896940740221,0.13706806704130772,False
2013-01-10,0.47206204389170897,0.13866982009251214,False
2013-01-11,0.480245134379467,0.1378568270875968,False
2013-01-14,0.48102537664391565,0.13798664173969238,False
2013-01-15,0.48347979026346083,0.13446302384164685,False
2013-01-16,0.4708062269660664,0.13447404604013077,False
2013-01-17,0.4667642746683368,0.13387556628596256,False
2013-01-18,0.46270547821699615,0.12897269500818875,False
2013-01-22,0.44758959805347887,0.12832184439646543,False
2013-01-23,0.4440576303961943,0.1283476567063467,False
2013-01-24,0.43425830568480034,0.11987364735381506,False
2013-01-25,0.4124472195756028,0.11962202677075613,False
2013-01-28,0.4005038411486761,0.11693875856066016,False
2013-01-29,0.38946169661372615,0.11567278958253625,False
2013-01-30,0.37527296483751627,0.1107492053475944,False
2013-01-31,0.3427886328103044,0.10423967947092096,False
2013-02-01,0.3104255034204908,0.07507076488775806,False
2013-02-04,0.20262489181119211,0.08643022664847773,False
2013-02-05,0.25340769652670636,0.0860507682360401,False
2013-02-06,0.2565265273181155,0.08386267831869676,False
2013-02-07,0.25178954726876035,0.08092962421720679,False
2013-02-08,0.23781509563685257,0.08066520662562941,False
2013-02-11,0.2404064854953393,0.07835419357843067,False
2013-02-12,0.23163575449439044,0.07778958227353074,False
2013-02-13,0.23164311319476202,0.0780915534766693,False
2013-02-14,0.23289435964028485,0.07806511664120606,False
2013-02-15,0.22519626111517405,0.07892872619276305,False
2013-02-19,0.2220739370322275,0.07867723368515349,False
2013-02-20,0.22618043863417178,0.09622535825738747,False
2013-02-21,0.26937750641806707,0.10010504976392082,False
2013-02-22,0.2784961719329704,0.10389490916639166,False
2013-02-25,0.30580529733505224,0.12090416502391496,True
2013-02-26,0.376444895993377,0.11910098802498383,False
2013-02-27,0.3792691166473659,0.12600420685431687,False
2013-02-28,0.4058782899983705,0.12400207669920005,False
2013-03-01,0.40790743260887413,0.12315894555051693,False
2013-03-04,0.40582021972970256,0.12331271437112845,False
2013-03-05,0.40667853006320753,0.12298501463790697,False
2013-03-06,0.40864437514904883,0.11672271255379248,False
2013-03-07,0.376991338507464,0.11367847911399999,False
2013-03-08,0.3654289718856061,0.1151934638209108,False
2013-03-11,0.36780172102187836,0.11465191236439588,False
2013-03-12,0.37199192030890926,0.11423768683051247,False
2013-03-13,0.3740284373322072,0.11418150554822028,False
2013-03-14,0.3696776148262246,0.11481800138213595,False
2013-03-15,0.3744404941990553,0.11501435295212317,False
2013-03-18,0.37027807778286653,0.1168737266627946,False
2013-03-19,0.38430269397797306,0.11648652382551372,False
2013-03-20,0.38677611561416186,0.11611681030314679,False
2013-03-21,0.3915714038296368,0.11080667044973617,False
2013-03-22,0.3838422031686269,0.10600432025734606,False
2013-03-25,0.3703878221248741,0.10334146357762301,False
2013-03-26,0.36521017148155577,0.07965902165510352,False
2013-03-27,0.2702036658539696,0.08041221325394922,False
2013-03-28,0.2728151503541161,0.07304593193396794,False
2013-04-01,0.23267231901606772,0.07806939973639866,False
2013-04-02,0.24396681823140262,0.07819735151892314,False
2013-04-03,0.2350861573137126,0.0887211572701174,False
2013-04-04,0.2767432961500658,0.08686956105789555,False
2013-04-05,0.26226745056063,0.08739006644450593,False
2013-04-08,0.2678610434019058,0.09006691724733219,False
2013-04-09,0.27625421657780036,0.08839731911221077,False
2013-04-10,0.26910806100177237,0.0952686739081577,False
2013-04-11,0.2936238730329865,0.09521661188697383,False
2013-04-12,0.2918284229932159,0.09600369168929891,False
2013-04-15,0.2958038414338938,0.12968802914548855,True
2013-04-16,0.41773184951992764,0.1424931725093213,False
2013-04-17,0.45770616416770676,0.15116762534942008,False
2013-04-18,0.4771907491125365,0.1518180100798305,False
2013-04-19,0.46853759737752243,0.15290288262037136,False
2013-04-22,0.46235638699749376,0.14937486818196527,False
2013-04-23,0.4529541292013964,0.15361474648139142,False
2013-04-24,0.4649030556907337,0.15364623636621227,False
2013-04-25,0.4319494241323082,0.15255954309734496,False
2013-04-26,0.41515069056399795,0.1525255277557266,False
2013-04-29,0.4162703787065445,0.15380051989267643,False
2013-04-30,0.42091784472675564,0.15166770962019388,False
2013-05-01,0.4159668576337581,0.15654404255016158,False
2013-05-02,0.43546263747206515,0.15384648749123922,False
2013-05-03,0.42601059646693895,0.15731241434792545,False
2013-05-06,0.4260476590455814,0.1561943485956554,False
2013-05-07,0.41657297585170294,0.155448365937113,False
2013-05-08,0.41510629719123543,0.15555906018166663,False
2013-05-09,0.4114083437689089,0.15293222667898904,False
2013-05-10,0.40142925454391976,0.15347641841161447,False
2013-05-13,0.406138081596427,0.1526487438180487,False
2013-05-14,0.40428279336991296,0.11963601826793104,False
2013-05-15,0.3143730344409769,0.11126219959114353,False
2013-05-16,0.2854111387286397,0.09484696508703859,False
2013-05-17,0.24675770929972965,0.09265828505106452,False
2013-05-20,0.24470157565696435,0.0928380077395455,False
2013-05-21,0.25197151401215906,0.09364171043718222,False
2013-05-22,0.2519295230363578,0.1016461765900443,False
2013-05-23,0.27189210040310147,0.10215702641689994,False
2013-05-24,0.29162328275846083,0.10186641651669803,False
2013-05-28,0.29682438437422487,0.10322066869258001,False
2013-05-29,0.2968865641787032,0.10964971422232532,False
2013-05-30,0.311832935833155,0.11000391906294486,False
2013-05-31,0.31416192292810735,0.12208543423286874,True
2013-06-03,0.35276394701037606,0.11811904701167746,False
2013-06-04,0.33886195034356587,0.11296303456844353,False
2013-06-05,0.3218743729663072,0.12148847036335782,False
2013-06-06,0.3600639740461629,0.12554297114879817,False
2013-06-07,0.3683250050914002,0.13083658391816322,False
2013-06-10,0.3903087836533875,0.13068195812766692,False
2013-06-11,0.3912471926226252,0.13565776984119826,False
2013-06-12,0.407414102001629,0.13943219341223215,False
2013-06-13,0.42560019121025605,0.1439946695097878,False
2013-06-14,0.4403843511273289,0.14244388000217675,False
2013-06-17,0.4391962380336082,0.14479140562271475,False
2013-06-18,0.450550613533534,0.14287166424874398,False
2013-06-19,0.4580964505683256,0.1508212161926807,False
2013-06-20,0.4871244660418076,0.17476146801556156,True
2013-06-21,0.5495179621030879,0.17313119601748106,False
2013-06-24,0.5371152771674292,0.17798058316970528,False
2013-06-25,0.5476079785944997,0.18286679155215452,True
2013-06-26,0.5556768524829891,0.1836799545338988,True
2013-06-27,0.5599678285177088,0.18484117652651955,True
2013-06-28,0.5685004061714813,0.18409486035585224,True
2013-07-01,0.5668338363950884,0.17610806180724745,False
2013-07-02,0.5437185368796593,0.1748669139799291,False
2013-07-03,0.5446267333967116,0.17441778154426593,False
2013-07-05,0.5497627145470558,0.17113749269292117,False
2013-07-08,0.539708833909318,0.16895521698073626,False
2013-07-09,0.5321157179526017,0.1663285501750576,False
2013-07-10,0.5242126319326926,0.1663354649766203,False
2013-07-11,0.5183802156639797,0.16740448722629997,False
2013-07-12,0.5133012230335469,0.16266849255567936,False
2013-07-15,0.4962356362938102,0.15593533420303418,False
2013-07-16,0.4789882677616806,0.15589418187619536,False
2013-07-17,0.4755656218565981,0.15416524439663018,False
2013-07-18,0.47311673109118,0.15244454748677466,False
2013-07-19,0.4569110478749886,0.14188758651039265,False
2013-07-22,0.4194024698646431,0.09713154982044479,False
2013-07-23,0.26814706640283664,0.09865944660253069,False
2013-07-24,0.27561627267891886,0.08679393788898852,False
2013-07-25,0.22984513841164045,0.0835249117014955,False
2013-07-26,0.2185747787708995,0.08076001115619882,False
2013-07-29,0.20864763384146723,0.07959508933429943,False
2013-07-30,0.20705460275588913,0.07978085822357704,False
2013-07-31,0.19301546067052575,0.0797207587170914,False
2013-08-01,0.19567253466658877,0.08487904388714693,False
2013-08-02,0.2120399198513376,0.08549362152906072,False
2013-08-05,0.2118244614613959,0.08300944922502639,False
2013-08-06,0.2074442417164601,0.08738238011418642,False
2013-08-07,0.2212979273691329,0.08463209324964664,False
2013-08-08,0.21441331248790632,0.08678086776702923,False
2013-08-09,0.21946842887485024,0.07274874639956297,False
2013-08-12,0.1640097751298079,0.07252148502184085,False
2013-08-13,0.16814646229395583,0.07114005081231596,False
2013-08-14,0.16625792880487184,0.07105108266355645,False
2013-08-15,0.17065540052637024,0.09050518047555042,True
2013-08-16,0.2524747254327318,0.08903996555235719,False
2013-08-19,0.25772891293145583,0.09047428272516482,False
2013-08-20,0.26453859442696104,0.09180682140944368,False
2013-08-21,0.2720673565173234,0.09328678779771862,False
2013-08-22,0.28823373789585593,0.09838858159666795,False
2013-08-23,0.31414307758225324,0.10067862609611883,False
2013-08-26,0.31876585546575736,0.10109954153737268,False
2013-08-27,0.3252743334607716,0.11608487583082625,True
2013-08-28,0.35719263711055804,0.11639295469775954,False
2013-08-29,0.3594253289978956,0.11712395376558148,False
2013-08-30,0.3608101721231314,0.10898048666008643,False
2013-09-03,0.3372653463812439,0.11104326641762713,False
2013-09-04,0.33727725713132206,0.11795184155470052,False
2013-09-05,0.3624719475631898,0.11623891086526617,False
2013-09-06,0.36554616243921145,0.11643028860264466,False
2013-09-09,0.36791523323638614,0.1239876416379529,False
2013-09-10,0.3919632612011451,0.1280602301031852,False
2013-09-11,0.4011497023589619,0.12892574462966575,False
2013-09-12,0.40280334006472346,0.12920527995010503,False
2013-09-13,0.40521483156719523,0.12889196438552966,False
2013-09-16,0.4049978852270312,0.11527803785553652,False
2013-09-17,0.3538663789751802,0.11319453402491575,False
2013-09-18,0.34804149423269665,0.11654667739481402,False
2013-09-19,0.3637728726125365,0.11807623598381563,False
2013-09-20,0.3697495464122354,0.11923555748423517,False
2013-09-23,0.3735569264711766,0.1197188486956393,False
2013-09-24,0.37161674935300054,0.1185014270452946,False
2013-09-25,0.36493669349258034,0.11746586319133837,False
2013-09-26,0.3570250190098782,0.09446724509927325,False
2013-09-27,0.2828744405218217,0.09720186844634124,False
2013-09-30,0.29857509158045936,0.09996711294974947,False
2013-10-01,0.3168998028077275,0.09793185591425202,False
2013-10-02,0.30968570923808236,0.09826026219202308,False
2013-10-03,0.3173312355366017,0.10008418238661987,False
2013-10-04,0.3271051411595369,0.10217275330216545,False
2013-10-07,0.33700447845466946,0.1068859062528517,False
2013-10-08,0.3561547003758739,0.1107153532950569,False
2013-10-09,0.3662893758939245,0.10622171358028945,False
2013-10-10,0.34941765523531343,0.13399416672086933,False
2013-10-11,0.4525561026145983,0.13465269533193883,False
2013-10-14,0.45623122126713955,0.13450998360559618,False
2013-10-15,0.4594446900563086,0.13527447940234966,False
2013-10-16,0.4657885062002944,0.14303870520988532,False
2013-10-17,0.4893705385104513,0.13780872038173714,False
2013-10-18,0.47061685253286495,0.1376586231262128,False
2013-10-21,0.4656635684761834,0.13473641129885736,False
2013-10-22,0.4552523434849861,0.1334259094547601,False
2013-10-23,0.4489258423786037,0.13647409277773512,False
2013-10-24,0.4425428448459561,0.1361129887592236,False
2013-10-25,0.4373546488218478,0.13608241274838953,False
2013-10-28,0.4328804763390106,0.13458887041205012,False
2013-10-29,0.42159792977490224,0.13345807194761564,False
2013-10-30,0.41457174942623853,0.13619327886346744,False
2013-10-31,0.4217218305890337,0.1373690419033149,False
2013-11-01,0.41654874224797894,0.1335534880543944,False
2013-11-04,0.39898050735037793,0.13378860396417455,False
2013-11-05,0.39448387619785436,0.13007723244032793,False
2013-11-06,0.3753411748398707,0.116223720743479,False
2013-11-07,0.33214397643284527,0.12927511725107435,False
2013-11-08,0.37564661957589907,0.10954079606304819,False
2013-11-11,0.3033177751643097,0.1081387217884489,False
2013-11-12,0.30278197913075466,0.10838933494510494,False
2013-11-13,0.30126286762199644,0.10524506553382794,False
2013-11-14,0.28673246340940856,0.09587830049931832,False
2013-11-15,0.2524286571044002,0.09196580953625554,False
2013-11-18,0.24038084977516452,0.0934073384463249,False
2013-11-19,0.250622600173483,0.09441843699527745,False
2013-11-20,0.2511064157751938,0.0943171654907745,False
2013-11-21,0.2528339631482314,0.09627827935786634,False
2013-11-22,0.26742668142919224,0.09745676859040837,False
2013-11-25,0.2732754087896649,0.09757536394220379,False
2013-11-26,0.2790755248896767,0.09739187793467619,False
2013-11-27,0.28585313781233734,0.09607826702518017,False
2013-11-29,0.2790397197721891,0.09153255273075506,False
2013-12-02,0.26399891506601003,0.09179526749399484,False
2013-12-03,0.2682640575874398,0.09235583321082624,False
2013-12-04,0.2693166944468501,0.08877196919138632,False
2013-12-05,0.2557783047434969,0.08985077216897545,False
2013-12-06,0.2621741811629481,0.09701626220280905,False
2013-12-09,0.3015129496923652,0.08218579436489776,False
2013-12-10,0.25097813549417064,0.07522577832792716,False
2013-12-11,0.2392525099110617,0.08512991477327422,False
2013-12-12,0.26602632248780217,0.08565803553460659,False
2013-12-13,0.2674972974171884,0.08198603587291944,False
2013-12-16,0.25203790646316826,0.0819133809072381,False
2013-12-17,0.25687462521300064,0.08121846655327954,False
2013-12-18,0.24900250258569886,0.09424782464612137,False
2013-12-19,0.3054617846017334,0.09275622873884677,False
2013-12-20,0.2980080444620982,0.09360199017692335,False
2013-12-23,0.2980205859690003,0.09027097679198055,False
2013-12-24,0.2953980919392458,0.08968266175031933,False
2013-12-26,0.3000812115224266,0.09031310920676343,False
2013-12-27,0.30518706466714574,0.09042422679464224,False
2013-12-30,0.30990694248572653,0.08971542300925443,False
2013-12-31,0.310890056027483,0.0898241138413429,False
2014-01-02,0.3109045785342231,0.09562781780993648,False
2014-01-03,0.3374014589340741,0.09493318716202821,False
2014-01-06,0.33914316620237467,0.09578037396618391,False
2014-01-07,0.35023437492092013,0.09667205221200917,False
2014-01-08,0.35301925303533155,0.09127531455819161,False
2014-01-09,0.3279419336826877,0.0912568413483282,False
2014-01-10,0.3201807872856868,0.09031621188728411,False
2014-01-13,0.3147068999151444,0.09041048280456983,False
2014-01-14,0.31552411481832493,0.09583125527536179,False
2014-01-15,0.32639163330769494,0.09620743237644133,False
2014-01-16,0.32152831340003085,0.09627416899184692,False
2014-01-17,0.31896281750749284,0.09922567762446093,False
2014-01-21,0.33545156631069406,0.08980350611974597,False
2014-01-22,0.28622755594249616,0.08939629406059721,False
2014-01-23,0.2839496715477422,0.09466628010881603,False
2014-01-24,0.30641288446010356,0.12113836246207631,True
2014-01-27,0.3877688519413468,0.12124183701319277,False
2014-01-28,0.3754743889446152,0.12483429082434296,False
2014-01-29,0.38264816151303965,0.1286907619434042,False
2014-01-30,0.3860236487985851,0.13459488539676426,False
2014-01-31,0.3899430947106312,0.13476894936711606,False
2014-02-03,0.3821497393239055,0.15345412002208036,True
2014-02-04,0.43762906219587383,0.15504496623969097,False
2014-02-05,0.4354248052196373,0.15505598155949518,False
2014-02-06,0.4310904845584345,0.1601178650745867,False
2014-02-07,0.43933389866060724,0.1666839079216769,False
2014-02-10,0.459574929314079,0.16729999515855698,False
2014-02-11,0.46509172799422166,0.1706809454960675,False
2014-02-12,0.47170294466013324,0.16620204316866727,False
2014-02-13,0.45918515738432353,0.16188098634413756,False
2014-02-14,0.4502149558720614,0.16209771038768117,False
2014-02-18,0.45249882706706107,0.16218403072080342,False
2014-02-19,0.4484842132977851,0.16276910730962582,False
2014-02-20,0.44322423075814843,0.16368474569223293,False
2014-02-21,0.4506174872370454,0.16364444817285062,False
2014-02-24,0.46065543367862855,0.1610790801404797,False
2014-02-25,0.4527242174054748,0.13936532777221916,False
2014-02-26,0.4006535660338374,0.13693192673183516,False
2014-02-27,0.3962371544695383,0.1346099511639378,False
2014-02-28,0.3852745800884372,0.12799943021799223,False
2014-03-03,0.3717853648137575,0.12730204734377945,False
2014-03-04,0.3822719765421449,0.13360959213525833,False
2014-03-05,0.4120373748912865,0.09411480259959269,False
2014-03-06,0.2793380959964358,0.09398682457029753,False
2014-03-07,0.2812167316105631,0.09111748934083898,False
2014-03-10,0.2751988580273185,0.08660121186971094,False
2014-03-11,0.26399752648068736,0.08605311860049537,False
2014-03-12,0.25644243990371896,0.08587077001694024,False
2014-03-13,0.2588980626538596,0.09148312709373842,False
2014-03-14,0.275293720753532,0.09151035408575434,False
2014-03-17,0.280386765109625,0.09246222448044916,False
2014-03-18,0.28929993721047637,0.09411270212773029,False
2014-03-19,0.29479832704444947,0.09774469465786714,False
2014-03-20,0.3139303386116948,0.09536754936100125,False
2014-03-21,0.30761046547456433,0.09362191347862962,False
2014-03-24,0.2913626346550247,0.0954745472722216,False
2014-03-25,0.29620258729198273,0.09558921654057674,False
2014-03-26,0.29432720970765935,0.09970337940732163,False
2014-03-27,0.3056706164071174,0.10064357648295905,False
2014-03-28,0.30652922748830175,0.10151979840117825,False
2014-03-31,0.31432301716738315,0.10650727241223125,False
2014-04-01,0.33111431849743805,0.10601654764896772,False
2014-04-02,0.31759648334108564,0.09281076163705237,False
2014-04-03,0.26342460825332337,0.09322178082935877,False
2014-04-04,0.26661067758347073,0.1037074305735639,False
2014-04-07,0.2952952276030927,0.10930255349028467,False
2014-04-08,0.30452384729520426,0.11047941936735192,False
2014-04-09,0.30775938628405647,0.11468671327528666,False
2014-04-10,0.3193228338078542,0.13519712597845446,True
2014-04-11,0.38581036580530126,0.13481133827058098,False
2014-04-14,0.3853598609922392,0.1377210715218055,False
2014-04-15,0.399103219409002,0.1366200360946885,False
2014-04-16,0.38884326955625154,0.13832312191702362,False
2014-04-17,0.39585537425071,0.13660742639638263,False
2014-04-21,0.38060586409939134,0.13599047834495648,False
2014-04-22,0.37775839002416933,0.13711875503016777,False
2014-04-23,0.38335262637643897,0.13600206106048937,False
2014-04-24,0.37976681614306756,0.13458029418280681,False
2014-04-25,0.37186233463797197,0.13549817335843672,False
2014-04-28,0.36630822333093177,0.13471010204415315,False
2014-04-29,0.35901457479510285,0.13451194611032186,False
2014-04-30,0.35083904237135527,0.1310206797185403,False
2014-05-01,0.3370657169513603,0.12858098016943456,False
2014-05-02,0.3328425854215923,0.12790286085828256,False
2014-05-05,0.33297752581432555,0.12780685411759282,False
2014-05-06,0.33296456940199637,0.12356586543174197,False
2014-05-07,0.3289657140257879,0.12018053037205925,False
2014-05-08,0.3266478458598198,0.12193255585952936,False
2014-05-09,0.32771114287008724,0.11592442420178149,False
2014-05-12,0.3118922993974018,0.095530870391327,False
2014-05-13,0.23576966074370698,0.08561859442198738,False
2014-05-14,0.19900636419401355,0.0874843763138162,False
2014-05-15,0.20214901951580935,0.09479218198596863,False
2014-05-16,0.23202954705699563,0.08978966677339732,False
2014-05-19,0.2085354223488948,0.09110857699840981,False
2014-05-20,0.21498912565402373,0.0942227172176966,False
2014-05-21,0.23142510596736826,0.09446948028991783,False
2014-05-22,0.2386299435338049,0.09452401406246427,False
2014-05-23,0.24205194458652093,0.0958174001402235,False
2014-05-27,0.25220883263211025,0.09230109455543364,False
2014-05-28,0.2546779703231389,0.09224312476255218,False
2014-05-29,0.2676252696569211,0.09252633528750696,False
2014-05-30,0.27841379608230926,0.09172897331977874,False
2014-06-02,0.2762256455048361,0.0917249692479156,False
2014-06-03,0.2829236262803299,0.0916839821243709,False
2014-06-04,0.2829791601807791,0.09165122574218604,False
2014-06-05,0.2863097951082304,0.0892049457455632,False
2014-06-06,0.27410138129050365,0.08714184970110711,False
2014-06-09,0.27109068280170956,0.08268212465671577,False
2014-06-10,0.2640012361360046,0.08306128519849812,False
2014-06-11,0.26720431761273966,0.07861666430573547,False
2014-06-12,0.2642253489783922,0.08320942956645597,False
2014-06-13,0.2784217494973035,0.07965996509576716,False
2014-06-16,0.27168870304044573,0.06721415554495334,False
2014-06-17,0.21458481544583274,0.06700313293440421,False
2014-06-18,0.2147317637050172,0.06797031407494615,False
2014-06-19,0.22711612270854417,0.057426504452837465,False
2014-06-20,0.18297906099394834,0.05655813654887732,False
2014-06-23,0.17121390396792172,0.05889189318367044,False
2014-06-24,0.17654533281418366,0.06731542940725163,False
2014-06-25,0.21466187435281642,0.06540455237685346,False
2014-06-26,0.20245295797272003,0.06603716415310625,False
2014-06-27,0.21065748478550653,0.06421669309369622,False
2014-06-30,0.2016721730636824,0.06415672493848847,False
2014-07-01,0.20188009941767038,0.06698538241825826,False
2014-07-02,0.2095592689262823,0.06725506805553227,False
2014-07-03,0.2106477967906334,0.06858008071553338,False
2014-07-07,0.21745888093622834,0.06634082300324734,False
2014-07-08,0.20523553981517423,0.07118366251971305,False
2014-07-09,0.21477950630779624,0.07136967388702364,False
2014-07-10,0.22556013074585907,0.07375661835557619,False
2014-07-11,0.2315450027616009,0.07291673885357623,False
2014-07-14,0.22411280645713536,0.07032488701209674,False
2014-07-15,0.21572790894219987,0.06995260394994156,False
2014-07-16,0.20552310543456268,0.06985240610345991,False
2014-07-17,0.20585575533241943,0.08174342163752754,False
2014-07-18,0.2591083549296838,0.08699526503695944,False
2014-07-21,0.2790809409732417,0.08677158612973132,False
2014-07-22,0.2743610589678713,0.08797448989404105,False
2014-07-23,0.2753496392261759,0.08752342182096404,False
2014-07-24,0.2685777080784833,0.08267369381509786,False
2014-07-25,0.24900019576511978,0.08505074827553785,False
2014-07-28,0.27007995603630996,0.08487416398230704,False
2014-07-29,0.2655169529718232,0.08499060485373729,False
2014-07-30,0.26245617420265066,0.08500459615961162,False
2014-07-31,0.26010767135436486,0.10224417165490497,True
2014-08-01,0.3241400517158501,0.10222990778588126,False
2014-08-04,0.31928416746431365,0.1034609448388566,False
2014-08-05,0.32329567632400197,0.10375302515898599,False
2014-08-06,0.3200476276086053,0.10196110124706848,False
2014-08-07,0.3025425013319108,0.10150502608209404,False
2014-08-08,0.29944316693144624,0.10841424880008127,False
2014-08-11,0.3343040093454526,0.10894457279173517,False
2014-08-12,0.3350719434520702,0.10735231349508362,False
2014-08-13,0.32905598951935433,0.11014382960829643,False
2014-08-14,0.34374426165744504,0.11090849555268402,False
2014-08-15,0.34996757824023805,0.1011492144209296,False
2014-08-18,0.3194196095042124,0.10193679837623015,False
2014-08-19,0.3204125063084901,0.10255220065916727,False
2014-08-20,0.32304527288943885,0.1020702684688661,False
2014-08-21,0.33195112283710626,0.10264914160409994,False
2014-08-22,0.3383774762610262,0.1033609418545874,False
2014-08-25,0.3480912169008553,0.10199782075327672,False
2014-08-26,0.34571884114764045,0.10193255696364587,False
2014-08-27,0.34856413145839,0.10153241042823553,False
2014-08-28,0.3550686715658513,0.1016655816542158,False
2014-08-29,0.3651599703215693,0.07284966755734441,False
2014-09-02,0.26810561161164,0.07203583126515002,False
2014-09-03,0.27493222934948724,0.07085801040316096,False
2014-09-04,0.2703317001602769,0.06532007861367425,False
2014-09-05,0.2424801654084604,0.0655787855719248,False
2014-09-08,0.26316886467829476,0.06302264820036273,False
2014-09-09,0.2522610617774294,0.06388020453807443,False
2014-09-10,0.2529541678360017,0.06347048110177744,False
2014-09-11,0.24417223144854014,0.061858353970520946,False
2014-09-12,0.23615854100718373,0.06492566982732001,False
2014-09-15,0.25341511443973136,0.06418650728962154,False
2014-09-16,0.24575125741413956,0.06782035897556236,False
2014-09-17,0.26221990659419686,0.05778028536053849,False
2014-09-18,0.20787323300309957,0.05898776305948848,False
2014-09-19,0.209979111179319,0.06007980977696588,False
2014-09-22,0.20272153529235695,0.06968244554256459,False
2014-09-23,0.2378313769220277,0.07412363128437584,False
2014-09-24,0.25972898816897383,0.07469754435847373,False
2014-09-25,0.2598483928688539,0.08759443828186352,False
2014-09-26,0.3271865725204434,0.09463176040758191,False
2014-09-29,0.35795316976173924,0.09459295042823189,False
2014-09-30,0.3538411752682536,0.09384739978699648,False
2014-10-01,0.34619013449028874,0.10474588759383935,False
2014-10-02,0.3776338752942409,0.1045417079787534,False
2014-10-03,0.366458001010906,0.10940701368883483,False
2014-10-06,0.3859937846463285,0.10806192540415664,False
2014-10-07,0.36889386471829033,0.11552441629535024,False
2014-10-08,0.3970961472543904,0.12890131199740193,False
2014-10-09,0.44967144677300247,0.14962934790884494,True
2014-10-10,0.5099682857738869,0.15530672210874244,False
2014-10-13,0.49050668996835967,0.1597349610417576,False
2014-10-14,0.49677427767248106,0.1622334878395031,False
2014-10-15,0.49147387573463946,0.15760573334413372,False
2014-10-16,0.4539682535153543,0.15916340045766628,False
2014-10-17,0.4425267511728294,0.16392807375062465,False
2014-10-20,0.45671618493333654,0.16831249041060234,False
2014-10-21,0.4663847153267007,0.1818852151468554,True
2014-10-22,0.4838081051025471,0.18129333012351576,True
2014-10-23,0.47469330860148246,0.18524367731169253,True
2014-10-24,0.4733210993869312,0.18125181091184528,True
2014-10-27,0.45832560674555933,0.17812647162541917,True
2014-10-28,0.45253428968852044,0.1857799630066955,True
2014-10-29,0.4608339711987356,0.18528707473434022,True
2014-10-30,0.4540481991821762,0.17886101600275153,True
2014-10-31,0.4346030569548395,0.18338530054576743,True
2014-11-03,0.4411989496310381,0.18216834263597562,True
2014-11-04,0.43485836841967734,0.18123187245771555,True
2014-11-05,0.42758854853555506,0.1728685098385467,False
2014-11-06,0.39251737283833654,0.1663843581392182,False
2014-11-07,0.36549610501728635,0.1385886380532859,False
2014-11-10,0.2880898447907858,0.12171012102355652,False
2014-11-11,0.2683770609536745,0.10343153476397521,False
2014-11-12,0.2202808833018961,0.10491865906677249,False
2014-11-13,0.2336828864116342,0.10356442498497347,False
2014-11-14,0.22650009600994125,0.10390060997723735,False
2014-11-17,0.24170727959483743,0.10241246849123244,False
2014-11-18,0.23521078955302524,0.10177684821268246,False
2014-11-19,0.23338149484859816,0.0861625765101652,False
2014-11-20,0.19255342404898215,0.08010790578467573,False
2014-11-21,0.18074402178332064,0.07542655576696654,False
2014-11-24,0.17716692179881185,0.0740610269905391,False
2014-11-25,0.1642511746765113,0.07192544268360393,False
2014-11-26,0.16724076131266377,0.05798722032723688,False
2014-11-28,0.12748125666651536,0.06316664009165047,False
2014-12-01,0.11684954383667433,0.06836076463479523,False
2014-12-02,0.13867176574187098,0.057826002392669176,False
2014-12-03,0.10915747969760667,0.06137762141103433,False
2014-12-04,0.11059614321100748,0.0616440311423701,False
2014-12-05,0.11501957007119824,0.06188063821717084,False
2014-12-08,0.10831383224698775,0.07251823007895146,False
2014-12-09,0.12223664735180806,0.07250614065180461,False
2014-12-10,0.12611575895165417,0.09330966506581234,True
2014-12-11,0.2090953896335954,0.09398926963563298,False
2014-12-12,0.21449138418353786,0.10988285999958734,True
2014-12-15,0.2861544456574021,0.11189946154233713,False
2014-12-16,0.2933685156387549,0.11155956696487765,False
2014-12-17,0.29218954739130554,0.13800482226204258,False
2014-12-18,0.38161941689140555,0.15518560112996432,False
2014-12-19,0.4323801468193658,0.15627532336917146,False
2014-12-22,0.4316030696303879,0.15655250766680548,False
2014-12-23,0.43132490482489544,0.1552023913823476,False
2014-12-24,0.4196253013069004,0.15516049647155972,False
2014-12-26,0.4218279202710042,0.15547678783092908,False
2014-12-29,0.4243783247496684,0.15541244658877537,False
2014-12-30,0.4254310257855654,0.15499536697357502,False
2014-12-31,0.4540254024990704,0.1563766132321529,False
2015-01-02,0.46910853161392313,0.15455153908157232,False
2015-01-05,0.46826963316750114,0.16644231011275304,True
2015-01-06,0.5040603944840351,0.16854905218215147,False
2015-01-07,0.49473142718139035,0.17201555832556614,False
2015-01-08,0.5090509860346749,0.1815915709340005,True
2015-01-09,0.5396803159322702,0.184193202814902,True
2015-01-12,0.5512876734832635,0.175821524547422,False
2015-01-13,0.5304085245534313,0.17574981363185416,False
2015-01-14,0.5270655840121552,0.16669981398733263,False
2015-01-15,0.4984821664798265,0.1673024671515033,False
2015-01-16,0.4933336786224952,0.1722902133478317,False
2015-01-20,0.5121172193774196,0.1550259052240918,False
2015-01-21,0.4593144779421867,0.13749466415598938,False
2015-01-22,0.40520529735671984,0.14778048406995556,False
2015-01-23,0.433809445064625,0.14781490575531794,False
2015-01-26,0.41802291088878596,0.14881662301314746,False
2015-01-27,0.4243972767021306,0.1522875307836661,False
2015-01-28,0.4192313156615391,0.1584958739513245,False
2015-01-29,0.42943040962211,0.1640308310395097,False
2015-01-30,0.43353685749096726,0.1700990098305771,False
2015-02-02,0.44231580685452143,0.17409775232202848,False
2015-02-03,0.4419405301303378,0.181877848369607,True
2015-02-04,0.45082682290222537,0.16915884096334954,False
2015-02-05,0.4193420562990172,0.1703350868339433,False
2015-02-06,0.42541850692528177,0.16911655712182555,False
2015-02-09,0.4154965300338649,0.1580892142719215,False
2015-02-10,0.3918978625166029,0.1578281975538325,False
2015-02-11,0.38676180160781853,0.15596087283011686,False
2015-02-12,0.38117027546467674,0.15821924879673555,False
2015-02-13,0.3824337694239771,0.15555664939050323,False
2015-02-17,0.3768111064750456,0.15106950469802108,False
2015-02-18,0.3739325437039789,0.14629267166045481,False
2015-02-19,0.35436504723475465,0.14640137190770072,False
2015-02-20,0.3540799247019686,0.1464110370858146,False
2015-02-23,0.3606449048594623,0.13738808803770405,False
2015-02-24,0.33640833954335464,0.13628071214328638,False
2015-02-25,0.3441417982911551,0.13644789496461504,False
2015-02-26,0.34261309743079427,0.1311946045384693,False
2015-02-27,0.3386635625282668,0.11912056471960523,False
2015-03-02,0.30560496372249407,0.11542797421455167,False
2015-03-03,0.301806889609252,0.10153173999042293,False
2015-03-04,0.2589606293887895,0.09632995022800984,False
2015-03-05,0.24295151813465776,0.08357030518668333,False
2015-03-06,0.1998777544190777,0.10080062278587885,True
2015-03-09,0.269711820299084,0.09125468878090505,False
2015-03-10,0.25043920780633977,0.10789905419647025,True
2015-03-11,0.3181752395127852,0.10691145892501862,False
2015-03-12,0.3108781469518954,0.10805031412008999,False
2015-03-13,0.3126838018707943,0.10964514830591726,False
2015-03-16,0.32386890986370276,0.11241154222939975,False
2015-03-17,0.3397616241567939,0.11214628414162386,False
2015-03-18,0.3468074146161446,0.11910994268915324,False
2015-03-19,0.35936453678283026,0.12056419442161588,False
2015-03-20,0.3642923529976826,0.12562205737897955,False
2015-03-23,0.3867943913055089,0.12417720259441101,False
2015-03-24,0.3801083675655581,0.12544127181365816,False
2015-03-25,0.3856710456322699,0.13469856336907854,True
2015-03-26,0.40840773433127864,0.1347337794136475,False
2015-03-27,0.4131039830212678,0.1354547811326554,False
2015-03-30,0.4131963073450112,0.14364605660054802,False
2015-03-31,0.44246634259632533,0.14459511731836228,False
2015-04-01,0.45341745078642454,0.14418561638438354,False
2015-04-02,0.449331048128675,0.14433344131847609,False
2015-04-06,0.4486989516342932,0.1462634358971958,False
2015-04-07,0.44943015372035583,0.13441517479338164,False
2015-04-08,0.41885617455927315,0.13359992101851406,False
2015-04-09,0.41652963436775375,0.11857795466100499,False
2015-04-10,0.3685273873398362,0.11944445935539931,False
2015-04-13,0.37567354844847456,0.11571345172191397,False
2015-04-14,0.367820669347546,0.11328006049616117,False
2015-04-15,0.36025602381143934,0.10908097409950741,False
2015-04-16,0.3392888210404375,0.10856827940422588,False
2015-04-17,0.331963729064434,0.1124632547671766,False
2015-04-20,0.3532406120781645,0.1133145445913991,False
2015-04-21,0.361020829752424,0.10814462282340949,False
2015-04-22,0.33291387107574216,0.10858492393770763,False
2015-04-23,0.33394615302195546,0.1070776495183915,False
2015-04-24,0.3214700808960584,0.0897080418194051,False
2015-04-27,0.26547663852453013,0.09008231709500304,False
2015-04-28,0.2674334772613871,0.0902678463608597,False
2015-04-29,0.2719405181716562,0.08185789139259128,False
2015-04-30,0.22474479796427707,0.08934305745915444,False
2015-05-01,0.23858779929710885,0.09640946180011054,False
2015-05-04,0.2690078418151927,0.09647064013732719,False
2015-05-05,0.2719216395429332,0.10220204806192723,False
2015-05-06,0.29583516769661167,0.10299492335011513,False
2015-05-07,0.2939335522895264,0.10306629992809213,False
2015-05-08,0.2930579923819015,0.11076722910774373,False
2015-05-11,0.318589169708107,0.10931988269084675,False
2015-05-12,0.312667557684273,0.10881419850021606,False
2015-05-13,0.3104252576287253,0.10875512273500756,False
2015-05-14,0.309381568632729,0.11078545431168589,False
2015-05-15,0.31921154051520473,0.11081277959340692,False
2015-05-18,0.3175084152681619,0.09999870094592579,False
2015-05-19,0.2836253417428675,0.09774219197880475,False
2015-05-20,0.27380418996145983,0.09765029835810449,False
2015-05-21,0.2834261660058075,0.09730426308862711,False
2015-05-22,0.28213633645109654,0.0973132835135245,False
2015-05-26,0.2925090735302096,0.10387926883616812,False
2015-05-27,0.32954109562228584,0.10773308439984465,False
2015-05-28,0.34973870211874375,0.10716540094959012,False
2015-05-29,0.35923914034846843,0.10769073614962096,False
2015-06-01,0.37308419459012554,0.09732350909040353,False
2015-06-02,0.35374481556631077,0.08985725787994926,False
2015-06-03,0.32235916367564793,0.08942036196188001,False
2015-06-04,0.3183305634035933,0.08638090789253762,False
2015-06-05,0.30955306205382416,0.0854598618529835,False
2015-06-08,0.3034967498224169,0.08760406454779093,False
2015-06-09,0.30896192963442093,0.07592755037999467,False
2015-06-10,0.26799442613492935,0.08455215630440775,False
2015-06-11,0.3083889066862629,0.0843448405212307,False
2015-06-12,0.3089961767274646,0.08825130394366153,False
2015-06-15,0.3295727812340272,0.0812862414256959,False
2015-06-16,0.3090802305121828,0.08534054294284296,False
2015-06-17,0.3360264985689863,0.08527193400075038,False
2015-06-18,0.33460596865041475,0.09173754181303174,False
2015-06-19,0.36870666416650916,0.0922636182452119,False
2015-06-22,0.36627430184235765,0.09383871398953277,False
2015-06-23,0.3761969345026949,0.09367035367535825,False
2015-06-24,0.3751493592409978,0.0914973403289435,False
2015-06-25,0.3643074576805274,0.08578682721629237,False
2015-06-26,0.33815554551886523,0.08594113738821312,False
2015-06-29,0.32605920705666347,0.11382263843495809,True
2015-06-30,0.42503279026837393,0.11476273644915876,False
2015-07-01,0.4268424911523365,0.11721924964416974,False
2015-07-02,0.4331147780485625,0.11703972797305125,False
2015-07-06,0.43405185727997253,0.11597437604678737,False
2015-07-07,0.42553417436028423,0.11668777178211455,False
2015-07-08,0.4227298414280442,0.13109529560398606,True
2015-07-09,0.47076141921066206,0.13119523891225043,False
2015-07-10,0.4506868893227072,0.13588399833662415,False
2015-07-13,0.470253283706201,0.14175841006729065,False
2015-07-14,0.47776392023575137,0.14179155811326163,False
2015-07-15,0.46838553255665666,0.14157815060286005,False
2015-07-16,0.4629362864334492,0.1415834518759605,False
2015-07-17,0.4558219172852886,0.1413533480851771,False
2015-07-20,0.445707010886264,0.13720224553017868,False
2015-07-21,0.4294908862132015,0.1382837133355021,False
2015-07-22,0.4245065440037743,0.1370748438884005,False
2015-07-23,0.4143916992911044,0.13714949352617067,False
2015-07-24,0.4099887772467501,0.13967436779236478,False
2015-07-27,0.41084254279088295,0.14085589490830433,False
2015-07-28,0.41378692412856666,0.15014510371024858,False
2015-07-29,0.4369663022432239,0.1342722722775414,False
2015-07-30,0.3684039373845458,0.1340371036060615,False
2015-07-31,0.36545904457402023,0.13253830035628764,False
2015-08-03,0.35663970869447514,0.13290714858882,False
2015-08-04,0.35454388705216416,0.13076688675130085,False
2015-08-05,0.33809403192632764,0.13271776087755088,False
2015-08-06,0.3486093162055807,0.11599105881748435,False
2015-08-07,0.28164626979893403,0.12108030444792334,False
2015-08-10,0.28248178031497306,0.12081187242726567,False
2015-08-11,0.271696298000379,0.11929261844055657,False
2015-08-12,0.2641852946989231,0.11644516562190527,False
2015-08-13,0.252956672297016,0.1160980670012659,False
2015-08-14,0.25330310316640137,0.11425692564995062,False
2015-08-17,0.24640172743716698,0.11611688011036006,False
2015-08-18,0.2532354457936468,0.11714743463148876,False
2015-08-19,0.2577803207868161,0.12094533993072452,False
2015-08-20,0.27729109419802017,0.13946050217814762,True
2015-08-21,0.34468113097237196,0.16534610223358526,True
2015-08-24,0.43519481792333514,0.20518806151935054,True
2015-08-25,0.537915562351139,0.20949393311059233,True
2015-08-26,0.537678249359557,0.23708649708064738,True
2015-08-27,0.5782834198276294,0.25136369379027246,True
2015-08-28,0.596854479391668,0.25222604095753076,True
2015-08-31,0.5988298244341375,0.2522823731385547,True
2015-09-01,0.5979683892336112,0.27141483236977354,True
2015-09-02,0.6320699710854332,0.28142176107226363,True
2015-09-03,0.6549246009042531,0.28066066668101713,True
2015-09-04,0.656635994366228,0.2840049331873601,True
2015-09-08,0.6693296398441109,0.30141869241586766,True
2015-09-09,0.6997509372478373,0.2978250322688479,True
2015-09-10,0.7014431180458343,0.2982628181830471,True
2015-09-11,0.707365214644606,0.29913644056700256,True
2015-09-14,0.7142042049908606,0.2993441614909339,True
2015-09-15,0.7171961135283732,0.3038651411956388,True
2015-09-16,0.7225410725707091,0.3061006310344836,True
2015-09-17,0.7230443510517817,0.3059319865642221,True
2015-09-18,0.715168682580308,0.3086092497923944,True
2015-09-21,0.7117039198624427,0.3014420696713075,True
2015-09-22,0.7023159326531837,0.2916926079479273,True
2015-09-23,0.6992903965705827,0.2591194387085883,True
2015-09-24,0.6624621951084848,0.25194490028745486,True
2015-09-25,0.6543184930710119,0.22622448118136254,True
2015-09-28,0.610711849596947,0.22637803999655864,True
2015-09-29,0.6154892700344452,0.2254219981215349,True
2015-09-30,0.6125483291387298,0.23584126809078712,True
2015-10-01,0.6388607872926461,0.20889565748549843,True
2015-10-02,0.5775863504995563,0.21095277163766185,True
2015-10-05,0.571400750093114,0.2284065293894779,True
2015-10-06,0.5968450498573258,0.22019277218317446,True
2015-10-07,0.5682919875221686,0.20555371139477727,True
2015-10-08,0.5253866732542822,0.2000706762191256,True
2015-10-09,0.5102239349916953,0.20014989762803775,True
2015-10-12,0.5066878637657245,0.20017325889164872,True
2015-10-13,0.50659631528787,0.2015015615637302,True
2015-10-14,0.5104409115231245,0.19644292572363772,True
2015-10-15,0.48301610867308187,0.19912727747600198,True
2015-10-16,0.48695896595432847,0.198881809824558,True
2015-10-19,0.4933516895227129,0.18913419962189337,True
2015-10-20,0.46777960510859645,0.1896819983047656,True
2015-10-21,0.45822639887152805,0.18048147509072937,True
2015-10-22,0.4268183443907798,0.18507807758320277,True
2015-10-23,0.4352919340731237,0.18526610463788978,True
2015-10-26,0.4159173782148501,0.1869919097945907,True
2015-10-27,0.4252633046690536,0.15630116566904684,False
2015-10-28,0.34384321228213893,0.1593471104615191,False
2015-10-29,0.34185354973585275,0.15448207455940943,False
2015-10-30,0.32286559478394994,0.1548820777709226,False
2015-11-02,0.3204331423292571,0.1499671452901788,False
2015-11-03,0.3117930260957619,0.1276983190866198,False
2015-11-04,0.25521079353896586,0.13298945140444166,False
2015-11-05,0.2622450634024062,0.12870485164603054,False
2015-11-06,0.2528313127761428,0.12836077129768667,False
2015-11-09,0.23436921550931283,0.13486739288484567,False
2015-11-10,0.25101716777864247,0.1348924541746335,False
2015-11-11,0.2525964867515436,0.13307111548326814,False
2015-11-12,0.24087479338125392,0.14250748532674617,False
2015-11-13,0.2780321917241344,0.13416109420235495,False
2015-11-16,0.2568229396926095,0.1447267432169933,False
2015-11-17,0.2882759492158047,0.14504773720144068,False
2015-11-18,0.29412389431135577,0.15670803301837355,False
2015-11-19,0.3318049990926959,0.15543077729253732,False
2015-11-20,0.3323242606715064,0.1433943156376307,False
2015-11-23,0.3046176400405165,0.13965021994260335,False
2015-11-24,0.3081544700941329,0.14009884666601688,False
2015-11-25,0.3075342279839042,0.13721717183878573,False
2015-11-27,0.30808802438723853,0.12852018475356786,False
2015-11-30,0.2986209018664682,0.12823945895603112,False
2015-12-01,0.3003935483272073,0.13224950755342316,False
2015-12-02,0.31965536465140953,0.12961580417300433,False
2015-12-03,0.32477890463665615,0.1337122036661924,False
2015-12-04,0.34828683884961653,0.14261930556489041,False
2015-12-07,0.3817487647144715,0.14624506889451244,False
2015-12-08,0.39022754823044015,0.14672026223697862,False
2015-12-09,0.4208365436633418,0.14282914052900816,False
2015-12-10,0.4076124077456651,0.14325032625749382,False
2015-12-11,0.40686943199757203,0.15974601199044186,True
2015-12-14,0.44476251863006033,0.15267395839609532,False
2015-12-15,0.4223985020416233,0.15844164096258584,False
2015-12-16,0.42886186419995753,0.1627224173501736,False
2015-12-17,0.42716964397822865,0.16871315212149016,False
2015-12-18,0.43844430357821224,0.16377305561015415,False
2015-12-21,0.42566506322194575,0.1674637400898278,False
2015-12-22,0.43382298745469355,0.17650564454565712,False
2015-12-23,0.4565792925508297,0.1848166913153018,True
2015-12-24,0.4733275628244016,0.18414370936809052,True
2015-12-28,0.47588572927197376,0.18509249737450864,True
2015-12-29,0.48426519283041813,0.18787233840394077,True
2015-12-30,0.49136561672308343,0.18971031407395844,True
2015-12-31,0.5069557470451898,0.18787345854711243,True
2016-01-04,0.507274416991028,0.18895474780330782,True
2016-01-05,0.5071797904608851,0.1844638633168114,True
2016-01-06,0.5006111971826718,0.18456259347915627,True
2016-01-07,0.49231321943018996,0.2026634448507343,True
2016-01-08,0.5331707337229078,0.20491872138972317,True
2016-01-11,0.5411489967722389,0.20485367981852623,True
2016-01-12,0.5344731101674466,0.20792736150343852,True
2016-01-13,0.5377855746756269,0.21422796848797498,True
2016-01-14,0.5419010907347573,0.22221421428503374,True
2016-01-15,0.5547446556486012,0.22553196452781238,True
2016-01-19,0.5670163897456739,0.21095727438315712,True
2016-01-20,0.533194437344034,0.2111124326461279,True
2016-01-21,0.5215353062573389,0.21498707721002944,True
2016-01-22,0.5131457419401285,0.22535166721147995,True
2016-01-25,0.5314125634489273,0.22190764564504917,True
2016-01-26,0.5200995809544431,0.2231738488871533,True
2016-01-27,0.5117030142110558,0.22275932367039739,True
2016-01-28,0.49946842846364625,0.22655941017281167,True
2016-01-29,0.4900324681335254,0.24858399499731826,True
2016-02-01,0.5185296599320243,0.24819948686080157,True
2016-02-02,0.5095091205540055,0.258517966584439,True
2016-02-03,0.5158224503484283,0.2603996810617914,True
2016-02-04,0.5037106898577779,0.2626539300232162,True
2016-02-05,0.48681068999104343,0.26059295133163635,True
2016-02-08,0.4747751022373676,0.25189146199762874,True
2016-02-09,0.4434281066536443,0.24961629697932797,True
2016-02-10,0.42994583152639926,0.2498073400604282,True
2016-02-11,0.4302923880786578,0.24936272018513878,True
2016-02-12,0.42352096957202634,0.24579267189746504,True
2016-02-16,0.40623055635097405,0.251284922141758,True
2016-02-17,0.41586162964039414,0.2465240300760709,True
2016-02-18,0.40530289435699934,0.24639105808635628,True
2016-02-19,0.4077553671662555,0.24116161815093254,True
2016-02-22,0.4011434447127449,0.24481049012104517,True
2016-02-23,0.41382977460639825,0.2425661012357586,True
2016-02-24,0.4027291925169024,0.23135475192940205,True
2016-02-25,0.38203435316845513,0.22705369192711553,True
2016-02-26,0.379031727303537,0.22555078961313724,True
2016-02-29,0.36873233288880614,0.22797495952531033,True
2016-03-01,0.3766027299550325,0.21866977466618165,True
2016-03-02,0.35773212593273557,0.22342347345928038,True
2016-03-03,0.36034580323998705,0.2032340815198127,True
2016-03-04,0.3287594811845774,0.20284455435326834,True
2016-03-07,0.3389509925190347,0.20275515132175992,True
2016-03-08,0.3448434933281855,0.20557481448841586,True
2016-03-09,0.3480713898090321,0.1898702379675596,True
2016-03-10,0.341270095004328,0.1875568687421251,True
2016-03-11,0.3459486399660828,0.18951751180240284,True
2016-03-14,0.35430378078052416,0.1795327979596642,True
2016-03-15,0.34013669019545484,0.1781165434997866,True
2016-03-16,0.33899506543706115,0.16938217863309576,False
2016-03-17,0.32058022915346385,0.16360237322863752,False
2016-03-18,0.30478150974558943,0.1620145039009763,False
2016-03-21,0.3075622065981268,0.15971405842657282,False
2016-03-22,0.3062933234517136,0.15525303288391798,False
2016-03-23,0.29983799015266477,0.15387139733040964,False
2016-03-24,0.28812680835901183,0.1539429000413954,False
2016-03-28,0.2917484215650118,0.15242628478481954,False
2016-03-29,0.2821084526333205,0.15469968693345276,False
2016-03-30,0.2972199554734182,0.1479932201784777,False
2016-03-31,0.2831348388909683,0.13614121152626305,False
2016-04-01,0.23664371696113218,0.13025582445356562,False
2016-04-04,0.2397494218047783,0.12966172983547417,False
2016-04-05,0.24917878049795067,0.13251347834662897,False
2016-04-06,0.2751126368928398,0.1329711947969853,False
2016-04-07,0.2910103315266188,0.1260808876655421,False
2016-04-08,0.30150242832913265,0.1262801389478478,False
2016-04-11,0.30235693768518407,0.12574363423311685,False
2016-04-12,0.3105438602375763,0.11709321455574194,False
2016-04-13,0.2894939755078623,0.12371305617465157,False
2016-04-14,0.28022352851407634,0.1204614531005363,False
2016-04-15,0.2832437024389047,0.11966428781040377,False
2016-04-18,0.2771357526775717,0.11545687885914076,False
2016-04-19,0.2783301763115413,0.1163020949141074,False
2016-04-20,0.2790659141208338,0.11628652840014968,False
2016-04-21,0.26893278509174545,0.11991945361186775,False
2016-04-22,0.27842750661455834,0.11169012889822176,False
2016-04-25,0.25834854572202254,0.11420751679387531,False
2016-04-26,0.2618693467607235,0.1153932209260962,False
2016-04-27,0.2590882091224251,0.11264745143990211,False
2016-04-28,0.2439607111583169,0.11879744002197092,False
2016-04-29,0.25288073551722257,0.12355160835172575,False
2016-05-02,0.25878485866433865,0.12396512204424824,False
2016-05-03,0.26397160029867306,0.13494895313860258,False
2016-05-04,0.27848005786181096,0.13388733108882422,False
2016-05-05,0.26200302833783856,0.13265530406443285,False
2016-05-06,0.2401710322877049,0.12648181689931673,False
2016-05-09,0.2232762820321516,0.12619957556900277,False
2016-05-10,0.21450422433746427,0.1346189358645625,False
2016-05-11,0.2398696638326419,0.1306892954357118,False
2016-05-12,0.23531849525994258,0.12230798573329474,False
2016-05-13,0.23280181882441403,0.12347361121541367,False
2016-05-16,0.2409046988356866,0.1311071847838708,False
2016-05-17,0.26397157419181994,0.13197222194473449,False
2016-05-18,0.26810940109036835,0.1297201547382266,False
2016-05-19,0.2498947374596044,0.1301637277736337,False
2016-05-20,0.25706606402829507,0.131751954563952,False
2016-05-23,0.2529530659395569,0.12773828588463873,False
2016-05-24,0.2567924688367977,0.13413376544501818,False
2016-05-25,0.28751093326501775,0.1352406650997061,False
2016-05-26,0.29436517855364924,0.1333303389242021,False
2016-05-27,0.2904423873249413,0.13068205625805085,False
2016-05-31,0.2924131003583776,0.1267177254753611,False
2016-06-01,0.289732039238255,0.1242418130112304,False
2016-06-02,0.2812532860025952,0.1108343688565976,False
2016-06-03,0.26080230774890817,0.11001477679026105,False
2016-06-06,0.2534392050816595,0.11366232677142286,False
2016-06-07,0.2655283669079534,0.1131611032413995,False
2016-06-08,0.26464615366971384,0.111425637759616,False
2016-06-09,0.2676016506929766,0.1053380015855957,False
2016-06-10,0.23918748780490212,0.11299361892772627,False
2016-06-13,0.24619628086406264,0.11819161432729548,False
2016-06-14,0.27487161141387295,0.11711010765290095,False
2016-06-15,0.2553603917198476,0.1095724078816897,False
2016-06-16,0.23608523036073562,0.10378117301125155,False
2016-06-17,0.20179778693530934,0.10377722424295552,False
2016-06-20,0.21582343892208952,0.10360441194007584,False
2016-06-21,0.22157578858957477,0.10059541910622982,False
2016-06-22,0.22802690686758795,0.10220814504397051,False
2016-06-23,0.23255453856699732,0.11236919155765437,False
2016-06-24,0.23806450716398778,0.1766338468306545,True
2016-06-27,0.4156584647074475,0.19492775248466943,True
2016-06-28,0.4193121629722205,0.20951241500288495,True
2016-06-29,0.4421886098094691,0.21915138862022282,True
2016-06-30,0.4692088165163142,0.2266409195705403,True
2016-07-01,0.49208331655538823,0.22641059040515096,True
2016-07-05,0.492786766861421,0.22901080396893808,True
2016-07-06,0.4955446561136829,0.22486770130167666,True
2016-07-07,0.49991484731968827,0.22456787702739303,True
2016-07-08,0.4936209369308059,0.23322198562084842,True
2016-07-11,0.5150454507912995,0.23344337565500078,True
2016-07-12,0.5168719754774496,0.2313426825318231,True
2016-07-13,0.5000096579851787,0.22834663575528671,True
2016-07-14,0.4914244567647269,0.2276251530605313,True
2016-07-15,0.49522570898100554,0.22766522185612217,True
2016-07-18,0.4959730950022968,0.22770488226708432,True
2016-07-19,0.4967373239338215,0.2298068615700247,True
2016-07-20,0.49709413893419324,0.22916468895876005,True
2016-07-21,0.4921585013121355,0.2306181352787044,True
2016-07-22,0.496929771251491,0.22993005208091108,True
2016-07-25,0.4935856661839333,0.2223541782763214,True
2016-07-26,0.48036272080194536,0.16729496499029223,False
2016-07-27,0.3705105881752095,0.13399113572880164,False
2016-07-28,0.339379753428466,0.12120865706819431,False
2016-07-29,0.2997500196927504,0.1101979569300239,False
2016-08-01,0.2501575843991569,0.09955075641140036,False
2016-08-02,0.1898846181611852,0.10399258058905737,False
2016-08-03,0.20594356104323197,0.09271139813553297,False
2016-08-04,0.19556676222366248,0.09318767282433428,False
2016-08-05,0.19572007263049424,0.09644966864089713,False
2016-08-08,0.1976383204343322,0.07829032460591868,False
2016-08-09,0.12096338665108408,0.0769286822565656,False
2016-08-10,0.11273699108486808,0.07593681151659014,False
2016-08-11,0.1138964184813482,0.07714302995434613,False
2016-08-12,0.11686807311833727,0.07565525780830347,False
2016-08-15,0.11279060372296822,0.07878320752607289,False
2016-08-16,0.11309619846478142,0.08295445859687495,False
2016-08-17,0.13966856339997194,0.07920257969717713,False
2016-08-18,0.14345132189407947,0.07938726152506272,False
2016-08-19,0.1487082436365452,0.0760022361648551,False
2016-08-22,0.14034357471419523,0.07472561379229405,False
2016-08-23,0.13363262430142744,0.07514171136934751,False
2016-08-24,0.13515993799556053,0.07711636780251381,False
2016-08-25,0.1488404225366608,0.07744527490609768,False
2016-08-26,0.1490250798910911,0.0780693471835456,False
2016-08-29,0.15999432917541823,0.08080468173340459,False
2016-08-30,0.182292220528214,0.07969025288079135,False
2016-08-31,0.18900999836409793,0.07565703197523611,False
2016-09-01,0.17406451591484268,0.0749779096809337,False
2016-09-02,0.17865239294733096,0.07708768943686,False
2016-09-06,0.19673292975347684,0.07028929376010415,False
2016-09-07,0.17286989220957197,0.07001496294519657,False
2016-09-08,0.16935482078131045,0.07030799865608531,False
2016-09-09,0.17334717271136085,0.11500009657019387,True
2016-09-12,0.38689741468428196,0.12532526065490995,False
2016-09-13,0.42382879661857026,0.13978084149810888,True
2016-09-14,0.466188163523632,0.13671311955937646,False
2016-09-15,0.4609974276418456,0.14078391593700745,False
2016-09-16,0.47708135672145613,0.14094055199933753,False
2016-09-19,0.47189862344418926,0.13999034802845758,False
2016-09-20,0.4530909845263382,0.14014096688796676,False
2016-09-21,0.46391942361581634,0.1464076399816621,False
2016-09-22,0.48147943302342633,0.14927190355893075,False
2016-09-23,0.4890100951408322,0.1503113924992013,False
2016-09-26,0.4905134725416755,0.15222751001285859,False
2016-09-27,0.49852835386965716,0.1535713114875681,False
2016-09-28,0.5049344003257342,0.15319512671173421,False
2016-09-29,0.4879647571294636,0.15607895348721756,False
2016-09-30,0.5006812151361274,0.1606544304524886,False
2016-10-03,0.5079188637549609,0.16058597569051414,False
2016-10-04,0.5125485031752914,0.16057288072631004,False
2016-10-05,0.5090887273687972,0.16241936744002047,False
2016-10-06,0.5124302314376497,0.16243269034830227,False
2016-10-07,0.5115227430048302,0.1631687164479298,False
2016-10-10,0.5078541767075977,0.13441757153131564,False
2016-10-11,0.42137818653113596,0.13195594824052662,False
2016-10-12,0.4123743455619126,0.11603485375636802,False
2016-10-13,0.35303146123516943,0.11691759318100793,False
2016-10-14,0.34880674470981454,0.11073671203720757,False
2016-10-17,0.3223778639636734,0.11009374120624321,False
2016-10-18,0.32746257765547404,0.11398127993878968,False
2016-10-19,0.3360433868717243,0.11434013052458504,False
2016-10-20,0.33352549646860324,0.10724730185482582,False
2016-10-21,0.2909525969363609,0.1022192810676098,False
2016-10-24,0.2649041844739274,0.09891597300784004,False
2016-10-25,0.25759106493454237,0.09541615599815859,False
2016-10-26,0.23937837237285392,0.0932674558194406,False
2016-10-27,0.227132070768545,0.0898872120521744,False
2016-10-28,0.22295488522942322,0.08457712198296244,False
2016-10-31,0.19246889549563778,0.07534572900183363,False
2016-11-01,0.15793244533077744,0.0775754850694578,False
2016-11-02,0.16219996355458322,0.0763750701682711,False
2016-11-03,0.15896499664004213,0.07172915334491331,False
2016-11-04,0.15309789998122778,0.0719705170811945,False
2016-11-07,0.15035950855088842,0.11036860143861055,False
2016-11-08,0.2782426823392421,0.11005138208893249,False
2016-11-09,0.2746163280336601,0.11480001021219415,False
2016-11-10,0.21018564078949237,0.1144651094175698,False
2016-11-11,0.18580178590007504,0.11368621137013324,False
2016-11-14,0.17880195772534083,0.11427923345488156,False
2016-11-15,0.1737248265255827,0.11350569513480945,False
2016-11-16,0.16914669165166557,0.11203489481528331,False
2016-11-17,0.16427656222048295,0.11225146384109454,False
2016-11-18,0.16443406323116752,0.1119234391109672,False
2016-11-21,0.1629450898886837,0.11277968973175641,False
2016-11-22,0.16800238926474567,0.11236243344101207,False
2016-11-23,0.16933150494567697,0.11207527889636486,False
2016-11-25,0.16625530803956007,0.11163562873934359,False
2016-11-28,0.1694582365360419,0.11546213940373158,False
2016-11-29,0.17264836241039952,0.11501121104061232,False
2016-11-30,0.1752537284377274,0.11455683674270858,False
2016-12-01,0.1715859420990963,0.11211827850046673,False
2016-12-02,0.15824655683434838,0.10674995106904095,False
2016-12-05,0.14361161230796277,0.10559724006919867,False
2016-12-06,0.1401468571570591,0.10548780209295112,False
2016-12-07,0.13752188830644743,0.09343845320531889,False
2016-12-08,0.10391662248689036,0.09339958067362805,False
2016-12-09,0.10284291546418926,0.08222461238394496,False
2016-12-12,0.09645480755807598,0.08576204436636214,False
2016-12-13,0.114713025593315,0.08525429481986417,False
2016-12-14,0.116935421643152,0.09639435136591384,False
2016-12-15,0.15650574250212068,0.0975664573447733,False
2016-12-16,0.1615103590979461,0.09640358900601607,False
2016-12-19,0.15489203804911555,0.09637544490355489,False
2016-12-20,0.15654033339707962,0.09694330956319906,False
2016-12-21,0.15800713836156963,0.09819925940842329,False
2016-12-22,0.1610437961247839,0.09809303523370573,False
2016-12-23,0.15930133964126653,0.09808545067842125,False
2016-12-27,0.16626661161182688,0.09779494480155487,False
2016-12-28,0.1632971410089991,0.10675562734504805,False
2016-12-29,0.1918542107869417,0.10661353009382771,False
2016-12-30,0.195375878364267,0.10863323630315946,False
2017-01-03,0.22942697772656417,0.10991778979574068,False
2017-01-04,0.2474508434007246,0.11221197402761146,False
2017-01-05,0.25288945038779825,0.11030307378420225,False
2017-01-06,0.25082689914435796,0.10814628335586395,False
2017-01-09,0.24629001623945174,0.09628236212913843,False
2017-01-10,0.20787598358236292,0.09531394759472989,False
2017-01-11,0.21226827421067443,0.09478258429817475,False
2017-01-12,0.20865835049590048,0.0952973171646488,False
2017-01-13,0.22033989762420253,0.09453062025553226,False
2017-01-17,0.2182122822824363,0.09003796287216333,False
2017-01-18,0.1683911463733826,0.08693706219435648,False
2017-01-19,0.1592833253152189,0.08952330932272573,False
2017-01-20,0.17107697214453232,0.09012126617357845,False
2017-01-23,0.17922916909655234,0.08766108940877791,False
2017-01-24,0.17734549450607445,0.09612744957677614,False
2017-01-25,0.1879808622991325,0.09916390114241863,False
2017-01-26,0.197027792893967,0.10051495565046978,False
2017-01-27,0.19364343329253753,0.09941287026926646,False
2017-01-30,0.18263796787143602,0.09308004204650201,False
2017-01-31,0.15933090193832633,0.09314737425952672,False
2017-02-01,0.1554574677091261,0.09213154833786662,False
2017-02-02,0.14861215193422916,0.0847673564006301,False
2017-02-03,0.1325005642199018,0.0825593954339741,False
2017-02-06,0.13826724342756738,0.08236630145491579,False
2017-02-07,0.14083860292874428,0.08241149599581198,False
2017-02-08,0.13974378728303957,0.08025555804373856,False
2017-02-09,0.13085111708989347,0.08326744954861451,False
2017-02-10,0.13665281713589741,0.08376807302191584,False
2017-02-13,0.1435652127887201,0.08418835838146739,False
2017-02-14,0.1473258986486669,0.08464072670164026,False
2017-02-15,0.14620939736192526,0.08094498947414423,False
2017-02-16,0.1516447896202522,0.08232067473088703,False
2017-02-17,0.148532110803269,0.07725559271138698,False
2017-02-21,0.12946532862669333,0.0791443388903103,False
2017-02-22,0.13672637123115058,0.08008994717293952,False
2017-02-23,0.13549375112610085,0.07325019421225443,False
2017-02-24,0.12495655378482573,0.06978934371370366,False
2017-02-27,0.1230459738901892,0.0676114436937407,False
2017-02-28,0.11400011179834954,0.07093491516439267,False
2017-03-01,0.12679842459449076,0.07167122543047216,False
2017-03-02,0.1272771724627979,0.0809438244774323,False
2017-03-03,0.15572168091414568,0.08094167097371166,False
2017-03-06,0.15199453550286873,0.08453836873662188,False
2017-03-07,0.17124880509971996,0.0845959254662663,False
2017-03-08,0.17438464302776427,0.08613973546340808,False
2017-03-09,0.18204926774515795,0.08637751082433973,False
2017-03-10,0.18656434417642417,0.0871174336232559,False
2017-03-13,0.19036894153215164,0.08448240757322616,False
2017-03-14,0.18898729654495652,0.08482426550618839,False
2017-03-15,0.19354176126869768,0.08955414867036969,False
2017-03-16,0.21921076791899788,0.0885522660527613,False
2017-03-17,0.21858193654243901,0.08690385586687062,False
2017-03-20,0.21255734107788624,0.086426904404749,False
2017-03-21,0.21731355377146036,0.1010962348592697,False
2017-03-22,0.26412622107538436,0.0960932233893172,False
2017-03-23,0.24216813837037457,0.09579605874612973,False
2017-03-24,0.2441298736310345,0.09564557093715335,False
2017-03-27,0.25612156599911207,0.09539691518594454,False
2017-03-28,0.25593335043978177,0.0989872191551744,False
2017-03-29,0.2771916947177331,0.09900579759190146,False
2017-03-30,0.27810362146032674,0.08850000455602655,False
2017-03-31,0.24190364218407784,0.08353555314553572,False
2017-04-03,0.23214641721802365,0.08362387912406899,False
2017-04-04,0.23436527624322923,0.08210940963488769,False
2017-04-05,0.22803652437327993,0.08450527902738987,False
2017-04-06,0.22971299147341723,0.08458231652175083,False
2017-04-07,0.2256234268963374,0.08430781179661122,False
2017-04-10,0.22997338456642902,0.0832894573773352,False
2017-04-11,0.22490256302394912,0.08329985157499555,False
2017-04-12,0.22797739683896429,0.0837854888872627,False
2017-04-13,0.21826822880267824,0.07921285856787628,False
2017-04-17,0.17468894539199475,0.08580913235949998,False
2017-04-18,0.22110240824359184,0.08607868171351059,False
2017-04-19,0.22517150660020582,0.08630809583868375,False
2017-04-20,0.2189899412818312,0.07149326050630997,False
2017-04-21,0.17946743489305617,0.07207750198290226,False
2017-04-24,0.18037245460267662,0.08363272506775785,False
2017-04-25,0.2341504891509741,0.08844892983797167,False
2017-04-26,0.23391950532383746,0.08867774075953216,False
2017-04-27,0.23014097500059272,0.08551274744812785,False
2017-04-28,0.21400458645335838,0.08626242162027052,False
2017-05-01,0.2132413772108698,0.08590528172658912,False
2017-05-02,0.21203929192277943,0.08825056841132577,False
2017-05-03,0.20728663154388172,0.08845216508192948,False
2017-05-04,0.2017090162390234,0.08897325572158926,False
2017-05-05,0.1937637521206322,0.08819777544067116,False
2017-05-08,0.19422381686364196,0.0870954248326083,False
2017-05-09,0.19528693681871534,0.08784989148574869,False
2017-05-10,0.19778337466882356,0.09012799756907945,False
2017-05-11,0.19358376139694156,0.09102844939966828,False
2017-05-12,0.19581899443581643,0.08907558135124193,False
2017-05-15,0.19776932976490777,0.0838249474011314,False
2017-05-16,0.18095349209942654,0.0800503899821241,False
2017-05-17,0.15473324920734785,0.104862547639711,True
2017-05-18,0.20613246775307598,0.10437858712322741,False
2017-05-19,0.20438568974724983,0.1056623174404601,False
2017-05-22,0.2142676802164578,0.1062614148281311,False
2017-05-23,0.22055986028373703,0.09838448455380361,False
2017-05-24,0.1899642610215131,0.09305956734109334,False
2017-05-25,0.19136168444351534,0.0933695569085768,False
2017-05-26,0.19435611372371447,0.09327470112184934,False
2017-05-30,0.1997832752643349,0.09305302171444231,False
2017-05-31,0.2046125264950201,0.09310121090952576,False
2017-06-01,0.20609089260222366,0.09536581306052178,False
2017-06-02,0.2257335206381038,0.09477888466227462,False
2017-06-05,0.22741848961434577,0.09429703102688455,False
2017-06-06,0.2408291430561414,0.09149960372606646,False
2017-06-07,0.24104445236904806,0.0913732768816492,False
2017-06-08,0.24044587961673813,0.09148739667316558,False
2017-06-09,0.22321152175354605,0.0898447026518537,False
2017-06-12,0.20424750231679825,0.08865782063515398,False
2017-06-13,0.19732482617209254,0.09121593950323031,False
2017-06-14,0.19872335276076986,0.09153097635645709,False
2017-06-15,0.19084342243205238,0.09402750081627287,False
2017-06-16,0.19488705554532626,0.06198669281909407,False
2017-06-19,0.10082083651558994,0.06465416764918182,False
2017-06-20,0.10601919807678546,0.06716862373335054,False
2017-06-21,0.11737647652511123,0.06652828643505788,False
2017-06-22,0.11730112837382914,0.06589145551547071,False
2017-06-23,0.11453325407773067,0.06646195410477948,False
2017-06-26,0.11177959533645108,0.06606123545449685,False
2017-06-27,0.10768479558280239,0.07679192200962245,False
2017-06-28,0.14729808160170887,0.08124522064439015,False
2017-06-29,0.16338206608765446,0.08911416548682535,False
2017-06-30,0.20038500567962503,0.08373534400419796,False
2017-07-03,0.17887591298481811,0.08424291117906947,False
2017-07-05,0.18030851652629867,0.08387856237232931,False
2017-07-06,0.17384476171997418,0.09043273483178461,False
2017-07-07,0.19812768154047683,0.09327913746028102,False
2017-07-10,0.20903358232755107,0.09249782703021224,False
2017-07-11,0.2113963003927403,0.09226692433581983,False
2017-07-12,0.21743641028889157,0.09643966171740842,False
2017-07-13,0.23313177262330984,0.09234717475488927,False
2017-07-14,0.22601867274584123,0.09355345134242143,False
2017-07-17,0.23908773729835886,0.09133601658833507,False
2017-07-18,0.24289485258605928,0.09143864343428484,False
2017-07-19,0.25250373027640555,0.09167462019681957,False
2017-07-20,0.250965176006178,0.08791446513754474,False
2017-07-21,0.24229944908542816,0.08724861203976834,False
2017-07-24,0.23994316164832932,0.08753993331184862,False
2017-07-25,0.24671198270225486,0.08920850302181486,False
2017-07-26,0.24270762613762528,0.09045916300904373,False
2017-07-27,0.23093390456303367,0.08128045224068946,False
2017-07-28,0.18491892135170945,0.07781387032855504,False
2017-07-31,0.1603536143801561,0.06834314061266658,False
2017-08-01,0.1206485275657899,0.06837274804818759,False
2017-08-02,0.11998367490526912,0.06751675302244267,False
2017-08-03,0.11798500777801794,0.06787101584810959,False
2017-08-04,0.11780389594398423,0.05705798468349538,False
2017-08-07,0.07125503216195357,0.054173620905503,False
2017-08-08,0.060987973945106536,0.054272788190551036,False
2017-08-09,0.069052868814189,0.05483181578767057,False
2017-08-10,0.0696976266577673,0.07421725297105,True
2017-08-11,0.13435181403807323,0.07375805642688006,False
2017-08-14,0.13240444913916638,0.08134552393193285,False
2017-08-15,0.156855600864759,0.08130681604555381,False
2017-08-16,0.1546814881855889,0.08135259235137456,False
2017-08-17,0.15289751370699328,0.098078633571148,True
2017-08-18,0.22382127940003432,0.09742829865789461,False
2017-08-21,0.22143150077220664,0.09730606175243456,False
2017-08-22,0.22366839193672103,0.10337490315665424,False
2017-08-23,0.24570878314591377,0.10010600999605601,False
2017-08-24,0.24878648550652296,0.0998848477741132,False
2017-08-25,0.254184804104444,0.10045795365832934,False
2017-08-28,0.27743501416764293,0.10016504663088474,False
2017-08-29,0.2896285811481969,0.10027716441145093,False
2017-08-30,0.29792271351327254,0.10139405562098293,False
2017-08-31,0.30090723239663575,0.1023963283558135,False
2017-09-01,0.31179038815739457,0.10398773036735197,False
2017-09-05,0.32450388187459756,0.10666412252394658,False
2017-09-06,0.32574418330909266,0.10768854757683324,False
2017-09-07,0.3233630738154549,0.10758057769860864,False
2017-09-08,0.3076882215225,0.10753844797339533,False
2017-09-11,0.2998326221242353,0.09775448805271031,False
2017-09-12,0.28681363782122343,0.09787531146124992,False
2017-09-13,0.2777866487041979,0.09123107739688757,False
2017-09-14,0.25361112875385733,0.0913608624124019,False
2017-09-15,0.25401176782647455,0.09258532608734275,False
2017-09-18,0.2517258923393597,0.06226333019900986,False
2017-09-19,0.14249936036011776,0.061383757439708676,False
2017-09-20,0.1369005514008592,0.05998268804676176,False
2017-09-21,0.13457537176600176,0.059095365275549844,False
2017-09-22,0.1246822327247863,0.059065814854048285,False
2017-09-25,0.12305757654285017,0.05927307858272752,False
2017-09-26,0.1158484556928317,0.06021776946045756,False
2017-09-27,0.11579262754355404,0.062087759793168884,False
2017-09-28,0.10855814719964421,0.06192433027985972,False
2017-09-29,0.10774294394588495,0.06185487245524665,False
2017-10-02,0.10731327911867816,0.06293777501025814,False
2017-10-03,0.10959087506306175,0.06207976581373212,False
2017-10-04,0.10867676454958847,0.049378932858666416,False
2017-10-05,0.07141266173939449,0.049188996021900744,False
2017-10-06,0.07349703255008909,0.05167692560672944,False
2017-10-09,0.08625968650485816,0.052165683550535004,False
2017-10-10,0.0938483656029913,0.04327584324135593,False
2017-10-11,0.05358340732383008,0.043116412242804256,False
2017-10-12,0.053341137437457595,0.043386062925906674,False
2017-10-13,0.0519740384757109,0.04317974864606402,False
2017-10-16,0.05306628225417533,0.04139077940152574,False
2017-10-17,0.05099265292799228,0.04081441204174289,False
2017-10-18,0.053282693773549925,0.040871518787692275,False
2017-10-19,0.05265506681812604,0.04105360147450752,False
2017-10-20,0.05349211743819748,0.03991898851824539,False
2017-10-23,0.0496510322200272,0.042288545741342366,False
2017-10-24,0.058138091617464735,0.0418538098585148,False
2017-10-25,0.06122438722287426,0.04895347364845216,False
2017-10-26,0.08616494711270276,0.045448116924903526,False
2017-10-27,0.08785385685466092,0.045388473925039634,False
2017-10-30,0.0768893427715481,0.051681218014695454,False
2017-10-31,0.09114368456503776,0.05218262165436557,False
2017-11-01,0.08621739381389207,0.05203839533913779,False
2017-11-02,0.08435406361079989,0.05232469599350253,False
2017-11-03,0.08311780862427788,0.05208776356166641,False
2017-11-06,0.08001473349467397,0.05080795714856768,False
2017-11-07,0.0746979448936007,0.050640240164983474,False
2017-11-08,0.06701364490154581,0.05022163609956063,False
2017-11-09,0.061218980839889685,0.055893968293394825,False
2017-11-10,0.07610807183814519,0.056074900231659765,False
2017-11-13,0.07623902461070706,0.05609381525876273,False
2017-11-14,0.07720613590949307,0.05637348144747946,False
2017-11-15,0.07609087177930689,0.06380990629267397,False
2017-11-16,0.09694502060791957,0.07149522785755608,False
2017-11-17,0.11209417868758773,0.07166830585597471,False
2017-11-20,0.11427923242942041,0.0693826953371582,False
2017-11-21,0.11184480013766901,0.07269991321009578,False
2017-11-22,0.12343490233203874,0.07302779714152247,False
2017-11-24,0.12912184727410025,0.06899104314776014,False
2017-11-27,0.1202570374659155,0.06848009189942643,False
2017-11-28,0.12623746788632922,0.07782460477377642,False
2017-11-29,0.17205171525834054,0.07348572791222513,False
2017-11-30,0.14528514431845055,0.07421839609647007,False
2017-12-01,0.15541300362869798,0.07536162746483303,False
2017-12-04,0.15766164382723374,0.07550642944323835,False
2017-12-05,0.15032760541078696,0.07763503062761809,False
2017-12-06,0.15961141924366606,0.07861245091104636,False
2017-12-07,0.1646018678141654,0.07957805116747411,False
2017-12-08,0.16873893282903885,0.08120234011702344,False
2017-12-11,0.17933629968980996,0.07659669109373085,False
2017-12-12,0.1640683685093955,0.07664326985892357,False
2017-12-13,0.16153464467257578,0.07658431435327423,False
2017-12-14,0.1591766659780858,0.0803311419180735,False
2017-12-15,0.1794649315936842,0.0768567389251651,False
2017-12-18,0.16540862483587213,0.07302455942073877,False
2017-12-19,0.15739678749078628,0.07489309550221895,False
2017-12-20,0.1605636089446321,0.07484142188893415,False
2017-12-21,0.1605685642843639,0.07201525055732591,False
2017-12-22,0.14887029859938075,0.07085088000124982,False
2017-12-26,0.14643815334164909,0.07127478583718679,False
2017-12-27,0.1475783602472338,0.07094424670544944,False
2017-12-28,0.14864886193185667,0.06106938311408119,False
2017-12-29,0.1152074035628154,0.06507801085380857,False
2018-01-02,0.1414528396582506,0.06601550991224332,False
2018-01-03,0.12338302401204838,0.06668927944776305,False
2018-01-04,0.12574264925556494,0.06697943669903968,False
2018-01-05,0.14048046524811658,0.06505954346462066,False
2018-01-08,0.13430515964073308,0.06290872905114679,False
2018-01-09,0.1356194172235932,0.06404428775839158,False
2018-01-10,0.13594718991217478,0.06355651391148351,False
2018-01-11,0.13539501565688253,0.06859961611024956,False
2018-01-12,0.14855858385135398,0.06936800922137869,False
2018-01-16,0.15519475038519998,0.07487382511217387,False
2018-01-17,0.16020951563107594,0.07549918671264083,False
2018-01-18,0.16826258009729148,0.07596326667271333,False
2018-01-19,0.1670816022673126,0.0763018329838736,False
2018-01-22,0.1701343141419148,0.07564258460783428,False
2018-01-23,0.16595937017849174,0.07554723000405479,False
2018-01-24,0.1611215395495215,0.07730272946058557,False
2018-01-25,0.1661896044762381,0.07705209316359117,False
2018-01-26,0.1556200417174617,0.08449233743349613,False
2018-01-29,0.1684996640326677,0.09074587653328389,False
2018-01-30,0.19378352484226985,0.10374516343066069,False
2018-01-31,0.22562501414730748,0.10095410478552436,False
2018-02-01,0.20630473882234274,0.10006858750425694,False
2018-02-02,0.2118023825490066,0.1311156094058905,True
2018-02-05,0.3045255349142947,0.1877015482548684,True
2018-02-06,0.45730346601975314,0.19386233050744436,True
2018-02-07,0.45176092302675636,0.19421158292286733,True
2018-02-08,0.44305677704032775,0.22840469999898197,True
2018-02-09,0.502393852244614,0.23608936152382917,True
2018-02-12,0.516311262954164,0.2405446164364902,True
2018-02-13,0.5275514743249652,0.2397991962076655,True
2018-02-14,0.5324215108011245,0.24548962447265021,True
2018-02-15,0.5395694607570706,0.24894417118322115,True
2018-02-16,0.5428211469536928,0.249051254257107,True
2018-02-20,0.5378092885997795,0.24780536197289102,True
2018-02-21,0.5314008317964928,0.24617338947223671,True
2018-02-22,0.5251415199810469,0.24586030388822183,True
2018-02-23,0.5250967074574566,0.25423309704001307,True
2018-02-26,0.5419971019933423,0.2571592632571418,True
2018-02-27,0.5461112907359374,0.2540253270293523,True
2018-02-28,0.5520163276517432,0.2551811306975831,True
2018-03-01,0.5542958690482657,0.2533975794731227,True
2018-03-02,0.5521590328546718,0.25482374503505123,True
2018-03-05,0.5635583097838239,0.26054220414250845,True
2018-03-06,0.5821158001471476,0.24760838689737572,True
2018-03-07,0.5654551533963593,0.2021553981678943,True
2018-03-08,0.4776807584776297,0.19775241574984254,True
2018-03-09,0.47952325595566686,0.20026424528502326,True
2018-03-12,0.4984716649566391,0.14198647621185848,False
2018-03-13,0.3722546255718508,0.1416280583222236,False
2018-03-14,0.37300478255480385,0.13923425399225217,False
2018-03-15,0.3647895891744899,0.14063718262716612,False
2018-03-16,0.366201216143695,0.13527906763099123,False
2018-03-19,0.3638854109899421,0.13436041508645488,False
2018-03-20,0.3693964039674242,0.13409398191202068,False
2018-03-21,0.36612956964061083,0.13279344164773318,False
2018-03-22,0.3627799758057223,0.1578720207796965,True
2018-03-23,0.42221404011946634,0.17036824163380068,True
2018-03-26,0.4470553086601934,0.17931959936760075,True
2018-03-27,0.4620287483991622,0.17953050195802076,True
2018-03-28,0.4477910552110519,0.17745374563774752,False
2018-03-29,0.42053071097187633,0.18185828913450489,True
2018-04-02,0.425049152574703,0.19766442326957187,True
2018-04-03,0.47000499933458983,0.20199348782074075,True
2018-04-04,0.48428650612641744,0.19937232017727038,True
2018-04-05,0.4779687678348983,0.20222659759733336,True
2018-04-06,0.4851305541786564,0.21368767513694872,True
2018-04-09,0.5147598645738224,0.2135483071166492,True
2018-04-10,0.5144390530212459,0.21797730041946545,True
2018-04-11,0.5086628980658808,0.21798913407149012,True
2018-04-12,0.513600752615627,0.22006892428286928,True
2018-04-13,0.5045692591594186,0.219353490183555,True
2018-04-16,0.5085060977763569,0.22100549872765549,True
2018-04-17,0.5127108412436974,0.2242838529943808,True
2018-04-18,0.5150850811600217,0.21996042986359232,True
2018-04-19,0.49866097571350015,0.2212595561045609,True
2018-04-20,0.49530297881711527,0.22214426009679708,True
2018-04-23,0.5013013445797222,0.20413225531519244,True
2018-04-24,0.47679559813804967,0.19657330481706564,True
2018-04-25,0.4485599357850632,0.1805633473275054,True
2018-04-26,0.40365918620571045,0.1767393527879182,False
2018-04-27,0.4019570878608966,0.17528867633754217,False
2018-04-30,0.40676815011585327,0.17471556384986664,False
2018-05-01,0.40590093469141114,0.15172406691001378,False
2018-05-02,0.3415987278528352,0.1471341222208379,False
2018-05-03,0.3215791004091158,0.14202249198868908,False
2018-05-04,0.29957493015294856,0.1456812817239693,False
2018-05-07,0.31019272076916204,0.12458816449974804,False
2018-05-08,0.24827205393756746,0.12472271836380484,False
2018-05-09,0.2445320317957328,0.11213420409189621,False
2018-05-10,0.2203473852825267,0.11628973995783133,False
2018-05-11,0.22855592036971034,0.11410451165147634,False
2018-05-14,0.22644152869293724,0.11330398247741649,False
2018-05-15,0.2254982608413579,0.11287623627469925,False
2018-05-16,0.22068362078453,0.10765197225022999,False
2018-05-17,0.20839847646658224,0.10769489255026095,False
2018-05-18,0.21222797610035007,0.10638801143501327,False
2018-05-21,0.2189875356815289,0.10583145838866787,False
2018-05-22,0.22187770732112524,0.10635517114880055,False
2018-05-23,0.22358297211380507,0.0956966654517644,False
2018-05-24,0.20508290201520205,0.09656727509847243,False
2018-05-25,0.20974748873093016,0.09283367189667968,False
2018-05-29,0.2055008862122068,0.09892893599235007,False
2018-05-30,0.22652887359580764,0.10316163458994261,False
2018-05-31,0.24798275692115798,0.11322076735558598,False
2018-06-01,0.2758099117240358,0.11448199439577117,False
2018-06-04,0.27973997775598636,0.11395717215070345,False
2018-06-05,0.2826955573711911,0.10713407337020908,False
2018-06-06,0.26335453136457443,0.10836846341702655,False
2018-06-07,0.2673728792257743,0.10810212026351379,False
2018-06-08,0.26564679701264443,0.10484808213802828,False
2018-06-11,0.2641428448921398,0.09968540544196203,False
2018-06-12,0.2483037013195771,0.09982570645962187,False
2018-06-13,0.25241892572133856,0.09986210139323681,False
2018-06-14,0.2503300002348233,0.09812400823565808,False
2018-06-15,0.2399686292219633,0.09731698374080122,False
2018-06-18,0.23409579007797499,0.09755999009778644,False
2018-06-19,0.23323289513549614,0.09701831878771533,False
2018-06-20,0.2254056512947791,0.09418008723351139,False
2018-06-21,0.21253222488239695,0.09790894656009425,False
2018-06-22,0.22161416530484954,0.09900339177575422,False
2018-06-25,0.22275426792684394,0.10528974119075041,False
2018-06-26,0.23196504859444803,0.10509273046737577,False
2018-06-27,0.2299420553534612,0.10486387938451942,False
2018-06-28,0.2340934568478563,0.0895145495650882,False
2018-06-29,0.18034212249320683,0.07973034433781113,False
2018-07-02,0.15706153594831207,0.07344133519955921,False
2018-07-03,0.13950104832145663,0.0729410968702052,False
2018-07-05,0.134514959545026,0.0802920948336958,False
2018-07-06,0.15608722573088765,0.07988799805421536,False
2018-07-09,0.15903752593024634,0.08573097384307934,False
2018-07-10,0.16757151214154195,0.08623481296998378,False
2018-07-11,0.1683327482357188,0.09472636988816306,False
2018-07-12,0.19212069548287447,0.097491275862279,False
2018-07-13,0.19799336990616978,0.09748760068813928,False
2018-07-16,0.19781800778782857,0.09764476625656521,False
2018-07-17,0.19881779825247214,0.09875043887814904,False
2018-07-18,0.20426493528355524,0.09863004122113178,False
2018-07-19,0.2030567756484746,0.09736309007050889,False
2018-07-20,0.2035469333354809,0.09766242132666285,False
2018-07-23,0.21037995764318818,0.09272864774061867,False
2018-07-24,0.19939592008028717,0.0928582136177785,False
2018-07-25,0.19688622836907732,0.08497251139710062,False
2018-07-26,0.1827477498633813,0.08529757007708319,False
2018-07-27,0.1739675063306321,0.07824564063797954,False
2018-07-30,0.14840145360315712,0.0787938768316483,False
2018-07-31,0.14631109592012853,0.08053663613876606,False
2018-08-01,0.14739071723496158,0.08491279698943097,False
2018-08-02,0.1589763808285452,0.08431773495343334,False
2018-08-03,0.14555563864678434,0.08025800060045882,False
2018-08-06,0.13177794763137474,0.07798533879685116,False
2018-08-07,0.12557927798263802,0.0733654430640551,False
2018-08-08,0.12199876868104313,0.07198135700192017,False
2018-08-09,0.11661201260083563,0.05943540364195799,False
2018-08-10,0.08989038950364203,0.06552783001272863,False
2018-08-13,0.1054823390242013,0.06997914853289358,False
2018-08-14,0.11496157064480156,0.07045496595599188,False
2018-08-15,0.12045242282245772,0.07843267054299619,False
2018-08-16,0.1292906114800881,0.08379835026665466,False
2018-08-17,0.15189585460427074,0.08409583323492,False
2018-08-20,0.1565169608631366,0.0853093569563296,False
2018-08-21,0.1600287999459164,0.08554599262790494,False
2018-08-22,0.15814985854981578,0.08527725019974143,False
2018-08-23,0.15948755399267675,0.08304155116685488,False
2018-08-24,0.15825810233342769,0.08422062938260615,False
2018-08-27,0.16749525694548248,0.08667357476996157,False
2018-08-28,0.18092900966083383,0.08605885890432684,False
2018-08-29,0.18692107031680363,0.08473066711740392,False
2018-08-30,0.1886559619143165,0.08511840411480653,False
2018-08-31,0.19807785899036381,0.08342261986987792,False
2018-09-04,0.20773918775305292,0.08371411909586361,False
2018-09-05,0.20515770851657186,0.08318380180377122,False
2018-09-06,0.19908254029605274,0.08472411159167711,False
2018-09-07,0.1979221408107483,0.0858818216773842,False
2018-09-10,0.20777109790966583,0.08575313843253952,False
2018-09-11,0.20417799621022434,0.07988611736149992,False
2018-09-12,0.1816455744086803,0.075887853955388,False
2018-09-13,0.16595371391637984,0.07537543218430727,False
2018-09-14,0.15834012395418445,0.0632450665046919,False
2018-09-17,0.1404566608874711,0.057838131116032816,False
2018-09-18,0.11148646704804613,0.05800141824676566,False
2018-09-19,0.10545236279133001,0.055908535215191596,False
2018-09-20,0.09252420293808629,0.062084870491087234,False
2018-09-21,0.1157869013711838,0.06080277397339192,False
2018-09-24,0.11158611914391475,0.06404465617141672,False
2018-09-25,0.1239211366281374,0.06206444524194855,False
2018-09-26,0.1163138738895477,0.0622357751794214,False
2018-09-27,0.11705138533429148,0.06212814884288313,False
2018-09-28,0.11549353428117023,0.059710860508174785,False
2018-10-01,0.10689286579409996,0.05686630115093638,False
2018-10-02,0.09540321880896703,0.057484992198619946,False
2018-10-03,0.09519838429800281,0.0568147225082879,False
2018-10-04,0.09073284277659424,0.06850310211178846,False
2018-10-05,0.10026763737186445,0.07110265209924807,False
2018-10-08,0.10864052604023536,0.0705049764477982,False
2018-10-09,0.10400546364981629,0.0724963868226919,False
2018-10-10,0.10668063045624089,0.11856486575860961,True
2018-10-11,0.2587853228047985,0.1385809106198983,True
2018-10-12,0.33035166920752634,0.14305791510712057,False
2018-10-15,0.3357873187631517,0.14185408951519574,False
2018-10-16,0.33012600509338563,0.1596267151150131,False
2018-10-17,0.3717455970890074,0.15820493388937473,False
2018-10-18,0.36603296523284257,0.16141221756602941,False
2018-10-19,0.37990704526235075,0.1564035157891846,False
2018-10-22,0.3531615373760991,0.15638654350879103,False
2018-10-23,0.3488280884600569,0.15720823702576125,False
2018-10-24,0.341598254862356,0.18313805578712405,True
2018-10-25,0.36125177719462875,0.19099659570562819,True
2018-10-26,0.35495288981742146,0.19356843657340697,True
2018-10-29,0.3602674248632416,0.192783361427581,True
2018-10-30,0.34846625144207016,0.2094806325713835,True
2018-10-31,0.38181425727582446,0.21132606950122035,True
2018-11-01,0.36875175818105027,0.22406650288693394,True
2018-11-02,0.373590496111466,0.22247437400610945,True
2018-11-05,0.36259732814708423,0.22451805510078376,True
2018-11-06,0.3705839714381751,0.2258742577844109,True
2018-11-07,0.3669225810337289,0.23611581902549297,True
2018-11-08,0.3867884883822664,0.21601201086801136,True
2018-11-09,0.35303304661036794,0.20110090202806793,True
2018-11-12,0.30638827950566866,0.20923980717586246,True
2018-11-13,0.3222852615955933,0.20931387222631945,True
2018-11-14,0.3234392298415194,0.19886732608661745,True
2018-11-15,0.30488727909259383,0.20396301645924308,True
2018-11-16,0.3079714552860088,0.2006390418625509,True
2018-11-19,0.3034989501154878,0.20580215993310327,True
2018-11-20,0.31084538335271783,0.2139997667869912,True
2018-11-21,0.3293323261292507,0.21294367338357698,True
2018-11-23,0.330822292352602,0.18326094674727172,True
2018-11-26,0.30969717215063736,0.1850030136231038,True
2018-11-27,0.3263404913320181,0.1769703658887313,False
2018-11-28,0.3040702665671157,0.1840411764187707,True
2018-11-29,0.33241994166501526,0.1732435467671807,False
2018-11-30,0.3084409668797123,0.1736402994634521,False
2018-12-03,0.32470077151762267,0.1676316915023282,False
2018-12-04,0.3243514621877183,0.20570239283967118,True
2018-12-06,0.40657485303774893,0.20414679104636002,True
2018-12-07,0.3907329400373313,0.2126503703577985,True
2018-12-10,0.41027596134107985,0.1991223423213064,True
2018-12-11,0.37635500765779684,0.19934112901937473,True
2018-12-12,0.3817369441661596,0.20004510288498972,True
2018-12-13,0.38446265879165353,0.1921805659232342,True
2018-12-14,0.37523993618546697,0.19740981897290086,True
2018-12-17,0.38478333969011563,0.2064759536406956,True
2018-12-18,0.41663747809311125,0.19962749911337976,True
2018-12-19,0.4021160335852419,0.20147689211553357,True
2018-12-20,0.39995859797835276,0.20292459321900383,True
2018-12-21,0.4093671997194284,0.20000907741297014,True
2018-12-24,0.40143972157461055,0.21504743612907012,True
2018-12-26,0.44566938854520677,0.279678631786505,True
2018-12-27,0.5667393102643322,0.27630843024674484,True
2018-12-28,0.5674101932513601,0.27624830338792056,True
2018-12-31,0.5735657268789164,0.2696227698556149,True
2019-01-02,0.5689112701272936,0.2712823789585367,True
2019-01-03,0.5569929807497782,0.273838987312466,True
2019-01-04,0.5460456635981464,0.3030439643750622,True
2019-01-07,0.5968343865457852,0.28704658226150076,True
2019-01-08,0.5832841586238088,0.2893075700632827,True
2019-01-09,0.5969688948359915,0.28219354637493393,True
2019-01-10,0.5883771439326131,0.28322814062329055,True
2019-01-11,0.5979535572148235,0.2832702225775373,True
2019-01-14,0.6014997469837331,0.2835933785519012,True
2019-01-15,0.6026574600609157,0.28458401869263605,True
2019-01-16,0.6108934662781614,0.27928493906067137,True
2019-01-17,0.6070787317667767,0.26924171003363817,True
2019-01-18,0.5953798510016852,0.2705870073051125,True
2019-01-22,0.6023992167389264,0.26975985314044865,True
2019-01-23,0.605202266436565,0.26098365678020213,True
2019-01-24,0.5908863114346578,0.2521628291354144,True
2019-01-25,0.5698329328551677,0.2199292069092985,True
2019-01-28,0.5000031628136531,0.17336817282399514,False
2019-01-29,0.3823734987455067,0.17292039126886594,False
2019-01-30,0.37808465882637654,0.17427843555834976,False
2019-01-31,0.3690540427179599,0.17375724912041102,False
2019-02-01,0.35509801869881935,0.17398481125958598,False
2019-02-04,0.3612865135569752,0.1480378750787031,False
2019-02-05,0.32027793502812957,0.10058926831865528,False
2019-02-06,0.18458696952016038,0.09979806932282717,False
2019-02-07,0.1851084368655947,0.1074748528195988,False
2019-02-08,0.19617345662988722,0.10699928845843287,False
2019-02-11,0.20049543900111025,0.10578514728550804,False
2019-02-12,0.19614228400136913,0.11181320986223688,False
2019-02-13,0.21047982084199554,0.1085394054444441,False
2019-02-14,0.199423433788033,0.10926932471264965,False
2019-02-15,0.2016521353717589,0.11550963262268202,False
2019-02-19,0.21925447345309906,0.11375632737999108,False
2019-02-20,0.21373870629894642,0.11013926442423982,False
2019-02-21,0.1985514232246178,0.09357453299721288,False
2019-02-22,0.1612645032005481,0.09361610150426065,False
2019-02-25,0.1635530535290217,0.0937082508394514,False
2019-02-26,0.17238582852737588,0.09279539797714426,False
2019-02-27,0.18017085788293236,0.08694470557611893,False
2019-02-28,0.1707155410598103,0.09009071846893757,False
2019-03-01,0.17825269753182718,0.08395704566364158,False
2019-03-04,0.16833513409854003,0.08681291079385245,False
2019-03-05,0.18138646333815606,0.08783463664969142,False
2019-03-06,0.1904601594267559,0.09462149028409864,False
2019-03-07,0.2133466252049479,0.10186120430473711,False
2019-03-08,0.2390307454695454,0.10185549251008079,False
2019-03-11,0.24524335461015206,0.10701528644137716,False
2019-03-12,0.2820484327617349,0.10703038095120125,False
2019-03-13,0.2872075445840155,0.11056585037673135,False
2019-03-14,0.2957092633470885,0.10383368921501716,False
2019-03-15,0.2759270552060228,0.10363960061220659,False
2019-03-18,0.27365001035753084,0.10384580776870715,False
2019-03-19,0.26896923832795366,0.09375753596516626,False
2019-03-20,0.24172495147277345,0.09604407858387011,False
2019-03-21,0.2409638072254094,0.10135060964568839,False
2019-03-22,0.26508256864201096,0.1267140610518225,True
2019-03-25,0.30304124613615546,0.12623423281799098,False
2019-03-26,0.3101357163610748,0.1299770594210984,False
2019-03-27,0.33291857801434926,0.130760410787562,False
2019-03-28,0.33230339615739757,0.13151316311596914,False
2019-03-29,0.3406109911675912,0.1327115190101066,False
2019-04-01,0.35391403370874464,0.13855506504781653,False
2019-04-02,0.35464648913688884,0.13698243660659234,False
2019-04-03,0.35326016316809306,0.13671907382624698,False
2019-04-04,0.3487774704833981,0.13156124919478168,False
2019-04-05,0.3322180515972318,0.12516566188595551,False
2019-04-08,0.3161606964674369,0.1246120391271335,False
2019-04-09,0.32028982171961745,0.12317977810978781,False
2019-04-10,0.3123434225515394,0.12404996635926593,False
2019-04-11,0.31355087317252556,0.12121226265511631,False
2019-04-12,0.2982022057680428,0.12246827132073901,False
2019-04-15,0.294794657779081,0.12238369222250578,False
2019-04-16,0.29380560721979704,0.12194563025496145,False
2019-04-17,0.28688982020221104,0.12234566713004412,False
2019-04-18,0.27982413578269044,0.11964286125527006,False
2019-04-22,0.2743994565076835,0.11485396829756266,False
2019-04-23,0.2549245116066911,0.08225686226467442,False
2019-04-24,0.1775471539315133,0.08325208819355619,False
2019-04-25,0.17789128180084018,0.08285500659820778,False
2019-04-26,0.15650154814735326,0.07931780563521994,False
2019-04-29,0.14403767982718219,0.079032476193486,False
2019-04-30,0.14279879904859566,0.07746414541646426,False
2019-05-01,0.13531690636825464,0.07354242609864405,False
2019-05-02,0.145316937493408,0.07448614273169347,False
2019-05-03,0.14334884830320582,0.08348228986425404,False
2019-05-06,0.16954003541322266,0.08524144736576757,False
2019-05-07,0.1786268585461225,0.09971588908272522,True
2019-05-08,0.21877017230241036,0.09967863686579315,False
2019-05-09,0.21341196249285158,0.09570043822304507,False
2019-05-10,0.2022654200234171,0.09588803207845926,False
2019-05-13,0.20605453982463212,0.13112389151179193,True
2019-05-14,0.27434314554951367,0.13212157034192673,False
2019-05-15,0.2777772843972189,0.13344764823394278,False
2019-05-16,0.2813894704601918,0.13571843768146197,False
2019-05-17,0.29846249756839804,0.13826658500632028,False
2019-05-20,0.31354732705766736,0.13954031037486872,False
2019-05-21,0.3145116163399945,0.14575586062429483,False
2019-05-22,0.32944833110031424,0.1428481518999476,False
2019-05-23,0.3274635950148815,0.15034990530398115,False
2019-05-24,0.3420948584040871,0.1509248901004924,False
2019-05-28,0.3515097712984687,0.1521373668694698,False
2019-05-29,0.36232915052820264,0.15167829344233433,False
2019-05-30,0.3448016891118719,0.15056111183622392,False
2019-05-31,0.34957946279278423,0.1546744356554563,False
2019-06-03,0.35552253274060697,0.16130463504606446,False
2019-06-04,0.36598622595251273,0.17359763524076807,False
2019-06-05,0.3810676679762956,0.17511841056654306,False
2019-06-06,0.3838980464410551,0.16808487553428203,False
2019-06-07,0.3690859090020671,0.16957495682433188,False
2019-06-10,0.37573953886613654,0.16936775980181332,False
2019-06-11,0.36818504225523335,0.16798453475034844,False
2019-06-12,0.35680298086576395,0.14029784607544152,False
2019-06-13,0.3018945143902218,0.1408236659489828,False
2019-06-14,0.300796062387262,0.14127328722965754,False
2019-06-17,0.30385238772442225,0.13896410445055132,False
2019-06-18,0.2884163187629885,0.14238872623722454,False
2019-06-19,0.28626803906139714,0.13925543351406827,False
2019-06-20,0.28393510559115553,0.13817827702541222,False
2019-06-21,0.2787532563710513,0.13770138444053565,False
2019-06-24,0.2834837028441936,0.1249695305508242,False
2019-06-25,0.2618638970325472,0.1289127360880198,False
2019-06-26,0.2684106014597223,0.12248207373235351,False
2019-06-27,0.23372590315127326,0.12043580241116693,False
2019-06-28,0.22456042936178378,0.12134355707123168,False
2019-07-01,0.22710762091863246,0.10417035626125228,False
2019-07-02,0.1851516661597723,0.1029449816102756,False
2019-07-03,0.17875299326696684,0.0846143128201575,False
2019-07-05,0.14099087992594614,0.08482609473649606,False
2019-07-08,0.14526680261082775,0.08937179702734589,False
2019-07-09,0.15938793089751505,0.08867822936571637,False
2019-07-10,0.1586052620547276,0.08868343786084461,False
2019-07-11,0.1595769414248087,0.08943564738585906,False
2019-07-12,0.16181631230823668,0.08918714030861954,False
2019-07-15,0.16422532041200677,0.0852201099448463,False
2019-07-16,0.15859198175360342,0.08306942647795111,False
2019-07-17,0.15823934094348152,0.08663747381883154,False
2019-07-18,0.1732441256217737,0.07701522081732978,False
2019-07-19,0.15517175625688237,0.07694963889815881,False
2019-07-22,0.15393723333143536,0.07167145984194734,False
2019-07-23,0.13493772256376035,0.07437221200914024,False
2019-07-24,0.14172436293441987,0.0756163747701753,False
2019-07-25,0.14121560228197846,0.07701860983414759,False
2019-07-26,0.14043856432658391,0.07960056037249669,False
2019-07-29,0.15186724368940832,0.07983625462913477,False
2019-07-30,0.1528413731712962,0.07614761986812947,False
2019-07-31,0.14143540188645806,0.08261872138874883,False
2019-08-01,0.1611548392472531,0.09164119905182244,False
2019-08-02,0.17509443328956414,0.09126484442637303,False
2019-08-05,0.15551765164092549,0.13945835843912047,True
2019-08-06,0.29777350099696726,0.14454693176359262,False
2019-08-07,0.3095539063863362,0.1452945140208774,False
2019-08-08,0.3054417638193196,0.15941687409035313,False
2019-08-09,0.3412010783200359,0.16152147479379522,False
2019-08-12,0.34911757340693134,0.16703499708442454,False
2019-08-13,0.36318458944587934,0.17374324290885204,False
2019-08-14,0.37278300956704685,0.20326788038373175,True
2019-08-15,0.43853560079668824,0.2029744894138773,True
2019-08-16,0.43391165849558644,0.21504939481398808,True
2019-08-19,0.45721487394822835,0.22017414356449103,True
2019-08-20,0.4793653738428198,0.22187856286046606,True
2019-08-21,0.4895441236192065,0.22169970710100587,True
2019-08-22,0.4930491801321769,0.21951106572984458,True
2019-08-23,0.5012992325908469,0.2379366965490677,True
2019-08-26,0.5488968730117763,0.23857467518091158,True
2019-08-27,0.55789697747845,0.23922638839315208,True
2019-08-28,0.5559324299364964,0.24266705309680728,True
2019-08-29,0.5758717384164884,0.24726164525814462,True
2019-08-30,0.589929520750244,0.24516316769547708,True
2019-09-03,0.6118624772589135,0.24482060361297683,True
2019-09-04,0.6081567654597754,0.22346464816759629,True
2019-09-05,0.5711884447681096,0.22339653380897542,True
2019-09-06,0.5521903504262499,0.2232401211636297,True
2019-09-09,0.5614615840994645,0.21427857808769787,True
2019-09-10,0.5150102069453308,0.21408837135185815,True
2019-09-11,0.4962547255047696,0.20863778240207517,True
2019-09-12,0.4851450795522286,0.2052727724589137,True
2019-09-13,0.4769941649395809,0.16707537275790546,False
2019-09-16,0.3825353974006308,0.16650342589259698,False
2019-09-17,0.38300278514519837,0.1561646329597021,False
2019-09-18,0.3541041417308869,0.15227743569867228,False
2019-09-19,0.3418659949181023,0.1469298891854247,False
2019-09-20,0.32282906448465126,0.14671820053343287,False
2019-09-23,0.32459675568666135,0.14664931042551363,False
2019-09-24,0.3257544066975335,0.11003096693009859,False
2019-09-25,0.18921425854440244,0.10865865134493106,False
2019-09-26,0.17442866406219174,0.10443677526914699,False
2019-09-27,0.16006779267954355,0.1049735671797118,False
2019-09-30,0.15206323505982192,0.09749136125607445,False
2019-10-01,0.12871932487984314,0.11433603782945988,True
2019-10-02,0.1792932953041018,0.12703169141830567,True
2019-10-03,0.2443090461477272,0.12154791225683166,False
2019-10-04,0.23131917069911997,0.12328457333905586,False
2019-10-07,0.26023624768098497,0.1237677519438102,False
2019-10-08,0.2628250331324283,0.1338143240035111,True
2019-10-09,0.31541609626891814,0.13317366853225332,False
2019-10-10,0.34355614096606757,0.12840052149950715,False
2019-10-11,0.3426820888185436,0.13784285181289077,False
2019-10-14,0.3537432491971065,0.1376760698923009,False
2019-10-15,0.36274266237929065,0.14053704751880858,False
2019-10-16,0.3762933341104441,0.14070351634832742,False
2019-10-17,0.3832333463725464,0.14117928394332363,False
2019-10-18,0.3799390697412726,0.1417934609355122,False
2019-10-21,0.374741033517454,0.14467970421684268,False
2019-10-22,0.38149047382954815,0.1445646822509787,False
2019-10-23,0.3618804198329017,0.13891343018012992,False
2019-10-24,0.34796963180441304,0.13803193431459557,False
2019-10-25,0.3359681196876342,0.1388955434423373,False
2019-10-28,0.3315171181753143,0.1371529103117254,False
2019-10-29,0.32809745391033696,0.13712321723075646,False
2019-10-30,0.32257215215869894,0.12320395489779835,False
2019-10-31,0.2822767750527994,0.10708042692042177,False
2019-11-01,0.21790282050822965,0.110457711312478,False
2019-11-04,0.21650532853209287,0.10609511858816327,False
2019-11-05,0.18383295027514887,0.1043995774712192,False
2019-11-06,0.17381024463268804,0.08382713302515833,False
2019-11-07,0.10290376044422546,0.08193826020983569,False
2019-11-08,0.09436558278646989,0.08085081507432898,False
2019-11-11,0.0891814899294174,0.07122171408303002,False
2019-11-12,0.0738975676861119,0.0696105331829541,False
2019-11-13,0.06717252569803828,0.06721847665539314,False
2019-11-14,0.05946215524705587,0.06527987918992102,False
2019-11-15,0.05559755592223637,0.06734230040407443,False
2019-11-18,0.06058616690995699,0.06584955702693102,False
2019-11-19,0.05880479815143826,0.0638145084320869,False
2019-11-20,0.05605327656994518,0.06528402905452675,False
2019-11-21,0.05623807578817308,0.06565034240624106,False
2019-11-22,0.05995795129282397,0.06368439091863597,False
2019-11-25,0.06563829510732125,0.06933000034315666,False
2019-11-26,0.07816492920850343,0.06777676244710368,False
2019-11-27,0.07862875327488916,0.06805488469471126,False
2019-11-29,0.08252455524288195,0.07028922942463083,False
2019-12-02,0.09487140797576807,0.07428928669451487,False
2019-12-03,0.11644551005481585,0.06679595997808653,False
2019-12-04,0.10778294681874916,0.06893130838769254,False
2019-12-05,0.13607009565974967,0.06907025646685389,False
2019-12-06,0.1397874400308199,0.07671712544282032,False
2019-12-09,0.16919758905497878,0.07725754107090207,False
2019-12-10,0.17768742323980793,0.07762207128418894,False
2019-12-11,0.18204127910428783,0.07793112674982039,False
2019-12-12,0.1820680832909292,0.08467677118039627,False
2019-12-13,0.1903640053888519,0.08484032602681858,False
2019-12-16,0.1930363625499432,0.089135269892621,False
2019-12-17,0.20668059268300482,0.08741614280005083,False
2019-12-18,0.20036410953122283,0.08580743679190883,False
2019-12-19,0.20042494246072443,0.0858362244698387,False
2019-12-20,0.20114657478981873,0.08553156571396003,False
2019-12-23,0.2050498235199685,0.08451829168431656,False
2019-12-24,0.20728180069675942,0.08468297866734316,False
2019-12-26,0.2092227718575024,0.07997170525700975,False
2019-12-27,0.20843947569875745,0.08272029520399493,False
2019-12-30,0.2146156820460989,0.08599065953918397,False
2019-12-31,0.23116262293648435,0.08416359650027093,False
2020-01-02,0.22335343062968616,0.07658328452971772,False
2020-01-03,0.180797492960081,0.07763487393801707,False
2020-01-06,0.18093014817708594,0.07497889070163047,False
2020-01-07,0.1629678410539721,0.07511208935118549,False
2020-01-08,0.16247490511603094,0.06855006823770653,False
2020-01-09,0.1371537463692077,0.06740618981650064,False
2020-01-10,0.13507309335049916,0.06907783446016741,False
2020-01-13,0.13865601292003626,0.07303541755183034,False
2020-01-14,0.1566229131522166,0.06674483631718285,False
2020-01-15,0.1470454441584251,0.06604580321660701,False
2020-01-16,0.14411044273624407,0.06539765375084951,False
2020-01-17,0.14831095475790554,0.0653298339262201,False
2020-01-21,0.15047938387462903,0.06799757061781612,False
2020-01-22,0.1537049111316957,0.0667899292387223,False
2020-01-23,0.15005365921732933,0.06310868425589176,False
2020-01-24,0.1385811203277358,0.07544176966735318,False
2020-01-27,0.17685344490532012,0.09734707245747147,True
2020-01-28,0.23365127423667792,0.10066868579156661,False
2020-01-29,0.2373602884271508,0.10008726083988047,False
2020-01-30,0.23126056021548025,0.10012242991530693,False
2020-01-31,0.21845282492475276,0.1179928904630588,True
2020-02-03,0.27031161579461693,0.11880688968269756,False
2020-02-04,0.2840735440936027,0.13051440069144174,False
2020-02-05,0.290966834735016,0.1406032907025895,False
2020-02-06,0.30465220332591525,0.14060208301984958,False
2020-02-07,0.3044215322874715,0.14317247769067426,False
2020-02-10,0.30976614351687476,0.14348695490856764,False
2020-02-11,0.3100613752757148,0.14409767408234758,False
2020-02-12,0.3053561084937546,0.14246050667814322,False
2020-02-13,0.29434964355371007,0.1435548125577691,False
2020-02-14,0.2867538814376978,0.14397572859223595,False
2020-02-18,0.2884138935894933,0.1423344859144842,False
2020-02-19,0.27767296565466654,0.14497669987853345,False
2020-02-20,0.26901204520223276,0.14443042860317643,False
2020-02-21,0.26867472931778236,0.14789491727535106,False
2020-02-24,0.26718908127849844,0.18540687149887605,True
2020-02-25,0.3599648220853103,0.21436548738819247,True
2020-02-26,0.4253302478060136,0.20847853730998742,True
2020-02-27,0.4147076831518593,0.24932820053060434,True
2020-02-28,0.4986139628671061,0.2494359487748687,True
2020-03-02,0.4810271686352903,0.2927739490857821,True
2020-03-03,0.553892663331773,0.29507652702186293,True
2020-03-04,0.553693814757965,0.3237468542792435,True
2020-03-05,0.5864232177293316,0.33393502573702427,True
2020-03-06,0.6012339036486039,0.33246455806902153,True
2020-03-09,0.5955372206548931,0.4683193620099663,True
2020-03-10,0.6868301051836309,0.5010307410479443,True
2020-03-11,0.6924643362234443,0.5269223324872598,True
2020-03-12,0.7013099023366501,0.6251325980641868,True
2020-03-13,0.7594277500703193,0.7128137105726553,True
2020-03-16,0.7807266344626592,0.8182428416966301,True
2020-03-17,0.7861075380349772,0.857227258883165,True
2020-03-18,0.7758018951828349,0.8846463425954632,True
2020-03-19,0.7572893986120981,0.891672450127818,True
2020-03-20,0.7258971649430946,0.8887532139999873,True
2020-03-23,0.7041867543346448,0.8886889161514582,True
2020-03-24,0.6887317056203098,0.9741611753683815,True
2020-03-25,0.7121899883805848,0.9817912539132287,True
2020-03-26,0.7005089778199728,1.019541196171328,True
2020-03-27,0.7113016379666437,1.0161246371052326,True
2020-03-30,0.7063712854136337,1.0223794909692445,True
2020-03-31,0.7081209879273599,1.0068815893749394,True
2020-04-01,0.6988639179977228,1.0151245393323172,True
2020-04-02,0.6942366969239094,1.0079379705835134,True
2020-04-03,0.6894422116742838,1.0055028096557734,True
2020-04-06,0.6869135067944573,1.0419263506768797,True
2020-04-07,0.6945043749438814,0.9846451932698079,True
2020-04-08,0.6809502892168995,0.9836710607245285,True
2020-04-09,0.6812653813008774,0.9658369017158801,True
2020-04-13,0.671151508906173,0.878292825460873,True
2020-04-14,0.6304292123405267,0.8339162537010589,True
2020-04-15,0.6143183867072102,0.6968197037002842,True
2020-04-16,0.5554080293607941,0.6752605591504266,True
2020-04-17,0.5505317458980101,0.6097212491266729,True
2020-04-20,0.5271088425973649,0.6156786684364829,True
2020-04-21,0.5635926788397901,0.6150927457844506,True
2020-04-22,0.5849830947566023,0.5969697065567469,True
2020-04-23,0.5924014369107816,0.5158506490082797,True
2020-04-24,0.539637477779739,0.5124248121813585,True
2020-04-27,0.570510615640294,0.47043861482741334,True
2020-04-28,0.533029367663778,0.44992697028884165,True
2020-04-29,0.5173087831733595,0.4552965151687208,True
2020-04-30,0.5144932360176128,0.4628193011730558,True
2020-05-01,0.5309103290897024,0.4428757918601048,True
2020-05-04,0.5256265345250278,0.4394568383016813,True
2020-05-05,0.5295851498695476,0.431204453915841,True
2020-05-06,0.5279908863275482,0.37290228552569216,True
2020-05-07,0.47112443444500685,0.3739039263867875,True
2020-05-08,0.47079535769578934,0.3639411639512562,True
2020-05-11,0.45622538580845395,0.3590899229854875,True
2020-05-12,0.4607865811839143,0.36419517639303517,True
2020-05-13,0.4696583101956153,0.36741075876599716,True
2020-05-14,0.46991231344820616,0.3471169126532011,True
2020-05-15,0.44699344385248413,0.34640594603398617,True
2020-05-18,0.4556560164093598,0.35216203523945666,True
2020-05-19,0.455909631700522,0.34928609130680405,True
2020-05-20,0.46104487716703413,0.33443637160517103,True
2020-05-21,0.4321555543209058,0.3274268502095573,True
2020-05-22,0.4195361972840479,0.32745803188531547,True
2020-05-26,0.42783652171010395,0.3357350633964593,True
2020-05-27,0.41510658204486295,0.33535825531474706,True
2020-05-28,0.4144886655422938,0.3366590918937867,True
2020-05-29,0.41204771734864537,0.3191603530405301,True
2020-06-01,0.41640349120395803,0.3084887122937989,True
2020-06-02,0.4029533858292227,0.27934943438256565,True
2020-06-03,0.3606283092542932,0.2866657521693531,True
2020-06-04,0.3655044017843981,0.28666023843440536,True
2020-06-05,0.3598773807329343,0.29202051540629814,True
2020-06-08,0.370788584919495,0.29659931407749707,True
2020-06-09,0.3787587583148332,0.2986412629867924,True
2020-06-10,0.3790617128442086,0.30560297107826084,True
2020-06-11,0.3832634910235771,0.39109076190897196,True
2020-06-12,0.5235676236987234,0.38177229648825384,True
2020-06-15,0.5172556531815792,0.38186423999970365,True
2020-06-16,0.5210465945697202,0.38393186024000864,True
2020-06-17,0.532556197899314,0.3624227917733714,True
2020-06-18,0.5174639137779641,0.35678595908609795,True
2020-06-19,0.5101782151885187,0.3555467822463008,True
2020-06-22,0.5074342181113938,0.3543310915255437,True
2020-06-23,0.5042269474250533,0.35444675896569955,True
2020-06-24,0.5051296009009278,0.3652279656062979,True
2020-06-25,0.5445123703249523,0.35760437766872144,True
2020-06-26,0.5406109813607545,0.369854400538074,True
2020-06-29,0.5690248547060104,0.37641845350401865,True
2020-06-30,0.5854981306088903,0.3780323356702558,True
2020-07-01,0.5941414301425713,0.37625698155794624,True
2020-07-02,0.5851585938259519,0.3676196942317533,True
2020-07-06,0.5999486440644126,0.3707259374951361,True
2020-07-07,0.6158638479127533,0.3562619934182364,True
2020-07-08,0.6065528709687723,0.34440109489735643,True
2020-07-09,0.6017489433420756,0.3440956119216484,True
2020-07-10,0.5967016832373735,0.34873102067462375,True
2020-07-13,0.6024798248237025,0.2479197311164533,True
2020-07-14,0.4395991031473578,0.2427649065607995,True
2020-07-15,0.4505455760072934,0.2454208298938411,True
2020-07-16,0.4461623567665307,0.23516485910880205,True
2020-07-17,0.4242153773440198,0.23054723803624996,True
2020-07-20,0.4187849138675191,0.23104347475887743,True
2020-07-21,0.41353551567057534,0.23313528417225163,True
2020-07-22,0.406829539084099,0.2338649663271225,True
2020-07-23,0.4116835170274418,0.2341575925694758,True
2020-07-24,0.41003688733233024,0.20365750133508648,True
2020-07-27,0.34909552741849315,0.20165161552268931,True
2020-07-28,0.3441268011679359,0.17394913638795206,False
2020-07-29,0.2745789287794313,0.1703625239201728,False
2020-07-30,0.25745626711681063,0.17028923423305511,False
2020-07-31,0.2513899070587243,0.16930096870134295,False
2020-08-03,0.2564365072794916,0.16924824088205,False
2020-08-04,0.2513535135523237,0.16554079865774707,False
2020-08-05,0.2448328290009067,0.15114585773405093,False
2020-08-06,0.2168446739109812,0.15273028862417667,False
2020-08-07,0.22025583606788166,0.1358342004018726,False
2020-08-10,0.1913294156378661,0.12962095364614556,False
2020-08-11,0.17170561236186607,0.12951679751553424,False
2020-08-12,0.17350086585163166,0.12561658217260094,False
2020-08-13,0.1612348086058291,0.1203851614299561,False
2020-08-14,0.15951606846839134,0.11937670236322133,False
2020-08-17,0.1613720704060892,0.11938448473849002,False
2020-08-18,0.16206496716531607,0.1190694778789098,False
2020-08-19,0.16046625825369157,0.11465034976355266,False
2020-08-20,0.15555752096325745,0.11920606556734752,False
2020-08-21,0.16074936259413342,0.11980795123235702,False
2020-08-24,0.1614807283543213,0.12567585118002547,False
2020-08-25,0.17317628715681924,0.1253426757563237,False
2020-08-26,0.17614185020342682,0.12144219834024862,False
2020-08-27,0.18149886588378886,0.11126967973421183,False
2020-08-28,0.16394056518351569,0.1075905580410145,False
2020-08-31,0.15398916605670795,0.11146309228016554,False
2020-09-01,0.1573196980619485,0.10999340301597353,False
2020-09-02,0.15513681560579531,0.1177986826904124,False
2020-09-03,0.19910475673135186,0.15275440579307498,True
2020-09-04,0.2943031843466606,0.15227098647152487,False
2020-09-08,0.29470220071120856,0.17858157956756465,True
2020-09-09,0.34171804034439135,0.17812029710407365,True
2020-09-10,0.3599100866549096,0.18493413324002245,True
2020-09-11,0.38950508521348554,0.18302009797345667,True
2020-09-14,0.39200509071216305,0.19237837171243763,True
2020-09-15,0.40903216458320246,0.1919946680741184,True
2020-09-16,0.4045789651340892,0.19268063055839046,True
2020-09-17,0.40047080656795686,0.192324784650321,True
2020-09-18,0.3940063843314707,0.19280209732962625,True
2020-09-21,0.3935615251927749,0.20512615599462042,True
2020-09-22,0.4061259323319899,0.20519542323003964,True
2020-09-23,0.40246266704021494,0.20980743133484187,True
2020-09-24,0.41011943360134545,0.2102667643942052,True
2020-09-25,0.4109247293656325,0.2155482844383783,True
2020-09-28,0.4240629727090427,0.2279556762907016,True
2020-09-29,0.44819816520168054,0.22531359089261283,True
2020-09-30,0.4454456637008984,0.22582195196512916,True
2020-10-01,0.4464512154024385,0.2255616162206398,True
2020-10-02,0.4463790571712943,0.21753993044769598,True
2020-10-05,0.41404524180251,0.21088706500045531,True
2020-10-06,0.407684879950605,0.2129288644008062,True
2020-10-07,0.41155427256581845,0.1974617505959381,True
2020-10-08,0.39155057521626313,0.19921398015553313,True
2020-10-09,0.388258734268304,0.18918272678821807,True
2020-10-12,0.3641157594351967,0.18886361569878565,True
2020-10-13,0.3666854836177314,0.1857293789097532,True
2020-10-14,0.36199632076839183,0.18603323261322752,True
2020-10-15,0.3672948362875945,0.18557708633763487,True
2020-10-16,0.3765090296251392,0.18519670624391227,True
2020-10-19,0.3784855930035894,0.18949711847593417,True
2020-10-20,0.39530233621279937,0.16948776873117222,False
2020-10-21,0.36564200118028345,0.1728071269722543,False
2020-10-22,0.3731590031794903,0.14910833500587423,False
2020-10-23,0.30201426329027775,0.1492427175300032,False
2020-10-26,0.30101329556952794,0.1667408124468502,True
2020-10-27,0.34379681503029585,0.1639152745972031,False
2020-10-28,0.32955848928691245,0.1922331376637866,True
2020-10-29,0.40207907493287853,0.1979025546346735,True
2020-10-30,0.4084609644624475,0.19832916940590792,True
2020-11-02,0.41196280609126457,0.21302136854602063,True
2020-11-03,0.453853151146384,0.20497207747873306,True
2020-11-04,0.4245617409559881,0.20260180216417864,True
2020-11-05,0.37277428752115643,0.20590843446474708,True
2020-11-06,0.36680891014487427,0.19945018954301222,True
2020-11-09,0.3511976660961491,0.23088049786073067,True
2020-11-10,0.30600222112910075,0.2333197779546018,True
2020-11-11,0.30325563772546554,0.23112672133961246,True
2020-11-12,0.2998665885336322,0.23866958963072402,True
2020-11-13,0.3074678492961892,0.24704697442274778,True
2020-11-16,0.31980171328557716,0.25572937536094315,True
2020-11-17,0.3277191115222739,0.25003094945955223,True
2020-11-18,0.31322355353993053,0.2532410326693313,True
2020-11-19,0.3193792933954889,0.2501658781936141,True
2020-11-20,0.31686626806000984,0.24954399329743884,True
2020-11-23,0.32137779234161323,0.2561542749551471,True
2020-11-24,0.32716867304516617,0.24911314565550022,True
2020-11-25,0.31297715283318933,0.23952229621074908,True
2020-11-27,0.30149750477341114,0.20204401696011037,True
2020-11-30,0.22301391336554052,0.21551987400356662,True
2020-12-01,0.22771408655769743,0.21208384125596783,True
2020-12-02,0.2196007405891387,0.2060580116055819,True
2020-12-03,0.2087731097205642,0.20566713538348394,True
2020-12-04,0.2120124116470046,0.2084401027170334,True
2020-12-07,0.24100180038059957,0.2068948117712708,True
2020-12-08,0.23778430856421792,0.20437621438188283,True
2020-12-09,0.23948054299024876,0.18383481530673026,True
2020-12-10,0.2893206500267014,0.18216732837447866,True
2020-12-11,0.29717802580276986,0.18344478141786447,True
2020-12-14,0.30924812057152795,0.1746165380471013,False
2020-12-15,0.2926297021040882,0.16920619047457675,False
2020-12-16,0.27764835405860544,0.15764765249105486,False
2020-12-17,0.2607577520500803,0.15759414976986666,False
2020-12-18,0.2615209963728238,0.15491789541077486,False
2020-12-21,0.24208127412327327,0.1562262745184577,False
2020-12-22,0.24234245157116188,0.1572236055223405,False
2020-12-23,0.24449573601417665,0.1456305202496188,False
2020-12-24,0.2346191528366572,0.12302900286957784,False
2020-12-28,0.1965816873633958,0.12227970410156004,False
2020-12-29,0.19696983849721122,0.12479379645356202,False
2020-12-30,0.20464836506010506,0.11254021043529411,False
2020-12-31,0.19156607203165885,0.11026930917439483,False
2021-01-04,0.18257735519863966,0.12122814795724517,False
2021-01-05,0.22122836536076868,0.1304368704648866,False
2021-01-06,0.2335625285567702,0.13622251948834177,False
2021-01-07,0.22926182622626476,0.13719448004398271,False
2021-01-08,0.22809637219242992,0.13707357262630732,False
2021-01-11,0.2239684476966381,0.13369672268062244,False
2021-01-12,0.21749127971775065,0.138097080831537,False
2021-01-13,0.2157626343821648,0.13841144740158834,False
2021-01-14,0.21318980350492087,0.13341575364433764,False
2021-01-15,0.20100057494198553,0.1408056485047827,False
2021-01-19,0.196529971683494,0.14180128776958056,False
2021-01-20,0.19532075448899552,0.14202228525252975,False
2021-01-21,0.19316098185438207,0.14371564839496037,False
2021-01-22,0.19380944303308023,0.1434398858432212,False
2021-01-25,0.18915015808212166,0.1405936329006822,False
2021-01-26,0.1799307819697531,0.1455395077115473,False
2021-01-27,0.1797032533534051,0.17454468444866772,True
2021-01-28,0.23900046713125173,0.17837478430574402,True
2021-01-29,0.23952631597266563,0.19546532002680228,True
2021-02-01,0.27399981702673004,0.20052469733242415,True
2021-02-02,0.2796311614846176,0.20321886142848414,True
2021-02-03,0.2875657975896483,0.19717419589787927,True
2021-02-04,0.2672913246050147,0.19492524030520275,True
2021-02-05,0.2680380472463903,0.18263908671241916,True
2021-02-08,0.2678719744792949,0.1857731906312972,True
2021-02-09,0.274321473254069,0.18611067576509188,True
2021-02-10,0.27364877534305465,0.18622679123234984,True
2021-02-11,0.27751396680265084,0.18218472762503365,True
2021-02-12,0.2851852808928432,0.1825013041099944,True
2021-02-16,0.28570953814679956,0.18141076799564806,True
2021-02-17,0.28250211880394227,0.17375257285542348,False
2021-02-18,0.2763384672911625,0.17490630005084248,False
2021-02-19,0.2748481091182733,0.1764155737702822,False
2021-02-22,0.2659178275521776,0.17513172613798808,False
2021-02-23,0.2545644073888722,0.1749521692277431,False
2021-02-24,0.25514134652082177,0.18303521955437368,True
2021-02-25,0.2677085874917193,0.20826349079923762,True
2021-02-26,0.314882659831423,0.18910323977785248,True
2021-03-01,0.2805111406749874,0.20573410757863447,True
2021-03-02,0.3257281617545455,0.19124811954702603,True
2021-03-03,0.2870362488446476,0.1903814803843428,True
2021-03-04,0.2842865972874047,0.19823706358758827,True
2021-03-05,0.29510467144009866,0.21109782892420487,True
2021-03-08,0.3424673767061049,0.20720072788260896,True
2021-03-09,0.3272215118833942,0.20921684574800078,True
2021-03-10,0.30424644717146876,0.2073726611521416,True
2021-03-11,0.3094542766190098,0.20925331746993583,True
2021-03-12,0.30910521045224665,0.2099291255422415,True
2021-03-15,0.3127408709117952,0.2104131573950779,True
2021-03-16,0.3080838062205685,0.21323511776493012,True
2021-03-17,0.31048330379913996,0.21365055398722047,True
2021-03-18,0.31599606323685897,0.22320828602940695,True
2021-03-19,0.32415720741073606,0.2210686096700848,True
2021-03-22,0.3220168379171394,0.21921311047199626,True
2021-03-23,0.3309134762333695,0.2285086880384539,True
2021-03-24,0.3463349758755422,0.22893910272580276,True
2021-03-25,0.3443022448662182,0.22421847776198517,True
2021-03-26,0.34707497691591527,0.20934226739007764,True
2021-03-29,0.3270811804835209,0.20697106536456833,True
2021-03-30,0.31446285069283353,0.18568894571545688,True
2021-03-31,0.27997937398529427,0.18125469994650495,True
2021-04-01,0.2718561760030189,0.1802710754809041,True
2021-04-05,0.27214821343948437,0.16423436188096838,False
2021-04-06,0.24417543354394333,0.1500534251308236,False
2021-04-07,0.20405326392406545,0.1510649991488606,False
2021-04-08,0.21567541683863478,0.14855620369015454,False
2021-04-09,0.22935075828300164,0.14331919164596543,False
2021-04-12,0.2160857496024318,0.1400693664631925,False
2021-04-13,0.22244121275206577,0.13913169036212403,False
2021-04-14,0.2166937609633647,0.13769630543993494,False
2021-04-15,0.21149895178345338,0.13378582221925853,False
2021-04-16,0.20850609531615333,0.13304522820765277,False
2021-04-19,0.2162227813117416,0.12206176812291043,False
2021-04-20,0.20656626539625686,0.12763682896037118,False
2021-04-21,0.21192976848544143,0.13508446714219496,False
2021-04-22,0.22921406104913347,0.12132492884590212,False
2021-04-23,0.22600409330836566,0.12338283421944057,False
2021-04-26,0.2303072913164233,0.12092860386101938,False
2021-04-27,0.2156304690165415,0.10521629279776268,False
2021-04-28,0.162482921072025,0.10271663138001633,False
2021-04-29,0.16383718734904792,0.10331702298166268,False
2021-04-30,0.16620001691731523,0.10978420627962776,False
2021-05-03,0.18122162773282632,0.10658328388430403,False
2021-05-04,0.18252051620449694,0.10518137184662608,False
2021-05-05,0.17199452688222977,0.10493719998628409,False
2021-05-06,0.16584048449735966,0.1052504734961093,False
2021-05-07,0.1692380347266787,0.10808602235984646,False
2021-05-10,0.17665750540390654,0.11299063764080702,False
2021-05-11,0.17420179146743672,0.11819307359500357,False
2021-05-12,0.1994229014125503,0.13883335997263538,True
2021-05-13,0.25996569795582153,0.14253819336834253,False
2021-05-14,0.275949487106485,0.15233731492692706,False
2021-05-17,0.2933504433462374,0.15232636283451542,False
2021-05-18,0.29151865967892643,0.15106590966073505,False
2021-05-19,0.29130246164864654,0.1482817839603876,False
2021-05-20,0.3047742843407341,0.1436916350561175,False
2021-05-21,0.2955981528865195,0.13942918140582294,False
2021-05-24,0.2862723498769641,0.13667578856499538,False
2021-05-25,0.28880767556952436,0.1381430696883586,False
2021-05-26,0.3057927150518809,0.13974248514575777,False
2021-05-27,0.3102460805768615,0.14081250334190515,False
2021-05-28,0.30773374075627236,0.13993365310368028,False
2021-06-01,0.3082873688881312,0.13709291600884843,False
2021-06-02,0.2985219852662984,0.13550730496046393,False
2021-06-03,0.2929169266871931,0.13471742742506837,False
2021-06-04,0.2985864910156281,0.13600607660618608,False
2021-06-07,0.30987299976131105,0.13547990391378872,False
2021-06-08,0.3090921716940058,0.13330088116959124,False
2021-06-09,0.29921433245930446,0.13172355839473626,False
2021-06-10,0.31096171455142857,0.12676634683978313,False
2021-06-11,0.2857249809627315,0.0986285080438863,False
2021-06-14,0.20742193255920402,0.0978631400766231,False
2021-06-15,0.1864493150440684,0.08310818441845987,False
2021-06-16,0.14629340926200973,0.08734315186296214,False
2021-06-17,0.17354058760244645,0.09094914123255028,False
2021-06-18,0.15721358467725433,0.10965471832503818,True
2021-06-21,0.2348345082283759,0.12327226559422333,False
2021-06-22,0.26706911658311877,0.12323858560696652,False
2021-06-23,0.2685828501819163,0.12057484855023919,False
2021-06-24,0.261533209605869,0.12013158444529647,False
2021-06-25,0.26438467451534486,0.11993862041577305,False
2021-06-28,0.26187368592201377,0.11959476922849116,False
2021-06-29,0.2605989096061686,0.12047423372877406,False
2021-06-30,0.2654266727127173,0.1194118076652764,False
2021-07-01,0.27531969064862727,0.12092254084328397,False
2021-07-02,0.2797575879119745,0.12094211852009937,False
2021-07-06,0.28252541124551916,0.12433801197635667,False
2021-07-07,0.2808775660011851,0.12432719540207327,False
2021-07-08,0.2810221572709038,0.12763128632029647,False
2021-07-09,0.29993903734133687,0.14056258716597095,False
2021-07-12,0.3324997058809763,0.14124846911016795,False
2021-07-13,0.33846646611914094,0.1448667574604253,False
2021-07-14,0.3454515710804218,0.1453781158560427,False
2021-07-15,0.34125257189443475,0.14585189550231217,False
2021-07-16,0.3397841265122105,0.14840637056044345,False
2021-07-19,0.3336788595107433,0.15519797999237106,True
2021-07-20,0.36856403703835505,0.15819206343818545,False
2021-07-21,0.3337966508492231,0.15156062039849497,False
2021-07-22,0.304363613928477,0.15200947247283064,False
2021-07-23,0.30295652649534444,0.1528872127565594,False
2021-07-26,0.3079597287441465,0.15125320980010054,False
2021-07-27,0.29580434672953293,0.1501459402645174,False
2021-07-28,0.2925622557548064,0.15044860710757363,False
2021-07-29,0.2914465375017734,0.15215833520083638,False
2021-07-30,0.2877653776729294,0.15169682200910073,False
2021-08-02,0.29244769592487496,0.15027918638361634,False
2021-08-03,0.28932548149902027,0.15517564544691922,False
2021-08-04,0.3034667364260787,0.1554550280934912,False
2021-08-05,0.30949525442389664,0.1566062850679226,False
2021-08-06,0.3090145746815363,0.1526887260377641,False
2021-08-09,0.2901875115358931,0.1417773158434294,False
2021-08-10,0.26516970952864444,0.14348576847035846,False
2021-08-11,0.26044857567095253,0.1396859545241648,False
2021-08-12,0.24693401403182444,0.13731825304538292,False
2021-08-13,0.2524976120474731,0.13618425303243153,False
2021-08-16,0.24974967577346627,0.130775459377668,False
2021-08-17,0.2403439582394449,0.11840677429246589,False
2021-08-18,0.19816335776424887,0.10975850122998715,False
2021-08-19,0.2153533502076689,0.1053877083987206,False
2021-08-20,0.2006630204678081,0.10692163993056289,False
2021-08-23,0.20998757401177726,0.11474438569400228,False
2021-08-24,0.20751272279042435,0.1139130775690019,False
2021-08-25,0.2047597255208608,0.11284037030883046,False
2021-08-26,0.20855806298312843,0.11518542523285742,False
2021-08-27,0.2250414618152193,0.12168330178605398,False
2021-08-30,0.2428249778754656,0.12020368991763823,False
2021-08-31,0.2295726505205616,0.12033945092196748,False
2021-09-01,0.22725917709033167,0.1156811739766233,False
2021-09-02,0.20901842026390785,0.11029700650464895,False
2021-09-03,0.1904659190637221,0.10974938677591524,False
2021-09-07,0.1953826374417244,0.1122426343112718,False
2021-09-08,0.21666420493554855,0.1125767245719288,False
2021-09-09,0.21013633094876266,0.10958999975786894,False
2021-09-10,0.21004357837553098,0.10905265827220612,False
2021-09-13,0.2105540473957788,0.10962468202193458,False
2021-09-14,0.21258576496327788,0.11671759150821363,False
2021-09-15,0.22997630688593174,0.12328744835852085,False
2021-09-16,0.25530087530075785,0.11920392420651063,False
2021-09-17,0.25449141737621434,0.11410684055628686,False
2021-09-20,0.23084201614831984,0.13515631020315758,True
2021-09-21,0.2951798243168013,0.13277913001994798,False
2021-09-22,0.28727690484672963,0.13152278102972526,False
2021-09-23,0.30453674101637246,0.14441503778939602,False
2021-09-24,0.3382281012938548,0.14393275694254695,False
2021-09-27,0.3349558873595202,0.14502981143831772,False
2021-09-28,0.316324556349172,0.14655755853399888,False
2021-09-29,0.3192618696409091,0.14604160473105737,False
2021-09-30,0.32257627302214226,0.1508869245749288,False
2021-10-01,0.33800610470009845,0.15871423572944637,False
2021-10-04,0.36251028484092734,0.15608946953689534,False
2021-10-05,0.3458055987604645,0.1593845461052483,False
2021-10-06,0.3530863783396208,0.15750178314010785,False
2021-10-07,0.34385091175405974,0.16103145840838784,False
2021-10-08,0.36261897588857606,0.16108051236479717,False
2021-10-11,0.3616450756633319,0.16002681223652465,False
2021-10-12,0.35385878725438763,0.1598433504351466,False
2021-10-13,0.34782754818715367,0.15373740131556335,False
2021-10-14,0.33257050872155725,0.15657316201670102,False
2021-10-15,0.3454082516363238,0.15634119085749149,False
2021-10-18,0.34572251959005196,0.15489455059146878,False
2021-10-19,0.33939972215378494,0.13111241931077483,False
2021-10-20,0.29406181670403364,0.13193638334856483,False
2021-10-21,0.2939185637652931,0.12930110853172108,False
2021-10-22,0.27925984631385753,0.11736850022473376,False
2021-10-25,0.2534051386870751,0.11858881463147392,False
2021-10-26,0.25002203103780457,0.11601324659485579,False
2021-10-27,0.2524102271511432,0.11105872062433812,False
2021-10-28,0.2343076831693805,0.11468007927913407,False
2021-10-29,0.24303151446530655,0.1041372082625768,False
2021-11-01,0.19819495443819765,0.10072630399084027,False
2021-11-02,0.18335800520395443,0.09767336895942237,False
2021-11-03,0.17244416818862124,0.09994313356241714,False
2021-11-04,0.16987137487089538,0.09905774525763675,False
2021-11-05,0.16581434295626526,0.09643398044719077,False
2021-11-08,0.15403309831019474,0.09547688324835185,False
2021-11-09,0.15229771540293402,0.09476213776011844,False
2021-11-10,0.14692138882233355,0.10644368532286434,False
2021-11-11,0.15952175173253505,0.10658243280799658,False
2021-11-12,0.15982391697105117,0.09742386032450856,False
2021-11-15,0.1286886528579975,0.09735942036908916,False
2021-11-16,0.12926280859586714,0.09742787325616623,False
2021-11-17,0.12984656714063908,0.0983183391701679,False
2021-11-18,0.13069051645455848,0.09670422030946098,False
2021-11-19,0.12304241741168585,0.10159056933747468,False
2021-11-22,0.13514556822674823,0.10186069496333283,False
2021-11-23,0.13416375003447611,0.09984410310122065,False
2021-11-24,0.13535616872284942,0.10000300882256183,False
2021-11-26,0.1355607964088928,0.12598562548380424,True
2021-11-29,0.20764129206848408,0.12190031025440125,False
2021-11-30,0.20111437819379116,0.1479469895385632,True
2021-12-01,0.2896767586309543,0.1458880826809428,False
2021-12-02,0.2865689968999194,0.1604823784151144,False
2021-12-03,0.3218405373485432,0.15504162290340617,False
2021-12-06,0.3031803684955315,0.1591288743907154,False
2021-12-07,0.3263857047902957,0.17362289252211208,False
2021-12-08,0.35201995773138417,0.17333758138935176,False
2021-12-09,0.3572428247475196,0.17562808504832117,False
2021-12-10,0.36215758905488,0.17456465242315783,False
2021-12-13,0.3648043201010584,0.17706776619448775,False
2021-12-14,0.35867856412952875,0.17648417458774862,False
2021-12-15,0.35309226808686206,0.18379387410471154,True
2021-12-16,0.3651923438765386,0.18375960861040036,True
2021-12-17,0.35341864093581404,0.1854738040245716,True
2021-12-20,0.350955721459627,0.19213243268191527,True
2021-12-21,0.3624557423119644,0.20499915267862845,True
2021-12-22,0.37325041972952844,0.20643613813710776,True
2021-12-23,0.38016347872001943,0.20750171757940386,True
2021-12-27,0.3855659105881587,0.21174837489735127,True
2021-12-28,0.3991511282256188,0.19231449113649393,True
2021-12-29,0.3630771599111686,0.19169894476843885,True
2021-12-30,0.37043876852635776,0.16902714958098203,False
2021-12-31,0.29957006488226806,0.16241336621617233,False
2022-01-03,0.2942872856561608,0.15547350765163612,False
2022-01-04,0.26644810115167783,0.15303120482362242,False
2022-01-05,0.2553559145366172,0.16529910366608794,True
2022-01-06,0.26204855981529135,0.15323525748948869,False
2022-01-07,0.24301811070961174,0.1532337991454724,False
2022-01-10,0.24177470751044797,0.14956865511123152,False
2022-01-11,0.23386208230499195,0.15008829752493608,False
2022-01-12,0.2296946609350791,0.14314776732528475,False
2022-01-13,0.23593563237468324,0.1462433459423302,False
2022-01-14,0.23861629831415365,0.1403851897734244,False
2022-01-18,0.21983123095070253,0.15281593572921912,True
2022-01-19,0.26113268741288165,0.15478218744814343,False
2022-01-20,0.25228395996336417,0.15112085290232036,False
2022-01-21,0.25631251335881,0.1465478733466362,True
2022-01-24,0.2607759905105441,0.14472514381515014,False
2022-01-25,0.24691225591922156,0.14191952425987722,False
2022-01-26,0.22678996754057382,0.1326589264552517,False
2022-01-27,0.19598766346644098,0.13310062395189165,False
2022-01-28,0.18309267405368176,0.14318094057138672,False
2022-01-31,0.20585704102490332,0.15673193843634461,False
2022-02-01,0.21631839874808204,0.1630501942907269,False
2022-02-02,0.21537061380784184,0.16005696138786155,False
2022-02-03,0.21539535070411447,0.16355447986812538,False
2022-02-04,0.2192699153118633,0.15571658797225735,False
2022-02-07,0.2096629433211234,0.15439553468740727,False
2022-02-08,0.21045323550297693,0.157520123905254,False
2022-02-09,0.21305901506089803,0.1668869619472761,False
2022-02-10,0.226497089013471,0.16965692287149942,False
2022-02-11,0.23741029333045208,0.1705084834469955,False
2022-02-14,0.22910915940015553,0.17109153134606803,False
2022-02-15,0.23696161191081883,0.18295626621023806,True
2022-02-16,0.2513121931329347,0.17478979205099862,False
2022-02-17,0.2402946228267425,0.1803372131821944,True
2022-02-18,0.24025548811781836,0.1763712908962873,False
2022-02-22,0.22555723546071396,0.16784097253001987,False
2022-02-23,0.21783624542738808,0.17256594251371862,False
2022-02-24,0.2333036107065626,0.17749301599871223,False
2022-02-25,0.22302445335236823,0.20396546835970478,True
2022-02-28,0.31281781032813416,0.20193402584382647,True
2022-03-01,0.31021017089362085,0.2061472834172369,True
2022-03-02,0.310746264353187,0.21119654650374267,True
2022-03-03,0.3337954989859248,0.20796672508967293,True
2022-03-04,0.3293000789065485,0.2082576903426888,True
2022-03-07,0.32218869392563,0.21457121105899007,True
2022-03-08,0.3256467965502177,0.2156217818119982,True
2022-03-09,0.31833248952404863,0.22830316578421675,True
2022-03-10,0.3201051469956407,0.2267088346021963,True
2022-03-11,0.31731360742040843,0.2216467710241208,True
2022-03-14,0.31127738807693645,0.21951134715027992,True
2022-03-15,0.2998617084496866,0.22204089198367938,True
2022-03-16,0.3065038934688592,0.22582236508049947,True
2022-03-17,0.2934068007243081,0.22701196232411908,True
2022-03-18,0.3021338885262227,0.2288354695628866,True
2022-03-21,0.2985498442909185,0.21954018684251803,True
2022-03-22,0.2913254851227294,0.21719719947122884,True
2022-03-23,0.28907623705391405,0.2147490705544678,True
2022-03-24,0.2843295696621431,0.20914073124197996,True
2022-03-25,0.2748233972470655,0.2079025155712867,True
2022-03-28,0.29058603854226583,0.1884041144738194,True
2022-03-29,0.24126726875161783,0.18898118754766743,True
2022-03-30,0.24185995431892635,0.1797709268754933,True
2022-03-31,0.22923299852744322,0.17629406127088554,False
2022-04-01,0.22178290819354393,0.17611126149653142,False
2022-04-04,0.22531606761798298,0.1743641857728403,False
2022-04-05,0.23229209570938258,0.16204938331445568,False
2022-04-06,0.2174028151641565,0.1595192977235118,False
2022-04-07,0.19492258269717547,0.146891325436903,False
2022-04-08,0.18506159343687442,0.14700851987288516,False
2022-04-11,0.18740404529074187,0.14943979742287755,False
2022-04-12,0.19173268602914587,0.14221037647893695,False
2022-04-13,0.19898563660529575,0.14210809036828773,False
2022-04-14,0.1988606844733425,0.13750218744576312,False
2022-04-18,0.21104037784523233,0.12358008653540724,False
2022-04-19,0.17828264251957412,0.12938761390585382,False
2022-04-20,0.19329509353398444,0.12701503989190363,False
2022-04-21,0.18680699511850357,0.15042390822296203,True
2022-04-22,0.22510626366359332,0.1712515379039058,True
2022-04-25,0.2893237164568875,0.16259600403537391,False
2022-04-26,0.26696317600966335,0.1737346149037762,True
2022-04-27,0.2835148233239868,0.17463747085564318,False
2022-04-28,0.2879147402724506,0.18726079290577524,True
2022-04-29,0.32264291094142034,0.21070507663457402,True
2022-05-02,0.38098857063794933,0.21062464847417842,True
2022-05-03,0.3654412725803072,0.21532518429412587,True
2022-05-04,0.3684782758639556,0.2379571092507686,True
2022-05-05,0.4181494694443416,0.2574886243609886,True
2022-05-06,0.45311441676907455,0.25816490533743786,True
2022-05-09,0.46216031315970585,0.28617307148824445,True
2022-05-10,0.481497157556148,0.2858973030879394,True
2022-05-11,0.4717986877892269,0.28626389355584286,True
2022-05-12,0.4651983487938346,0.28731300566341184,True
2022-05-13,0.46083398735860637,0.30403447370858006,True
2022-05-16,0.4754224889225263,0.3041735197803891,True
2022-05-17,0.4752447198741376,0.31881971686855176,True
2022-05-18,0.48919444779551885,0.3382146377882433,True
2022-05-19,0.5151852662071289,0.33733613865345935,True
2022-05-20,0.5084242401908168,0.33126922131392633,True
2022-05-23,0.5066071430561622,0.3320456233907104,True
2022-05-24,0.5100691589187067,0.331942492427534,True
2022-05-25,0.5072242257820838,0.3305672298406601,True
2022-05-26,0.5010838961067885,0.33594981444884664,True
2022-05-27,0.5022405727625162,0.3378624923090593,True
2022-05-31,0.5045414261781753,0.32072760928554794,True
2022-06-01,0.4743808217280732,0.3223137941236806,True
2022-06-02,0.4837519629841106,0.32551053851505696,True
2022-06-03,0.48379047963847954,0.312936398647182,True
2022-06-06,0.45947178034474423,0.29283194485410924,True
2022-06-07,0.4343085621997715,0.2930936108123246,True
2022-06-08,0.44414457753857256,0.2606033648699783,True
2022-06-09,0.42505948620470924,0.276461280118884,True
2022-06-10,0.4673425330974457,0.2882681474195071,True
2022-06-13,0.49416184471725005,0.3210858131389903,True
2022-06-14,0.5451227383696922,0.30309529664137513,True
2022-06-15,0.5203797366462976,0.30640027960892235,True
2022-06-16,0.5264568760256055,0.3121199496742703,True
2022-06-17,0.5247655325916394,0.28432609409819265,True
2022-06-21,0.4827624276007524,0.30134026762718025,True
2022-06-22,0.5220535044375838,0.3019478086793437,True
2022-06-23,0.5246839867748522,0.2932430718380143,True
2022-06-24,0.48488931754952797,0.31256273335656165,True
2022-06-27,0.5238595321555959,0.30580346727842445,True
2022-06-28,0.5179578025967397,0.2999630019954971,True
2022-06-29,0.5143337089375556,0.2862871912206487,True
2022-06-30,0.49061547131707084,0.2862926544876717,True
2022-07-01,0.49157011881921114,0.28833502579891296,True
2022-07-05,0.49421593348723175,0.2769824157646515,True
2022-07-06,0.4763013954522707,0.27661316568824357,True
2022-07-07,0.4782921226035996,0.28800029542866074,True
2022-07-08,0.4836572919968617,0.2839068987852363,True
2022-07-11,0.4786010590423357,0.2820266454058457,True
2022-07-12,0.4748398435733748,0.27280029637032793,True
2022-07-13,0.4568287954472035,0.2610345850960289,True
2022-07-14,0.44360917346197887,0.2240548099758526,True
2022-07-15,0.37180872637565104,0.23518832834990655,True
2022-07-18,0.39233239574589013,0.23231280476328348,True
2022-07-19,0.38743557894512015,0.21284311411364923,True
2022-07-20,0.3546126388158698,0.21299369393134546,True
2022-07-21,0.35768285720668436,0.19565400533870844,True
2022-07-22,0.31306197579259254,0.19768412216860537,True
2022-07-25,0.32008898846164296,0.2003704191439856,True
2022-07-26,0.3518430721797992,0.1790154602300133,True
2022-07-27,0.28808609087870374,0.19305413272671632,True
2022-07-28,0.3060619451765117,0.19208453754896154,True
2022-07-29,0.3035219758284092,0.1906801778884229,True
2022-08-01,0.3027085577009276,0.1879697064479357,True
2022-08-02,0.3005526670856457,0.18902518139619745,True
2022-08-03,0.3072190109442296,0.18362471116667872,True
2022-08-04,0.29708083054505197,0.18412457376997599,True
2022-08-05,0.2959910199020905,0.17650931694384425,False
2022-08-08,0.28460333013520395,0.1766940996270408,False
2022-08-09,0.27989468025460523,0.1711300094351094,False
2022-08-10,0.26602737465552945,0.17604379454925845,False
2022-08-11,0.27227772162370517,0.17366423880992937,False
2022-08-12,0.26368604220438047,0.16848584769124136,False
2022-08-15,0.2597461029263846,0.16342904639808248,False
2022-08-16,0.2514211298806088,0.16040089996205326,False
2022-08-17,0.2362564903164224,0.1491971817297391,False
2022-08-18,0.21079808202726888,0.14924340289799015,False
2022-08-19,0.21043210333583473,0.16294246169552015,False
2022-08-22,0.2394434081451186,0.17047397017679733,True
2022-08-23,0.28490890965091603,0.16758203903664792,False
2022-08-24,0.2710212689328682,0.1625154502151841,False
2022-08-25,0.2775271542760255,0.1563685101161758,False
2022-08-26,0.28581503047183077,0.18538605178985845,True
2022-08-29,0.3721381799733317,0.1818277261143869,True
2022-08-30,0.3754661604156285,0.19083744577790818,True
2022-08-31,0.40453856472889255,0.19216894554923047,True
2022-09-01,0.4183191148290247,0.18875152868480663,True
2022-09-02,0.4081428111195803,0.18919515595619343,True
2022-09-06,0.4205986493427131,0.1888914003894638,True
2022-09-07,0.41668040642321375,0.19699822963318903,True
2022-09-08,0.43110907598149545,0.19859313873540851,True
2022-09-09,0.42955391888838645,0.19348465357290442,True
2022-09-12,0.4306790924303418,0.19408329072944552,True
2022-09-13,0.4375805350766024,0.21661951383033654,True
2022-09-14,0.4828993099721379,0.21807254956598848,True
2022-09-15,0.47848011081785596,0.21897217328299476,True
2022-09-16,0.4687255786207379,0.21949859879726014,True
2022-09-19,0.46432994177684367,0.22077616615905535,True
2022-09-20,0.4667183874402034,0.2199027296010737,True
2022-09-21,0.4716962407256697,0.218264026559177,True
2022-09-22,0.4665038895834007,0.2168873260395032,True
2022-09-23,0.45946168787801583,0.22457354621792938,True
2022-09-26,0.46629652618978423,0.2122534877093452,True
2022-09-27,0.44469965541461565,0.20009910365858072,True
2022-09-28,0.4090240524756271,0.2263251536711539,True
2022-09-29,0.4606699456442991,0.23107068280582105,True
2022-09-30,0.46735933470561475,0.2323169555504731,True
2022-10-03,0.46572392177332583,0.2624036253560105,True
2022-10-04,0.5286866105944943,0.28901013345700544,True
2022-10-05,0.5711760729234813,0.2893076662991031,True
2022-10-06,0.5748593294079922,0.2843978213686308,True
2022-10-07,0.5692250584165524,0.29096787773858884,True
2022-10-10,0.5829902154806614,0.28189769823413147,True
2022-10-11,0.5618711620808208,0.2793219507680018,True
2022-10-12,0.5541805376845836,0.2570149228560898,True
2022-10-13,0.5106368055122308,0.2805035886124468,True
2022-10-14,0.5623813301810945,0.29233416396704553,True
2022-10-17,0.5788499783075766,0.3064376077341315,True
2022-10-18,0.599417145867579,0.30938557766222424,True
2022-10-19,0.6025514961820047,0.3072050471304703,True
2022-10-20,0.5916419666156302,0.30398387065653576,True
2022-10-21,0.5734576775456528,0.3143411897953644,True
2022-10-24,0.5949219842354184,0.30045034672525184,True
2022-10-25,0.5826707657484405,0.29869621612361213,True
2022-10-26,0.5714104684558078,0.2987067930450415,True
2022-10-27,0.5697414056866829,0.28902759931888455,True
2022-10-28,0.549971210084425,0.2799426841094273,True
2022-10-31,0.5295517900612112,0.27481099434247575,True
2022-11-01,0.5230455052700034,0.25953730956096194,True
2022-11-02,0.49601847656432635,0.2520017845043903,True
2022-11-03,0.4789536587570244,0.25145735284815496,True
2022-11-04,0.4679867582570954,0.2522762271668732,True
2022-11-07,0.46080734147402924,0.23385978418508618,True
2022-11-08,0.42605779584946424,0.23241721184100683,True
2022-11-09,0.4248442766945132,0.2509248663548769,True
2022-11-10,0.4596898722579357,0.2891045816681788,True
2022-11-11,0.48435535984521816,0.27689321015985485,True
2022-11-14,0.4334887535387852,0.25494554400911723,True
2022-11-15,0.3921806455585154,0.24690775194633507,True
2022-11-16,0.3788989501154671,0.25271729794033465,True
2022-11-17,0.37582393879057596,0.25059176854666937,True
2022-11-18,0.3762097017673229,0.24849011559003872,True
2022-11-21,0.38394194627838246,0.23857855679886045,True
2022-11-22,0.36315276134172886,0.2409942750449149,True
2022-11-23,0.3718522252399745,0.2344362235671644,True
2022-11-25,0.3649514078625401,0.23441014650472736,True
2022-11-28,0.372717870375632,0.24449166381471116,True
2022-11-29,0.39892455676610344,0.2353518876228059,True
2022-11-30,0.3823465992167973,0.2437577323844445,True
2022-12-01,0.40144616296850977,0.2449607995211268,True
2022-12-02,0.40078133935928495,0.2307700655570132,True
2022-12-05,0.37151776075686777,0.24204344114236356,True
2022-12-06,0.4121798224952423,0.2429327650313706,True
2022-12-07,0.4224970913389977,0.24238173193619542,True
2022-12-08,0.42950905081100044,0.2412049410524796,True
2022-12-09,0.4339851558106996,0.2273563662432594,True
2022-12-12,0.41356313159674646,0.16518024114699326,False
2022-12-13,0.33061080238504925,0.16347546572504065,False
2022-12-14,0.3711346843823889,0.16240508300588996,False
2022-12-15,0.3807629401798838,0.17710447334186816,True
2022-12-16,0.42555956616668783,0.17461788871044723,False
2022-12-19,0.43418426201405264,0.17593491856605784,False
2022-12-20,0.4400068301909139,0.1760921747638433,False
2022-12-21,0.436834615872458,0.18501288848476974,True
2022-12-22,0.46398977002715475,0.18241519883639756,True
2022-12-23,0.4533763735585644,0.18441171522562883,True
2022-12-27,0.46147504531686184,0.18382042961533204,True
2022-12-28,0.4559470478686089,0.17946557449746472,True
2022-12-29,0.4522966808185844,0.18937480867285011,True
2022-12-30,0.4734381668400595,0.17184740506979887,False
2023-01-03,0.43923807137519666,0.17193583979090749,False
2023-01-04,0.43762464935462914,0.17696200629091977,False
2023-01-05,0.4441124022597301,0.16707829203333605,False
2023-01-06,0.4085640967286944,0.18790216263402973,True
2023-01-09,0.4629388718759291,0.18839370306933959,True
2023-01-10,0.4457442901767764,0.1889007536736278,True
2023-01-11,0.44116944868318664,0.18770323277552906,True
2023-01-12,0.4284450212570903,0.18322047413226183,True
2023-01-13,0.4077198013299998,0.18325977580752675,True
2023-01-17,0.41016208091897166,0.18149478208130373,True
2023-01-18,0.40376093319990913,0.17463953560890075,True
2023-01-19,0.3971774703069253,0.17694449334199044,False
2023-01-20,0.3897649743813606,0.18119264216896705,True
2023-01-23,0.4011686538597262,0.18379631247893155,True
2023-01-24,0.40114470324114027,0.17845682422234718,True
2023-01-25,0.38328872098974337,0.16753071435074257,False
2023-01-26,0.362196315989277,0.16785247416855395,False
2023-01-27,0.3504065470419203,0.16624358483338386,False
2023-01-30,0.3501901676383343,0.16575629719957363,False
2023-01-31,0.33617137773203415,0.16592002909381057,False
2023-02-01,0.33560949659005923,0.16708057107064384,False
2023-02-02,0.3259294840523301,0.16437048347420175,False
2023-02-03,0.31287613338203907,0.16632301448416748,False
2023-02-06,0.312103032442564,0.16524289284708904,False
2023-02-07,0.30797947520312224,0.14380714447121737,False
2023-02-08,0.24756879615676802,0.14759719986859518,False
2023-02-09,0.2559953275490829,0.1525683669289316,False
2023-02-10,0.26463265701944994,0.15349135855975143,False
2023-02-13,0.27013250985876747,0.1536645910420611,False
2023-02-14,0.27685294220680434,0.15346236873076108,False
2023-02-15,0.2775237170570291,0.1539233535253178,False
2023-02-16,0.277723429836283,0.14324664609891813,False
2023-02-17,0.2353132494194868,0.1350572944551325,False
2023-02-21,0.21762411242038115,0.14507068542367535,True
2023-02-22,0.2325970733167317,0.1398495687435817,False
2023-02-23,0.22830142006285872,0.14123758419283497,False
2023-02-24,0.23051697315135744,0.142669954631828,False
2023-02-27,0.2359412248118972,0.1401960361457747,False
2023-02-28,0.2395907532118105,0.14030430760374105,False
2023-03-01,0.24054242289954006,0.13480029776686434,False
2023-03-02,0.23098499900484312,0.1243138280317745,False
2023-03-03,0.20034980919282053,0.126969505054142,False
2023-03-06,0.21879693977827577,0.12624440150055888,False
2023-03-07,0.23866593104204037,0.13509802502621038,True
2023-03-08,0.27316957180711865,0.13492370056563255,False
2023-03-09,0.27436319606374077,0.14958245557872524,True
2023-03-10,0.31182699037774325,0.15794219330911477,True
2023-03-13,0.3212693943328503,0.15810792024869194,False
2023-03-14,0.2951719075962602,0.1627686595534882,False
2023-03-15,0.3021627045098516,0.166423493632195,True
2023-03-16,0.2824494441571334,0.1744132607816561,False
2023-03-17,0.300738687986456,0.1776440773620103,True
2023-03-20,0.3182083123538096,0.1846753107033154,True
2023-03-21,0.3457679719393803,0.1958278348591398,True
2023-03-22,0.3598700920148414,0.19662872057686767,True
2023-03-23,0.3770945496102199,0.19639700470933655,True
2023-03-24,0.37356479827274264,0.19642434407224021,True
2023-03-27,0.37484860428195765,0.19899417511743692,True
2023-03-28,0.37647257507870174,0.19812271404245962,True
2023-03-29,0.37313890629025154,0.20887400167822973,True
2023-03-30,0.39579131524063527,0.20915400934246087,True
2023-03-31,0.4072417023000517,0.21192973177140387,True
2023-04-03,0.4143170241579728,0.20821783978582661,True
2023-04-04,0.4037868019537387,0.21213224358503807,True
2023-04-05,0.40911414251757533,0.20585492892111495,True
2023-04-06,0.38017271241956335,0.20566331374645497,True
2023-04-10,0.3830574928117251,0.1929716698577801,True
2023-04-11,0.343378018434303,0.1813400309222008,True
2023-04-12,0.31873166145317594,0.17639281246252947,False
2023-04-13,0.3360137686961608,0.17281273308780135,False
2023-04-14,0.3297588942696615,0.15972073309383378,False
2023-04-17,0.3370631140663532,0.1574834502079014,False
2023-04-18,0.3342463591754762,0.14265380400899272,False
2023-04-19,0.29605793903736916,0.13971366052142775,False
2023-04-20,0.28126465583136406,0.13440695074269252,False
2023-04-21,0.2802041890716952,0.11046494387489646,False
2023-04-24,0.2037571052948518,0.10919282328720158,False
2023-04-25,0.20513756181031584,0.12759393459025833,True
2023-04-26,0.24116268774280977,0.1323501681143412,False
2023-04-27,0.25744579693813047,0.1384148129132765,False
2023-04-28,0.27145447172432535,0.12895217898454486,False
2023-05-01,0.25051555763765915,0.1288647982727854,False
2023-05-02,0.24779380930269454,0.13500269161629974,True
2023-05-03,0.25055593260865916,0.13446287296450155,False
2023-05-04,0.24791978549220145,0.13324684508506585,False
2023-05-05,0.23810664769141518,0.15194539528997553,False
2023-05-08,0.2941097239830869,0.15190899960964885,False
2023-05-09,0.29510930039436595,0.1481202591785039,False
2023-05-10,0.28852141753362703,0.14693496152028734,False
2023-05-11,0.2825358587972499,0.14815663927431863,False
2023-05-12,0.2830807693115497,0.14392183965990915,False
2023-05-15,0.2720542133603965,0.14799523174692494,False
2023-05-16,0.275464643610723,0.148705044295842,False
2023-05-17,0.28213643056868776,0.16053284015632316,False
2023-05-18,0.2965447070360793,0.1628085318424145,False
2023-05-19,0.3007493555831484,0.16114870837822048,False
2023-05-22,0.3090434554509034,0.16247590776388152,False
2023-05-23,0.2994015754278813,0.16438360159957452,False
2023-05-24,0.3014267482082525,0.15683117623473702,False
2023-05-25,0.30057615582609487,0.15181767443923122,False
2023-05-26,0.28261235180158445,0.14892101786720596,False
2023-05-30,0.2743701210884214,0.1452655469334958,False
2023-05-31,0.261254352202003,0.14873052957451924,False
2023-06-01,0.2582241098303506,0.1402335467413343,False
2023-06-02,0.24874424979013432,0.15610788295786562,False
2023-06-05,0.2999983705897319,0.14995675627402782,False
2023-06-06,0.30414252740486486,0.13908165027886682,False
2023-06-07,0.25980757232330753,0.1402159360790504,False
2023-06-08,0.2552578262193484,0.13968980596833605,False
2023-06-09,0.25546326903030986,0.1413619210935525,False
2023-06-12,0.2592989878899704,0.13849831843949356,False
2023-06-13,0.25704460606672624,0.13868152750314522,False
2023-06-14,0.2604554514515443,0.1389742382181887,False
2023-06-15,0.25561775618292515,0.13101425733497346,False
2023-06-16,0.2384963692365006,0.12392253670589483,False
2023-06-20,0.22729173245473736,0.12987683207789685,False
2023-06-21,0.24512356819399192,0.12980126581685467,False
2023-06-22,0.23953489246708454,0.13026342723497325,False
2023-06-23,0.24677134026521347,0.13168488493407116,False
2023-06-26,0.25635866033718413,0.12562100474700674,False
2023-06-27,0.23733650583256696,0.12792484503591664,False
2023-06-28,0.242319332074018,0.12698737913641783,False
2023-06-29,0.2441107932307033,0.12776734850024918,False
2023-06-30,0.24295168192628136,0.12283758358144317,False
2023-07-03,0.24603895262177064,0.12256711887706745,False
2023-07-05,0.248316055874551,0.10592722709231674,False
2023-07-06,0.2035012451247131,0.11412126096511441,False
2023-07-07,0.23122182967016094,0.11010950342639969,False
2023-07-10,0.22082663232599675,0.10857033912774576,False
2023-07-11,0.22086262123544873,0.11389264340228678,False
2023-07-12,0.2339619605123451,0.11240187115322037,False
2023-07-13,0.22632610561875308,0.11424269957689373,False
2023-07-14,0.23152057438114138,0.11695665488653981,False
2023-07-17,0.23255938672960277,0.11566144000667047,False
2023-07-18,0.23038920499296195,0.11498149572087711,False
2023-07-19,0.20943249049279658,0.11585648650683719,False
2023-07-20,0.2123321060001851,0.10802533486492817,False
2023-07-21,0.1816390470774053,0.10772586298862542,False
2023-07-24,0.18381317649799742,0.10606737435285031,False
2023-07-25,0.18274900898569152,0.09752731651715381,False
2023-07-26,0.15064612603248786,0.09757624831357967,False
2023-07-27,0.15158052313254286,0.09935350268182724,False
2023-07-28,0.15743831665267927,0.09883401080981195,False
2023-07-31,0.15421219603903746,0.09785274161229783,False
2023-08-01,0.15142299520320296,0.0973679918160982,False
2023-08-02,0.1475442380200484,0.11261572405734516,False
2023-08-03,0.15951843798601256,0.1098217503318721,False
2023-08-04,0.14837459629681077,0.10130183832498413,False
2023-08-07,0.12821660324937464,0.10182520552808949,False
2023-08-08,0.13721206819512508,0.10322757110615705,False
2023-08-09,0.1512261142960785,0.0990510727329463,False
2023-08-10,0.131648704238349,0.09891115166166681,False
2023-08-11,0.13408909462157925,0.09466155463075016,False
2023-08-14,0.12867478816833508,0.0900985916205737,False
2023-08-15,0.12465750899011807,0.1103254347542071,True
2023-08-16,0.18198518768617672,0.1053690974926184,False
2023-08-17,0.18272657556021832,0.10169549526132447,False
2023-08-18,0.17244867094252514,0.10293134192729973,False
2023-08-21,0.18007536426479834,0.10233237825477978,False
2023-08-22,0.17554994401580648,0.09875295897627154,False
2023-08-23,0.16280814950915526,0.10308755830533714,False
2023-08-24,0.17767837446754361,0.10613930054950525,False
2023-08-25,0.18608439062191195,0.11016824622661775,False
2023-08-28,0.210462957992832,0.10825699308606702,False
2023-08-29,0.21989919514428433,0.11962278342727065,False
2023-08-30,0.2474468326909071,0.1207198320677977,False
2023-08-31,0.25082435851601054,0.11064710026838828,False
2023-09-01,0.2489777964712899,0.11274888923573553,False
2023-09-05,0.2623156127895372,0.11452555282524708,False
2023-09-06,0.2684544925673158,0.11356131014002849,False
2023-09-07,0.2627874329685862,0.11364661185225744,False
2023-09-08,0.25372144335727786,0.1140536928630369,False
2023-09-11,0.26275861281887425,0.11455578475765263,False
2023-09-12,0.2603384514268407,0.11456849822398493,False
2023-09-13,0.2505356623250203,0.11477522738431466,False
2023-09-14,0.25087992261250147,0.10341388685157761,False
2023-09-15,0.2200842889356257,0.1088776469421209,False
2023-09-18,0.23973307342903408,0.10823531934536457,False
2023-09-19,0.23857858850313104,0.1078943899947224,False
2023-09-20,0.23443290684359366,0.10952515818517955,False
2023-09-21,0.23886304673960346,0.12135227282395927,True
2023-09-22,0.27820647511266006,0.11919825428381235,False
2023-09-25,0.2786728195423419,0.11430716751320522,False
2023-09-26,0.2721712686865893,0.11919043269819203,False
2023-09-27,0.28373322739908413,0.11647877068533678,False
2023-09-28,0.2654325313742628,0.1054234948189939,False
2023-09-29,0.23909334864076506,0.1036428916606832,False
2023-10-02,0.22353379150868466,0.11053533536767403,False
2023-10-03,0.23794657988222226,0.11118647030326508,False
2023-10-04,0.23571117368433958,0.1129421239452619,False
2023-10-05,0.23484829530709767,0.11215089709510767,False
2023-10-06,0.22675524121949536,0.11757247895255157,False
2023-10-09,0.2437142287761503,0.12545317816064758,False
2023-10-10,0.26104006273323843,0.1315966254336832,False
2023-10-11,0.27362364724327165,0.1315835312396069,False
2023-10-12,0.2793191283197074,0.13668826853014682,False
2023-10-13,0.29455411046383495,0.12770587112961473,False
2023-10-16,0.25772872440244327,0.13169488717492503,False
2023-10-17,0.2725254254685203,0.13395396241559912,False
2023-10-18,0.2775992031404681,0.14020468941344078,False
2023-10-19,0.28586798537781766,0.1455784701227704,False
2023-10-20,0.2954886257678638,0.14567146873313214,True
2023-10-23,0.278521711266197,0.14804582301551167,False
2023-10-24,0.28290626633045546,0.1529681950758868,False
2023-10-25,0.29160966671237987,0.1490132132367732,False
2023-10-26,0.26343477783042596,0.14872320307554537,False
2023-10-27,0.25199549849149183,0.15288324918381357,False
2023-10-30,0.2591190940124189,0.1567385379436845,False
2023-10-31,0.27073333557591633,0.153420935601069,False
2023-11-01,0.26994173897474716,0.15060606317173542,False
2023-11-02,0.2593639140069242,0.17482299667757095,False
2023-11-03,0.31475452593709097,0.17831772927154543,True
2023-11-06,0.31654062187068993,0.178834651831022,True
2023-11-07,0.3161415652607804,0.17507857847929165,False
2023-11-08,0.31190363422474854,0.17139038769510964,False
2023-11-09,0.30446272412727826,0.1737345467962313,False
2023-11-10,0.30551951710408065,0.1745737506837158,False
2023-11-13,0.31090351743875444,0.17467327078601236,False
2023-11-14,0.3157949169462825,0.19349427135626499,True
2023-11-15,0.33521325933335744,0.19400426559799258,True
2023-11-16,0.3289953764464599,0.18893753554702317,True
2023-11-17,0.3215636200245874,0.1821563504364954,True
2023-11-20,0.30811650977006944,0.17011271176035292,False
2023-11-21,0.2885711638810637,0.1665675679775456,False
2023-11-22,0.2769642360014266,0.16488446464536938,False
2023-11-24,0.28037099716552505,0.1608328383370309,False
2023-11-27,0.2987261299853715,0.1622980609091388,False
2023-11-28,0.3173198909144707,0.1492393640512886,False
2023-11-29,0.2835973330154733,0.14883925426216643,False
2023-11-30,0.2775893169874455,0.1490224462758723,False
2023-12-01,0.28137609097776567,0.15200376452331338,False
2023-12-04,0.2957645275165079,0.13233478406298313,False
2023-12-05,0.23672236111829764,0.13278780022630607,False
2023-12-06,0.2531527091652743,0.12977699245474722,False
2023-12-07,0.2452308273351864,0.12886791663804875,False
2023-12-08,0.2436205570226747,0.12668110800955412,False
2023-12-11,0.23779571853433482,0.11893231009449692,False
2023-12-12,0.21402288232949077,0.11667568369275531,False
2023-12-13,0.2028099053577212,0.13377823470660033,False
2023-12-14,0.2517579700429019,0.115420664323163,False
2023-12-15,0.1719020391041117,0.11743915788350848,False
2023-12-18,0.18474425350383267,0.11369354910817767,False
2023-12-19,0.18032184688807704,0.11777301934333562,False
2023-12-20,0.19052322171909777,0.1430064298255988,True
2023-12-21,0.27422692368896506,0.14459563307824536,False
2023-12-22,0.2854857502521693,0.1447485972671844,False
2023-12-26,0.2843375575642819,0.14585492992849902,False
2023-12-27,0.28702295261551636,0.14394597548023824,False
2023-12-28,0.2839399632004875,0.14462246370115203,False
2023-12-29,0.28687133816442517,0.14738453526058304,False
2024-01-02,0.2947463237924898,0.14716725976268685,False
2024-01-03,0.2757301931695787,0.1494958700248476,False
2024-01-04,0.26937867395795145,0.14965443148654464,False
2024-01-05,0.27187215947616133,0.146007395936366,False
2024-01-08,0.2632438996289614,0.14681774217216417,False
2024-01-09,0.2669739919582413,0.15117941999324633,False
2024-01-10,0.2780391660622616,0.15158017188107975,False
2024-01-11,0.27842888073671807,0.15416989183178909,False
2024-01-12,0.2841842983128446,0.15358270851675773,False
2024-01-16,0.2839029382287443,0.13764461289447136,False
2024-01-17,0.248493962175228,0.12770258594265516,False
2024-01-18,0.3000768212411444,0.12802403330012208,False
2024-01-19,0.3006394799026519,0.13246055502617635,False
2024-01-22,0.3038245975767046,0.1264498157110201,False
2024-01-23,0.29454100647728726,0.10576048854640624,False
2024-01-24,0.20767549233915708,0.09609469830522438,False
2024-01-25,0.17588870408764756,0.09645942063150928,False
2024-01-26,0.1749456040960401,0.09066197275724054,False
2024-01-29,0.16162173869337257,0.09436853572788148,False
2024-01-30,0.16460168818987136,0.0943586142520433,False
2024-01-31,0.15918888456654076,0.10545892233331028,False
2024-02-01,0.18814439145575862,0.11310370430495817,False
2024-02-02,0.2037160215294497,0.1081763564645533,False
2024-02-05,0.20267891130172921,0.11060134365778185,False
2024-02-06,0.2083745565582387,0.11420545948486836,False
2024-02-07,0.20960064591055527,0.1114919568628639,False
2024-02-08,0.20407393649839028,0.10817751072899957,False
2024-02-09,0.19077606085455487,0.10929754739207678,False
2024-02-12,0.18585461160408082,0.11115913155531726,False
2024-02-13,0.18318981955466684,0.13243478942957923,True
2024-02-14,0.22514701439569876,0.1326877382809862,False
2024-02-15,0.21932288656040796,0.1337855482526419,False
2024-02-16,0.2151773456975355,0.13530652857490513,False
2024-02-20,0.21692040881012928,0.13515927684694243,False
2024-02-21,0.21505548871415636,0.1340670828348863,False
2024-02-22,0.2108299880415111,0.1388000194674199,False
2024-02-23,0.22302773566690104,0.13755888074526637,False
2024-02-26,0.2288293247135515,0.13712838891347856,False
2024-02-27,0.23546157692322833,0.13763657199236962,False
2024-02-28,0.23368541062120288,0.13929456231564696,False
2024-02-29,0.2359254615970596,0.1403932354630875,False
2024-03-01,0.24056425864002037,0.1286457851894085,False
2024-03-04,0.20937674358836703,0.12494546373626629,False
2024-03-05,0.2014927051318073,0.12521314493082367,False
2024-03-06,0.19609094620691317,0.12317089323486184,False
2024-03-07,0.18945188586849285,0.12348321752859862,False
2024-03-08,0.19343045227946282,0.12474041749024588,False
2024-03-11,0.19176800393141413,0.12466447470759545,False
2024-03-12,0.19269157000607767,0.1241670010479643,False
2024-03-13,0.19333360613273018,0.12033013333990282,False
2024-03-14,0.18379684468292998,0.10450681936578363,False
2024-03-15,0.14075195327095272,0.09838932965398321,False
2024-03-18,0.13224044955077913,0.09025590431904502,False
2024-03-19,0.10586476884513138,0.08919176324940065,False
2024-03-20,0.10753349520333107,0.0921755007828677,False
2024-03-21,0.11885229288126374,0.0927282699024958,False
2024-03-22,0.11813475154457731,0.09111036146116787,False
2024-03-25,0.12615359483566493,0.09082823529259573,False
2024-03-26,0.12575305789744856,0.09104121852145566,False
2024-03-27,0.12168804323777306,0.10463072661449269,False
2024-03-28,0.17632268587582664,0.09979453354566466,False
2024-04-01,0.17195024102771386,0.10198651224714272,False
2024-04-02,0.18200037907372515,0.1079908396312779,False
2024-04-03,0.19563368507181814,0.10797738852844983,False
2024-04-04,0.196377268868075,0.11237028091304106,False
2024-04-05,0.21633165908658863,0.10916668806785022,False
2024-04-08,0.21116531555783433,0.10575163258869166,False
2024-04-09,0.2073826831719669,0.10522189853446637,False
2024-04-10,0.20168460124358217,0.11713938258766048,False
2024-04-11,0.23202280376970008,0.11700938679927482,False
2024-04-12,0.2341805053028107,0.13295953166743313,True
2024-04-15,0.28499563377822323,0.13092068455694975,False
2024-04-16,0.2841154247599582,0.13123196863222888,False
2024-04-17,0.2873382726247003,0.13055060265737609,False
2024-04-18,0.27672867197466733,0.12947986361826946,False
2024-04-19,0.2681753273738426,0.12168935893997808,False
2024-04-22,0.24978508801339813,0.12348489461668312,False
2024-04-23,0.26167063188873646,0.1271009022536853,False
2024-04-24,0.2660417773025042,0.1271890405516559,False
2024-04-25,0.26241049537167155,0.1272032443272635,False
2024-04-26,0.25374115945993964,0.11173386290946007,False
2024-04-29,0.20395242817976464,0.11288417724286813,False
2024-04-30,0.20333234448527926,0.12151077912810519,False
2024-05-01,0.2225846435499928,0.11926784205323086,False
2024-05-02,0.21070526847101048,0.12305998728305063,False
2024-05-03,0.2214633358570571,0.12355054563229886,False
2024-05-06,0.21881150509180639,0.12671063734323493,False
2024-05-07,0.22506151172060287,0.12666192478557878,False
2024-05-08,0.22186651602416718,0.12579728037058263,False
2024-05-09,0.2212568700877841,0.1198283680964387,False
2024-05-10,0.2097420564618277,0.11983791085418158,False
2024-05-13,0.21225329819216912,0.09937109418039848,False
2024-05-14,0.15631385984220428,0.09462709507732274,False
2024-05-15,0.14141173192358933,0.09340057670801843,False
2024-05-16,0.13466151103202262,0.0918073549752697,False
2024-05-17,0.1329611018490482,0.09112159348138629,False
2024-05-20,0.1326459616113502,0.09140373600586517,False
2024-05-21,0.13879652372273,0.08996488079636146,False
2024-05-22,0.13172691561781572,0.08945954013529453,False
2024-05-23,0.1326717253282342,0.10834328343108202,True
2024-05-24,0.1902784219797203,0.10973025342925856,False
2024-05-28,0.19802101407093042,0.1098479630410327,False
2024-05-29,0.20869403520087312,0.11440087627509628,False
2024-05-30,0.23894981650950886,0.10215175915314549,False
2024-05-31,0.2103796460994748,0.10753418019119802,False
2024-06-03,0.2504098539877925,0.10962002108137439,False
2024-06-04,0.2548825537343659,0.10787632054752022,False
2024-06-05,0.2462496939775132,0.10537497791828261,False
2024-06-06,0.2347979987306975,0.10540821184708218,False
2024-06-07,0.23658919395539754,0.10696255357484528,False
2024-06-10,0.2414139535060627,0.10377644919838618,False
2024-06-11,0.22653546675857214,0.10505621445399974,False
2024-06-12,0.22892189867495072,0.10534852031139845,False
2024-06-13,0.2240791963775966,0.10287317434693576,False
2024-06-14,0.21844976690680568,0.103762318264129,False
2024-06-17,0.2151416078124849,0.10566508677064174,False
2024-06-18,0.22535500318142357,0.1059085260551619,False
2024-06-20,0.22638108382801855,0.10594643560040516,False
2024-06-21,0.2271878585368175,0.10591487166288589,False
2024-06-24,0.22600089242079974,0.10871568051158459,False
2024-06-25,0.2365217631262465,0.09555438814961162,False
2024-06-26,0.20204303362232037,0.0924338381694343,False
2024-06-27,0.19632310067060543,0.09255469440025171,False
2024-06-28,0.197316850818026,0.08503047348567616,False
2024-07-01,0.15362850330660913,0.08500621501657199,False
2024-07-02,0.15182831940132585,0.07118050733708198,False
2024-07-03,0.09841847645170339,0.06829159831385256,False
2024-07-05,0.09487227704508187,0.06791815144602752,False
2024-07-08,0.0970222763928769,0.06649361522753751,False
2024-07-09,0.09648761048635544,0.06702486837678069,False
2024-07-10,0.09648063731335231,0.07207805707253392,False
2024-07-11,0.11537639435253504,0.07761830757370149,False
2024-07-12,0.13017147086819747,0.07886877309413057,False
2024-07-15,0.13017461537346325,0.07878132913505212,False
2024-07-16,0.128505276381472,0.08867840772764077,False
2024-07-17,0.15450702795777418,0.08163561842345687,False
2024-07-18,0.13275712398245268,0.0915215751102633,False
2024-07-19,0.15902081083768926,0.09781495198182538,False
2024-07-22,0.17380127371502704,0.09994553958392757,False
2024-07-23,0.17897941102140305,0.10017243598119126,False
2024-07-24,0.1750580864453931,0.10712483100990336,False
2024-07-25,0.17268794540149046,0.10610760273471935,False
2024-07-26,0.155290465308299,0.11370143650107742,False
2024-07-29,0.16540564528615112,0.1154329395550588,False
2024-07-30,0.16671809444319222,0.11536395673704143,False
2024-07-31,0.16735204550598756,0.11553300756526676,False
2024-08-01,0.15647597374310326,0.13045794407386962,False
2024-08-02,0.15454454768224843,0.15643702563215997,True
2024-08-05,0.17733831568928507,0.17723399830141856,True
2024-08-06,0.24563394384429843,0.17919747412009884,True
2024-08-07,0.24743991799730583,0.18107005510421237,True
2024-08-08,0.2477810967189207,0.19567446605180241,True
2024-08-09,0.2609178377996522,0.19277813337670022,True
2024-08-12,0.2580790406688703,0.1904104181214731,True
2024-08-13,0.25359296496265243,0.1970263760877097,True
2024-08-14,0.2644271379550594,0.1898977538232033,True
2024-08-15,0.2535120754054561,0.20190005562352933,True
2024-08-16,0.2641037156997086,0.19962914409351948,True
2024-08-19,0.2599976643170728,0.1996744163302176,True
2024-08-20,0.2585697476091775,0.2009826464085017,True
2024-08-21,0.26259079011584935,0.20194512649581736,True
2024-08-22,0.26141868622521514,0.19898959671018254,True
2024-08-23,0.27297794619683624,0.2045633243973499,True
2024-08-26,0.29995657052700614,0.200273328541003,True
2024-08-27,0.29254971632780924,0.19999346386653627,True
2024-08-28,0.2942952274919026,0.20198265839509005,True
2024-08-29,0.30316840345686585,0.1992740235846267,True
2024-08-30,0.3144505088265423,0.1921082665296884,True
2024-09-03,0.34934870434482496,0.1856159467108039,True
2024-09-04,0.3585003823343459,0.16113966542556954,False
2024-09-05,0.24600426006770365,0.16493204768511194,False
2024-09-06,0.2651231007351073,0.17384263020473184,True
2024-09-09,0.29784207042519906,0.15936011630127728,False
2024-09-10,0.27758030232737596,0.1597945210466071,False
2024-09-11,0.26977677943099976,0.1590836145007077,False
2024-09-12,0.2643893287514463,0.15272475179199413,False
2024-09-13,0.2525412571512826,0.15744879716379073,False
2024-09-16,0.2635605426263834,0.14529010489223756,False
2024-09-17,0.26572194843998304,0.144059236841472,False
2024-09-18,0.2561571968724499,0.13938488407193947,False
2024-09-19,0.2531561616239456,0.14394022964709144,False
2024-09-20,0.2491381932532276,0.14239246070104591,False
2024-09-23,0.24347645830174566,0.1407063569660231,False
2024-09-24,0.2395653963101125,0.12964344792715274,False
2024-09-25,0.21312038860743085,0.13174011304321456,False
2024-09-26,0.21735857789875804,0.13469767888725,False
2024-09-27,0.20970990884427518,0.1328395926610104,False
2024-09-30,0.20760222484763172,0.13270483247933856,False
2024-10-01,0.20617936074230492,0.13167353405818719,False
2024-10-02,0.1886733821512924,0.11115654044516443,False
2024-10-03,0.17439109741394254,0.11251258456131895,False
2024-10-04,0.1809596663806329,0.10959892492300947,False
2024-10-07,0.17073437602055577,0.0930175191281353,False
2024-10-08,0.1496136163398572,0.08962275983752929,False
2024-10-09,0.13383100233438586,0.08972305654117288,False
2024-10-10,0.14236934200216578,0.09069132117374216,False
2024-10-11,0.14829769106216265,0.0945379573758356,False
2024-10-14,0.15936164985437776,0.08781701311571312,False
2024-10-15,0.14511034565925351,0.09433421290485215,False
2024-10-16,0.13915778055467207,0.10048720890767897,False
2024-10-17,0.15199321341119024,0.09950057108306648,False
2024-10-18,0.14500836549405255,0.09073388739393048,False
2024-10-21,0.13730750360683225,0.09634151009465762,False
2024-10-22,0.1626822188522618,0.09627675453642591,False
2024-10-23,0.15629291757383074,0.10052003596706557,False
2024-10-24,0.16011945524524035,0.09728790171815872,False
2024-10-25,0.15210263955748757,0.09348764117257428,False
2024-10-28,0.15173740679544442,0.09560377441270816,False
2024-10-29,0.15626851077624376,0.09729506519635452,False
2024-10-30,0.15939215636019083,0.10089532811451321,False
2024-10-31,0.16266057683578328,0.10704769612361972,False
2024-11-01,0.1602992463905929,0.10728394861618933,False
2024-11-04,0.15485665918183686,0.10338482213781644,False
2024-11-05,0.14447937858959675,0.11080247608925337,False
2024-11-06,0.1558342235263587,0.12076367352504312,False
2024-11-07,0.1334939018026197,0.11911711656213095,False
2024-11-08,0.12343934455824271,0.11892799189603885,False
2024-11-11,0.12143762891672495,0.1155217380078921,False
2024-11-12,0.11006890135497689,0.12466263679129619,False
2024-11-13,0.12084325519139162,0.12040562056788287,False
2024-11-14,0.12054430118868494,0.11481471950805452,False
2024-11-15,0.1072718957213236,0.11834853491039715,False
2024-11-18,0.11297419840338707,0.12191956768699112,False
2024-11-19,0.11984555861622251,0.11838757905773563,False
2024-11-20,0.10939616084971707,0.11822050739046168,False
2024-11-21,0.11086118936596422,0.12380104452677819,False
2024-11-22,0.12680474287536736,0.12917050737786842,False
2024-11-25,0.1368246065763353,0.13115118441914703,False
2024-11-26,0.13146341638464568,0.1306328169450139,False
2024-11-27,0.1290510423251367,0.1286080812776576,False
2024-11-29,0.12101277023589355,0.12395434948725997,False
2024-12-02,0.12087970547373071,0.1148833727088654,False
2024-12-03,0.11896580435828084,0.11786505517374633,False
2024-12-04,0.12477071139342616,0.11930269466540547,False
2024-12-05,0.12738302049282535,0.11494755652475708,False
2024-12-06,0.11462314855510257,0.10498815405528678,False
2024-12-09,0.12944249077301473,0.10497026857033841,False
2024-12-10,0.12854924288778732,0.10731269164049041,False
2024-12-11,0.1350642193293875,0.10588873123862161,False
2024-12-12,0.13750080457961814,0.09855908701773683,False
2024-12-13,0.12494296685032814,0.09862302527417913,False
2024-12-16,0.12726245315152565,0.09839648936396476,False
2024-12-17,0.12616322462347862,0.09267460893422494,False
2024-12-18,0.12523953621850906,0.1437076994600724,True
2024-12-19,0.2593757767252307,0.14481955109438052,False
2024-12-20,0.26005862480831937,0.1532103131727304,False
2024-12-23,0.2818264443890725,0.14563123491121013,False
2024-12-24,0.2642993583367255,0.1429638254292546,False
2024-12-26,0.2622744196905844,0.1385285283589666,False
2024-12-27,0.2647471976135182,0.13975467292840468,False
2024-12-30,0.2745861276772495,0.14203594534973393,False
2024-12-31,0.28487607736866005,0.13985126640807205,False
2025-01-02,0.2824425949439429,0.1396722887255348,False
2025-01-03,0.2932882861120331,0.1500968196060923,False
2025-01-06,0.3163902548662032,0.1505343550213571,False
2025-01-07,0.30830762857638544,0.15019895886766405,False
2025-01-08,0.30858812596775725,0.15062391922108614,False
2025-01-10,0.3071933027619226,0.15757081521264746,True
2025-01-13,0.3298252755883931,0.1636711978953475,False
2025-01-14,0.33947729914231217,0.1658810480374014,False
2025-01-15,0.34488663857381624,0.1716008808357838,False
2025-01-16,0.355795489307886,0.17246571692340656,False
2025-01-17,0.3545426476338426,0.1736154922904171,False
2025-01-21,0.3679241394845443,0.18008180676260918,True
2025-01-22,0.37719558806944314,0.13557409386296024,False
2025-01-23,0.26089233909206194,0.13200614718343118,False
2025-01-24,0.2548498500709494,0.12748013188100285,False
2025-01-27,0.2410340809680333,0.12830022842186398,False
2025-01-28,0.21054931756078957,0.12803956036112904,False
2025-01-29,0.20346288154008238,0.12888684498600378,False
2025-01-30,0.19880933491500147,0.12744159214951797,False
2025-01-31,0.18787734907331058,0.1223867317282364,False
2025-02-03,0.1764599948207665,0.12583696168382022,False
2025-02-04,0.17765814722617898,0.12747812127542052,False
2025-02-05,0.17013157761075814,0.12082041646786112,False
2025-02-06,0.1587847084402586,0.12157498707489056,False
2025-02-07,0.1568719811227768,0.12396187886054279,False
2025-02-10,0.16349327320513216,0.12483989167664203,False
2025-02-11,0.16217411734686477,0.107473702129788,False
2025-02-12,0.12622724442941757,0.11118201360994194,False
2025-02-13,0.133648109435659,0.11481001917863712,False
2025-02-14,0.13796512365507005,0.10736069641981226,False
2025-02-18,0.12637786611903215,0.11218526717703084,False
2025-02-19,0.12989322007249154,0.11184291004924031,False
2025-02-20,0.12619309374465607,0.10205578637712882,False
2025-02-21,0.11073955358486808,0.11389915241704734,False
2025-02-24,0.11922885948862295,0.11202636764671532,False
2025-02-25,0.11291774698143232,0.1126021051855007,False
2025-02-26,0.11131298781612235,0.11316810345933365,False
2025-02-27,0.1230853330888707,0.11459372266271879,False
2025-02-28,0.11880408941860385,0.11785081533315028,False
2025-03-03,0.13281983377564577,0.13013758439583817,True
2025-03-04,0.13881925399599496,0.13495398505879116,False
2025-03-05,0.16105225331611353,0.14293003372586888,False
2025-03-06,0.16998204727053054,0.1428624275229891,False
2025-03-07,0.1714198010707192,0.14959817104044315,False
2025-03-10,0.18851503536808556,0.1617345186338387,True
2025-03-11,0.20216621238596333,0.16238008790424488,False
2025-03-12,0.20275313878340906,0.15721924658795508,False
2025-03-13,0.1942538371587191,0.15750477730609808,False
2025-03-14,0.1919558930200523,0.17320534037071023,False
2025-03-17,0.21874778473060016,0.17696914110161244,False
2025-03-18,0.23397910956308404,0.17858664524573628,True
2025-03-19,0.24356140541956486,0.1767999772364777,False
2025-03-20,0.24340914298487726,0.1742357324764854,False
2025-03-21,0.2439841062002348,0.17440578926109343,False
2025-03-24,0.24574211343307475,0.1769785066356785,False
2025-03-25,0.2554968784195071,0.17721065019917545,False
2025-03-26,0.25738137803317446,0.1771829132648755,False
2025-03-27,0.2580833881603898,0.1771290663824858,False
2025-03-28,0.2566995029028361,0.18329081821126347,True
2025-03-31,0.27449498967385627,0.18124972297649034,True
2025-04-01,0.27395322084754553,0.17068396181169326,False
2025-04-02,0.276140743818548,0.1674022131371975,False
2025-04-03,0.2647931547471748,0.23717598186268468,True
2025-04-04,0.3074321345570777,0.3214269311119782,True
2025-04-07,0.48332497982566575,0.3153246179252924,True
2025-04-08,0.4630379117533019,0.3167893547254254,True
2025-04-09,0.4747598797668844,0.43939226613973087,True
2025-04-10,0.6024350957664459,0.4560434302831024,True
2025-04-11,0.6097236583840189,0.4624262758710635,True
2025-04-14,0.6198357191745226,0.45857344445499343,True
2025-04-15,0.6195861173123239,0.4540944571764331,True
2025-04-16,0.6132846279297347,0.45514860514570227,True
2025-04-17,0.6138106325751443,0.4554621664924705,True
2025-04-21,0.6103503749535262,0.4583681763909556,True
2025-04-22,0.611071879985912,0.46721862725445545,True
2025-04-23,0.6117316186378854,0.46519044549514066,True
2025-04-24,0.607205320553502,0.472250828660776,True
2025-04-25,0.6023780206300968,0.4727994348363688,True
2025-04-28,0.6056909185998233,0.4733354847123024,True
2025-04-29,0.6072579241516908,0.4711330945476179,True
2025-04-30,0.6100755033736013,0.47076070208268384,True
2025-05-01,0.6081936798072072,0.4707423861772047,True
2025-05-02,0.6021561076441994,0.4757834064808884,True
2025-05-05,0.6065551252119642,0.43996252111983225,True
2025-05-06,0.6478924268846844,0.36769912330195365,True
2025-05-07,0.5557817744043406,0.3662512849112601,True
2025-05-08,0.5606448463291178,0.35471512517541276,True
2025-05-09,0.5388544965042582,0.22643255030482776,True
2025-05-12,0.37050853299861386,0.18619415810258763,True
2025-05-13,0.30388626327138746,0.18017712105668462,True
2025-05-14,0.2814782622314903,0.18110496588654096,True
2025-05-15,0.2808129645905581,0.18097013915580637,True
2025-05-16,0.28108542159124655,0.1685191742896633,False
2025-05-19,0.2630901694387792,0.16921331859105143,False
2025-05-20,0.2641337870868749,0.14597561910796492,False
2025-05-21,0.2189038902617209,0.16189129697615906,True
2025-05-22,0.2494182850774762,0.1646435647573014,False
2025-05-23,0.26210644775908437,0.154137731146161,False
2025-05-27,0.25718881512826636,0.16600452153676187,False
2025-05-28,0.2875132549454211,0.1698819708409276,False
2025-05-29,0.29664201752435937,0.16961374902309745,False
2025-05-30,0.293583314779471,0.16911763349153408,False
2025-06-02,0.2910808986901763,0.1691325741094097,False
2025-06-03,0.2975011700324758,0.15985290972174043,False
2025-06-04,0.27825306299220137,0.15772101427833882,False
2025-06-05,0.27503885967995145,0.1568935454713093,False
2025-06-06,0.2792244957043837,0.1607221826542562,False
2025-06-09,0.2859106045986565,0.15721714384869123,False
2025-06-10,0.29046185570132604,0.15784129124154955,False
2025-06-11,0.2889703621339268,0.13800550252204205,False
2025-06-12,0.27484221596957253,0.13799572330912152,False
2025-06-13,0.2896002640051369,0.13807971179469522,False
2025-06-16,0.28578339089720495,0.13578993788059682,False
2025-06-17,0.26622609701219935,0.1413643647270855,False
2025-06-18,0.26717117036039095,0.14151483772652934,False
2025-06-20,0.26774087832897386,0.14153480643610591,False
2025-06-23,0.26775970005121963,0.11880199528569829,False
2025-06-24,0.20117608809848941,0.11585605969841635,False
2025-06-25,0.19080260183537545,0.1189685886343453,False
2025-06-26,0.20002823869524608,0.1063967506683422,False
2025-06-27,0.1613044474736497,0.10010756631661803,False
2025-06-30,0.1373476700974764,0.10011358051006498,False
2025-07-01,0.1376065484935357,0.10141548658205445,False
2025-07-02,0.14397531500393232,0.10359740096981078,False
2025-07-03,0.14320811861999874,0.10137617499030277,False
2025-07-07,0.14214380926562883,0.10642136950984465,False
2025-07-08,0.15136840806579827,0.1033944271579032,False
2025-07-09,0.1427828893079372,0.09821014433187117,False
2025-07-10,0.12993272080831245,0.09707618993692348,False
2025-07-11,0.13068340086167454,0.09960016974422528,False
2025-07-14,0.13696610990522193,0.09960339709588789,False
2025-07-15,0.13759790318011408,0.1079177210327113,False
2025-07-16,0.1648392952483099,0.10468474770969179,False
2025-07-17,0.15919471212779127,0.10448694930725877,False
2025-07-18,0.15935924548072228,0.09155766680072211,False
2025-07-21,0.14180959616037964,0.09338240931995626,False
2025-07-22,0.1445882448778512,0.094741935207148,False
2025-07-23,0.14312788344383412,0.09615309800559163,False
2025-07-24,0.14338132948250606,0.10691371647160913,False
2025-07-25,0.15031082348113195,0.10291455475167699,False
2025-07-28,0.14074119800996102,0.0985407668101618,False
2025-07-29,0.13800858751833375,0.09921035328196767,False
2025-07-30,0.13438852738599585,0.10492600703866117,False
2025-07-31,0.15099287856111382,0.10608902017023579,False
2025-08-01,0.14647979196095745,0.1069524637123749,False
2025-08-04,0.1477191412762207,0.1124794620720469,False
2025-08-05,0.16041083640356826,0.11063138632087043,False
2025-08-06,0.1481954157608075,0.1101035741463076,False
2025-08-07,0.14716470057614786,0.10975889525098124,False
2025-08-08,0.1409232054723452,0.10847301175901461,False
2025-08-11,0.1392552466546938,0.10770835229056772,False
2025-08-12,0.13618793766515047,0.11601253366269718,False
2025-08-13,0.14605595449325479,0.11745308874134261,False
2025-08-14,0.14021301227153793,0.11885073991006764,False
2025-08-15,0.1447537801898707,0.11536211486395888,False
2025-08-18,0.14012341930926175,0.11542602637069611,False
2025-08-19,0.14475276290083808,0.11560186617088528,False
2025-08-20,0.14027971939150674,0.111827272684199,False
2025-08-21,0.13436179058838338,0.10623566485292266,False
2025-08-22,0.13018437662471163,0.12353962599787274,False
2025-08-25,0.16162932006580708,0.12496399591791428,False
2025-08-26,0.16848055403634138,0.12531119353036757,False
2025-08-27,0.16796974824021962,0.12550141979531917,False
2025-08-28,0.17441510453503906,0.12110113679152752,False
2025-08-29,0.16730254559199942,0.1164375473679529,False
2025-09-01,0.15904943970204533,2.04748866729825,True
2025-09-02,0.2947872722377842,2.941330926417325,True
2025-09-03,0.2973382306580829,2.941397114789105,True
2025-09-04,0.29827528401685144,2.941340838867688,True
2025-09-05,0.2994670426489218,2.9412717682633636,True
2025-09-08,0.3005342668413906,2.9412757718509166,True
2025-09-09,0.30207423260285304,2.9412740418216794,True
2025-09-10,0.30201094362238706,2.941037417811622,True
2025-09-11,0.3028111997868667,2.941044175159972,True
2025-09-12,0.30316816469465985,2.9410005964438826,True
2025-09-15,0.3024425751921181,2.940993719546628,True
2025-09-16,0.30206757829330344,2.9409939200412656,True
2025-09-17,0.3022993712249266,2.9409691265485733,True
2025-09-18,0.30208178555927434,2.941049784553945,True
2025-09-19,0.30249226841230425,2.941071874654675,True
2025-09-22,0.30258080612289495,2.940249750424569,True
2025-09-23,0.30019804816467904,2.940178768957979,True
2025-09-24,0.2998330064922612,2.940160327617424,True
2025-09-25,0.29898721371286047,2.940302039499363,True
2025-09-26,0.2989525622354112,2.940434817550146,True
2025-09-29,0.299239832099214,2.94039755810291,True
2025-09-30,0.29824295211104845,2.0158005693272414,True
2025-10-01,0.29557663896676395,0.07428053742782159,False
2025-10-02,0.09325871778667011,0.0710052663257602,False
2025-10-03,0.08556570180340461,0.07065043605317799,False
2025-10-06,0.08295281602576454,0.07150757455865298,False
2025-10-07,0.08222835577562469,0.07215816556271913,False
2025-10-08,0.07950738132652031,0.07021218747969625,False
2025-10-09,0.07876968072791685,0.07269410745564103,False
2025-10-10,0.08532515012590272,0.1191087860272068,True
2025-10-13,0.15202836514244092,0.12723114811608371,False
2025-10-14,0.15881380244559107,0.12820084566230094,False
2025-10-15,0.16074866271983934,0.128530998487115,False
2025-10-16,0.15708327624337062,0.13782801454663596,False
2025-10-17,0.17081124675810214,0.13564849691044603,False
2025-10-20,0.1751572568498126,0.13998962323193848,False
2025-10-21,0.18498391637122932,0.14037614853944325,False
2025-10-22,0.18109947978358762,0.1414806567119529,False
2025-10-23,0.1777385606844331,0.14386675699043688,False
2025-10-24,0.17548925198249535,0.14071915122187675,False
2025-10-27,0.16778970632858173,0.139573601385,False
2025-10-28,0.1616847233565238,0.14126996754402485,False
2025-10-29,0.1684564618090596,0.14385465696014427,False
2025-10-30,0.17295792433000587,0.14612971140534292,False
2025-10-31,0.17400189983361516,0.14540178484785088,False
2025-11-03,0.17554370423099996,0.14580927594635548,False
2025-11-04,0.17513118546504947,0.1491181525302203,False
2025-11-05,0.17584219133943546,0.15370834633761385,False
2025-11-06,0.18035666924868224,0.1564210598901581,False
2025-11-07,0.17914293559699881,0.15874031842841305,False
2025-11-10,0.18177042137103952,0.1324613130352737,False
2025-11-11,0.1393473393195667,0.12547083361441858,False
2025-11-12,0.1386802870451839,0.12396624363544208,False
2025-11-13,0.13525338619242347,0.13309134518947355,False
2025-11-14,0.1514375085431098,0.1252985887470765,False
2025-11-17,0.13353416212482946,0.13664282824491372,True
2025-11-18,0.1495279757114478,0.12962304350382436,False
2025-11-19,0.13416690066739081,0.1299505029033741,False
2025-11-20,0.13772968937980548,0.1388154133184151,True
2025-11-21,0.15189985426597416,0.14604077551089137,False
2025-11-24,0.18088792235304424,0.14706414719256833,False
2025-11-25,0.17734811620374522,0.15175562430090664,False
2025-11-26,0.1907326654392159,0.153735079523203,False
2025-11-27,0.19517216820295466,1.9412752588164415,True
2025-11-28,0.25591350231019855,2.828541235767044,True
2025-12-01,0.2593357899757339,2.8286548938201572,True
2025-12-02,0.25958232598903624,2.8285910734114963,True
2025-12-03,0.2590184533123387,2.8284558262659734,True
2025-12-04,0.2595318198924206,2.8283120449764234,True
2025-12-05,0.2576417561224997,2.8280468388245623,True
2025-12-08,0.2575940259618077,2.8280162936412214,True
2025-12-09,0.25716138789279613,2.827788518286837,True
2025-12-10,0.25735458978223635,2.8280343527487446,True
2025-12-11,0.25720539474477044,2.8281336848784018,True
2025-12-12,0.2573805349314929,2.8277133143011093,True
2025-12-15,0.25676697787710995,2.8277607385803583,True
2025-12-16,0.25669900348245583,2.8273185246103996,True
2025-12-17,0.25634704387136775,2.827440728873903,True
2025-12-18,0.2567300347216665,2.8273766348861415,True
2025-12-19,0.25614606262906486,2.8267556190485954,True
2025-12-22,0.2540992761575319,2.8265574635118256,True
2025-12-23,0.2536251860469471,2.826543883407421,True
2025-12-24,0.25451083896576115,2.8263437846926087,True
2025-12-25,0.25365028348304874,3.4840445709089227,True
2025-12-26,0.25721863777979775,3.533504158666906,True
2025-12-29,0.25639151932362936,2.941359686632852,True
2025-12-30,0.2562179274837606,2.941207072238848,True
2025-12-31,0.2559481270063767,2.941306122246634,True
2026-01-01,0.257054124025282,3.605123376999474,True
2026-01-02,0.2672952884911326,4.242271506210978,True
2026-01-05,0.2752364852680718,4.242313325988776,True
2026-01-06,0.2751016402036657,4.2423911281880144,True
2026-01-07,0.2741928386856333,4.242658181147034,True
2026-01-08,0.27382860048572844,4.242623568100467,True
2026-01-09,0.2734321680303563,4.242636108695208,True
2026-01-12,0.2724694952513573,4.242553161623113,True
2026-01-13,0.27237551230525864,4.242512272774853,True
2026-01-14,0.2725227200519157,4.242460796511721,True
2026-01-15,0.2735385104819306,4.242328488964318,True
2026-01-16,0.27398638485530813,4.2423561212457965,True
2026-01-19,0.2737000574596916,4.858214670908932,True
2026-01-20,0.2855286479148344,5.427994898752351,True
2026-01-21,0.28990693320543315,5.428148193759572,True
2026-01-22,0.2899360453101921,5.428148917161845,True
2026-01-23,0.28966881097785463,4.9881848322981135,True
2026-01-26,0.2947156766290209,4.563258751388343,True
2026-01-27,0.3007757210494517,4.563227539435255,True
2026-01-28,0.30050088298790656,4.5632241857372176,True
2026-01-29,0.2997430094922981,4.563127348349833,True
2026-01-30,0.3017247177706446,4.000067397547221,True
2026-02-02,0.3059251555654613,3.387714673276721,True
2026-02-03,0.31349207322845385,3.38775002158532,True
2026-02-04,0.3108985777950999,3.3876762379235195,True
2026-02-05,0.3138653641665649,3.3879197958255154,True
2026-02-06,0.3149786470290499,3.3886359932005896,True
2026-02-09,0.3161531846954453,3.388635874358275,True
2026-02-10,0.31825928866819986,3.388649748245067,True
2026-02-11,0.3185518079971402,3.3886599839494793,True
2026-02-12,0.3192271403648287,3.3889015237008393,True
2026-02-13,0.3191266834100144,3.3889796211963095,True
2026-02-16,0.319043840675745,4.135076491892085,True
2026-02-17,0.3156166116834356,4.124793369154848,True
2026-02-18,0.30797038954201195,3.41808791101886,True
2026-02-19,0.3114398736875706,3.417791707738978,True
2026-02-20,0.3108681745775684,3.4177830149297272,True
2026-02-23,0.31245535805163493,3.417934005326248,True
2026-02-24,0.3124604810520048,3.417949358033891,True
2026-02-25,0.31262771986009974,3.4179273089815805,True
2026-02-26,0.31284270405942854,3.417943167522698,True
2026-02-27,0.3130129713084006,3.417944481090489,True
2026-03-02,0.31277896506980024,3.4179273867669617,True
2026-03-03,0.31167898370989705,3.4182553839092873,True
2026-03-04,0.3118587505793549,3.4182143603847526,True
2026-03-05,0.3096142311576396,3.4183187859234336,True
2026-03-06,0.3108213372491199,3.4180102637409786,True
2026-03-09,0.31056980600938866,3.417001040038866,True
2026-03-10,0.30967844328536265,3.4168904475998034,True
2026-03-11,0.3099538703344557,3.4169066299725572,True
2026-03-12,0.31126983963804933,3.4169231954142,True
2026-03-13,0.3125560413566086,3.41665567401326,True
2026-03-16,0.3125691387109417,3.4165815696855675,True
2026-03-17,0.3124108269616817,2.353729386716169,True
2026-03-18,0.30979977381130563,0.10601598208882843,False
2026-03-19,0.1116281698214265,0.1052991791127856,False
2026-03-20,0.11334814477039504,0.1202605570815119,True
2026-03-23,0.13315727224277984,0.12560008225504854,False
2026-03-24,0.14227745816838,0.12638172128779926,False
2026-03-25,0.15144356076133064,0.13018475723218395,False
2026-03-26,0.15287042444819324,0.13453867901098282,False
2026-03-27,0.15187992554019042,0.13700757394106877,False
2026-03-30,0.1547908447252192,0.13792374292535056,False
2026-03-31,0.15658602233596308,0.15780141179505477,False
2026-04-01,0.18674622166162977,0.15374679455034684,False
2026-04-02,0.17870914092560974,0.15328073275424103,False
2026-04-03,0.17742094961924493,2.3703537593965716,True
2026-04-06,0.31077395285940546,3.4363681632586225,True
2026-04-07,0.3127789395981265,3.4363316904978314,True
2026-04-08,0.31315002852419,3.436732240489665,True
2026-04-09,0.31147584052888533,3.436763469807948,True
2026-04-10,0.3122282036790236,3.436690491256229,True
2026-04-13,0.3128879567364451,3.4368542268040185,True
2026-04-14,0.3139687694393802,3.436815119802059,True
2026-04-15,0.31401200315804423,3.436769806024658,True
2026-04-16,0.31377016116855916,3.4365215498474435,True
2026-04-17,0.31292294647852337,3.4364912444317235,True
2026-04-20,0.31323646620702666,3.4356955813708816,True
2026-04-21,0.31556715005928243,3.435690463687087,True
2026-04-22,0.31516844876358796,3.4356589167498788,True
2026-04-23,0.3150922856031964,3.435504801661077,True
2026-04-24,0.3136909940781223,3.435199403601577,True
2026-04-27,0.3135084593744324,3.434969005396256,True
2026-04-28,0.3128075343357605,3.4348365815163064,True
2026-04-29,0.3126709138328564,3.4341683617270053,True
2026-04-30,0.31230685663184315,3.434746383514744,True
2026-05-01,0.31244652280484503,3.434780619256971,True
2026-05-04,0.31279626385389875,2.3659583370344035,True
2026-05-05,0.3018274479483281,0.10599288626911654,False
2026-05-06,0.12370448566579675,0.10574849021286599,False
2026-05-07,0.11973739623704227,0.10771216825431865,False
2026-05-08,0.11325821732046822,0.10931648437248313,False
2026-05-11,0.11098035411469302,0.1078843036685899,False
2026-05-12,0.0977827786565432,0.10348937346283475,False
2026-05-13,0.09359577685703604,0.10343927564578512,False
2026-05-14,0.09290889778384477,0.10413623846398472,False
2026-05-15,0.09343433969543047,0.10770746677893106,False
2026-05-18,0.10253427460412025,0.10808638861360924,False
2026-05-19,0.1028432720908972,0.10930808765392587,False
2026-05-20,0.10189752488716367,0.11072285541041099,False
2026-05-21,0.10115786561061671,0.11072967951452392,False
2026-05-22,0.10272755398244574,0.11432078397670478,False
2026-05-25,0.112411643415199,2.3081245189123663,True
2026-05-26,0.2545124728830441,3.3411809205192173,True
2026-05-27,0.2645565018701087,3.341153515257101,True
2026-05-28,0.26486952873864295,3.3411399382158953,True
2026-05-29,0.2650847231696304,3.3406137205671853,True
2026-06-01,0.2648930547361409,3.340784188379928,True
2026-06-02,0.26426660181817946,3.3407810288147126,True
2026-06-03,0.2632948558204928,3.34089052732558,True
2026-06-04,0.26387156142517043,3.3409252810403935,True
2026-06-05,0.26436235196102964,3.3413945832377574,True
2026-06-08,0.2633784378067707,3.341264302384125,True
2026-06-09,0.2633494002354619,3.341179793174986,True
2026-06-10,0.2619961660022375,3.3413020531429836,True
2026-06-11,0.26104624880378535,3.3419762988964585,True
2026-06-12,0.26190428719665565,3.342029477312167,True
2026-06-15,0.26328588050461904,3.3418391615561536,True
2026-06-16,0.2631421667745744,3.34193302377892,True
2026-06-17,0.2636125965775976,3.3421241112848024,True
2026-06-18,0.2642536995581752,3.342002633560027,True
2026-06-19,0.26412723921344444,3.955108737036132,True
2026-06-22,0.2542472359530258,4.532813146254223,True
2026-06-23,0.24470392652881054,3.841884744672316,True
2026-06-24,0.2302519604746666,3.065242275514732,True
2026-06-25,0.19249510831325548,3.0653874763070297,True
2026-06-26,0.19242110840762314,3.065385985456464,True
2026-06-29,0.19298900627862745,3.0655045955532105,True
2026-06-30,0.19236146606115945,3.065354054810198,True
2026-07-01,0.19228910312303124,3.065263043126984,True
2026-07-02,0.19323482562892663,3.065214620234299,True
2026-07-03,0.19274457678624915,3.75398856869027,True
2026-07-06,0.19316208592128195,4.389492217069848,True
2026-07-07,0.19217833962413647,4.389503990003176,True
2026-07-08,0.19174760025354498,4.389549533239433,True
2026-07-09,0.19142561824411788,4.389444260240142,True
2026-07-10,0.19162489602086363,4.388946506355359,True
2026-07-13,0.19140241241695397,4.388839764033511,True
2026-07-14,0.19190765004930482,4.388844099230999,True
2026-07-15,0.19279997722787381,4.388789041609241,True
2026-07-16,0.19312367753601126,4.388643107211075,True
2026-07-17,0.1927715686330953,4.3886421494741885,True
2026-07-20,0.19294767817865635,3.786959385106161,True
2026-07-21,0.19244448935609676,3.1438415884949915,True
2026-07-22,0.1912515717541598,3.143799390854289,True
2026-07-23,0.19031497519209573,3.143844467784037,True
2026-07-24,0.19116589126696648,3.143748867259486,True
2026-07-27,0.19157301939068921,3.143719109351873,True
2026-07-28,0.1915807764720342,3.143628605035085,True
2026-07-29,0.19166897862911372,3.144117134295236,True
2026-07-30,0.19169752667927858,3.144466941565462,True
2026-07-31,0.19202909992886139,3.1444102953922846,True
