rebalance_date,ticker,bucket
2008-09-30,AFL,5
2008-09-30,CPB,5
2008-09-30,DVN,5
2008-09-30,DVY,5
2008-09-30,GIS,5
2008-09-30,HPQ,5
2008-09-30,IBM,5
2008-09-30,ICL,5
2008-09-30,JNJ,5
2008-09-30,JPM,5
2008-09-30,LMT,5
2008-09-30,MOS,5
2008-09-30,MSFT,5
2008-09-30,NKE,5
2008-09-30,O,5
2008-09-30,REGN,5
2008-09-30,SCHW,5
2008-09-30,SO,5
2008-09-30,VUG,5
2008-09-30,VZ,5
2008-09-30,WM,5
2008-09-30,AMD,1
2008-09-30,ANDE,1
2008-09-30,BA,1
2008-09-30,BX,1
2008-09-30,CAG,1
2008-09-30,DE,1
2008-09-30,FITB,1
2008-09-30,GSAT,1
2008-09-30,HON,1
2008-09-30,LXU,1
2008-09-30,MO,1
2008-09-30,MRK,1
2008-09-30,MU,1
2008-09-30,NEE,1
2008-09-30,NVDA,1
2008-09-30,PLD,1
2008-09-30,RF,1
2008-09-30,SHEL,1
2008-09-30,SMG,1
2008-09-30,STM,1
2008-09-30,UNH,1
2008-09-30,VLO,1
2008-10-31,CB,5
2008-10-31,CPB,5
2008-10-31,DVN,5
2008-10-31,GIS,5
2008-10-31,HEI,5
2008-10-31,IBM,5
2008-10-31,ICL,5
2008-10-31,JNJ,5
2008-10-31,JPM,5
2008-10-31,MCD,5
2008-10-31,MCHP,5
2008-10-31,NUE,5
2008-10-31,O,5
2008-10-31,ORCL,5
2008-10-31,REGN,5
2008-10-31,SO,5
2008-10-31,T,5
2008-10-31,TRV,5
2008-10-31,VIG,5
2008-10-31,VUG,5
2008-10-31,WM,5
2008-10-31,ALL,1
2008-10-31,AMD,1
2008-10-31,ANDE,1
2008-10-31,BX,1
2008-10-31,C,1
2008-10-31,CAT,1
2008-10-31,FITB,1
2008-10-31,GSAT,1
2008-10-31,HON,1
2008-10-31,KO,1
2008-10-31,LLY,1
2008-10-31,LRCX,1
2008-10-31,LXU,1
2008-10-31,NOC,1
2008-10-31,NVDA,1
2008-10-31,PEP,1
2008-10-31,PLD,1
2008-10-31,STLD,1
2008-10-31,STM,1
2008-10-31,UNH,1
2008-10-31,VLO,1
2008-10-31,XLU,1
2008-11-28,AFL,5
2008-11-28,CB,5
2008-11-28,CVX,5
2008-11-28,FMC,5
2008-11-28,GIS,5
2008-11-28,HPQ,5
2008-11-28,IBM,5
2008-11-28,JNJ,5
2008-11-28,MCD,5
2008-11-28,MMM,5
2008-11-28,O,5
2008-11-28,ORCL,5
2008-11-28,PG,5
2008-11-28,SMG,5
2008-11-28,SO,5
2008-11-28,TDG,5
2008-11-28,TRV,5
2008-11-28,VIG,5
2008-11-28,VUG,5
2008-11-28,VZ,5
2008-11-28,XBI,5
2008-11-28,AEP,1
2008-11-28,AMD,1
2008-11-28,ANDE,1
2008-11-28,BA,1
2008-11-28,BAC,1
2008-11-28,BX,1
2008-11-28,C,1
2008-11-28,CAG,1
2008-11-28,DD,1
2008-11-28,DE,1
2008-11-28,FITB,1
2008-11-28,GSAT,1
2008-11-28,MO,1
2008-11-28,MRK,1
2008-11-28,MU,1
2008-11-28,NOC,1
2008-11-28,NVDA,1
2008-11-28,PLD,1
2008-11-28,STLD,1
2008-11-28,TTMI,1
2008-11-28,UNH,1
2008-11-28,VLO,1
2008-12-31,ALL,5
2008-12-31,BMY,5
2008-12-31,CB,5
2008-12-31,GIS,5
2008-12-31,HEI,5
2008-12-31,IBM,5
2008-12-31,LMT,5
2008-12-31,MCD,5
2008-12-31,NUE,5
2008-12-31,O,5
2008-12-31,ORCL,5
2008-12-31,RTX,5
2008-12-31,SMCI,5
2008-12-31,SO,5
2008-12-31,TDW,5
2008-12-31,TRV,5
2008-12-31,VIG,5
2008-12-31,VUG,5
2008-12-31,VZ,5
2008-12-31,XBI,5
2008-12-31,XOM,5
2008-12-31,AMD,1
2008-12-31,BA,1
2008-12-31,BAC,1
2008-12-31,C,1
2008-12-31,DD,1
2008-12-31,DE,1
2008-12-31,DVY,1
2008-12-31,FITB,1
2008-12-31,GSAT,1
2008-12-31,HMC,1
2008-12-31,IYR,1
2008-12-31,KO,1
2008-12-31,LRCX,1
2008-12-31,LXU,1
2008-12-31,MRK,1
2008-12-31,NVDA,1
2008-12-31,PEP,1
2008-12-31,RF,1
2008-12-31,STM,1
2008-12-31,TDG,1
2008-12-31,VLO,1
2008-12-31,XLE,1
2008-12-31,XLF,1
2008-12-31,XLU,1
2008-12-31,XLV,1
2009-01-30,BMY,5
2009-01-30,CB,5
2009-01-30,CPB,5
2009-01-30,D,5
2009-01-30,FMC,5
2009-01-30,GIS,5
2009-01-30,HEI,5
2009-01-30,IBM,5
2009-01-30,JNJ,5
2009-01-30,MCD,5
2009-01-30,MU,5
2009-01-30,O,5
2009-01-30,ORCL,5
2009-01-30,QQQ,5
2009-01-30,SCHW,5
2009-01-30,SMG,5
2009-01-30,SO,5
2009-01-30,TRV,5
2009-01-30,VIG,5
2009-01-30,VZ,5
2009-01-30,XOM,5
2009-01-30,AEP,1
2009-01-30,AMD,1
2009-01-30,ANDE,1
2009-01-30,BA,1
2009-01-30,BAC,1
2009-01-30,C,1
2009-01-30,CAT,1
2009-01-30,DD,1
2009-01-30,DE,1
2009-01-30,FITB,1
2009-01-30,GSAT,1
2009-01-30,KO,1
2009-01-30,LXU,1
2009-01-30,MRK,1
2009-01-30,PEP,1
2009-01-30,PFE,1
2009-01-30,PLD,1
2009-01-30,RF,1
2009-01-30,SMCI,1
2009-01-30,STM,1
2009-01-30,TGT,1
2009-01-30,VLO,1
2009-02-27,BMY,5
2009-02-27,CB,5
2009-02-27,CVX,5
2009-02-27,CW,5
2009-02-27,GIS,5
2009-02-27,IBM,5
2009-02-27,MCD,5
2009-02-27,MCHP,5
2009-02-27,MKC,5
2009-02-27,O,5
2009-02-27,ORCL,5
2009-02-27,QQQ,5
2009-02-27,SCHW,5
2009-02-27,SMG,5
2009-02-27,SO,5
2009-02-27,TDG,5
2009-02-27,TRV,5
2009-02-27,VIG,5
2009-02-27,VZ,5
2009-02-27,XBI,5
2009-02-27,XOM,5
2009-02-27,AMD,1
2009-02-27,ANDE,1
2009-02-27,BA,1
2009-02-27,BAC,1
2009-02-27,C,1
2009-02-27,CAG,1
2009-02-27,CAT,1
2009-02-27,DD,1
2009-02-27,DE,1
2009-02-27,DVN,1
2009-02-27,FITB,1
2009-02-27,GSAT,1
2009-02-27,HBAN,1
2009-02-27,MRK,1
2009-02-27,PG,1
2009-02-27,PLD,1
2009-02-27,SMCI,1
2009-02-27,STM,1
2009-02-27,TGT,1
2009-02-27,TTMI,1
2009-02-27,VLO,1
2009-02-27,XLU,1
2009-03-31,AMD,5
2009-03-31,BAC,5
2009-03-31,BMY,5
2009-03-31,C,5
2009-03-31,CVX,5
2009-03-31,FITB,5
2009-03-31,GIS,5
2009-03-31,IBM,5
2009-03-31,IRDM,5
2009-03-31,LMT,5
2009-03-31,LXU,5
2009-03-31,MCD,5
2009-03-31,MO,5
2009-03-31,O,5
2009-03-31,ORCL,5
2009-03-31,QQQ,5
2009-03-31,SBUX,5
2009-03-31,SMG,5
2009-03-31,TDG,5
2009-03-31,VIG,5
2009-03-31,XBI,5
2009-03-31,AEP,1
2009-03-31,ALL,1
2009-03-31,ANDE,1
2009-03-31,BAYRY,1
2009-03-31,CAT,1
2009-03-31,COST,1
2009-03-31,DVN,1
2009-03-31,GD,1
2009-03-31,GSAT,1
2009-03-31,HBAN,1
2009-03-31,HEI,1
2009-03-31,HON,1
2009-03-31,MOS,1
2009-03-31,PEP,1
2009-03-31,PG,1
2009-03-31,REGN,1
2009-03-31,RF,1
2009-03-31,SMCI,1
2009-03-31,STM,1
2009-03-31,VLO,1
2009-03-31,VNQ,1
2009-03-31,XLF,1
2009-04-30,AFL,5
2009-04-30,BMY,5
2009-04-30,BX,5
2009-04-30,DD,5
2009-04-30,GIS,5
2009-04-30,IBM,5
2009-04-30,IRDM,5
2009-04-30,LMT,5
2009-04-30,MO,5
2009-04-30,NEE,5
2009-04-30,O,5
2009-04-30,ORCL,5
2009-04-30,QQQ,5
2009-04-30,SBUX,5
2009-04-30,SCHW,5
2009-04-30,SMG,5
2009-04-30,STM,5
2009-04-30,TDG,5
2009-04-30,TDW,5
2009-04-30,UNH,5
2009-04-30,VIG,5
2009-04-30,AEP,1
2009-04-30,ANDE,1
2009-04-30,BA,1
2009-04-30,BAC,1
2009-04-30,BAYRY,1
2009-04-30,C,1
2009-04-30,CAT,1
2009-04-30,COST,1
2009-04-30,CPB,1
2009-04-30,DVN,1
2009-04-30,HEI,1
2009-04-30,HON,1
2009-04-30,ICL,1
2009-04-30,KO,1
2009-04-30,MOS,1
2009-04-30,MRK,1
2009-04-30,PEP,1
2009-04-30,PLD,1
2009-04-30,REGN,1
2009-04-30,RF,1
2009-04-30,SMCI,1
2009-04-30,T,1
2009-04-30,VLO,1
2009-05-29,AMD,5
2009-05-29,ANDE,5
2009-05-29,BMY,5
2009-05-29,FITB,5
2009-05-29,HBAN,5
2009-05-29,HEI,5
2009-05-29,IRDM,5
2009-05-29,LXU,5
2009-05-29,MCD,5
2009-05-29,NEE,5
2009-05-29,O,5
2009-05-29,ORCL,5
2009-05-29,PFE,5
2009-05-29,QQQ,5
2009-05-29,SHEL,5
2009-05-29,SMCI,5
2009-05-29,SMG,5
2009-05-29,TDG,5
2009-05-29,UNH,5
2009-05-29,VIG,5
2009-05-29,XOM,5
2009-05-29,AEP,1
2009-05-29,ALL,1
2009-05-29,AMAT,1
2009-05-29,BAC,1
2009-05-29,BAYRY,1
2009-05-29,C,1
2009-05-29,CAT,1
2009-05-29,COST,1
2009-05-29,CVX,1
2009-05-29,CW,1
2009-05-29,DD,1
2009-05-29,DE,1
2009-05-29,GIS,1
2009-05-29,HON,1
2009-05-29,LLY,1
2009-05-29,LRCX,1
2009-05-29,PEP,1
2009-05-29,PG,1
2009-05-29,PLD,1
2009-05-29,RF,1
2009-05-29,T,1
2009-05-29,VLO,1
2009-05-29,XBI,1
2009-06-30,BAC,5
2009-06-30,BLK,5
2009-06-30,BMY,5
2009-06-30,CF,5
2009-06-30,CVX,5
2009-06-30,GIS,5
2009-06-30,HEI,5
2009-06-30,IRDM,5
2009-06-30,JPM,5
2009-06-30,LXU,5
2009-06-30,MCD,5
2009-06-30,MKC,5
2009-06-30,O,5
2009-06-30,ORCL,5
2009-06-30,QQQ,5
2009-06-30,REGN,5
2009-06-30,SBUX,5
2009-06-30,SMCI,5
2009-06-30,SO,5
2009-06-30,VIG,5
2009-06-30,XOM,5
2009-06-30,AFL,1
2009-06-30,ALL,1
2009-06-30,AMD,1
2009-06-30,BAYRY,1
2009-06-30,C,1
2009-06-30,CAT,1
2009-06-30,COST,1
2009-06-30,DE,1
2009-06-30,DVN,1
2009-06-30,GSAT,1
2009-06-30,HON,1
2009-06-30,ICL,1
2009-06-30,IPI,1
2009-06-30,LLY,1
2009-06-30,LRCX,1
2009-06-30,MOS,1
2009-06-30,PG,1
2009-06-30,PLD,1
2009-06-30,RF,1
2009-06-30,TTMI,1
2009-06-30,VLO,1
2009-06-30,XLP,1
2009-06-30,XLU,1
2009-07-31,BEN,5
2009-07-31,CAG,5
2009-07-31,CAT,5
2009-07-31,CB,5
2009-07-31,CVX,5
2009-07-31,DD,5
2009-07-31,FITB,5
2009-07-31,HEI,5
2009-07-31,HMC,5
2009-07-31,JPM,5
2009-07-31,MU,5
2009-07-31,O,5
2009-07-31,QQQ,5
2009-07-31,REGN,5
2009-07-31,SBUX,5
2009-07-31,SO,5
2009-07-31,UNH,5
2009-07-31,VIG,5
2009-07-31,VZ,5
2009-07-31,XOM,5
2009-07-31,AMD,1
2009-07-31,ANDE,1
2009-07-31,BAC,1
2009-07-31,BAYRY,1
2009-07-31,BX,1
2009-07-31,C,1
2009-07-31,DVN,1
2009-07-31,GD,1
2009-07-31,GIS,1
2009-07-31,GSAT,1
2009-07-31,HBAN,1
2009-07-31,IPI,1
2009-07-31,LLY,1
2009-07-31,LMT,1
2009-07-31,MCD,1
2009-07-31,MKC,1
2009-07-31,MOS,1
2009-07-31,PEP,1
2009-07-31,PLD,1
2009-07-31,SMCI,1
2009-07-31,STM,1
2009-07-31,VLO,1
2009-07-31,XLV,1
2009-08-31,BEN,5
2009-08-31,BMY,5
2009-08-31,C,5
2009-08-31,CAG,5
2009-08-31,CF,5
2009-08-31,HEI,5
2009-08-31,HPQ,5
2009-08-31,ICL,5
2009-08-31,IRDM,5
2009-08-31,MU,5
2009-08-31,NEE,5
2009-08-31,O,5
2009-08-31,QQQ,5
2009-08-31,REGN,5
2009-08-31,SHEL,5
2009-08-31,TDG,5
2009-08-31,TRV,5
2009-08-31,UNH,5
2009-08-31,VYM,5
2009-08-31,XOM,5
2009-08-31,AFL,1
2009-08-31,AMAT,1
2009-08-31,ANDE,1
2009-08-31,BAYRY,1
2009-08-31,BX,1
2009-08-31,CW,1
2009-08-31,DE,1
2009-08-31,GSAT,1
2009-08-31,HBAN,1
2009-08-31,IPI,1
2009-08-31,LLY,1
2009-08-31,LMT,1
2009-08-31,LXU,1
2009-08-31,MKC,1
2009-08-31,MOS,1
2009-08-31,PG,1
2009-08-31,PLD,1
2009-08-31,SCHW,1
2009-08-31,SMCI,1
2009-08-31,TDW,1
2009-08-31,TTMI,1
2009-08-31,VLO,1
2009-08-31,XBI,1
2009-09-30,AMD,5
2009-09-30,ANDE,5
2009-09-30,BAYRY,5
2009-09-30,BEN,5
2009-09-30,BLK,5
2009-09-30,BMY,5
2009-09-30,BX,5
2009-09-30,CAG,5
2009-09-30,CAT,5
2009-09-30,COST,5
2009-09-30,DD,5
2009-09-30,HEI,5
2009-09-30,IRDM,5
2009-09-30,KO,5
2009-09-30,NEE,5
2009-09-30,O,5
2009-09-30,QQQ,5
2009-09-30,SHEL,5
2009-09-30,TDG,5
2009-09-30,TDW,5
2009-09-30,VIG,5
2009-09-30,AEP,1
2009-09-30,AMAT,1
2009-09-30,BAC,1
2009-09-30,C,1
2009-09-30,CPB,1
2009-09-30,CW,1
2009-09-30,DE,1
2009-09-30,FITB,1
2009-09-30,GSAT,1
2009-09-30,HBAN,1
2009-09-30,HMC,1
2009-09-30,ICL,1
2009-09-30,IPI,1
2009-09-30,LLY,1
2009-09-30,LMT,1
2009-09-30,MOS,1
2009-09-30,ORCL,1
2009-09-30,PEP,1
2009-09-30,PLD,1
2009-09-30,REGN,1
2009-09-30,RF,1
2009-09-30,VLO,1
2009-09-30,XOM,1
2009-10-30,BAYRY,5
2009-10-30,BEN,5
2009-10-30,BLK,5
2009-10-30,BX,5
2009-10-30,CAG,5
2009-10-30,CAT,5
2009-10-30,CVX,5
2009-10-30,D,5
2009-10-30,DE,5
2009-10-30,GOOGL,5
2009-10-30,HMC,5
2009-10-30,IPI,5
2009-10-30,KO,5
2009-10-30,LRCX,5
2009-10-30,PLD,5
2009-10-30,QQQ,5
2009-10-30,SHEL,5
2009-10-30,SMCI,5
2009-10-30,TDG,5
2009-10-30,UNH,5
2009-10-30,VIG,5
2009-10-30,AMD,1
2009-10-30,ANDE,1
2009-10-30,BAC,1
2009-10-30,C,1
2009-10-30,CPB,1
2009-10-30,CW,1
2009-10-30,DD,1
2009-10-30,DVN,1
2009-10-30,HBAN,1
2009-10-30,HEI,1
2009-10-30,IRDM,1
2009-10-30,JNJ,1
2009-10-30,LMT,1
2009-10-30,NEE,1
2009-10-30,NUE,1
2009-10-30,O,1
2009-10-30,PEP,1
2009-10-30,PG,1
2009-10-30,REGN,1
2009-10-30,RF,1
2009-10-30,STM,1
2009-10-30,TDW,1
2009-10-30,XBI,1
2009-11-30,AMD,5
2009-11-30,ANDE,5
2009-11-30,BAYRY,5
2009-11-30,BEN,5
2009-11-30,BLK,5
2009-11-30,BX,5
2009-11-30,CAG,5
2009-11-30,DE,5
2009-11-30,GSAT,5
2009-11-30,ICL,5
2009-11-30,MRK,5
2009-11-30,PLD,5
2009-11-30,QQQ,5
2009-11-30,RTX,5
2009-11-30,SMCI,5
2009-11-30,STLD,5
2009-11-30,TDG,5
2009-11-30,TDW,5
2009-11-30,UNH,5
2009-11-30,VYM,5
2009-11-30,XLE,5
2009-11-30,ALL,1
2009-11-30,AMAT,1
2009-11-30,C,1
2009-11-30,CB,1
2009-11-30,CW,1
2009-11-30,DVN,1
2009-11-30,GD,1
2009-11-30,GIS,1
2009-11-30,HBAN,1
2009-11-30,IRDM,1
2009-11-30,JNJ,1
2009-11-30,LXU,1
2009-11-30,MKC,1
2009-11-30,NUE,1
2009-11-30,PEP,1
2009-11-30,PFE,1
2009-11-30,SMG,1
2009-11-30,SO,1
2009-11-30,STM,1
2009-11-30,TGT,1
2009-11-30,VLO,1
2009-11-30,VNQ,1
2009-11-30,XBI,1
2009-12-31,AEP,5
2009-12-31,AMD,5
2009-12-31,BEN,5
2009-12-31,BLK,5
2009-12-31,BX,5
2009-12-31,CAG,5
2009-12-31,D,5
2009-12-31,DD,5
2009-12-31,DVN,5
2009-12-31,DVY,5
2009-12-31,GIS,5
2009-12-31,GSAT,5
2009-12-31,HMC,5
2009-12-31,LXU,5
2009-12-31,QQQ,5
2009-12-31,RTX,5
2009-12-31,SBUX,5
2009-12-31,TDG,5
2009-12-31,TDW,5
2009-12-31,UNH,5
2009-12-31,VNQ,5
2009-12-31,BA,1
2009-12-31,BAC,1
2009-12-31,C,1
2009-12-31,CAT,1
2009-12-31,CPB,1
2009-12-31,CVX,1
2009-12-31,FITB,1
2009-12-31,FMC,1
2009-12-31,HBAN,1
2009-12-31,HON,1
2009-12-31,IPI,1
2009-12-31,IRDM,1
2009-12-31,JNJ,1
2009-12-31,LLY,1
2009-12-31,LMT,1
2009-12-31,MCD,1
2009-12-31,NEE,1
2009-12-31,O,1
2009-12-31,PEP,1
2009-12-31,PFE,1
2009-12-31,PG,1
2009-12-31,RF,1
2009-12-31,SMG,1
2009-12-31,SO,1
2009-12-31,VYM,1
2010-01-29,AEP,5
2010-01-29,AMD,5
2010-01-29,ANDE,5
2010-01-29,BEN,5
2010-01-29,CAG,5
2010-01-29,CF,5
2010-01-29,DD,5
2010-01-29,FITB,5
2010-01-29,GSAT,5
2010-01-29,HBAN,5
2010-01-29,MRK,5
2010-01-29,O,5
2010-01-29,QQQ,5
2010-01-29,RF,5
2010-01-29,SMCI,5
2010-01-29,TDG,5
2010-01-29,TDW,5
2010-01-29,TGT,5
2010-01-29,UNH,5
2010-01-29,VIG,5
2010-01-29,VLO,5
2010-01-29,AMAT,1
2010-01-29,BAYRY,1
2010-01-29,BMY,1
2010-01-29,C,1
2010-01-29,CB,1
2010-01-29,CPB,1
2010-01-29,DVN,1
2010-01-29,DVY,1
2010-01-29,FMC,1
2010-01-29,IBM,1
2010-01-29,IPI,1
2010-01-29,IRDM,1
2010-01-29,IYR,1
2010-01-29,KO,1
2010-01-29,LLY,1
2010-01-29,LMT,1
2010-01-29,LRCX,1
2010-01-29,MCD,1
2010-01-29,NEE,1
2010-01-29,NUE,1
2010-01-29,SCHW,1
2010-01-29,WM,1
2010-01-29,XLU,1
2010-02-26,AMD,5
2010-02-26,ANDE,5
2010-02-26,BAC,5
2010-02-26,BMY,5
2010-02-26,BX,5
2010-02-26,CAG,5
2010-02-26,CAT,5
2010-02-26,CF,5
2010-02-26,DD,5
2010-02-26,DE,5
2010-02-26,DVN,5
2010-02-26,DVY,5
2010-02-26,FITB,5
2010-02-26,GSAT,5
2010-02-26,QQQ,5
2010-02-26,SMCI,5
2010-02-26,UNH,5
2010-02-26,VNQ,5
2010-02-26,XLE,5
2010-02-26,AMAT,1
2010-02-26,BA,1
2010-02-26,BAYRY,1
2010-02-26,CB,1
2010-02-26,CPB,1
2010-02-26,GIS,1
2010-02-26,HMC,1
2010-02-26,HON,1
2010-02-26,IBM,1
2010-02-26,ICL,1
2010-02-26,IRDM,1
2010-02-26,KO,1
2010-02-26,LMT,1
2010-02-26,MKC,1
2010-02-26,NEE,1
2010-02-26,NUE,1
2010-02-26,O,1
2010-02-26,PFE,1
2010-02-26,SCHW,1
2010-02-26,SMG,1
2010-02-26,TDW,1
2010-02-26,TRV,1
2010-02-26,TTMI,1
2010-02-26,VLO,1
2010-03-31,AEP,5
2010-03-31,AFL,5
2010-03-31,AMD,5
2010-03-31,ANDE,5
2010-03-31,BEN,5
2010-03-31,BMY,5
2010-03-31,CAT,5
2010-03-31,D,5
2010-03-31,DD,5
2010-03-31,FITB,5
2010-03-31,GSAT,5
2010-03-31,HBAN,5
2010-03-31,HON,5
2010-03-31,NKE,5
2010-03-31,PLD,5
2010-03-31,QQQ,5
2010-03-31,SBUX,5
2010-03-31,SHEL,5
2010-03-31,SMCI,5
2010-03-31,VLO,5
2010-03-31,VYM,5
2010-03-31,ALL,1
2010-03-31,BAYRY,1
2010-03-31,BLK,1
2010-03-31,CB,1
2010-03-31,DE,1
2010-03-31,DVN,1
2010-03-31,FMC,1
2010-03-31,GIS,1
2010-03-31,HMC,1
2010-03-31,IBM,1
2010-03-31,KO,1
2010-03-31,LMT,1
2010-03-31,MKC,1
2010-03-31,MOS,1
2010-03-31,NEE,1
2010-03-31,O,1
2010-03-31,ORCL,1
2010-03-31,PFE,1
2010-03-31,PG,1
2010-03-31,SCHW,1
2010-03-31,T,1
2010-03-31,TRV,1
2010-03-31,TTMI,1
2010-03-31,VIG,1
2010-04-30,AMD,5
2010-04-30,ANDE,5
2010-04-30,BEN,5
2010-04-30,CAT,5
2010-04-30,DD,5
2010-04-30,DVY,5
2010-04-30,FITB,5
2010-04-30,GSAT,5
2010-04-30,HBAN,5
2010-04-30,LXU,5
2010-04-30,MKC,5
2010-04-30,QQQ,5
2010-04-30,RF,5
2010-04-30,SHEL,5
2010-04-30,SMCI,5
2010-04-30,SO,5
2010-04-30,TDW,5
2010-04-30,TTMI,5
2010-04-30,VNQ,5
2010-04-30,XBI,5
2010-04-30,AMAT,1
2010-04-30,BA,1
2010-04-30,BAYRY,1
2010-04-30,BLK,1
2010-04-30,CB,1
2010-04-30,DE,1
2010-04-30,HMC,1
2010-04-30,IBM,1
2010-04-30,IPI,1
2010-04-30,IRDM,1
2010-04-30,KO,1
2010-04-30,LLY,1
2010-04-30,LMT,1
2010-04-30,MOS,1
2010-04-30,NEE,1
2010-04-30,PLD,1
2010-04-30,SCHW,1
2010-04-30,STM,1
2010-04-30,TRV,1
2010-04-30,VIG,1
2010-04-30,VLO,1
2010-04-30,XLP,1
2010-04-30,XLU,1
2010-05-28,AMD,5
2010-05-28,BEN,5
2010-05-28,CAT,5
2010-05-28,CPB,5
2010-05-28,CVX,5
2010-05-28,DD,5
2010-05-28,DVN,5
2010-05-28,DVY,5
2010-05-28,FITB,5
2010-05-28,GIS,5
2010-05-28,GSAT,5
2010-05-28,HBAN,5
2010-05-28,MRK,5
2010-05-28,O,5
2010-05-28,QQQ,5
2010-05-28,RF,5
2010-05-28,SMCI,5
2010-05-28,TDG,5
2010-05-28,UNH,5
2010-05-28,XOM,5
2010-05-28,ANDE,1
2010-05-28,BA,1
2010-05-28,BAYRY,1
2010-05-28,BLK,1
2010-05-28,BX,1
2010-05-28,C,1
2010-05-28,HMC,1
2010-05-28,IPI,1
2010-05-28,JNJ,1
2010-05-28,KO,1
2010-05-28,LMT,1
2010-05-28,MCD,1
2010-05-28,MOS,1
2010-05-28,NEE,1
2010-05-28,ORCL,1
2010-05-28,PFE,1
2010-05-28,PLD,1
2010-05-28,SCHW,1
2010-05-28,SHEL,1
2010-05-28,STM,1
2010-05-28,TDW,1
2010-05-28,VYM,1
2010-05-28,VZ,1
2010-05-28,XLU,1
2010-06-30,AEP,5
2010-06-30,AMD,5
2010-06-30,BMY,5
2010-06-30,CAT,5
2010-06-30,CB,5
2010-06-30,CPB,5
2010-06-30,DD,5
2010-06-30,DVN,5
2010-06-30,DVY,5
2010-06-30,FITB,5
2010-06-30,IRDM,5
2010-06-30,LRCX,5
2010-06-30,MRK,5
2010-06-30,QQQ,5
2010-06-30,RF,5
2010-06-30,SMCI,5
2010-06-30,TDG,5
2010-06-30,VLO,5
2010-06-30,VNQ,5
2010-06-30,ANDE,1
2010-06-30,BA,1
2010-06-30,BAC,1
2010-06-30,BLK,1
2010-06-30,BX,1
2010-06-30,GOOGL,1
2010-06-30,HMC,1
2010-06-30,IPI,1
2010-06-30,KO,1
2010-06-30,LMT,1
2010-06-30,LXU,1
2010-06-30,NEE,1
2010-06-30,ORCL,1
2010-06-30,PEP,1
2010-06-30,PFE,1
2010-06-30,PLD,1
2010-06-30,SCHW,1
2010-06-30,TDW,1
2010-06-30,TTMI,1
2010-06-30,VIG,1
2010-06-30,XBI,1
2010-06-30,XLP,1
2010-06-30,XLU,1
2010-07-30,AEP,5
2010-07-30,AMD,5
2010-07-30,BEN,5
2010-07-30,CAT,5
2010-07-30,CVX,5
2010-07-30,D,5
2010-07-30,DD,5
2010-07-30,DE,5
2010-07-30,DVY,5
2010-07-30,GSAT,5
2010-07-30,HBAN,5
2010-07-30,KO,5
2010-07-30,LRCX,5
2010-07-30,NKE,5
2010-07-30,QQQ,5
2010-07-30,RF,5
2010-07-30,RTX,5
2010-07-30,SHEL,5
2010-07-30,SMCI,5
2010-07-30,UNH,5
2010-07-30,VNQ,5
2010-07-30,ALL,1
2010-07-30,AMAT,1
2010-07-30,ANDE,1
2010-07-30,BAC,1
2010-07-30,BAYRY,1
2010-07-30,BLK,1
2010-07-30,CB,1
2010-07-30,CPB,1
2010-07-30,GIS,1
2010-07-30,HMC,1
2010-07-30,IRDM,1
2010-07-30,JNJ,1
2010-07-30,LMT,1
2010-07-30,LXU,1
2010-07-30,MU,1
2010-07-30,NEE,1
2010-07-30,NUE,1
2010-07-30,PLD,1
2010-07-30,SCHW,1
2010-07-30,STM,1
2010-07-30,TTMI,1
2010-07-30,VIG,1
2010-07-30,VLO,1
2010-07-30,WM,1
2010-07-30,XLU,1
2010-07-30,XLV,1
2010-08-31,AMD,5
2010-08-31,BEN,5
2010-08-31,BMY,5
2010-08-31,CB,5
2010-08-31,CPB,5
2010-08-31,CVX,5
2010-08-31,D,5
2010-08-31,DE,5
2010-08-31,DVN,5
2010-08-31,DVY,5
2010-08-31,GIS,5
2010-08-31,GSAT,5
2010-08-31,HBAN,5
2010-08-31,LRCX,5
2010-08-31,MCD,5
2010-08-31,MRK,5
2010-08-31,O,5
2010-08-31,QQQ,5
2010-08-31,TDG,5
2010-08-31,UNH,5
2010-08-31,BA,1
2010-08-31,BAC,1
2010-08-31,BLK,1
2010-08-31,BX,1
2010-08-31,C,1
2010-08-31,CAG,1
2010-08-31,HMC,1
2010-08-31,HON,1
2010-08-31,IPI,1
2010-08-31,IRDM,1
2010-08-31,JNJ,1
2010-08-31,LMT,1
2010-08-31,NEE,1
2010-08-31,NUE,1
2010-08-31,PLD,1
2010-08-31,SCHW,1
2010-08-31,STM,1
2010-08-31,TGT,1
2010-08-31,TTMI,1
2010-08-31,VLO,1
2010-08-31,VYM,1
2010-08-31,XBI,1
2010-08-31,XLP,1
2010-08-31,XLU,1
2010-09-30,AMD,5
2010-09-30,BEN,5
2010-09-30,BX,5
2010-09-30,CAT,5
2010-09-30,CVX,5
2010-09-30,D,5
2010-09-30,DE,5
2010-09-30,DVY,5
2010-09-30,FMC,5
2010-09-30,GSAT,5
2010-09-30,IPI,5
2010-09-30,LRCX,5
2010-09-30,MKC,5
2010-09-30,NKE,5
2010-09-30,ORCL,5
2010-09-30,PLD,5
2010-09-30,QQQ,5
2010-09-30,RF,5
2010-09-30,SHEL,5
2010-09-30,SO,5
2010-09-30,UNH,5
2010-09-30,BAC,1
2010-09-30,C,1
2010-09-30,CAG,1
2010-09-30,CPB,1
2010-09-30,CW,1
2010-09-30,DVN,1
2010-09-30,HMC,1
2010-09-30,IRDM,1
2010-09-30,IYR,1
2010-09-30,JNJ,1
2010-09-30,LMT,1
2010-09-30,NEE,1
2010-09-30,NUE,1
2010-09-30,PFE,1
2010-09-30,PG,1
2010-09-30,SCHW,1
2010-09-30,STM,1
2010-09-30,TGT,1
2010-09-30,VYM,1
2010-09-30,WM,1
2010-09-30,XLF,1
2010-09-30,XLU,1
2010-09-30,XLV,1
2010-10-29,AEP,5
2010-10-29,AMD,5
2010-10-29,BEN,5
2010-10-29,D,5
2010-10-29,DE,5
2010-10-29,DVY,5
2010-10-29,FITB,5
2010-10-29,GSAT,5
2010-10-29,HBAN,5
2010-10-29,LRCX,5
2010-10-29,LXU,5
2010-10-29,MCD,5
2010-10-29,MKC,5
2010-10-29,O,5
2010-10-29,ORCL,5
2010-10-29,QQQ,5
2010-10-29,SBUX,5
2010-10-29,SHEL,5
2010-10-29,SO,5
2010-10-29,TDW,5
2010-10-29,UNH,5
2010-10-29,ALL,1
2010-10-29,AMAT,1
2010-10-29,BAC,1
2010-10-29,BLK,1
2010-10-29,CAG,1
2010-10-29,CSCO,1
2010-10-29,CW,1
2010-10-29,DVN,1
2010-10-29,IRDM,1
2010-10-29,LLY,1
2010-10-29,LMT,1
2010-10-29,NEE,1
2010-10-29,NUE,1
2010-10-29,PEP,1
2010-10-29,PFE,1
2010-10-29,PLD,1
2010-10-29,RF,1
2010-10-29,TGT,1
2010-10-29,VIG,1
2010-10-29,VLO,1
2010-10-29,WM,1
2010-10-29,XLU,1
2010-10-29,XLV,1
2010-11-30,BEN,5
2010-11-30,CAT,5
2010-11-30,CB,5
2010-11-30,D,5
2010-11-30,DG,5
2010-11-30,DVY,5
2010-11-30,FITB,5
2010-11-30,FMC,5
2010-11-30,GSAT,5
2010-11-30,HBAN,5
2010-11-30,HEI,5
2010-11-30,KO,5
2010-11-30,LRCX,5
2010-11-30,LXU,5
2010-11-30,MKC,5
2010-11-30,O,5
2010-11-30,QQQ,5
2010-11-30,SO,5
2010-11-30,TTMI,5
2010-11-30,UNH,5
2010-11-30,VLO,5
2010-11-30,XLE,5
2010-11-30,ANDE,1
2010-11-30,BA,1
2010-11-30,BAC,1
2010-11-30,BAYRY,1
2010-11-30,BLK,1
2010-11-30,CAG,1
2010-11-30,CPB,1
2010-11-30,CSCO,1
2010-11-30,GOOGL,1
2010-11-30,HMC,1
2010-11-30,ICL,1
2010-11-30,IPI,1
2010-11-30,IYR,1
2010-11-30,LMT,1
2010-11-30,MRK,1
2010-11-30,NEE,1
2010-11-30,NUE,1
2010-11-30,PFE,1
2010-11-30,RF,1
2010-11-30,SCHW,1
2010-11-30,SHEL,1
2010-11-30,SMCI,1
2010-11-30,VYM,1
2010-11-30,WM,1
2010-11-30,XLU,1
2010-12-31,ANDE,5
2010-12-31,C,5
2010-12-31,CAT,5
2010-12-31,CVX,5
2010-12-31,DE,5
2010-12-31,DVY,5
2010-12-31,FITB,5
2010-12-31,HBAN,5
2010-12-31,IPI,5
2010-12-31,LRCX,5
2010-12-31,LXU,5
2010-12-31,MKC,5
2010-12-31,ORCL,5
2010-12-31,PLD,5
2010-12-31,QQQ,5
2010-12-31,RF,5
2010-12-31,SO,5
2010-12-31,STM,5
2010-12-31,VLO,5
2010-12-31,VZ,5
2010-12-31,XBI,5
2010-12-31,AEP,1
2010-12-31,BA,1
2010-12-31,BAYRY,1
2010-12-31,BLK,1
2010-12-31,BX,1
2010-12-31,CAG,1
2010-12-31,CSCO,1
2010-12-31,DD,1
2010-12-31,DG,1
2010-12-31,DVN,1
2010-12-31,GIS,1
2010-12-31,GOOGL,1
2010-12-31,INTC,1
2010-12-31,IYR,1
2010-12-31,JNJ,1
2010-12-31,MCD,1
2010-12-31,MU,1
2010-12-31,NUE,1
2010-12-31,PEP,1
2010-12-31,SCHW,1
2010-12-31,TRV,1
2010-12-31,VIG,1
2010-12-31,XLV,1
2011-01-31,ANDE,5
2011-01-31,BAYRY,5
2011-01-31,BEN,5
2011-01-31,BX,5
2011-01-31,C,5
2011-01-31,CAT,5
2011-01-31,DE,5
2011-01-31,DVN,5
2011-01-31,DVY,5
2011-01-31,GSAT,5
2011-01-31,HBAN,5
2011-01-31,HMC,5
2011-01-31,LRCX,5
2011-01-31,LXU,5
2011-01-31,MOS,5
2011-01-31,PLD,5
2011-01-31,QQQ,5
2011-01-31,SO,5
2011-01-31,STM,5
2011-01-31,UNH,5
2011-01-31,VLO,5
2011-01-31,VZ,5
2011-01-31,AEP,1
2011-01-31,ALL,1
2011-01-31,AMD,1
2011-01-31,BA,1
2011-01-31,BAC,1
2011-01-31,BLK,1
2011-01-31,CAG,1
2011-01-31,CVX,1
2011-01-31,DG,1
2011-01-31,GIS,1
2011-01-31,ICL,1
2011-01-31,JNJ,1
2011-01-31,MRK,1
2011-01-31,NUE,1
2011-01-31,O,1
2011-01-31,PG,1
2011-01-31,RF,1
2011-01-31,SCHW,1
2011-01-31,TGT,1
2011-01-31,VIG,1
2011-01-31,WM,1
2011-01-31,XLU,1
2011-01-31,XLV,1
2011-02-28,AMD,5
2011-02-28,ANDE,5
2011-02-28,BEN,5
2011-02-28,BX,5
2011-02-28,CAT,5
2011-02-28,CB,5
2011-02-28,CVX,5
2011-02-28,HEI,5
2011-02-28,IRDM,5
2011-02-28,LRCX,5
2011-02-28,LXU,5
2011-02-28,NKE,5
2011-02-28,PLD,5
2011-02-28,QQQ,5
2011-02-28,RF,5
2011-02-28,SO,5
2011-02-28,UNH,5
2011-02-28,VLO,5
2011-02-28,VYM,5
2011-02-28,XOM,5
2011-02-28,AEP,1
2011-02-28,ALL,1
2011-02-28,BA,1
2011-02-28,BAC,1
2011-02-28,BLK,1
2011-02-28,CPB,1
2011-02-28,DG,1
2011-02-28,DVN,1
2011-02-28,FITB,1
2011-02-28,GOOGL,1
2011-02-28,ICL,1
2011-02-28,JNJ,1
2011-02-28,LLY,1
2011-02-28,MRK,1
2011-02-28,NUE,1
2011-02-28,O,1
2011-02-28,PEP,1
2011-02-28,PG,1
2011-02-28,SCHW,1
2011-02-28,SHEL,1
2011-02-28,SMCI,1
2011-02-28,TGT,1
2011-02-28,WM,1
2011-03-31,ANDE,5
2011-03-31,BEN,5
2011-03-31,BX,5
2011-03-31,CAT,5
2011-03-31,CB,5
2011-03-31,CF,5
2011-03-31,CVX,5
2011-03-31,DE,5
2011-03-31,DG,5
2011-03-31,DVY,5
2011-03-31,FMC,5
2011-03-31,HBAN,5
2011-03-31,HEI,5
2011-03-31,LRCX,5
2011-03-31,LXU,5
2011-03-31,NEE,5
2011-03-31,PLD,5
2011-03-31,QQQ,5
2011-03-31,SO,5
2011-03-31,UNH,5
2011-03-31,VLO,5
2011-03-31,VZ,5
2011-03-31,AEP,1
2011-03-31,AMD,1
2011-03-31,BA,1
2011-03-31,BAC,1
2011-03-31,C,1
2011-03-31,CPB,1
2011-03-31,CSCO,1
2011-03-31,GIS,1
2011-03-31,HMC,1
2011-03-31,IPI,1
2011-03-31,JNJ,1
2011-03-31,MRK,1
2011-03-31,NKE,1
2011-03-31,NUE,1
2011-03-31,O,1
2011-03-31,PEP,1
2011-03-31,PG,1
2011-03-31,RF,1
2011-03-31,SCHW,1
2011-03-31,TDW,1
2011-03-31,VYM,1
2011-03-31,WM,1
2011-03-31,XLV,1
2011-04-29,ANDE,5
2011-04-29,BEN,5
2011-04-29,BX,5
2011-04-29,CAT,5
2011-04-29,CB,5
2011-04-29,D,5
2011-04-29,DE,5
2011-04-29,IRDM,5
2011-04-29,LXU,5
2011-04-29,NKE,5
2011-04-29,ORCL,5
2011-04-29,PLD,5
2011-04-29,QQQ,5
2011-04-29,SHEL,5
2011-04-29,SO,5
2011-04-29,TRV,5
2011-04-29,UNH,5
2011-04-29,VNQ,5
2011-04-29,VYM,5
2011-04-29,VZ,5
2011-04-29,XOM,5
2011-04-29,AEP,1
2011-04-29,AMD,1
2011-04-29,BA,1
2011-04-29,BAC,1
2011-04-29,BLK,1
2011-04-29,CAG,1
2011-04-29,CPB,1
2011-04-29,CW,1
2011-04-29,DVY,1
2011-04-29,FITB,1
2011-04-29,GOOGL,1
2011-04-29,HMC,1
2011-04-29,LLY,1
2011-04-29,MRK,1
2011-04-29,NUE,1
2011-04-29,O,1
2011-04-29,RF,1
2011-04-29,STLD,1
2011-04-29,TDW,1
2011-04-29,TGT,1
2011-04-29,VLO,1
2011-04-29,WM,1
2011-04-29,XLV,1
2011-05-31,AEP,5
2011-05-31,BEN,5
2011-05-31,BLK,5
2011-05-31,BX,5
2011-05-31,CAT,5
2011-05-31,CB,5
2011-05-31,D,5
2011-05-31,DVY,5
2011-05-31,HEI,5
2011-05-31,IRDM,5
2011-05-31,LXU,5
2011-05-31,MKC,5
2011-05-31,PFE,5
2011-05-31,PLD,5
2011-05-31,SMCI,5
2011-05-31,STM,5
2011-05-31,UNH,5
2011-05-31,VLO,5
2011-05-31,VUG,5
2011-05-31,VZ,5
2011-05-31,XLE,5
2011-05-31,XOM,5
2011-05-31,ALL,1
2011-05-31,AMD,1
2011-05-31,ANDE,1
2011-05-31,BA,1
2011-05-31,BAC,1
2011-05-31,C,1
2011-05-31,CAG,1
2011-05-31,CPB,1
2011-05-31,DD,1
2011-05-31,DE,1
2011-05-31,DUK,1
2011-05-31,DVN,1
2011-05-31,GIS,1
2011-05-31,GSAT,1
2011-05-31,HMC,1
2011-05-31,JNJ,1
2011-05-31,MRK,1
2011-05-31,NUE,1
2011-05-31,O,1
2011-05-31,RF,1
2011-05-31,TDW,1
2011-05-31,TGT,1
2011-05-31,XLV,1
2011-06-30,ANDE,5
2011-06-30,BEN,5
2011-06-30,BX,5
2011-06-30,CAT,5
2011-06-30,CVX,5
2011-06-30,HBAN,5
2011-06-30,HEI,5
2011-06-30,IBM,5
2011-06-30,IPI,5
2011-06-30,KO,5
2011-06-30,LXU,5
2011-06-30,MKC,5
2011-06-30,NKE,5
2011-06-30,PLD,5
2011-06-30,SHEL,5
2011-06-30,SO,5
2011-06-30,UNH,5
2011-06-30,VIG,5
2011-06-30,VUG,5
2011-06-30,VZ,5
2011-06-30,XOM,5
2011-06-30,AEP,1
2011-06-30,ALL,1
2011-06-30,AMD,1
2011-06-30,BA,1
2011-06-30,BAC,1
2011-06-30,CPB,1
2011-06-30,DE,1
2011-06-30,DVN,1
2011-06-30,DVY,1
2011-06-30,GIS,1
2011-06-30,HMC,1
2011-06-30,JNJ,1
2011-06-30,LLY,1
2011-06-30,MRK,1
2011-06-30,NUE,1
2011-06-30,O,1
2011-06-30,PG,1
2011-06-30,RF,1
2011-06-30,SCHW,1
2011-06-30,STM,1
2011-06-30,TGT,1
2011-06-30,TRV,1
2011-06-30,VLO,1
2011-06-30,WM,1
2011-07-29,BAYRY,5
2011-07-29,BEN,5
2011-07-29,BX,5
2011-07-29,CAT,5
2011-07-29,CB,5
2011-07-29,CF,5
2011-07-29,GOOGL,5
2011-07-29,HEI,5
2011-07-29,IBM,5
2011-07-29,ICL,5
2011-07-29,IRDM,5
2011-07-29,KO,5
2011-07-29,LXU,5
2011-07-29,PLD,5
2011-07-29,QQQ,5
2011-07-29,SHEL,5
2011-07-29,SO,5
2011-07-29,TGT,5
2011-07-29,UNH,5
2011-07-29,VYM,5
2011-07-29,VZ,5
2011-07-29,XLE,5
2011-07-29,AEP,1
2011-07-29,ALL,1
2011-07-29,BA,1
2011-07-29,BAC,1
2011-07-29,C,1
2011-07-29,CPB,1
2011-07-29,DG,1
2011-07-29,DVN,1
2011-07-29,GSAT,1
2011-07-29,HBAN,1
2011-07-29,JNJ,1
2011-07-29,MRK,1
2011-07-29,NKE,1
2011-07-29,NUE,1
2011-07-29,O,1
2011-07-29,PEP,1
2011-07-29,PG,1
2011-07-29,RF,1
2011-07-29,SCHW,1
2011-07-29,SMCI,1
2011-07-29,STM,1
2011-07-29,VIG,1
2011-07-29,WM,1
2011-07-29,XLV,1
2011-08-31,AEP,5
2011-08-31,BEN,5
2011-08-31,BLK,5
2011-08-31,BX,5
2011-08-31,CB,5
2011-08-31,DE,5
2011-08-31,DG,5
2011-08-31,DVY,5
2011-08-31,HEI,5
2011-08-31,IBM,5
2011-08-31,IPI,5
2011-08-31,LXU,5
2011-08-31,O,5
2011-08-31,PFE,5
2011-08-31,QQQ,5
2011-08-31,SMCI,5
2011-08-31,SO,5
2011-08-31,T,5
2011-08-31,TDW,5
2011-08-31,UNH,5
2011-08-31,VLO,5
2011-08-31,VZ,5
2011-08-31,AMD,1
2011-08-31,BA,1
2011-08-31,BAC,1
2011-08-31,BAYRY,1
2011-08-31,C,1
2011-08-31,CAG,1
2011-08-31,CPB,1
2011-08-31,DD,1
2011-08-31,DVN,1
2011-08-31,GIS,1
2011-08-31,GSAT,1
2011-08-31,HMC,1
2011-08-31,HON,1
2011-08-31,MRK,1
2011-08-31,NUE,1
2011-08-31,PEP,1
2011-08-31,RF,1
2011-08-31,SCHW,1
2011-08-31,STLD,1
2011-08-31,STM,1
2011-08-31,VIG,1
2011-08-31,XBI,1
2011-08-31,XLU,1
2011-09-30,BMY,5
2011-09-30,BX,5
2011-09-30,CB,5
2011-09-30,CF,5
2011-09-30,CVX,5
2011-09-30,DG,5
2011-09-30,FITB,5
2011-09-30,FMC,5
2011-09-30,HEI,5
2011-09-30,IBM,5
2011-09-30,KMB,5
2011-09-30,LXU,5
2011-09-30,O,5
2011-09-30,QQQ,5
2011-09-30,RTX,5
2011-09-30,SMCI,5
2011-09-30,T,5
2011-09-30,TRV,5
2011-09-30,UNH,5
2011-09-30,VYM,5
2011-09-30,VZ,5
2011-09-30,XOM,5
2011-09-30,AEP,1
2011-09-30,AMD,1
2011-09-30,ANDE,1
2011-09-30,BA,1
2011-09-30,BAC,1
2011-09-30,BAYRY,1
2011-09-30,C,1
2011-09-30,CAT,1
2011-09-30,CPB,1
2011-09-30,DE,1
2011-09-30,DVN,1
2011-09-30,GSAT,1
2011-09-30,HMC,1
2011-09-30,ICL,1
2011-09-30,MRK,1
2011-09-30,PEP,1
2011-09-30,RF,1
2011-09-30,STLD,1
2011-09-30,TDW,1
2011-09-30,TGT,1
2011-09-30,VIG,1
2011-09-30,XBI,1
2011-09-30,XLP,1
2011-10-31,BX,5
2011-10-31,CAG,5
2011-10-31,CAT,5
2011-10-31,CB,5
2011-10-31,CF,5
2011-10-31,CVX,5
2011-10-31,D,5
2011-10-31,DVY,5
2011-10-31,GSAT,5
2011-10-31,HEI,5
2011-10-31,IBM,5
2011-10-31,LXU,5
2011-10-31,PLD,5
2011-10-31,QQQ,5
2011-10-31,RTX,5
2011-10-31,SBUX,5
2011-10-31,SMCI,5
2011-10-31,TRV,5
2011-10-31,UNH,5
2011-10-31,VLO,5
2011-10-31,VZ,5
2011-10-31,XBI,5
2011-10-31,BA,1
2011-10-31,BAC,1
2011-10-31,BAYRY,1
2011-10-31,BLK,1
2011-10-31,CPB,1
2011-10-31,DVN,1
2011-10-31,GIS,1
2011-10-31,HBAN,1
2011-10-31,HMC,1
2011-10-31,ICL,1
2011-10-31,IPI,1
2011-10-31,JNJ,1
2011-10-31,MRK,1
2011-10-31,O,1
2011-10-31,ORCL,1
2011-10-31,PEP,1
2011-10-31,PG,1
2011-10-31,RF,1
2011-10-31,SCHW,1
2011-10-31,SMG,1
2011-10-31,STM,1
2011-10-31,TGT,1
2011-10-31,WM,1
2011-11-30,ANDE,5
2011-11-30,BLK,5
2011-11-30,BMY,5
2011-11-30,CB,5
2011-11-30,CF,5
2011-11-30,CVX,5
2011-11-30,DG,5
2011-11-30,DVY,5
2011-11-30,FITB,5
2011-11-30,FMC,5
2011-11-30,GOOGL,5
2011-11-30,HEI,5
2011-11-30,IBM,5
2011-11-30,IRDM,5
2011-11-30,LXU,5
2011-11-30,NUE,5
2011-11-30,O,5
2011-11-30,UNH,5
2011-11-30,VUG,5
2011-11-30,VZ,5
2011-11-30,XOM,5
2011-11-30,AEP,1
2011-11-30,BA,1
2011-11-30,BAC,1
2011-11-30,BAYRY,1
2011-11-30,C,1
2011-11-30,CPB,1
2011-11-30,DVN,1
2011-11-30,GSAT,1
2011-11-30,HMC,1
2011-11-30,ICL,1
2011-11-30,IPI,1
2011-11-30,JNJ,1
2011-11-30,KO,1
2011-11-30,MKC,1
2011-11-30,PEP,1
2011-11-30,SCHW,1
2011-11-30,STM,1
2011-11-30,TGT,1
2011-11-30,VIG,1
2011-11-30,VLO,1
2011-11-30,WM,1
2011-11-30,XBI,1
2011-11-30,XLF,1
2011-12-30,BLK,5
2011-12-30,BMY,5
2011-12-30,CAG,5
2011-12-30,CB,5
2011-12-30,CF,5
2011-12-30,CVX,5
2011-12-30,FITB,5
2011-12-30,FMC,5
2011-12-30,GSAT,5
2011-12-30,HEI,5
2011-12-30,IBM,5
2011-12-30,IRDM,5
2011-12-30,LLY,5
2011-12-30,MCD,5
2011-12-30,NEE,5
2011-12-30,SMCI,5
2011-12-30,TRV,5
2011-12-30,UNH,5
2011-12-30,VNQ,5
2011-12-30,VUG,5
2011-12-30,VYM,5
2011-12-30,XOM,5
2011-12-30,ANDE,1
2011-12-30,BA,1
2011-12-30,BAC,1
2011-12-30,BAYRY,1
2011-12-30,C,1
2011-12-30,CAT,1
2011-12-30,CPB,1
2011-12-30,DE,1
2011-12-30,DVN,1
2011-12-30,GOOGL,1
2011-12-30,HMC,1
2011-12-30,ICL,1
2011-12-30,IPI,1
2011-12-30,JNJ,1
2011-12-30,ORCL,1
2011-12-30,PEP,1
2011-12-30,PG,1
2011-12-30,RF,1
2011-12-30,SCHW,1
2011-12-30,STM,1
2011-12-30,VLO,1
2011-12-30,XBI,1
2011-12-30,XLU,1
2012-01-31,BX,5
2012-01-31,CAG,5
2012-01-31,CAT,5
2012-01-31,CB,5
2012-01-31,CF,5
2012-01-31,DG,5
2012-01-31,FMC,5
2012-01-31,IRDM,5
2012-01-31,LXU,5
2012-01-31,MPC,5
2012-01-31,PLD,5
2012-01-31,QQQ,5
2012-01-31,RF,5
2012-01-31,SMCI,5
2012-01-31,SO,5
2012-01-31,T,5
2012-01-31,TDW,5
2012-01-31,UNH,5
2012-01-31,VLO,5
2012-01-31,VNQ,5
2012-01-31,VYM,5
2012-01-31,XBI,5
2012-01-31,ANDE,1
2012-01-31,BAYRY,1
2012-01-31,BLK,1
2012-01-31,C,1
2012-01-31,CPB,1
2012-01-31,DVN,1
2012-01-31,FITB,1
2012-01-31,GOOGL,1
2012-01-31,HBAN,1
2012-01-31,HII,1
2012-01-31,HMC,1
2012-01-31,ICL,1
2012-01-31,IPI,1
2012-01-31,JNJ,1
2012-01-31,LLY,1
2012-01-31,O,1
2012-01-31,PEP,1
2012-01-31,PG,1
2012-01-31,SCHW,1
2012-01-31,SHEL,1
2012-01-31,STM,1
2012-01-31,TGT,1
2012-01-31,XLU,1
2012-02-29,ALL,5
2012-02-29,BEN,5
2012-02-29,BLK,5
2012-02-29,BMY,5
2012-02-29,CAT,5
2012-02-29,CF,5
2012-02-29,DVN,5
2012-02-29,DVY,5
2012-02-29,FMC,5
2012-02-29,GSAT,5
2012-02-29,IBM,5
2012-02-29,LXU,5
2012-02-29,MPC,5
2012-02-29,PG,5
2012-02-29,PLD,5
2012-02-29,QQQ,5
2012-02-29,RTX,5
2012-02-29,SCHW,5
2012-02-29,T,5
2012-02-29,TDW,5
2012-02-29,UNH,5
2012-02-29,AEP,1
2012-02-29,ANDE,1
2012-02-29,BAC,1
2012-02-29,BAYRY,1
2012-02-29,BX,1
2012-02-29,DE,1
2012-02-29,GIS,1
2012-02-29,HBAN,1
2012-02-29,HII,1
2012-02-29,HMC,1
2012-02-29,ICL,1
2012-02-29,IYR,1
2012-02-29,JNJ,1
2012-02-29,MKC,1
2012-02-29,NKE,1
2012-02-29,PEP,1
2012-02-29,PFE,1
2012-02-29,TRV,1
2012-02-29,TTMI,1
2012-02-29,VIG,1
2012-02-29,VLO,1
2012-02-29,WM,1
2012-02-29,XLU,1
2012-03-30,ANDE,5
2012-03-30,BAC,5
2012-03-30,BMY,5
2012-03-30,CF,5
2012-03-30,CVX,5
2012-03-30,DG,5
2012-03-30,FMC,5
2012-03-30,GOOGL,5
2012-03-30,HBAN,5
2012-03-30,HON,5
2012-03-30,IBM,5
2012-03-30,IRDM,5
2012-03-30,MPC,5
2012-03-30,MTSI,5
2012-03-30,NEE,5
2012-03-30,O,5
2012-03-30,PLD,5
2012-03-30,QQQ,5
2012-03-30,SBUX,5
2012-03-30,SO,5
2012-03-30,UNH,5
2012-03-30,VYM,5
2012-03-30,AEP,1
2012-03-30,BAYRY,1
2012-03-30,BX,1
2012-03-30,C,1
2012-03-30,CAG,1
2012-03-30,CAT,1
2012-03-30,CPB,1
2012-03-30,DE,1
2012-03-30,DVN,1
2012-03-30,GIS,1
2012-03-30,GSAT,1
2012-03-30,HMC,1
2012-03-30,IPI,1
2012-03-30,IYR,1
2012-03-30,JNJ,1
2012-03-30,LLY,1
2012-03-30,MU,1
2012-03-30,PG,1
2012-03-30,SCHW,1
2012-03-30,TDW,1
2012-03-30,TGT,1
2012-03-30,TRV,1
2012-03-30,TTMI,1
2012-03-30,VIG,1
2012-03-30,XLU,1
2012-04-30,CB,5
2012-04-30,CF,5
2012-04-30,DG,5
2012-04-30,DVY,5
2012-04-30,FITB,5
2012-04-30,FMC,5
2012-04-30,HBAN,5
2012-04-30,IBM,5
2012-04-30,IRDM,5
2012-04-30,KMB,5
2012-04-30,LLY,5
2012-04-30,MPC,5
2012-04-30,MTSI,5
2012-04-30,NEE,5
2012-04-30,O,5
2012-04-30,QQQ,5
2012-04-30,SHEL,5
2012-04-30,SO,5
2012-04-30,T,5
2012-04-30,TDW,5
2012-04-30,TRV,5
2012-04-30,UAN,5
2012-04-30,AEP,1
2012-04-30,AMD,1
2012-04-30,BAC,1
2012-04-30,BAYRY,1
2012-04-30,BX,1
2012-04-30,C,1
2012-04-30,CAT,1
2012-04-30,CPB,1
2012-04-30,DVN,1
2012-04-30,GIS,1
2012-04-30,GSAT,1
2012-04-30,HII,1
2012-04-30,HMC,1
2012-04-30,JNJ,1
2012-04-30,LXU,1
2012-04-30,MU,1
2012-04-30,PEP,1
2012-04-30,PG,1
2012-04-30,SCHW,1
2012-04-30,STM,1
2012-04-30,VIG,1
2012-04-30,VLO,1
2012-04-30,WM,1
2012-04-30,XLU,1
2012-05-31,AFL,5
2012-05-31,ALL,5
2012-05-31,BMY,5
2012-05-31,CB,5
2012-05-31,CF,5
2012-05-31,CVX,5
2012-05-31,DD,5
2012-05-31,DG,5
2012-05-31,FMC,5
2012-05-31,HBAN,5
2012-05-31,IBM,5
2012-05-31,KMB,5
2012-05-31,MKC,5
2012-05-31,MPC,5
2012-05-31,MTSI,5
2012-05-31,NEE,5
2012-05-31,O,5
2012-05-31,QQQ,5
2012-05-31,SPLV,5
2012-05-31,TRV,5
2012-05-31,UNH,5
2012-05-31,VZ,5
2012-05-31,AEP,1
2012-05-31,AMD,1
2012-05-31,ANDE,1
2012-05-31,BAC,1
2012-05-31,BAYRY,1
2012-05-31,BX,1
2012-05-31,C,1
2012-05-31,CAG,1
2012-05-31,CAT,1
2012-05-31,CPB,1
2012-05-31,DE,1
2012-05-31,DVN,1
2012-05-31,GSAT,1
2012-05-31,HMC,1
2012-05-31,IPI,1
2012-05-31,JNJ,1
2012-05-31,JPM,1
2012-05-31,LXU,1
2012-05-31,PG,1
2012-05-31,SCHW,1
2012-05-31,STM,1
2012-05-31,TDW,1
2012-05-31,VIG,1
2012-05-31,XLV,1
2012-06-29,AFL,5
2012-06-29,ALL,5
2012-06-29,CB,5
2012-06-29,CF,5
2012-06-29,DE,5
2012-06-29,DG,5
2012-06-29,FMC,5
2012-06-29,IRDM,5
2012-06-29,MPC,5
2012-06-29,MRK,5
2012-06-29,MTSI,5
2012-06-29,NEE,5
2012-06-29,O,5
2012-06-29,QQQ,5
2012-06-29,RF,5
2012-06-29,T,5
2012-06-29,TDG,5
2012-06-29,TRV,5
2012-06-29,UAN,5
2012-06-29,VLO,5
2012-06-29,VYM,5
2012-06-29,VZ,5
2012-06-29,XBI,5
2012-06-29,AEP,1
2012-06-29,AMD,1
2012-06-29,ANDE,1
2012-06-29,BLK,1
2012-06-29,BX,1
2012-06-29,C,1
2012-06-29,CAT,1
2012-06-29,DD,1
2012-06-29,DVN,1
2012-06-29,GIS,1
2012-06-29,GSAT,1
2012-06-29,ICL,1
2012-06-29,JNJ,1
2012-06-29,MCD,1
2012-06-29,NKE,1
2012-06-29,PEP,1
2012-06-29,PG,1
2012-06-29,SCHW,1
2012-06-29,SO,1
2012-06-29,STM,1
2012-06-29,TDW,1
2012-06-29,TTMI,1
2012-06-29,VIG,1
2012-06-29,XLV,1
2012-07-31,ALL,5
2012-07-31,CF,5
2012-07-31,COST,5
2012-07-31,DG,5
2012-07-31,FITB,5
2012-07-31,FMC,5
2012-07-31,HON,5
2012-07-31,IBM,5
2012-07-31,KMB,5
2012-07-31,MPC,5
2012-07-31,MRK,5
2012-07-31,NEE,5
2012-07-31,O,5
2012-07-31,QQQ,5
2012-07-31,RF,5
2012-07-31,SO,5
2012-07-31,SPLV,5
2012-07-31,T,5
2012-07-31,TGT,5
2012-07-31,TRV,5
2012-07-31,UAN,5
2012-07-31,VLO,5
2012-07-31,AMD,1
2012-07-31,ANDE,1
2012-07-31,BAC,1
2012-07-31,BAYRY,1
2012-07-31,C,1
2012-07-31,CAG,1
2012-07-31,CAT,1
2012-07-31,CPB,1
2012-07-31,DD,1
2012-07-31,DE,1
2012-07-31,DVN,1
2012-07-31,GIS,1
2012-07-31,GSAT,1
2012-07-31,HBAN,1
2012-07-31,HMC,1
2012-07-31,ICL,1
2012-07-31,IPI,1
2012-07-31,JNJ,1
2012-07-31,MU,1
2012-07-31,SCHW,1
2012-07-31,SHEL,1
2012-07-31,SMCI,1
2012-07-31,TSLA,1
2012-07-31,VIG,1
2012-08-31,AEP,5
2012-08-31,ANDE,5
2012-08-31,CF,5
2012-08-31,CPB,5
2012-08-31,FITB,5
2012-08-31,FMC,5
2012-08-31,GOOGL,5
2012-08-31,HBAN,5
2012-08-31,LXU,5
2012-08-31,MKC,5
2012-08-31,MPC,5
2012-08-31,NEE,5
2012-08-31,PLD,5
2012-08-31,QQQ,5
2012-08-31,RF,5
2012-08-31,SBUX,5
2012-08-31,TGT,5
2012-08-31,UAN,5
2012-08-31,UNH,5
2012-08-31,VLO,5
2012-08-31,VYM,5
2012-08-31,XBI,5
2012-08-31,AMD,1
2012-08-31,BLK,1
2012-08-31,BMY,1
2012-08-31,BX,1
2012-08-31,CAG,1
2012-08-31,CAT,1
2012-08-31,CB,1
2012-08-31,DE,1
2012-08-31,DVN,1
2012-08-31,DVY,1
2012-08-31,GIS,1
2012-08-31,GSAT,1
2012-08-31,HMC,1
2012-08-31,ICL,1
2012-08-31,IPI,1
2012-08-31,JNJ,1
2012-08-31,KO,1
2012-08-31,MCD,1
2012-08-31,PEP,1
2012-08-31,SMCI,1
2012-08-31,TDW,1
2012-08-31,VNQ,1
2012-08-31,XLU,1
2012-08-31,XLV,1
2012-09-28,AEP,5
2012-09-28,ALL,5
2012-09-28,BAC,5
2012-09-28,BAYRY,5
2012-09-28,CAG,5
2012-09-28,CF,5
2012-09-28,DE,5
2012-09-28,DG,5
2012-09-28,FMC,5
2012-09-28,GOOGL,5
2012-09-28,GSAT,5
2012-09-28,IBM,5
2012-09-28,LXU,5
2012-09-28,MKC,5
2012-09-28,MPC,5
2012-09-28,NEE,5
2012-09-28,PLD,5
2012-09-28,RF,5
2012-09-28,SBUX,5
2012-09-28,VLO,5
2012-09-28,VUG,5
2012-09-28,VYM,5
2012-09-28,XBI,5
2012-09-28,AMD,1
2012-09-28,ANDE,1
2012-09-28,BLK,1
2012-09-28,BMY,1
2012-09-28,BX,1
2012-09-28,CAT,1
2012-09-28,CB,1
2012-09-28,CPB,1
2012-09-28,DVN,1
2012-09-28,GIS,1
2012-09-28,HMC,1
2012-09-28,IPI,1
2012-09-28,JNJ,1
2012-09-28,MCD,1
2012-09-28,NKE,1
2012-09-28,O,1
2012-09-28,PEP,1
2012-09-28,SCHW,1
2012-09-28,SHEL,1
2012-09-28,SPLV,1
2012-09-28,STM,1
2012-09-28,TDW,1
2012-09-28,TTMI,1
2012-09-28,WM,1
2012-09-28,XLF,1
2012-10-31,AEP,5
2012-10-31,ALL,5
2012-10-31,ANDE,5
2012-10-31,BAC,5
2012-10-31,C,5
2012-10-31,COST,5
2012-10-31,DVY,5
2012-10-31,FMC,5
2012-10-31,IRDM,5
2012-10-31,LLY,5
2012-10-31,LRCX,5
2012-10-31,MKC,5
2012-10-31,MPC,5
2012-10-31,MRK,5
2012-10-31,NEE,5
2012-10-31,PLD,5
2012-10-31,REGN,5
2012-10-31,RF,5
2012-10-31,STM,5
2012-10-31,TGT,5
2012-10-31,UAN,5
2012-10-31,VUG,5
2012-10-31,VZ,5
2012-10-31,AMD,1
2012-10-31,BMY,1
2012-10-31,CAT,1
2012-10-31,CB,1
2012-10-31,CVX,1
2012-10-31,CW,1
2012-10-31,DVN,1
2012-10-31,FITB,1
2012-10-31,GIS,1
2012-10-31,GSAT,1
2012-10-31,HBAN,1
2012-10-31,IPI,1
2012-10-31,KO,1
2012-10-31,MCD,1
2012-10-31,NKE,1
2012-10-31,PEP,1
2012-10-31,SMCI,1
2012-10-31,TSLA,1
2012-10-31,TTMI,1
2012-10-31,VIG,1
2012-10-31,VNQ,1
2012-10-31,XBI,1
2012-10-31,XLF,1
2012-10-31,XLU,1
2012-11-30,AEP,5
2012-11-30,AFL,5
2012-11-30,ALL,5
2012-11-30,BAC,5
2012-11-30,BAYRY,5
2012-11-30,CAG,5
2012-11-30,CF,5
2012-11-30,FMC,5
2012-11-30,GOOGL,5
2012-11-30,MKC,5
2012-11-30,MPC,5
2012-11-30,NEE,5
2012-11-30,O,5
2012-11-30,PLD,5
2012-11-30,REGN,5
2012-11-30,RF,5
2012-11-30,SBUX,5
2012-11-30,SMCI,5
2012-11-30,SPLV,5
2012-11-30,STM,5
2012-11-30,USMV,5
2012-11-30,VLO,5
2012-11-30,VUG,5
2012-11-30,AMD,1
2012-11-30,ANDE,1
2012-11-30,BMY,1
2012-11-30,BX,1
2012-11-30,C,1
2012-11-30,CAT,1
2012-11-30,DE,1
2012-11-30,DVN,1
2012-11-30,DVY,1
2012-11-30,GIS,1
2012-11-30,HBAN,1
2012-11-30,IPI,1
2012-11-30,JNJ,1
2012-11-30,LXU,1
2012-11-30,MCD,1
2012-11-30,NKE,1
2012-11-30,PEP,1
2012-11-30,PG,1
2012-11-30,SCHD,1
2012-11-30,SCHW,1
2012-11-30,SO,1
2012-11-30,TDW,1
2012-11-30,VNQ,1
2012-11-30,XLF,1
2012-11-30,XLU,1
2012-12-31,AEP,5
2012-12-31,BAC,5
2012-12-31,BAYRY,5
2012-12-31,C,5
2012-12-31,CAG,5
2012-12-31,DD,5
2012-12-31,FMC,5
2012-12-31,HMC,5
2012-12-31,IRDM,5
2012-12-31,KMB,5
2012-12-31,LXU,5
2012-12-31,MKC,5
2012-12-31,MPC,5
2012-12-31,NEE,5
2012-12-31,NKE,5
2012-12-31,PLD,5
2012-12-31,RF,5
2012-12-31,SCHW,5
2012-12-31,STM,5
2012-12-31,VIG,5
2012-12-31,VLO,5
2012-12-31,VUG,5
2012-12-31,VYM,5
2012-12-31,AMD,1
2012-12-31,BMY,1
2012-12-31,CB,1
2012-12-31,CW,1
2012-12-31,DG,1
2012-12-31,DVN,1
2012-12-31,GSAT,1
2012-12-31,HBAN,1
2012-12-31,IBM,1
2012-12-31,ICL,1
2012-12-31,IPI,1
2012-12-31,KO,1
2012-12-31,MRK,1
2012-12-31,O,1
2012-12-31,PG,1
2012-12-31,SO,1
2012-12-31,SPLV,1
2012-12-31,TDW,1
2012-12-31,TGT,1
2012-12-31,TRV,1
2012-12-31,TTMI,1
2012-12-31,UAN,1
2012-12-31,USMV,1
2012-12-31,WM,1
2012-12-31,XLU,1
2013-01-31,AEP,5
2013-01-31,ALL,5
2013-01-31,BAC,5
2013-01-31,BAYRY,5
2013-01-31,CAG,5
2013-01-31,CF,5
2013-01-31,FMC,5
2013-01-31,GOOGL,5
2013-01-31,GSAT,5
2013-01-31,HON,5
2013-01-31,ICL,5
2013-01-31,LLY,5
2013-01-31,MPC,5
2013-01-31,NEE,5
2013-01-31,PG,5
2013-01-31,PLD,5
2013-01-31,RF,5
2013-01-31,SCHW,5
2013-01-31,STM,5
2013-01-31,VIG,5
2013-01-31,VLO,5
2013-01-31,VUG,5
2013-01-31,VYM,5
2013-01-31,AMD,1
2013-01-31,CAT,1
2013-01-31,CB,1
2013-01-31,DD,1
2013-01-31,DVN,1
2013-01-31,DVY,1
2013-01-31,FITB,1
2013-01-31,GIS,1
2013-01-31,HMC,1
2013-01-31,IVZ,1
2013-01-31,JNJ,1
2013-01-31,KO,1
2013-01-31,MCD,1
2013-01-31,MKC,1
2013-01-31,MRK,1
2013-01-31,PEP,1
2013-01-31,SMG,1
2013-01-31,SO,1
2013-01-31,TDW,1
2013-01-31,TTMI,1
2013-01-31,UAN,1
2013-01-31,USMV,1
2013-01-31,VNQ,1
2013-01-31,XLF,1
2013-01-31,XLU,1
2013-02-28,AEP,5
2013-02-28,ALL,5
2013-02-28,BAC,5
2013-02-28,BAYRY,5
2013-02-28,BX,5
2013-02-28,CPB,5
2013-02-28,FMC,5
2013-02-28,GOOGL,5
2013-02-28,ICL,5
2013-02-28,IRDM,5
2013-02-28,LLY,5
2013-02-28,MKC,5
2013-02-28,MPC,5
2013-02-28,NEE,5
2013-02-28,O,5
2013-02-28,SBUX,5
2013-02-28,SPLV,5
2013-02-28,TGT,5
2013-02-28,TRV,5
2013-02-28,USMV,5
2013-02-28,VLO,5
2013-02-28,VUG,5
2013-02-28,VZ,5
2013-02-28,AMD,1
2013-02-28,CAT,1
2013-02-28,CW,1
2013-02-28,DD,1
2013-02-28,DE,1
2013-02-28,DVN,1
2013-02-28,FITB,1
2013-02-28,GSAT,1
2013-02-28,HBAN,1
2013-02-28,HMC,1
2013-02-28,IPI,1
2013-02-28,IVZ,1
2013-02-28,KO,1
2013-02-28,MCD,1
2013-02-28,MO,1
2013-02-28,MRK,1
2013-02-28,PG,1
2013-02-28,SCHD,1
2013-02-28,SCHW,1
2013-02-28,SHEL,1
2013-02-28,SMCI,1
2013-02-28,SO,1
2013-02-28,TDW,1
2013-02-28,VIG,1
2013-02-28,XBI,1
2013-02-28,XLF,1
2013-02-28,XLU,1
2013-03-28,AEP,5
2013-03-28,ALL,5
2013-03-28,BAC,5
2013-03-28,BAYRY,5
2013-03-28,BLK,5
2013-03-28,BMY,5
2013-03-28,CAG,5
2013-03-28,CPB,5
2013-03-28,IBM,5
2013-03-28,ICL,5
2013-03-28,MKC,5
2013-03-28,MPC,5
2013-03-28,NEE,5
2013-03-28,NUE,5
2013-03-28,PLD,5
2013-03-28,SPLV,5
2013-03-28,T,5
2013-03-28,TGT,5
2013-03-28,TRV,5
2013-03-28,USMV,5
2013-03-28,VLO,5
2013-03-28,VUG,5
2013-03-28,VZ,5
2013-03-28,AMD,1
2013-03-28,CAT,1
2013-03-28,CW,1
2013-03-28,DE,1
2013-03-28,DVN,1
2013-03-28,FITB,1
2013-03-28,GSAT,1
2013-03-28,HBAN,1
2013-03-28,HMC,1
2013-03-28,IPI,1
2013-03-28,JPM,1
2013-03-28,KO,1
2013-03-28,LXU,1
2013-03-28,MRK,1
2013-03-28,MTSI,1
2013-03-28,O,1
2013-03-28,PG,1
2013-03-28,SHEL,1
2013-03-28,SMCI,1
2013-03-28,SO,1
2013-03-28,TTMI,1
2013-03-28,VIG,1
2013-03-28,VYM,1
2013-03-28,XLF,1
2013-03-28,XLV,1
2013-04-30,AEP,5
2013-04-30,BAC,5
2013-04-30,BAYRY,5
2013-04-30,BX,5
2013-04-30,C,5
2013-04-30,CPB,5
2013-04-30,DD,5
2013-04-30,DVY,5
2013-04-30,ENPH,5
2013-04-30,FMC,5
2013-04-30,GIS,5
2013-04-30,KMB,5
2013-04-30,MPC,5
2013-04-30,NEE,5
2013-04-30,NKE,5
2013-04-30,O,5
2013-04-30,PLD,5
2013-04-30,PSX,5
2013-04-30,REGN,5
2013-04-30,SPLV,5
2013-04-30,STM,5
2013-04-30,VUG,5
2013-04-30,VZ,5
2013-04-30,AMD,1
2013-04-30,ANDE,1
2013-04-30,BMY,1
2013-04-30,CAT,1
2013-04-30,CB,1
2013-04-30,DG,1
2013-04-30,DVN,1
2013-04-30,FANG,1
2013-04-30,GSAT,1
2013-04-30,HBAN,1
2013-04-30,IBM,1
2013-04-30,ICL,1
2013-04-30,IPI,1
2013-04-30,IYR,1
2013-04-30,KO,1
2013-04-30,LXU,1
2013-04-30,MCD,1
2013-04-30,PFE,1
2013-04-30,PG,1
2013-04-30,SCHW,1
2013-04-30,SMCI,1
2013-04-30,SO,1
2013-04-30,USMV,1
2013-04-30,VIG,1
2013-04-30,XLE,1
2013-04-30,XLF,1
2013-05-31,AEP,5
2013-05-31,BAC,5
2013-05-31,BAYRY,5
2013-05-31,BMY,5
2013-05-31,BX,5
2013-05-31,C,5
2013-05-31,CAG,5
2013-05-31,CPB,5
2013-05-31,GOOGL,5
2013-05-31,GSAT,5
2013-05-31,HON,5
2013-05-31,MPC,5
2013-05-31,NEE,5
2013-05-31,NUE,5
2013-05-31,PG,5
2013-05-31,PLD,5
2013-05-31,PSX,5
2013-05-31,REGN,5
2013-05-31,SCHD,5
2013-05-31,STM,5
2013-05-31,TSLA,5
2013-05-31,VLO,5
2013-05-31,VUG,5
2013-05-31,VYM,5
2013-05-31,ALL,1
2013-05-31,AMD,1
2013-05-31,ANDE,1
2013-05-31,CAT,1
2013-05-31,CB,1
2013-05-31,DE,1
2013-05-31,DG,1
2013-05-31,DVN,1
2013-05-31,FANG,1
2013-05-31,HBAN,1
2013-05-31,IBM,1
2013-05-31,ICL,1
2013-05-31,IPI,1
2013-05-31,IYR,1
2013-05-31,KO,1
2013-05-31,MCD,1
2013-05-31,MRK,1
2013-05-31,MTSI,1
2013-05-31,PFE,1
2013-05-31,SHEL,1
2013-05-31,SMCI,1
2013-05-31,SO,1
2013-05-31,SPLV,1
2013-05-31,TRV,1
2013-05-31,USMV,1
2013-06-28,AFL,5
2013-06-28,ANDE,5
2013-06-28,BAYRY,5
2013-06-28,BX,5
2013-06-28,CAG,5
2013-06-28,CPB,5
2013-06-28,GSAT,5
2013-06-28,HON,5
2013-06-28,MPC,5
2013-06-28,NEE,5
2013-06-28,NKE,5
2013-06-28,NUE,5
2013-06-28,PLD,5
2013-06-28,PSX,5
2013-06-28,REGN,5
2013-06-28,RF,5
2013-06-28,SBUX,5
2013-06-28,SCHW,5
2013-06-28,SPLV,5
2013-06-28,STM,5
2013-06-28,TDW,5
2013-06-28,VNQ,5
2013-06-28,VUG,5
2013-06-28,VYM,5
2013-06-28,AMD,1
2013-06-28,BLK,1
2013-06-28,BMY,1
2013-06-28,CAT,1
2013-06-28,CB,1
2013-06-28,CVX,1
2013-06-28,DE,1
2013-06-28,DG,1
2013-06-28,DVN,1
2013-06-28,FANG,1
2013-06-28,HMC,1
2013-06-28,IBM,1
2013-06-28,ICL,1
2013-06-28,IVZ,1
2013-06-28,KO,1
2013-06-28,LLY,1
2013-06-28,O,1
2013-06-28,SHEL,1
2013-06-28,SMCI,1
2013-06-28,SO,1
2013-06-28,T,1
2013-06-28,TRV,1
2013-06-28,USMV,1
2013-06-28,VIG,1
2013-06-28,WM,1
2013-06-28,XBI,1
2013-07-31,AFL,5
2013-07-31,ANDE,5
2013-07-31,BAC,5
2013-07-31,BAYRY,5
2013-07-31,BLK,5
2013-07-31,BX,5
2013-07-31,C,5
2013-07-31,CPB,5
2013-07-31,DD,5
2013-07-31,DVY,5
2013-07-31,GIS,5
2013-07-31,GOOGL,5
2013-07-31,GSAT,5
2013-07-31,MPC,5
2013-07-31,NEE,5
2013-07-31,NUE,5
2013-07-31,PLD,5
2013-07-31,PSX,5
2013-07-31,QQQ,5
2013-07-31,REGN,5
2013-07-31,SBUX,5
2013-07-31,TSLA,5
2013-07-31,VIG,5
2013-07-31,VLO,5
2013-07-31,AEP,1
2013-07-31,AMD,1
2013-07-31,BMY,1
2013-07-31,CAT,1
2013-07-31,CB,1
2013-07-31,DE,1
2013-07-31,DVN,1
2013-07-31,ENPH,1
2013-07-31,FANG,1
2013-07-31,HBAN,1
2013-07-31,HMC,1
2013-07-31,IBM,1
2013-07-31,ICL,1
2013-07-31,IPI,1
2013-07-31,IYR,1
2013-07-31,KO,1
2013-07-31,LLY,1
2013-07-31,MCD,1
2013-07-31,MRK,1
2013-07-31,RF,1
2013-07-31,SO,1
2013-07-31,SPLV,1
2013-07-31,TDW,1
2013-07-31,TRV,1
2013-07-31,USMV,1
2013-07-31,WM,1
2013-08-30,ANDE,5
2013-08-30,BAC,5
2013-08-30,BX,5
2013-08-30,C,5
2013-08-30,DD,5
2013-08-30,FMC,5
2013-08-30,GIS,5
2013-08-30,GSAT,5
2013-08-30,IYR,5
2013-08-30,MPC,5
2013-08-30,NEE,5
2013-08-30,PG,5
2013-08-30,PLD,5
2013-08-30,QQQ,5
2013-08-30,SBUX,5
2013-08-30,SCHD,5
2013-08-30,SCHW,5
2013-08-30,SMCI,5
2013-08-30,UNH,5
2013-08-30,USMV,5
2013-08-30,VLO,5
2013-08-30,XBI,5
2013-08-30,ALL,1
2013-08-30,AMD,1
2013-08-30,CAT,1
2013-08-30,CPB,1
2013-08-30,CVX,1
2013-08-30,DVY,1
2013-08-30,FANG,1
2013-08-30,FITB,1
2013-08-30,HMC,1
2013-08-30,IBM,1
2013-08-30,ICL,1
2013-08-30,JNJ,1
2013-08-30,LLY,1
2013-08-30,LXU,1
2013-08-30,MKC,1
2013-08-30,O,1
2013-08-30,PFE,1
2013-08-30,RF,1
2013-08-30,SO,1
2013-08-30,SPLV,1
2013-08-30,T,1
2013-08-30,TDW,1
2013-08-30,TGT,1
2013-08-30,UAN,1
2013-08-30,WM,1
2013-09-30,AFL,5
2013-09-30,ANDE,5
2013-09-30,BLK,5
2013-09-30,BMY,5
2013-09-30,BX,5
2013-09-30,DVY,5
2013-09-30,ENPH,5
2013-09-30,GOOGL,5
2013-09-30,GSAT,5
2013-09-30,IRDM,5
2013-09-30,KMB,5
2013-09-30,NEE,5
2013-09-30,NKE,5
2013-09-30,NUE,5
2013-09-30,PLD,5
2013-09-30,PSX,5
2013-09-30,REGN,5
2013-09-30,SCHW,5
2013-09-30,STM,5
2013-09-30,TDW,5
2013-09-30,VIG,5
2013-09-30,VUG,5
2013-09-30,XBI,5
2013-09-30,AEP,1
2013-09-30,AMD,1
2013-09-30,CAG,1
2013-09-30,CAT,1
2013-09-30,CPB,1
2013-09-30,DE,1
2013-09-30,DVN,1
2013-09-30,FANG,1
2013-09-30,FITB,1
2013-09-30,HBAN,1
2013-09-30,IBM,1
2013-09-30,LLY,1
2013-09-30,LXU,1
2013-09-30,MCD,1
2013-09-30,MKC,1
2013-09-30,MRK,1
2013-09-30,O,1
2013-09-30,PFE,1
2013-09-30,PG,1
2013-09-30,RF,1
2013-09-30,SO,1
2013-09-30,SPLV,1
2013-09-30,T,1
2013-09-30,TGT,1
2013-09-30,UAN,1
2013-09-30,USMV,1
2013-09-30,XLF,1
2013-10-31,ANDE,5
2013-10-31,BAYRY,5
2013-10-31,BLK,5
2013-10-31,BMY,5
2013-10-31,BX,5
2013-10-31,DVY,5
2013-10-31,GIS,5
2013-10-31,GOOGL,5
2013-10-31,GSAT,5
2013-10-31,HBAN,5
2013-10-31,JNJ,5
2013-10-31,KMB,5
2013-10-31,LXU,5
2013-10-31,MPC,5
2013-10-31,NEE,5
2013-10-31,NKE,5
2013-10-31,O,5
2013-10-31,PLD,5
2013-10-31,QQQ,5
2013-10-31,SCHD,5
2013-10-31,SCHW,5
2013-10-31,SMG,5
2013-10-31,TSLA,5
2013-10-31,VLO,5
2013-10-31,AMD,1
2013-10-31,BAC,1
2013-10-31,C,1
2013-10-31,CAG,1
2013-10-31,CAT,1
2013-10-31,CB,1
2013-10-31,CPB,1
2013-10-31,CVX,1
2013-10-31,DE,1
2013-10-31,DG,1
2013-10-31,IBM,1
2013-10-31,ICL,1
2013-10-31,IPI,1
2013-10-31,IYR,1
2013-10-31,KO,1
2013-10-31,MRK,1
2013-10-31,SHEL,1
2013-10-31,SO,1
2013-10-31,STM,1
2013-10-31,TGT,1
2013-10-31,TRV,1
2013-10-31,TTMI,1
2013-10-31,UAN,1
2013-10-31,VIG,1
2013-10-31,XBI,1
2013-11-29,ANDE,5
2013-11-29,BAC,5
2013-11-29,BAYRY,5
2013-11-29,BX,5
2013-11-29,CAG,5
2013-11-29,COST,5
2013-11-29,ENPH,5
2013-11-29,FMC,5
2013-11-29,GOOGL,5
2013-11-29,GSAT,5
2013-11-29,IRDM,5
2013-11-29,MPC,5
2013-11-29,NEE,5
2013-11-29,NKE,5
2013-11-29,PG,5
2013-11-29,PLD,5
2013-11-29,QQQ,5
2013-11-29,SCHD,5
2013-11-29,SCHW,5
2013-11-29,SMCI,5
2013-11-29,UNH,5
2013-11-29,VLO,5
2013-11-29,VYM,5
2013-11-29,XBI,5
2013-11-29,ALL,1
2013-11-29,BMY,1
2013-11-29,CAT,1
2013-11-29,CPB,1
2013-11-29,DE,1
2013-11-29,DG,1
2013-11-29,DVN,1
2013-11-29,HON,1
2013-11-29,IBM,1
2013-11-29,ICL,1
2013-11-29,IPI,1
2013-11-29,JNJ,1
2013-11-29,LLY,1
2013-11-29,LXU,1
2013-11-29,MKC,1
2013-11-29,MTSI,1
2013-11-29,O,1
2013-11-29,RF,1
2013-11-29,SHEL,1
2013-11-29,SO,1
2013-11-29,SPLV,1
2013-11-29,T,1
2013-11-29,TDW,1
2013-11-29,TGT,1
2013-11-29,UAN,1
2013-12-31,ANDE,5
2013-12-31,BAYRY,5
2013-12-31,BLK,5
2013-12-31,BMY,5
2013-12-31,BX,5
2013-12-31,CPB,5
2013-12-31,DD,5
2013-12-31,DG,5
2013-12-31,GOOGL,5
2013-12-31,GSAT,5
2013-12-31,HBAN,5
2013-12-31,IRDM,5
2013-12-31,IYR,5
2013-12-31,LXU,5
2013-12-31,NEE,5
2013-12-31,PLD,5
2013-12-31,PSX,5
2013-12-31,SCHD,5
2013-12-31,SCHW,5
2013-12-31,SMCI,5
2013-12-31,VLO,5
2013-12-31,VUG,5
2013-12-31,VYM,5
2013-12-31,XOM,5
2013-12-31,ALL,1
2013-12-31,BAC,1
2013-12-31,C,1
2013-12-31,CAT,1
2013-12-31,CB,1
2013-12-31,CVX,1
2013-12-31,DVN,1
2013-12-31,ENPH,1
2013-12-31,GIS,1
2013-12-31,HMC,1
2013-12-31,ICL,1
2013-12-31,IPI,1
2013-12-31,JNJ,1
2013-12-31,MKC,1
2013-12-31,O,1
2013-12-31,PFE,1
2013-12-31,PG,1
2013-12-31,SO,1
2013-12-31,SPLV,1
2013-12-31,STM,1
2013-12-31,TTMI,1
2013-12-31,UAN,1
2013-12-31,USMV,1
2013-12-31,VZ,1
2013-12-31,WM,1
2013-12-31,XLE,1
2014-01-31,ANDE,5
2014-01-31,BAC,5
2014-01-31,BX,5
2014-01-31,DD,5
2014-01-31,DVY,5
2014-01-31,ENPH,5
2014-01-31,FITB,5
2014-01-31,GIS,5
2014-01-31,GSAT,5
2014-01-31,HPQ,5
2014-01-31,KMB,5
2014-01-31,MPC,5
2014-01-31,MRK,5
2014-01-31,NEE,5
2014-01-31,NKE,5
2014-01-31,O,5
2014-01-31,PLD,5
2014-01-31,QQQ,5
2014-01-31,RF,5
2014-01-31,SMCI,5
2014-01-31,SPLV,5
2014-01-31,UAN,5
2014-01-31,VLO,5
2014-01-31,XBI,5
2014-01-31,ABBV,1
2014-01-31,AMD,1
2014-01-31,C,1
2014-01-31,CAT,1
2014-01-31,CB,1
2014-01-31,CVX,1
2014-01-31,DE,1
2014-01-31,HMC,1
2014-01-31,IBM,1
2014-01-31,IPI,1
2014-01-31,IYR,1
2014-01-31,JNJ,1
2014-01-31,KO,1
2014-01-31,LXU,1
2014-01-31,MKC,1
2014-01-31,PFE,1
2014-01-31,SCHD,1
2014-01-31,SO,1
2014-01-31,T,1
2014-01-31,TDW,1
2014-01-31,TGT,1
2014-01-31,TRV,1
2014-01-31,TTMI,1
2014-01-31,VIG,1
2014-01-31,WM,1
2014-02-28,AEP,5
2014-02-28,ALL,5
2014-02-28,ANDE,5
2014-02-28,BX,5
2014-02-28,CPB,5
2014-02-28,DD,5
2014-02-28,DVN,5
2014-02-28,ENPH,5
2014-02-28,GSAT,5
2014-02-28,HBAN,5
2014-02-28,IRDM,5
2014-02-28,LLY,5
2014-02-28,NVDA,5
2014-02-28,O,5
2014-02-28,PLD,5
2014-02-28,QQQ,5
2014-02-28,REGN,5
2014-02-28,SCHW,5
2014-02-28,TGT,5
2014-02-28,UAN,5
2014-02-28,USMV,5
2014-02-28,VIG,5
2014-02-28,XBI,5
2014-02-28,XLP,5
2014-02-28,AMD,1
2014-02-28,BAC,1
2014-02-28,BLK,1
2014-02-28,C,1
2014-02-28,CAG,1
2014-02-28,CAT,1
2014-02-28,DE,1
2014-02-28,HMC,1
2014-02-28,IPI,1
2014-02-28,IYR,1
2014-02-28,JNJ,1
2014-02-28,KO,1
2014-02-28,LXU,1
2014-02-28,MTSI,1
2014-02-28,PEP,1
2014-02-28,PFE,1
2014-02-28,SMCI,1
2014-02-28,SO,1
2014-02-28,SPLV,1
2014-02-28,T,1
2014-02-28,TDW,1
2014-02-28,VLO,1
2014-02-28,VYM,1
2014-02-28,WM,1
2014-02-28,XLV,1
2014-03-31,ABBV,5
2014-03-31,ANDE,5
2014-03-31,CAG,5
2014-03-31,DD,5
2014-03-31,DVN,5
2014-03-31,DVY,5
2014-03-31,FITB,5
2014-03-31,GSAT,5
2014-03-31,HPQ,5
2014-03-31,IRDM,5
2014-03-31,JNJ,5
2014-03-31,LXU,5
2014-03-31,MKC,5
2014-03-31,MPC,5
2014-03-31,NEE,5
2014-03-31,PEP,5
2014-03-31,PLD,5
2014-03-31,SCHW,5
2014-03-31,SMG,5
2014-03-31,TSLA,5
2014-03-31,UNH,5
2014-03-31,VLO,5
2014-03-31,VUG,5
2014-03-31,VYM,5
2014-03-31,AEP,1
2014-03-31,ALL,1
2014-03-31,BMY,1
2014-03-31,C,1
2014-03-31,CB,1
2014-03-31,DG,1
2014-03-31,ENPH,1
2014-03-31,FMC,1
2014-03-31,GOOGL,1
2014-03-31,HON,1
2014-03-31,IBM,1
2014-03-31,ICL,1
2014-03-31,IPI,1
2014-03-31,KO,1
2014-03-31,LLY,1
2014-03-31,O,1
2014-03-31,SHEL,1
2014-03-31,SMCI,1
2014-03-31,TDW,1
2014-03-31,TGT,1
2014-03-31,USMV,1
2014-03-31,VIG,1
2014-03-31,WM,1
2014-03-31,XBI,1
2014-03-31,XLP,1
2014-04-30,AEP,5
2014-04-30,AFL,5
2014-04-30,ALL,5
2014-04-30,ANDE,5
2014-04-30,BAYRY,5
2014-04-30,CAT,5
2014-04-30,CB,5
2014-04-30,COST,5
2014-04-30,DD,5
2014-04-30,DVY,5
2014-04-30,GSAT,5
2014-04-30,HPQ,5
2014-04-30,JNJ,5
2014-04-30,MRK,5
2014-04-30,NEE,5
2014-04-30,O,5
2014-04-30,SCHW,5
2014-04-30,SHEL,5
2014-04-30,SMCI,5
2014-04-30,T,5
2014-04-30,TSLA,5
2014-04-30,VLO,5
2014-04-30,VUG,5
2014-04-30,VYM,5
2014-04-30,AMAT,1
2014-04-30,AMD,1
2014-04-30,BAC,1
2014-04-30,BX,1
2014-04-30,CAG,1
2014-04-30,CPB,1
2014-04-30,DE,1
2014-04-30,DVN,1
2014-04-30,ENPH,1
2014-04-30,FITB,1
2014-04-30,HBAN,1
2014-04-30,HMC,1
2014-04-30,HON,1
2014-04-30,ICL,1
2014-04-30,MKC,1
2014-04-30,MTSI,1
2014-04-30,PFE,1
2014-04-30,RF,1
2014-04-30,SO,1
2014-04-30,TDW,1
2014-04-30,TTMI,1
2014-04-30,UAN,1
2014-04-30,USMV,1
2014-04-30,VIG,1
2014-04-30,XBI,1
2014-05-30,ABBV,5
2014-05-30,AEP,5
2014-05-30,ALL,5
2014-05-30,BAYRY,5
2014-05-30,BX,5
2014-05-30,CAG,5
2014-05-30,DD,5
2014-05-30,DVN,5
2014-05-30,ENPH,5
2014-05-30,GIS,5
2014-05-30,GOOGL,5
2014-05-30,GSAT,5
2014-05-30,HBAN,5
2014-05-30,LXU,5
2014-05-30,NEE,5
2014-05-30,NKE,5
2014-05-30,PLD,5
2014-05-30,PSX,5
2014-05-30,QQQ,5
2014-05-30,SMCI,5
2014-05-30,UNH,5
2014-05-30,VIG,5
2014-05-30,VNQ,5
2014-05-30,VYM,5
2014-05-30,AMD,1
2014-05-30,ANDE,1
2014-05-30,BMY,1
2014-05-30,C,1
2014-05-30,CAT,1
2014-05-30,CVX,1
2014-05-30,DE,1
2014-05-30,DG,1
2014-05-30,IBM,1
2014-05-30,ICL,1
2014-05-30,IPI,1
2014-05-30,KO,1
2014-05-30,MKC,1
2014-05-30,MRK,1
2014-05-30,MTSI,1
2014-05-30,O,1
2014-05-30,PFE,1
2014-05-30,PG,1
2014-05-30,SCHW,1
2014-05-30,SO,1
2014-05-30,T,1
2014-05-30,TGT,1
2014-05-30,UAN,1
2014-05-30,USMV,1
2014-05-30,WM,1
2014-06-30,ABBV,5
2014-06-30,AEP,5
2014-06-30,ANDE,5
2014-06-30,BLK,5
2014-06-30,BX,5
2014-06-30,CAT,5
2014-06-30,DD,5
2014-06-30,DVN,5
2014-06-30,DVY,5
2014-06-30,GSAT,5
2014-06-30,IRDM,5
2014-06-30,KO,5
2014-06-30,LLY,5
2014-06-30,LXU,5
2014-06-30,NEE,5
2014-06-30,O,5
2014-06-30,QQQ,5
2014-06-30,SCHW,5
2014-06-30,SMCI,5
2014-06-30,STLD,5
2014-06-30,TSLA,5
2014-06-30,VYM,5
2014-06-30,XBI,5
2014-06-30,XLE,5
2014-06-30,ALL,1
2014-06-30,AMD,1
2014-06-30,BAC,1
2014-06-30,BMY,1
2014-06-30,C,1
2014-06-30,CAG,1
2014-06-30,CB,1
2014-06-30,DE,1
2014-06-30,FMC,1
2014-06-30,GIS,1
2014-06-30,HMC,1
2014-06-30,HON,1
2014-06-30,IBM,1
2014-06-30,ICL,1
2014-06-30,MCD,1
2014-06-30,PFE,1
2014-06-30,PG,1
2014-06-30,PSX,1
2014-06-30,SO,1
2014-06-30,STM,1
2014-06-30,UAN,1
2014-06-30,USMV,1
2014-06-30,VLO,1
2014-06-30,VZ,1
2014-06-30,WM,1
2014-07-31,ANDE,5
2014-07-31,BMY,5
2014-07-31,BX,5
2014-07-31,COST,5
2014-07-31,DD,5
2014-07-31,ENPH,5
2014-07-31,GSAT,5
2014-07-31,HBAN,5
2014-07-31,MPC,5
2014-07-31,PEP,5
2014-07-31,PLD,5
2014-07-31,PSX,5
2014-07-31,QQQ,5
2014-07-31,REGN,5
2014-07-31,SCHW,5
2014-07-31,SMCI,5
2014-07-31,SO,5
2014-07-31,STLD,5
2014-07-31,USMV,5
2014-07-31,VLO,5
2014-07-31,VNQ,5
2014-07-31,VYM,5
2014-07-31,VZ,5
2014-07-31,XLV,5
2014-07-31,ABBV,1
2014-07-31,AMD,1
2014-07-31,BAYRY,1
2014-07-31,BLK,1
2014-07-31,CAT,1
2014-07-31,CPB,1
2014-07-31,DE,1
2014-07-31,DG,1
2014-07-31,FMC,1
2014-07-31,IPI,1
2014-07-31,JNJ,1
2014-07-31,KO,1
2014-07-31,LXU,1
2014-07-31,MCD,1
2014-07-31,MKC,1
2014-07-31,MTSI,1
2014-07-31,O,1
2014-07-31,RF,1
2014-07-31,SPLV,1
2014-07-31,STM,1
2014-07-31,TDW,1
2014-07-31,UAN,1
2014-07-31,VIG,1
2014-07-31,XBI,1
2014-07-31,XLE,1
2014-07-31,XLU,1
2014-08-29,ALL,5
2014-08-29,ANDE,5
2014-08-29,BLK,5
2014-08-29,BX,5
2014-08-29,CAT,5
2014-08-29,DG,5
2014-08-29,DVY,5
2014-08-29,ENPH,5
2014-08-29,GSAT,5
2014-08-29,IRDM,5
2014-08-29,KO,5
2014-08-29,MPC,5
2014-08-29,MRK,5
2014-08-29,NEE,5
2014-08-29,NUE,5
2014-08-29,O,5
2014-08-29,PSX,5
2014-08-29,QQQ,5
2014-08-29,REGN,5
2014-08-29,STLD,5
2014-08-29,TSLA,5
2014-08-29,VLO,5
2014-08-29,VYM,5
2014-08-29,XBI,5
2014-08-29,AMD,1
2014-08-29,BAYRY,1
2014-08-29,BMY,1
2014-08-29,CVX,1
2014-08-29,DE,1
2014-08-29,DVN,1
2014-08-29,FITB,1
2014-08-29,FMC,1
2014-08-29,HBAN,1
2014-08-29,HMC,1
2014-08-29,IBM,1
2014-08-29,ICL,1
2014-08-29,IPI,1
2014-08-29,MCD,1
2014-08-29,PFE,1
2014-08-29,PG,1
2014-08-29,RF,1
2014-08-29,SMCI,1
2014-08-29,SO,1
2014-08-29,SPLV,1
2014-08-29,STM,1
2014-08-29,T,1
2014-08-29,UAN,1
2014-08-29,VIG,1
2014-08-29,WM,1
2014-09-30,ABBV,5
2014-09-30,AEP,5
2014-09-30,BAC,5
2014-09-30,BLK,5
2014-09-30,CAG,5
2014-09-30,CF,5
2014-09-30,DD,5
2014-09-30,GOOGL,5
2014-09-30,GSAT,5
2014-09-30,JNJ,5
2014-09-30,KMB,5
2014-09-30,KO,5
2014-09-30,LLY,5
2014-09-30,MPC,5
2014-09-30,NKE,5
2014-09-30,PEP,5
2014-09-30,PLD,5
2014-09-30,PSX,5
2014-09-30,QQQ,5
2014-09-30,SCHD,5
2014-09-30,SCHW,5
2014-09-30,SMCI,5
2014-09-30,VNQ,5
2014-09-30,VYM,5
2014-09-30,AMD,1
2014-09-30,C,1
2014-09-30,CAT,1
2014-09-30,CPB,1
2014-09-30,CVX,1
2014-09-30,DE,1
2014-09-30,DG,1
2014-09-30,DVY,1
2014-09-30,FITB,1
2014-09-30,FMC,1
2014-09-30,GIS,1
2014-09-30,ICL,1
2014-09-30,IPI,1
2014-09-30,MKC,1
2014-09-30,MTSI,1
2014-09-30,O,1
2014-09-30,PFE,1
2014-09-30,RF,1
2014-09-30,SO,1
2014-09-30,STM,1
2014-09-30,TDW,1
2014-09-30,UAN,1
2014-09-30,VIG,1
2014-09-30,XBI,1
2014-09-30,XLE,1
2014-10-31,AEP,5
2014-10-31,ALL,5
2014-10-31,ANDE,5
2014-10-31,BLK,5
2014-10-31,DD,5
2014-10-31,DVY,5
2014-10-31,GSAT,5
2014-10-31,IRDM,5
2014-10-31,KMB,5
2014-10-31,LXU,5
2014-10-31,MPC,5
2014-10-31,NKE,5
2014-10-31,O,5
2014-10-31,PEP,5
2014-10-31,PSX,5
2014-10-31,QQQ,5
2014-10-31,REGN,5
2014-10-31,SMCI,5
2014-10-31,SPLV,5
2014-10-31,STLD,5
2014-10-31,TSLA,5
2014-10-31,UNH,5
2014-10-31,VLO,5
2014-10-31,XBI,5
2014-10-31,AMD,1
2014-10-31,BX,1
2014-10-31,DE,1
2014-10-31,DVN,1
2014-10-31,FITB,1
2014-10-31,GIS,1
2014-10-31,GOOGL,1
2014-10-31,HMC,1
2014-10-31,IBM,1
2014-10-31,ICL,1
2014-10-31,IPI,1
2014-10-31,JNJ,1
2014-10-31,KO,1
2014-10-31,MKC,1
2014-10-31,MRK,1
2014-10-31,MTSI,1
2014-10-31,PFE,1
2014-10-31,RF,1
2014-10-31,STM,1
2014-10-31,TDW,1
2014-10-31,TGT,1
2014-10-31,UAN,1
2014-10-31,VIG,1
2014-10-31,WM,1
2014-10-31,XLE,1
2014-11-28,ABBV,5
2014-11-28,ALL,5
2014-11-28,BLK,5
2014-11-28,BX,5
2014-11-28,CF,5
2014-11-28,DD,5
2014-11-28,DVN,5
2014-11-28,GSAT,5
2014-11-28,IRDM,5
2014-11-28,KMB,5
2014-11-28,KO,5
2014-11-28,MPC,5
2014-11-28,NEE,5
2014-11-28,PEP,5
2014-11-28,QQQ,5
2014-11-28,REGN,5
2014-11-28,SMCI,5
2014-11-28,TGT,5
2014-11-28,USMV,5
2014-11-28,VLO,5
2014-11-28,VNQ,5
2014-11-28,VYM,5
2014-11-28,XBI,5
2014-11-28,XLU,5
2014-11-28,AMD,1
2014-11-28,ANDE,1
2014-11-28,BAC,1
2014-11-28,BMY,1
2014-11-28,C,1
2014-11-28,CVX,1
2014-11-28,DE,1
2014-11-28,DVY,1
2014-11-28,ENPH,1
2014-11-28,FITB,1
2014-11-28,FMC,1
2014-11-28,GIS,1
2014-11-28,GOOGL,1
2014-11-28,HMC,1
2014-11-28,IBM,1
2014-11-28,ICL,1
2014-11-28,JNJ,1
2014-11-28,MCD,1
2014-11-28,PFE,1
2014-11-28,TDW,1
2014-11-28,TTMI,1
2014-11-28,UAN,1
2014-11-28,VIG,1
2014-11-28,WM,1
2014-11-28,XLE,1
2014-12-31,AEP,5
2014-12-31,ALL,5
2014-12-31,CF,5
2014-12-31,DVN,5
2014-12-31,DVY,5
2014-12-31,GOOGL,5
2014-12-31,GSAT,5
2014-12-31,HBAN,5
2014-12-31,HPQ,5
2014-12-31,ICL,5
2014-12-31,KMB,5
2014-12-31,MPC,5
2014-12-31,O,5
2014-12-31,PG,5
2014-12-31,QQQ,5
2014-12-31,REGN,5
2014-12-31,RF,5
2014-12-31,SCHW,5
2014-12-31,SMCI,5
2014-12-31,SPLV,5
2014-12-31,TGT,5
2014-12-31,UNH,5
2014-12-31,VLO,5
2014-12-31,XBI,5
2014-12-31,AMD,1
2014-12-31,ANDE,1
2014-12-31,BA,1
2014-12-31,BAYRY,1
2014-12-31,C,1
2014-12-31,CAT,1
2014-12-31,CPB,1
2014-12-31,DE,1
2014-12-31,FITB,1
2014-12-31,HMC,1
2014-12-31,IBM,1
2014-12-31,IPI,1
2014-12-31,KO,1
2014-12-31,MCD,1
2014-12-31,MRK,1
2014-12-31,NUE,1
2014-12-31,PFE,1
2014-12-31,PSX,1
2014-12-31,SCHD,1
2014-12-31,STM,1
2014-12-31,TDW,1
2014-12-31,UAN,1
2014-12-31,VYM,1
2014-12-31,VZ,1
2014-12-31,XLE,1
2015-01-30,AEP,5
2015-01-30,ALL,5
2015-01-30,BX,5
2015-01-30,CB,5
2015-01-30,CF,5
2015-01-30,CPB,5
2015-01-30,LRCX,5
2015-01-30,MOS,5
2015-01-30,MPC,5
2015-01-30,O,5
2015-01-30,PEP,5
2015-01-30,QQQ,5
2015-01-30,REGN,5
2015-01-30,SBUX,5
2015-01-30,SMCI,5
2015-01-30,SPLV,5
2015-01-30,T,5
2015-01-30,UNH,5
2015-01-30,USMV,5
2015-01-30,VLO,5
2015-01-30,XBI,5
2015-01-30,XLP,5
2015-01-30,ABBV,1
2015-01-30,AMD,1
2015-01-30,ANDE,1
2015-01-30,BAC,1
2015-01-30,BAYRY,1
2015-01-30,C,1
2015-01-30,CAT,1
2015-01-30,CVX,1
2015-01-30,DE,1
2015-01-30,FITB,1
2015-01-30,FMC,1
2015-01-30,HMC,1
2015-01-30,HON,1
2015-01-30,IBM,1
2015-01-30,IPI,1
2015-01-30,JNJ,1
2015-01-30,NUE,1
2015-01-30,PFE,1
2015-01-30,PG,1
2015-01-30,RF,1
2015-01-30,SCHD,1
2015-01-30,SHEL,1
2015-01-30,TDW,1
2015-01-30,TTMI,1
2015-01-30,VIG,1
2015-02-27,AEP,5
2015-02-27,BLK,5
2015-02-27,IYR,5
2015-02-27,LRCX,5
2015-02-27,LXU,5
2015-02-27,MKC,5
2015-02-27,MOS,5
2015-02-27,MPC,5
2015-02-27,NEE,5
2015-02-27,PEP,5
2015-02-27,PFE,5
2015-02-27,PSX,5
2015-02-27,QQQ,5
2015-02-27,SBUX,5
2015-02-27,SCHW,5
2015-02-27,SMCI,5
2015-02-27,T,5
2015-02-27,UAN,5
2015-02-27,UNH,5
2015-02-27,USMV,5
2015-02-27,VLO,5
2015-02-27,VYM,5
2015-02-27,XBI,5
2015-02-27,XLP,5
2015-02-27,ABBV,1
2015-02-27,AMD,1
2015-02-27,ANDE,1
2015-02-27,BAC,1
2015-02-27,BAYRY,1
2015-02-27,BMY,1
2015-02-27,CAT,1
2015-02-27,CPB,1
2015-02-27,DVY,1
2015-02-27,FITB,1
2015-02-27,FMC,1
2015-02-27,HMC,1
2015-02-27,HON,1
2015-02-27,IBM,1
2015-02-27,ICL,1
2015-02-27,IPI,1
2015-02-27,MRK,1
2015-02-27,NUE,1
2015-02-27,PG,1
2015-02-27,RF,1
2015-02-27,SO,1
2015-02-27,SPLV,1
2015-02-27,STM,1
2015-02-27,TDW,1
2015-02-27,XLE,1
2015-03-31,AEP,5
2015-03-31,ALL,5
2015-03-31,BLK,5
2015-03-31,BX,5
2015-03-31,CAG,5
2015-03-31,DG,5
2015-03-31,GIS,5
2015-03-31,GSAT,5
2015-03-31,LXU,5
2015-03-31,MKC,5
2015-03-31,MPC,5
2015-03-31,NEE,5
2015-03-31,O,5
2015-03-31,PLD,5
2015-03-31,QQQ,5
2015-03-31,SCHW,5
2015-03-31,SMCI,5
2015-03-31,SPLV,5
2015-03-31,TGT,5
2015-03-31,UNH,5
2015-03-31,USMV,5
2015-03-31,VLO,5
2015-03-31,VNQ,5
2015-03-31,XBI,5
2015-03-31,ABBV,1
2015-03-31,AMD,1
2015-03-31,ANDE,1
2015-03-31,BAC,1
2015-03-31,C,1
2015-03-31,CAT,1
2015-03-31,DE,1
2015-03-31,FITB,1
2015-03-31,FMC,1
2015-03-31,HMC,1
2015-03-31,IBM,1
2015-03-31,IPI,1
2015-03-31,JNJ,1
2015-03-31,KO,1
2015-03-31,MCD,1
2015-03-31,MRK,1
2015-03-31,PFE,1
2015-03-31,PG,1
2015-03-31,RF,1
2015-03-31,SCHD,1
2015-03-31,SEDG,1
2015-03-31,SHEL,1
2015-03-31,SO,1
2015-03-31,TDW,1
2015-03-31,UAN,1
2015-03-31,VIG,1
2015-04-30,ABBV,5
2015-04-30,AEP,5
2015-04-30,BLK,5
2015-04-30,BX,5
2015-04-30,CAG,5
2015-04-30,CF,5
2015-04-30,DD,5
2015-04-30,DUK,5
2015-04-30,DVN,5
2015-04-30,GD,5
2015-04-30,GOOGL,5
2015-04-30,IYR,5
2015-04-30,JPM,5
2015-04-30,MPC,5
2015-04-30,MSFT,5
2015-04-30,PEP,5
2015-04-30,QQQ,5
2015-04-30,SBUX,5
2015-04-30,TDW,5
2015-04-30,UNH,5
2015-04-30,USMV,5
2015-04-30,VYM,5
2015-04-30,VZ,5
2015-04-30,XBI,5
2015-04-30,AMD,1
2015-04-30,ANDE,1
2015-04-30,BAYRY,1
2015-04-30,CB,1
2015-04-30,CPB,1
2015-04-30,FMC,1
2015-04-30,GSAT,1
2015-04-30,HMC,1
2015-04-30,IBM,1
2015-04-30,ICL,1
2015-04-30,IPI,1
2015-04-30,JNJ,1
2015-04-30,MCD,1
2015-04-30,PFE,1
2015-04-30,PG,1
2015-04-30,PSX,1
2015-04-30,RF,1
2015-04-30,SEDG,1
2015-04-30,SO,1
2015-04-30,SPLV,1
2015-04-30,STM,1
2015-04-30,TRV,1
2015-04-30,VIG,1
2015-04-30,VLO,1
2015-04-30,WM,1
2015-05-29,AEP,5
2015-05-29,BX,5
2015-05-29,CAG,5
2015-05-29,CF,5
2015-05-29,CPB,5
2015-05-29,GOOGL,5
2015-05-29,HBAN,5
2015-05-29,HON,5
2015-05-29,LXU,5
2015-05-29,MPC,5
2015-05-29,NEE,5
2015-05-29,PSX,5
2015-05-29,QQQ,5
2015-05-29,SBUX,5
2015-05-29,SCHW,5
2015-05-29,SMCI,5
2015-05-29,SPLV,5
2015-05-29,T,5
2015-05-29,TGT,5
2015-05-29,UNH,5
2015-05-29,USMV,5
2015-05-29,VLO,5
2015-05-29,VNQ,5
2015-05-29,XBI,5
2015-05-29,AMD,1
2015-05-29,ANDE,1
2015-05-29,BAYRY,1
2015-05-29,CAT,1
2015-05-29,CB,1
2015-05-29,DE,1
2015-05-29,DVY,1
2015-05-29,ENPH,1
2015-05-29,FITB,1
2015-05-29,FMC,1
2015-05-29,GSAT,1
2015-05-29,HMC,1
2015-05-29,IBM,1
2015-05-29,IPI,1
2015-05-29,JNJ,1
2015-05-29,MCD,1
2015-05-29,MRK,1
2015-05-29,PG,1
2015-05-29,SCHD,1
2015-05-29,SEDG,1
2015-05-29,SHEL,1
2015-05-29,SO,1
2015-05-29,TDW,1
2015-05-29,UAN,1
2015-05-29,XLE,1
2015-06-30,AEP,5
2015-06-30,C,5
2015-06-30,CAG,5
2015-06-30,CF,5
2015-06-30,DE,5
2015-06-30,GOOGL,5
2015-06-30,HBAN,5
2015-06-30,LRCX,5
2015-06-30,MKC,5
2015-06-30,MPC,5
2015-06-30,NKE,5
2015-06-30,O,5
2015-06-30,PSX,5
2015-06-30,QQQ,5
2015-06-30,SCHW,5
2015-06-30,SO,5
2015-06-30,SPLV,5
2015-06-30,T,5
2015-06-30,TGT,5
2015-06-30,UNH,5
2015-06-30,USMV,5
2015-06-30,VLO,5
2015-06-30,VZ,5
2015-06-30,XBI,5
2015-06-30,AMD,1
2015-06-30,ANDE,1
2015-06-30,BAYRY,1
2015-06-30,BLK,1
2015-06-30,CAT,1
2015-06-30,CB,1
2015-06-30,CVX,1
2015-06-30,DVN,1
2015-06-30,DVY,1
2015-06-30,ENPH,1
2015-06-30,FMC,1
2015-06-30,GSAT,1
2015-06-30,HMC,1
2015-06-30,IPI,1
2015-06-30,JNJ,1
2015-06-30,KO,1
2015-06-30,MCD,1
2015-06-30,MRK,1
2015-06-30,NUE,1
2015-06-30,SCHD,1
2015-06-30,SEDG,1
2015-06-30,TDW,1
2015-06-30,UAN,1
2015-06-30,WM,1
2015-06-30,XLU,1
2015-07-31,ALL,5
2015-07-31,C,5
2015-07-31,CAG,5
2015-07-31,CF,5
2015-07-31,GOOGL,5
2015-07-31,KMB,5
2015-07-31,MKC,5
2015-07-31,MPC,5
2015-07-31,NEE,5
2015-07-31,NKE,5
2015-07-31,NVDA,5
2015-07-31,O,5
2015-07-31,PLD,5
2015-07-31,PSX,5
2015-07-31,QQQ,5
2015-07-31,SBUX,5
2015-07-31,SCHW,5
2015-07-31,SMG,5
2015-07-31,SPLV,5
2015-07-31,T,5
2015-07-31,UNH,5
2015-07-31,USMV,5
2015-07-31,VLO,5
2015-07-31,XBI,5
2015-07-31,AMD,1
2015-07-31,ANDE,1
2015-07-31,BAYRY,1
2015-07-31,BLK,1
2015-07-31,CAT,1
2015-07-31,CVX,1
2015-07-31,DVN,1
2015-07-31,DVY,1
2015-07-31,ENPH,1
2015-07-31,FITB,1
2015-07-31,FMC,1
2015-07-31,GSAT,1
2015-07-31,HMC,1
2015-07-31,IPI,1
2015-07-31,IYR,1
2015-07-31,JNJ,1
2015-07-31,LXU,1
2015-07-31,MRK,1
2015-07-31,PEP,1
2015-07-31,PG,1
2015-07-31,RF,1
2015-07-31,SCHD,1
2015-07-31,SEDG,1
2015-07-31,SO,1
2015-07-31,TDW,1
2015-08-31,CAG,5
2015-08-31,CF,5
2015-08-31,CPB,5
2015-08-31,D,5
2015-08-31,GOOGL,5
2015-08-31,HBAN,5
2015-08-31,LLY,5
2015-08-31,LRCX,5
2015-08-31,MKC,5
2015-08-31,MPC,5
2015-08-31,NKE,5
2015-08-31,NUE,5
2015-08-31,NVDA,5
2015-08-31,O,5
2015-08-31,PSX,5
2015-08-31,QQQ,5
2015-08-31,SMCI,5
2015-08-31,SMG,5
2015-08-31,SO,5
2015-08-31,SPLV,5
2015-08-31,SYF,5
2015-08-31,UNH,5
2015-08-31,USMV,5
2015-08-31,VLO,5
2015-08-31,ALL,1
2015-08-31,AMD,1
2015-08-31,ANDE,1
2015-08-31,BAYRY,1
2015-08-31,BLK,1
2015-08-31,CAT,1
2015-08-31,DE,1
2015-08-31,DVN,1
2015-08-31,ENPH,1
2015-08-31,FMC,1
2015-08-31,GSAT,1
2015-08-31,HMC,1
2015-08-31,ICL,1
2015-08-31,IPI,1
2015-08-31,JNJ,1
2015-08-31,LXU,1
2015-08-31,MRK,1
2015-08-31,PFE,1
2015-08-31,PG,1
2015-08-31,RF,1
2015-08-31,SCHD,1
2015-08-31,SCHW,1
2015-08-31,SEDG,1
2015-08-31,SHEL,1
2015-08-31,TDW,1
2015-08-31,VIG,1
2015-09-30,AEP,5
2015-09-30,BMY,5
2015-09-30,CB,5
2015-09-30,CPB,5
2015-09-30,DD,5
2015-09-30,GOOGL,5
2015-09-30,HBAN,5
2015-09-30,LLY,5
2015-09-30,MKC,5
2015-09-30,MPC,5
2015-09-30,NKE,5
2015-09-30,NVDA,5
2015-09-30,O,5
2015-09-30,PLD,5
2015-09-30,PSX,5
2015-09-30,QQQ,5
2015-09-30,SMCI,5
2015-09-30,SMG,5
2015-09-30,SPLV,5
2015-09-30,SYF,5
2015-09-30,T,5
2015-09-30,UNH,5
2015-09-30,USMV,5
2015-09-30,VLO,5
2015-09-30,XLU,5
2015-09-30,ABBV,1
2015-09-30,AMD,1
2015-09-30,ANDE,1
2015-09-30,BAC,1
2015-09-30,BAYRY,1
2015-09-30,BLK,1
2015-09-30,C,1
2015-09-30,CAT,1
2015-09-30,DE,1
2015-09-30,DVN,1
2015-09-30,ENPH,1
2015-09-30,FMC,1
2015-09-30,HMC,1
2015-09-30,IPI,1
2015-09-30,IYR,1
2015-09-30,KO,1
2015-09-30,LXU,1
2015-09-30,MRK,1
2015-09-30,PG,1
2015-09-30,PYPL,1
2015-09-30,RF,1
2015-09-30,SCHD,1
2015-09-30,SEDG,1
2015-09-30,SHEL,1
2015-09-30,TDW,1
2015-09-30,VIG,1
2015-10-30,BLK,5
2015-10-30,BMY,5
2015-10-30,BX,5
2015-10-30,CB,5
2015-10-30,DD,5
2015-10-30,GOOGL,5
2015-10-30,LRCX,5
2015-10-30,MKC,5
2015-10-30,MPC,5
2015-10-30,NEE,5
2015-10-30,NKE,5
2015-10-30,NVDA,5
2015-10-30,O,5
2015-10-30,PEP,5
2015-10-30,PLD,5
2015-10-30,PSX,5
2015-10-30,QQQ,5
2015-10-30,REGN,5
2015-10-30,SBUX,5
2015-10-30,SCHW,5
2015-10-30,SMG,5
2015-10-30,SPLV,5
2015-10-30,UNH,5
2015-10-30,USMV,5
2015-10-30,VLO,5
2015-10-30,ABBV,1
2015-10-30,ALL,1
2015-10-30,AMD,1
2015-10-30,ANDE,1
2015-10-30,BAYRY,1
2015-10-30,CAT,1
2015-10-30,DE,1
2015-10-30,DG,1
2015-10-30,DVN,1
2015-10-30,DVY,1
2015-10-30,ENPH,1
2015-10-30,FITB,1
2015-10-30,GSAT,1
2015-10-30,IBM,1
2015-10-30,IPI,1
2015-10-30,IYR,1
2015-10-30,JNJ,1
2015-10-30,LXU,1
2015-10-30,PG,1
2015-10-30,PYPL,1
2015-10-30,RF,1
2015-10-30,SEDG,1
2015-10-30,SMCI,1
2015-10-30,TDG,1
2015-10-30,TDW,1
2015-10-30,UAN,1
2015-11-30,AEP,5
2015-11-30,ARKK,5
2015-11-30,CAG,5
2015-11-30,CFG,5
2015-11-30,CPB,5
2015-11-30,DD,5
2015-11-30,FMC,5
2015-11-30,GOOGL,5
2015-11-30,GSAT,5
2015-11-30,HBAN,5
2015-11-30,LLY,5
2015-11-30,MKC,5
2015-11-30,MPC,5
2015-11-30,NKE,5
2015-11-30,NVDA,5
2015-11-30,O,5
2015-11-30,PLD,5
2015-11-30,REGN,5
2015-11-30,SCHW,5
2015-11-30,SMG,5
2015-11-30,SO,5
2015-11-30,SPLV,5
2015-11-30,USMV,5
2015-11-30,VLO,5
2015-11-30,XBI,5
2015-11-30,ABBV,1
2015-11-30,ALL,1
2015-11-30,AMD,1
2015-11-30,ANDE,1
2015-11-30,BAYRY,1
2015-11-30,BX,1
2015-11-30,C,1
2015-11-30,CAT,1
2015-11-30,DE,1
2015-11-30,DG,1
2015-11-30,ENPH,1
2015-11-30,IBM,1
2015-11-30,IPI,1
2015-11-30,IYR,1
2015-11-30,KO,1
2015-11-30,LXU,1
2015-11-30,MRK,1
2015-11-30,PG,1
2015-11-30,PYPL,1
2015-11-30,SEDG,1
2015-11-30,SHEL,1
2015-11-30,SMCI,1
2015-11-30,TDW,1
2015-11-30,TGT,1
2015-11-30,VIG,1
2015-11-30,XLE,1
2015-12-31,BMY,5
2015-12-31,CAG,5
2015-12-31,CB,5
2015-12-31,CFG,5
2015-12-31,CPB,5
2015-12-31,DD,5
2015-12-31,GOOGL,5
2015-12-31,JPM,5
2015-12-31,LLY,5
2015-12-31,LRCX,5
2015-12-31,MCD,5
2015-12-31,MPC,5
2015-12-31,NVDA,5
2015-12-31,O,5
2015-12-31,PLD,5
2015-12-31,PSX,5
2015-12-31,QQQ,5
2015-12-31,REGN,5
2015-12-31,SCHW,5
2015-12-31,SO,5
2015-12-31,SPLV,5
2015-12-31,T,5
2015-12-31,USMV,5
2015-12-31,VLO,5
2015-12-31,ABBV,1
2015-12-31,ALL,1
2015-12-31,ANDE,1
2015-12-31,BAC,1
2015-12-31,BAYRY,1
2015-12-31,BX,1
2015-12-31,CAT,1
2015-12-31,DE,1
2015-12-31,DVN,1
2015-12-31,DVY,1
2015-12-31,GSAT,1
2015-12-31,HMC,1
2015-12-31,ICL,1
2015-12-31,IPI,1
2015-12-31,IYR,1
2015-12-31,KO,1
2015-12-31,MRK,1
2015-12-31,PG,1
2015-12-31,PYPL,1
2015-12-31,RF,1
2015-12-31,SEDG,1
2015-12-31,SHEL,1
2015-12-31,SMCI,1
2015-12-31,TDW,1
2015-12-31,TGT,1
2015-12-31,VIG,1
2015-12-31,VUG,1
2015-12-31,XLU,1
2016-01-29,AFL,5
2016-01-29,ALL,5
2016-01-29,CB,5
2016-01-29,CPB,5
2016-01-29,GOOGL,5
2016-01-29,JNJ,5
2016-01-29,JPM,5
2016-01-29,LLY,5
2016-01-29,LRCX,5
2016-01-29,MCD,5
2016-01-29,MKC,5
2016-01-29,NEE,5
2016-01-29,NUE,5
2016-01-29,NVDA,5
2016-01-29,O,5
2016-01-29,PSX,5
2016-01-29,QQQ,5
2016-01-29,SMCI,5
2016-01-29,SO,5
2016-01-29,SPLV,5
2016-01-29,UNH,5
2016-01-29,USMV,5
2016-01-29,VLO,5
2016-01-29,VZ,5
2016-01-29,XOM,5
2016-01-29,AMD,1
2016-01-29,ANDE,1
2016-01-29,ARKK,1
2016-01-29,BAYRY,1
2016-01-29,BX,1
2016-01-29,C,1
2016-01-29,CAT,1
2016-01-29,CFG,1
2016-01-29,DE,1
2016-01-29,DVN,1
2016-01-29,DVY,1
2016-01-29,ENPH,1
2016-01-29,FITB,1
2016-01-29,GSAT,1
2016-01-29,HBAN,1
2016-01-29,HMC,1
2016-01-29,IPI,1
2016-01-29,KO,1
2016-01-29,LXU,1
2016-01-29,PG,1
2016-01-29,PYPL,1
2016-01-29,SEDG,1
2016-01-29,TDW,1
2016-01-29,UAN,1
2016-01-29,VIG,1
2016-01-29,XBI,1
2016-01-29,XLU,1
2016-02-29,AEP,5
2016-02-29,AFL,5
2016-02-29,ALL,5
2016-02-29,BMY,5
2016-02-29,CAG,5
2016-02-29,CB,5
2016-02-29,CPB,5
2016-02-29,CSCO,5
2016-02-29,DD,5
2016-02-29,DVY,5
2016-02-29,GOOGL,5
2016-02-29,HBAN,5
2016-02-29,JNJ,5
2016-02-29,LRCX,5
2016-02-29,MKC,5
2016-02-29,NKE,5
2016-02-29,NVDA,5
2016-02-29,O,5
2016-02-29,PSX,5
2016-02-29,QQQ,5
2016-02-29,SPLV,5
2016-02-29,T,5
2016-02-29,UAN,5
2016-02-29,UNH,5
2016-02-29,XOM,5
2016-02-29,AMD,1
2016-02-29,ANDE,1
2016-02-29,ARKK,1
2016-02-29,BAC,1
2016-02-29,BAYRY,1
2016-02-29,C,1
2016-02-29,CFG,1
2016-02-29,DVN,1
2016-02-29,ENPH,1
2016-02-29,HII,1
2016-02-29,HMC,1
2016-02-29,HON,1
2016-02-29,ICL,1
2016-02-29,IPI,1
2016-02-29,LXU,1
2016-02-29,PEP,1
2016-02-29,PG,1
2016-02-29,PYPL,1
2016-02-29,RF,1
2016-02-29,SEDG,1
2016-02-29,STM,1
2016-02-29,TDG,1
2016-02-29,TDW,1
2016-02-29,VIG,1
2016-02-29,VYM,1
2016-02-29,XBI,1
2016-03-31,ABBV,5
2016-03-31,AEP,5
2016-03-31,ARKK,5
2016-03-31,BLK,5
2016-03-31,CAT,5
2016-03-31,CB,5
2016-03-31,CPB,5
2016-03-31,CVX,5
2016-03-31,DG,5
2016-03-31,DVN,5
2016-03-31,DVY,5
2016-03-31,GOOGL,5
2016-03-31,HON,5
2016-03-31,JNJ,5
2016-03-31,LRCX,5
2016-03-31,LXU,5
2016-03-31,MKC,5
2016-03-31,NUE,5
2016-03-31,O,5
2016-03-31,PLD,5
2016-03-31,PSX,5
2016-03-31,SO,5
2016-03-31,SPLV,5
2016-03-31,T,5
2016-03-31,UNH,5
2016-03-31,ANDE,1
2016-03-31,BAC,1
2016-03-31,BX,1
2016-03-31,C,1
2016-03-31,CFG,1
2016-03-31,DE,1
2016-03-31,ENPH,1
2016-03-31,GSAT,1
2016-03-31,HMC,1
2016-03-31,ICL,1
2016-03-31,IPI,1
2016-03-31,IYR,1
2016-03-31,PFE,1
2016-03-31,PG,1
2016-03-31,PYPL,1
2016-03-31,RF,1
2016-03-31,SHEL,1
2016-03-31,SMCI,1
2016-03-31,STM,1
2016-03-31,TDW,1
2016-03-31,TGT,1
2016-03-31,VIG,1
2016-03-31,VUG,1
2016-03-31,VYM,1
2016-03-31,XBI,1
2016-03-31,XLP,1
2016-04-29,AFL,5
2016-04-29,BMY,5
2016-04-29,CAG,5
2016-04-29,CPB,5
2016-04-29,DD,5
2016-04-29,DVN,5
2016-04-29,DVY,5
2016-04-29,FITB,5
2016-04-29,GOOGL,5
2016-04-29,GSAT,5
2016-04-29,JNJ,5
2016-04-29,JPM,5
2016-04-29,MCD,5
2016-04-29,NKE,5
2016-04-29,NUE,5
2016-04-29,O,5
2016-04-29,PLD,5
2016-04-29,RF,5
2016-04-29,SO,5
2016-04-29,SPLV,5
2016-04-29,T,5
2016-04-29,TDW,5
2016-04-29,UNH,5
2016-04-29,VUG,5
2016-04-29,XOM,5
2016-04-29,ALL,1
2016-04-29,AMD,1
2016-04-29,ANDE,1
2016-04-29,BAYRY,1
2016-04-29,BX,1
2016-04-29,CAT,1
2016-04-29,ENPH,1
2016-04-29,GIS,1
2016-04-29,HMC,1
2016-04-29,IBM,1
2016-04-29,IPI,1
2016-04-29,IYR,1
2016-04-29,KO,1
2016-04-29,LXU,1
2016-04-29,MRK,1
2016-04-29,PG,1
2016-04-29,PSX,1
2016-04-29,PYPL,1
2016-04-29,QQQ,1
2016-04-29,SCHD,1
2016-04-29,SCHW,1
2016-04-29,SMCI,1
2016-04-29,TGT,1
2016-04-29,VIG,1
2016-04-29,VLO,1
2016-04-29,XBI,1
2016-05-31,AEP,5
2016-05-31,AFL,5
2016-05-31,ALL,5
2016-05-31,CAG,5
2016-05-31,CB,5
2016-05-31,FMC,5
2016-05-31,GOOGL,5
2016-05-31,JNJ,5
2016-05-31,LRCX,5
2016-05-31,MCD,5
2016-05-31,MKC,5
2016-05-31,NEE,5
2016-05-31,NVDA,5
2016-05-31,O,5
2016-05-31,PFE,5
2016-05-31,PLD,5
2016-05-31,PSX,5
2016-05-31,QQQ,5
2016-05-31,SCHW,5
2016-05-31,SPLV,5
2016-05-31,T,5
2016-05-31,TDG,5
2016-05-31,UNH,5
2016-05-31,USMV,5
2016-05-31,XOM,5
2016-05-31,ANDE,1
2016-05-31,ARKK,1
2016-05-31,BAC,1
2016-05-31,BAYRY,1
2016-05-31,BX,1
2016-05-31,C,1
2016-05-31,CAT,1
2016-05-31,CFG,1
2016-05-31,DE,1
2016-05-31,DVN,1
2016-05-31,ENPH,1
2016-05-31,IPI,1
2016-05-31,IYR,1
2016-05-31,LXU,1
2016-05-31,MTSI,1
2016-05-31,PEP,1
2016-05-31,PG,1
2016-05-31,PYPL,1
2016-05-31,SEDG,1
2016-05-31,SMCI,1
2016-05-31,STM,1
2016-05-31,TDW,1
2016-05-31,TGT,1
2016-05-31,VIG,1
2016-05-31,VYM,1
2016-05-31,XBI,1
2016-06-30,AEP,5
2016-06-30,AFL,5
2016-06-30,ALL,5
2016-06-30,BLK,5
2016-06-30,BMY,5
2016-06-30,CB,5
2016-06-30,CPB,5
2016-06-30,CVX,5
2016-06-30,GIS,5
2016-06-30,GOOGL,5
2016-06-30,JNJ,5
2016-06-30,MCD,5
2016-06-30,MKC,5
2016-06-30,MPC,5
2016-06-30,NEE,5
2016-06-30,NUE,5
2016-06-30,O,5
2016-06-30,PLD,5
2016-06-30,SHEL,5
2016-06-30,SPLV,5
2016-06-30,T,5
2016-06-30,UNH,5
2016-06-30,USMV,5
2016-06-30,VUG,5
2016-06-30,VZ,5
2016-06-30,ANDE,1
2016-06-30,ARKK,1
2016-06-30,BAYRY,1
2016-06-30,BX,1
2016-06-30,CAG,1
2016-06-30,CAT,1
2016-06-30,CFG,1
2016-06-30,DE,1
2016-06-30,DVN,1
2016-06-30,ENPH,1
2016-06-30,GSAT,1
2016-06-30,HBAN,1
2016-06-30,HMC,1
2016-06-30,ICL,1
2016-06-30,IYR,1
2016-06-30,LXU,1
2016-06-30,MTSI,1
2016-06-30,PG,1
2016-06-30,PYPL,1
2016-06-30,SCHW,1
2016-06-30,SEDG,1
2016-06-30,SMCI,1
2016-06-30,STM,1
2016-06-30,SYF,1
2016-06-30,TDW,1
2016-06-30,VIG,1
2016-06-30,VLO,1
2016-06-30,VYM,1
2016-06-30,XBI,1
2016-07-29,AEP,5
2016-07-29,BLK,5
2016-07-29,CAT,5
2016-07-29,CFG,5
2016-07-29,CVX,5
2016-07-29,DD,5
2016-07-29,DVY,5
2016-07-29,FITB,5
2016-07-29,GIS,5
2016-07-29,GOOGL,5
2016-07-29,IVZ,5
2016-07-29,JNJ,5
2016-07-29,MPC,5
2016-07-29,NUE,5
2016-07-29,PEP,5
2016-07-29,PG,5
2016-07-29,PLD,5
2016-07-29,QQQ,5
2016-07-29,REGN,5
2016-07-29,SCHD,5
2016-07-29,SCHW,5
2016-07-29,SO,5
2016-07-29,STM,5
2016-07-29,T,5
2016-07-29,XBI,5
2016-07-29,ALL,1
2016-07-29,BAYRY,1
2016-07-29,C,1
2016-07-29,CAG,1
2016-07-29,CB,1
2016-07-29,DE,1
2016-07-29,ENPH,1
2016-07-29,GSAT,1
2016-07-29,HBAN,1
2016-07-29,HMC,1
2016-07-29,HON,1
2016-07-29,IPI,1
2016-07-29,IYR,1
2016-07-29,KO,1
2016-07-29,LXU,1
2016-07-29,MRK,1
2016-07-29,NKE,1
2016-07-29,PSX,1
2016-07-29,PYPL,1
2016-07-29,SHEL,1
2016-07-29,SMCI,1
2016-07-29,SPLV,1
2016-07-29,TDW,1
2016-07-29,TRV,1
2016-07-29,UAN,1
2016-07-29,XLV,1
2016-08-31,AFL,5
2016-08-31,BAC,5
2016-08-31,CFG,5
2016-08-31,CVX,5
2016-08-31,DD,5
2016-08-31,DE,5
2016-08-31,DVN,5
2016-08-31,DVY,5
2016-08-31,GOOGL,5
2016-08-31,GSAT,5
2016-08-31,HMC,5
2016-08-31,JNJ,5
2016-08-31,MKC,5
2016-08-31,MOS,5
2016-08-31,MPC,5
2016-08-31,MRK,5
2016-08-31,NKE,5
2016-08-31,PFE,5
2016-08-31,PG,5
2016-08-31,PLD,5
2016-08-31,QQQ,5
2016-08-31,RF,5
2016-08-31,SCHD,5
2016-08-31,SCHW,5
2016-08-31,SO,5
2016-08-31,ANDE,1
2016-08-31,BMY,1
2016-08-31,BX,1
2016-08-31,CAG,1
2016-08-31,CAT,1
2016-08-31,ENPH,1
2016-08-31,HBAN,1
2016-08-31,IBM,1
2016-08-31,IPI,1
2016-08-31,IYR,1
2016-08-31,KO,1
2016-08-31,LMT,1
2016-08-31,LXU,1
2016-08-31,PEP,1
2016-08-31,PSX,1
2016-08-31,PYPL,1
2016-08-31,SEDG,1
2016-08-31,SHEL,1
2016-08-31,SMCI,1
2016-08-31,SPLV,1
2016-08-31,SYF,1
2016-08-31,TDW,1
2016-08-31,UAN,1
2016-08-31,USMV,1
2016-08-31,VUG,1
2016-08-31,XBI,1
2016-08-31,XLF,1
2016-09-30,ALL,5
2016-09-30,ARKK,5
2016-09-30,CAG,5
2016-09-30,CAT,5
2016-09-30,CB,5
2016-09-30,CVX,5
2016-09-30,DVY,5
2016-09-30,FITB,5
2016-09-30,FMC,5
2016-09-30,GOOGL,5
2016-09-30,HPQ,5
2016-09-30,MCD,5
2016-09-30,MRK,5
2016-09-30,NEE,5
2016-09-30,NVDA,5
2016-09-30,O,5
2016-09-30,PEP,5
2016-09-30,PG,5
2016-09-30,PLD,5
2016-09-30,SCHD,5
2016-09-30,SCHW,5
2016-09-30,UNH,5
2016-09-30,XBI,5
2016-09-30,XLE,5
2016-09-30,XLU,5
2016-09-30,ANDE,1
2016-09-30,BAC,1
2016-09-30,BAYRY,1
2016-09-30,BMY,1
2016-09-30,BX,1
2016-09-30,C,1
2016-09-30,CPB,1
2016-09-30,ENPH,1
2016-09-30,GIS,1
2016-09-30,GSAT,1
2016-09-30,HBAN,1
2016-09-30,HMC,1
2016-09-30,IBM,1
2016-09-30,IPI,1
2016-09-30,KO,1
2016-09-30,LMT,1
2016-09-30,LXU,1
2016-09-30,MTSI,1
2016-09-30,NKE,1
2016-09-30,PFE,1
2016-09-30,SMCI,1
2016-09-30,SYF,1
2016-09-30,TDW,1
2016-09-30,VIG,1
2016-09-30,VLO,1
2016-09-30,VNQ,1
2016-10-31,AEP,5
2016-10-31,ANDE,5
2016-10-31,CAG,5
2016-10-31,CFG,5
2016-10-31,CVX,5
2016-10-31,DG,5
2016-10-31,DVY,5
2016-10-31,FITB,5
2016-10-31,GOOGL,5
2016-10-31,HBAN,5
2016-10-31,HII,5
2016-10-31,HMC,5
2016-10-31,JNJ,5
2016-10-31,MOS,5
2016-10-31,MPC,5
2016-10-31,MRK,5
2016-10-31,NUE,5
2016-10-31,NVDA,5
2016-10-31,PLD,5
2016-10-31,QQQ,5
2016-10-31,RF,5
2016-10-31,SCHD,5
2016-10-31,STM,5
2016-10-31,UNH,5
2016-10-31,VLO,5
2016-10-31,ABBV,1
2016-10-31,ARKK,1
2016-10-31,BLK,1
2016-10-31,BX,1
2016-10-31,CAT,1
2016-10-31,DVN,1
2016-10-31,ENPH,1
2016-10-31,GIS,1
2016-10-31,GSAT,1
2016-10-31,HON,1
2016-10-31,IPI,1
2016-10-31,KO,1
2016-10-31,LMT,1
2016-10-31,LXU,1
2016-10-31,MTSI,1
2016-10-31,NKE,1
2016-10-31,PEP,1
2016-10-31,PYPL,1
2016-10-31,SMCI,1
2016-10-31,TDW,1
2016-10-31,TRV,1
2016-10-31,UAN,1
2016-10-31,USMV,1
2016-10-31,VIG,1
2016-10-31,VNQ,1
2016-10-31,XBI,1
2016-11-30,ABBV,5
2016-11-30,ANDE,5
2016-11-30,BAC,5
2016-11-30,CAG,5
2016-11-30,CAT,5
2016-11-30,CFG,5
2016-11-30,CPB,5
2016-11-30,DG,5
2016-11-30,DVN,5
2016-11-30,DVY,5
2016-11-30,FITB,5
2016-11-30,LXU,5
2016-11-30,MRK,5
2016-11-30,NUE,5
2016-11-30,NVDA,5
2016-11-30,PLD,5
2016-11-30,RF,5
2016-11-30,T,5
2016-11-30,TDW,5
2016-11-30,TGT,5
2016-11-30,UNH,5
2016-11-30,VUG,5
2016-11-30,VYM,5
2016-11-30,VZ,5
2016-11-30,XLU,5
2016-11-30,AEP,1
2016-11-30,ARKK,1
2016-11-30,BAYRY,1
2016-11-30,BX,1
2016-11-30,CB,1
2016-11-30,ENPH,1
2016-11-30,GSAT,1
2016-11-30,HON,1
2016-11-30,ICL,1
2016-11-30,IPI,1
2016-11-30,IYR,1
2016-11-30,KO,1
2016-11-30,LLY,1
2016-11-30,LMT,1
2016-11-30,NKE,1
2016-11-30,ORCL,1
2016-11-30,PEP,1
2016-11-30,PSX,1
2016-11-30,PYPL,1
2016-11-30,SEDG,1
2016-11-30,SO,1
2016-11-30,SPLV,1
2016-11-30,TRV,1
2016-11-30,UAN,1
2016-11-30,USMV,1
2016-11-30,VLO,1
2016-12-30,ABBV,5
2016-12-30,AEP,5
2016-12-30,ANDE,5
2016-12-30,BAC,5
2016-12-30,CAG,5
2016-12-30,CFG,5
2016-12-30,CVX,5
2016-12-30,DE,5
2016-12-30,DVN,5
2016-12-30,DVY,5
2016-12-30,FITB,5
2016-12-30,GSAT,5
2016-12-30,HII,5
2016-12-30,JNJ,5
2016-12-30,JPM,5
2016-12-30,LRCX,5
2016-12-30,NEE,5
2016-12-30,NVDA,5
2016-12-30,PLD,5
2016-12-30,QQQ,5
2016-12-30,RF,5
2016-12-30,STM,5
2016-12-30,T,5
2016-12-30,UNH,5
2016-12-30,VYM,5
2016-12-30,ARKK,1
2016-12-30,BLK,1
2016-12-30,BMY,1
2016-12-30,BX,1
2016-12-30,ENPH,1
2016-12-30,GIS,1
2016-12-30,HON,1
2016-12-30,ICL,1
2016-12-30,IYR,1
2016-12-30,KO,1
2016-12-30,LMT,1
2016-12-30,LXU,1
2016-12-30,MTSI,1
2016-12-30,NKE,1
2016-12-30,NOC,1
2016-12-30,ORCL,1
2016-12-30,PSX,1
2016-12-30,PYPL,1
2016-12-30,REGN,1
2016-12-30,SO,1
2016-12-30,SPLV,1
2016-12-30,TDW,1
2016-12-30,VIG,1
2016-12-30,XBI,1
2016-12-30,XLP,1
2016-12-30,XLV,1
2017-01-31,ARKK,5
2017-01-31,BX,5
2017-01-31,CAT,5
2017-01-31,CFG,5
2017-01-31,DVN,5
2017-01-31,DVY,5
2017-01-31,FMC,5
2017-01-31,GOOGL,5
2017-01-31,GSAT,5
2017-01-31,ICL,5
2017-01-31,KMB,5
2017-01-31,LRCX,5
2017-01-31,MO,5
2017-01-31,MRK,5
2017-01-31,NVDA,5
2017-01-31,O,5
2017-01-31,PG,5
2017-01-31,RF,5
2017-01-31,SCHW,5
2017-01-31,SHEL,5
2017-01-31,STM,5
2017-01-31,UNH,5
2017-01-31,VIG,5
2017-01-31,XBI,5
2017-01-31,XLU,5
2017-01-31,ANDE,1
2017-01-31,BLK,1
2017-01-31,BMY,1
2017-01-31,C,1
2017-01-31,CB,1
2017-01-31,ENPH,1
2017-01-31,IPI,1
2017-01-31,KO,1
2017-01-31,LMT,1
2017-01-31,MTSI,1
2017-01-31,NUE,1
2017-01-31,ORCL,1
2017-01-31,PEP,1
2017-01-31,PFE,1
2017-01-31,PSX,1
2017-01-31,PYPL,1
2017-01-31,SCHD,1
2017-01-31,SMCI,1
2017-01-31,SO,1
2017-01-31,SPLV,1
2017-01-31,TDW,1
2017-01-31,TGT,1
2017-01-31,TRV,1
2017-01-31,VUG,1
2017-01-31,VZ,1
2017-01-31,WM,1
2017-02-28,ANDE,5
2017-02-28,ARKK,5
2017-02-28,BAC,5
2017-02-28,BMY,5
2017-02-28,CFG,5
2017-02-28,DUK,5
2017-02-28,DVN,5
2017-02-28,DVY,5
2017-02-28,FITB,5
2017-02-28,GOOGL,5
2017-02-28,HMC,5
2017-02-28,HPQ,5
2017-02-28,IVZ,5
2017-02-28,JPM,5
2017-02-28,LLY,5
2017-02-28,LXU,5
2017-02-28,MPC,5
2017-02-28,NVDA,5
2017-02-28,PLD,5
2017-02-28,RF,5
2017-02-28,STM,5
2017-02-28,TDG,5
2017-02-28,USMV,5
2017-02-28,XBI,5
2017-02-28,ABBV,1
2017-02-28,BAYRY,1
2017-02-28,BLK,1
2017-02-28,BX,1
2017-02-28,CAT,1
2017-02-28,CPB,1
2017-02-28,ENPH,1
2017-02-28,GIS,1
2017-02-28,GSAT,1
2017-02-28,HON,1
2017-02-28,ICL,1
2017-02-28,KO,1
2017-02-28,LMT,1
2017-02-28,MKC,1
2017-02-28,MTSI,1
2017-02-28,O,1
2017-02-28,ORCL,1
2017-02-28,PSX,1
2017-02-28,PYPL,1
2017-02-28,SCHD,1
2017-02-28,SMCI,1
2017-02-28,SO,1
2017-02-28,SYF,1
2017-02-28,TDW,1
2017-02-28,TGT,1
2017-02-28,TRV,1
2017-02-28,UAN,1
2017-02-28,VUG,1
2017-02-28,VYM,1
2017-03-31,ABBV,5
2017-03-31,AEP,5
2017-03-31,ALL,5
2017-03-31,ANDE,5
2017-03-31,ARKK,5
2017-03-31,BAC,5
2017-03-31,C,5
2017-03-31,DD,5
2017-03-31,DE,5
2017-03-31,DVN,5
2017-03-31,FMC,5
2017-03-31,GOOGL,5
2017-03-31,GSAT,5
2017-03-31,JNJ,5
2017-03-31,LLY,5
2017-03-31,LRCX,5
2017-03-31,MPC,5
2017-03-31,NVDA,5
2017-03-31,PEP,5
2017-03-31,PLD,5
2017-03-31,RF,5
2017-03-31,SCHD,5
2017-03-31,STM,5
2017-03-31,UNH,5
2017-03-31,USMV,5
2017-03-31,BMY,1
2017-03-31,CFG,1
2017-03-31,CPB,1
2017-03-31,CVX,1
2017-03-31,DVY,1
2017-03-31,ENPH,1
2017-03-31,FITB,1
2017-03-31,GIS,1
2017-03-31,HBAN,1
2017-03-31,IBM,1
2017-03-31,IPI,1
2017-03-31,LXU,1
2017-03-31,MKC,1
2017-03-31,MRK,1
2017-03-31,O,1
2017-03-31,PYPL,1
2017-03-31,SMCI,1
2017-03-31,SO,1
2017-03-31,SPLV,1
2017-03-31,SYF,1
2017-03-31,TDW,1
2017-03-31,TGT,1
2017-03-31,TRV,1
2017-03-31,UAN,1
2017-03-31,VUG,1
2017-03-31,VZ,1
2017-03-31,XLV,1
2017-04-28,ARKK,5
2017-04-28,BAYRY,5
2017-04-28,BX,5
2017-04-28,CAT,5
2017-04-28,CFG,5
2017-04-28,FMC,5
2017-04-28,GOOGL,5
2017-04-28,GSAT,5
2017-04-28,LRCX,5
2017-04-28,LXU,5
2017-04-28,MCD,5
2017-04-28,MKC,5
2017-04-28,MPC,5
2017-04-28,NEE,5
2017-04-28,NVDA,5
2017-04-28,PEP,5
2017-04-28,PLD,5
2017-04-28,PSX,5
2017-04-28,STM,5
2017-04-28,TDG,5
2017-04-28,UNH,5
2017-04-28,USMV,5
2017-04-28,VIG,5
2017-04-28,XBI,5
2017-04-28,XLU,5
2017-04-28,BLK,1
2017-04-28,BMY,1
2017-04-28,CAG,1
2017-04-28,ENPH,1
2017-04-28,FITB,1
2017-04-28,GIS,1
2017-04-28,HBAN,1
2017-04-28,HMC,1
2017-04-28,IBM,1
2017-04-28,LLY,1
2017-04-28,MTSI,1
2017-04-28,O,1
2017-04-28,PFE,1
2017-04-28,PG,1
2017-04-28,RF,1
2017-04-28,SCHW,1
2017-04-28,SMCI,1
2017-04-28,SO,1
2017-04-28,SYF,1
2017-04-28,TDW,1
2017-04-28,TGT,1
2017-04-28,UAN,1
2017-04-28,VYM,1
2017-04-28,VZ,1
2017-04-28,WM,1
2017-04-28,XLE,1
2017-05-31,AEP,5
2017-05-31,ALL,5
2017-05-31,ARKK,5
2017-05-31,BAC,5
2017-05-31,BAYRY,5
2017-05-31,BX,5
2017-05-31,CAT,5
2017-05-31,DD,5
2017-05-31,DE,5
2017-05-31,FMC,5
2017-05-31,GOOGL,5
2017-05-31,GSAT,5
2017-05-31,LRCX,5
2017-05-31,MCD,5
2017-05-31,MPC,5
2017-05-31,NEE,5
2017-05-31,NVDA,5
2017-05-31,PLD,5
2017-05-31,RF,5
2017-05-31,SHEL,5
2017-05-31,SPLV,5
2017-05-31,STM,5
2017-05-31,UNH,5
2017-05-31,VIG,5
2017-05-31,VLO,5
2017-05-31,ANDE,1
2017-05-31,BMY,1
2017-05-31,CPB,1
2017-05-31,CW,1
2017-05-31,DVN,1
2017-05-31,DVY,1
2017-05-31,ENPH,1
2017-05-31,FANG,1
2017-05-31,GIS,1
2017-05-31,HBAN,1
2017-05-31,HON,1
2017-05-31,IBM,1
2017-05-31,LLY,1
2017-05-31,LXU,1
2017-05-31,O,1
2017-05-31,PFE,1
2017-05-31,SMCI,1
2017-05-31,SO,1
2017-05-31,SYF,1
2017-05-31,TDW,1
2017-05-31,TGT,1
2017-05-31,UAN,1
2017-05-31,VUG,1
2017-05-31,VYM,1
2017-05-31,WM,1
2017-05-31,XLU,1
2017-06-30,ABBV,5
2017-06-30,ARKK,5
2017-06-30,BAC,5
2017-06-30,C,5
2017-06-30,CAT,5
2017-06-30,DE,5
2017-06-30,DVY,5
2017-06-30,GOOGL,5
2017-06-30,GSAT,5
2017-06-30,ICL,5
2017-06-30,MO,5
2017-06-30,MPC,5
2017-06-30,NEE,5
2017-06-30,NKE,5
2017-06-30,NVDA,5
2017-06-30,PEP,5
2017-06-30,PG,5
2017-06-30,PLD,5
2017-06-30,PSX,5
2017-06-30,RF,5
2017-06-30,SCHW,5
2017-06-30,UNH,5
2017-06-30,VLO,5
2017-06-30,VYM,5
2017-06-30,XBI,5
2017-06-30,ALL,1
2017-06-30,BAYRY,1
2017-06-30,BLK,1
2017-06-30,BMY,1
2017-06-30,BX,1
2017-06-30,CAG,1
2017-06-30,CB,1
2017-06-30,CPB,1
2017-06-30,DVN,1
2017-06-30,ENPH,1
2017-06-30,FANG,1
2017-06-30,LXU,1
2017-06-30,MKC,1
2017-06-30,MRK,1
2017-06-30,O,1
2017-06-30,PYPL,1
2017-06-30,QQQ,1
2017-06-30,SMCI,1
2017-06-30,SO,1
2017-06-30,SPLV,1
2017-06-30,TDW,1
2017-06-30,TRV,1
2017-06-30,UAN,1
2017-06-30,USMV,1
2017-06-30,VZ,1
2017-06-30,WM,1
2017-07-31,ARKK,5
2017-07-31,BAC,5
2017-07-31,C,5
2017-07-31,DE,5
2017-07-31,FMC,5
2017-07-31,GOOGL,5
2017-07-31,HMC,5
2017-07-31,KO,5
2017-07-31,LRCX,5
2017-07-31,MCD,5
2017-07-31,MPC,5
2017-07-31,NEE,5
2017-07-31,NVDA,5
2017-07-31,PG,5
2017-07-31,PLD,5
2017-07-31,RF,5
2017-07-31,SCHD,5
2017-07-31,STM,5
2017-07-31,TDW,5
2017-07-31,UNH,5
2017-07-31,VLO,5
2017-07-31,VYM,5
2017-07-31,VZ,5
2017-07-31,XBI,5
2017-07-31,XLU,5
2017-07-31,ABBV,1
2017-07-31,AMD,1
2017-07-31,BLK,1
2017-07-31,BMY,1
2017-07-31,CAG,1
2017-07-31,CB,1
2017-07-31,DVN,1
2017-07-31,DVY,1
2017-07-31,ENPH,1
2017-07-31,GIS,1
2017-07-31,IBM,1
2017-07-31,KMB,1
2017-07-31,LXU,1
2017-07-31,MKC,1
2017-07-31,MMM,1
2017-07-31,NUE,1
2017-07-31,O,1
2017-07-31,PFE,1
2017-07-31,SO,1
2017-07-31,SPLV,1
2017-07-31,SYF,1
2017-07-31,TRV,1
2017-07-31,UAN,1
2017-07-31,VUG,1
2017-07-31,WM,1
2017-07-31,XLE,1
2017-08-31,AEP,5
2017-08-31,ARKK,5
2017-08-31,BAC,5
2017-08-31,C,5
2017-08-31,CAT,5
2017-08-31,CVX,5
2017-08-31,DD,5
2017-08-31,FMC,5
2017-08-31,GOOGL,5
2017-08-31,LRCX,5
2017-08-31,MCD,5
2017-08-31,MPC,5
2017-08-31,MU,5
2017-08-31,NEE,5
2017-08-31,NVDA,5
2017-08-31,PEP,5
2017-08-31,PG,5
2017-08-31,PLD,5
2017-08-31,SHEL,5
2017-08-31,SPLV,5
2017-08-31,STM,5
2017-08-31,UNH,5
2017-08-31,USMV,5
2017-08-31,VLO,5
2017-08-31,XBI,5
2017-08-31,AMD,1
2017-08-31,ANDE,1
2017-08-31,CB,1
2017-08-31,CPB,1
2017-08-31,DE,1
2017-08-31,DVN,1
2017-08-31,DVY,1
2017-08-31,ENPH,1
2017-08-31,GIS,1
2017-08-31,HBAN,1
2017-08-31,IBM,1
2017-08-31,LLY,1
2017-08-31,LXU,1
2017-08-31,MRK,1
2017-08-31,MTSI,1
2017-08-31,NKE,1
2017-08-31,O,1
2017-08-31,PFE,1
2017-08-31,SCHW,1
2017-08-31,SMCI,1
2017-08-31,SO,1
2017-08-31,T,1
2017-08-31,TDW,1
2017-08-31,TGT,1
2017-08-31,TRV,1
2017-08-31,UAN,1
2017-09-29,ABBV,5
2017-09-29,ANDE,5
2017-09-29,ARKK,5
2017-09-29,ASIX,5
2017-09-29,BAC,5
2017-09-29,BAYRY,5
2017-09-29,CFG,5
2017-09-29,DE,5
2017-09-29,GOOGL,5
2017-09-29,HBAN,5
2017-09-29,KO,5
2017-09-29,LRCX,5
2017-09-29,MKC,5
2017-09-29,MPC,5
2017-09-29,NEE,5
2017-09-29,NVDA,5
2017-09-29,PLD,5
2017-09-29,RF,5
2017-09-29,SCHD,5
2017-09-29,SO,5
2017-09-29,STM,5
2017-09-29,UNH,5
2017-09-29,VLO,5
2017-09-29,VYM,5
2017-09-29,XBI,5
2017-09-29,AEP,1
2017-09-29,AMD,1
2017-09-29,CB,1
2017-09-29,CPB,1
2017-09-29,FANG,1
2017-09-29,GIS,1
2017-09-29,GSAT,1
2017-09-29,HON,1
2017-09-29,IBM,1
2017-09-29,ICL,1
2017-09-29,JNJ,1
2017-09-29,KMB,1
2017-09-29,MRK,1
2017-09-29,MTSI,1
2017-09-29,NKE,1
2017-09-29,NUE,1
2017-09-29,O,1
2017-09-29,PEP,1
2017-09-29,PYPL,1
2017-09-29,SMCI,1
2017-09-29,SPLV,1
2017-09-29,SYF,1
2017-09-29,TDW,1
2017-09-29,TRV,1
2017-09-29,USMV,1
2017-09-29,VUG,1
2017-09-29,WM,1
2017-10-31,ABBV,5
2017-10-31,AEP,5
2017-10-31,ANDE,5
2017-10-31,ARKK,5
2017-10-31,ASIX,5
2017-10-31,BAC,5
2017-10-31,CAT,5
2017-10-31,FMC,5
2017-10-31,GOOGL,5
2017-10-31,JNJ,5
2017-10-31,KO,5
2017-10-31,LRCX,5
2017-10-31,MCD,5
2017-10-31,MKC,5
2017-10-31,MPC,5
2017-10-31,MU,5
2017-10-31,NEE,5
2017-10-31,NKE,5
2017-10-31,NVDA,5
2017-10-31,PLD,5
2017-10-31,SCHD,5
2017-10-31,SHEL,5
2017-10-31,STM,5
2017-10-31,UNH,5
2017-10-31,VIG,5
2017-10-31,AMD,1
2017-10-31,CB,1
2017-10-31,DVY,1
2017-10-31,ENPH,1
2017-10-31,GD,1
2017-10-31,HBAN,1
2017-10-31,HON,1
2017-10-31,ICL,1
2017-10-31,LLY,1
2017-10-31,LMT,1
2017-10-31,LXU,1
2017-10-31,MRK,1
2017-10-31,MTSI,1
2017-10-31,NOC,1
2017-10-31,O,1
2017-10-31,PFE,1
2017-10-31,PG,1
2017-10-31,PSX,1
2017-10-31,SMCI,1
2017-10-31,SYF,1
2017-10-31,T,1
2017-10-31,TGT,1
2017-10-31,VUG,1
2017-10-31,VYM,1
2017-10-31,XLE,1
2017-10-31,XLF,1
2017-10-31,XLU,1
2017-11-30,ABBV,5
2017-11-30,AEP,5
2017-11-30,ALL,5
2017-11-30,ARKK,5
2017-11-30,ASIX,5
2017-11-30,BLK,5
2017-11-30,CAG,5
2017-11-30,CAT,5
2017-11-30,DE,5
2017-11-30,FMC,5
2017-11-30,GOOGL,5
2017-11-30,GSAT,5
2017-11-30,LRCX,5
2017-11-30,MPC,5
2017-11-30,NEE,5
2017-11-30,NVDA,5
2017-11-30,PEP,5
2017-11-30,PLD,5
2017-11-30,SCHD,5
2017-11-30,SCHW,5
2017-11-30,STM,5
2017-11-30,UNH,5
2017-11-30,VIG,5
2017-11-30,VLO,5
2017-11-30,XLP,5
2017-11-30,AMD,1
2017-11-30,ANDE,1
2017-11-30,BMY,1
2017-11-30,BX,1
2017-11-30,CB,1
2017-11-30,CPB,1
2017-11-30,DVN,1
2017-11-30,DVY,1
2017-11-30,HBAN,1
2017-11-30,IBM,1
2017-11-30,ICL,1
2017-11-30,JNJ,1
2017-11-30,KO,1
2017-11-30,MRK,1
2017-11-30,MTSI,1
2017-11-30,NUE,1
2017-11-30,O,1
2017-11-30,REGN,1
2017-11-30,SMCI,1
2017-11-30,SO,1
2017-11-30,T,1
2017-11-30,TGT,1
2017-11-30,UAN,1
2017-11-30,VUG,1
2017-11-30,VYM,1
2017-11-30,WM,1
2017-11-30,XLE,1
2017-12-29,ABBV,5
2017-12-29,AEP,5
2017-12-29,ARKK,5
2017-12-29,BAC,5
2017-12-29,BLK,5
2017-12-29,CAT,5
2017-12-29,DE,5
2017-12-29,DG,5
2017-12-29,GOOGL,5
2017-12-29,JNJ,5
2017-12-29,LRCX,5
2017-12-29,MO,5
2017-12-29,MPC,5
2017-12-29,NEE,5
2017-12-29,NVDA,5
2017-12-29,O,5
2017-12-29,PLD,5
2017-12-29,SCHD,5
2017-12-29,SCHW,5
2017-12-29,STM,5
2017-12-29,T,5
2017-12-29,UNH,5
2017-12-29,VIG,5
2017-12-29,VLO,5
2017-12-29,XBI,5
2017-12-29,AMD,1
2017-12-29,ANDE,1
2017-12-29,BAYRY,1
2017-12-29,BMY,1
2017-12-29,C,1
2017-12-29,CAG,1
2017-12-29,CB,1
2017-12-29,CPB,1
2017-12-29,DD,1
2017-12-29,DVY,1
2017-12-29,FITB,1
2017-12-29,GSAT,1
2017-12-29,HBAN,1
2017-12-29,IBM,1
2017-12-29,ICL,1
2017-12-29,LXU,1
2017-12-29,MKC,1
2017-12-29,MRK,1
2017-12-29,MTSI,1
2017-12-29,SMCI,1
2017-12-29,SO,1
2017-12-29,SPLV,1
2017-12-29,UAN,1
2017-12-29,VNQ,1
2017-12-29,VUG,1
2017-12-29,XLE,1
2017-12-29,XLU,1
2018-01-31,ABBV,5
2018-01-31,ARKK,5
2018-01-31,BLK,5
2018-01-31,CAT,5
2018-01-31,DD,5
2018-01-31,DG,5
2018-01-31,GOOGL,5
2018-01-31,KO,5
2018-01-31,LRCX,5
2018-01-31,MKC,5
2018-01-31,MPC,5
2018-01-31,NEE,5
2018-01-31,NVDA,5
2018-01-31,PEP,5
2018-01-31,PLD,5
2018-01-31,RF,5
2018-01-31,SCHD,5
2018-01-31,SHEL,5
2018-01-31,STM,5
2018-01-31,TDG,5
2018-01-31,UNH,5
2018-01-31,VIG,5
2018-01-31,VLO,5
2018-01-31,XBI,5
2018-01-31,XLU,5
2018-01-31,ALL,1
2018-01-31,CPB,1
2018-01-31,CVX,1
2018-01-31,DVN,1
2018-01-31,DVY,1
2018-01-31,ENPH,1
2018-01-31,GIS,1
2018-01-31,GSAT,1
2018-01-31,HMC,1
2018-01-31,HON,1
2018-01-31,IBM,1
2018-01-31,JNJ,1
2018-01-31,LLY,1
2018-01-31,LXU,1
2018-01-31,MRK,1
2018-01-31,MTSI,1
2018-01-31,O,1
2018-01-31,PG,1
2018-01-31,REGN,1
2018-01-31,SCHW,1
2018-01-31,SMCI,1
2018-01-31,SO,1
2018-01-31,SPLV,1
2018-01-31,SYF,1
2018-01-31,UAN,1
2018-01-31,VUG,1
2018-01-31,WM,1
2018-02-28,ABBV,5
2018-02-28,ANDE,5
2018-02-28,ARKK,5
2018-02-28,ASIX,5
2018-02-28,BAC,5
2018-02-28,BLK,5
2018-02-28,BMY,5
2018-02-28,CAT,5
2018-02-28,GOOGL,5
2018-02-28,HMC,5
2018-02-28,IYR,5
2018-02-28,KO,5
2018-02-28,LRCX,5
2018-02-28,MKC,5
2018-02-28,MPC,5
2018-02-28,MU,5
2018-02-28,NEE,5
2018-02-28,NVDA,5
2018-02-28,PLD,5
2018-02-28,RF,5
2018-02-28,SCHD,5
2018-02-28,TGT,5
2018-02-28,UNH,5
2018-02-28,VIG,5
2018-02-28,VLO,5
2018-02-28,ALL,1
2018-02-28,AMD,1
2018-02-28,BAYRY,1
2018-02-28,CB,1
2018-02-28,CFG,1
2018-02-28,CPB,1
2018-02-28,DVN,1
2018-02-28,DVY,1
2018-02-28,ENPH,1
2018-02-28,GIS,1
2018-02-28,GSAT,1
2018-02-28,HON,1
2018-02-28,IBM,1
2018-02-28,LLY,1
2018-02-28,LXU,1
2018-02-28,MCD,1
2018-02-28,MRK,1
2018-02-28,MTSI,1
2018-02-28,O,1
2018-02-28,PG,1
2018-02-28,REGN,1
2018-02-28,SMCI,1
2018-02-28,SO,1
2018-02-28,SPLV,1
2018-02-28,SYF,1
2018-02-28,UAN,1
2018-02-28,VUG,1
2018-03-29,AEP,5
2018-03-29,AFL,5
2018-03-29,ALL,5
2018-03-29,ARKK,5
2018-03-29,BLK,5
2018-03-29,FMC,5
2018-03-29,GOOGL,5
2018-03-29,KO,5
2018-03-29,LRCX,5
2018-03-29,MCD,5
2018-03-29,MKC,5
2018-03-29,MPC,5
2018-03-29,MU,5
2018-03-29,NEE,5
2018-03-29,NVDA,5
2018-03-29,PEP,5
2018-03-29,PLD,5
2018-03-29,SCHW,5
2018-03-29,SPLV,5
2018-03-29,TDG,5
2018-03-29,UNH,5
2018-03-29,VIG,5
2018-03-29,VLO,5
2018-03-29,VZ,5
2018-03-29,XBI,5
2018-03-29,ABBV,1
2018-03-29,AMD,1
2018-03-29,ANDE,1
2018-03-29,ASIX,1
2018-03-29,BAYRY,1
2018-03-29,BX,1
2018-03-29,C,1
2018-03-29,CB,1
2018-03-29,DVN,1
2018-03-29,GIS,1
2018-03-29,GSAT,1
2018-03-29,HBAN,1
2018-03-29,HON,1
2018-03-29,IBM,1
2018-03-29,LXU,1
2018-03-29,MMM,1
2018-03-29,MRK,1
2018-03-29,MTSI,1
2018-03-29,O,1
2018-03-29,QQQ,1
2018-03-29,SCHD,1
2018-03-29,SMCI,1
2018-03-29,SO,1
2018-03-29,SYF,1
2018-03-29,TGT,1
2018-03-29,UAN,1
2018-03-29,VYM,1
2018-03-29,XLE,1
2018-04-30,ABBV,5
2018-04-30,AFL,5
2018-04-30,ANDE,5
2018-04-30,ARKK,5
2018-04-30,CAG,5
2018-04-30,CAT,5
2018-04-30,CF,5
2018-04-30,DVY,5
2018-04-30,FITB,5
2018-04-30,GOOGL,5
2018-04-30,KO,5
2018-04-30,MKC,5
2018-04-30,MRK,5
2018-04-30,NEE,5
2018-04-30,NVDA,5
2018-04-30,PLD,5
2018-04-30,PSX,5
2018-04-30,RF,5
2018-04-30,SCHW,5
2018-04-30,TDG,5
2018-04-30,TGT,5
2018-04-30,UNH,5
2018-04-30,VLO,5
2018-04-30,VYM,5
2018-04-30,VZ,5
2018-04-30,AMD,1
2018-04-30,BMY,1
2018-04-30,BX,1
2018-04-30,CB,1
2018-04-30,CFG,1
2018-04-30,CPB,1
2018-04-30,DD,1
2018-04-30,DE,1
2018-04-30,FANG,1
2018-04-30,GSAT,1
2018-04-30,HMC,1
2018-04-30,IBM,1
2018-04-30,JNJ,1
2018-04-30,LXU,1
2018-04-30,MMM,1
2018-04-30,MTSI,1
2018-04-30,NOC,1
2018-04-30,O,1
2018-04-30,PG,1
2018-04-30,SCHD,1
2018-04-30,SPLV,1
2018-04-30,TRV,1
2018-04-30,UAN,1
2018-04-30,VUG,1
2018-04-30,XLE,1
2018-04-30,XLU,1
2018-04-30,XLV,1
2018-05-31,ARKK,5
2018-05-31,BLK,5
2018-05-31,CAG,5
2018-05-31,DE,5
2018-05-31,DVN,5
2018-05-31,GOOGL,5
2018-05-31,HBAN,5
2018-05-31,LLY,5
2018-05-31,MPC,5
2018-05-31,MU,5
2018-05-31,NEE,5
2018-05-31,NKE,5
2018-05-31,NVDA,5
2018-05-31,O,5
2018-05-31,PEP,5
2018-05-31,SCHD,5
2018-05-31,SCHW,5
2018-05-31,SMCI,5
2018-05-31,STLD,5
2018-05-31,SYF,5
2018-05-31,UNH,5
2018-05-31,VIG,5
2018-05-31,VLO,5
2018-05-31,XBI,5
2018-05-31,XLU,5
2018-05-31,ALL,1
2018-05-31,AMD,1
2018-05-31,BAYRY,1
2018-05-31,BMY,1
2018-05-31,C,1
2018-05-31,CB,1
2018-05-31,CPB,1
2018-05-31,CVX,1
2018-05-31,DD,1
2018-05-31,ENPH,1
2018-05-31,FANG,1
2018-05-31,FITB,1
2018-05-31,GIS,1
2018-05-31,GSAT,1
2018-05-31,HMC,1
2018-05-31,IBM,1
2018-05-31,ICL,1
2018-05-31,JNJ,1
2018-05-31,LXU,1
2018-05-31,MMM,1
2018-05-31,MTSI,1
2018-05-31,REGN,1
2018-05-31,SPLV,1
2018-05-31,TRV,1
2018-05-31,UAN,1
2018-05-31,USMV,1
2018-05-31,VUG,1
2018-06-29,ARKK,5
2018-06-29,BMY,5
2018-06-29,BX,5
2018-06-29,C,5
2018-06-29,CF,5
2018-06-29,CPB,5
2018-06-29,CVX,5
2018-06-29,D,5
2018-06-29,DVN,5
2018-06-29,GOOGL,5
2018-06-29,HBAN,5
2018-06-29,HEI,5
2018-06-29,IYR,5
2018-06-29,MKC,5
2018-06-29,NEE,5
2018-06-29,NVDA,5
2018-06-29,PEP,5
2018-06-29,PLD,5
2018-06-29,RF,5
2018-06-29,SPLV,5
2018-06-29,TDG,5
2018-06-29,UAN,5
2018-06-29,UNH,5
2018-06-29,USMV,5
2018-06-29,VZ,5
2018-06-29,ABBV,1
2018-06-29,AEP,1
2018-06-29,BAYRY,1
2018-06-29,CAG,1
2018-06-29,CAT,1
2018-06-29,CFG,1
2018-06-29,DE,1
2018-06-29,FITB,1
2018-06-29,GIS,1
2018-06-29,GSAT,1
2018-06-29,HMC,1
2018-06-29,ICL,1
2018-06-29,IPI,1
2018-06-29,JNJ,1
2018-06-29,LMT,1
2018-06-29,LXU,1
2018-06-29,MTSI,1
2018-06-29,NOC,1
2018-06-29,NUE,1
2018-06-29,O,1
2018-06-29,PSX,1
2018-06-29,SCHW,1
2018-06-29,TRV,1
2018-06-29,VIG,1
2018-06-29,VLO,1
2018-06-29,VUG,1
2018-06-29,VYM,1
2018-07-31,ASIX,5
2018-07-31,BAC,5
2018-07-31,BX,5
2018-07-31,CAG,5
2018-07-31,CB,5
2018-07-31,GOOGL,5
2018-07-31,GSAT,5
2018-07-31,KO,5
2018-07-31,LLY,5
2018-07-31,LRCX,5
2018-07-31,LXU,5
2018-07-31,MPC,5
2018-07-31,MRK,5
2018-07-31,NVDA,5
2018-07-31,O,5
2018-07-31,PFE,5
2018-07-31,PLD,5
2018-07-31,PSX,5
2018-07-31,QQQ,5
2018-07-31,SCHD,5
2018-07-31,SO,5
2018-07-31,TDG,5
2018-07-31,UNH,5
2018-07-31,VIG,5
2018-07-31,ANDE,1
2018-07-31,ARKK,1
2018-07-31,BAYRY,1
2018-07-31,BLK,1
2018-07-31,CPB,1
2018-07-31,CVX,1
2018-07-31,DD,1
2018-07-31,DE,1
2018-07-31,DVY,1
2018-07-31,FITB,1
2018-07-31,FMC,1
2018-07-31,IPI,1
2018-07-31,LMT,1
2018-07-31,MCD,1
2018-07-31,MTSI,1
2018-07-31,NOC,1
2018-07-31,PG,1
2018-07-31,PYPL,1
2018-07-31,SCHW,1
2018-07-31,SHEL,1
2018-07-31,SMCI,1
2018-07-31,STM,1
2018-07-31,SYF,1
2018-07-31,T,1
2018-07-31,UAN,1
2018-07-31,USMV,1
2018-07-31,VNQ,1
2018-07-31,XBI,1
2018-07-31,XLU,1
2018-08-31,AEP,5
2018-08-31,ANDE,5
2018-08-31,ARKK,5
2018-08-31,BX,5
2018-08-31,CAG,5
2018-08-31,GOOGL,5
2018-08-31,HBAN,5
2018-08-31,HEI,5
2018-08-31,ICL,5
2018-08-31,LLY,5
2018-08-31,LXU,5
2018-08-31,MKC,5
2018-08-31,MPC,5
2018-08-31,NVDA,5
2018-08-31,O,5
2018-08-31,PLD,5
2018-08-31,PSX,5
2018-08-31,RF,5
2018-08-31,SCHD,5
2018-08-31,SYF,5
2018-08-31,UNH,5
2018-08-31,VIG,5
2018-08-31,VLO,5
2018-08-31,VZ,5
2018-08-31,XBI,5
2018-08-31,ASIX,1
2018-08-31,BAYRY,1
2018-08-31,BLK,1
2018-08-31,BMY,1
2018-08-31,C,1
2018-08-31,CB,1
2018-08-31,CPB,1
2018-08-31,CVX,1
2018-08-31,DVY,1
2018-08-31,FITB,1
2018-08-31,FMC,1
2018-08-31,GIS,1
2018-08-31,GSAT,1
2018-08-31,HMC,1
2018-08-31,IPI,1
2018-08-31,JNJ,1
2018-08-31,KO,1
2018-08-31,LMT,1
2018-08-31,MCHP,1
2018-08-31,MTSI,1
2018-08-31,NOC,1
2018-08-31,SMCI,1
2018-08-31,SO,1
2018-08-31,STM,1
2018-08-31,VNQ,1
2018-08-31,VUG,1
2018-08-31,VYM,1
2018-09-28,AEP,5
2018-09-28,BLK,5
2018-09-28,BX,5
2018-09-28,CAT,5
2018-09-28,CF,5
2018-09-28,GOOGL,5
2018-09-28,HEI,5
2018-09-28,KO,5
2018-09-28,LLY,5
2018-09-28,LXU,5
2018-09-28,MKC,5
2018-09-28,MPC,5
2018-09-28,NEE,5
2018-09-28,NKE,5
2018-09-28,NVDA,5
2018-09-28,PFE,5
2018-09-28,PLD,5
2018-09-28,QQQ,5
2018-09-28,SCHD,5
2018-09-28,T,5
2018-09-28,TDG,5
2018-09-28,UNH,5
2018-09-28,VIG,5
2018-09-28,VLO,5
2018-09-28,XLP,5
2018-09-28,ANDE,1
2018-09-28,ARKK,1
2018-09-28,ASIX,1
2018-09-28,BAYRY,1
2018-09-28,CAG,1
2018-09-28,CB,1
2018-09-28,CFG,1
2018-09-28,CPB,1
2018-09-28,DD,1
2018-09-28,DVN,1
2018-09-28,DVY,1
2018-09-28,FITB,1
2018-09-28,GIS,1
2018-09-28,GSAT,1
2018-09-28,HBAN,1
2018-09-28,HMC,1
2018-09-28,HON,1
2018-09-28,IPI,1
2018-09-28,LMT,1
2018-09-28,MMM,1
2018-09-28,MTSI,1
2018-09-28,NOC,1
2018-09-28,PSX,1
2018-09-28,SO,1
2018-09-28,SPLV,1
2018-09-28,STM,1
2018-09-28,VNQ,1
2018-09-28,XBI,1
2018-10-31,AEP,5
2018-10-31,ALL,5
2018-10-31,ARKK,5
2018-10-31,CAG,5
2018-10-31,GOOGL,5
2018-10-31,HBAN,5
2018-10-31,HEI,5
2018-10-31,ICL,5
2018-10-31,LLY,5
2018-10-31,LRCX,5
2018-10-31,MKC,5
2018-10-31,MOS,5
2018-10-31,MRK,5
2018-10-31,NEE,5
2018-10-31,NVDA,5
2018-10-31,O,5
2018-10-31,PG,5
2018-10-31,PSX,5
2018-10-31,RF,5
2018-10-31,SHEL,5
2018-10-31,SPLV,5
2018-10-31,TDG,5
2018-10-31,UNH,5
2018-10-31,USMV,5
2018-10-31,VZ,5
2018-10-31,ABBV,1
2018-10-31,ANDE,1
2018-10-31,ASIX,1
2018-10-31,BAYRY,1
2018-10-31,BLK,1
2018-10-31,BMY,1
2018-10-31,BX,1
2018-10-31,C,1
2018-10-31,CAT,1
2018-10-31,CB,1
2018-10-31,DD,1
2018-10-31,DVN,1
2018-10-31,FANG,1
2018-10-31,FMC,1
2018-10-31,GSAT,1
2018-10-31,HMC,1
2018-10-31,IBM,1
2018-10-31,MTSI,1
2018-10-31,NKE,1
2018-10-31,NOC,1
2018-10-31,SCHD,1
2018-10-31,SMCI,1
2018-10-31,SO,1
2018-10-31,STM,1
2018-10-31,SYF,1
2018-10-31,VUG,1
2018-10-31,VYM,1
2018-11-30,ARKK,5
2018-11-30,BEN,5
2018-11-30,BX,5
2018-11-30,CVX,5
2018-11-30,GOOGL,5
2018-11-30,HEI,5
2018-11-30,ICL,5
2018-11-30,KO,5
2018-11-30,LLY,5
2018-11-30,MCD,5
2018-11-30,MKC,5
2018-11-30,MOS,5
2018-11-30,MRK,5
2018-11-30,NUE,5
2018-11-30,O,5
2018-11-30,PEP,5
2018-11-30,PFE,5
2018-11-30,PLD,5
2018-11-30,SHEL,5
2018-11-30,SPLV,5
2018-11-30,TDG,5
2018-11-30,UNH,5
2018-11-30,VIG,5
2018-11-30,VZ,5
2018-11-30,XOM,5
2018-11-30,ALL,1
2018-11-30,ASIX,1
2018-11-30,BAYRY,1
2018-11-30,BMY,1
2018-11-30,C,1
2018-11-30,CAG,1
2018-11-30,CFG,1
2018-11-30,DVN,1
2018-11-30,DVY,1
2018-11-30,ENPH,1
2018-11-30,GIS,1
2018-11-30,GSAT,1
2018-11-30,HMC,1
2018-11-30,IPI,1
2018-11-30,LXU,1
2018-11-30,MTSI,1
2018-11-30,NOC,1
2018-11-30,SCHD,1
2018-11-30,SCHW,1
2018-11-30,SMCI,1
2018-11-30,STM,1
2018-11-30,SYF,1
2018-11-30,VLO,1
2018-11-30,VNQ,1
2018-11-30,VUG,1
2018-11-30,XBI,1
2018-11-30,XLU,1
2018-12-31,BX,5
2018-12-31,CB,5
2018-12-31,DG,5
2018-12-31,GOOGL,5
2018-12-31,GSAT,5
2018-12-31,HEI,5
2018-12-31,ICL,5
2018-12-31,KO,5
2018-12-31,LLY,5
2018-12-31,MKC,5
2018-12-31,MPC,5
2018-12-31,MRK,5
2018-12-31,NEE,5
2018-12-31,NKE,5
2018-12-31,O,5
2018-12-31,PFE,5
2018-12-31,PG,5
2018-12-31,PSX,5
2018-12-31,QQQ,5
2018-12-31,SHEL,5
2018-12-31,SPLV,5
2018-12-31,TDG,5
2018-12-31,UAN,5
2018-12-31,UNH,5
2018-12-31,USMV,5
2018-12-31,ARKK,1
2018-12-31,ASIX,1
2018-12-31,BAYRY,1
2018-12-31,BMY,1
2018-12-31,C,1
2018-12-31,CAG,1
2018-12-31,CFG,1
2018-12-31,CPB,1
2018-12-31,DVN,1
2018-12-31,DVY,1
2018-12-31,ENPH,1
2018-12-31,FITB,1
2018-12-31,HBAN,1
2018-12-31,HMC,1
2018-12-31,IPI,1
2018-12-31,JNJ,1
2018-12-31,LMT,1
2018-12-31,LXU,1
2018-12-31,MTSI,1
2018-12-31,RF,1
2018-12-31,SO,1
2018-12-31,STM,1
2018-12-31,SYF,1
2018-12-31,T,1
2018-12-31,TDW,1
2018-12-31,TTMI,1
2018-12-31,VYM,1
2018-12-31,XBI,1
2019-01-31,AEP,5
2019-01-31,ANDE,5
2019-01-31,ARKK,5
2019-01-31,ASIX,5
2019-01-31,BAC,5
2019-01-31,BX,5
2019-01-31,C,5
2019-01-31,GIS,5
2019-01-31,GOOGL,5
2019-01-31,ICL,5
2019-01-31,LLY,5
2019-01-31,LRCX,5
2019-01-31,LXU,5
2019-01-31,MPC,5
2019-01-31,MU,5
2019-01-31,NEE,5
2019-01-31,NKE,5
2019-01-31,O,5
2019-01-31,PG,5
2019-01-31,PLD,5
2019-01-31,SO,5
2019-01-31,SPLV,5
2019-01-31,SYF,5
2019-01-31,UNH,5
2019-01-31,USMV,5
2019-01-31,VLO,5
2019-01-31,ABBV,1
2019-01-31,BAYRY,1
2019-01-31,BLK,1
2019-01-31,BMY,1
2019-01-31,CAG,1
2019-01-31,CAT,1
2019-01-31,CB,1
2019-01-31,DD,1
2019-01-31,DVN,1
2019-01-31,FMC,1
2019-01-31,GSAT,1
2019-01-31,IPI,1
2019-01-31,IYR,1
2019-01-31,JNJ,1
2019-01-31,KMB,1
2019-01-31,MCD,1
2019-01-31,MKC,1
2019-01-31,MMM,1
2019-01-31,MTSI,1
2019-01-31,PYPL,1
2019-01-31,QQQ,1
2019-01-31,SCHD,1
2019-01-31,SMCI,1
2019-01-31,STM,1
2019-01-31,TRV,1
2019-01-31,VYM,1
2019-01-31,XLU,1
2019-02-28,AEP,5
2019-02-28,ALL,5
2019-02-28,ARKK,5
2019-02-28,BEN,5
2019-02-28,CVX,5
2019-02-28,FMC,5
2019-02-28,GOOGL,5
2019-02-28,HEI,5
2019-02-28,LLY,5
2019-02-28,MKC,5
2019-02-28,MRK,5
2019-02-28,NEE,5
2019-02-28,NKE,5
2019-02-28,NVDA,5
2019-02-28,O,5
2019-02-28,PG,5
2019-02-28,PLD,5
2019-02-28,SHEL,5
2019-02-28,SMCI,5
2019-02-28,SPLV,5
2019-02-28,SYF,5
2019-02-28,TDG,5
2019-02-28,UAN,5
2019-02-28,USMV,5
2019-02-28,VZ,5
2019-02-28,XOM,5
2019-02-28,ABBV,1
2019-02-28,ASIX,1
2019-02-28,BAC,1
2019-02-28,BAYRY,1
2019-02-28,BMY,1
2019-02-28,C,1
2019-02-28,CAG,1
2019-02-28,CAT,1
2019-02-28,CB,1
2019-02-28,CPB,1
2019-02-28,DD,1
2019-02-28,DVY,1
2019-02-28,FANG,1
2019-02-28,FITB,1
2019-02-28,GSAT,1
2019-02-28,HMC,1
2019-02-28,IYR,1
2019-02-28,KO,1
2019-02-28,LXU,1
2019-02-28,NOC,1
2019-02-28,NUE,1
2019-02-28,QQQ,1
2019-02-28,SCHW,1
2019-02-28,SO,1
2019-02-28,STM,1
2019-02-28,VLO,1
2019-02-28,VYM,1
2019-03-29,AEP,5
2019-03-29,ARKK,5
2019-03-29,BEN,5
2019-03-29,BX,5
2019-03-29,CB,5
2019-03-29,CVX,5
2019-03-29,DVN,5
2019-03-29,FMC,5
2019-03-29,GIS,5
2019-03-29,GOOGL,5
2019-03-29,ICL,5
2019-03-29,LLY,5
2019-03-29,MKC,5
2019-03-29,MRK,5
2019-03-29,NEE,5
2019-03-29,NVDA,5
2019-03-29,O,5
2019-03-29,PG,5
2019-03-29,SMCI,5
2019-03-29,SO,5
2019-03-29,SPLV,5
2019-03-29,TDG,5
2019-03-29,UAN,5
2019-03-29,UNH,5
2019-03-29,USMV,5
2019-03-29,VZ,5
2019-03-29,ABBV,1
2019-03-29,ANDE,1
2019-03-29,ASIX,1
2019-03-29,BAYRY,1
2019-03-29,BLK,1
2019-03-29,BMY,1
2019-03-29,CFG,1
2019-03-29,CPB,1
2019-03-29,DVY,1
2019-03-29,ENPH,1
2019-03-29,FITB,1
2019-03-29,GSAT,1
2019-03-29,HBAN,1
2019-03-29,HMC,1
2019-03-29,LXU,1
2019-03-29,MCHP,1
2019-03-29,MTSI,1
2019-03-29,NKE,1
2019-03-29,NOC,1
2019-03-29,RF,1
2019-03-29,SCHW,1
2019-03-29,SEDG,1
2019-03-29,STM,1
2019-03-29,VUG,1
2019-03-29,VYM,1
2019-03-29,XBI,1
2019-03-29,XLU,1
2019-04-30,AEP,5
2019-04-30,BLK,5
2019-04-30,BX,5
2019-04-30,C,5
2019-04-30,CL,5
2019-04-30,GOOGL,5
2019-04-30,GSAT,5
2019-04-30,HON,5
2019-04-30,ICL,5
2019-04-30,JNJ,5
2019-04-30,JPM,5
2019-04-30,LLY,5
2019-04-30,LRCX,5
2019-04-30,MKC,5
2019-04-30,MRK,5
2019-04-30,NEE,5
2019-04-30,NTR,5
2019-04-30,PEP,5
2019-04-30,PG,5
2019-04-30,PLD,5
2019-04-30,QQQ,5
2019-04-30,SHEL,5
2019-04-30,SO,5
2019-04-30,SPLV,5
2019-04-30,VIG,5
2019-04-30,VLO,5
2019-04-30,ABBV,1
2019-04-30,ALL,1
2019-04-30,ANDE,1
2019-04-30,ARKK,1
2019-04-30,CAT,1
2019-04-30,CPB,1
2019-04-30,CVX,1
2019-04-30,D,1
2019-04-30,DVY,1
2019-04-30,HBAN,1
2019-04-30,HMC,1
2019-04-30,IBM,1
2019-04-30,IPI,1
2019-04-30,LXU,1
2019-04-30,MMM,1
2019-04-30,MTSI,1
2019-04-30,NUE,1
2019-04-30,PSX,1
2019-04-30,REGN,1
2019-04-30,RF,1
2019-04-30,SCHW,1
2019-04-30,T,1
2019-04-30,TDW,1
2019-04-30,VNQ,1
2019-04-30,VYM,1
2019-04-30,VZ,1
2019-04-30,XBI,1
2019-04-30,XLU,1
2019-05-31,AEP,5
2019-05-31,BX,5
2019-05-31,CB,5
2019-05-31,CVX,5
2019-05-31,DG,5
2019-05-31,FMC,5
2019-05-31,HEI,5
2019-05-31,ICL,5
2019-05-31,JPM,5
2019-05-31,LLY,5
2019-05-31,MKC,5
2019-05-31,MRK,5
2019-05-31,NEE,5
2019-05-31,O,5
2019-05-31,PEP,5
2019-05-31,PFE,5
2019-05-31,PG,5
2019-05-31,SHEL,5
2019-05-31,SPLV,5
2019-05-31,UAN,5
2019-05-31,UNH,5
2019-05-31,USMV,5
2019-05-31,VUG,5
2019-05-31,VZ,5
2019-05-31,ABBV,1
2019-05-31,ANDE,1
2019-05-31,ARKK,1
2019-05-31,ASIX,1
2019-05-31,BAC,1
2019-05-31,BAYRY,1
2019-05-31,BLK,1
2019-05-31,CAG,1
2019-05-31,CAT,1
2019-05-31,CFG,1
2019-05-31,D,1
2019-05-31,DE,1
2019-05-31,DVN,1
2019-05-31,DVY,1
2019-05-31,HMC,1
2019-05-31,IPI,1
2019-05-31,LXU,1
2019-05-31,MCHP,1
2019-05-31,MMM,1
2019-05-31,RF,1
2019-05-31,SCHD,1
2019-05-31,SCHW,1
2019-05-31,SMCI,1
2019-05-31,STM,1
2019-05-31,TTMI,1
2019-05-31,VLO,1
2019-05-31,XBI,1
2019-06-28,AEP,5
2019-06-28,ARKK,5
2019-06-28,BEN,5
2019-06-28,BX,5
2019-06-28,C,5
2019-06-28,CPB,5
2019-06-28,DE,5
2019-06-28,FMC,5
2019-06-28,GIS,5
2019-06-28,GOOGL,5
2019-06-28,HEI,5
2019-06-28,JNJ,5
2019-06-28,MPC,5
2019-06-28,MRK,5
2019-06-28,NEE,5
2019-06-28,NVDA,5
2019-06-28,PFE,5
2019-06-28,PG,5
2019-06-28,PLD,5
2019-06-28,PSX,5
2019-06-28,SCHD,5
2019-06-28,T,5
2019-06-28,UAN,5
2019-06-28,UNH,5
2019-06-28,VIG,5
2019-06-28,VLO,5
2019-06-28,ABBV,1
2019-06-28,ANDE,1
2019-06-28,ASIX,1
2019-06-28,BMY,1
2019-06-28,CAG,1
2019-06-28,CFG,1
2019-06-28,DVN,1
2019-06-28,DVY,1
2019-06-28,FITB,1
2019-06-28,GSAT,1
2019-06-28,HMC,1
2019-06-28,IBM,1
2019-06-28,ICL,1
2019-06-28,IPI,1
2019-06-28,IYR,1
2019-06-28,LXU,1
2019-06-28,MCHP,1
2019-06-28,MTSI,1
2019-06-28,NOC,1
2019-06-28,RF,1
2019-06-28,SCHW,1
2019-06-28,SHEL,1
2019-06-28,SMCI,1
2019-06-28,SYF,1
2019-06-28,VUG,1
2019-06-28,VYM,1
2019-06-28,XLU,1
2019-07-31,AEP,5
2019-07-31,ALL,5
2019-07-31,ARKK,5
2019-07-31,BX,5
2019-07-31,CVX,5
2019-07-31,FITB,5
2019-07-31,GIS,5
2019-07-31,GOOGL,5
2019-07-31,LLY,5
2019-07-31,LRCX,5
2019-07-31,LXU,5
2019-07-31,MCD,5
2019-07-31,MKC,5
2019-07-31,MRK,5
2019-07-31,NEE,5
2019-07-31,O,5
2019-07-31,PG,5
2019-07-31,PLD,5
2019-07-31,PSX,5
2019-07-31,SMG,5
2019-07-31,SYF,5
2019-07-31,UAN,5
2019-07-31,UNH,5
2019-07-31,USMV,5
2019-07-31,VIG,5
2019-07-31,VLO,5
2019-07-31,ABBV,1
2019-07-31,ANDE,1
2019-07-31,ASIX,1
2019-07-31,BAYRY,1
2019-07-31,BLK,1
2019-07-31,BMY,1
2019-07-31,C,1
2019-07-31,CAT,1
2019-07-31,D,1
2019-07-31,DD,1
2019-07-31,DVN,1
2019-07-31,DVY,1
2019-07-31,GSAT,1
2019-07-31,HMC,1
2019-07-31,IPI,1
2019-07-31,MCHP,1
2019-07-31,MMM,1
2019-07-31,NUE,1
2019-07-31,PEP,1
2019-07-31,PFE,1
2019-07-31,QQQ,1
2019-07-31,STM,1
2019-07-31,TRV,1
2019-07-31,TTMI,1
2019-07-31,VNQ,1
2019-07-31,VYM,1
2019-07-31,XLF,1
2019-08-30,ALL,5
2019-08-30,BAYRY,5
2019-08-30,BX,5
2019-08-30,CB,5
2019-08-30,CPB,5
2019-08-30,CVX,5
2019-08-30,DD,5
2019-08-30,FMC,5
2019-08-30,GOOGL,5
2019-08-30,KO,5
2019-08-30,LLY,5
2019-08-30,LRCX,5
2019-08-30,MRK,5
2019-08-30,NEE,5
2019-08-30,O,5
2019-08-30,PEP,5
2019-08-30,PG,5
2019-08-30,PLD,5
2019-08-30,PSX,5
2019-08-30,SMG,5
2019-08-30,SPLV,5
2019-08-30,T,5
2019-08-30,TDG,5
2019-08-30,USMV,5
2019-08-30,VUG,5
2019-08-30,VZ,5
2019-08-30,ANDE,1
2019-08-30,ARKK,1
2019-08-30,ASIX,1
2019-08-30,BAC,1
2019-08-30,CAG,1
2019-08-30,CAT,1
2019-08-30,CFG,1
2019-08-30,D,1
2019-08-30,DE,1
2019-08-30,DVN,1
2019-08-30,DVY,1
2019-08-30,GSAT,1
2019-08-30,HMC,1
2019-08-30,IBM,1
2019-08-30,ICL,1
2019-08-30,IPI,1
2019-08-30,IYR,1
2019-08-30,MMM,1
2019-08-30,MTSI,1
2019-08-30,PFE,1
2019-08-30,REGN,1
2019-08-30,RF,1
2019-08-30,SCHW,1
2019-08-30,TTMI,1
2019-08-30,VYM,1
2019-08-30,XBI,1
2019-08-30,XLU,1
2019-09-30,ABBV,5
2019-09-30,ASIX,5
2019-09-30,BEN,5
2019-09-30,BMY,5
2019-09-30,CAG,5
2019-09-30,CPB,5
2019-09-30,DE,5
2019-09-30,DVY,5
2019-09-30,HBAN,5
2019-09-30,HMC,5
2019-09-30,ICL,5
2019-09-30,LRCX,5
2019-09-30,MPC,5
2019-09-30,MRK,5
2019-09-30,NEE,5
2019-09-30,NKE,5
2019-09-30,O,5
2019-09-30,PG,5
2019-09-30,PLD,5
2019-09-30,QQQ,5
2019-09-30,RF,5
2019-09-30,SO,5
2019-09-30,SPLV,5
2019-09-30,T,5
2019-09-30,UAN,5
2019-09-30,VLO,5
2019-09-30,AEP,1
2019-09-30,AMD,1
2019-09-30,ANDE,1
2019-09-30,ARKK,1
2019-09-30,BAYRY,1
2019-09-30,BX,1
2019-09-30,CFG,1
2019-09-30,CVX,1
2019-09-30,DD,1
2019-09-30,FANG,1
2019-09-30,FITB,1
2019-09-30,IPI,1
2019-09-30,IRDM,1
2019-09-30,KO,1
2019-09-30,MCD,1
2019-09-30,MKC,1
2019-09-30,MTSI,1
2019-09-30,NTR,1
2019-09-30,NUE,1
2019-09-30,PYPL,1
2019-09-30,TDW,1
2019-09-30,TRV,1
2019-09-30,USMV,1
2019-09-30,VIG,1
2019-09-30,VNQ,1
2019-09-30,WM,1
2019-09-30,XBI,1
2019-09-30,XLF,1
2019-10-31,BAC,5
2019-10-31,BAYRY,5
2019-10-31,BMY,5
2019-10-31,BX,5
2019-10-31,CAT,5
2019-10-31,CPB,5
2019-10-31,FMC,5
2019-10-31,GOOGL,5
2019-10-31,KHC,5
2019-10-31,LRCX,5
2019-10-31,MPC,5
2019-10-31,NEE,5
2019-10-31,NUE,5
2019-10-31,O,5
2019-10-31,PG,5
2019-10-31,PLD,5
2019-10-31,PSX,5
2019-10-31,QQQ,5
2019-10-31,SCHD,5
2019-10-31,SO,5
2019-10-31,SPLV,5
2019-10-31,SYF,5
2019-10-31,T,5
2019-10-31,TDG,5
2019-10-31,UNH,5
2019-10-31,VLO,5
2019-10-31,ALL,1
2019-10-31,ANDE,1
2019-10-31,CAG,1
2019-10-31,CB,1
2019-10-31,DVN,1
2019-10-31,DVY,1
2019-10-31,GIS,1
2019-10-31,GSAT,1
2019-10-31,HBAN,1
2019-10-31,IBM,1
2019-10-31,ICL,1
2019-10-31,IPI,1
2019-10-31,IYR,1
2019-10-31,JNJ,1
2019-10-31,LXU,1
2019-10-31,MCD,1
2019-10-31,MKC,1
2019-10-31,NKE,1
2019-10-31,PFE,1
2019-10-31,TRV,1
2019-10-31,TTMI,1
2019-10-31,UAN,1
2019-10-31,USMV,1
2019-10-31,VUG,1
2019-10-31,WM,1
2019-10-31,XBI,1
2019-10-31,XLU,1
2019-11-29,ABBV,5
2019-11-29,ANDE,5
2019-11-29,ARKK,5
2019-11-29,BLK,5
2019-11-29,BX,5
2019-11-29,DVN,5
2019-11-29,FMC,5
2019-11-29,GIS,5
2019-11-29,GOOGL,5
2019-11-29,LRCX,5
2019-11-29,NEE,5
2019-11-29,NKE,5
2019-11-29,PLD,5
2019-11-29,PSX,5
2019-11-29,REGN,5
2019-11-29,SCHD,5
2019-11-29,SCHW,5
2019-11-29,SO,5
2019-11-29,STLD,5
2019-11-29,STM,5
2019-11-29,SYF,5
2019-11-29,T,5
2019-11-29,TDG,5
2019-11-29,VIG,5
2019-11-29,VLO,5
2019-11-29,XBI,5
2019-11-29,ASIX,1
2019-11-29,BAYRY,1
2019-11-29,BMY,1
2019-11-29,CB,1
2019-11-29,DE,1
2019-11-29,DVY,1
2019-11-29,FANG,1
2019-11-29,FITB,1
2019-11-29,HBAN,1
2019-11-29,IBM,1
2019-11-29,IPI,1
2019-11-29,JNJ,1
2019-11-29,KHC,1
2019-11-29,KO,1
2019-11-29,LXU,1
2019-11-29,MCD,1
2019-11-29,MCHP,1
2019-11-29,MMM,1
2019-11-29,O,1
2019-11-29,PEP,1
2019-11-29,PFE,1
2019-11-29,RF,1
2019-11-29,SPLV,1
2019-11-29,TRV,1
2019-11-29,VUG,1
2019-11-29,WM,1
2019-11-29,XLU,1
2019-12-31,BAC,5
2019-12-31,BAYRY,5
2019-12-31,BMY,5
2019-12-31,BX,5
2019-12-31,C,5
2019-12-31,CAG,5
2019-12-31,CFG,5
2019-12-31,CPB,5
2019-12-31,DVN,5
2019-12-31,FMC,5
2019-12-31,GOOGL,5
2019-12-31,GSAT,5
2019-12-31,LLY,5
2019-12-31,LRCX,5
2019-12-31,NEE,5
2019-12-31,PG,5
2019-12-31,PLD,5
2019-12-31,QQQ,5
2019-12-31,SO,5
2019-12-31,SPLV,5
2019-12-31,STM,5
2019-12-31,T,5
2019-12-31,TDG,5
2019-12-31,UAN,5
2019-12-31,UNH,5
2019-12-31,VIG,5
2019-12-31,ABBV,1
2019-12-31,ANDE,1
2019-12-31,ARKK,1
2019-12-31,ASIX,1
2019-12-31,BA,1
2019-12-31,D,1
2019-12-31,DD,1
2019-12-31,DVY,1
2019-12-31,HMC,1
2019-12-31,IBM,1
2019-12-31,ICL,1
2019-12-31,MCD,1
2019-12-31,MCHP,1
2019-12-31,MKC,1
2019-12-31,MTSI,1
2019-12-31,NUE,1
2019-12-31,O,1
2019-12-31,PFE,1
2019-12-31,PSX,1
2019-12-31,PYPL,1
2019-12-31,SCHD,1
2019-12-31,SCHW,1
2019-12-31,SYF,1
2019-12-31,TRV,1
2019-12-31,VZ,1
2019-12-31,WM,1
2019-12-31,XLV,1
2020-01-31,ALL,5
2020-01-31,BLK,5
2020-01-31,BMY,5
2020-01-31,BX,5
2020-01-31,CAG,5
2020-01-31,CL,5
2020-01-31,CPB,5
2020-01-31,CVX,5
2020-01-31,FMC,5
2020-01-31,GOOGL,5
2020-01-31,JNJ,5
2020-01-31,LLY,5
2020-01-31,LRCX,5
2020-01-31,MPC,5
2020-01-31,NEE,5
2020-01-31,NTR,5
2020-01-31,PEP,5
2020-01-31,PLD,5
2020-01-31,QQQ,5
2020-01-31,SO,5
2020-01-31,SPLV,5
2020-01-31,TDG,5
2020-01-31,UNH,5
2020-01-31,USMV,5
2020-01-31,VLO,5
2020-01-31,XLE,5
2020-01-31,ABBV,1
2020-01-31,ANDE,1
2020-01-31,ARKK,1
2020-01-31,CAT,1
2020-01-31,DD,1
2020-01-31,DE,1
2020-01-31,DVN,1
2020-01-31,DVY,1
2020-01-31,FITB,1
2020-01-31,GSAT,1
2020-01-31,HBAN,1
2020-01-31,HMC,1
2020-01-31,ICL,1
2020-01-31,LXU,1
2020-01-31,MCHP,1
2020-01-31,MMM,1
2020-01-31,NKE,1
2020-01-31,PFE,1
2020-01-31,REGN,1
2020-01-31,RF,1
2020-01-31,SCHW,1
2020-01-31,SYF,1
2020-01-31,TDW,1
2020-01-31,TRV,1
2020-01-31,VNQ,1
2020-01-31,VYM,1
2020-01-31,XLP,1
2020-02-28,ABBV,5
2020-02-28,ALL,5
2020-02-28,ARKK,5
2020-02-28,BMY,5
2020-02-28,BX,5
2020-02-28,CB,5
2020-02-28,CL,5
2020-02-28,CPB,5
2020-02-28,CVX,5
2020-02-28,DE,5
2020-02-28,DUK,5
2020-02-28,FMC,5
2020-02-28,GOOGL,5
2020-02-28,KO,5
2020-02-28,LRCX,5
2020-02-28,MPC,5
2020-02-28,NEE,5
2020-02-28,NVDA,5
2020-02-28,PEP,5
2020-02-28,PLD,5
2020-02-28,SHEL,5
2020-02-28,T,5
2020-02-28,TDG,5
2020-02-28,UNH,5
2020-02-28,USMV,5
2020-02-28,VIG,5
2020-02-28,AEP,1
2020-02-28,ANDE,1
2020-02-28,ASIX,1
2020-02-28,BAYRY,1
2020-02-28,CAG,1
2020-02-28,CFG,1
2020-02-28,DVN,1
2020-02-28,DVY,1
2020-02-28,FITB,1
2020-02-28,GSAT,1
2020-02-28,IBM,1
2020-02-28,IYR,1
2020-02-28,LLY,1
2020-02-28,LXU,1
2020-02-28,MCD,1
2020-02-28,MCHP,1
2020-02-28,MKC,1
2020-02-28,MRK,1
2020-02-28,MTSI,1
2020-02-28,NKE,1
2020-02-28,PFE,1
2020-02-28,RF,1
2020-02-28,TTMI,1
2020-02-28,UAN,1
2020-02-28,VUG,1
2020-02-28,VYM,1
2020-02-28,XLU,1
2020-03-31,ALL,5
2020-03-31,BLK,5
2020-03-31,BMY,5
2020-03-31,BX,5
2020-03-31,CAG,5
2020-03-31,CAT,5
2020-03-31,CPB,5
2020-03-31,CVX,5
2020-03-31,FMC,5
2020-03-31,GIS,5
2020-03-31,GOOGL,5
2020-03-31,LLY,5
2020-03-31,LXU,5
2020-03-31,NEE,5
2020-03-31,NVDA,5
2020-03-31,PLD,5
2020-03-31,PSX,5
2020-03-31,QQQ,5
2020-03-31,SCHW,5
2020-03-31,SHEL,5
2020-03-31,SO,5
2020-03-31,UNH,5
2020-03-31,USMV,5
2020-03-31,VIG,5
2020-03-31,VZ,5
2020-03-31,ABBV,1
2020-03-31,AEP,1
2020-03-31,ANDE,1
2020-03-31,ARKK,1
2020-03-31,ASIX,1
2020-03-31,BAYRY,1
2020-03-31,BKSY,1
2020-03-31,CFG,1
2020-03-31,DOW,1
2020-03-31,DVN,1
2020-03-31,DVY,1
2020-03-31,FITB,1
2020-03-31,GSAT,1
2020-03-31,IBM,1
2020-03-31,IPI,1
2020-03-31,KO,1
2020-03-31,MCD,1
2020-03-31,MCHP,1
2020-03-31,MTSI,1
2020-03-31,O,1
2020-03-31,PEP,1
2020-03-31,RF,1
2020-03-31,SYF,1
2020-03-31,TTMI,1
2020-03-31,UAN,1
2020-03-31,VYM,1
2020-03-31,XBI,1
2020-04-30,ALL,5
2020-04-30,ARKK,5
2020-04-30,BLK,5
2020-04-30,BX,5
2020-04-30,CAG,5
2020-04-30,CPB,5
2020-04-30,DD,5
2020-04-30,DOW,5
2020-04-30,DVN,5
2020-04-30,FANG,5
2020-04-30,FITB,5
2020-04-30,FMC,5
2020-04-30,GIS,5
2020-04-30,GOOGL,5
2020-04-30,IYR,5
2020-04-30,KHC,5
2020-04-30,LLY,5
2020-04-30,NEE,5
2020-04-30,PLD,5
2020-04-30,SCHD,5
2020-04-30,SO,5
2020-04-30,T,5
2020-04-30,TDG,5
2020-04-30,UNH,5
2020-04-30,VIG,5
2020-04-30,VLO,5
2020-04-30,ABBV,1
2020-04-30,ANDE,1
2020-04-30,ASIX,1
2020-04-30,BAYRY,1
2020-04-30,BKSY,1
2020-04-30,CAT,1
2020-04-30,CB,1
2020-04-30,DVY,1
2020-04-30,GSAT,1
2020-04-30,HMC,1
2020-04-30,HON,1
2020-04-30,IBM,1
2020-04-30,KMB,1
2020-04-30,KO,1
2020-04-30,LXU,1
2020-04-30,MCD,1
2020-04-30,MRK,1
2020-04-30,NKE,1
2020-04-30,O,1
2020-04-30,PFE,1
2020-04-30,SCHW,1
2020-04-30,SHEL,1
2020-04-30,SPLV,1
2020-04-30,TRV,1
2020-04-30,UAN,1
2020-04-30,VUG,1
2020-04-30,XLU,1
2020-05-29,ABBV,5
2020-05-29,ARKK,5
2020-05-29,BLK,5
2020-05-29,BX,5
2020-05-29,CAG,5
2020-05-29,CB,5
2020-05-29,CFG,5
2020-05-29,CPB,5
2020-05-29,DE,5
2020-05-29,FMC,5
2020-05-29,GIS,5
2020-05-29,GOOGL,5
2020-05-29,HEI,5
2020-05-29,IYR,5
2020-05-29,LRCX,5
2020-05-29,MKC,5
2020-05-29,NEE,5
2020-05-29,NVDA,5
2020-05-29,PLD,5
2020-05-29,PSX,5
2020-05-29,TDG,5
2020-05-29,UNH,5
2020-05-29,USMV,5
2020-05-29,VIG,5
2020-05-29,VLO,5
2020-05-29,XBI,5
2020-05-29,AEP,1
2020-05-29,ANDE,1
2020-05-29,ASIX,1
2020-05-29,BKSY,1
2020-05-29,C,1
2020-05-29,CAT,1
2020-05-29,DVN,1
2020-05-29,DVY,1
2020-05-29,GSAT,1
2020-05-29,HBAN,1
2020-05-29,HON,1
2020-05-29,IBM,1
2020-05-29,ICL,1
2020-05-29,JNJ,1
2020-05-29,KMB,1
2020-05-29,KO,1
2020-05-29,LXU,1
2020-05-29,MCD,1
2020-05-29,MRK,1
2020-05-29,NTR,1
2020-05-29,O,1
2020-05-29,PEP,1
2020-05-29,PFE,1
2020-05-29,SCHW,1
2020-05-29,SPLV,1
2020-05-29,UAN,1
2020-05-29,VUG,1
2020-06-30,ABBV,5
2020-06-30,ARKK,5
2020-06-30,BEN,5
2020-06-30,BLK,5
2020-06-30,BX,5
2020-06-30,CAG,5
2020-06-30,CAT,5
2020-06-30,CB,5
2020-06-30,CVX,5
2020-06-30,DE,5
2020-06-30,DOW,5
2020-06-30,FMC,5
2020-06-30,GOOGL,5
2020-06-30,LLY,5
2020-06-30,LRCX,5
2020-06-30,LXU,5
2020-06-30,MKC,5
2020-06-30,NEE,5
2020-06-30,O,5
2020-06-30,PG,5
2020-06-30,PLD,5
2020-06-30,TDG,5
2020-06-30,TDW,5
2020-06-30,UNH,5
2020-06-30,USMV,5
2020-06-30,VIG,5
2020-06-30,AMD,1
2020-06-30,ANDE,1
2020-06-30,ASIX,1
2020-06-30,BAC,1
2020-06-30,BKSY,1
2020-06-30,DVN,1
2020-06-30,DVY,1
2020-06-30,FANG,1
2020-06-30,FITB,1
2020-06-30,GSAT,1
2020-06-30,IBM,1
2020-06-30,ICL,1
2020-06-30,IPI,1
2020-06-30,IYR,1
2020-06-30,JNJ,1
2020-06-30,KO,1
2020-06-30,MCD,1
2020-06-30,MRK,1
2020-06-30,NTR,1
2020-06-30,PFE,1
2020-06-30,RF,1
2020-06-30,SCHW,1
2020-06-30,SO,1
2020-06-30,UAN,1
2020-06-30,VLO,1
2020-06-30,VUG,1
2020-06-30,VYM,1
2020-06-30,XLP,1
2020-07-31,ARKK,5
2020-07-31,BAC,5
2020-07-31,BEN,5
2020-07-31,BLK,5
2020-07-31,CAG,5
2020-07-31,CAT,5
2020-07-31,CTVA,5
2020-07-31,DE,5
2020-07-31,FMC,5
2020-07-31,GOOGL,5
2020-07-31,GSAT,5
2020-07-31,HBAN,5
2020-07-31,MKC,5
2020-07-31,NEE,5
2020-07-31,PFE,5
2020-07-31,PG,5
2020-07-31,PLD,5
2020-07-31,SCHD,5
2020-07-31,SPLV,5
2020-07-31,TDW,5
2020-07-31,UNH,5
2020-07-31,VLO,5
2020-07-31,VZ,5
2020-07-31,XLF,5
2020-07-31,XLU,5
2020-07-31,XLV,5
2020-07-31,ANDE,1
2020-07-31,BAYRY,1
2020-07-31,BKSY,1
2020-07-31,C,1
2020-07-31,CPB,1
2020-07-31,D,1
2020-07-31,DD,1
2020-07-31,DVN,1
2020-07-31,DVY,1
2020-07-31,HMC,1
2020-07-31,IBM,1
2020-07-31,ICL,1
2020-07-31,IPI,1
2020-07-31,KO,1
2020-07-31,LLY,1
2020-07-31,LXU,1
2020-07-31,MCHP,1
2020-07-31,MRK,1
2020-07-31,NTR,1
2020-07-31,O,1
2020-07-31,PSX,1
2020-07-31,RF,1
2020-07-31,SCHW,1
2020-07-31,SHEL,1
2020-07-31,SO,1
2020-07-31,SYF,1
2020-07-31,T,1
2020-07-31,TRV,1
2020-07-31,VUG,1
2020-07-31,VYM,1
2020-08-31,ABBV,5
2020-08-31,ANDE,5
2020-08-31,ARKK,5
2020-08-31,BLK,5
2020-08-31,BMY,5
2020-08-31,CAT,5
2020-08-31,CVX,5
2020-08-31,DE,5
2020-08-31,DOW,5
2020-08-31,DVN,5
2020-08-31,GOOGL,5
2020-08-31,LXU,5
2020-08-31,MKC,5
2020-08-31,NEE,5
2020-08-31,NVDA,5
2020-08-31,PLD,5
2020-08-31,RF,5
2020-08-31,SCHD,5
2020-08-31,SCHW,5
2020-08-31,STM,5
2020-08-31,SYF,5
2020-08-31,TDG,5
2020-08-31,TDW,5
2020-08-31,UNH,5
2020-08-31,VIG,5
2020-08-31,VZ,5
2020-08-31,AEP,1
2020-08-31,ALL,1
2020-08-31,ASIX,1
2020-08-31,BAYRY,1
2020-08-31,BKSY,1
2020-08-31,CB,1
2020-08-31,CTVA,1
2020-08-31,DVY,1
2020-08-31,FANG,1
2020-08-31,GIS,1
2020-08-31,GSAT,1
2020-08-31,HBAN,1
2020-08-31,HMC,1
2020-08-31,IBM,1
2020-08-31,IPI,1
2020-08-31,IYR,1
2020-08-31,KO,1
2020-08-31,MRK,1
2020-08-31,MTSI,1
2020-08-31,MU,1
2020-08-31,PEP,1
2020-08-31,PFE,1
2020-08-31,SPLV,1
2020-08-31,TRV,1
2020-08-31,UAN,1
2020-08-31,VUG,1
2020-08-31,WM,1
2020-08-31,XLP,1
2020-09-30,AEP,5
2020-09-30,ANDE,5
2020-09-30,ARKK,5
2020-09-30,CAT,5
2020-09-30,CRWD,5
2020-09-30,DE,5
2020-09-30,DOW,5
2020-09-30,FMC,5
2020-09-30,IVZ,5
2020-09-30,KO,5
2020-09-30,LLY,5
2020-09-30,NKE,5
2020-09-30,NTR,5
2020-09-30,PG,5
2020-09-30,PLD,5
2020-09-30,PSX,5
2020-09-30,SCHW,5
2020-09-30,SYF,5
2020-09-30,TDW,5
2020-09-30,UNH,5
2020-09-30,USMV,5
2020-09-30,VIG,5
2020-09-30,VZ,5
2020-09-30,XBI,5
2020-09-30,ABBV,1
2020-09-30,BAC,1
2020-09-30,BAYRY,1
2020-09-30,BKSY,1
2020-09-30,C,1
2020-09-30,CAG,1
2020-09-30,CB,1
2020-09-30,CFG,1
2020-09-30,CPB,1
2020-09-30,DVY,1
2020-09-30,FANG,1
2020-09-30,HMC,1
2020-09-30,IBM,1
2020-09-30,ICL,1
2020-09-30,JNJ,1
2020-09-30,LXU,1
2020-09-30,MCHP,1
2020-09-30,MKC,1
2020-09-30,MRK,1
2020-09-30,MTSI,1
2020-09-30,O,1
2020-09-30,PLTR,1
2020-09-30,QQQ,1
2020-09-30,TRV,1
2020-09-30,UAN,1
2020-09-30,VLO,1
2020-09-30,VYM,1
2020-09-30,XLF,1
2020-09-30,XLU,1
2020-10-30,ABBV,5
2020-10-30,AEP,5
2020-10-30,ANDE,5
2020-10-30,ARKK,5
2020-10-30,ASIX,5
2020-10-30,CAT,5
2020-10-30,CB,5
2020-10-30,CL,5
2020-10-30,CTVA,5
2020-10-30,CVX,5
2020-10-30,DE,5
2020-10-30,DG,5
2020-10-30,DVY,5
2020-10-30,GOOGL,5
2020-10-30,HBAN,5
2020-10-30,HON,5
2020-10-30,LRCX,5
2020-10-30,LXU,5
2020-10-30,NEE,5
2020-10-30,PG,5
2020-10-30,PLD,5
2020-10-30,RF,5
2020-10-30,SCHD,5
2020-10-30,SCHW,5
2020-10-30,SHEL,5
2020-10-30,UNH,5
2020-10-30,XBI,5
2020-10-30,ALL,1
2020-10-30,BAC,1
2020-10-30,BAYRY,1
2020-10-30,BKSY,1
2020-10-30,BX,1
2020-10-30,C,1
2020-10-30,D,1
2020-10-30,DOW,1
2020-10-30,FANG,1
2020-10-30,HMC,1
2020-10-30,IBM,1
2020-10-30,ICL,1
2020-10-30,JNJ,1
2020-10-30,KO,1
2020-10-30,LLY,1
2020-10-30,MCD,1
2020-10-30,MKC,1
2020-10-30,MRK,1
2020-10-30,O,1
2020-10-30,PLTR,1
2020-10-30,PSX,1
2020-10-30,SPLV,1
2020-10-30,STM,1
2020-10-30,SYF,1
2020-10-30,T,1
2020-10-30,UAN,1
2020-10-30,USMV,1
2020-10-30,VUG,1
2020-11-30,ABBV,5
2020-11-30,ARKK,5
2020-11-30,BAYRY,5
2020-11-30,BLK,5
2020-11-30,C,5
2020-11-30,CAG,5
2020-11-30,CL,5
2020-11-30,CRWD,5
2020-11-30,DVN,5
2020-11-30,GOOGL,5
2020-11-30,HON,5
2020-11-30,ICL,5
2020-11-30,IVZ,5
2020-11-30,LRCX,5
2020-11-30,NEE,5
2020-11-30,PEP,5
2020-11-30,PLD,5
2020-11-30,SCHD,5
2020-11-30,SO,5
2020-11-30,TDW,5
2020-11-30,TGT,5
2020-11-30,UAN,5
2020-11-30,UNH,5
2020-11-30,VIG,5
2020-11-30,VNQ,5
2020-11-30,XBI,5
2020-11-30,AEP,1
2020-11-30,ANDE,1
2020-11-30,ASIX,1
2020-11-30,ASTS,1
2020-11-30,BKSY,1
2020-11-30,CB,1
2020-11-30,CVX,1
2020-11-30,D,1
2020-11-30,DD,1
2020-11-30,FITB,1
2020-11-30,GSAT,1
2020-11-30,HBAN,1
2020-11-30,IBM,1
2020-11-30,JNJ,1
2020-11-30,LXU,1
2020-11-30,MCD,1
2020-11-30,MRK,1
2020-11-30,MTSI,1
2020-11-30,NUE,1
2020-11-30,O,1
2020-11-30,PG,1
2020-11-30,PLTR,1
2020-11-30,RF,1
2020-11-30,SPLV,1
2020-11-30,TRV,1
2020-11-30,USMV,1
2020-11-30,VUG,1
2020-11-30,XLE,1
2020-12-31,ARKK,5
2020-12-31,ASTS,5
2020-12-31,BEN,5
2020-12-31,BLK,5
2020-12-31,BX,5
2020-12-31,CAT,5
2020-12-31,CRWD,5
2020-12-31,DE,5
2020-12-31,DVN,5
2020-12-31,GOOGL,5
2020-12-31,HON,5
2020-12-31,JNJ,5
2020-12-31,KO,5
2020-12-31,LLY,5
2020-12-31,LXU,5
2020-12-31,MKC,5
2020-12-31,NEE,5
2020-12-31,NVDA,5
2020-12-31,PLD,5
2020-12-31,PSX,5
2020-12-31,SCHD,5
2020-12-31,SO,5
2020-12-31,SYF,5
2020-12-31,UAN,5
2020-12-31,UNH,5
2020-12-31,VIG,5
2020-12-31,XBI,5
2020-12-31,AEP,1
2020-12-31,BAC,1
2020-12-31,BAYRY,1
2020-12-31,BKSY,1
2020-12-31,CB,1
2020-12-31,CPB,1
2020-12-31,CVX,1
2020-12-31,DVY,1
2020-12-31,FMC,1
2020-12-31,GIS,1
2020-12-31,GSAT,1
2020-12-31,HBAN,1
2020-12-31,HMC,1
2020-12-31,IBM,1
2020-12-31,MCD,1
2020-12-31,MRK,1
2020-12-31,NTR,1
2020-12-31,NUE,1
2020-12-31,O,1
2020-12-31,PFE,1
2020-12-31,PG,1
2020-12-31,PLTR,1
2020-12-31,RF,1
2020-12-31,SHEL,1
2020-12-31,SPLV,1
2020-12-31,STM,1
2020-12-31,T,1
2020-12-31,VUG,1
2021-01-29,ARKK,5
2021-01-29,BEN,5
2021-01-29,BLK,5
2021-01-29,CAG,5
2021-01-29,CAT,5
2021-01-29,CPB,5
2021-01-29,CRWD,5
2021-01-29,DD,5
2021-01-29,DE,5
2021-01-29,DG,5
2021-01-29,DUK,5
2021-01-29,GIS,5
2021-01-29,GOOGL,5
2021-01-29,GSAT,5
2021-01-29,IVZ,5
2021-01-29,LLY,5
2021-01-29,LRCX,5
2021-01-29,LXU,5
2021-01-29,NEE,5
2021-01-29,NVDA,5
2021-01-29,PLD,5
2021-01-29,RF,5
2021-01-29,SCHD,5
2021-01-29,TGT,5
2021-01-29,UNH,5
2021-01-29,VIG,5
2021-01-29,XBI,5
2021-01-29,AEP,1
2021-01-29,ALL,1
2021-01-29,BAC,1
2021-01-29,BAYRY,1
2021-01-29,BMY,1
2021-01-29,C,1
2021-01-29,CB,1
2021-01-29,DOW,1
2021-01-29,FMC,1
2021-01-29,HMC,1
2021-01-29,IBM,1
2021-01-29,KO,1
2021-01-29,MCD,1
2021-01-29,MRK,1
2021-01-29,NUE,1
2021-01-29,O,1
2021-01-29,PEP,1
2021-01-29,PG,1
2021-01-29,PLTR,1
2021-01-29,PSX,1
2021-01-29,SHEL,1
2021-01-29,SO,1
2021-01-29,SPLV,1
2021-01-29,T,1
2021-01-29,UAN,1
2021-01-29,USMV,1
2021-01-29,VLO,1
2021-01-29,VUG,1
2021-01-29,VZ,1
2021-01-29,XLF,1
2021-02-26,ABBV,5
2021-02-26,ANDE,5
2021-02-26,ARKK,5
2021-02-26,ASIX,5
2021-02-26,CAT,5
2021-02-26,CFG,5
2021-02-26,CRWD,5
2021-02-26,DE,5
2021-02-26,DVN,5
2021-02-26,DVY,5
2021-02-26,FITB,5
2021-02-26,GOOGL,5
2021-02-26,GSAT,5
2021-02-26,LLY,5
2021-02-26,LRCX,5
2021-02-26,LXU,5
2021-02-26,PLD,5
2021-02-26,RF,5
2021-02-26,SCHD,5
2021-02-26,SCHW,5
2021-02-26,SO,5
2021-02-26,TDW,5
2021-02-26,UAN,5
2021-02-26,UNH,5
2021-02-26,VLO,5
2021-02-26,VNQ,5
2021-02-26,XBI,5
2021-02-26,AEP,1
2021-02-26,ALL,1
2021-02-26,BLK,1
2021-02-26,C,1
2021-02-26,CPB,1
2021-02-26,CVX,1
2021-02-26,DD,1
2021-02-26,FANG,1
2021-02-26,FMC,1
2021-02-26,GIS,1
2021-02-26,IBM,1
2021-02-26,ICL,1
2021-02-26,MKC,1
2021-02-26,MRK,1
2021-02-26,NTR,1
2021-02-26,O,1
2021-02-26,PEP,1
2021-02-26,PFE,1
2021-02-26,PLTR,1
2021-02-26,REGN,1
2021-02-26,SHEL,1
2021-02-26,SPLV,1
2021-02-26,STM,1
2021-02-26,T,1
2021-02-26,TRV,1
2021-02-26,USMV,1
2021-02-26,VUG,1
2021-02-26,WM,1
2021-03-31,AEP,5
2021-03-31,ARKK,5
2021-03-31,BEN,5
2021-03-31,BLK,5
2021-03-31,CAT,5
2021-03-31,DE,5
2021-03-31,DG,5
2021-03-31,DUK,5
2021-03-31,DVN,5
2021-03-31,DVY,5
2021-03-31,FITB,5
2021-03-31,GIS,5
2021-03-31,GOOGL,5
2021-03-31,GSAT,5
2021-03-31,IVZ,5
2021-03-31,JNJ,5
2021-03-31,LRCX,5
2021-03-31,LXU,5
2021-03-31,MPC,5
2021-03-31,NUE,5
2021-03-31,PEP,5
2021-03-31,PLD,5
2021-03-31,SCHD,5
2021-03-31,SYF,5
2021-03-31,UAN,5
2021-03-31,UNH,5
2021-03-31,XLV,5
2021-03-31,ALL,1
2021-03-31,AMD,1
2021-03-31,ASIX,1
2021-03-31,ASTS,1
2021-03-31,BAYRY,1
2021-03-31,BKSY,1
2021-03-31,CB,1
2021-03-31,CF,1
2021-03-31,FMC,1
2021-03-31,HON,1
2021-03-31,ICL,1
2021-03-31,KO,1
2021-03-31,LLY,1
2021-03-31,MKC,1
2021-03-31,NKE,1
2021-03-31,NTR,1
2021-03-31,O,1
2021-03-31,PLTR,1
2021-03-31,SCHW,1
2021-03-31,SHEL,1
2021-03-31,SO,1
2021-03-31,SPLV,1
2021-03-31,TRV,1
2021-03-31,USMV,1
2021-03-31,VLO,1
2021-03-31,VUG,1
2021-03-31,VZ,1
2021-03-31,XLF,1
2021-04-30,ABBV,5
2021-04-30,ANDE,5
2021-04-30,ARKK,5
2021-04-30,BX,5
2021-04-30,CRWD,5
2021-04-30,DE,5
2021-04-30,DG,5
2021-04-30,DUK,5
2021-04-30,DVN,5
2021-04-30,DVY,5
2021-04-30,FITB,5
2021-04-30,GOOGL,5
2021-04-30,GSAT,5
2021-04-30,HPQ,5
2021-04-30,ICL,5
2021-04-30,IVZ,5
2021-04-30,LRCX,5
2021-04-30,LXU,5
2021-04-30,MPC,5
2021-04-30,PFE,5
2021-04-30,PLD,5
2021-04-30,SO,5
2021-04-30,SYF,5
2021-04-30,TGT,5
2021-04-30,UAN,5
2021-04-30,UNH,5
2021-04-30,VIG,5
2021-04-30,AEP,1
2021-04-30,ASTS,1
2021-04-30,BKSY,1
2021-04-30,BMY,1
2021-04-30,C,1
2021-04-30,CPB,1
2021-04-30,CVX,1
2021-04-30,DD,1
2021-04-30,DOW,1
2021-04-30,FMC,1
2021-04-30,GIS,1
2021-04-30,HBAN,1
2021-04-30,HMC,1
2021-04-30,IYR,1
2021-04-30,LLY,1
2021-04-30,MRK,1
2021-04-30,MTSI,1
2021-04-30,NKE,1
2021-04-30,NTR,1
2021-04-30,PLTR,1
2021-04-30,PSX,1
2021-04-30,QQQ,1
2021-04-30,SHEL,1
2021-04-30,STM,1
2021-04-30,TRV,1
2021-04-30,USMV,1
2021-04-30,VYM,1
2021-04-30,VZ,1
2021-05-28,ANDE,5
2021-05-28,BEN,5
2021-05-28,BMY,5
2021-05-28,CAT,5
2021-05-28,CFG,5
2021-05-28,CRWD,5
2021-05-28,DE,5
2021-05-28,DUK,5
2021-05-28,DVN,5
2021-05-28,DVY,5
2021-05-28,GOOGL,5
2021-05-28,GSAT,5
2021-05-28,IVZ,5
2021-05-28,LLY,5
2021-05-28,LRCX,5
2021-05-28,LXU,5
2021-05-28,NUE,5
2021-05-28,PLD,5
2021-05-28,QQQ,5
2021-05-28,RF,5
2021-05-28,SCHD,5
2021-05-28,SO,5
2021-05-28,SYF,5
2021-05-28,TDW,5
2021-05-28,TGT,5
2021-05-28,UAN,5
2021-05-28,UNH,5
2021-05-28,ARKK,1
2021-05-28,ASTS,1
2021-05-28,BAYRY,1
2021-05-28,BKSY,1
2021-05-28,BX,1
2021-05-28,CB,1
2021-05-28,CPB,1
2021-05-28,CTVA,1
2021-05-28,CVX,1
2021-05-28,DD,1
2021-05-28,FMC,1
2021-05-28,GIS,1
2021-05-28,HBAN,1
2021-05-28,MCD,1
2021-05-28,MKC,1
2021-05-28,MRK,1
2021-05-28,O,1
2021-05-28,PG,1
2021-05-28,PLTR,1
2021-05-28,PSX,1
2021-05-28,SEDG,1
2021-05-28,SHEL,1
2021-05-28,SPLV,1
2021-05-28,T,1
2021-05-28,TRV,1
2021-05-28,USMV,1
2021-05-28,XBI,1
2021-05-28,XLF,1
2021-06-30,ANDE,5
2021-06-30,ARKK,5
2021-06-30,ASIX,5
2021-06-30,ASTS,5
2021-06-30,BX,5
2021-06-30,CRWD,5
2021-06-30,DE,5
2021-06-30,DUK,5
2021-06-30,DVN,5
2021-06-30,GOOGL,5
2021-06-30,GSAT,5
2021-06-30,IVZ,5
2021-06-30,LLY,5
2021-06-30,LRCX,5
2021-06-30,LXU,5
2021-06-30,MRK,5
2021-06-30,NKE,5
2021-06-30,PG,5
2021-06-30,PLD,5
2021-06-30,SCHD,5
2021-06-30,SCHW,5
2021-06-30,SYF,5
2021-06-30,TDG,5
2021-06-30,UAN,5
2021-06-30,VIG,5
2021-06-30,VNQ,5
2021-06-30,XBI,5
2021-06-30,ABBV,1
2021-06-30,ALL,1
2021-06-30,BAYRY,1
2021-06-30,BKSY,1
2021-06-30,C,1
2021-06-30,CAG,1
2021-06-30,CB,1
2021-06-30,CPB,1
2021-06-30,CTVA,1
2021-06-30,CVX,1
2021-06-30,DD,1
2021-06-30,DOW,1
2021-06-30,FMC,1
2021-06-30,GIS,1
2021-06-30,HBAN,1
2021-06-30,HMC,1
2021-06-30,JNJ,1
2021-06-30,MCD,1
2021-06-30,O,1
2021-06-30,PLTR,1
2021-06-30,PSX,1
2021-06-30,SO,1
2021-06-30,SPLV,1
2021-06-30,T,1
2021-06-30,TRV,1
2021-06-30,VLO,1
2021-06-30,VUG,1
2021-06-30,VYM,1
2021-06-30,VZ,1
2021-07-30,ASIX,5
2021-07-30,BX,5
2021-07-30,CVX,5
2021-07-30,DE,5
2021-07-30,DUK,5
2021-07-30,DVN,5
2021-07-30,GOOGL,5
2021-07-30,GSAT,5
2021-07-30,IVZ,5
2021-07-30,KO,5
2021-07-30,LLY,5
2021-07-30,LXU,5
2021-07-30,NUE,5
2021-07-30,PEP,5
2021-07-30,PFE,5
2021-07-30,PG,5
2021-07-30,PLD,5
2021-07-30,SHEL,5
2021-07-30,STM,5
2021-07-30,SYF,5
2021-07-30,TGT,5
2021-07-30,UAN,5
2021-07-30,USMV,5
2021-07-30,VIG,5
2021-07-30,VUG,5
2021-07-30,XLV,5
2021-07-30,AEP,1
2021-07-30,ARKK,1
2021-07-30,ASTS,1
2021-07-30,BAC,1
2021-07-30,BAYRY,1
2021-07-30,BKSY,1
2021-07-30,C,1
2021-07-30,CAG,1
2021-07-30,CFG,1
2021-07-30,CPB,1
2021-07-30,CTVA,1
2021-07-30,DD,1
2021-07-30,DVY,1
2021-07-30,FMC,1
2021-07-30,HMC,1
2021-07-30,IBM,1
2021-07-30,MCD,1
2021-07-30,MKC,1
2021-07-30,MRK,1
2021-07-30,O,1
2021-07-30,PLTR,1
2021-07-30,PSX,1
2021-07-30,SEDG,1
2021-07-30,T,1
2021-07-30,TRV,1
2021-07-30,VLO,1
2021-07-30,VYM,1
2021-07-30,XBI,1
2021-08-31,ANDE,5
2021-08-31,ASIX,5
2021-08-31,ASTS,5
2021-08-31,BX,5
2021-08-31,CAT,5
2021-08-31,COST,5
2021-08-31,CRWD,5
2021-08-31,DE,5
2021-08-31,DVN,5
2021-08-31,DVY,5
2021-08-31,GOOGL,5
2021-08-31,GSAT,5
2021-08-31,IVZ,5
2021-08-31,LLY,5
2021-08-31,LXU,5
2021-08-31,MPC,5
2021-08-31,NUE,5
2021-08-31,PLD,5
2021-08-31,QQQ,5
2021-08-31,REGN,5
2021-08-31,SCHD,5
2021-08-31,SCHW,5
2021-08-31,SO,5
2021-08-31,STM,5
2021-08-31,SYF,5
2021-08-31,UAN,5
2021-08-31,XBI,5
2021-08-31,AEP,1
2021-08-31,ALL,1
2021-08-31,ARKK,1
2021-08-31,BAYRY,1
2021-08-31,BKSY,1
2021-08-31,BMY,1
2021-08-31,C,1
2021-08-31,CFG,1
2021-08-31,CPB,1
2021-08-31,CVX,1
2021-08-31,DD,1
2021-08-31,DOW,1
2021-08-31,ENPH,1
2021-08-31,FMC,1
2021-08-31,GIS,1
2021-08-31,HMC,1
2021-08-31,IBM,1
2021-08-31,MRK,1
2021-08-31,O,1
2021-08-31,PLTR,1
2021-08-31,PSX,1
2021-08-31,SEDG,1
2021-08-31,SPLV,1
2021-08-31,T,1
2021-08-31,TRV,1
2021-08-31,USMV,1
2021-08-31,VZ,1
2021-08-31,XLF,1
2021-09-30,ABBV,5
2021-09-30,ANDE,5
2021-09-30,BAC,5
2021-09-30,BAYRY,5
2021-09-30,CAG,5
2021-09-30,CFG,5
2021-09-30,COST,5
2021-09-30,DUK,5
2021-09-30,DVN,5
2021-09-30,DVY,5
2021-09-30,FITB,5
2021-09-30,GIS,5
2021-09-30,GOOGL,5
2021-09-30,GSAT,5
2021-09-30,HMC,5
2021-09-30,LRCX,5
2021-09-30,MRK,5
2021-09-30,PLD,5
2021-09-30,RF,5
2021-09-30,SCHD,5
2021-09-30,SHEL,5
2021-09-30,SO,5
2021-09-30,TDG,5
2021-09-30,UAN,5
2021-09-30,VNQ,5
2021-09-30,VUG,5
2021-09-30,XLU,5
2021-09-30,AEP,1
2021-09-30,ALL,1
2021-09-30,ARKK,1
2021-09-30,ASTS,1
2021-09-30,BKSY,1
2021-09-30,BLK,1
2021-09-30,BMY,1
2021-09-30,CAT,1
2021-09-30,CTVA,1
2021-09-30,CVX,1
2021-09-30,DD,1
2021-09-30,DE,1
2021-09-30,DOW,1
2021-09-30,ENPH,1
2021-09-30,FMC,1
2021-09-30,JNJ,1
2021-09-30,KO,1
2021-09-30,MKC,1
2021-09-30,NKE,1
2021-09-30,O,1
2021-09-30,PLTR,1
2021-09-30,PSX,1
2021-09-30,PYPL,1
2021-09-30,RKLB,1
2021-09-30,SEDG,1
2021-09-30,SPLV,1
2021-09-30,TRV,1
2021-09-30,USMV,1
2021-10-29,ANDE,5
2021-10-29,ARKK,5
2021-10-29,ASIX,5
2021-10-29,BAC,5
2021-10-29,BLK,5
2021-10-29,BX,5
2021-10-29,CAT,5
2021-10-29,COST,5
2021-10-29,CRWD,5
2021-10-29,DUK,5
2021-10-29,DVN,5
2021-10-29,GOOGL,5
2021-10-29,GSAT,5
2021-10-29,HII,5
2021-10-29,KO,5
2021-10-29,LLY,5
2021-10-29,PEP,5
2021-10-29,PLD,5
2021-10-29,RF,5
2021-10-29,SCHW,5
2021-10-29,UAN,5
2021-10-29,UNH,5
2021-10-29,USMV,5
2021-10-29,VIG,5
2021-10-29,XLE,5
2021-10-29,XLP,5
2021-10-29,XLU,5
2021-10-29,ALL,1
2021-10-29,BKSY,1
2021-10-29,BMY,1
2021-10-29,C,1
2021-10-29,CAG,1
2021-10-29,CFG,1
2021-10-29,CPB,1
2021-10-29,CTVA,1
2021-10-29,DOW,1
2021-10-29,DVY,1
2021-10-29,FMC,1
2021-10-29,HBAN,1
2021-10-29,HMC,1
2021-10-29,IBM,1
2021-10-29,IYR,1
2021-10-29,JNJ,1
2021-10-29,MKC,1
2021-10-29,PLTR,1
2021-10-29,PSX,1
2021-10-29,PYPL,1
2021-10-29,RKLB,1
2021-10-29,SBUX,1
2021-10-29,SHEL,1
2021-10-29,SO,1
2021-10-29,SYF,1
2021-10-29,T,1
2021-10-29,TDG,1
2021-10-29,XBI,1
2021-11-30,ANDE,5
2021-11-30,ASIX,5
2021-11-30,BX,5
2021-11-30,CFG,5
2021-11-30,CVX,5
2021-11-30,DUK,5
2021-11-30,DVN,5
2021-11-30,FITB,5
2021-11-30,GOOGL,5
2021-11-30,GSAT,5
2021-11-30,HPQ,5
2021-11-30,LLY,5
2021-11-30,LRCX,5
2021-11-30,MKC,5
2021-11-30,NVDA,5
2021-11-30,PEP,5
2021-11-30,PFE,5
2021-11-30,PG,5
2021-11-30,PLD,5
2021-11-30,QQQ,5
2021-11-30,REGN,5
2021-11-30,SCHD,5
2021-11-30,SCHW,5
2021-11-30,SO,5
2021-11-30,UAN,5
2021-11-30,VIG,5
2021-11-30,AEP,1
2021-11-30,ALL,1
2021-11-30,ARKK,1
2021-11-30,ASTS,1
2021-11-30,BAYRY,1
2021-11-30,BKSY,1
2021-11-30,C,1
2021-11-30,CAG,1
2021-11-30,CB,1
2021-11-30,CRWD,1
2021-11-30,DOW,1
2021-11-30,DVY,1
2021-11-30,HMC,1
2021-11-30,IBM,1
2021-11-30,IYR,1
2021-11-30,KO,1
2021-11-30,MRK,1
2021-11-30,NTR,1
2021-11-30,PLTR,1
2021-11-30,PSX,1
2021-11-30,PYPL,1
2021-11-30,RKLB,1
2021-11-30,SEDG,1
2021-11-30,T,1
2021-11-30,TDG,1
2021-11-30,TRV,1
2021-11-30,VLO,1
2021-11-30,VYM,1
2021-11-30,XBI,1
2021-12-31,ABBV,5
2021-12-31,AEP,5
2021-12-31,ANDE,5
2021-12-31,ASIX,5
2021-12-31,BEN,5
2021-12-31,BX,5
2021-12-31,CB,5
2021-12-31,DG,5
2021-12-31,DVN,5
2021-12-31,GSAT,5
2021-12-31,IBM,5
2021-12-31,LLY,5
2021-12-31,LRCX,5
2021-12-31,MCD,5
2021-12-31,MO,5
2021-12-31,NOC,5
2021-12-31,PFE,5
2021-12-31,PG,5
2021-12-31,PLD,5
2021-12-31,SCHD,5
2021-12-31,SCHW,5
2021-12-31,SO,5
2021-12-31,SPLV,5
2021-12-31,TDG,5
2021-12-31,UAN,5
2021-12-31,VLO,5
2021-12-31,VUG,5
2021-12-31,ASTS,1
2021-12-31,BA,1
2021-12-31,BAYRY,1
2021-12-31,BKSY,1
2021-12-31,BLK,1
2021-12-31,C,1
2021-12-31,CAG,1
2021-12-31,CFG,1
2021-12-31,CPB,1
2021-12-31,CRWD,1
2021-12-31,CTVA,1
2021-12-31,DD,1
2021-12-31,DE,1
2021-12-31,DOW,1
2021-12-31,ENPH,1
2021-12-31,FMC,1
2021-12-31,GIS,1
2021-12-31,HMC,1
2021-12-31,O,1
2021-12-31,PLTR,1
2021-12-31,PSX,1
2021-12-31,PYPL,1
2021-12-31,RF,1
2021-12-31,RKLB,1
2021-12-31,SEDG,1
2021-12-31,SHEL,1
2021-12-31,VIG,1
2021-12-31,XBI,1
2022-01-31,ABBV,5
2022-01-31,ANDE,5
2022-01-31,BAYRY,5
2022-01-31,BX,5
2022-01-31,CFG,5
2022-01-31,D,5
2022-01-31,DE,5
2022-01-31,DVN,5
2022-01-31,DVY,5
2022-01-31,HMC,5
2022-01-31,HPQ,5
2022-01-31,IBM,5
2022-01-31,ICL,5
2022-01-31,MCD,5
2022-01-31,MO,5
2022-01-31,MRK,5
2022-01-31,NUE,5
2022-01-31,NVDA,5
2022-01-31,PLD,5
2022-01-31,PM,5
2022-01-31,QQQ,5
2022-01-31,SCHW,5
2022-01-31,SO,5
2022-01-31,T,5
2022-01-31,TGT,5
2022-01-31,UAN,5
2022-01-31,VYM,5
2022-01-31,ASTS,1
2022-01-31,BA,1
2022-01-31,BKSY,1
2022-01-31,BLK,1
2022-01-31,CPB,1
2022-01-31,CRWD,1
2022-01-31,CVX,1
2022-01-31,DD,1
2022-01-31,ENPH,1
2022-01-31,FMC,1
2022-01-31,HBAN,1
2022-01-31,IYR,1
2022-01-31,KMB,1
2022-01-31,LLY,1
2022-01-31,NTR,1
2022-01-31,PLTR,1
2022-01-31,PSX,1
2022-01-31,PYPL,1
2022-01-31,RKLB,1
2022-01-31,SBUX,1
2022-01-31,SEDG,1
2022-01-31,SYF,1
2022-01-31,TDG,1
2022-01-31,TSLA,1
2022-01-31,USMV,1
2022-01-31,VLO,1
2022-01-31,XBI,1
2022-01-31,XLV,1
2022-02-28,ABBV,5
2022-02-28,AEP,5
2022-02-28,ANDE,5
2022-02-28,ASTS,5
2022-02-28,BX,5
2022-02-28,CB,5
2022-02-28,CVX,5
2022-02-28,D,5
2022-02-28,DVN,5
2022-02-28,DVY,5
2022-02-28,FITB,5
2022-02-28,HMC,5
2022-02-28,KHC,5
2022-02-28,KO,5
2022-02-28,MO,5
2022-02-28,NOC,5
2022-02-28,NUE,5
2022-02-28,NVDA,5
2022-02-28,PLD,5
2022-02-28,QQQ,5
2022-02-28,RF,5
2022-02-28,RTX,5
2022-02-28,SCHW,5
2022-02-28,TGT,5
2022-02-28,UAN,5
2022-02-28,VNQ,5
2022-02-28,VYM,5
2022-02-28,ARKK,1
2022-02-28,BA,1
2022-02-28,BAYRY,1
2022-02-28,BKSY,1
2022-02-28,BLK,1
2022-02-28,C,1
2022-02-28,CAG,1
2022-02-28,CPB,1
2022-02-28,CTVA,1
2022-02-28,DD,1
2022-02-28,DE,1
2022-02-28,DOW,1
2022-02-28,FMC,1
2022-02-28,GSAT,1
2022-02-28,IBM,1
2022-02-28,KMB,1
2022-02-28,NKE,1
2022-02-28,O,1
2022-02-28,PLTR,1
2022-02-28,PSX,1
2022-02-28,PYPL,1
2022-02-28,RKLB,1
2022-02-28,SBUX,1
2022-02-28,SO,1
2022-02-28,USMV,1
2022-02-28,VIG,1
2022-02-28,VLO,1
2022-02-28,WM,1
2022-02-28,XBI,1
2022-03-31,ABBV,5
2022-03-31,ALL,5
2022-03-31,ANDE,5
2022-03-31,ASTS,5
2022-03-31,BX,5
2022-03-31,CAT,5
2022-03-31,CB,5
2022-03-31,CRWD,5
2022-03-31,DE,5
2022-03-31,DG,5
2022-03-31,DUK,5
2022-03-31,DVN,5
2022-03-31,GOOGL,5
2022-03-31,GSAT,5
2022-03-31,IVZ,5
2022-03-31,KO,5
2022-03-31,LLY,5
2022-03-31,NVDA,5
2022-03-31,PEP,5
2022-03-31,PLD,5
2022-03-31,QQQ,5
2022-03-31,SO,5
2022-03-31,SPLV,5
2022-03-31,UAN,5
2022-03-31,USMV,5
2022-03-31,VLO,5
2022-03-31,XLP,5
2022-03-31,ARKK,1
2022-03-31,BA,1
2022-03-31,BKSY,1
2022-03-31,C,1
2022-03-31,CAG,1
2022-03-31,CFG,1
2022-03-31,CPB,1
2022-03-31,CTVA,1
2022-03-31,DD,1
2022-03-31,DOW,1
2022-03-31,FMC,1
2022-03-31,HBAN,1
2022-03-31,KMB,1
2022-03-31,MRK,1
2022-03-31,MTSI,1
2022-03-31,NEE,1
2022-03-31,O,1
2022-03-31,PM,1
2022-03-31,PSX,1
2022-03-31,RKLB,1
2022-03-31,SBUX,1
2022-03-31,SCHD,1
2022-03-31,SHEL,1
2022-03-31,SYF,1
2022-03-31,VIG,1
2022-03-31,VZ,1
2022-03-31,XBI,1
2022-03-31,XLV,1
2022-04-29,AEP,5
2022-04-29,ANDE,5
2022-04-29,BMY,5
2022-04-29,CB,5
2022-04-29,DUK,5
2022-04-29,DVN,5
2022-04-29,DVY,5
2022-04-29,GOOGL,5
2022-04-29,HII,5
2022-04-29,HPQ,5
2022-04-29,IBM,5
2022-04-29,KHC,5
2022-04-29,LLY,5
2022-04-29,MO,5
2022-04-29,MRK,5
2022-04-29,NUE,5
2022-04-29,PLD,5
2022-04-29,RF,5
2022-04-29,SMCI,5
2022-04-29,SO,5
2022-04-29,SPLV,5
2022-04-29,SYF,5
2022-04-29,TGT,5
2022-04-29,UAN,5
2022-04-29,VLO,5
2022-04-29,VUG,5
2022-04-29,VZ,5
2022-04-29,ARKK,1
2022-04-29,ASIX,1
2022-04-29,ASTS,1
2022-04-29,BA,1
2022-04-29,BAYRY,1
2022-04-29,BKSY,1
2022-04-29,BLK,1
2022-04-29,C,1
2022-04-29,CAG,1
2022-04-29,CTVA,1
2022-04-29,DD,1
2022-04-29,ENPH,1
2022-04-29,FMC,1
2022-04-29,GSAT,1
2022-04-29,IYR,1
2022-04-29,MKC,1
2022-04-29,NEE,1
2022-04-29,PLTR,1
2022-04-29,PSX,1
2022-04-29,PYPL,1
2022-04-29,RKLB,1
2022-04-29,SBUX,1
2022-04-29,SCHW,1
2022-04-29,SEDG,1
2022-04-29,TDG,1
2022-04-29,TSLA,1
2022-04-29,USMV,1
2022-04-29,VIG,1
2022-04-29,XBI,1
2022-04-29,XLP,1
2022-04-29,XLV,1
2022-05-31,AEP,5
2022-05-31,ALL,5
2022-05-31,BAYRY,5
2022-05-31,BX,5
2022-05-31,CB,5
2022-05-31,DG,5
2022-05-31,DUK,5
2022-05-31,DVN,5
2022-05-31,DVY,5
2022-05-31,GIS,5
2022-05-31,GSAT,5
2022-05-31,HPQ,5
2022-05-31,KO,5
2022-05-31,LLY,5
2022-05-31,LRCX,5
2022-05-31,MCD,5
2022-05-31,NOC,5
2022-05-31,O,5
2022-05-31,PEP,5
2022-05-31,PFE,5
2022-05-31,PM,5
2022-05-31,QQQ,5
2022-05-31,SMCI,5
2022-05-31,SO,5
2022-05-31,UAN,5
2022-05-31,VAL,5
2022-05-31,VYM,5
2022-05-31,ANDE,1
2022-05-31,ARKK,1
2022-05-31,BA,1
2022-05-31,BAC,1
2022-05-31,BLK,1
2022-05-31,C,1
2022-05-31,CAG,1
2022-05-31,CRWD,1
2022-05-31,DD,1
2022-05-31,DE,1
2022-05-31,DOW,1
2022-05-31,FMC,1
2022-05-31,HMC,1
2022-05-31,IRDM,1
2022-05-31,MKC,1
2022-05-31,NUE,1
2022-05-31,PG,1
2022-05-31,PLTR,1
2022-05-31,PSX,1
2022-05-31,PYPL,1
2022-05-31,RKLB,1
2022-05-31,SHEL,1
2022-05-31,SYF,1
2022-05-31,USMV,1
2022-05-31,VIG,1
2022-05-31,VLO,1
2022-05-31,XBI,1
2022-05-31,XLV,1
2022-06-30,ABBV,5
2022-06-30,ALL,5
2022-06-30,CAG,5
2022-06-30,CB,5
2022-06-30,CRWD,5
2022-06-30,DG,5
2022-06-30,DUK,5
2022-06-30,DVN,5
2022-06-30,GIS,5
2022-06-30,HII,5
2022-06-30,IBM,5
2022-06-30,ICL,5
2022-06-30,KO,5
2022-06-30,LLY,5
2022-06-30,MCD,5
2022-06-30,O,5
2022-06-30,PLD,5
2022-06-30,RTX,5
2022-06-30,SCHW,5
2022-06-30,SO,5
2022-06-30,SPLV,5
2022-06-30,T,5
2022-06-30,UAN,5
2022-06-30,USMV,5
2022-06-30,VUG,5
2022-06-30,XLF,5
2022-06-30,AEP,1
2022-06-30,ANDE,1
2022-06-30,ARKK,1
2022-06-30,ASIX,1
2022-06-30,ASTS,1
2022-06-30,BA,1
2022-06-30,BAC,1
2022-06-30,BAYRY,1
2022-06-30,BKSY,1
2022-06-30,C,1
2022-06-30,DD,1
2022-06-30,DE,1
2022-06-30,DOW,1
2022-06-30,DVY,1
2022-06-30,GSAT,1
2022-06-30,MKC,1
2022-06-30,MO,1
2022-06-30,NKE,1
2022-06-30,PLTR,1
2022-06-30,PM,1
2022-06-30,PSX,1
2022-06-30,PYPL,1
2022-06-30,SCHD,1
2022-06-30,SYF,1
2022-06-30,VAL,1
2022-06-30,VNQ,1
2022-06-30,XBI,1
2022-06-30,XLU,1
2022-07-29,ABBV,5
2022-07-29,ANDE,5
2022-07-29,BEN,5
2022-07-29,BX,5
2022-07-29,CPB,5
2022-07-29,DE,5
2022-07-29,DVN,5
2022-07-29,DVY,5
2022-07-29,GIS,5
2022-07-29,GSAT,5
2022-07-29,HEI,5
2022-07-29,LLY,5
2022-07-29,MPC,5
2022-07-29,NUE,5
2022-07-29,PEP,5
2022-07-29,PLD,5
2022-07-29,RF,5
2022-07-29,SCHW,5
2022-07-29,SMCI,5
2022-07-29,SO,5
2022-07-29,SYF,5
2022-07-29,TDG,5
2022-07-29,TGT,5
2022-07-29,UAN,5
2022-07-29,VAL,5
2022-07-29,VUG,5
2022-07-29,VYM,5
2022-07-29,ALL,1
2022-07-29,ARKK,1
2022-07-29,BA,1
2022-07-29,BAYRY,1
2022-07-29,BKSY,1
2022-07-29,BLK,1
2022-07-29,CB,1
2022-07-29,CRWD,1
2022-07-29,DD,1
2022-07-29,DOW,1
2022-07-29,FITB,1
2022-07-29,FMC,1
2022-07-29,HMC,1
2022-07-29,IBM,1
2022-07-29,ICL,1
2022-07-29,JPM,1
2022-07-29,KMB,1
2022-07-29,PLTR,1
2022-07-29,PM,1
2022-07-29,PSX,1
2022-07-29,SBUX,1
2022-07-29,SCHD,1
2022-07-29,SHEL,1
2022-07-29,TRV,1
2022-07-29,USMV,1
2022-07-29,VLO,1
2022-07-29,VNQ,1
2022-07-29,VZ,1
2022-07-29,XBI,1
2022-08-31,ABBV,5
2022-08-31,AEP,5
2022-08-31,ASTS,5
2022-08-31,CB,5
2022-08-31,COST,5
2022-08-31,CPB,5
2022-08-31,DE,5
2022-08-31,DVN,5
2022-08-31,DVY,5
2022-08-31,FANG,5
2022-08-31,GIS,5
2022-08-31,GSAT,5
2022-08-31,HII,5
2022-08-31,IBM,5
2022-08-31,MCD,5
2022-08-31,MPC,5
2022-08-31,MRK,5
2022-08-31,NTR,5
2022-08-31,O,5
2022-08-31,PLD,5
2022-08-31,RF,5
2022-08-31,SMCI,5
2022-08-31,SO,5
2022-08-31,SPLV,5
2022-08-31,UAN,5
2022-08-31,VLO,5
2022-08-31,VUG,5
2022-08-31,ARKK,1
2022-08-31,ASIX,1
2022-08-31,BA,1
2022-08-31,BAYRY,1
2022-08-31,BKSY,1
2022-08-31,BLK,1
2022-08-31,BX,1
2022-08-31,C,1
2022-08-31,CVX,1
2022-08-31,DD,1
2022-08-31,DOW,1
2022-08-31,FMC,1
2022-08-31,KMB,1
2022-08-31,MKC,1
2022-08-31,NEE,1
2022-08-31,NKE,1
2022-08-31,PLTR,1
2022-08-31,PM,1
2022-08-31,PSX,1
2022-08-31,PYPL,1
2022-08-31,SHEL,1
2022-08-31,SYF,1
2022-08-31,USMV,1
2022-08-31,VAL,1
2022-08-31,VIG,1
2022-08-31,VNQ,1
2022-08-31,VZ,1
2022-08-31,XBI,1
2022-09-30,AFL,5
2022-09-30,ALL,5
2022-09-30,BMY,5
2022-09-30,CAG,5
2022-09-30,CB,5
2022-09-30,COST,5
2022-09-30,CPB,5
2022-09-30,DUK,5
2022-09-30,DVN,5
2022-09-30,FMC,5
2022-09-30,GIS,5
2022-09-30,HBAN,5
2022-09-30,HII,5
2022-09-30,IBM,5
2022-09-30,LLY,5
2022-09-30,MPC,5
2022-09-30,O,5
2022-09-30,PEP,5
2022-09-30,QQQ,5
2022-09-30,SCHW,5
2022-09-30,SMCI,5
2022-09-30,SO,5
2022-09-30,SPLV,5
2022-09-30,UAN,5
2022-09-30,VYM,5
2022-09-30,VZ,5
2022-09-30,AMD,1
2022-09-30,ANDE,1
2022-09-30,ARKK,1
2022-09-30,ASIX,1
2022-09-30,ASTS,1
2022-09-30,BA,1
2022-09-30,BAYRY,1
2022-09-30,BKSY,1
2022-09-30,BLK,1
2022-09-30,C,1
2022-09-30,DD,1
2022-09-30,DOW,1
2022-09-30,DVY,1
2022-09-30,HMC,1
2022-09-30,KMB,1
2022-09-30,MKC,1
2022-09-30,NKE,1
2022-09-30,NUE,1
2022-09-30,PFE,1
2022-09-30,PM,1
2022-09-30,PSX,1
2022-09-30,PYPL,1
2022-09-30,SEDG,1
2022-09-30,SHEL,1
2022-09-30,SYF,1
2022-09-30,VIG,1
2022-09-30,XBI,1
2022-09-30,XLE,1
2022-09-30,XLV,1
2022-10-31,AEP,5
2022-10-31,AFL,5
2022-10-31,BMY,5
2022-10-31,CAG,5
2022-10-31,CB,5
2022-10-31,CFG,5
2022-10-31,COST,5
2022-10-31,CPB,5
2022-10-31,CTVA,5
2022-10-31,DUK,5
2022-10-31,DVN,5
2022-10-31,DVY,5
2022-10-31,GIS,5
2022-10-31,GSAT,5
2022-10-31,IBM,5
2022-10-31,LLY,5
2022-10-31,LRCX,5
2022-10-31,MCD,5
2022-10-31,MRK,5
2022-10-31,O,5
2022-10-31,PLD,5
2022-10-31,QQQ,5
2022-10-31,SMCI,5
2022-10-31,SYF,5
2022-10-31,VAL,5
2022-10-31,VYM,5
2022-10-31,XLU,5
2022-10-31,ALL,1
2022-10-31,AMD,1
2022-10-31,ARKK,1
2022-10-31,ASIX,1
2022-10-31,ASTS,1
2022-10-31,BA,1
2022-10-31,BKSY,1
2022-10-31,BX,1
2022-10-31,C,1
2022-10-31,CRWD,1
2022-10-31,DD,1
2022-10-31,DOW,1
2022-10-31,HMC,1
2022-10-31,IYR,1
2022-10-31,KMB,1
2022-10-31,PLTR,1
2022-10-31,PYPL,1
2022-10-31,SEDG,1
2022-10-31,SHEL,1
2022-10-31,SPLV,1
2022-10-31,STM,1
2022-10-31,TSLA,1
2022-10-31,USMV,1
2022-10-31,VLO,1
2022-10-31,WM,1
2022-10-31,XBI,1
2022-10-31,XLP,1
2022-10-31,XLV,1
2022-11-30,ABBV,5
2022-11-30,AEP,5
2022-11-30,AFL,5
2022-11-30,ALL,5
2022-11-30,ANDE,5
2022-11-30,BEN,5
2022-11-30,DE,5
2022-11-30,DUK,5
2022-11-30,DVY,5
2022-11-30,GIS,5
2022-11-30,IVZ,5
2022-11-30,LLY,5
2022-11-30,MPC,5
2022-11-30,MRK,5
2022-11-30,NKE,5
2022-11-30,NUE,5
2022-11-30,PLD,5
2022-11-30,PM,5
2022-11-30,QQQ,5
2022-11-30,SBUX,5
2022-11-30,SMCI,5
2022-11-30,STM,5
2022-11-30,T,5
2022-11-30,UAN,5
2022-11-30,VAL,5
2022-11-30,VLO,5
2022-11-30,VYM,5
2022-11-30,ARKK,1
2022-11-30,ASTS,1
2022-11-30,BAC,1
2022-11-30,BKSY,1
2022-11-30,BX,1
2022-11-30,C,1
2022-11-30,CRWD,1
2022-11-30,DOW,1
2022-11-30,DVN,1
2022-11-30,FITB,1
2022-11-30,HPQ,1
2022-11-30,ICL,1
2022-11-30,MKC,1
2022-11-30,MO,1
2022-11-30,NTR,1
2022-11-30,O,1
2022-11-30,PEP,1
2022-11-30,PFE,1
2022-11-30,PLTR,1
2022-11-30,PYPL,1
2022-11-30,SHEL,1
2022-11-30,SO,1
2022-11-30,SYF,1
2022-11-30,USMV,1
2022-11-30,VIG,1
2022-11-30,VZ,1
2022-11-30,WM,1
2022-11-30,XBI,1
2022-12-30,ABBV,5
2022-12-30,AFL,5
2022-12-30,ALL,5
2022-12-30,CAG,5
2022-12-30,CB,5
2022-12-30,CPB,5
2022-12-30,DG,5
2022-12-30,DOW,5
2022-12-30,DUK,5
2022-12-30,DVY,5
2022-12-30,FMC,5
2022-12-30,IBM,5
2022-12-30,KHC,5
2022-12-30,LLY,5
2022-12-30,MPC,5
2022-12-30,MRK,5
2022-12-30,NKE,5
2022-12-30,O,5
2022-12-30,PLD,5
2022-12-30,SCHW,5
2022-12-30,SMCI,5
2022-12-30,SO,5
2022-12-30,SPLV,5
2022-12-30,UAN,5
2022-12-30,VAL,5
2022-12-30,VUG,5
2022-12-30,VZ,5
2022-12-30,AMD,1
2022-12-30,ANDE,1
2022-12-30,ARKK,1
2022-12-30,ASIX,1
2022-12-30,ASTS,1
2022-12-30,BA,1
2022-12-30,BAC,1
2022-12-30,BAYRY,1
2022-12-30,BKSY,1
2022-12-30,BMY,1
2022-12-30,BX,1
2022-12-30,CRWD,1
2022-12-30,DVN,1
2022-12-30,FITB,1
2022-12-30,ICL,1
2022-12-30,MKC,1
2022-12-30,PEP,1
2022-12-30,PLTR,1
2022-12-30,PSX,1
2022-12-30,PYPL,1
2022-12-30,SHEL,1
2022-12-30,SYF,1
2022-12-30,USMV,1
2022-12-30,VIG,1
2022-12-30,VNQ,1
2022-12-30,WM,1
2022-12-30,XBI,1
2022-12-30,XLP,1
2022-12-30,XLV,1
2023-01-31,AEP,5
2023-01-31,ANDE,5
2023-01-31,ARKK,5
2023-01-31,BAYRY,5
2023-01-31,BEN,5
2023-01-31,BX,5
2023-01-31,CTVA,5
2023-01-31,DUK,5
2023-01-31,DVY,5
2023-01-31,GSAT,5
2023-01-31,KHC,5
2023-01-31,LLY,5
2023-01-31,LRCX,5
2023-01-31,MPC,5
2023-01-31,NUE,5
2023-01-31,NVDA,5
2023-01-31,PLD,5
2023-01-31,PM,5
2023-01-31,REGN,5
2023-01-31,RF,5
2023-01-31,SBUX,5
2023-01-31,SMCI,5
2023-01-31,STM,5
2023-01-31,TDG,5
2023-01-31,TGT,5
2023-01-31,VLO,5
2023-01-31,VYM,5
2023-01-31,ALL,1
2023-01-31,BA,1
2023-01-31,BAC,1
2023-01-31,BKSY,1
2023-01-31,CRWD,1
2023-01-31,CVX,1
2023-01-31,DD,1
2023-01-31,FITB,1
2023-01-31,HMC,1
2023-01-31,HPQ,1
2023-01-31,IBM,1
2023-01-31,ICL,1
2023-01-31,IYR,1
2023-01-31,JNJ,1
2023-01-31,KMB,1
2023-01-31,MKC,1
2023-01-31,PEP,1
2023-01-31,PFE,1
2023-01-31,PLTR,1
2023-01-31,PSX,1
2023-01-31,PYPL,1
2023-01-31,SCHW,1
2023-01-31,SHEL,1
2023-01-31,SPLV,1
2023-01-31,UAN,1
2023-01-31,USMV,1
2023-01-31,VUG,1
2023-01-31,WM,1
2023-02-28,ABBV,5
2023-02-28,AEP,5
2023-02-28,ALL,5
2023-02-28,ANDE,5
2023-02-28,ASTS,5
2023-02-28,CPB,5
2023-02-28,DVY,5
2023-02-28,GIS,5
2023-02-28,HBAN,5
2023-02-28,HMC,5
2023-02-28,MPC,5
2023-02-28,MRK,5
2023-02-28,NUE,5
2023-02-28,NVDA,5
2023-02-28,O,5
2023-02-28,PEP,5
2023-02-28,PLD,5
2023-02-28,QQQ,5
2023-02-28,REGN,5
2023-02-28,SCHD,5
2023-02-28,SCHW,5
2023-02-28,SMCI,5
2023-02-28,SO,5
2023-02-28,STLD,5
2023-02-28,TDG,5
2023-02-28,TGT,5
2023-02-28,UAN,5
2023-02-28,ARKK,1
2023-02-28,ASIX,1
2023-02-28,BA,1
2023-02-28,BAC,1
2023-02-28,BKSY,1
2023-02-28,BX,1
2023-02-28,CFG,1
2023-02-28,CVX,1
2023-02-28,DD,1
2023-02-28,DVN,1
2023-02-28,FITB,1
2023-02-28,ICL,1
2023-02-28,JNJ,1
2023-02-28,KMB,1
2023-02-28,KO,1
2023-02-28,MKC,1
2023-02-28,NKE,1
2023-02-28,NTR,1
2023-02-28,PFE,1
2023-02-28,PLTR,1
2023-02-28,PM,1
2023-02-28,PYPL,1
2023-02-28,SEDG,1
2023-02-28,SPLV,1
2023-02-28,USMV,1
2023-02-28,VNQ,1
2023-02-28,WM,1
2023-02-28,XBI,1
2023-03-31,BEN,5
2023-03-31,BLK,5
2023-03-31,CAG,5
2023-03-31,CPB,5
2023-03-31,CTVA,5
2023-03-31,DD,5
2023-03-31,FMC,5
2023-03-31,GIS,5
2023-03-31,LLY,5
2023-03-31,LRCX,5
2023-03-31,MCD,5
2023-03-31,MPC,5
2023-03-31,MRK,5
2023-03-31,NVDA,5
2023-03-31,O,5
2023-03-31,PLD,5
2023-03-31,QQQ,5
2023-03-31,REGN,5
2023-03-31,SBUX,5
2023-03-31,SMCI,5
2023-03-31,SO,5
2023-03-31,STM,5
2023-03-31,T,5
2023-03-31,TDG,5
2023-03-31,USMV,5
2023-03-31,VIG,5
2023-03-31,VLO,5
2023-03-31,ANDE,1
2023-03-31,ARKK,1
2023-03-31,ASTS,1
2023-03-31,BA,1
2023-03-31,BAC,1
2023-03-31,BKSY,1
2023-03-31,CFG,1
2023-03-31,CRWD,1
2023-03-31,DE,1
2023-03-31,DVN,1
2023-03-31,DVY,1
2023-03-31,ENPH,1
2023-03-31,FITB,1
2023-03-31,GSAT,1
2023-03-31,HBAN,1
2023-03-31,HPQ,1
2023-03-31,JNJ,1
2023-03-31,MO,1
2023-03-31,PFE,1
2023-03-31,PLTR,1
2023-03-31,SCHD,1
2023-03-31,SCHW,1
2023-03-31,SEDG,1
2023-03-31,SHEL,1
2023-03-31,SYF,1
2023-03-31,TSLA,1
2023-03-31,VNQ,1
2023-03-31,XBI,1
2023-04-28,ANDE,5
2023-04-28,BEN,5
2023-04-28,CTVA,5
2023-04-28,DD,5
2023-04-28,FANG,5
2023-04-28,FMC,5
2023-04-28,GIS,5
2023-04-28,GOOGL,5
2023-04-28,IVZ,5
2023-04-28,LLY,5
2023-04-28,LRCX,5
2023-04-28,MCD,5
2023-04-28,MPC,5
2023-04-28,MRK,5
2023-04-28,NVDA,5
2023-04-28,O,5
2023-04-28,PEP,5
2023-04-28,QQQ,5
2023-04-28,SBUX,5
2023-04-28,SMCI,5
2023-04-28,SO,5
2023-04-28,SPLV,5
2023-04-28,TDG,5
2023-04-28,VIG,5
2023-04-28,XBI,5
2023-04-28,XOM,5
2023-04-28,ABBV,1
2023-04-28,ARKK,1
2023-04-28,ASTS,1
2023-04-28,BKSY,1
2023-04-28,BMY,1
2023-04-28,CFG,1
2023-04-28,CRWD,1
2023-04-28,DE,1
2023-04-28,DVY,1
2023-04-28,ENPH,1
2023-04-28,FITB,1
2023-04-28,GSAT,1
2023-04-28,HBAN,1
2023-04-28,ICL,1
2023-04-28,KO,1
2023-04-28,NTR,1
2023-04-28,PFE,1
2023-04-28,PLTR,1
2023-04-28,PM,1
2023-04-28,PSX,1
2023-04-28,PYPL,1
2023-04-28,RF,1
2023-04-28,SCHD,1
2023-04-28,SCHW,1
2023-04-28,STM,1
2023-04-28,TSLA,1
2023-04-28,VAL,1
2023-04-28,VLO,1
2023-04-28,XLP,1
2023-05-31,BLK,5
2023-05-31,CAG,5
2023-05-31,CPB,5
2023-05-31,DD,5
2023-05-31,FMC,5
2023-05-31,GIS,5
2023-05-31,GOOGL,5
2023-05-31,HMC,5
2023-05-31,LLY,5
2023-05-31,LRCX,5
2023-05-31,MPC,5
2023-05-31,MRK,5
2023-05-31,NEE,5
2023-05-31,NUE,5
2023-05-31,PEP,5
2023-05-31,PLD,5
2023-05-31,QQQ,5
2023-05-31,SBUX,5
2023-05-31,SMCI,5
2023-05-31,SO,5
2023-05-31,STLD,5
2023-05-31,SYF,5
2023-05-31,TDG,5
2023-05-31,USMV,5
2023-05-31,VIG,5
2023-05-31,XBI,5
2023-05-31,XOM,5
2023-05-31,ARKK,1
2023-05-31,BAC,1
2023-05-31,BAYRY,1
2023-05-31,BKSY,1
2023-05-31,BMY,1
2023-05-31,BX,1
2023-05-31,CFG,1
2023-05-31,CVX,1
2023-05-31,DE,1
2023-05-31,DVN,1
2023-05-31,DVY,1
2023-05-31,ENPH,1
2023-05-31,FITB,1
2023-05-31,HPQ,1
2023-05-31,IBM,1
2023-05-31,ICL,1
2023-05-31,JNJ,1
2023-05-31,KO,1
2023-05-31,MKC,1
2023-05-31,MO,1
2023-05-31,NKE,1
2023-05-31,NTR,1
2023-05-31,PFE,1
2023-05-31,PM,1
2023-05-31,PYPL,1
2023-05-31,SCHD,1
2023-05-31,SEDG,1
2023-05-31,VLO,1
2023-05-31,VNQ,1
2023-06-30,ANDE,5
2023-06-30,BEN,5
2023-06-30,HEI,5
2023-06-30,HMC,5
2023-06-30,IVZ,5
2023-06-30,IYR,5
2023-06-30,JNJ,5
2023-06-30,LLY,5
2023-06-30,MO,5
2023-06-30,MPC,5
2023-06-30,MRK,5
2023-06-30,NUE,5
2023-06-30,NVDA,5
2023-06-30,PLD,5
2023-06-30,PM,5
2023-06-30,QQQ,5
2023-06-30,SO,5
2023-06-30,STLD,5
2023-06-30,STM,5
2023-06-30,SYF,5
2023-06-30,TDG,5
2023-06-30,VIG,5
2023-06-30,VLO,5
2023-06-30,VYM,5
2023-06-30,VZ,5
2023-06-30,XLU,5
2023-06-30,ALL,1
2023-06-30,ARKK,1
2023-06-30,ASTS,1
2023-06-30,BA,1
2023-06-30,BAC,1
2023-06-30,BMY,1
2023-06-30,CAG,1
2023-06-30,CB,1
2023-06-30,CFG,1
2023-06-30,CPB,1
2023-06-30,CRWD,1
2023-06-30,CVX,1
2023-06-30,DVN,1
2023-06-30,DVY,1
2023-06-30,ENPH,1
2023-06-30,FMC,1
2023-06-30,GSAT,1
2023-06-30,HPQ,1
2023-06-30,IBM,1
2023-06-30,ICL,1
2023-06-30,MMM,1
2023-06-30,O,1
2023-06-30,PFE,1
2023-06-30,PYPL,1
2023-06-30,RF,1
2023-06-30,SEDG,1
2023-06-30,SPLV,1
2023-06-30,TRV,1
2023-06-30,UAN,1
2023-07-31,ABBV,5
2023-07-31,ANDE,5
2023-07-31,ARKK,5
2023-07-31,BEN,5
2023-07-31,BX,5
2023-07-31,CFG,5
2023-07-31,DD,5
2023-07-31,GOOGL,5
2023-07-31,GSAT,5
2023-07-31,HMC,5
2023-07-31,ICL,5
2023-07-31,LLY,5
2023-07-31,MKC,5
2023-07-31,MPC,5
2023-07-31,PG,5
2023-07-31,PLD,5
2023-07-31,PM,5
2023-07-31,REGN,5
2023-07-31,RF,5
2023-07-31,SBUX,5
2023-07-31,SCHD,5
2023-07-31,SCHW,5
2023-07-31,SO,5
2023-07-31,STM,5
2023-07-31,TDG,5
2023-07-31,UAN,5
2023-07-31,VYM,5
2023-07-31,ALL,1
2023-07-31,ASTS,1
2023-07-31,BKSY,1
2023-07-31,BMY,1
2023-07-31,C,1
2023-07-31,CAG,1
2023-07-31,CPB,1
2023-07-31,CTVA,1
2023-07-31,CVX,1
2023-07-31,DOW,1
2023-07-31,ENPH,1
2023-07-31,FMC,1
2023-07-31,HPQ,1
2023-07-31,KMB,1
2023-07-31,MRK,1
2023-07-31,NKE,1
2023-07-31,O,1
2023-07-31,PFE,1
2023-07-31,PYPL,1
2023-07-31,SEDG,1
2023-07-31,SHEL,1
2023-07-31,SPLV,1
2023-07-31,SYF,1
2023-07-31,TRV,1
2023-07-31,USMV,1
2023-07-31,VUG,1
2023-07-31,WM,1
2023-07-31,XLF,1
2023-08-31,ANDE,5
2023-08-31,BX,5
2023-08-31,CB,5
2023-08-31,COST,5
2023-08-31,CSCO,5
2023-08-31,CW,5
2023-08-31,DD,5
2023-08-31,DOW,5
2023-08-31,GOOGL,5
2023-08-31,GSAT,5
2023-08-31,HMC,5
2023-08-31,IVZ,5
2023-08-31,LLY,5
2023-08-31,MO,5
2023-08-31,MPC,5
2023-08-31,MRK,5
2023-08-31,NUE,5
2023-08-31,PG,5
2023-08-31,PLD,5
2023-08-31,PSX,5
2023-08-31,QQQ,5
2023-08-31,REGN,5
2023-08-31,SO,5
2023-08-31,STLD,5
2023-08-31,TDG,5
2023-08-31,USMV,5
2023-08-31,VIG,5
2023-08-31,ASIX,1
2023-08-31,ASTS,1
2023-08-31,BKSY,1
2023-08-31,C,1
2023-08-31,CAG,1
2023-08-31,CFG,1
2023-08-31,CPB,1
2023-08-31,CTVA,1
2023-08-31,CVX,1
2023-08-31,DVN,1
2023-08-31,DVY,1
2023-08-31,ENPH,1
2023-08-31,GIS,1
2023-08-31,HBAN,1
2023-08-31,HPQ,1
2023-08-31,IRDM,1
2023-08-31,JNJ,1
2023-08-31,O,1
2023-08-31,PLTR,1
2023-08-31,PYPL,1
2023-08-31,RF,1
2023-08-31,SCHW,1
2023-08-31,SEDG,1
2023-08-31,STM,1
2023-08-31,UAN,1
2023-08-31,WM,1
2023-08-31,XBI,1
2023-08-31,XLE,1
2023-09-29,ABBV,5
2023-09-29,ANDE,5
2023-09-29,BX,5
2023-09-29,CAT,5
2023-09-29,CB,5
2023-09-29,COST,5
2023-09-29,DD,5
2023-09-29,DUK,5
2023-09-29,GOOGL,5
2023-09-29,HMC,5
2023-09-29,JPM,5
2023-09-29,KHC,5
2023-09-29,LLY,5
2023-09-29,LRCX,5
2023-09-29,MO,5
2023-09-29,MPC,5
2023-09-29,PLD,5
2023-09-29,PM,5
2023-09-29,QQQ,5
2023-09-29,SO,5
2023-09-29,T,5
2023-09-29,TDG,5
2023-09-29,UAN,5
2023-09-29,UNH,5
2023-09-29,USMV,5
2023-09-29,VLO,5
2023-09-29,VYM,5
2023-09-29,BA,1
2023-09-29,BAYRY,1
2023-09-29,BKSY,1
2023-09-29,CAG,1
2023-09-29,CFG,1
2023-09-29,DVN,1
2023-09-29,DVY,1
2023-09-29,ENPH,1
2023-09-29,FMC,1
2023-09-29,GIS,1
2023-09-29,GSAT,1
2023-09-29,HBAN,1
2023-09-29,HPQ,1
2023-09-29,IBM,1
2023-09-29,ICL,1
2023-09-29,KO,1
2023-09-29,MKC,1
2023-09-29,O,1
2023-09-29,PFE,1
2023-09-29,PYPL,1
2023-09-29,RF,1
2023-09-29,RKLB,1
2023-09-29,SCHW,1
2023-09-29,SEDG,1
2023-09-29,STM,1
2023-09-29,VAL,1
2023-09-29,XBI,1
2023-09-29,XLE,1
2023-10-31,ALL,5
2023-10-31,ANDE,5
2023-10-31,CB,5
2023-10-31,DD,5
2023-10-31,DOW,5
2023-10-31,FANG,5
2023-10-31,GSAT,5
2023-10-31,IYR,5
2023-10-31,JPM,5
2023-10-31,KO,5
2023-10-31,LLY,5
2023-10-31,MPC,5
2023-10-31,MRK,5
2023-10-31,NKE,5
2023-10-31,NUE,5
2023-10-31,NVDA,5
2023-10-31,PG,5
2023-10-31,QQQ,5
2023-10-31,RTX,5
2023-10-31,SBUX,5
2023-10-31,SMCI,5
2023-10-31,SO,5
2023-10-31,TDG,5
2023-10-31,UNH,5
2023-10-31,USMV,5
2023-10-31,VIG,5
2023-10-31,VZ,5
2023-10-31,AEP,1
2023-10-31,ARKK,1
2023-10-31,ASTS,1
2023-10-31,BA,1
2023-10-31,BKSY,1
2023-10-31,BMY,1
2023-10-31,BX,1
2023-10-31,CFG,1
2023-10-31,CVX,1
2023-10-31,DVY,1
2023-10-31,ENPH,1
2023-10-31,FITB,1
2023-10-31,FMC,1
2023-10-31,HBAN,1
2023-10-31,ICL,1
2023-10-31,MKC,1
2023-10-31,MMM,1
2023-10-31,MO,1
2023-10-31,MTSI,1
2023-10-31,NTR,1
2023-10-31,PEP,1
2023-10-31,PFE,1
2023-10-31,PYPL,1
2023-10-31,RF,1
2023-10-31,SCHD,1
2023-10-31,SEDG,1
2023-10-31,STM,1
2023-10-31,VAL,1
2023-10-31,XBI,1
2023-11-30,ANDE,5
2023-11-30,ARKK,5
2023-11-30,ASTS,5
2023-11-30,BLK,5
2023-11-30,BX,5
2023-11-30,C,5
2023-11-30,CRWD,5
2023-11-30,D,5
2023-11-30,DD,5
2023-11-30,DOW,5
2023-11-30,FITB,5
2023-11-30,JPM,5
2023-11-30,KHC,5
2023-11-30,LLY,5
2023-11-30,LRCX,5
2023-11-30,MPC,5
2023-11-30,NUE,5
2023-11-30,NVDA,5
2023-11-30,PLD,5
2023-11-30,PSX,5
2023-11-30,SHEL,5
2023-11-30,SMCI,5
2023-11-30,SO,5
2023-11-30,TDG,5
2023-11-30,USMV,5
2023-11-30,VIG,5
2023-11-30,XBI,5
2023-11-30,ASIX,1
2023-11-30,BAYRY,1
2023-11-30,BKSY,1
2023-11-30,BMY,1
2023-11-30,CAG,1
2023-11-30,CB,1
2023-11-30,CFG,1
2023-11-30,CPB,1
2023-11-30,CTVA,1
2023-11-30,CVX,1
2023-11-30,DVN,1
2023-11-30,ENPH,1
2023-11-30,GIS,1
2023-11-30,HMC,1
2023-11-30,HPQ,1
2023-11-30,IBM,1
2023-11-30,IRDM,1
2023-11-30,LXU,1
2023-11-30,MKC,1
2023-11-30,MMM,1
2023-11-30,O,1
2023-11-30,PFE,1
2023-11-30,PYPL,1
2023-11-30,RF,1
2023-11-30,SPLV,1
2023-11-30,TRV,1
2023-11-30,UAN,1
2023-11-30,VAL,1
2023-12-29,ANDE,5
2023-12-29,ARKK,5
2023-12-29,ASIX,5
2023-12-29,ASTS,5
2023-12-29,BX,5
2023-12-29,COST,5
2023-12-29,CPB,5
2023-12-29,CRWD,5
2023-12-29,FITB,5
2023-12-29,FMC,5
2023-12-29,GSAT,5
2023-12-29,IVZ,5
2023-12-29,KHC,5
2023-12-29,LLY,5
2023-12-29,LRCX,5
2023-12-29,MKC,5
2023-12-29,MPC,5
2023-12-29,NVDA,5
2023-12-29,PLD,5
2023-12-29,PSX,5
2023-12-29,SCHD,5
2023-12-29,SMCI,5
2023-12-29,SYF,5
2023-12-29,TDG,5
2023-12-29,VYM,5
2023-12-29,XBI,5
2023-12-29,XLU,5
2023-12-29,ALL,1
2023-12-29,BA,1
2023-12-29,BKSY,1
2023-12-29,BMY,1
2023-12-29,CAG,1
2023-12-29,CB,1
2023-12-29,CTVA,1
2023-12-29,DVN,1
2023-12-29,HPQ,1
2023-12-29,IBM,1
2023-12-29,ICL,1
2023-12-29,KMB,1
2023-12-29,MO,1
2023-12-29,NTR,1
2023-12-29,O,1
2023-12-29,PFE,1
2023-12-29,PLTR,1
2023-12-29,PYPL,1
2023-12-29,SBUX,1
2023-12-29,SO,1
2023-12-29,SPLV,1
2023-12-29,TRV,1
2023-12-29,UAN,1
2023-12-29,USMV,1
2023-12-29,VAL,1
2023-12-29,VUG,1
2023-12-29,XLE,1
2023-12-29,XLF,1
2024-01-31,ALL,5
2024-01-31,ANDE,5
2024-01-31,BX,5
2024-01-31,CB,5
2024-01-31,CRWD,5
2024-01-31,CW,5
2024-01-31,DOW,5
2024-01-31,HMC,5
2024-01-31,JPM,5
2024-01-31,LLY,5
2024-01-31,LRCX,5
2024-01-31,MPC,5
2024-01-31,MRK,5
2024-01-31,NUE,5
2024-01-31,PG,5
2024-01-31,PLD,5
2024-01-31,PSX,5
2024-01-31,QQQ,5
2024-01-31,REGN,5
2024-01-31,SMCI,5
2024-01-31,SO,5
2024-01-31,TDG,5
2024-01-31,UAN,5
2024-01-31,USMV,5
2024-01-31,VIG,5
2024-01-31,VZ,5
2024-01-31,XLP,5
2024-01-31,ARKK,1
2024-01-31,ASIX,1
2024-01-31,ASTS,1
2024-01-31,BA,1
2024-01-31,BAYRY,1
2024-01-31,BMY,1
2024-01-31,CAG,1
2024-01-31,CFG,1
2024-01-31,CVX,1
2024-01-31,DVN,1
2024-01-31,DVY,1
2024-01-31,ENPH,1
2024-01-31,FMC,1
2024-01-31,GIS,1
2024-01-31,HPQ,1
2024-01-31,MKC,1
2024-01-31,MMM,1
2024-01-31,O,1
2024-01-31,PFE,1
2024-01-31,PM,1
2024-01-31,PYPL,1
2024-01-31,RF,1
2024-01-31,RKLB,1
2024-01-31,SCHD,1
2024-01-31,SCHW,1
2024-01-31,STM,1
2024-01-31,TSLA,1
2024-01-31,VAL,1
2024-02-29,ABBV,5
2024-02-29,AEP,5
2024-02-29,ANDE,5
2024-02-29,ARKK,5
2024-02-29,BX,5
2024-02-29,CRWD,5
2024-02-29,CTVA,5
2024-02-29,D,5
2024-02-29,FANG,5
2024-02-29,GSAT,5
2024-02-29,HII,5
2024-02-29,HMC,5
2024-02-29,ICL,5
2024-02-29,JPM,5
2024-02-29,LLY,5
2024-02-29,LRCX,5
2024-02-29,MPC,5
2024-02-29,PG,5
2024-02-29,PLD,5
2024-02-29,SMCI,5
2024-02-29,SYF,5
2024-02-29,TDG,5
2024-02-29,USMV,5
2024-02-29,VIG,5
2024-02-29,XBI,5
2024-02-29,XLP,5
2024-02-29,BA,1
2024-02-29,BAYRY,1
2024-02-29,CAG,1
2024-02-29,CFG,1
2024-02-29,CPB,1
2024-02-29,DVN,1
2024-02-29,DVY,1
2024-02-29,FITB,1
2024-02-29,FMC,1
2024-02-29,GIS,1
2024-02-29,HBAN,1
2024-02-29,HPQ,1
2024-02-29,IRDM,1
2024-02-29,LXU,1
2024-02-29,MMM,1
2024-02-29,NKE,1
2024-02-29,NTR,1
2024-02-29,O,1
2024-02-29,PFE,1
2024-02-29,PYPL,1
2024-02-29,QQQ,1
2024-02-29,RF,1
2024-02-29,RKLB,1
2024-02-29,SBUX,1
2024-02-29,SPLV,1
2024-02-29,STM,1
2024-02-29,UAN,1
2024-02-29,VAL,1
2024-03-28,ABBV,5
2024-03-28,ALL,5
2024-03-28,ANDE,5
2024-03-28,C,5
2024-03-28,CFG,5
2024-03-28,CRWD,5
2024-03-28,DE,5
2024-03-28,DVY,5
2024-03-28,FITB,5
2024-03-28,HMC,5
2024-03-28,JPM,5
2024-03-28,LLY,5
2024-03-28,LRCX,5
2024-03-28,MKC,5
2024-03-28,MO,5
2024-03-28,MPC,5
2024-03-28,MRK,5
2024-03-28,NEE,5
2024-03-28,O,5
2024-03-28,RF,5
2024-03-28,SMCI,5
2024-03-28,SO,5
2024-03-28,UAN,5
2024-03-28,VLO,5
2024-03-28,VUG,5
2024-03-28,VYM,5
2024-03-28,VZ,5
2024-03-28,AEP,1
2024-03-28,ARKK,1
2024-03-28,ASIX,1
2024-03-28,ASTS,1
2024-03-28,BA,1
2024-03-28,BAYRY,1
2024-03-28,BLK,1
2024-03-28,CAG,1
2024-03-28,CB,1
2024-03-28,CPB,1
2024-03-28,CVX,1
2024-03-28,ENPH,1
2024-03-28,ICL,1
2024-03-28,IRDM,1
2024-03-28,JNJ,1
2024-03-28,KO,1
2024-03-28,NKE,1
2024-03-28,NTR,1
2024-03-28,PLTR,1
2024-03-28,PM,1
2024-03-28,RKLB,1
2024-03-28,SHEL,1
2024-03-28,SPLV,1
2024-03-28,STM,1
2024-03-28,TRV,1
2024-03-28,USMV,1
2024-03-28,XBI,1
2024-03-28,XLF,1
2024-04-30,ALL,5
2024-04-30,CAG,5
2024-04-30,CRWD,5
2024-04-30,D,5
2024-04-30,DOW,5
2024-04-30,DVY,5
2024-04-30,FANG,5
2024-04-30,FITB,5
2024-04-30,HEI,5
2024-04-30,JPM,5
2024-04-30,LLY,5
2024-04-30,MRK,5
2024-04-30,NEE,5
2024-04-30,NKE,5
2024-04-30,O,5
2024-04-30,PLD,5
2024-04-30,PM,5
2024-04-30,SCHW,5
2024-04-30,SHEL,5
2024-04-30,SMCI,5
2024-04-30,SYF,5
2024-04-30,TDG,5
2024-04-30,UAN,5
2024-04-30,UNH,5
2024-04-30,VIG,5
2024-04-30,VNQ,5
2024-04-30,VUG,5
2024-04-30,AEP,1
2024-04-30,ANDE,1
2024-04-30,ARKK,1
2024-04-30,ASIX,1
2024-04-30,BA,1
2024-04-30,BKSY,1
2024-04-30,BLK,1
2024-04-30,BMY,1
2024-04-30,BX,1
2024-04-30,ENPH,1
2024-04-30,FMC,1
2024-04-30,GIS,1
2024-04-30,HPQ,1
2024-04-30,IBM,1
2024-04-30,ICL,1
2024-04-30,JNJ,1
2024-04-30,MKC,1
2024-04-30,NUE,1
2024-04-30,PFE,1
2024-04-30,PSX,1
2024-04-30,RF,1
2024-04-30,SCHD,1
2024-04-30,SEDG,1
2024-04-30,SPLV,1
2024-04-30,STM,1
2024-04-30,TRV,1
2024-04-30,VAL,1
2024-04-30,XLP,1
2024-05-31,ABBV,5
2024-05-31,ALL,5
2024-05-31,ANDE,5
2024-05-31,ASTS,5
2024-05-31,BAC,5
2024-05-31,CB,5
2024-05-31,CRWD,5
2024-05-31,CW,5
2024-05-31,FANG,5
2024-05-31,FITB,5
2024-05-31,GD,5
2024-05-31,IPI,5
2024-05-31,IYR,5
2024-05-31,JPM,5
2024-05-31,LLY,5
2024-05-31,LRCX,5
2024-05-31,NUE,5
2024-05-31,PLD,5
2024-05-31,PM,5
2024-05-31,REGN,5
2024-05-31,SMCI,5
2024-05-31,SO,5
2024-05-31,TDG,5
2024-05-31,TGT,5
2024-05-31,VIG,5
2024-05-31,VUG,5
2024-05-31,VYM,5
2024-05-31,AEP,1
2024-05-31,ARKK,1
2024-05-31,ASIX,1
2024-05-31,BA,1
2024-05-31,BAYRY,1
2024-05-31,BKSY,1
2024-05-31,BLK,1
2024-05-31,BMY,1
2024-05-31,CAG,1
2024-05-31,CPB,1
2024-05-31,CTVA,1
2024-05-31,CVX,1
2024-05-31,DVN,1
2024-05-31,ENPH,1
2024-05-31,FMC,1
2024-05-31,GSAT,1
2024-05-31,ICL,1
2024-05-31,IRDM,1
2024-05-31,MKC,1
2024-05-31,O,1
2024-05-31,PFE,1
2024-05-31,PLTR,1
2024-05-31,PYPL,1
2024-05-31,RF,1
2024-05-31,SCHD,1
2024-05-31,SEDG,1
2024-05-31,SPLV,1
2024-05-31,STM,1
2024-05-31,TRV,1
2024-05-31,TSLA,1
2024-06-28,ABBV,5
2024-06-28,ASTS,5
2024-06-28,BAC,5
2024-06-28,BX,5
2024-06-28,C,5
2024-06-28,CFG,5
2024-06-28,CRWD,5
2024-06-28,CW,5
2024-06-28,DD,5
2024-06-28,FANG,5
2024-06-28,IYR,5
2024-06-28,JPM,5
2024-06-28,KO,5
2024-06-28,LLY,5
2024-06-28,LRCX,5
2024-06-28,PLD,5
2024-06-28,PM,5
2024-06-28,PSX,5
2024-06-28,REGN,5
2024-06-28,SMCI,5
2024-06-28,SO,5
2024-06-28,STLD,5
2024-06-28,SYF,5
2024-06-28,USMV,5
2024-06-28,VIG,5
2024-06-28,VUG,5
2024-06-28,ARKK,1
2024-06-28,BA,1
2024-06-28,BAYRY,1
2024-06-28,BKSY,1
2024-06-28,BLK,1
2024-06-28,BMY,1
2024-06-28,CAG,1
2024-06-28,CB,1
2024-06-28,CVX,1
2024-06-28,DVN,1
2024-06-28,DVY,1
2024-06-28,ENPH,1
2024-06-28,FMC,1
2024-06-28,GSAT,1
2024-06-28,HBAN,1
2024-06-28,HPQ,1
2024-06-28,ICL,1
2024-06-28,IRDM,1
2024-06-28,LXU,1
2024-06-28,NKE,1
2024-06-28,NTR,1
2024-06-28,O,1
2024-06-28,PEP,1
2024-06-28,PFE,1
2024-06-28,PYPL,1
2024-06-28,SBUX,1
2024-06-28,SEDG,1
2024-06-28,SPLV,1
2024-06-28,STM,1
2024-06-28,TRV,1
2024-07-31,ABBV,5
2024-07-31,AEP,5
2024-07-31,ALL,5
2024-07-31,ANDE,5
2024-07-31,ASIX,5
2024-07-31,ASTS,5
2024-07-31,BX,5
2024-07-31,CFG,5
2024-07-31,COST,5
2024-07-31,CW,5
2024-07-31,DVY,5
2024-07-31,FITB,5
2024-07-31,IBM,5
2024-07-31,LLY,5
2024-07-31,MCD,5
2024-07-31,MO,5
2024-07-31,PLD,5
2024-07-31,PM,5
2024-07-31,PSX,5
2024-07-31,REGN,5
2024-07-31,RTX,5
2024-07-31,SCHD,5
2024-07-31,SYF,5
2024-07-31,T,5
2024-07-31,TGT,5
2024-07-31,VNQ,5
2024-07-31,VUG,5
2024-07-31,ARKK,1
2024-07-31,BA,1
2024-07-31,BAC,1
2024-07-31,BAYRY,1
2024-07-31,BKSY,1
2024-07-31,BLK,1
2024-07-31,CVX,1
2024-07-31,DVN,1
2024-07-31,FMC,1
2024-07-31,ICL,1
2024-07-31,IRDM,1
2024-07-31,JNJ,1
2024-07-31,KMB,1
2024-07-31,MRK,1
2024-07-31,NKE,1
2024-07-31,NTR,1
2024-07-31,NUE,1
2024-07-31,O,1
2024-07-31,PEP,1
2024-07-31,RF,1
2024-07-31,SCHW,1
2024-07-31,SPLV,1
2024-07-31,STM,1
2024-07-31,VIG,1
2024-07-31,XLE,1
2024-07-31,XLF,1
2024-07-31,XLP,1
2024-07-31,XLU,1
2024-08-30,ABBV,5
2024-08-30,ALL,5
2024-08-30,ASTS,5
2024-08-30,CFG,5
2024-08-30,CRWD,5
2024-08-30,CTVA,5
2024-08-30,CW,5
2024-08-30,DD,5
2024-08-30,FITB,5
2024-08-30,ICL,5
2024-08-30,JPM,5
2024-08-30,KO,5
2024-08-30,LLY,5
2024-08-30,MO,5
2024-08-30,MPC,5
2024-08-30,PM,5
2024-08-30,PSX,5
2024-08-30,REGN,5
2024-08-30,SBUX,5
2024-08-30,SYF,5
2024-08-30,T,5
2024-08-30,TDG,5
2024-08-30,USMV,5
2024-08-30,VNQ,5
2024-08-30,VUG,5
2024-08-30,VYM,5
2024-08-30,XLU,5
2024-08-30,ANDE,1
2024-08-30,ARKK,1
2024-08-30,BA,1
2024-08-30,BAYRY,1
2024-08-30,BKSY,1
2024-08-30,BLK,1
2024-08-30,BMY,1
2024-08-30,BX,1
2024-08-30,CAG,1
2024-08-30,CB,1
2024-08-30,CVX,1
2024-08-30,DVN,1
2024-08-30,FMC,1
2024-08-30,IRDM,1
2024-08-30,JNJ,1
2024-08-30,LXU,1
2024-08-30,MKC,1
2024-08-30,NTR,1
2024-08-30,NUE,1
2024-08-30,PEP,1
2024-08-30,PFE,1
2024-08-30,SCHD,1
2024-08-30,SCHW,1
2024-08-30,SO,1
2024-08-30,SPLV,1
2024-08-30,STM,1
2024-08-30,TSLA,1
2024-08-30,VAL,1
2024-08-30,VLO,1
2024-09-30,ABBV,5
2024-09-30,ALL,5
2024-09-30,ARKK,5
2024-09-30,ASTS,5
2024-09-30,BAYRY,5
2024-09-30,BX,5
2024-09-30,CAG,5
2024-09-30,CAT,5
2024-09-30,CTVA,5
2024-09-30,CVX,5
2024-09-30,DD,5
2024-09-30,DVY,5
2024-09-30,FITB,5
2024-09-30,GIS,5
2024-09-30,IBM,5
2024-09-30,LLY,5
2024-09-30,NEE,5
2024-09-30,PM,5
2024-09-30,T,5
2024-09-30,TDG,5
2024-09-30,VIG,5
2024-09-30,VNQ,5
2024-09-30,XLE,5
2024-09-30,XLU,5
2024-09-30,XOM,5
2024-09-30,AEP,1
2024-09-30,ANDE,1
2024-09-30,BA,1
2024-09-30,BAC,1
2024-09-30,CFG,1
2024-09-30,CPB,1
2024-09-30,DVN,1
2024-09-30,ENPH,1
2024-09-30,GSAT,1
2024-09-30,HMC,1
2024-09-30,ICL,1
2024-09-30,JNJ,1
2024-09-30,MO,1
2024-09-30,MRK,1
2024-09-30,NTR,1
2024-09-30,PEP,1
2024-09-30,PFE,1
2024-09-30,QQQ,1
2024-09-30,SBUX,1
2024-09-30,SCHD,1
2024-09-30,SCHW,1
2024-09-30,SEDG,1
2024-09-30,SPLV,1
2024-09-30,STM,1
2024-09-30,UAN,1
2024-09-30,VLO,1
2024-09-30,WM,1
2024-09-30,XLF,1
2024-10-31,ABBV,5
2024-10-31,ASTS,5
2024-10-31,BMY,5
2024-10-31,BX,5
2024-10-31,CAG,5
2024-10-31,CFG,5
2024-10-31,CRWD,5
2024-10-31,CTVA,5
2024-10-31,CVX,5
2024-10-31,D,5
2024-10-31,DVY,5
2024-10-31,FITB,5
2024-10-31,FMC,5
2024-10-31,HBAN,5
2024-10-31,JPM,5
2024-10-31,MO,5
2024-10-31,PM,5
2024-10-31,SCHD,5
2024-10-31,SHEL,5
2024-10-31,SO,5
2024-10-31,SYF,5
2024-10-31,TDG,5
2024-10-31,VNQ,5
2024-10-31,VUG,5
2024-10-31,XBI,5
2024-10-31,XLP,5
2024-10-31,XOM,5
2024-10-31,AEP,1
2024-10-31,AFL,1
2024-10-31,ALL,1
2024-10-31,ANDE,1
2024-10-31,ARKK,1
2024-10-31,ASIX,1
2024-10-31,BA,1
2024-10-31,BAYRY,1
2024-10-31,CB,1
2024-10-31,DOW,1
2024-10-31,ENPH,1
2024-10-31,GIS,1
2024-10-31,GSAT,1
2024-10-31,HMC,1
2024-10-31,IRDM,1
2024-10-31,KO,1
2024-10-31,LMT,1
2024-10-31,MRK,1
2024-10-31,NKE,1
2024-10-31,NTR,1
2024-10-31,NUE,1
2024-10-31,PSX,1
2024-10-31,SEDG,1
2024-10-31,SPLV,1
2024-10-31,STM,1
2024-10-31,TRV,1
2024-10-31,USMV,1
2024-10-31,XLF,1
2024-11-29,ARKK,5
2024-11-29,ASIX,5
2024-11-29,ASTS,5
2024-11-29,BMY,5
2024-11-29,BX,5
2024-11-29,CFG,5
2024-11-29,CTVA,5
2024-11-29,CVX,5
2024-11-29,CW,5
2024-11-29,D,5
2024-11-29,DVY,5
2024-11-29,GSAT,5
2024-11-29,HBAN,5
2024-11-29,JPM,5
2024-11-29,LLY,5
2024-11-29,MO,5
2024-11-29,PG,5
2024-11-29,PM,5
2024-11-29,RF,5
2024-11-29,SYF,5
2024-11-29,UAN,5
2024-11-29,VLO,5
2024-11-29,VNQ,5
2024-11-29,VYM,5
2024-11-29,XBI,5
2024-11-29,XLE,5
2024-11-29,XLU,5
2024-11-29,AEP,1
2024-11-29,AFL,1
2024-11-29,ANDE,1
2024-11-29,BA,1
2024-11-29,BAYRY,1
2024-11-29,CAG,1
2024-11-29,CB,1
2024-11-29,DOW,1
2024-11-29,DVN,1
2024-11-29,ENPH,1
2024-11-29,FMC,1
2024-11-29,GIS,1
2024-11-29,HMC,1
2024-11-29,IRDM,1
2024-11-29,JNJ,1
2024-11-29,NTR,1
2024-11-29,NUE,1
2024-11-29,PEP,1
2024-11-29,PFE,1
2024-11-29,QQQ,1
2024-11-29,SEDG,1
2024-11-29,SHEL,1
2024-11-29,SO,1
2024-11-29,SPLV,1
2024-11-29,STM,1
2024-11-29,USMV,1
2024-11-29,VAL,1
2024-11-29,XLF,1
2024-12-31,ABBV,5
2024-12-31,ALL,5
2024-12-31,AMAT,5
2024-12-31,ASTS,5
2024-12-31,C,5
2024-12-31,CAG,5
2024-12-31,COST,5
2024-12-31,CRWD,5
2024-12-31,CSCO,5
2024-12-31,CTVA,5
2024-12-31,CW,5
2024-12-31,DD,5
2024-12-31,FANG,5
2024-12-31,GD,5
2024-12-31,GSAT,5
2024-12-31,HMC,5
2024-12-31,IBM,5
2024-12-31,ICL,5
2024-12-31,JPM,5
2024-12-31,KO,5
2024-12-31,LLY,5
2024-12-31,MKC,5
2024-12-31,MO,5
2024-12-31,MRK,5
2024-12-31,MU,5
2024-12-31,NTR,5
2024-12-31,O,5
2024-12-31,PFE,5
2024-12-31,PLD,5
2024-12-31,PM,5
2024-12-31,QQQ,5
2024-12-31,RTX,5
2024-12-31,SHEL,5
2024-12-31,SO,5
2024-12-31,SYF,5
2024-12-31,T,5
2024-12-31,TDG,5
2024-12-31,TDW,5
2024-12-31,TGT,5
2024-12-31,TTMI,5
2024-12-31,UAN,5
2024-12-31,USMV,5
2024-12-31,VIG,5
2024-12-31,VNQ,5
2024-12-31,VUG,5
2024-12-31,VYM,5
2024-12-31,VZ,5
2024-12-31,XLF,5
2024-12-31,XLU,5
2024-12-31,AMD,1
2024-12-31,ANDE,1
2024-12-31,ARKK,1
2024-12-31,BA,1
2024-12-31,BAYRY,1
2024-12-31,BEN,1
2024-12-31,BKSY,1
2024-12-31,CAT,1
2024-12-31,CPB,1
2024-12-31,DVN,1
2024-12-31,DVY,1
2024-12-31,ENPH,1
2024-12-31,FITB,1
2024-12-31,FMC,1
2024-12-31,GIS,1
2024-12-31,HBAN,1
2024-12-31,IRDM,1
2024-12-31,NKE,1
2024-12-31,NUE,1
2024-12-31,PSX,1
2024-12-31,RF,1
2024-12-31,SBUX,1
2024-12-31,SCHD,1
2024-12-31,SCHW,1
2024-12-31,SEDG,1
2024-12-31,STM,1
2024-12-31,VLO,1
2024-12-31,WM,1
2024-12-31,XBI,1
2025-01-31,AEP,5
2025-01-31,AMAT,5
2025-01-31,ARKK,5
2025-01-31,ASTS,5
2025-01-31,BAYRY,5
2025-01-31,BMY,5
2025-01-31,C,5
2025-01-31,CFG,5
2025-01-31,COST,5
2025-01-31,CRWD,5
2025-01-31,CTVA,5
2025-01-31,CVX,5
2025-01-31,DE,5
2025-01-31,DUK,5
2025-01-31,FMC,5
2025-01-31,IBM,5
2025-01-31,ICL,5
2025-01-31,IPI,5
2025-01-31,JPM,5
2025-01-31,KO,5
2025-01-31,LLY,5
2025-01-31,MKC,5
2025-01-31,MO,5
2025-01-31,MOS,5
2025-01-31,MU,5
2025-01-31,NTR,5
2025-01-31,O,5
2025-01-31,PEP,5
2025-01-31,PG,5
2025-01-31,PLD,5
2025-01-31,PM,5
2025-01-31,RTX,5
2025-01-31,SBUX,5
2025-01-31,SCHW,5
2025-01-31,SHEL,5
2025-01-31,STLD,5
2025-01-31,SYF,5
2025-01-31,T,5
2025-01-31,TGT,5
2025-01-31,UNH,5
2025-01-31,USMV,5
2025-01-31,VAL,5
2025-01-31,VIG,5
2025-01-31,VLO,5
2025-01-31,VUG,5
2025-01-31,VYM,5
2025-01-31,VZ,5
2025-01-31,XLF,5
2025-01-31,XLP,5
2025-01-31,XLU,5
2025-01-31,ALL,1
2025-01-31,AMD,1
2025-01-31,BA,1
2025-01-31,BX,1
2025-01-31,CAG,1
2025-01-31,CB,1
2025-01-31,CPB,1
2025-01-31,DD,1
2025-01-31,DOW,1
2025-01-31,ENPH,1
2025-01-31,FITB,1
2025-01-31,GIS,1
2025-01-31,GSAT,1
2025-01-31,HMC,1
2025-01-31,IRDM,1
2025-01-31,MRK,1
2025-01-31,NKE,1
2025-01-31,NUE,1
2025-01-31,PFE,1
2025-01-31,PSX,1
2025-01-31,QQQ,1
2025-01-31,SCHD,1
2025-01-31,SEDG,1
2025-01-31,SO,1
2025-01-31,SPLV,1
2025-01-31,STM,1
2025-01-31,TRV,1
2025-01-31,UAN,1
2025-01-31,VNQ,1
2025-01-31,XBI,1
2025-02-28,ABBV,5
2025-02-28,AEP,5
2025-02-28,AFL,5
2025-02-28,ALL,5
2025-02-28,ASTS,5
2025-02-28,BMY,5
2025-02-28,C,5
2025-02-28,CB,5
2025-02-28,COST,5
2025-02-28,CSCO,5
2025-02-28,CVX,5
2025-02-28,DD,5
2025-02-28,DE,5
2025-02-28,DG,5
2025-02-28,DUK,5
2025-02-28,DVY,5
2025-02-28,HEI,5
2025-02-28,ICL,5
2025-02-28,INTC,5
2025-02-28,IYR,5
2025-02-28,JNJ,5
2025-02-28,JPM,5
2025-02-28,KO,5
2025-02-28,LLY,5
2025-02-28,MCD,5
2025-02-28,MKC,5
2025-02-28,MO,5
2025-02-28,MU,5
2025-02-28,NTR,5
2025-02-28,NUE,5
2025-02-28,NVDA,5
2025-02-28,O,5
2025-02-28,PLD,5
2025-02-28,PM,5
2025-02-28,PSX,5
2025-02-28,QQQ,5
2025-02-28,RTX,5
2025-02-28,SBUX,5
2025-02-28,SHEL,5
2025-02-28,SMCI,5
2025-02-28,SO,5
2025-02-28,SPLV,5
2025-02-28,STLD,5
2025-02-28,T,5
2025-02-28,USMV,5
2025-02-28,VUG,5
2025-02-28,VZ,5
2025-02-28,XLF,5
2025-02-28,XLP,5
2025-02-28,XOM,5
2025-02-28,AMD,1
2025-02-28,ANDE,1
2025-02-28,ARKK,1
2025-02-28,ASIX,1
2025-02-28,BA,1
2025-02-28,BLK,1
2025-02-28,BX,1
2025-02-28,CAG,1
2025-02-28,CAT,1
2025-02-28,ENPH,1
2025-02-28,FMC,1
2025-02-28,GIS,1
2025-02-28,GOOGL,1
2025-02-28,GSAT,1
2025-02-28,HMC,1
2025-02-28,HPQ,1
2025-02-28,MRK,1
2025-02-28,MTSI,1
2025-02-28,PYPL,1
2025-02-28,SCHW,1
2025-02-28,SYF,1
2025-02-28,TSLA,1
2025-02-28,VIG,1
2025-02-28,VLO,1
2025-02-28,VYM,1
2025-02-28,XBI,1
2025-02-28,XLU,1
2025-03-31,ABBV,5
2025-03-31,AEP,5
2025-03-31,AFL,5
2025-03-31,ALL,5
2025-03-31,ASTS,5
2025-03-31,BMY,5
2025-03-31,CAG,5
2025-03-31,CB,5
2025-03-31,CL,5
2025-03-31,CSCO,5
2025-03-31,CTVA,5
2025-03-31,CVX,5
2025-03-31,DE,5
2025-03-31,DG,5
2025-03-31,DUK,5
2025-03-31,FMC,5
2025-03-31,GD,5
2025-03-31,GOOGL,5
2025-03-31,HEI,5
2025-03-31,HII,5
2025-03-31,HMC,5
2025-03-31,IBM,5
2025-03-31,IYR,5
2025-03-31,JNJ,5
2025-03-31,JPM,5
2025-03-31,KMB,5
2025-03-31,KO,5
2025-03-31,MCD,5
2025-03-31,MO,5
2025-03-31,MOS,5
2025-03-31,MU,5
2025-03-31,NOC,5
2025-03-31,O,5
2025-03-31,PLD,5
2025-03-31,PM,5
2025-03-31,QQQ,5
2025-03-31,RTX,5
2025-03-31,SCHD,5
2025-03-31,SCHW,5
2025-03-31,SHEL,5
2025-03-31,SO,5
2025-03-31,SPLV,5
2025-03-31,T,5
2025-03-31,UAN,5
2025-03-31,UNH,5
2025-03-31,USMV,5
2025-03-31,VAL,5
2025-03-31,VUG,5
2025-03-31,VZ,5
2025-03-31,XLF,5
2025-03-31,XOM,5
2025-03-31,ARKK,1
2025-03-31,ASIX,1
2025-03-31,BA,1
2025-03-31,BAC,1
2025-03-31,BKSY,1
2025-03-31,BX,1
2025-03-31,C,1
2025-03-31,CAT,1
2025-03-31,CFG,1
2025-03-31,CPB,1
2025-03-31,DD,1
2025-03-31,DOW,1
2025-03-31,FITB,1
2025-03-31,GIS,1
2025-03-31,GSAT,1
2025-03-31,HPQ,1
2025-03-31,LLY,1
2025-03-31,MCHP,1
2025-03-31,MPC,1
2025-03-31,MTSI,1
2025-03-31,NKE,1
2025-03-31,NUE,1
2025-03-31,PEP,1
2025-03-31,PG,1
2025-03-31,PSX,1
2025-03-31,SBUX,1
2025-03-31,STM,1
2025-03-31,VIG,1
2025-03-31,VLO,1
2025-03-31,VYM,1
2025-03-31,WM,1
2025-03-31,XBI,1
2025-04-30,AEP,5
2025-04-30,AFL,5
2025-04-30,ARKK,5
2025-04-30,ASTS,5
2025-04-30,BAYRY,5
2025-04-30,CL,5
2025-04-30,COST,5
2025-04-30,CRWD,5
2025-04-30,CW,5
2025-04-30,DG,5
2025-04-30,DUK,5
2025-04-30,GD,5
2025-04-30,GOOGL,5
2025-04-30,HII,5
2025-04-30,HMC,5
2025-04-30,IBM,5
2025-04-30,ICL,5
2025-04-30,IYR,5
2025-04-30,JNJ,5
2025-04-30,JPM,5
2025-04-30,KO,5
2025-04-30,LLY,5
2025-04-30,LMT,5
2025-04-30,MO,5
2025-04-30,MOS,5
2025-04-30,MSFT,5
2025-04-30,MU,5
2025-04-30,O,5
2025-04-30,ORCL,5
2025-04-30,PFE,5
2025-04-30,PG,5
2025-04-30,PLD,5
2025-04-30,PM,5
2025-04-30,SCHW,5
2025-04-30,SHEL,5
2025-04-30,SO,5
2025-04-30,SPLV,5
2025-04-30,SYF,5
2025-04-30,T,5
2025-04-30,TTMI,5
2025-04-30,UAN,5
2025-04-30,USMV,5
2025-04-30,VIG,5
2025-04-30,VLO,5
2025-04-30,VUG,5
2025-04-30,VZ,5
2025-04-30,XBI,5
2025-04-30,XLE,5
2025-04-30,XLF,5
2025-04-30,XLP,5
2025-04-30,XOM,5
2025-04-30,ANDE,1
2025-04-30,ASIX,1
2025-04-30,BA,1
2025-04-30,BMY,1
2025-04-30,BX,1
2025-04-30,CAG,1
2025-04-30,CAT,1
2025-04-30,CB,1
2025-04-30,CFG,1
2025-04-30,CPB,1
2025-04-30,DD,1
2025-04-30,DOW,1
2025-04-30,DVN,1
2025-04-30,DVY,1
2025-04-30,ENPH,1
2025-04-30,FITB,1
2025-04-30,GSAT,1
2025-04-30,HPQ,1
2025-04-30,MRK,1
2025-04-30,NKE,1
2025-04-30,NUE,1
2025-04-30,PEP,1
2025-04-30,QQQ,1
2025-04-30,RF,1
2025-04-30,SBUX,1
2025-04-30,SCHD,1
2025-04-30,SEDG,1
2025-05-30,ABBV,5
2025-05-30,ARKK,5
2025-05-30,ASIX,5
2025-05-30,ASTS,5
2025-05-30,BAC,5
2025-05-30,BAYRY,5
2025-05-30,BEN,5
2025-05-30,BKSY,5
2025-05-30,BMY,5
2025-05-30,C,5
2025-05-30,COST,5
2025-05-30,CTVA,5
2025-05-30,CVX,5
2025-05-30,CW,5
2025-05-30,D,5
2025-05-30,DE,5
2025-05-30,GOOGL,5
2025-05-30,HEI,5
2025-05-30,IBM,5
2025-05-30,JNJ,5
2025-05-30,JPM,5
2025-05-30,KMB,5
2025-05-30,KO,5
2025-05-30,LXU,5
2025-05-30,MCD,5
2025-05-30,MCHP,5
2025-05-30,MO,5
2025-05-30,MOS,5
2025-05-30,MU,5
2025-05-30,NEE,5
2025-05-30,NVDA,5
2025-05-30,ORCL,5
2025-05-30,PFE,5
2025-05-30,PG,5
2025-05-30,PLD,5
2025-05-30,PM,5
2025-05-30,PSX,5
2025-05-30,RTX,5
2025-05-30,SCHW,5
2025-05-30,SHEL,5
2025-05-30,SMCI,5
2025-05-30,SPLV,5
2025-05-30,SYF,5
2025-05-30,T,5
2025-05-30,TTMI,5
2025-05-30,VIG,5
2025-05-30,VLO,5
2025-05-30,VNQ,5
2025-05-30,VUG,5
2025-05-30,VYM,5
2025-05-30,VZ,5
2025-05-30,XLP,5
2025-05-30,XLU,5
2025-05-30,AEP,1
2025-05-30,AFL,1
2025-05-30,ANDE,1
2025-05-30,BA,1
2025-05-30,BX,1
2025-05-30,CAG,1
2025-05-30,CAT,1
2025-05-30,CB,1
2025-05-30,CPB,1
2025-05-30,DD,1
2025-05-30,DOW,1
2025-05-30,DVN,1
2025-05-30,ENPH,1
2025-05-30,FITB,1
2025-05-30,FMC,1
2025-05-30,GSAT,1
2025-05-30,HPQ,1
2025-05-30,LLY,1
2025-05-30,MRK,1
2025-05-30,NKE,1
2025-05-30,NUE,1
2025-05-30,O,1
2025-05-30,PEP,1
2025-05-30,QQQ,1
2025-05-30,RF,1
2025-05-30,SCHD,1
2025-05-30,STM,1
2025-05-30,TDG,1
2025-05-30,USMV,1
2025-05-30,WM,1
2025-05-30,XLF,1
2025-06-30,ABBV,5
2025-06-30,AEP,5
2025-06-30,ARKK,5
2025-06-30,ASTS,5
2025-06-30,BAYRY,5
2025-06-30,BMY,5
2025-06-30,C,5
2025-06-30,CFG,5
2025-06-30,CTVA,5
2025-06-30,CVX,5
2025-06-30,CW,5
2025-06-30,DE,5
2025-06-30,DG,5
2025-06-30,DVY,5
2025-06-30,HBAN,5
2025-06-30,HEI,5
2025-06-30,IBM,5
2025-06-30,IYR,5
2025-06-30,JPM,5
2025-06-30,KO,5
2025-06-30,LLY,5
2025-06-30,MKC,5
2025-06-30,MO,5
2025-06-30,MOS,5
2025-06-30,MU,5
2025-06-30,NKE,5
2025-06-30,NUE,5
2025-06-30,O,5
2025-06-30,ORCL,5
2025-06-30,PEP,5
2025-06-30,PLD,5
2025-06-30,PM,5
2025-06-30,RF,5
2025-06-30,RTX,5
2025-06-30,SBUX,5
2025-06-30,SO,5
2025-06-30,SYF,5
2025-06-30,TDW,5
2025-06-30,TTMI,5
2025-06-30,UAN,5
2025-06-30,VAL,5
2025-06-30,VIG,5
2025-06-30,VUG,5
2025-06-30,VYM,5
2025-06-30,VZ,5
2025-06-30,XBI,5
2025-06-30,XLE,5
2025-06-30,XLP,5
2025-06-30,XLU,5
2025-06-30,XOM,5
2025-06-30,ALL,1
2025-06-30,ASIX,1
2025-06-30,BA,1
2025-06-30,CAG,1
2025-06-30,CB,1
2025-06-30,CPB,1
2025-06-30,CRWD,1
2025-06-30,DD,1
2025-06-30,DOW,1
2025-06-30,DVN,1
2025-06-30,ENPH,1
2025-06-30,FMC,1
2025-06-30,GIS,1
2025-06-30,GSAT,1
2025-06-30,HPQ,1
2025-06-30,LMT,1
2025-06-30,MCD,1
2025-06-30,MCHP,1
2025-06-30,MPC,1
2025-06-30,MRK,1
2025-06-30,QQQ,1
2025-06-30,SCHD,1
2025-06-30,SCHW,1
2025-06-30,SEDG,1
2025-06-30,SPLV,1
2025-06-30,VLO,1
2025-06-30,WM,1
2025-06-30,XLF,1
2025-06-30,XLV,1
2025-07-31,ABBV,5
2025-07-31,AEP,5
2025-07-31,ALL,5
2025-07-31,ARKK,5
2025-07-31,ASTS,5
2025-07-31,BAYRY,5
2025-07-31,BX,5
2025-07-31,C,5
2025-07-31,CF,5
2025-07-31,CPB,5
2025-07-31,CTVA,5
2025-07-31,CVX,5
2025-07-31,CW,5
2025-07-31,DE,5
2025-07-31,FANG,5
2025-07-31,GD,5
2025-07-31,GOOGL,5
2025-07-31,HMC,5
2025-07-31,IVZ,5
2025-07-31,IYR,5
2025-07-31,JNJ,5
2025-07-31,JPM,5
2025-07-31,KHC,5
2025-07-31,MCD,5
2025-07-31,MO,5
2025-07-31,MOS,5
2025-07-31,NOC,5
2025-07-31,NTR,5
2025-07-31,NUE,5
2025-07-31,NVDA,5
2025-07-31,ORCL,5
2025-07-31,PEP,5
2025-07-31,PLD,5
2025-07-31,PM,5
2025-07-31,RTX,5
2025-07-31,SCHW,5
2025-07-31,SMCI,5
2025-07-31,SO,5
2025-07-31,SPLV,5
2025-07-31,TTMI,5
2025-07-31,UAN,5
2025-07-31,VAL,5
2025-07-31,VIG,5
2025-07-31,VNQ,5
2025-07-31,VUG,5
2025-07-31,VYM,5
2025-07-31,VZ,5
2025-07-31,XBI,5
2025-07-31,XLP,5
2025-07-31,XLU,5
2025-07-31,XLV,5
2025-07-31,XOM,5
2025-07-31,ANDE,1
2025-07-31,ASIX,1
2025-07-31,BA,1
2025-07-31,BAC,1
2025-07-31,BMY,1
2025-07-31,CAG,1
2025-07-31,CB,1
2025-07-31,DOW,1
2025-07-31,DVN,1
2025-07-31,DVY,1
2025-07-31,ENPH,1
2025-07-31,FITB,1
2025-07-31,FMC,1
2025-07-31,GIS,1
2025-07-31,GSAT,1
2025-07-31,HBAN,1
2025-07-31,HPQ,1
2025-07-31,IBM,1
2025-07-31,LMT,1
2025-07-31,MCHP,1
2025-07-31,MKC,1
2025-07-31,MPC,1
2025-07-31,MRK,1
2025-07-31,PFE,1
2025-07-31,PSX,1
2025-07-31,PYPL,1
2025-07-31,QQQ,1
2025-07-31,SBUX,1
2025-07-31,SCHD,1
2025-07-31,SHEL,1
2025-07-31,STM,1
2025-07-31,VLO,1
2025-07-31,WM,1
2025-08-29,ABBV,5
2025-08-29,AEP,5
2025-08-29,ANDE,5
2025-08-29,ARKK,5
2025-08-29,ASIX,5
2025-08-29,BAC,5
2025-08-29,BMY,5
2025-08-29,C,5
2025-08-29,CFG,5
2025-08-29,DD,5
2025-08-29,DOW,5
2025-08-29,DUK,5
2025-08-29,DVN,5
2025-08-29,DVY,5
2025-08-29,FITB,5
2025-08-29,GD,5
2025-08-29,GOOGL,5
2025-08-29,HBAN,5
2025-08-29,HMC,5
2025-08-29,HON,5
2025-08-29,HPQ,5
2025-08-29,INTC,5
2025-08-29,JNJ,5
2025-08-29,LMT,5
2025-08-29,LXU,5
2025-08-29,MCD,5
2025-08-29,MMM,5
2025-08-29,MO,5
2025-08-29,MU,5
2025-08-29,NEE,5
2025-08-29,PEP,5
2025-08-29,PFE,5
2025-08-29,PG,5
2025-08-29,PLD,5
2025-08-29,PM,5
2025-08-29,PSX,5
2025-08-29,RF,5
2025-08-29,RTX,5
2025-08-29,SCHD,5
2025-08-29,SYF,5
2025-08-29,TDW,5
2025-08-29,TTMI,5
2025-08-29,UNH,5
2025-08-29,VAL,5
2025-08-29,VLO,5
2025-08-29,VNQ,5
2025-08-29,VUG,5
2025-08-29,VYM,5
2025-08-29,VZ,5
2025-08-29,ALL,1
2025-08-29,AMD,1
2025-08-29,ASTS,1
2025-08-29,BA,1
2025-08-29,BKSY,1
2025-08-29,BLK,1
2025-08-29,BX,1
2025-08-29,CAT,1
2025-08-29,CB,1
2025-08-29,CF,1
2025-08-29,CPB,1
2025-08-29,FMC,1
2025-08-29,GIS,1
2025-08-29,IBM,1
2025-08-29,IPI,1
2025-08-29,IYR,1
2025-08-29,LLY,1
2025-08-29,MCHP,1
2025-08-29,MKC,1
2025-08-29,MRK,1
2025-08-29,MTSI,1
2025-08-29,QQQ,1
2025-08-29,SCHW,1
2025-08-29,SHEL,1
2025-08-29,SO,1
2025-08-29,SPLV,1
2025-08-29,TDG,1
2025-08-29,USMV,1
2025-08-29,WM,1
2025-08-29,XLE,1
2025-08-29,XLF,1
2025-08-29,XLU,1
2025-09-30,ABBV,5
2025-09-30,AEP,5
2025-09-30,ARKK,5
2025-09-30,ASTS,5
2025-09-30,BAC,5
2025-09-30,BAYRY,5
2025-09-30,C,5
2025-09-30,CFG,5
2025-09-30,COST,5
2025-09-30,CRWD,5
2025-09-30,CW,5
2025-09-30,D,5
2025-09-30,DG,5
2025-09-30,DUK,5
2025-09-30,DVY,5
2025-09-30,GD,5
2025-09-30,GIS,5
2025-09-30,GOOGL,5
2025-09-30,HEI,5
2025-09-30,IPI,5
2025-09-30,IVZ,5
2025-09-30,JNJ,5
2025-09-30,JPM,5
2025-09-30,KO,5
2025-09-30,LRCX,5
2025-09-30,MO,5
2025-09-30,MOS,5
2025-09-30,MU,5
2025-09-30,NTR,5
2025-09-30,O,5
2025-09-30,PLD,5
2025-09-30,PM,5
2025-09-30,PSX,5
2025-09-30,QQQ,5
2025-09-30,RTX,5
2025-09-30,SCHW,5
2025-09-30,SMCI,5
2025-09-30,STLD,5
2025-09-30,TTMI,5
2025-09-30,UAN,5
2025-09-30,UNH,5
2025-09-30,VAL,5
2025-09-30,VIG,5
2025-09-30,VLO,5
2025-09-30,VYM,5
2025-09-30,XBI,5
2025-09-30,XLE,5
2025-09-30,XLP,5
2025-09-30,XLU,5
2025-09-30,ASIX,1
2025-09-30,BA,1
2025-09-30,BEN,1
2025-09-30,BMY,1
2025-09-30,BX,1
2025-09-30,CAG,1
2025-09-30,CB,1
2025-09-30,CPB,1
2025-09-30,DOW,1
2025-09-30,DVN,1
2025-09-30,ENPH,1
2025-09-30,FITB,1
2025-09-30,FMC,1
2025-09-30,HBAN,1
2025-09-30,HPQ,1
2025-09-30,MCHP,1
2025-09-30,MKC,1
2025-09-30,MRK,1
2025-09-30,MTSI,1
2025-09-30,NKE,1
2025-09-30,NUE,1
2025-09-30,PEP,1
2025-09-30,RF,1
2025-09-30,SCHD,1
2025-09-30,SPLV,1
2025-09-30,TDG,1
2025-09-30,VNQ,1
2025-09-30,VUG,1
2025-09-30,WM,1
2025-09-30,XLV,1
2025-10-31,AEP,5
2025-10-31,AMD,5
2025-10-31,ANDE,5
2025-10-31,ARKK,5
2025-10-31,ASTS,5
2025-10-31,BAC,5
2025-10-31,C,5
2025-10-31,CFG,5
2025-10-31,COST,5
2025-10-31,CRWD,5
2025-10-31,CTVA,5
2025-10-31,CW,5
2025-10-31,DD,5
2025-10-31,DE,5
2025-10-31,DG,5
2025-10-31,DUK,5
2025-10-31,GD,5
2025-10-31,GOOGL,5
2025-10-31,HEI,5
2025-10-31,HII,5
2025-10-31,ICL,5
2025-10-31,IVZ,5
2025-10-31,IYR,5
2025-10-31,JNJ,5
2025-10-31,JPM,5
2025-10-31,KO,5
2025-10-31,LLY,5
2025-10-31,LRCX,5
2025-10-31,MU,5
2025-10-31,NUE,5
2025-10-31,PEP,5
2025-10-31,PG,5
2025-10-31,PLD,5
2025-10-31,PM,5
2025-10-31,PSX,5
2025-10-31,QQQ,5
2025-10-31,REGN,5
2025-10-31,RTX,5
2025-10-31,SCHW,5
2025-10-31,STLD,5
2025-10-31,SYF,5
2025-10-31,TTMI,5
2025-10-31,UAN,5
2025-10-31,USMV,5
2025-10-31,VAL,5
2025-10-31,VIG,5
2025-10-31,VLO,5
2025-10-31,VYM,5
2025-10-31,XBI,5
2025-10-31,XLP,5
2025-10-31,XLU,5
2025-10-31,ALL,1
2025-10-31,ASIX,1
2025-10-31,BA,1
2025-10-31,BLK,1
2025-10-31,BX,1
2025-10-31,CAG,1
2025-10-31,CPB,1
2025-10-31,D,1
2025-10-31,DOW,1
2025-10-31,DVN,1
2025-10-31,ENPH,1
2025-10-31,FITB,1
2025-10-31,FMC,1
2025-10-31,GIS,1
2025-10-31,HBAN,1
2025-10-31,HPQ,1
2025-10-31,LMT,1
2025-10-31,MCHP,1
2025-10-31,MO,1
2025-10-31,MRK,1
2025-10-31,NKE,1
2025-10-31,O,1
2025-10-31,PFE,1
2025-10-31,RF,1
2025-10-31,SBUX,1
2025-10-31,SCHD,1
2025-10-31,SO,1
2025-10-31,SPLV,1
2025-10-31,TDG,1
2025-10-31,VUG,1
2025-10-31,WM,1
2025-10-31,XLE,1
2025-11-28,AEP,5
2025-11-28,ALL,5
2025-11-28,ANDE,5
2025-11-28,ASTS,5
2025-11-28,BAYRY,5
2025-11-28,C,5
2025-11-28,CFG,5
2025-11-28,CTVA,5
2025-11-28,CW,5
2025-11-28,DD,5
2025-11-28,DE,5
2025-11-28,DG,5
2025-11-28,DUK,5
2025-11-28,DVN,5
2025-11-28,DVY,5
2025-11-28,GD,5
2025-11-28,GOOGL,5
2025-11-28,HII,5
2025-11-28,IVZ,5
2025-11-28,JPM,5
2025-11-28,KO,5
2025-11-28,LLY,5
2025-11-28,LRCX,5
2025-11-28,MCD,5
2025-11-28,MKC,5
2025-11-28,MMM,5
2025-11-28,MO,5
2025-11-28,MRK,5
2025-11-28,MU,5
2025-11-28,NEE,5
2025-11-28,NTR,5
2025-11-28,NUE,5
2025-11-28,PLD,5
2025-11-28,PM,5
2025-11-28,QQQ,5
2025-11-28,REGN,5
2025-11-28,RTX,5
2025-11-28,SBUX,5
2025-11-28,SYF,5
2025-11-28,TDW,5
2025-11-28,TRV,5
2025-11-28,TTMI,5
2025-11-28,UAN,5
2025-11-28,VAL,5
2025-11-28,VIG,5
2025-11-28,VLO,5
2025-11-28,VNQ,5
2025-11-28,VUG,5
2025-11-28,VYM,5
2025-11-28,XLP,5
2025-11-28,ARKK,1
2025-11-28,ASIX,1
2025-11-28,BA,1
2025-11-28,BEN,1
2025-11-28,BKSY,1
2025-11-28,BLK,1
2025-11-28,BMY,1
2025-11-28,BX,1
2025-11-28,CAG,1
2025-11-28,CPB,1
2025-11-28,CVX,1
2025-11-28,DOW,1
2025-11-28,ENPH,1
2025-11-28,FITB,1
2025-11-28,FMC,1
2025-11-28,GIS,1
2025-11-28,HPQ,1
2025-11-28,LMT,1
2025-11-28,MCHP,1
2025-11-28,NKE,1
2025-11-28,O,1
2025-11-28,PFE,1
2025-11-28,PSX,1
2025-11-28,RKLB,1
2025-11-28,SCHD,1
2025-11-28,SCHW,1
2025-11-28,SHEL,1
2025-11-28,SO,1
2025-11-28,TSLA,1
2025-11-28,USMV,1
2025-11-28,XLE,1
2025-11-28,XLV,1
2025-12-31,AEP,5
2025-12-31,ANDE,5
2025-12-31,ASTS,5
2025-12-31,BAYRY,5
2025-12-31,C,5
2025-12-31,CB,5
2025-12-31,CFG,5
2025-12-31,CVX,5
2025-12-31,CW,5
2025-12-31,DE,5
2025-12-31,DG,5
2025-12-31,DUK,5
2025-12-31,DVN,5
2025-12-31,DVY,5
2025-12-31,GOOGL,5
2025-12-31,HEI,5
2025-12-31,HII,5
2025-12-31,HMC,5
2025-12-31,IPI,5
2025-12-31,IVZ,5
2025-12-31,JNJ,5
2025-12-31,JPM,5
2025-12-31,KO,5
2025-12-31,LLY,5
2025-12-31,LRCX,5
2025-12-31,MKC,5
2025-12-31,MO,5
2025-12-31,MU,5
2025-12-31,NTR,5
2025-12-31,NUE,5
2025-12-31,O,5
2025-12-31,PLD,5
2025-12-31,PM,5
2025-12-31,QQQ,5
2025-12-31,RTX,5
2025-12-31,SCHW,5
2025-12-31,SYF,5
2025-12-31,TGT,5
2025-12-31,TTMI,5
2025-12-31,UAN,5
2025-12-31,VAL,5
2025-12-31,VIG,5
2025-12-31,VLO,5
2025-12-31,VUG,5
2025-12-31,VYM,5
2025-12-31,VZ,5
2025-12-31,XBI,5
2025-12-31,XLP,5
2025-12-31,XOM,5
2025-12-31,ALL,1
2025-12-31,ARKK,1
2025-12-31,ASIX,1
2025-12-31,BA,1
2025-12-31,BLK,1
2025-12-31,BMY,1
2025-12-31,BX,1
2025-12-31,CAG,1
2025-12-31,CPB,1
2025-12-31,CRWD,1
2025-12-31,DOW,1
2025-12-31,FMC,1
2025-12-31,GIS,1
2025-12-31,HBAN,1
2025-12-31,HPQ,1
2025-12-31,IYR,1
2025-12-31,LXU,1
2025-12-31,MCHP,1
2025-12-31,MPC,1
2025-12-31,MTSI,1
2025-12-31,NKE,1
2025-12-31,PFE,1
2025-12-31,SBUX,1
2025-12-31,SCHD,1
2025-12-31,SO,1
2025-12-31,SPLV,1
2025-12-31,TDG,1
2025-12-31,WM,1
2025-12-31,XLF,1
2025-12-31,XLV,1
2026-01-30,AEP,5
2026-01-30,ANDE,5
2026-01-30,ASTS,5
2026-01-30,BAYRY,5
2026-01-30,BEN,5
2026-01-30,C,5
2026-01-30,CF,5
2026-01-30,CFG,5
2026-01-30,CL,5
2026-01-30,COST,5
2026-01-30,CVX,5
2026-01-30,CW,5
2026-01-30,DD,5
2026-01-30,DE,5
2026-01-30,DG,5
2026-01-30,DUK,5
2026-01-30,DVY,5
2026-01-30,FITB,5
2026-01-30,GOOGL,5
2026-01-30,HII,5
2026-01-30,IPI,5
2026-01-30,IVZ,5
2026-01-30,JNJ,5
2026-01-30,KO,5
2026-01-30,LMT,5
2026-01-30,LRCX,5
2026-01-30,MCD,5
2026-01-30,MO,5
2026-01-30,MRK,5
2026-01-30,MU,5
2026-01-30,NEE,5
2026-01-30,NTR,5
2026-01-30,NUE,5
2026-01-30,O,5
2026-01-30,PEP,5
2026-01-30,PFE,5
2026-01-30,PLD,5
2026-01-30,PM,5
2026-01-30,QQQ,5
2026-01-30,RF,5
2026-01-30,RTX,5
2026-01-30,SCHD,5
2026-01-30,SCHW,5
2026-01-30,TDW,5
2026-01-30,TTMI,5
2026-01-30,UAN,5
2026-01-30,VAL,5
2026-01-30,VLO,5
2026-01-30,VUG,5
2026-01-30,VYM,5
2026-01-30,VZ,5
2026-01-30,XBI,5
2026-01-30,XOM,5
2026-01-30,ALL,1
2026-01-30,ARKK,1
2026-01-30,ASIX,1
2026-01-30,BA,1
2026-01-30,BAC,1
2026-01-30,BKSY,1
2026-01-30,BX,1
2026-01-30,CPB,1
2026-01-30,CRWD,1
2026-01-30,DOW,1
2026-01-30,DVN,1
2026-01-30,FMC,1
2026-01-30,GIS,1
2026-01-30,HPQ,1
2026-01-30,ICL,1
2026-01-30,IYR,1
2026-01-30,LLY,1
2026-01-30,MKC,1
2026-01-30,MMM,1
2026-01-30,MPC,1
2026-01-30,NKE,1
2026-01-30,PLTR,1
2026-01-30,REGN,1
2026-01-30,SHEL,1
2026-01-30,SO,1
2026-01-30,SYF,1
2026-01-30,TDG,1
2026-01-30,TSLA,1
2026-01-30,USMV,1
2026-01-30,VIG,1
2026-01-30,WM,1
2026-01-30,XLF,1
2026-01-30,XLU,1
2026-01-30,XLV,1
2026-02-27,AEP,5
2026-02-27,ALL,5
2026-02-27,AMAT,5
2026-02-27,ANDE,5
2026-02-27,ARKK,5
2026-02-27,BAYRY,5
2026-02-27,BMY,5
2026-02-27,C,5
2026-02-27,CAT,5
2026-02-27,CB,5
2026-02-27,CFG,5
2026-02-27,CL,5
2026-02-27,COST,5
2026-02-27,CTVA,5
2026-02-27,CW,5
2026-02-27,DD,5
2026-02-27,DE,5
2026-02-27,DG,5
2026-02-27,DUK,5
2026-02-27,DVY,5
2026-02-27,FITB,5
2026-02-27,HII,5
2026-02-27,IPI,5
2026-02-27,IRDM,5
2026-02-27,IVZ,5
2026-02-27,JNJ,5
2026-02-27,KO,5
2026-02-27,LRCX,5
2026-02-27,MCD,5
2026-02-27,MKC,5
2026-02-27,MO,5
2026-02-27,MRK,5
2026-02-27,MU,5
2026-02-27,NEE,5
2026-02-27,NTR,5
2026-02-27,O,5
2026-02-27,PEP,5
2026-02-27,PLD,5
2026-02-27,QQQ,5
2026-02-27,RTX,5
2026-02-27,SCHD,5
2026-02-27,SMCI,5
2026-02-27,TDW,5
2026-02-27,TGT,5
2026-02-27,TRV,5
2026-02-27,TTMI,5
2026-02-27,VAL,5
2026-02-27,VLO,5
2026-02-27,VYM,5
2026-02-27,VZ,5
2026-02-27,XBI,5
2026-02-27,XLU,5
2026-02-27,XOM,5
2026-02-27,ABBV,1
2026-02-27,ASIX,1
2026-02-27,BA,1
2026-02-27,BAC,1
2026-02-27,BKSY,1
2026-02-27,BLK,1
2026-02-27,BX,1
2026-02-27,CAG,1
2026-02-27,CPB,1
2026-02-27,CRWD,1
2026-02-27,CVX,1
2026-02-27,D,1
2026-02-27,DVN,1
2026-02-27,FMC,1
2026-02-27,GIS,1
2026-02-27,HBAN,1
2026-02-27,HPQ,1
2026-02-27,IBM,1
2026-02-27,ICL,1
2026-02-27,IYR,1
2026-02-27,LLY,1
2026-02-27,MCHP,1
2026-02-27,NKE,1
2026-02-27,NUE,1
2026-02-27,PLTR,1
2026-02-27,PSX,1
2026-02-27,SCHW,1
2026-02-27,SHEL,1
2026-02-27,TDG,1
2026-02-27,TSLA,1
2026-02-27,UAN,1
2026-02-27,USMV,1
2026-02-27,VIG,1
2026-02-27,VUG,1
2026-02-27,XLF,1
2026-02-27,XLV,1
2026-03-31,AEP,5
2026-03-31,ANDE,5
2026-03-31,ARKK,5
2026-03-31,ASIX,5
2026-03-31,ASTS,5
2026-03-31,BAC,5
2026-03-31,BAYRY,5
2026-03-31,BX,5
2026-03-31,C,5
2026-03-31,CF,5
2026-03-31,CFG,5
2026-03-31,COST,5
2026-03-31,CW,5
2026-03-31,D,5
2026-03-31,DE,5
2026-03-31,DOW,5
2026-03-31,DVN,5
2026-03-31,DVY,5
2026-03-31,GD,5
2026-03-31,HII,5
2026-03-31,IVZ,5
2026-03-31,JNJ,5
2026-03-31,JPM,5
2026-03-31,KO,5
2026-03-31,LRCX,5
2026-03-31,LXU,5
2026-03-31,MO,5
2026-03-31,MRK,5
2026-03-31,MU,5
2026-03-31,NEE,5
2026-03-31,PEP,5
2026-03-31,PFE,5
2026-03-31,PLD,5
2026-03-31,PM,5
2026-03-31,PSX,5
2026-03-31,QQQ,5
2026-03-31,RTX,5
2026-03-31,SCHD,5
2026-03-31,SCHW,5
2026-03-31,STM,5
2026-03-31,SYF,5
2026-03-31,TGT,5
2026-03-31,TTMI,5
2026-03-31,UAN,5
2026-03-31,VAL,5
2026-03-31,VLO,5
2026-03-31,VNQ,5
2026-03-31,VYM,5
2026-03-31,XBI,5
2026-03-31,XLP,5
2026-03-31,ABBV,1
2026-03-31,ALL,1
2026-03-31,BA,1
2026-03-31,BEN,1
2026-03-31,BLK,1
2026-03-31,CAG,1
2026-03-31,CPB,1
2026-03-31,CRWD,1
2026-03-31,CVX,1
2026-03-31,DD,1
2026-03-31,GIS,1
2026-03-31,HBAN,1
2026-03-31,HPQ,1
2026-03-31,IBM,1
2026-03-31,LLY,1
2026-03-31,MCHP,1
2026-03-31,MKC,1
2026-03-31,NKE,1
2026-03-31,NUE,1
2026-03-31,O,1
2026-03-31,PLTR,1
2026-03-31,SMG,1
2026-03-31,SO,1
2026-03-31,SPLV,1
2026-03-31,TDG,1
2026-03-31,TRV,1
2026-03-31,USMV,1
2026-03-31,VUG,1
2026-03-31,XLE,1
2026-03-31,XLF,1
2026-03-31,XLV,1
2026-04-30,AEP,5
2026-04-30,ANDE,5
2026-04-30,ARKK,5
2026-04-30,ASTS,5
2026-04-30,BAC,5
2026-04-30,BAYRY,5
2026-04-30,BEN,5
2026-04-30,BMY,5
2026-04-30,C,5
2026-04-30,CFG,5
2026-04-30,COST,5
2026-04-30,CW,5
2026-04-30,D,5
2026-04-30,DD,5
2026-04-30,DE,5
2026-04-30,DVN,5
2026-04-30,FITB,5
2026-04-30,GD,5
2026-04-30,GOOGL,5
2026-04-30,INTC,5
2026-04-30,IVZ,5
2026-04-30,JNJ,5
2026-04-30,KO,5
2026-04-30,MO,5
2026-04-30,MU,5
2026-04-30,NEE,5
2026-04-30,NUE,5
2026-04-30,PEP,5
2026-04-30,PLD,5
2026-04-30,PM,5
2026-04-30,QQQ,5
2026-04-30,RF,5
2026-04-30,SBUX,5
2026-04-30,SCHD,5
2026-04-30,SMCI,5
2026-04-30,STLD,5
2026-04-30,STM,5
2026-04-30,SYF,5
2026-04-30,TDW,5
2026-04-30,TGT,5
2026-04-30,TTMI,5
2026-04-30,UAN,5
2026-04-30,UNH,5
2026-04-30,VAL,5
2026-04-30,VIG,5
2026-04-30,VLO,5
2026-04-30,VNQ,5
2026-04-30,VYM,5
2026-04-30,XBI,5
2026-04-30,XLP,5
2026-04-30,ALL,1
2026-04-30,ASIX,1
2026-04-30,BA,1
2026-04-30,CAG,1
2026-04-30,CB,1
2026-04-30,CPB,1
2026-04-30,CRWD,1
2026-04-30,CTVA,1
2026-04-30,CVX,1
2026-04-30,ENPH,1
2026-04-30,FMC,1
2026-04-30,GIS,1
2026-04-30,HPQ,1
2026-04-30,IBM,1
2026-04-30,IPI,1
2026-04-30,LMT,1
2026-04-30,MCD,1
2026-04-30,MRK,1
2026-04-30,NKE,1
2026-04-30,O,1
2026-04-30,PFE,1
2026-04-30,PLTR,1
2026-04-30,SCHW,1
2026-04-30,SEDG,1
2026-04-30,SO,1
2026-04-30,SPLV,1
2026-04-30,TDG,1
2026-04-30,USMV,1
2026-04-30,VUG,1
2026-04-30,XLE,1
2026-04-30,XLF,1
2026-04-30,XLV,1
2026-05-29,AEP,5
2026-05-29,AFL,5
2026-05-29,ANDE,5
2026-05-29,ARKK,5
2026-05-29,ASTS,5
2026-05-29,BAC,5
2026-05-29,BAYRY,5
2026-05-29,BEN,5
2026-05-29,C,5
2026-05-29,CFG,5
2026-05-29,CL,5
2026-05-29,CW,5
2026-05-29,D,5
2026-05-29,DD,5
2026-05-29,DG,5
2026-05-29,FITB,5
2026-05-29,GD,5
2026-05-29,HEI,5
2026-05-29,HMC,5
2026-05-29,HON,5
2026-05-29,ICL,5
2026-05-29,INTC,5
2026-05-29,IVZ,5
2026-05-29,JNJ,5
2026-05-29,KHC,5
2026-05-29,KO,5
2026-05-29,LLY,5
2026-05-29,MO,5
2026-05-29,MRK,5
2026-05-29,MU,5
2026-05-29,NUE,5
2026-05-29,PLD,5
2026-05-29,PM,5
2026-05-29,PSX,5
2026-05-29,QQQ,5
2026-05-29,RF,5
2026-05-29,RTX,5
2026-05-29,SCHD,5
2026-05-29,SMCI,5
2026-05-29,STLD,5
2026-05-29,TGT,5
2026-05-29,TTMI,5
2026-05-29,UAN,5
2026-05-29,UNH,5
2026-05-29,VAL,5
2026-05-29,VIG,5
2026-05-29,VLO,5
2026-05-29,VNQ,5
2026-05-29,VYM,5
2026-05-29,XBI,5
2026-05-29,XLU,5
2026-05-29,ALL,1
2026-05-29,ASIX,1
2026-05-29,BA,1
2026-05-29,BLK,1
2026-05-29,BMY,1
2026-05-29,BX,1
2026-05-29,CAG,1
2026-05-29,CB,1
2026-05-29,CPB,1
2026-05-29,CVX,1
2026-05-29,DOW,1
2026-05-29,DVN,1
2026-05-29,FMC,1
2026-05-29,GIS,1
2026-05-29,HBAN,1
2026-05-29,HPQ,1
2026-05-29,IBM,1
2026-05-29,MCD,1
2026-05-29,MCHP,1
2026-05-29,MKC,1
2026-05-29,NKE,1
2026-05-29,O,1
2026-05-29,PFE,1
2026-05-29,PLTR,1
2026-05-29,REGN,1
2026-05-29,SCHW,1
2026-05-29,SO,1
2026-05-29,SPLV,1
2026-05-29,TDG,1
2026-05-29,USMV,1
2026-05-29,VUG,1
2026-05-29,WM,1
2026-05-29,XLF,1
2026-05-29,XLV,1
2026-06-30,ABBV,5
2026-06-30,AEP,5
2026-06-30,ALL,5
2026-06-30,AMAT,5
2026-06-30,ANDE,5
2026-06-30,ARKK,5
2026-06-30,BAC,5
2026-06-30,BAYRY,5
2026-06-30,C,5
2026-06-30,CAT,5
2026-06-30,CB,5
2026-06-30,CFG,5
2026-06-30,CTVA,5
2026-06-30,CW,5
2026-06-30,D,5
2026-06-30,DD,5
2026-06-30,DE,5
2026-06-30,DG,5
2026-06-30,DVY,5
2026-06-30,FITB,5
2026-06-30,GD,5
2026-06-30,GOOGL,5
2026-06-30,HEI,5
2026-06-30,JNJ,5
2026-06-30,KMB,5
2026-06-30,KO,5
2026-06-30,LRCX,5
2026-06-30,MKC,5
2026-06-30,MO,5
2026-06-30,MPC,5
2026-06-30,MRK,5
2026-06-30,MTSI,5
2026-06-30,MU,5
2026-06-30,NUE,5
2026-06-30,O,5
2026-06-30,PLD,5
2026-06-30,PM,5
2026-06-30,PSX,5
2026-06-30,QQQ,5
2026-06-30,RTX,5
2026-06-30,SBUX,5
2026-06-30,SMG,5
2026-06-30,SO,5
2026-06-30,SPLV,5
2026-06-30,TGT,5
2026-06-30,UAN,5
2026-06-30,VIG,5
2026-06-30,VLO,5
2026-06-30,VNQ,5
2026-06-30,XBI,5
2026-06-30,XLE,5
2026-06-30,XOM,5
2026-06-30,ASIX,1
2026-06-30,BA,1
2026-06-30,BKSY,1
2026-06-30,BLK,1
2026-06-30,BMY,1
2026-06-30,BX,1
2026-06-30,CAG,1
2026-06-30,CPB,1
2026-06-30,CVX,1
2026-06-30,DOW,1
2026-06-30,FMC,1
2026-06-30,GIS,1
2026-06-30,HPQ,1
2026-06-30,IBM,1
2026-06-30,MCD,1
2026-06-30,NKE,1
2026-06-30,ORCL,1
2026-06-30,PEP,1
2026-06-30,PFE,1
2026-06-30,PLTR,1
2026-06-30,REGN,1
2026-06-30,RKLB,1
2026-06-30,SCHW,1
2026-06-30,SEDG,1
2026-06-30,TSLA,1
2026-06-30,USMV,1
2026-06-30,VUG,1
2026-06-30,VYM,1
2026-06-30,XLF,1
2026-06-30,XLU,1
2026-06-30,XLV,1
2026-07-31,ABBV,5
2026-07-31,AMAT,5
2026-07-31,ARKK,5
2026-07-31,ASIX,5
2026-07-31,BEN,5
2026-07-31,BKSY,5
2026-07-31,BLK,5
2026-07-31,CAG,5
2026-07-31,CAT,5
2026-07-31,CB,5
2026-07-31,CFG,5
2026-07-31,COST,5
2026-07-31,CW,5
2026-07-31,D,5
2026-07-31,DE,5
2026-07-31,DVN,5
2026-07-31,GD,5
2026-07-31,GSAT,5
2026-07-31,HPQ,5
2026-07-31,ICL,5
2026-07-31,INTC,5
2026-07-31,IRDM,5
2026-07-31,JPM,5
2026-07-31,LLY,5
2026-07-31,LMT,5
2026-07-31,LRCX,5
2026-07-31,LXU,5
2026-07-31,MCD,5
2026-07-31,MO,5
2026-07-31,MPC,5
2026-07-31,MU,5
2026-07-31,NEE,5
2026-07-31,O,5
2026-07-31,PLD,5
2026-07-31,PM,5
2026-07-31,PSX,5
2026-07-31,QQQ,5
2026-07-31,REGN,5
2026-07-31,RF,5
2026-07-31,SBUX,5
2026-07-31,SCHD,5
2026-07-31,STM,5
2026-07-31,TGT,5
2026-07-31,TTMI,5
2026-07-31,UNH,5
2026-07-31,VIG,5
2026-07-31,VLO,5
2026-07-31,VZ,5
2026-07-31,XLU,5
2026-07-31,BA,1
2026-07-31,BMY,1
2026-07-31,BX,1
2026-07-31,CRWD,1
2026-07-31,CTVA,1
2026-07-31,DD,1
2026-07-31,DG,1
2026-07-31,FANG,1
2026-07-31,FMC,1
2026-07-31,HBAN,1
2026-07-31,IBM,1
2026-07-31,JNJ,1
2026-07-31,KMB,1
2026-07-31,MCHP,1
2026-07-31,MMM,1
2026-07-31,NTR,1
2026-07-31,ORCL,1
2026-07-31,PEP,1
2026-07-31,PLTR,1
2026-07-31,PYPL,1
2026-07-31,RKLB,1
2026-07-31,SATS,1
2026-07-31,SCHW,1
2026-07-31,SO,1
2026-07-31,SPCX,1
2026-07-31,SYF,1
2026-07-31,TDW,1
2026-07-31,USMV,1
2026-07-31,VNQ,1
2026-07-31,VUG,1
2026-07-31,WM,1
2026-07-31,XBI,1
