long,short,long_short,equal_weight_long
-4.7619047619047614e-05,-4.7619047619047614e-05,-4.7619047619047614e-05,-4.7619047619047614e-05
-4.7619047619047614e-05,-4.7619047619047614e-05,-4.7619047619047614e-05,-4.7619047619047614e-05
-4.7619047619047614e-05,-4.7619047619047614e-05,-4.7619047619047614e-05,-4.7619047619047614e-05
-4.7619047619047614e-05,-4.7619047619047614e-05,-4.7619047619047614e-05,-4.7619047619047614e-05
-4.7619047619047614e-05,-4.7619047619047614e-05,-4.7619047619047614e-05,-4.7619047619047614e-05
-4.7619047619047614e-05,-4.7619047619047614e-05,-4.7619047619047614e-05,-4.7619047619047614e-05
-4.7619047619047614e-05,-4.7619047619047614e-05,-4.7619047619047614e-05,-4.7619047619047614e-05
-4.7619047619047614e-05,-4.7619047619047614e-05,-4.7619047619047614e-05,-4.7619047619047614e-05
-4.7619047619047614e-05,-4.7619047619047614e-05,-4.7619047619047614e-05,-4.7619047619047614e-05
-4.7619047619047614e-05,-4.7619047619047614e-05,-4.7619047619047614e-05,-4.7619047619047614e-05
-4.7619047619047614e-05,-4.7619047619047614e-05,-4.7619047619047614e-05,-4.7619047619047614e-05
-4.7619047619047614e-05,-4.7619047619047614e-05,-4.7619047619047614e-05,-4.7619047619047614e-05
-4.7619047619047614e-05,-4.7619047619047614e-05,-4.7619047619047614e-05,-4.7619047619047614e-05
-4.7619047619047614e-05,-4.7619047619047614e-05,-4.7619047619047614e-05,-4.7619047619047614e-05
-4.7619047619047614e-05,-4.7619047619047614e-05,-4.7619047619047614e-05,-4.7619047619047614e-05
-4.7619047619047614e-05,-4.7619047619047614e-05,-4.7619047619047614e-05,-4.7619047619047614e-05
-4.7619047619047614e-05,-4.7619047619047614e-05,-4.7619047619047614e-05,-4.7619047619047614e-05
-4.7619047619047614e-05,-4.7619047619047614e-05,-4.7619047619047614e-05,-4.7619047619047614e-05
-4.7619047619047614e-05,-4.7619047619047614e-05,-4.7619047619047614e-05,-4.7619047619047614e-05
-4.7619047619047614e-05,-4.7619047619047614e-05,-4.7619047619047614e-05,-4.7619047619047614e-05
-4.7619047619047614e-05,-4.7619047619047614e-05,-4.7619047619047614e-05,-4.7619047619047614e-05
-4.7619047619047614e-05,-4.7619047619047614e-05,-4.7619047619047614e-05,-4.7619047619047614e-05
-4.7619047619047614e-05,-4.7619047619047614e-05,-4.7619047619047614e-05,-4.7619047619047614e-05
-4.7619047619047614e-05,-4.7619047619047614e-05,-4.7619047619047614e-05,-4.7619047619047614e-05
-4.7619047619047614e-05,-4.7619047619047614e-05,-4.7619047619047614e-05,-4.7619047619047614e-05
-4.7619047619047614e-05,-4.7619047619047614e-05,-4.7619047619047614e-05,-4.7619047619047614e-05
-4.7619047619047614e-05,-4.7619047619047614e-05,-4.7619047619047614e-05,-4.7619047619047614e-05
-4.7619047619047614e-05,-4.7619047619047614e-05,-4.7619047619047614e-05,-4.7619047619047614e-05
-4.7619047619047614e-05,-4.7619047619047614e-05,-4.7619047619047614e-05,-4.7619047619047614e-05
-4.7619047619047614e-05,-4.7619047619047614e-05,-4.7619047619047614e-05,-4.7619047619047614e-05
-4.7619047619047614e-05,-4.7619047619047614e-05,-4.7619047619047614e-05,-4.7619047619047614e-05
-4.7619047619047614e-05,-4.7619047619047614e-05,-4.7619047619047614e-05,-4.7619047619047614e-05
-4.7619047619047614e-05,-4.7619047619047614e-05,-4.7619047619047614e-05,-4.7619047619047614e-05
-4.7619047619047614e-05,-4.7619047619047614e-05,-4.7619047619047614e-05,-4.7619047619047614e-05
-4.7619047619047614e-05,-4.7619047619047614e-05,-4.7619047619047614e-05,-4.7619047619047614e-05
-4.7619047619047614e-05,-4.7619047619047614e-05,-4.7619047619047614e-05,-4.7619047619047614e-05
-4.7619047619047614e-05,-4.7619047619047614e-05,-4.7619047619047614e-05,-4.7619047619047614e-05
-4.7619047619047614e-05,-4.7619047619047614e-05,-4.7619047619047614e-05,-4.7619047619047614e-05
-4.7619047619047614e-05,-4.7619047619047614e-05,-4.7619047619047614e-05,-4.7619047619047614e-05
-4.7619047619047614e-05,-4.7619047619047614e-05,-4.7619047619047614e-05,-4.7619047619047614e-05
-4.7619047619047614e-05,-4.7619047619047614e-05,-4.7619047619047614e-05,-4.7619047619047614e-05
-4.7619047619047614e-05,-4.7619047619047614e-05,-4.7619047619047614e-05,-4.7619047619047614e-05
-4.7619047619047614e-05,-4.7619047619047614e-05,-4.7619047619047614e-05,-4.7619047619047614e-05
-4.7619047619047614e-05,-4.7619047619047614e-05,-4.7619047619047614e-05,-4.7619047619047614e-05
-4.7619047619047614e-05,-4.7619047619047614e-05,-4.7619047619047614e-05,-4.7619047619047614e-05
-4.7619047619047614e-05,-4.7619047619047614e-05,-4.7619047619047614e-05,-4.7619047619047614e-05
-4.7619047619047614e-05,-4.7619047619047614e-05,-4.7619047619047614e-05,-4.7619047619047614e-05
-4.7619047619047614e-05,-4.7619047619047614e-05,-4.7619047619047614e-05,-4.7619047619047614e-05
-4.7619047619047614e-05,-4.7619047619047614e-05,-4.7619047619047614e-05,-4.7619047619047614e-05
-4.7619047619047614e-05,-4.7619047619047614e-05,-4.7619047619047614e-05,-4.7619047619047614e-05
-4.7619047619047614e-05,-4.7619047619047614e-05,-4.7619047619047614e-05,-4.7619047619047614e-05
-4.7619047619047614e-05,-4.7619047619047614e-05,-4.7619047619047614e-05,-4.7619047619047614e-05
-4.7619047619047614e-05,-4.7619047619047614e-05,-4.7619047619047614e-05,-4.7619047619047614e-05
-4.7619047619047614e-05,-4.7619047619047614e-05,-4.7619047619047614e-05,-4.7619047619047614e-05
-4.7619047619047614e-05,-4.7619047619047614e-05,-4.7619047619047614e-05,-4.7619047619047614e-05
-4.7619047619047614e-05,-4.7619047619047614e-05,-4.7619047619047614e-05,-4.7619047619047614e-05
-4.7619047619047614e-05,-4.7619047619047614e-05,-4.7619047619047614e-05,-4.7619047619047614e-05
-4.7619047619047614e-05,-4.7619047619047614e-05,-4.7619047619047614e-05,-4.7619047619047614e-05
-4.7619047619047614e-05,-4.7619047619047614e-05,-4.7619047619047614e-05,-4.7619047619047614e-05
-4.7619047619047614e-05,-4.7619047619047614e-05,-4.7619047619047614e-05,-4.7619047619047614e-05
-4.7619047619047614e-05,-4.7619047619047614e-05,-4.7619047619047614e-05,-4.7619047619047614e-05
-4.7619047619047614e-05,-4.7619047619047614e-05,-4.7619047619047614e-05,-4.7619047619047614e-05
-4.7619047619047614e-05,-4.7619047619047614e-05,-4.7619047619047614e-05,-4.7619047619047614e-05
-4.7619047619047614e-05,-4.7619047619047614e-05,-4.7619047619047614e-05,-4.7619047619047614e-05
-4.7619047619047614e-05,-4.7619047619047614e-05,-4.7619047619047614e-05,-4.7619047619047614e-05
-4.7619047619047614e-05,-4.7619047619047614e-05,-4.7619047619047614e-05,-4.7619047619047614e-05
-4.7619047619047614e-05,-4.7619047619047614e-05,-4.7619047619047614e-05,-4.7619047619047614e-05
-4.7619047619047614e-05,-4.7619047619047614e-05,-4.7619047619047614e-05,-4.7619047619047614e-05
-4.7619047619047614e-05,-4.7619047619047614e-05,-4.7619047619047614e-05,-4.7619047619047614e-05
-4.7619047619047614e-05,-4.7619047619047614e-05,-4.7619047619047614e-05,-4.7619047619047614e-05
-4.7619047619047614e-05,-4.7619047619047614e-05,-4.7619047619047614e-05,-4.7619047619047614e-05
-4.7619047619047614e-05,-4.7619047619047614e-05,-4.7619047619047614e-05,-4.7619047619047614e-05
-4.7619047619047614e-05,-4.7619047619047614e-05,-4.7619047619047614e-05,-4.7619047619047614e-05
-4.7619047619047614e-05,-4.7619047619047614e-05,-4.7619047619047614e-05,-4.7619047619047614e-05
-4.7619047619047614e-05,-4.7619047619047614e-05,-4.7619047619047614e-05,-4.7619047619047614e-05
-4.7619047619047614e-05,-4.7619047619047614e-05,-4.7619047619047614e-05,-4.7619047619047614e-05
-4.7619047619047614e-05,-4.7619047619047614e-05,-4.7619047619047614e-05,-4.7619047619047614e-05
-4.7619047619047614e-05,-4.7619047619047614e-05,-4.7619047619047614e-05,-4.7619047619047614e-05
-4.7619047619047614e-05,-4.7619047619047614e-05,-4.7619047619047614e-05,-4.7619047619047614e-05
-4.7619047619047614e-05,-4.7619047619047614e-05,-4.7619047619047614e-05,-4.7619047619047614e-05
-4.7619047619047614e-05,-4.7619047619047614e-05,-4.7619047619047614e-05,-4.7619047619047614e-05
-4.7619047619047614e-05,-4.7619047619047614e-05,-4.7619047619047614e-05,-4.7619047619047614e-05
-4.7619047619047614e-05,-4.7619047619047614e-05,-4.7619047619047614e-05,-4.7619047619047614e-05
-4.7619047619047614e-05,-4.7619047619047614e-05,-4.7619047619047614e-05,-4.7619047619047614e-05
-4.7619047619047614e-05,-4.7619047619047614e-05,-4.7619047619047614e-05,-4.7619047619047614e-05
-4.7619047619047614e-05,-4.7619047619047614e-05,-4.7619047619047614e-05,-4.7619047619047614e-05
-4.7619047619047614e-05,-4.7619047619047614e-05,-4.7619047619047614e-05,-4.7619047619047614e-05
-4.7619047619047614e-05,-4.7619047619047614e-05,-4.7619047619047614e-05,-4.7619047619047614e-05
-4.7619047619047614e-05,-4.7619047619047614e-05,-4.7619047619047614e-05,-4.7619047619047614e-05
-4.7619047619047614e-05,-4.7619047619047614e-05,-4.7619047619047614e-05,-4.7619047619047614e-05
-4.7619047619047614e-05,-4.7619047619047614e-05,-4.7619047619047614e-05,-4.7619047619047614e-05
-4.7619047619047614e-05,-4.7619047619047614e-05,-4.7619047619047614e-05,-4.7619047619047614e-05
-4.7619047619047614e-05,-4.7619047619047614e-05,-4.7619047619047614e-05,-4.7619047619047614e-05
-4.7619047619047614e-05,-4.7619047619047614e-05,-4.7619047619047614e-05,-4.7619047619047614e-05
-4.7619047619047614e-05,-4.7619047619047614e-05,-4.7619047619047614e-05,-4.7619047619047614e-05
-4.7619047619047614e-05,-4.7619047619047614e-05,-4.7619047619047614e-05,-4.7619047619047614e-05
-4.7619047619047614e-05,-4.7619047619047614e-05,-4.7619047619047614e-05,-4.7619047619047614e-05
-4.7619047619047614e-05,-4.7619047619047614e-05,-4.7619047619047614e-05,-4.7619047619047614e-05
-4.7619047619047614e-05,-4.7619047619047614e-05,-4.7619047619047614e-05,-4.7619047619047614e-05
-4.7619047619047614e-05,-4.7619047619047614e-05,-4.7619047619047614e-05,-4.7619047619047614e-05
-4.7619047619047614e-05,-4.7619047619047614e-05,-4.7619047619047614e-05,-4.7619047619047614e-05
-4.7619047619047614e-05,-4.7619047619047614e-05,-4.7619047619047614e-05,-4.7619047619047614e-05
-4.7619047619047614e-05,-4.7619047619047614e-05,-4.7619047619047614e-05,-4.7619047619047614e-05
-4.7619047619047614e-05,-4.7619047619047614e-05,-4.7619047619047614e-05,-4.7619047619047614e-05
-4.7619047619047614e-05,-4.7619047619047614e-05,-4.7619047619047614e-05,-4.7619047619047614e-05
-4.7619047619047614e-05,-4.7619047619047614e-05,-4.7619047619047614e-05,-4.7619047619047614e-05
-4.7619047619047614e-05,-4.7619047619047614e-05,-4.7619047619047614e-05,-4.7619047619047614e-05
-4.7619047619047614e-05,-4.7619047619047614e-05,-4.7619047619047614e-05,-4.7619047619047614e-05
-4.7619047619047614e-05,-4.7619047619047614e-05,-4.7619047619047614e-05,-4.7619047619047614e-05
-4.7619047619047614e-05,-4.7619047619047614e-05,-4.7619047619047614e-05,-4.7619047619047614e-05
-4.7619047619047614e-05,-4.7619047619047614e-05,-4.7619047619047614e-05,-4.7619047619047614e-05
-4.7619047619047614e-05,-4.7619047619047614e-05,-4.7619047619047614e-05,-4.7619047619047614e-05
-4.7619047619047614e-05,-4.7619047619047614e-05,-4.7619047619047614e-05,-4.7619047619047614e-05
-4.7619047619047614e-05,-4.7619047619047614e-05,-4.7619047619047614e-05,-4.7619047619047614e-05
-4.7619047619047614e-05,-4.7619047619047614e-05,-4.7619047619047614e-05,-4.7619047619047614e-05
-4.7619047619047614e-05,-4.7619047619047614e-05,-4.7619047619047614e-05,-4.7619047619047614e-05
-4.7619047619047614e-05,-4.7619047619047614e-05,-4.7619047619047614e-05,-4.7619047619047614e-05
-4.7619047619047614e-05,-4.7619047619047614e-05,-4.7619047619047614e-05,-4.7619047619047614e-05
-4.7619047619047614e-05,-4.7619047619047614e-05,-4.7619047619047614e-05,-4.7619047619047614e-05
-4.7619047619047614e-05,-4.7619047619047614e-05,-4.7619047619047614e-05,-4.7619047619047614e-05
-4.7619047619047614e-05,-4.7619047619047614e-05,-4.7619047619047614e-05,-4.7619047619047614e-05
-4.7619047619047614e-05,-4.7619047619047614e-05,-4.7619047619047614e-05,-4.7619047619047614e-05
-4.7619047619047614e-05,-4.7619047619047614e-05,-4.7619047619047614e-05,-4.7619047619047614e-05
-4.7619047619047614e-05,-4.7619047619047614e-05,-4.7619047619047614e-05,-4.7619047619047614e-05
-4.7619047619047614e-05,-4.7619047619047614e-05,-4.7619047619047614e-05,-4.7619047619047614e-05
-4.7619047619047614e-05,-4.7619047619047614e-05,-4.7619047619047614e-05,-4.7619047619047614e-05
-4.7619047619047614e-05,-4.7619047619047614e-05,-4.7619047619047614e-05,-4.7619047619047614e-05
-4.7619047619047614e-05,-4.7619047619047614e-05,-4.7619047619047614e-05,-4.7619047619047614e-05
-4.7619047619047614e-05,-4.7619047619047614e-05,-4.7619047619047614e-05,-4.7619047619047614e-05
-4.7619047619047614e-05,-4.7619047619047614e-05,-4.7619047619047614e-05,-4.7619047619047614e-05
-4.7619047619047614e-05,-4.7619047619047614e-05,-4.7619047619047614e-05,-4.7619047619047614e-05
-4.7619047619047614e-05,-4.7619047619047614e-05,-4.7619047619047614e-05,-4.7619047619047614e-05
-4.7619047619047614e-05,-4.7619047619047614e-05,-4.7619047619047614e-05,-4.7619047619047614e-05
-4.7619047619047614e-05,-4.7619047619047614e-05,-4.7619047619047614e-05,-4.7619047619047614e-05
-4.7619047619047614e-05,-4.7619047619047614e-05,-4.7619047619047614e-05,-4.7619047619047614e-05
-4.7619047619047614e-05,-4.7619047619047614e-05,-4.7619047619047614e-05,-4.7619047619047614e-05
-4.7619047619047614e-05,-4.7619047619047614e-05,-4.7619047619047614e-05,-4.7619047619047614e-05
-4.7619047619047614e-05,-4.7619047619047614e-05,-4.7619047619047614e-05,-4.7619047619047614e-05
-4.7619047619047614e-05,-4.7619047619047614e-05,-4.7619047619047614e-05,-4.7619047619047614e-05
-4.7619047619047614e-05,-4.7619047619047614e-05,-4.7619047619047614e-05,-4.7619047619047614e-05
-4.7619047619047614e-05,-4.7619047619047614e-05,-4.7619047619047614e-05,-4.7619047619047614e-05
-4.7619047619047614e-05,-4.7619047619047614e-05,-4.7619047619047614e-05,-4.7619047619047614e-05
-4.7619047619047614e-05,-4.7619047619047614e-05,-4.7619047619047614e-05,-4.7619047619047614e-05
-4.7619047619047614e-05,-4.7619047619047614e-05,-4.7619047619047614e-05,-4.7619047619047614e-05
-4.7619047619047614e-05,-4.7619047619047614e-05,-4.7619047619047614e-05,-4.7619047619047614e-05
-4.7619047619047614e-05,-4.7619047619047614e-05,-4.7619047619047614e-05,-4.7619047619047614e-05
-4.7619047619047614e-05,-4.7619047619047614e-05,-4.7619047619047614e-05,-4.7619047619047614e-05
-4.7619047619047614e-05,-4.7619047619047614e-05,-4.7619047619047614e-05,-4.7619047619047614e-05
-4.7619047619047614e-05,-4.7619047619047614e-05,-4.7619047619047614e-05,-4.7619047619047614e-05
-4.7619047619047614e-05,-4.7619047619047614e-05,-4.7619047619047614e-05,-4.7619047619047614e-05
-4.7619047619047614e-05,-4.7619047619047614e-05,-4.7619047619047614e-05,-4.7619047619047614e-05
-4.7619047619047614e-05,-4.7619047619047614e-05,-4.7619047619047614e-05,-4.7619047619047614e-05
-4.7619047619047614e-05,-4.7619047619047614e-05,-4.7619047619047614e-05,-4.7619047619047614e-05
-4.7619047619047614e-05,-4.7619047619047614e-05,-4.7619047619047614e-05,-4.7619047619047614e-05
-4.7619047619047614e-05,-4.7619047619047614e-05,-4.7619047619047614e-05,-4.7619047619047614e-05
-4.7619047619047614e-05,-4.7619047619047614e-05,-4.7619047619047614e-05,-4.7619047619047614e-05
-4.7619047619047614e-05,-4.7619047619047614e-05,-4.7619047619047614e-05,-4.7619047619047614e-05
-4.7619047619047614e-05,-4.7619047619047614e-05,-4.7619047619047614e-05,-4.7619047619047614e-05
-4.7619047619047614e-05,-4.7619047619047614e-05,-4.7619047619047614e-05,-4.7619047619047614e-05
-4.7619047619047614e-05,-4.7619047619047614e-05,-4.7619047619047614e-05,-4.7619047619047614e-05
-4.7619047619047614e-05,-4.7619047619047614e-05,-4.7619047619047614e-05,-4.7619047619047614e-05
-4.7619047619047614e-05,-4.7619047619047614e-05,-4.7619047619047614e-05,-4.7619047619047614e-05
-4.7619047619047614e-05,-4.7619047619047614e-05,-4.7619047619047614e-05,-4.7619047619047614e-05
-4.7619047619047614e-05,-4.7619047619047614e-05,-4.7619047619047614e-05,-4.7619047619047614e-05
-4.7619047619047614e-05,-4.7619047619047614e-05,-4.7619047619047614e-05,-4.7619047619047614e-05
-4.7619047619047614e-05,-4.7619047619047614e-05,-4.7619047619047614e-05,-4.7619047619047614e-05
-4.7619047619047614e-05,-4.7619047619047614e-05,-4.7619047619047614e-05,-4.7619047619047614e-05
-4.7619047619047614e-05,-4.7619047619047614e-05,-4.7619047619047614e-05,-4.7619047619047614e-05
-4.7619047619047614e-05,-4.7619047619047614e-05,-4.7619047619047614e-05,-4.7619047619047614e-05
-4.7619047619047614e-05,-4.7619047619047614e-05,-4.7619047619047614e-05,-4.7619047619047614e-05
-4.7619047619047614e-05,-4.7619047619047614e-05,-4.7619047619047614e-05,-4.7619047619047614e-05
-4.7619047619047614e-05,-4.7619047619047614e-05,-4.7619047619047614e-05,-4.7619047619047614e-05
-4.7619047619047614e-05,-4.7619047619047614e-05,-4.7619047619047614e-05,-4.7619047619047614e-05
-4.7619047619047614e-05,-4.7619047619047614e-05,-4.7619047619047614e-05,-4.7619047619047614e-05
-4.7619047619047614e-05,-4.7619047619047614e-05,-4.7619047619047614e-05,-4.7619047619047614e-05
-4.7619047619047614e-05,-4.7619047619047614e-05,-4.7619047619047614e-05,-4.7619047619047614e-05
-4.7619047619047614e-05,-4.7619047619047614e-05,-4.7619047619047614e-05,-4.7619047619047614e-05
-4.7619047619047614e-05,-4.7619047619047614e-05,-4.7619047619047614e-05,-4.7619047619047614e-05
-4.7619047619047614e-05,-4.7619047619047614e-05,-4.7619047619047614e-05,-4.7619047619047614e-05
-4.7619047619047614e-05,-4.7619047619047614e-05,-4.7619047619047614e-05,-4.7619047619047614e-05
-4.7619047619047614e-05,-4.7619047619047614e-05,-4.7619047619047614e-05,-4.7619047619047614e-05
-4.7619047619047614e-05,-4.7619047619047614e-05,-4.7619047619047614e-05,-4.7619047619047614e-05
-4.7619047619047614e-05,-4.7619047619047614e-05,-4.7619047619047614e-05,-4.7619047619047614e-05
-4.7619047619047614e-05,-4.7619047619047614e-05,-4.7619047619047614e-05,-4.7619047619047614e-05
-4.7619047619047614e-05,-4.7619047619047614e-05,-4.7619047619047614e-05,-4.7619047619047614e-05
-4.7619047619047614e-05,-4.7619047619047614e-05,-4.7619047619047614e-05,-4.7619047619047614e-05
-4.7619047619047614e-05,-4.7619047619047614e-05,-4.7619047619047614e-05,-4.7619047619047614e-05
-4.7619047619047614e-05,-4.7619047619047614e-05,-4.7619047619047614e-05,-4.7619047619047614e-05
-4.7619047619047614e-05,-4.7619047619047614e-05,-4.7619047619047614e-05,-4.7619047619047614e-05
-4.7619047619047614e-05,-4.7619047619047614e-05,-4.7619047619047614e-05,-4.7619047619047614e-05
-4.7619047619047614e-05,-4.7619047619047614e-05,-4.7619047619047614e-05,-4.7619047619047614e-05
-4.7619047619047614e-05,-4.7619047619047614e-05,-4.7619047619047614e-05,-4.7619047619047614e-05
-4.7619047619047614e-05,-4.7619047619047614e-05,-4.7619047619047614e-05,-4.7619047619047614e-05
-4.7619047619047614e-05,-4.7619047619047614e-05,-4.7619047619047614e-05,-4.7619047619047614e-05
-4.7619047619047614e-05,-4.7619047619047614e-05,-4.7619047619047614e-05,-4.7619047619047614e-05
-4.7619047619047614e-05,-4.7619047619047614e-05,-4.7619047619047614e-05,-4.7619047619047614e-05
-4.7619047619047614e-05,-4.7619047619047614e-05,-4.7619047619047614e-05,-4.7619047619047614e-05
-4.7619047619047614e-05,-4.7619047619047614e-05,-4.7619047619047614e-05,-4.7619047619047614e-05
-4.7619047619047614e-05,-4.7619047619047614e-05,-4.7619047619047614e-05,-4.7619047619047614e-05
-4.7619047619047614e-05,-4.7619047619047614e-05,-4.7619047619047614e-05,-4.7619047619047614e-05
-4.7619047619047614e-05,-4.7619047619047614e-05,-4.7619047619047614e-05,-4.7619047619047614e-05
-4.7619047619047614e-05,-4.7619047619047614e-05,-4.7619047619047614e-05,-4.7619047619047614e-05
-4.7619047619047614e-05,-4.7619047619047614e-05,-4.7619047619047614e-05,-4.7619047619047614e-05
-4.7619047619047614e-05,-4.7619047619047614e-05,-4.7619047619047614e-05,-4.7619047619047614e-05
-4.7619047619047614e-05,-4.7619047619047614e-05,-4.7619047619047614e-05,-4.7619047619047614e-05
-4.7619047619047614e-05,-4.7619047619047614e-05,-4.7619047619047614e-05,-4.7619047619047614e-05
-4.7619047619047614e-05,-4.7619047619047614e-05,-4.7619047619047614e-05,-4.7619047619047614e-05
-4.7619047619047614e-05,-4.7619047619047614e-05,-4.7619047619047614e-05,-4.7619047619047614e-05
-4.7619047619047614e-05,-4.7619047619047614e-05,-4.7619047619047614e-05,-4.7619047619047614e-05
-4.7619047619047614e-05,-4.7619047619047614e-05,-4.7619047619047614e-05,-4.7619047619047614e-05
-4.7619047619047614e-05,-4.7619047619047614e-05,-4.7619047619047614e-05,-4.7619047619047614e-05
-4.7619047619047614e-05,-4.7619047619047614e-05,-4.7619047619047614e-05,-4.7619047619047614e-05
-4.7619047619047614e-05,-4.7619047619047614e-05,-4.7619047619047614e-05,-4.7619047619047614e-05
-4.7619047619047614e-05,-4.7619047619047614e-05,-4.7619047619047614e-05,-4.7619047619047614e-05
-4.7619047619047614e-05,-4.7619047619047614e-05,-4.7619047619047614e-05,-4.7619047619047614e-05
-4.7619047619047614e-05,-4.7619047619047614e-05,-4.7619047619047614e-05,-4.7619047619047614e-05
-4.7619047619047614e-05,-4.7619047619047614e-05,-4.7619047619047614e-05,-4.7619047619047614e-05
-4.7619047619047614e-05,-4.7619047619047614e-05,-4.7619047619047614e-05,-4.7619047619047614e-05
-4.7619047619047614e-05,-4.7619047619047614e-05,-4.7619047619047614e-05,-4.7619047619047614e-05
-4.7619047619047614e-05,-4.7619047619047614e-05,-4.7619047619047614e-05,-4.7619047619047614e-05
-4.7619047619047614e-05,-4.7619047619047614e-05,-4.7619047619047614e-05,-4.7619047619047614e-05
-4.7619047619047614e-05,-4.7619047619047614e-05,-4.7619047619047614e-05,-4.7619047619047614e-05
-4.7619047619047614e-05,-4.7619047619047614e-05,-4.7619047619047614e-05,-4.7619047619047614e-05
-4.7619047619047614e-05,-4.7619047619047614e-05,-4.7619047619047614e-05,-4.7619047619047614e-05
-4.7619047619047614e-05,-4.7619047619047614e-05,-4.7619047619047614e-05,-4.7619047619047614e-05
-4.7619047619047614e-05,-4.7619047619047614e-05,-4.7619047619047614e-05,-4.7619047619047614e-05
-4.7619047619047614e-05,-4.7619047619047614e-05,-4.7619047619047614e-05,-4.7619047619047614e-05
-4.7619047619047614e-05,-4.7619047619047614e-05,-4.7619047619047614e-05,-4.7619047619047614e-05
-4.7619047619047614e-05,-4.7619047619047614e-05,-4.7619047619047614e-05,-4.7619047619047614e-05
-4.7619047619047614e-05,-4.7619047619047614e-05,-4.7619047619047614e-05,-4.7619047619047614e-05
-4.7619047619047614e-05,-4.7619047619047614e-05,-4.7619047619047614e-05,-4.7619047619047614e-05
-4.7619047619047614e-05,-4.7619047619047614e-05,-4.7619047619047614e-05,-4.7619047619047614e-05
-4.7619047619047614e-05,-4.7619047619047614e-05,-4.7619047619047614e-05,-4.7619047619047614e-05
-4.7619047619047614e-05,-4.7619047619047614e-05,-4.7619047619047614e-05,-4.7619047619047614e-05
-4.7619047619047614e-05,-4.7619047619047614e-05,-4.7619047619047614e-05,-4.7619047619047614e-05
-4.7619047619047614e-05,-4.7619047619047614e-05,-4.7619047619047614e-05,-4.7619047619047614e-05
-4.7619047619047614e-05,-4.7619047619047614e-05,-4.7619047619047614e-05,-4.7619047619047614e-05
-4.7619047619047614e-05,-4.7619047619047614e-05,-4.7619047619047614e-05,-4.7619047619047614e-05
-4.7619047619047614e-05,-4.7619047619047614e-05,-4.7619047619047614e-05,-4.7619047619047614e-05
-4.7619047619047614e-05,-4.7619047619047614e-05,-4.7619047619047614e-05,-4.7619047619047614e-05
-4.7619047619047614e-05,-4.7619047619047614e-05,-4.7619047619047614e-05,-4.7619047619047614e-05
-4.7619047619047614e-05,-4.7619047619047614e-05,-4.7619047619047614e-05,-4.7619047619047614e-05
-4.7619047619047614e-05,-4.7619047619047614e-05,-4.7619047619047614e-05,-4.7619047619047614e-05
-4.7619047619047614e-05,-4.7619047619047614e-05,-4.7619047619047614e-05,-4.7619047619047614e-05
-4.7619047619047614e-05,-4.7619047619047614e-05,-4.7619047619047614e-05,-4.7619047619047614e-05
-4.7619047619047614e-05,-4.7619047619047614e-05,-4.7619047619047614e-05,-4.7619047619047614e-05
-4.7619047619047614e-05,-4.7619047619047614e-05,-4.7619047619047614e-05,-4.7619047619047614e-05
-4.7619047619047614e-05,-4.7619047619047614e-05,-4.7619047619047614e-05,-4.7619047619047614e-05
-4.7619047619047614e-05,-4.7619047619047614e-05,-4.7619047619047614e-05,-4.7619047619047614e-05
-4.7619047619047614e-05,-4.7619047619047614e-05,-4.7619047619047614e-05,-4.7619047619047614e-05
-4.7619047619047614e-05,-4.7619047619047614e-05,-4.7619047619047614e-05,-4.7619047619047614e-05
-4.7619047619047614e-05,-4.7619047619047614e-05,-4.7619047619047614e-05,-4.7619047619047614e-05
-4.7619047619047614e-05,-4.7619047619047614e-05,-4.7619047619047614e-05,-4.7619047619047614e-05
-4.7619047619047614e-05,-4.7619047619047614e-05,-4.7619047619047614e-05,-4.7619047619047614e-05
-4.7619047619047614e-05,-4.7619047619047614e-05,-4.7619047619047614e-05,-4.7619047619047614e-05
-4.7619047619047614e-05,-4.7619047619047614e-05,-4.7619047619047614e-05,-4.7619047619047614e-05
-4.7619047619047614e-05,-4.7619047619047614e-05,-4.7619047619047614e-05,-4.7619047619047614e-05
-4.7619047619047614e-05,-4.7619047619047614e-05,-4.7619047619047614e-05,-4.7619047619047614e-05
-4.7619047619047614e-05,-4.7619047619047614e-05,-4.7619047619047614e-05,-4.7619047619047614e-05
-4.7619047619047614e-05,-4.7619047619047614e-05,-4.7619047619047614e-05,-4.7619047619047614e-05
-4.7619047619047614e-05,-4.7619047619047614e-05,-4.7619047619047614e-05,-4.7619047619047614e-05
-4.7619047619047614e-05,-4.7619047619047614e-05,-4.7619047619047614e-05,-4.7619047619047614e-05
-4.7619047619047614e-05,-4.7619047619047614e-05,-4.7619047619047614e-05,-4.7619047619047614e-05
-4.7619047619047614e-05,-4.7619047619047614e-05,-4.7619047619047614e-05,-4.7619047619047614e-05
-4.7619047619047614e-05,-4.7619047619047614e-05,-4.7619047619047614e-05,-4.7619047619047614e-05
-4.7619047619047614e-05,-4.7619047619047614e-05,-4.7619047619047614e-05,-4.7619047619047614e-05
-4.7619047619047614e-05,-4.7619047619047614e-05,-4.7619047619047614e-05,-4.7619047619047614e-05
-4.7619047619047614e-05,-4.7619047619047614e-05,-4.7619047619047614e-05,-4.7619047619047614e-05
-4.7619047619047614e-05,-4.7619047619047614e-05,-4.7619047619047614e-05,-4.7619047619047614e-05
-4.7619047619047614e-05,-4.7619047619047614e-05,-4.7619047619047614e-05,-4.7619047619047614e-05
-4.7619047619047614e-05,-4.7619047619047614e-05,-4.7619047619047614e-05,-4.7619047619047614e-05
-4.7619047619047614e-05,-4.7619047619047614e-05,-4.7619047619047614e-05,-4.7619047619047614e-05
-4.7619047619047614e-05,-4.7619047619047614e-05,-4.7619047619047614e-05,-4.7619047619047614e-05
-4.7619047619047614e-05,-4.7619047619047614e-05,-4.7619047619047614e-05,-4.7619047619047614e-05
-4.7619047619047614e-05,-4.7619047619047614e-05,-4.7619047619047614e-05,-4.7619047619047614e-05
-4.7619047619047614e-05,-4.7619047619047614e-05,-4.7619047619047614e-05,-4.7619047619047614e-05
-4.7619047619047614e-05,-4.7619047619047614e-05,-4.7619047619047614e-05,-4.7619047619047614e-05
-4.7619047619047614e-05,-4.7619047619047614e-05,-4.7619047619047614e-05,-4.7619047619047614e-05
-4.7619047619047614e-05,-4.7619047619047614e-05,-4.7619047619047614e-05,-4.7619047619047614e-05
-4.7619047619047614e-05,-4.7619047619047614e-05,-4.7619047619047614e-05,-4.7619047619047614e-05
-4.7619047619047614e-05,-4.7619047619047614e-05,-4.7619047619047614e-05,-4.7619047619047614e-05
-4.7619047619047614e-05,-4.7619047619047614e-05,-4.7619047619047614e-05,-4.7619047619047614e-05
-4.7619047619047614e-05,-4.7619047619047614e-05,-4.7619047619047614e-05,-4.7619047619047614e-05
-4.7619047619047614e-05,-4.7619047619047614e-05,-4.7619047619047614e-05,-4.7619047619047614e-05
-4.7619047619047614e-05,-4.7619047619047614e-05,-4.7619047619047614e-05,-4.7619047619047614e-05
-4.7619047619047614e-05,-4.7619047619047614e-05,-4.7619047619047614e-05,-4.7619047619047614e-05
-4.7619047619047614e-05,-4.7619047619047614e-05,-4.7619047619047614e-05,-4.7619047619047614e-05
-4.7619047619047614e-05,-4.7619047619047614e-05,-4.7619047619047614e-05,-4.7619047619047614e-05
-4.7619047619047614e-05,-4.7619047619047614e-05,-4.7619047619047614e-05,-4.7619047619047614e-05
-4.7619047619047614e-05,-4.7619047619047614e-05,-4.7619047619047614e-05,-4.7619047619047614e-05
-4.7619047619047614e-05,-4.7619047619047614e-05,-4.7619047619047614e-05,-4.7619047619047614e-05
-4.7619047619047614e-05,-4.7619047619047614e-05,-4.7619047619047614e-05,-4.7619047619047614e-05
-4.7619047619047614e-05,-4.7619047619047614e-05,-4.7619047619047614e-05,-4.7619047619047614e-05
-4.7619047619047614e-05,-4.7619047619047614e-05,-4.7619047619047614e-05,-4.7619047619047614e-05
-4.7619047619047614e-05,-4.7619047619047614e-05,-4.7619047619047614e-05,-4.7619047619047614e-05
-4.7619047619047614e-05,-4.7619047619047614e-05,-4.7619047619047614e-05,-4.7619047619047614e-05
-4.7619047619047614e-05,-4.7619047619047614e-05,-4.7619047619047614e-05,-4.7619047619047614e-05
-4.7619047619047614e-05,-4.7619047619047614e-05,-4.7619047619047614e-05,-4.7619047619047614e-05
-4.7619047619047614e-05,-4.7619047619047614e-05,-4.7619047619047614e-05,-4.7619047619047614e-05
-4.7619047619047614e-05,-4.7619047619047614e-05,-4.7619047619047614e-05,-4.7619047619047614e-05
-4.7619047619047614e-05,-4.7619047619047614e-05,-4.7619047619047614e-05,-4.7619047619047614e-05
-4.7619047619047614e-05,-4.7619047619047614e-05,-4.7619047619047614e-05,-4.7619047619047614e-05
-4.7619047619047614e-05,-4.7619047619047614e-05,-4.7619047619047614e-05,-4.7619047619047614e-05
-4.7619047619047614e-05,-4.7619047619047614e-05,-4.7619047619047614e-05,-4.7619047619047614e-05
-4.7619047619047614e-05,-4.7619047619047614e-05,-4.7619047619047614e-05,-4.7619047619047614e-05
-4.7619047619047614e-05,-4.7619047619047614e-05,-4.7619047619047614e-05,-4.7619047619047614e-05
-4.7619047619047614e-05,-4.7619047619047614e-05,-4.7619047619047614e-05,-4.7619047619047614e-05
-4.7619047619047614e-05,-4.7619047619047614e-05,-4.7619047619047614e-05,-4.7619047619047614e-05
-4.7619047619047614e-05,-4.7619047619047614e-05,-4.7619047619047614e-05,-4.7619047619047614e-05
-4.7619047619047614e-05,-4.7619047619047614e-05,-4.7619047619047614e-05,-4.7619047619047614e-05
-4.7619047619047614e-05,-4.7619047619047614e-05,-4.7619047619047614e-05,-4.7619047619047614e-05
-4.7619047619047614e-05,-4.7619047619047614e-05,-4.7619047619047614e-05,-4.7619047619047614e-05
-4.7619047619047614e-05,-4.7619047619047614e-05,-4.7619047619047614e-05,-4.7619047619047614e-05
-4.7619047619047614e-05,-4.7619047619047614e-05,-4.7619047619047614e-05,-4.7619047619047614e-05
-4.7619047619047614e-05,-4.7619047619047614e-05,-4.7619047619047614e-05,-4.7619047619047614e-05
-4.7619047619047614e-05,-4.7619047619047614e-05,-4.7619047619047614e-05,-4.7619047619047614e-05
-4.7619047619047614e-05,-4.7619047619047614e-05,-4.7619047619047614e-05,-4.7619047619047614e-05
-4.7619047619047614e-05,-4.7619047619047614e-05,-4.7619047619047614e-05,-4.7619047619047614e-05
-4.7619047619047614e-05,-4.7619047619047614e-05,-4.7619047619047614e-05,-4.7619047619047614e-05
-4.7619047619047614e-05,-4.7619047619047614e-05,-4.7619047619047614e-05,-4.7619047619047614e-05
-4.7619047619047614e-05,-4.7619047619047614e-05,-4.7619047619047614e-05,-4.7619047619047614e-05
-4.7619047619047614e-05,-4.7619047619047614e-05,-4.7619047619047614e-05,-4.7619047619047614e-05
-4.7619047619047614e-05,-4.7619047619047614e-05,-4.7619047619047614e-05,-4.7619047619047614e-05
-4.7619047619047614e-05,-4.7619047619047614e-05,-4.7619047619047614e-05,-4.7619047619047614e-05
-4.7619047619047614e-05,-4.7619047619047614e-05,-4.7619047619047614e-05,-4.7619047619047614e-05
-4.7619047619047614e-05,-4.7619047619047614e-05,-4.7619047619047614e-05,-4.7619047619047614e-05
-4.7619047619047614e-05,-4.7619047619047614e-05,-4.7619047619047614e-05,-4.7619047619047614e-05
-4.7619047619047614e-05,-4.7619047619047614e-05,-4.7619047619047614e-05,-4.7619047619047614e-05
-4.7619047619047614e-05,-4.7619047619047614e-05,-4.7619047619047614e-05,-4.7619047619047614e-05
-4.7619047619047614e-05,-4.7619047619047614e-05,-4.7619047619047614e-05,-4.7619047619047614e-05
-4.7619047619047614e-05,-4.7619047619047614e-05,-4.7619047619047614e-05,-4.7619047619047614e-05
-4.7619047619047614e-05,-4.7619047619047614e-05,-4.7619047619047614e-05,-4.7619047619047614e-05
-4.7619047619047614e-05,-4.7619047619047614e-05,-4.7619047619047614e-05,-4.7619047619047614e-05
-4.7619047619047614e-05,-4.7619047619047614e-05,-4.7619047619047614e-05,-4.7619047619047614e-05
-4.7619047619047614e-05,-4.7619047619047614e-05,-4.7619047619047614e-05,-4.7619047619047614e-05
-4.7619047619047614e-05,-4.7619047619047614e-05,-4.7619047619047614e-05,-4.7619047619047614e-05
-4.7619047619047614e-05,-4.7619047619047614e-05,-4.7619047619047614e-05,-4.7619047619047614e-05
-4.7619047619047614e-05,-4.7619047619047614e-05,-4.7619047619047614e-05,-4.7619047619047614e-05
-4.7619047619047614e-05,-4.7619047619047614e-05,-4.7619047619047614e-05,-4.7619047619047614e-05
-4.7619047619047614e-05,-4.7619047619047614e-05,-4.7619047619047614e-05,-4.7619047619047614e-05
-4.7619047619047614e-05,-4.7619047619047614e-05,-4.7619047619047614e-05,-4.7619047619047614e-05
-4.7619047619047614e-05,-4.7619047619047614e-05,-4.7619047619047614e-05,-4.7619047619047614e-05
-4.7619047619047614e-05,-4.7619047619047614e-05,-4.7619047619047614e-05,-4.7619047619047614e-05
-4.7619047619047614e-05,-4.7619047619047614e-05,-4.7619047619047614e-05,-4.7619047619047614e-05
-4.7619047619047614e-05,-4.7619047619047614e-05,-4.7619047619047614e-05,-4.7619047619047614e-05
-4.7619047619047614e-05,-4.7619047619047614e-05,-4.7619047619047614e-05,-4.7619047619047614e-05
-4.7619047619047614e-05,-4.7619047619047614e-05,-4.7619047619047614e-05,-4.7619047619047614e-05
-4.7619047619047614e-05,-4.7619047619047614e-05,-4.7619047619047614e-05,-4.7619047619047614e-05
-4.7619047619047614e-05,-4.7619047619047614e-05,-4.7619047619047614e-05,-4.7619047619047614e-05
-4.7619047619047614e-05,-4.7619047619047614e-05,-4.7619047619047614e-05,-4.7619047619047614e-05
-4.7619047619047614e-05,-4.7619047619047614e-05,-4.7619047619047614e-05,-4.7619047619047614e-05
-4.7619047619047614e-05,-4.7619047619047614e-05,-4.7619047619047614e-05,-4.7619047619047614e-05
-4.7619047619047614e-05,-4.7619047619047614e-05,-4.7619047619047614e-05,-4.7619047619047614e-05
-4.7619047619047614e-05,-4.7619047619047614e-05,-4.7619047619047614e-05,-4.7619047619047614e-05
-4.7619047619047614e-05,-4.7619047619047614e-05,-4.7619047619047614e-05,-4.7619047619047614e-05
-4.7619047619047614e-05,-4.7619047619047614e-05,-4.7619047619047614e-05,-4.7619047619047614e-05
-4.7619047619047614e-05,-4.7619047619047614e-05,-4.7619047619047614e-05,-4.7619047619047614e-05
-4.7619047619047614e-05,-4.7619047619047614e-05,-4.7619047619047614e-05,-4.7619047619047614e-05
-4.7619047619047614e-05,-4.7619047619047614e-05,-4.7619047619047614e-05,-4.7619047619047614e-05
-4.7619047619047614e-05,-4.7619047619047614e-05,-4.7619047619047614e-05,-4.7619047619047614e-05
-4.7619047619047614e-05,-4.7619047619047614e-05,-4.7619047619047614e-05,-4.7619047619047614e-05
-4.7619047619047614e-05,-4.7619047619047614e-05,-4.7619047619047614e-05,-4.7619047619047614e-05
-4.7619047619047614e-05,-4.7619047619047614e-05,-4.7619047619047614e-05,-4.7619047619047614e-05
-4.7619047619047614e-05,-4.7619047619047614e-05,-4.7619047619047614e-05,-4.7619047619047614e-05
-4.7619047619047614e-05,-4.7619047619047614e-05,-4.7619047619047614e-05,-4.7619047619047614e-05
-4.7619047619047614e-05,-4.7619047619047614e-05,-4.7619047619047614e-05,-4.7619047619047614e-05
-4.7619047619047614e-05,-4.7619047619047614e-05,-4.7619047619047614e-05,-4.7619047619047614e-05
-4.7619047619047614e-05,-4.7619047619047614e-05,-4.7619047619047614e-05,-4.7619047619047614e-05
-4.7619047619047614e-05,-4.7619047619047614e-05,-4.7619047619047614e-05,-4.7619047619047614e-05
-4.7619047619047614e-05,-4.7619047619047614e-05,-4.7619047619047614e-05,-4.7619047619047614e-05
-4.7619047619047614e-05,-4.7619047619047614e-05,-4.7619047619047614e-05,-4.7619047619047614e-05
-4.7619047619047614e-05,-4.7619047619047614e-05,-4.7619047619047614e-05,-4.7619047619047614e-05
-4.7619047619047614e-05,-4.7619047619047614e-05,-4.7619047619047614e-05,-4.7619047619047614e-05
-4.7619047619047614e-05,-4.7619047619047614e-05,-4.7619047619047614e-05,-4.7619047619047614e-05
-4.7619047619047614e-05,-4.7619047619047614e-05,-4.7619047619047614e-05,-4.7619047619047614e-05
-4.7619047619047614e-05,-4.7619047619047614e-05,-4.7619047619047614e-05,-4.7619047619047614e-05
-4.7619047619047614e-05,-4.7619047619047614e-05,-4.7619047619047614e-05,-4.7619047619047614e-05
-4.7619047619047614e-05,-4.7619047619047614e-05,-4.7619047619047614e-05,-4.7619047619047614e-05
-4.7619047619047614e-05,-4.7619047619047614e-05,-4.7619047619047614e-05,-4.7619047619047614e-05
-4.7619047619047614e-05,-4.7619047619047614e-05,-4.7619047619047614e-05,-4.7619047619047614e-05
-4.7619047619047614e-05,-4.7619047619047614e-05,-4.7619047619047614e-05,-4.7619047619047614e-05
-4.7619047619047614e-05,-4.7619047619047614e-05,-4.7619047619047614e-05,-4.7619047619047614e-05
-4.7619047619047614e-05,-4.7619047619047614e-05,-4.7619047619047614e-05,-4.7619047619047614e-05
-4.7619047619047614e-05,-4.7619047619047614e-05,-4.7619047619047614e-05,-4.7619047619047614e-05
-4.7619047619047614e-05,-4.7619047619047614e-05,-4.7619047619047614e-05,-4.7619047619047614e-05
-4.7619047619047614e-05,-4.7619047619047614e-05,-4.7619047619047614e-05,-4.7619047619047614e-05
-4.7619047619047614e-05,-4.7619047619047614e-05,-4.7619047619047614e-05,-4.7619047619047614e-05
-4.7619047619047614e-05,-4.7619047619047614e-05,-4.7619047619047614e-05,-4.7619047619047614e-05
-4.7619047619047614e-05,-4.7619047619047614e-05,-4.7619047619047614e-05,-4.7619047619047614e-05
-4.7619047619047614e-05,-4.7619047619047614e-05,-4.7619047619047614e-05,-4.7619047619047614e-05
-4.7619047619047614e-05,-4.7619047619047614e-05,-4.7619047619047614e-05,-4.7619047619047614e-05
-4.7619047619047614e-05,-4.7619047619047614e-05,-4.7619047619047614e-05,-4.7619047619047614e-05
-4.7619047619047614e-05,-4.7619047619047614e-05,-4.7619047619047614e-05,-4.7619047619047614e-05
-4.7619047619047614e-05,-4.7619047619047614e-05,-4.7619047619047614e-05,-4.7619047619047614e-05
-4.7619047619047614e-05,-4.7619047619047614e-05,-4.7619047619047614e-05,-4.7619047619047614e-05
-4.7619047619047614e-05,-4.7619047619047614e-05,-4.7619047619047614e-05,-4.7619047619047614e-05
-4.7619047619047614e-05,-4.7619047619047614e-05,-4.7619047619047614e-05,-4.7619047619047614e-05
-4.7619047619047614e-05,-4.7619047619047614e-05,-4.7619047619047614e-05,-4.7619047619047614e-05
-4.7619047619047614e-05,-4.7619047619047614e-05,-4.7619047619047614e-05,-4.7619047619047614e-05
-4.7619047619047614e-05,-4.7619047619047614e-05,-4.7619047619047614e-05,-4.7619047619047614e-05
-4.7619047619047614e-05,-4.7619047619047614e-05,-4.7619047619047614e-05,-4.7619047619047614e-05
-4.7619047619047614e-05,-4.7619047619047614e-05,-4.7619047619047614e-05,-4.7619047619047614e-05
-4.7619047619047614e-05,-4.7619047619047614e-05,-4.7619047619047614e-05,-4.7619047619047614e-05
-4.7619047619047614e-05,-4.7619047619047614e-05,-4.7619047619047614e-05,-4.7619047619047614e-05
-4.7619047619047614e-05,-4.7619047619047614e-05,-4.7619047619047614e-05,-4.7619047619047614e-05
-4.7619047619047614e-05,-4.7619047619047614e-05,-4.7619047619047614e-05,-4.7619047619047614e-05
-4.7619047619047614e-05,-4.7619047619047614e-05,-4.7619047619047614e-05,-4.7619047619047614e-05
-4.7619047619047614e-05,-4.7619047619047614e-05,-4.7619047619047614e-05,-4.7619047619047614e-05
-4.7619047619047614e-05,-4.7619047619047614e-05,-4.7619047619047614e-05,-4.7619047619047614e-05
-4.7619047619047614e-05,-4.7619047619047614e-05,-4.7619047619047614e-05,-4.7619047619047614e-05
-4.7619047619047614e-05,-4.7619047619047614e-05,-4.7619047619047614e-05,-4.7619047619047614e-05
-4.7619047619047614e-05,-4.7619047619047614e-05,-4.7619047619047614e-05,-4.7619047619047614e-05
-4.7619047619047614e-05,-4.7619047619047614e-05,-4.7619047619047614e-05,-4.7619047619047614e-05
-4.7619047619047614e-05,-4.7619047619047614e-05,-4.7619047619047614e-05,-4.7619047619047614e-05
-4.7619047619047614e-05,-4.7619047619047614e-05,-4.7619047619047614e-05,-4.7619047619047614e-05
-4.7619047619047614e-05,-4.7619047619047614e-05,-4.7619047619047614e-05,-4.7619047619047614e-05
-4.7619047619047614e-05,-4.7619047619047614e-05,-4.7619047619047614e-05,-4.7619047619047614e-05
-4.7619047619047614e-05,-4.7619047619047614e-05,-4.7619047619047614e-05,-4.7619047619047614e-05
-4.7619047619047614e-05,-4.7619047619047614e-05,-4.7619047619047614e-05,-4.7619047619047614e-05
-4.7619047619047614e-05,-4.7619047619047614e-05,-4.7619047619047614e-05,-4.7619047619047614e-05
-4.7619047619047614e-05,-4.7619047619047614e-05,-4.7619047619047614e-05,-4.7619047619047614e-05
-4.7619047619047614e-05,-4.7619047619047614e-05,-4.7619047619047614e-05,-4.7619047619047614e-05
-4.7619047619047614e-05,-4.7619047619047614e-05,-4.7619047619047614e-05,-4.7619047619047614e-05
-4.7619047619047614e-05,-4.7619047619047614e-05,-4.7619047619047614e-05,-4.7619047619047614e-05
-4.7619047619047614e-05,-4.7619047619047614e-05,-4.7619047619047614e-05,-4.7619047619047614e-05
-4.7619047619047614e-05,-4.7619047619047614e-05,-4.7619047619047614e-05,-4.7619047619047614e-05
-4.7619047619047614e-05,-4.7619047619047614e-05,-4.7619047619047614e-05,-4.7619047619047614e-05
-4.7619047619047614e-05,-4.7619047619047614e-05,-4.7619047619047614e-05,-4.7619047619047614e-05
-4.7619047619047614e-05,-4.7619047619047614e-05,-4.7619047619047614e-05,-4.7619047619047614e-05
-4.7619047619047614e-05,-4.7619047619047614e-05,-4.7619047619047614e-05,-4.7619047619047614e-05
-4.7619047619047614e-05,-4.7619047619047614e-05,-4.7619047619047614e-05,-4.7619047619047614e-05
-4.7619047619047614e-05,-4.7619047619047614e-05,-4.7619047619047614e-05,-4.7619047619047614e-05
-4.7619047619047614e-05,-4.7619047619047614e-05,-4.7619047619047614e-05,-4.7619047619047614e-05
-4.7619047619047614e-05,-4.7619047619047614e-05,-4.7619047619047614e-05,-4.7619047619047614e-05
-4.7619047619047614e-05,-4.7619047619047614e-05,-4.7619047619047614e-05,-4.7619047619047614e-05
-4.7619047619047614e-05,-4.7619047619047614e-05,-4.7619047619047614e-05,-4.7619047619047614e-05
-4.7619047619047614e-05,-4.7619047619047614e-05,-4.7619047619047614e-05,-4.7619047619047614e-05
-4.7619047619047614e-05,-4.7619047619047614e-05,-4.7619047619047614e-05,-4.7619047619047614e-05
-4.7619047619047614e-05,-4.7619047619047614e-05,-4.7619047619047614e-05,-4.7619047619047614e-05
-4.7619047619047614e-05,-4.7619047619047614e-05,-4.7619047619047614e-05,-4.7619047619047614e-05
-4.7619047619047614e-05,-4.7619047619047614e-05,-4.7619047619047614e-05,-4.7619047619047614e-05
-4.7619047619047614e-05,-4.7619047619047614e-05,-4.7619047619047614e-05,-4.7619047619047614e-05
-4.7619047619047614e-05,-4.7619047619047614e-05,-4.7619047619047614e-05,-4.7619047619047614e-05
-4.7619047619047614e-05,-4.7619047619047614e-05,-4.7619047619047614e-05,-4.7619047619047614e-05
-4.7619047619047614e-05,-4.7619047619047614e-05,-4.7619047619047614e-05,-4.7619047619047614e-05
-4.7619047619047614e-05,-4.7619047619047614e-05,-4.7619047619047614e-05,-4.7619047619047614e-05
-4.7619047619047614e-05,-4.7619047619047614e-05,-4.7619047619047614e-05,-4.7619047619047614e-05
-4.7619047619047614e-05,-4.7619047619047614e-05,-4.7619047619047614e-05,-4.7619047619047614e-05
-4.7619047619047614e-05,-4.7619047619047614e-05,-4.7619047619047614e-05,-4.7619047619047614e-05
-4.7619047619047614e-05,-4.7619047619047614e-05,-4.7619047619047614e-05,-4.7619047619047614e-05
-4.7619047619047614e-05,-4.7619047619047614e-05,-4.7619047619047614e-05,-4.7619047619047614e-05
-4.7619047619047614e-05,-4.7619047619047614e-05,-4.7619047619047614e-05,-4.7619047619047614e-05
-4.7619047619047614e-05,-4.7619047619047614e-05,-4.7619047619047614e-05,-4.7619047619047614e-05
-4.7619047619047614e-05,-4.7619047619047614e-05,-4.7619047619047614e-05,-4.7619047619047614e-05
-4.7619047619047614e-05,-4.7619047619047614e-05,-4.7619047619047614e-05,-4.7619047619047614e-05
-4.7619047619047614e-05,-4.7619047619047614e-05,-4.7619047619047614e-05,-4.7619047619047614e-05
-4.7619047619047614e-05,-4.7619047619047614e-05,-4.7619047619047614e-05,-4.7619047619047614e-05
-4.7619047619047614e-05,-4.7619047619047614e-05,-4.7619047619047614e-05,-4.7619047619047614e-05
-4.7619047619047614e-05,-4.7619047619047614e-05,-4.7619047619047614e-05,-4.7619047619047614e-05
-4.7619047619047614e-05,-4.7619047619047614e-05,-4.7619047619047614e-05,-4.7619047619047614e-05
-4.7619047619047614e-05,-4.7619047619047614e-05,-4.7619047619047614e-05,-4.7619047619047614e-05
-4.7619047619047614e-05,-4.7619047619047614e-05,-4.7619047619047614e-05,-4.7619047619047614e-05
-4.7619047619047614e-05,-4.7619047619047614e-05,-4.7619047619047614e-05,-4.7619047619047614e-05
-4.7619047619047614e-05,-4.7619047619047614e-05,-4.7619047619047614e-05,-4.7619047619047614e-05
-4.7619047619047614e-05,-4.7619047619047614e-05,-4.7619047619047614e-05,-4.7619047619047614e-05
-4.7619047619047614e-05,-4.7619047619047614e-05,-4.7619047619047614e-05,-4.7619047619047614e-05
-4.7619047619047614e-05,-4.7619047619047614e-05,-4.7619047619047614e-05,-4.7619047619047614e-05
-4.7619047619047614e-05,-4.7619047619047614e-05,-4.7619047619047614e-05,-4.7619047619047614e-05
-4.7619047619047614e-05,-4.7619047619047614e-05,-4.7619047619047614e-05,-4.7619047619047614e-05
-4.7619047619047614e-05,-4.7619047619047614e-05,-4.7619047619047614e-05,-4.7619047619047614e-05
-4.7619047619047614e-05,-4.7619047619047614e-05,-4.7619047619047614e-05,-4.7619047619047614e-05
-4.7619047619047614e-05,-4.7619047619047614e-05,-4.7619047619047614e-05,-4.7619047619047614e-05
-4.7619047619047614e-05,-4.7619047619047614e-05,-4.7619047619047614e-05,-4.7619047619047614e-05
-4.7619047619047614e-05,-4.7619047619047614e-05,-4.7619047619047614e-05,-4.7619047619047614e-05
-4.7619047619047614e-05,-4.7619047619047614e-05,-4.7619047619047614e-05,-4.7619047619047614e-05
-4.7619047619047614e-05,-4.7619047619047614e-05,-4.7619047619047614e-05,-4.7619047619047614e-05
-4.7619047619047614e-05,-4.7619047619047614e-05,-4.7619047619047614e-05,-4.7619047619047614e-05
-4.7619047619047614e-05,-4.7619047619047614e-05,-4.7619047619047614e-05,-4.7619047619047614e-05
-4.7619047619047614e-05,-4.7619047619047614e-05,-4.7619047619047614e-05,-4.7619047619047614e-05
-4.7619047619047614e-05,-4.7619047619047614e-05,-4.7619047619047614e-05,-4.7619047619047614e-05
-4.7619047619047614e-05,-4.7619047619047614e-05,-4.7619047619047614e-05,-4.7619047619047614e-05
-4.7619047619047614e-05,-4.7619047619047614e-05,-4.7619047619047614e-05,-4.7619047619047614e-05
-4.7619047619047614e-05,-4.7619047619047614e-05,-4.7619047619047614e-05,-4.7619047619047614e-05
-4.7619047619047614e-05,-4.7619047619047614e-05,-4.7619047619047614e-05,-4.7619047619047614e-05
-4.7619047619047614e-05,-4.7619047619047614e-05,-4.7619047619047614e-05,-4.7619047619047614e-05
-4.7619047619047614e-05,-4.7619047619047614e-05,-4.7619047619047614e-05,-4.7619047619047614e-05
-4.7619047619047614e-05,-4.7619047619047614e-05,-4.7619047619047614e-05,-4.7619047619047614e-05
-4.7619047619047614e-05,-4.7619047619047614e-05,-4.7619047619047614e-05,-4.7619047619047614e-05
-4.7619047619047614e-05,-4.7619047619047614e-05,-4.7619047619047614e-05,-4.7619047619047614e-05
-4.7619047619047614e-05,-4.7619047619047614e-05,-4.7619047619047614e-05,-4.7619047619047614e-05
-4.7619047619047614e-05,-4.7619047619047614e-05,-4.7619047619047614e-05,-4.7619047619047614e-05
-4.7619047619047614e-05,-4.7619047619047614e-05,-4.7619047619047614e-05,-4.7619047619047614e-05
-4.7619047619047614e-05,-4.7619047619047614e-05,-4.7619047619047614e-05,-4.7619047619047614e-05
-4.7619047619047614e-05,-4.7619047619047614e-05,-4.7619047619047614e-05,-4.7619047619047614e-05
-4.7619047619047614e-05,-4.7619047619047614e-05,-4.7619047619047614e-05,-4.7619047619047614e-05
-4.7619047619047614e-05,-4.7619047619047614e-05,-4.7619047619047614e-05,-4.7619047619047614e-05
-4.7619047619047614e-05,-4.7619047619047614e-05,-4.7619047619047614e-05,-4.7619047619047614e-05
-4.7619047619047614e-05,-4.7619047619047614e-05,-4.7619047619047614e-05,-4.7619047619047614e-05
-4.7619047619047614e-05,-4.7619047619047614e-05,-4.7619047619047614e-05,-4.7619047619047614e-05
-4.7619047619047614e-05,-4.7619047619047614e-05,-4.7619047619047614e-05,-4.7619047619047614e-05
-4.7619047619047614e-05,-4.7619047619047614e-05,-4.7619047619047614e-05,-4.7619047619047614e-05
-4.7619047619047614e-05,-4.7619047619047614e-05,-4.7619047619047614e-05,-4.7619047619047614e-05
-4.7619047619047614e-05,-4.7619047619047614e-05,-4.7619047619047614e-05,-4.7619047619047614e-05
-0.0022549386083745623,-0.003361890819555234,-0.005569210380310749,-0.0022549386083745623
-0.05255938227643096,0.0430190587919948,-0.009492704436817117,-0.05255938227643096
-0.009316865728514593,-0.003980955089680225,-0.013250201770575771,-0.009316865728514593
-0.047320771086150355,0.07865193656598458,0.031378784527453275,-0.047320771086150355
-0.04380446696186639,0.049437463357771445,0.0056806154435240985,-0.04380446696186639
-0.01563181869591017,0.015245361057448161,-0.0003388385908429602,-0.01563181869591017
-0.0621408307007434,0.08557819506666998,0.02348498341354563,-0.0621408307007434
0.01242990731358599,0.0033835046251480274,0.015861030986353067,0.01242990731358599
0.09867506079266214,-0.12018011009208736,-0.021457430251806173,0.09867506079266214
-0.008623396060288228,-0.01751567398788809,-0.02609145100055727,-0.008623396060288228
-0.07310296396702355,0.09984753495811456,0.026792190038710056,-0.07310296396702355
0.04741865022131202,-0.035610363768079,0.01185590550085206,0.04741865022131202
-0.004699152435244621,-0.005461786043346924,-0.010113319430972498,-0.004699152435244621
0.04195660357906909,-0.03617374113249261,0.005830481494195529,0.04195660357906909
-0.03769316468959615,0.03657518401587446,-0.001070361626102649,-0.03769316468959615
-0.06469109794651262,0.05621334015362391,-0.008430138745269664,-0.06469109794651262
0.0013732172411211978,0.011829048670742855,0.0132498849594831,0.0013732172411211978
-0.03331666688407919,0.05653273175824787,0.02326368392178773,-0.03331666688407919
-0.033498867601755584,0.029903734156792344,-0.003547514397344195,-0.033498867601755584
0.11032318236678142,-0.10762000193678715,0.002750799477613307,0.11032318236678142
-0.005339633893376427,-0.014786774378048564,-0.020078789223805942,-0.005339633893376427
0.03673285066985654,-0.03570288287872769,0.0010775868387478947,0.03673285066985654
0.028255858941014424,-0.03662869730439678,-0.008325219315763311,0.028255858941014424
-0.010559386267472685,-0.011541009641048518,-0.02205277686090215,-0.010559386267472685
0.026401973664673794,-0.05186553907873039,-0.025415946366437552,0.026401973664673794
-0.0502768718762261,0.06587208842156252,0.015642835592955463,-0.0502768718762261
-0.04392038181309764,0.0732073810343494,0.029334618268870807,-0.04392038181309764
0.02836850771327305,-0.034955436547638906,-0.006539309786746811,0.02836850771327305
-0.011541625971823347,0.03574444555610496,0.024250438631900663,-0.011541625971823347
-0.0107860257635295,0.03774531144055474,0.02700690472464429,-0.0107860257635295
-0.04338292005207488,0.06683189597966795,0.023496594975212115,-0.04338292005207488
0.06726486295657783,-0.09286056352383863,-0.02554808151964176,0.06726486295657783
-0.044493089297391784,0.058019348789005484,0.013573878539232745,-0.044493089297391784
-0.01783340938044724,0.0361529210409195,0.018367130708091307,-0.01783340938044724
-0.002109768607087617,0.0027259949840747815,0.0006638454246062123,-0.002109768607087617
-0.06324896964422248,0.10091820948739032,0.03771685889078688,-0.06324896964422248
-0.06884533733711085,0.08726026478361314,0.018462546494121337,-0.06884533733711085
0.06209302686635593,-0.05759152253565948,0.004549123378315491,0.06209302686635593
0.047091666007933956,-0.10420391290915856,-0.05706462785360556,0.047091666007933956
0.009389805310968584,-0.016828045437697697,-0.007390621079110067,0.009389805310968584
0.026146230472096015,-0.04189363316661543,-0.01569978364690037,0.026146230472096015
0.00858216667598836,-0.0156228756255521,-0.006993089901944691,0.00858216667598836
-0.08874540245147416,0.1116942437137787,0.022996460309923583,-0.08874540245147416
0.03789434983100823,-0.035516325812127804,0.0024256430664994695,0.03789434983100823
0.015956698840023143,-0.03447774947913216,-0.01847343159148997,0.015956698840023143
-0.026795987465969947,0.04139534562083275,0.014646977202481851,-0.026795987465969947
0.04666589710582957,-0.04852805420417583,-0.0018145380507272129,0.04666589710582957
0.022302539958495536,-0.06254661288556704,-0.04019645387945245,0.022302539958495536
-0.02437996563883962,0.008768164040278097,-0.015564182550942477,-0.02437996563883962
0.013177936067912583,-0.04102044397092778,-0.027794888855396147,0.013177936067912583
-0.030394274790437693,0.04993884747171816,0.019592191728899512,-0.030394274790437693
0.013836027268071427,-0.028559083019540157,-0.014675436703849683,0.013836027268071427
-0.012039143535464484,0.028898469988239354,0.01690694550039392,-0.012039143535464484
0.05647985805593278,-0.059177578285851434,-0.002650101182299609,0.05647985805593278
-0.00674971725605474,-0.015182276452891167,-0.02188437466132686,-0.00674971725605474
-0.01927012338391869,0.00862280530891965,-0.010599699027379993,-0.01927012338391869
0.0034654415935726703,-0.007931120941473477,-0.004418060300281758,0.0034654415935726703
-0.0109369616329812,0.017223797873368533,0.006334455288006379,-0.0109369616329812
-0.00866566715008103,0.01404265672182163,0.00542460861935965,-0.00866566715008103
0.0012264360003718983,-0.012768228865238054,-0.011494173817247108,0.0012264360003718983
0.007138345121104218,-0.01721577968424234,-0.010029815515519078,0.007138345121104218
-0.0041400048861462025,0.027828244149333065,0.02373585831080591,-0.0041400048861462025
0.024526760526924107,-0.021938578426186035,0.002635801148357117,0.024526760526924107
0.013384626838220176,-0.018550793233594893,-0.00511854734775567,0.013384626838220176
0.01974638486269159,-0.04413720586595967,-0.024343201955649034,0.01974638486269159
-0.00441889514247368,-0.013509420938017352,-0.017880697032871984,-0.00441889514247368
-0.007020756571364953,-0.010985749249262381,-0.017958886773008286,-0.007020756571364953
-0.02672264010412847,0.027581882226572044,0.0009068611700626208,-0.02672264010412847
0.006490550481574198,-0.008786442305124887,-0.0022482727759316414,0.006490550481574198
-0.01890372437326579,0.013487337182177534,-0.005368768143469209,-0.01890372437326579
-0.016440931855164258,0.03299411642519512,0.016600803617649908,-0.016440931855164258
0.002514802473870365,0.004994453539352022,0.0075568750608414345,0.002514802473870365
-0.03600755048651754,0.05346389442889349,0.017503962989994994,-0.03600755048651754
0.00959433612912921,0.019385890003383765,0.029027845180132024,0.00959433612912921
0.01579703867655521,-0.010062503421515216,0.005782154302659042,0.01579703867655521
-0.049370730819351866,0.08743969784730705,0.038116586075574235,-0.049370730819351866
0.04833757456341311,-0.06969579380778448,-0.02131060019675233,0.04833757456341311
-0.022047053294839834,0.05764735250090557,0.03564791825368478,-0.022047053294839834
-0.0003202692489111641,-0.026299212908506737,-0.026571863109798855,-0.0003202692489111641
0.00872468238320728,0.010916563527401757,0.019688864958228088,0.00872468238320728
0.01563189988277046,-0.018661438013894464,-0.0029819190835049607,0.01563189988277046
0.03307997218956609,-0.058459287402764196,-0.025331696165579058,0.03307997218956609
-0.04012493610823759,0.052444060780486676,0.012366743719868128,-0.04012493610823759
-0.021994007299003547,0.044479917951395435,0.022533529700010935,-0.021994007299003547
-0.0005811794492917709,0.015560669032086019,0.015027108630413295,-0.0005811794492917709
0.02040667176034943,0.005552041061871961,0.02600633186984044,0.02040667176034943
-0.00039150161570996754,0.017895179143671332,0.017551296575580414,-0.00039150161570996754
0.010862096674314174,-0.024833679484506047,-0.013923963762572827,0.010862096674314174
0.022663384197480617,-0.07696948977690081,-0.054258486531801146,0.022663384197480617
0.0020528057992075083,-0.007930009258276647,-0.00582958441145009,0.0020528057992075083
-0.04375668393422965,0.08246868693525136,0.03875962204864076,-0.04375668393422965
0.005807230775203959,-0.023684918672154012,-0.017830068849331006,0.005807230775203959
0.006445072174144875,0.0037748987709367915,0.010267589992700714,0.006445072174144875
-0.016073836729474666,0.01129654429558046,-0.004729673386275159,-0.016073836729474666
-0.040480824982446546,0.0647321488536744,0.0242989429188469,-0.040480824982446546
-0.006346821584896982,0.027129404866216827,0.020830202328938893,-0.006346821584896982
-0.013201079022885207,0.04053652019193322,0.02738306021666706,-0.013201079022885207
-0.008168376057018135,0.032137727454964286,0.0240169704455652,-0.008168376057018135
-0.035440640727726166,0.019811218306058795,-0.015581803374048327,-0.035440640727726166
0.04337459973791557,-0.06986189339907595,-0.026439674613541332,0.04337459973791557
-0.02280484405396248,-0.011862604229902192,-0.034619829236245625,-0.02280484405396248
-0.015067697744148772,-0.0008995893055359172,-0.01591966800206564,-0.015067697744148772
-0.01824480220505937,0.043095579206698834,0.02489839604925851,-0.01824480220505937
-0.035397546210819884,0.06626721759969521,0.030917290436494375,-0.035397546210819884
-0.008559415030039224,-0.008971255477062031,-0.017483051459482205,-0.008559415030039224
0.020240015775317633,-0.03564104783471408,-0.0153534130117774,0.020240015775317633
-0.04473178856975095,0.07289061264639145,0.028206443124259545,-0.04473178856975095
0.00315956895953978,-0.0031446959808438145,6.249202631501306e-05,0.00315956895953978
-0.008757717290351638,0.004523233561511294,-0.004186864681221297,-0.008757717290351638
0.05636820463578347,-0.10430457139184852,-0.047888747708446006,0.05636820463578347
-0.0032588758886934305,0.004502845403142655,0.0012915885620682715,-0.0032588758886934305
0.037902611866367585,-0.07256514777049884,-0.03461491685651221,0.037902611866367585
0.010589786932705026,-0.016405519892102895,-0.005768113911778822,0.010589786932705026
-0.00759708064898003,-0.02357337661177851,-0.031122838213139492,-0.00759708064898003
0.03247770325011151,-0.033848887891897696,-0.0013235655941671392,0.03247770325011151
0.01578061824215287,-0.05229812101909977,-0.03646988372932786,0.01578061824215287
-0.013843230018127633,0.022464286731011526,0.008668675760502939,-0.013843230018127633
-0.01407010917280357,0.03768471343411874,0.02366222330893422,-0.01407010917280357
0.06253226673679745,-0.10712586120376726,-0.044545975419350764,0.06253226673679745
-0.02864581376378158,0.031554299772068535,0.0029561050559060013,-0.02864581376378158
0.011556230891066768,-0.0352206960260895,-0.023616846087403685,0.011556230891066768
0.022267765767128127,-0.03269470434819618,-0.010379319533449007,0.022267765767128127
-0.01769078951491323,0.031876612866399735,0.014233442399105551,-0.01769078951491323
-0.022502764014301103,0.05350419881129973,0.031049053844617674,-0.022502764014301103
0.023685650208064384,-0.03845649302266983,-0.014723223766986404,0.023685650208064384
0.016281694477268238,-0.02993943730920196,-0.013610123784314676,0.016281694477268238
0.02209643739985451,-0.04972711577086219,-0.027583059323388632,0.02209643739985451
0.01201765631081522,-0.020267108416119704,-0.008201833057685437,0.01201765631081522
-0.006783359314551286,0.016281667684258008,0.009545927417325767,-0.006783359314551286
-0.0223147498591032,0.028956274445908533,0.006689143634424378,-0.0223147498591032
0.005081475570335432,-0.015624631107752493,-0.010495536489798013,0.005081475570335432
0.061046833052280675,-0.06156189745107902,-0.0004674453511792991,0.061046833052280675
0.022725775498681378,-0.02940912402673284,-0.006635729480432417,0.022725775498681378
-0.023954843928861817,0.02760237167181774,0.0036951467905749686,-0.023954843928861817
0.009160048372984316,-0.028709910813458948,-0.019502243392855584,0.009160048372984316
0.019384204617528048,-0.034071490168449604,-0.014639666503302512,0.019384204617528048
0.005837715938033469,-0.024301590432754674,-0.018416255447102157,0.005837715938033469
-0.057022716040765364,0.07216766029269077,0.01519256329954445,-0.057022716040765364
0.028937984895414222,-0.045094496120937,-0.016108892177903733,0.028937984895414222
-0.004233503606254941,0.0013392356426366009,-0.0028466489159992927,-0.004233503606254941
0.018142936993756832,-0.006862827763759539,0.011327728277616338,0.018142936993756832
0.004661847826325574,-0.006794715834166519,-0.0020852489602218977,0.004661847826325574
-0.00960248555069915,0.02658048368422374,0.017025617181143635,-0.00960248555069915
-0.010195412397824438,0.010327291357078293,0.0001794980068729039,-0.010195412397824438
0.024512897282953642,-0.026139772201611216,-0.001579255871038529,0.024512897282953642
-0.0017496796254898384,0.009951837026754114,0.008249776448883323,-0.0017496796254898384
0.00503040626503776,-0.010831620935441716,-0.005753595622784907,0.00503040626503776
0.026319082177683327,-0.053647439968014785,-0.02728073874271241,0.026319082177683327
0.003796085735596263,-0.006862054900582132,-0.0030183501173668215,0.003796085735596263
0.00943826765882757,-0.03191041695604748,-0.022424530249600862,0.00943826765882757
-0.010830938842813446,0.01027725006486684,-0.000506069730327558,-0.010830938842813446
0.03083890314580815,-0.04134465867578012,-0.010458136482352923,0.03083890314580815
-0.022844949719827323,0.021401444429888054,-0.0013958862423202232,-0.022844949719827323
0.0016490548134080092,0.005984243935120993,0.00768091779614805,0.0016490548134080092
-0.02829250660575309,0.03623645812693981,0.007991570568805768,-0.02829250660575309
0.010023860870701416,-0.022299575409373107,-0.012228095491052644,0.010023860870701416
-0.008631624062408689,0.017349410700734497,0.008765405685944855,-0.008631624062408689
0.03579941066377392,-0.04117358941910929,-0.0053265597077163255,0.03579941066377392
-0.001377941426362764,-0.008303945821006159,-0.009634268199749876,-0.001377941426362764
-0.004856522147900618,-0.002947674304718566,-0.0077565774050001365,-0.004856522147900618
-0.0153438443591319,0.02569229763911353,0.010396072327600675,-0.0153438443591319
-0.0010963674440559244,0.000661334111896503,-0.0003874142845403738,-0.0010963674440559244
0.023900679206455087,-0.021263820967922044,0.002684477286152088,0.023900679206455087
-0.015879213016775893,0.00943035517392803,-0.006401238795228816,-0.015879213016775893
0.016446735421701154,-0.012272751709033393,0.004221602760286808,0.016446735421701154
0.011661126586274141,-0.022141929526279375,-0.010433183892386188,0.011661126586274141
0.02207790582800941,-0.02529966506913366,-0.003174140193505205,0.02207790582800941
0.005374123053834054,-0.003923181239164461,0.0014985608622886397,0.005374123053834054
-0.01407967159690896,0.02202844146954376,0.007996388920253847,-0.01407967159690896
0.01709246309875753,-0.015986132078588476,0.0011539500677880976,0.01709246309875753
0.0025790057960982976,0.007520358319104429,0.010146983162821773,0.0025790057960982976
-0.0026402938050910994,0.0032154137783388524,0.0006227390208668007,-0.0026402938050910994
0.0074400465746814635,-0.0017927160760238042,0.0056949495462767065,0.0074400465746814635
-0.00276874080587526,0.005339069774270139,0.0026179480160139264,-0.00276874080587526
0.0028685682323419076,-0.010694965245047011,-0.007778777965086055,0.0028685682323419076
-0.002438851283702132,-0.007691315599863423,-0.010082547835946507,-0.002438851283702132
-0.021072223145434842,0.02954524102523002,0.008520636927414222,-0.021072223145434842
-0.014960889232938342,0.016335374183096243,0.0014221039977769475,-0.014960889232938342
-0.000396684837707368,0.004995354414515657,0.004646288624427336,-0.000396684837707368
0.011860319878867239,-0.009906143531031357,0.0020017953954549303,0.011860319878867239
0.00641170578750023,-0.001937929298859442,0.004521395536259835,0.00641170578750023
-0.03240954262731128,0.033432068847413995,0.0010701452677217616,-0.03240954262731128
9.869365243024106e-05,-0.0017628319000387643,-0.0016165191999894756,9.869365243024106e-05
0.012958539259518937,-0.00459684451951944,0.008409313787618545,0.012958539259518937
0.017804489252418062,-0.021957657284249477,-0.004105548984212369,0.017804489252418062
-0.0004421628918728004,-0.002555388953287448,-0.0029499327975412008,-0.0004421628918728004
0.004047511953095971,-0.009260474675360796,-0.005165343674645777,0.004047511953095971
-0.006858426329085118,0.008415953946065957,0.0016051466645998868,-0.006858426329085118
0.011053776078940732,-0.008445044318674069,0.002656350807885712,0.011053776078940732
-0.025816648043173438,0.025724589467214325,-4.44395283400677e-05,-0.025816648043173438
0.000285192020949581,0.000458023271555817,0.0007908343401244456,0.000285192020949581
-0.018776400778518977,0.0293417508917815,0.010612969160881567,-0.018776400778518977
-0.004349896983988883,0.006507108046043918,0.0022048301096740815,-0.004349896983988883
0.0016473969771606163,-0.003803365607920343,-0.0021083495831406792,0.0016473969771606163
-0.004344060268443319,0.013451516351859484,0.009155075131035213,-0.004344060268443319
0.028229055346184175,-0.026898916023978574,0.001377758369824645,0.028229055346184175
0.0015326918313861887,-0.007449662699605759,-0.0058693518206005225,0.0015326918313861887
0.02715144038230282,-0.04192630569863648,-0.014727246268714614,0.02715144038230282
0.004767993343364599,-0.01663084939503882,-0.011815237004055177,0.004767993343364599
-0.002221560889897519,0.004249737075091433,0.0020757952328129613,-0.002221560889897519
0.004891593742211635,-0.011798314418430728,-0.0068591016286000455,0.004891593742211635
0.005288427259102322,0.00490555495544211,0.01024160126216348,0.005288427259102322
0.010443126514663862,0.003267756023754444,0.013758501586037353,0.010443126514663862
0.023128326421211137,-0.03252719661601726,-0.009351251147187078,0.023128326421211137
0.001208604559801329,-0.012466810372664243,-0.011210586765243866,0.001208604559801329
0.005417789749401706,-0.011780187185284693,-0.006314778388263939,0.005417789749401706
0.0026342693917685792,0.0040757687059137255,0.006757657145301352,0.0026342693917685792
-0.004867447665229824,0.00817661018921706,0.0033567815716062832,-0.004867447665229824
0.01295492516317428,-0.017075307122143713,-0.0040727629113503855,0.01295492516317428
-0.002125173069975051,-0.005213485244880134,-0.007291039267236138,-0.002125173069975051
0.015624768963497607,-0.019694532748386236,-0.004022144737269581,0.015624768963497607
0.012743454592280505,-0.007543806447826038,0.005247267192073516,0.012743454592280505
-0.0045143809866230135,-0.014292010279190233,-0.0187587722181942,-0.0045143809866230135
-0.006598131235602162,0.00498610893288105,-0.0015644032551020656,-0.006598131235602162
0.01454136458480426,-0.006935847579250758,0.00765313605317255,0.01454136458480426
-0.005557309016220814,-0.0019225627322294048,-0.00743225270083117,-0.005557309016220814
-0.006350335499838778,0.02077520645025049,0.014472489998030759,-0.006350335499838778
0.012892255963878128,-0.012333153834861499,0.000606721176635678,0.012892255963878128
0.009341195166957581,-0.010150716890403862,-0.0007619026758272324,0.009341195166957581
-0.013260800504037063,0.010648881207255607,-0.0025643002491624075,-0.013260800504037063
-0.028775166451857154,0.029355165383558462,0.0006276179793203531,-0.028775166451857154
0.0128421789037067,-0.010393043270242652,0.002496754681083097,0.0128421789037067
0.006549857715305517,-0.005659218401809715,0.0009382583611148485,0.006549857715305517
0.010593388404913272,-0.016385270282860336,-0.005744262830328017,0.010593388404913272
0.01908967819940873,-0.017441516240248207,0.001695781006779569,0.01908967819940873
-0.002891617878884935,-3.0420734430204725e-05,-0.002874419565696092,-0.002891617878884935
0.004693346779390444,-0.0003607525740345933,0.004380213252974898,0.004693346779390444
-0.000983844978888644,-0.005988533743798541,-0.006924759675068138,-0.000983844978888644
0.0009035967518062836,-0.004311630143940081,-0.00336041434451475,0.0009035967518062836
-0.0010756207029747734,-0.01129476400350145,-0.012322765658857175,-0.0010756207029747734
-0.0077025902915710326,0.012580290345523116,0.004925319101571132,-0.0077025902915710326
-0.02282702677371557,0.02319925338322668,0.0004198456571301531,-0.02282702677371557
-0.0020745602548275033,0.005218942722160645,0.0031920015149521893,-0.0020745602548275033
0.010628146144525166,-0.008709351670714465,0.001966413521429749,0.010628146144525166
0.012071290734756789,-0.01142942938937149,0.0006894803930043475,0.012071290734756789
0.0057494869964978,-0.01654524334182018,-0.010748137297703336,0.0057494869964978
0.006867252771878364,-0.00742243503538694,-0.0005075632158895288,0.006867252771878364
0.00838291940194105,-0.008188997570896979,0.0002415408786631203,0.00838291940194105
-0.004137947497362847,-0.00022000617911213546,-0.004310334628855935,-0.004137947497362847
0.00013347061491244966,-0.0045271059970825155,-0.004346016334551018,0.00013347061491244966
-0.004982127409885213,-0.010765364939535536,-0.015699873301801698,-0.004982127409885213
0.016573063628898533,-0.01673818067747455,-0.00011749800095697249,0.016573063628898533
0.0014113293822588153,-0.00318206136276448,-0.0017231129328866169,0.0014113293822588153
-0.0002413348952543261,-0.0016204780367033097,-0.0018141938843385882,-0.0002413348952543261
-0.00012966569312700121,0.012117884476642094,0.012035837831134141,-0.00012966569312700121
0.004869907237797064,-0.016819690166793123,-0.011902163881377013,0.004869907237797064
-0.010318498463300643,0.013758877620959481,0.0034879982052778862,-0.010318498463300643
-0.010065918966572317,0.02039450848115923,0.010376208562205958,-0.010065918966572317
-0.005126321201051186,0.0016045744405962055,-0.003474127712835933,-0.005126321201051186
0.021669812914490473,-0.018926337020535387,0.0027910949415741308,0.021669812914490473
0.0007283934559811488,0.0023773620203268743,0.003153374523927071,0.0007283934559811488
-0.003741642745569191,0.003022997642039888,-0.0006710260559102551,-0.003741642745569191
-0.030250761177861903,0.028478671410949608,-0.00172447071929325,-0.030250761177861903
-0.009354755434154708,0.007155419372031817,-0.002151717014503843,-0.009354755434154708
0.015153792128932229,-0.009212783692785831,0.005988627483765447,0.015153792128932229
0.007825072380963373,-0.014692129660155552,-0.00681943823157313,0.007825072380963373
-0.004886199419151101,-9.583420738046548e-05,-0.004934414578912518,-0.004886199419151101
0.007582541931816633,-0.007413327966830771,0.00021683301260490937,0.007582541931816633
0.00584573247098532,-0.0037985605441241506,0.002094790974480217,0.00584573247098532
0.006857753915196666,-0.00985702112502632,-0.002951648162210606,0.006857753915196666
-0.004665155579689722,0.005296000434147722,0.0006784639020770461,-0.004665155579689722
0.023292788859518843,-0.016754994430432227,0.006585413476705662,0.023292788859518843
0.0034938300948030537,-0.004993231552337114,-0.0014517824099150134,0.0034938300948030537
-0.013138999690008351,0.009740580106584244,-0.003350800535805059,-0.013138999690008351
0.014394405330815891,-0.012072839333682913,0.0023691850447520265,0.014394405330815891
0.00030379416847841386,0.008452973034007593,0.008804386250105054,0.00030379416847841386
-0.009082717694294326,0.008303171193908967,-0.0007319274527663104,-0.009082717694294326
0.00994490081679453,-0.01426314400552063,-0.004270624141107051,0.00994490081679453
-0.01649439392154484,0.013290875274276966,-0.003155899599648827,-0.01649439392154484
-0.008694887008754591,0.017880295372116863,0.009233027410981318,-0.008694887008754591
-0.011352986022777662,0.008510851191575476,-0.002794515783583138,-0.011352986022777662
-0.026407519257681682,0.029257256767926492,0.0028973565578638547,-0.026407519257681682
0.018562380682638883,-0.027544124210416555,-0.008934124480158628,0.018562380682638883
-0.03193056995762975,0.03901828813422509,0.007135337224214381,-0.03193056995762975
0.00683855740517967,0.0017738974781687123,0.008660073930967429,0.00683855740517967
0.004961509527053945,-0.010572801834225943,-0.00556367325955295,0.004961509527053945
0.0009441774949009757,0.009338948262475463,0.010330744804995486,0.0009441774949009757
0.023247737408751128,-0.01728825208149272,0.006007104374877454,0.023247737408751128
0.005128595111801104,-0.004786556148541454,0.00038965801087869614,0.005128595111801104
0.024600268863361408,-0.02175131918091599,0.0028965687300644646,0.024600268863361408
-0.0013698090923346818,0.004541053501792316,0.0032188634570766814,-0.0013698090923346818
0.010594122830349318,-0.017422401808247164,-0.006780659930278799,0.010594122830349318
-0.00999805087290003,0.0007461514095999762,-0.009204280415681006,-0.00999805087290003
0.0054539136481422425,-0.00411227745796769,0.0013892552377935993,0.0054539136481422425
0.015331844848092309,-0.018708163451123454,-0.0033286995554120988,0.015331844848092309
0.005863133026012782,-0.0034911041671283677,0.0024196479065034613,0.005863133026012782
0.0012306113283074638,-0.012650465099232799,-0.011372234723306287,0.0012306113283074638
-0.016522533374916316,0.01855145931947858,0.0020765449921813076,-0.016522533374916316
-0.0022853420868044153,0.0021580048895884834,-7.971814959688422e-05,-0.0022853420868044153
0.01428737037615684,-0.012550455300065549,0.00178453412371034,0.01428737037615684
-0.0021384223296957226,0.00185555634782201,-0.00023524693425466486,-0.0021384223296957226
0.008046701049954086,-0.004552416808656196,0.0035419032889169376,0.008046701049954086
-0.021134323558764323,0.020443383941550916,-0.0006433205695943619,-0.021134323558764323
0.0034148064805219003,-0.005746131193832056,-0.0022837056656911086,0.0034148064805219003
0.015112381676965195,-0.015782064285388493,-0.0006220635608042507,0.015112381676965195
0.003354006449974766,-0.005521868733277658,-0.0021202432356838452,0.003354006449974766
0.0006230903432737435,0.010759331472254764,0.011430040863147554,0.0006230903432737435
0.00508291814055811,-0.008005255478073783,-0.0028747182898966254,0.00508291814055811
0.004561769885939027,0.0013439991424323595,0.005953388075990434,0.004561769885939027
-0.0064137710295018285,0.006273555828162144,-9.259615372063767e-05,-0.0064137710295018285
0.007379469803835008,0.00026804852661330744,0.0076951373780673625,0.007379469803835008
0.009920280172400462,-0.0015373634885501948,0.008430535731469315,0.009920280172400462
0.004896624976332053,-0.008602813671354455,-0.003658569647403355,0.004896624976332053
0.007790710975324932,-0.00817942049744654,-0.00034109047450256056,0.007790710975324932
-0.0033583813289160772,0.00592025766523707,0.0026094953839400402,-0.0033583813289160772
0.007804646340923811,0.00022582821203135173,0.00807809360057421,0.007804646340923811
-0.010233840814943211,0.01017317365242926,-1.3048114894902038e-05,-0.010233840814943211
-0.0005087993284684629,-0.009370163446653866,-0.009831343727503281,-0.0005087993284684629
0.014832620702118363,-0.008897273607028569,0.005982966142708843,0.014832620702118363
0.006035534618138909,-0.0029214525416020637,0.003161701124155893,0.006035534618138909
0.0015219065041739263,-0.003865826287454652,-0.002296300735661678,0.0015219065041739263
0.008569402851814956,-0.007319014039745738,0.001298007859688265,0.008569402851814956
-0.0034870580609662432,-0.002156409589879449,-0.005595848603226644,-0.0034870580609662432
-0.010064917185809782,0.0012503964853488373,-0.008766901652841897,-0.010064917185809782
0.00243526961957137,-0.002055129638579946,0.0004277590286104714,0.00243526961957137
-0.014393250011850033,0.007271509770709694,-0.007074121193521291,-0.014393250011850033
0.021999450702493425,-0.01783489132273806,0.00421217842737441,0.021999450702493425
0.006430193955781711,-0.010153175992735405,-0.0036753629893346465,0.006430193955781711
0.0026287516643531315,-0.006880643121597826,-0.004204272409625647,0.0026287516643531315
0.005542911293357944,-0.014180910569661245,-0.008590380228684254,0.005542911293357944
0.005288194341112258,-0.002167354271152041,0.003168459117579264,0.005288194341112258
0.0040383520331661385,-0.007275858580006192,-0.0031898874992210067,0.0040383520331661385
-0.009079744379300703,0.00961239564402908,0.0005802703123474252,-0.009079744379300703
0.013421577096942286,-0.010988521232248015,0.0024806749123133195,0.013421577096942286
-6.845834721393356e-05,-0.0030719528343457723,-0.0030927921339406585,-6.845834721393356e-05
-0.010730811303375457,0.010731168164125001,4.797590836859306e-05,-0.010730811303375457
0.013224851723847046,-0.00979977810854104,0.003472692662925055,0.013224851723847046
-0.009518745525485954,0.006485904963765687,-0.002985221514101219,-0.009518745525485954
-0.016277885458432464,0.01628696001673802,5.669360592460091e-05,-0.016277885458432464
-0.026250261290201894,0.014667596605955669,-0.011535045636627179,-0.026250261290201894
0.0026184891104883107,-0.004675096682455956,-0.0020089885243485977,0.0026184891104883107
-0.007363116294920627,0.00732047934340424,4.982096102659875e-06,-0.007363116294920627
0.0037878323786088865,-0.009154608151603186,-0.005319156725375251,0.0037878323786088865
-0.01750484115217956,0.007235022950809841,-0.010222199153750675,-0.01750484115217956
-0.015901800835702657,0.01277817880172453,-0.0030760029863590803,-0.015901800835702657
0.018776617045404242,-0.01712332742890793,0.0017009086641153561,0.018776617045404242
0.0038336644370002043,-0.010854705333652062,-0.006973421849032809,0.0038336644370002043
-0.012019793455880905,0.005280010049603341,-0.006692164358658516,-0.012019793455880905
-0.03508383569503042,0.033280373642895995,-0.0017558430045153824,-0.03508383569503042
0.003697977005676243,-0.006592287108110697,-0.0028466910548154067,0.003697977005676243
-0.0022610514505937112,0.008128862766503406,0.005915430363528744,-0.0022610514505937112
0.013733994978671676,-0.011708653752345612,0.0020729602739451122,0.013733994978671676
0.004223628857669132,0.0028296031638426465,0.007100851069130826,0.004223628857669132
0.011104720868277074,-0.011133228660348654,1.9111255547467804e-05,0.011104720868277074
0.0013257196386394037,0.0023212943910763516,0.003694633077334803,0.0013257196386394037
0.022476663557857178,-0.019538241508966013,0.00298604109651021,0.022476663557857178
0.003839473587472381,-0.0025362318746792534,0.0013508607604121752,0.003839473587472381
0.0024691827027665046,-0.005869276272485848,-0.003352474522100296,0.0024691827027665046
0.004562527229816527,-0.006794074296034167,-0.0021839280185985926,0.004562527229816527
0.0027307336775488356,0.0031694202059149965,0.0059477729310828805,0.0027307336775488356
-0.01360264776412371,0.016285779099170693,0.00273075038266603,-0.01360264776412371
0.010218608743677209,-0.008049879465732374,0.0022163483255638835,0.010218608743677209
-0.0052139857860322705,0.0028231897492336433,-0.00234317698917958,-0.0052139857860322705
0.005976738379304612,-0.0006099418263044011,0.005414415600619258,0.005976738379304612
0.0156238810482806,-0.013912679764019721,0.0017588203318799262,0.0156238810482806
0.006863335247484682,-0.0034911624481588507,0.0034197918469448785,0.006863335247484682
0.001442469329698367,-0.005686930482588407,-0.0041968421052709926,0.001442469329698367
0.003399860271454707,-0.005038436497798917,-0.0015909571787251628,0.003399860271454707
0.01769269423101197,-0.014871372374015712,0.0028689409046153036,0.01769269423101197
-0.00278029586871252,-0.003806811061598818,-0.00653948788269229,-0.00278029586871252
0.003600949245569655,-0.001452458804723936,0.0021961094884647664,0.003600949245569655
0.007559200669444696,-0.00669855486547015,0.0009082648515935927,0.007559200669444696
0.009322094130294877,-0.0047221444977717944,0.0046475686801421305,0.009322094130294877
-0.0034738242046394832,0.0024892190442246465,-0.0009369861127957891,-0.0034738242046394832
-0.008694244073775916,0.00010000166753339998,-0.00854662335862347,-0.008694244073775916
0.012425753069928309,-0.004581543297561405,0.007891828819985952,0.012425753069928309
0.008378850272106874,-0.002827128838385661,0.0055993404813402614,0.008378850272106874
-0.01200105546261144,-0.005220067214865478,-0.01717350362985787,-0.01200105546261144
-0.009397621109940139,0.0028619831531318933,-0.006488018909189197,-0.009397621109940139
0.009119131282802322,-0.002445122348852919,0.0067216279815684515,0.009119131282802322
0.009658586390633191,-0.010066686817457475,-0.0003604813792052355,0.009658586390633191
-0.0030925703722215507,0.007681178016667617,0.004636226692065115,-0.0030925703722215507
-0.008029835581164444,0.007427843756711946,-0.0005543727768334505,-0.008029835581164444
0.0008984661851226613,-0.00021933548926599117,0.0007267497434757178,0.0008984661851226613
0.006624652887012104,-0.008659938894701876,-0.001987666960070724,0.006624652887012104
0.0014960770877251422,0.00047696399437449036,0.0020206601297186803,0.0014960770877251422
-0.0030489021343549213,0.0017713315817499441,-0.0012299515049859296,-0.0030489021343549213
0.006420603868038216,-0.0023286682681313976,0.004139554647525866,0.006420603868038216
0.012259793800056823,-0.002489259286309098,0.009818153561366772,0.012259793800056823
0.005973557184201192,0.0025722624327514728,0.00859343866457171,0.005973557184201192
-0.00475424328621679,0.0021071678427851156,-0.002599456395812627,-0.00475424328621679
-0.0025742656667023483,-0.002514264702481142,-0.005040911321564442,-0.0025742656667023483
0.005877684993842431,-0.008026742913639558,-0.002101438872178079,0.005877684993842431
0.004338731067313613,-0.0015312769999816036,0.0028550731149510566,0.004338731067313613
-0.000938485578694449,-0.0006380778859830374,-0.0015289444170584387,-0.000938485578694449
0.014497986476058546,-0.005504527311279918,0.009041078212397675,0.014497986476058546
-0.002258544002106386,0.003117018718355755,0.0009060937638684166,-0.002258544002106386
-0.017062293559233974,0.009976783498319835,-0.007037891013295093,-0.017062293559233974
-0.002792202548607353,-0.004068149534544077,-0.006812733035532381,-0.002792202548607353
0.013334232679585148,-0.008883088543556532,0.004498763183647665,0.013334232679585148
0.0073396432880206254,0.0016146416928889049,0.009001904028528577,0.0073396432880206254
0.013965357038405575,-0.004016157909369191,0.009996818176655431,0.013965357038405575
0.012840530688509717,-0.009135127471670522,0.003753022264458244,0.012840530688509717
-0.00430549198379441,0.00756206030630683,0.003304187370131467,-0.00430549198379441
-0.024388951261295703,0.02246731806517573,-0.0018740141485009284,-0.024388951261295703
0.0009650757456678904,-0.00818726227446049,-0.007174567481173551,0.0009650757456678904
0.029779093578726584,-0.007167638711920449,0.022659073914425183,0.029779093578726584
-0.020555419380412884,0.008549349676390382,-0.011958450656403455,-0.020555419380412884
0.01251582997668668,-0.010784276830558588,0.001779172193747141,0.01251582997668668
-0.03405678659879703,0.027359757456605672,-0.006649410094572314,-0.03405678659879703
-0.01005922396593056,0.002057606406075641,-0.007953998512235872,-0.01005922396593056
-0.03823242920955233,0.025422149496050612,-0.012762660665882676,-0.03823242920955233
-0.017447488959870118,0.010996358741909495,-0.006403511170341576,-0.017447488959870118
0.05222734495042585,-0.03662934676935079,0.015645617228694106,0.05222734495042585
0.0063937068409599665,0.006425822134971683,0.012867148023550696,0.0063937068409599665
0.02536220342517622,-0.01899553650348303,0.006414285969312236,0.02536220342517622
-0.011420805787745765,0.007785447871480405,-0.0035877388686463125,-0.011420805787745765
-0.026139938076621065,0.017719340258618006,-0.008372978770384015,-0.026139938076621065
-0.0018571480295945754,0.0003169537108660003,-0.0014925752711095275,-0.0018571480295945754
-0.020706286605803988,0.007952082313531006,-0.012706585244653935,-0.020706286605803988
-0.006804075371626367,-0.0002630482377360097,-0.007019504561743329,-0.006804075371626367
-0.04492185693674096,0.03642643376020655,-0.008447804128915362,-0.04492185693674096
0.01729489671952274,-0.017504981394649444,-0.00016246562750765875,0.01729489671952274
-0.020948067278357053,0.01752890663088633,-0.0033715415998516788,-0.020948067278357053
0.0032287207304832243,0.005430771916851506,0.008707111694953777,0.0032287207304832243
-0.0061335654315872465,0.006387358791814052,0.0003014124078458522,-0.0061335654315872465
0.05098975381483031,-0.03771300764450148,0.013324365217947878,0.05098975381483031
-0.007415235688346201,0.011713836766209197,0.004346220125482044,-0.007415235688346201
-0.023197428962455843,0.015791791688862772,-0.007358018225974026,-0.023197428962455843
0.028141532464867235,-0.02134794548080819,0.006841206031678092,0.028141532464867235
0.004378050608270367,-0.002616793283125475,0.0018088763727639391,0.004378050608270367
-0.04165250918099796,0.03398575342250317,-0.00761913671087574,-0.04165250918099796
-0.011889562088495363,0.012114482456254301,0.0002725394153779864,-0.011889562088495363
0.013334230431279919,-0.007996128544404398,0.0053857209344945695,0.013334230431279919
-0.005234660628403619,0.002337108575663409,-0.0028499330051211633,-0.005234660628403619
0.03269952364202759,-0.029951712230083787,0.00279543045956285,0.03269952364202759
0.005759874087498182,-0.005805255494780084,2.2376403371452997e-06,0.005759874087498182
0.001793967124665074,-0.00025641927795665284,0.001585166894327469,0.001793967124665074
0.027671618921371332,-0.024162428199873076,0.003556809769117301,0.027671618921371332
-0.0018577656217520367,0.004333041552927379,0.00252289497879439,-0.0018577656217520367
0.00024687107462845464,0.002196391055821579,0.002490881178069081,0.00024687107462845464
-0.0012994684105075004,0.00022594429069555539,-0.0010259050721928974,-0.0012994684105075004
-0.004133664718461432,0.004815460314421528,0.0007294146435791421,-0.004133664718461432
-0.014453950024190894,0.014380068552770041,-2.6262423801804807e-05,-0.014453950024190894
-0.002007119762267777,-0.0007873048045354005,-0.00274680551918413,-0.002007119762267777
-0.021182863498297143,0.01667908417980545,-0.004456160270872649,-0.021182863498297143
0.006659944120662276,-0.0070938368825928435,-0.00038627371431152044,0.006659944120662276
0.00014369220083359268,0.003792621764382922,0.003983933012835563,0.00014369220083359268
-0.03419127088939194,0.033425264582623,-0.0007183872591498912,-0.03419127088939194
-0.014961100567182351,0.00732960951986597,-0.0075838719996973334,-0.014961100567182351
-0.007329012111396626,0.004394304247917799,-0.00288708881585978,-0.007329012111396626
-0.011398988659307671,0.004385473968283914,-0.0069658956434047094,-0.011398988659307671
0.0036285071306383864,-0.002528771858825537,0.001147354319431897,0.0036285071306383864
0.03762195612078962,-0.028496620908909486,0.009172954259499178,0.03762195612078962
0.009648332066455483,-0.015556769062944205,-0.005860817948869674,0.009648332066455483
0.01650836537819882,-0.011434102076561228,0.00512188234925664,0.01650836537819882
-0.0035654104751241386,0.0014778599503631762,-0.002039931477141915,-0.0035654104751241386
0.01925257312341544,-0.01602204450151728,0.0032781476695172064,0.01925257312341544
-0.00516169941736401,0.00047051110576574106,-0.0046435692639792215,-0.00516169941736401
-0.0027707418956508666,0.00027106238850762036,-0.0024520604595241985,-0.0027707418956508666
-0.03479501486849956,0.027796330798151532,-0.0069510650227289856,-0.03479501486849956
0.00216057254708953,-0.004489221142891348,-0.002281029548182771,0.00216057254708953
0.012040052991878448,-0.011703121816550482,0.0003845502229470146,0.012040052991878448
-0.015472638595926382,0.016194652377274812,0.0007696328289674777,-0.015472638595926382
0.028274503406108507,-0.02291236943937282,0.005409753014354732,0.028274503406108507
0.0063257889120874634,-0.01353780522787127,-0.007164397268164759,0.0063257889120874634
0.01869097912918055,-0.01737462161479533,0.0013639765620042676,0.01869097912918055
0.0043255634390578345,0.001829283484147249,0.006202465970824131,0.0043255634390578345
-0.011773272996772196,0.01015867020431889,-0.0015669837448342573,-0.011773272996772196
-0.004086746408874241,0.0007581479810935095,-0.0032809793801616845,-0.004086746408874241
-0.0025545523090560345,-0.0015233122552658534,-0.004030245516702839,-0.0025545523090560345
0.01941536223935683,-0.022604606966579493,-0.0031416256796036163,0.01941536223935683
-0.010100059658695627,0.004200686628621601,-0.005851753982454978,-0.010100059658695627
-0.008262098875244492,-0.00895239231896979,-0.017166872146595232,-0.008262098875244492
0.0027849021069344844,-0.0034551262005983415,-0.0006226050460448095,0.0027849021069344844
-0.0013332380856351668,-0.00013666385711111708,-0.0014222828951272362,-0.0013332380856351668
0.010977861245828134,-0.006169611182020854,0.004855869111426328,0.010977861245828134
-0.013174053292322706,0.0123364476310443,-0.0007899866136593567,-0.013174053292322706
-0.03585520400497231,0.031484058755848914,-0.00432352620150435,-0.03585520400497231
-0.009868133944921365,-0.0004051582466878703,-0.010225673143990187,-0.009868133944921365
0.00024294006075478055,0.0012500580984456146,0.0015406172068194428,0.00024294006075478055
0.002977998887284508,-0.00032936607312879294,0.0026962518617747624,0.002977998887284508
0.013212089155360365,-0.01506738005402716,-0.001807671851047746,0.013212089155360365
0.0028029041582803386,-0.001818989712251553,0.0010315334936478334,0.0028029041582803386
-0.019663905893882776,0.019054858469374356,-0.0005614283768893744,-0.019663905893882776
-0.007075112158032734,0.004038383380171757,-0.00298910973024193,-0.007075112158032734
-0.008269758726805677,0.0019260303569160388,-0.006296109322270589,-0.008269758726805677
-0.01814757605399443,0.011822321018771629,-0.006277635987603753,-0.01814757605399443
0.005369475232345967,-0.0033979643727347123,0.0020191299072303023,0.005369475232345967
-0.008376520359317019,0.01033141513216391,0.0020025138204659396,-0.008376520359317019
0.022462668299336214,-0.014488169164605649,0.008022118182349611,0.022462668299336214
-0.020453804971700254,0.01762626376372414,-0.00277992216035707,-0.020453804971700254
-0.000801513944235655,-0.0006483181725485677,-0.0014022130691651751,-0.000801513944235655
0.027357673569200963,-0.03214818136263872,-0.004742888745818714,0.027357673569200963
0.009860579159664472,-0.010840798251591212,-0.0009326000443076912,0.009860579159664472
0.008336198593496507,-0.011234138490399373,-0.002850320849283818,0.008336198593496507
-0.013105830996828296,0.013089288163492693,3.107621428344529e-05,-0.013105830996828296
0.0060934464917732295,-0.004356443982898095,0.0017846215564941812,0.0060934464917732295
0.002696642658274727,-0.0008687153118806725,0.001875546394013102,0.002696642658274727
0.0031849336495590338,-0.0051258929383977535,-0.0018933402412196726,0.0031849336495590338
0.01247790862031774,-0.012099666073025341,0.00042586159491144653,0.01247790862031774
0.004899823082353937,0.0009556157530167429,0.005903057882989728,0.004899823082353937
0.0023861048105415215,-0.005437325910330548,-0.003003602052169979,0.0023861048105415215
-0.003308014522259457,0.0031259842244354937,-0.00013441125020491587,-0.003308014522259457
-0.00036692184296142753,-0.0034924345638557867,-0.003811737359198167,-0.00036692184296142753
0.01609925008891776,-0.019216554284987673,-0.0030696851484508666,0.01609925008891776
-0.004559412564798383,0.009313485030141865,0.0048016915129625295,-0.004559412564798383
-0.0029358899462298927,0.007788715808207111,0.004900444909596266,-0.0029358899462298927
-0.008751624284526534,0.011770117887396334,0.0030661126504888483,-0.008751624284526534
0.02345693069605479,-0.027130001741426504,-0.0036254519977526683,0.02345693069605479
-0.003855966568616655,0.006521868306216816,0.0027135207852192083,-0.003855966568616655
0.005627685990028213,-0.01156134197203664,-0.005886036934389378,0.005627685990028213
0.0019342076177768495,0.0015279603135996476,0.0035097869789955448,0.0019342076177768495
-0.006289513952230736,0.0008995894007069836,-0.005342305503904705,-0.006289513952230736
0.0006062406452634049,-0.007466172604508487,-0.006812312911626034,0.0006062406452634049
-0.009889053636770015,0.007172919875344676,-0.0026685147138062917,-0.009889053636770015
0.02436032475183838,-0.01865898624742396,0.005748957552033466,0.02436032475183838
-0.004064871435206629,0.00018642646993837598,-0.0038308259176492057,-0.004064871435206629
-0.0019056532182621139,0.0012196768237523155,-0.0006383573468907507,-0.0019056532182621139
0.010332522472850377,-0.0039907791771452185,0.006389362343324207,0.010332522472850377
0.003781611621162618,0.0006549155001405447,0.004484146168922211,0.003781611621162618
0.004656707202510547,-0.004725987781135018,-2.1661531005424142e-05,0.004656707202510547
0.009335474674271527,-0.006219168882918283,0.0031639248389722916,0.009335474674271527
-0.0014935262491603792,0.008125606913453447,0.006679699711912116,-0.0014935262491603792
0.0059284396761507124,0.004933417281315252,0.010909476005085012,0.0059284396761507124
0.0017613188745024505,-0.012141315951090739,-0.010332378028969242,0.0017613188745024505
-0.01592289677235651,0.01480574319860134,-0.0010695345261361243,-0.01592289677235651
0.010127678119793235,-0.009963153407320673,0.00021214376009161135,0.010127678119793235
0.0003893394356575225,0.0036485190250436215,0.004085477508320192,0.0003893394356575225
0.0020529655579939045,0.00010799068681299512,0.002208575292425947,0.0020529655579939045
0.008509443896216969,-0.00016563710300111122,0.008391425840834906,0.008509443896216969
-0.0060388165055203415,0.0025922853181215033,-0.003398912139779791,-0.0060388165055203415
-0.003957315106437777,-0.00045992944963677137,-0.004369625508455501,-0.003957315106437777
0.005570720546370391,-0.003158119580863454,0.002460220013125984,0.005570720546370391
0.0026884964756847675,-0.00030325788724013534,0.0024328576360636797,0.0026884964756847675
-0.0009536740309247755,0.0011378136456815585,0.00023175866237583063,-0.0009536740309247755
0.011539105510922599,-0.006484921376998262,0.005101803181543385,0.011539105510922599
0.005293328930012887,-0.0038713162161504375,0.0014696317614814967,0.005293328930012887
0.017873561957168924,-0.018382243832569763,-0.000461062827781794,0.017873561957168924
0.0013070968826500665,-0.004989142262541418,-0.003634426332272304,0.0013070968826500665
0.0001356574290426302,0.000982967934810392,0.0011662444114720698,0.0001356574290426302
-0.014733827465452022,0.009361494492811893,-0.00532471392502108,-0.014733827465452022
0.004583676540827222,-0.007689857180106398,-0.0030585615916601297,0.004583676540827222
0.0003011494660434108,0.008213575710249048,0.008562344223911507,0.0003011494660434108
-0.014567863056927177,0.009425353438542332,-0.005094890570765796,-0.014567863056927177
-0.0007729984680777045,0.00315906717217659,0.002433687751717933,-0.0007729984680777045
-0.019645021630524284,0.018318357651896607,-0.0012790449310086326,-0.019645021630524284
0.0005319440797230758,0.0016877962564237734,0.0022673593837658967,0.0005319440797230758
0.01286950767854113,-0.010341196950099692,0.0025759297760604865,0.01286950767854113
0.0019271162958971466,-0.0044018943787187325,-0.0024271590352025387,0.0019271162958971466
-0.0007056950533565132,0.005697143564508377,0.005039067558770911,-0.0007056950533565132
-0.01417302733816769,0.012298944551011753,-0.0018264637395368883,-0.01417302733816769
0.016659746598934665,-0.013355754382420714,0.003351611264132998,0.016659746598934665
-0.007559139746089196,0.006909025822374634,-0.0006024948760955154,-0.007559139746089196
0.0005739618871435212,-0.00042603903923289115,0.00019554189552967765,0.0005739618871435212
-0.0055577971493218446,0.00611812996997537,0.0006079518682725721,-0.0055577971493218446
0.022802510433124142,-0.02425044090612963,-0.001400311425386444,0.022802510433124142
0.013206111905630955,-0.014627127276535954,-0.0013733963232859503,0.013206111905630955
0.00575171707469722,-0.002630545176329578,0.003168790945986689,0.00575171707469722
-0.0058708629952715224,-0.004628509001480386,-0.010451752949132862,-0.0058708629952715224
0.005372213311170808,-0.0013635756524868,0.004056256706303055,0.005372213311170808
-0.0010557532702515399,-0.005242616206788923,-0.006250750429421415,-0.0010557532702515399
0.004067055738058718,-0.004859553972351433,-0.0007448791866736678,0.004067055738058718
0.00626454836294012,-0.007890961547929683,-0.0015787941373705153,0.00626454836294012
-0.0006758629809919146,-0.0014706213061418854,-0.0020988652395147523,-0.0006758629809919146
-0.005810505503290959,0.0006080839974822665,-0.005154802458189645,-0.005810505503290959
-0.004866292084364377,0.001716632658853518,-0.0031020403778918115,-0.004866292084364377
0.0032483599503950757,-0.005926634891978043,-0.00263065589396392,0.0032483599503950757
-0.0024576456647380745,-0.003057818498432604,-0.005467845115551631,-0.0024576456647380745
0.006073480583938707,-0.0006183506125658695,0.005502749018991886,0.006073480583938707
0.007145765728632389,-0.008757200173341828,-0.001563815397090392,0.007145765728632389
0.002851515715205549,-0.005951936884850867,-0.0030528021220262705,0.002851515715205549
-0.0008369109138504373,0.0013271852223876626,0.0005378933561562729,-0.0008369109138504373
0.0008968618138214522,-0.0031783997814585825,-0.0022339189200180827,0.0008968618138214522
-0.0014955176964094206,-0.0018041375265751003,-0.0032520361753654733,-0.0014955176964094206
0.0038275880792753027,-0.0050942811209242845,-0.0012190739940299345,0.0038275880792753027
-0.001867917667910379,0.0024230240860058988,0.0006027254657145673,-0.001867917667910379
-0.0014708362203809352,-0.0008967498869066145,-0.002319967059668502,-0.0014708362203809352
0.011030182785091623,-0.010422215538555312,0.0006555862941553599,0.011030182785091623
-0.0051237829093886515,0.001396329388200685,-0.0036798344735689196,-0.0051237829093886515
0.009800138808799243,-0.004807235308392232,0.005040522548026059,0.009800138808799243
-0.0032090117550761573,-0.0002787366021642797,-0.0034401293096213894,-0.0032090117550761573
-0.0014125169635898045,0.0026941464054156573,0.0013292484894449005,-0.0014125169635898045
0.0037312172231535943,0.0016210360530806327,0.005399872323853275,0.0037312172231535943
0.006557707403947434,-0.005853312944957325,0.0007520135066091554,0.006557707403947434
0.01455283613468812,-0.012673885382328495,0.0019265697999786735,0.01455283613468812
0.002576824978116124,-0.0015978451031806093,0.0010265989225545621,0.002576824978116124
0.008605970719947545,-0.0050434725983538285,0.0036101171692127644,0.008605970719947545
0.004659680013878895,-0.005387219215320673,-0.0006799201538227316,0.004659680013878895
-0.021045019752516717,0.011414503646726616,-0.009582897058171055,-0.021045019752516717
-0.006857235445210541,-0.002531666825124361,-0.009341283222715855,-0.006857235445210541
0.00534528372402811,-0.002967428838105622,0.0024254739335415353,0.00534528372402811
0.005729374877018317,-0.006211968142121092,-0.00043497421748372794,0.005729374877018317
-0.003950563099194504,-0.0005886985869639866,-0.004491642638539442,-0.003950563099194504
0.011560698755540354,-0.0007310399439014425,0.01087727785925796,0.011560698755540354
0.009041508715465834,-0.0026830897700744357,0.006406037993010447,0.009041508715465834
-0.02329833119222533,0.01711052835055496,-0.006140183794051326,-0.02329833119222533
0.010008712731657815,-0.007472186159718814,0.002584145619558049,0.010008712731657815
0.023438948687630953,-0.01800189878723239,0.0054846689480176096,0.023438948687630953
-0.0016538277332881276,0.004869013235434593,0.0032628045497655124,-0.0016538277332881276
-0.0007065410489471834,-0.0008731185239048019,-0.0015320405252329376,-0.0007065410489471834
0.0018392747320318625,-0.0027510323082159545,-0.0008641385285650444,0.0018392747320318625
0.005140759716988218,-0.008075116551882002,-0.0028867377872747366,0.005140759716988218
0.00421538973173593,-0.00442065478002451,-0.0001576460006695334,0.00421538973173593
0.001299748811080552,0.0028200041836727247,0.004167372042372324,0.001299748811080552
0.0031607794465435884,0.0007139174457446196,0.003922315939907256,0.0031607794465435884
0.008588812930475507,-0.0023675516124377132,0.006268880365656842,0.008588812930475507
0.006244861443709617,-0.003178362477523406,0.003114118013805258,0.006244861443709617
-0.005608310577785646,0.0033359678905988247,-0.002224723639567774,-0.005608310577785646
0.007373177957762107,-0.00990029304171152,-0.0024794960363303657,0.007373177957762107
0.005222008848625738,-0.004132957504767735,0.0011366703914770493,0.005222008848625738
0.0001502262074604246,-0.0007191675666942042,-0.000521322311614732,0.0001502262074604246
-0.030038710221211223,0.016320846926997642,-0.013670244246594536,-0.030038710221211223
-0.006529573751580801,0.005348377265828952,-0.0011335774381328024,-0.006529573751580801
0.001676689186220196,-0.0010095792053688493,0.0007147290284703942,0.001676689186220196
0.018089068431789784,-0.007560974419620758,0.010575713059788073,0.018089068431789784
0.0051364561601797715,-0.008183697620038429,-0.0029996224122396096,0.0051364561601797715
-0.017634012843795004,0.013375060077296046,-0.004211333718879911,-0.017634012843795004
0.007812524817232052,0.0013494599553508198,0.00920960382020192,0.007812524817232052
0.02511934916967396,-0.017252506906454235,0.00791446131083877,0.02511934916967396
0.0020713030570064152,0.006951645304540165,0.009070567409165627,0.0020713030570064152
-0.015313552116463977,0.008525460633695464,-0.006740472435149463,-0.015313552116463977
0.009343740713675497,-0.008272868012394486,0.0011184917489000597,0.009343740713675497
-0.00918060099340813,0.0010217392112331998,-0.008111242734555883,-0.00918060099340813
-0.025103766228488048,0.015057563603296553,-0.009998583577572448,-0.025103766228488048
0.006756383141833927,-0.007345606703832984,-0.0005416045143800106,0.006756383141833927
-0.004751067705436417,0.007385774802356748,0.002682326144539378,-0.004751067705436417
-0.015348366505584918,0.012698235195209418,-0.002602512262756451,-0.015348366505584918
-0.016948891862738083,0.015042917594049755,-0.0018583552210692813,-0.016948891862738083
0.014696365378759065,-0.012394937328850898,0.002349047097527216,0.014696365378759065
0.0004506795411977942,-0.007909517798726905,-0.0074112192099100626,0.0004506795411977942
0.02084905479209343,-0.012120815873620738,0.00877585796609174,0.02084905479209343
-0.005559583647687689,-0.0013349729521966328,-0.006846937552265274,-0.005559583647687689
0.011969848799694942,-0.0004340747973494829,0.011583393049964507,0.011969848799694942
0.012092813370065833,-0.0042096804581668815,0.007930751959517998,0.012092813370065833
0.004000089362187635,-0.0012015896178218185,0.0028461187919848635,0.004000089362187635
-0.0014544096977909449,0.0025423467878325115,0.0011355561376606143,-0.0014544096977909449
0.008835275812538054,-0.0010579341477492568,0.007824960712407845,0.008835275812538054
0.00761094443969153,-0.009844256866269994,-0.002185693378959416,0.00761094443969153
-0.003421427468793989,0.0006914525297045199,-0.0026823558914704218,-0.003421427468793989
0.009203572992495312,-0.003043398023927311,0.006207794016187049,0.009203572992495312
0.002970436482702042,-0.0006324956989392844,0.002385559831381805,0.002970436482702042
-0.00045553074841539096,0.0002569964346389959,-0.0001509152661573475,-0.00045553074841539096
-0.0008541559134691202,-0.007736906849580029,-0.008543443715430102,-0.0008541559134691202
-0.008762976888818198,0.0035802079824689003,-0.0051351498587302495,-0.008762976888818198
-0.00808209864767594,0.0025851039029596797,-0.005449375697097212,-0.00808209864767594
-0.007158307598159899,0.003075563240757714,-0.004035125309783138,-0.007158307598159899
-0.007377308705155762,0.0031857634449405175,-0.004143926212596197,-0.007377308705155762
-0.0004698160358720179,0.002070855047205169,0.0016486580589521987,-0.0004698160358720179
0.0015044788652441362,-0.0027536608013044076,-0.0012015628884412238,0.0015044788652441362
0.002397284964946255,-0.004864576046145601,-0.002419672033580299,0.002397284964946255
-0.015165191628215405,0.011316647469579322,-0.003800925111017034,-0.015165191628215405
0.005778450542643725,-0.007193193367483887,-0.0013671237772211148,0.005778450542643725
0.015550551884260513,-0.014625454221316194,0.0009727167105633675,0.015550551884260513
0.011066236616314815,-0.0028851106161054928,0.00822874504782837,0.011066236616314815
-0.0014116269082748724,0.0009758790658006386,-0.0003881287948551862,-0.0014116269082748724
0.007446297616313008,-0.00970760466887721,-0.002213688004945155,0.007446297616313008
0.0028710242679529435,-0.004804551204709638,-0.0018859078891376472,0.0028710242679529435
0.0031104172340307625,-0.007322986623421372,-0.004164950341771562,0.0031104172340307625
0.0035293322170078787,-0.0013092097015286513,0.0022677415630982752,0.0035293322170078787
-0.003571305218494781,0.002044710671362106,-0.0014789754995136275,-0.003571305218494781
-0.006696379286491402,0.0002511865425146272,-0.006397573696357728,-0.006696379286491402
-0.008706502236190333,0.004708691179312456,-0.003950192009258829,-0.008706502236190333
-0.009611287207784291,0.00804329014366058,-0.0015203780165046628,-0.009611287207784291
0.0119956350426539,-0.0028418146446433368,0.009201439445629612,0.0119956350426539
0.008661866761880669,-0.004196552456987639,0.004512933352512078,0.008661866761880669
0.00961043964698087,-0.007764082233730588,0.0018939764608693296,0.00961043964698087
-0.015213852907165254,0.007548836217719588,-0.0076173976418266185,-0.015213852907165254
0.0052686064279195925,-0.007646588719147495,-0.002330363243608856,0.0052686064279195925
-0.008636582652962998,0.005770382781968241,-0.0028185808233757094,-0.008636582652962998
-0.009118587611444304,0.003917846333314522,-0.005153122230510734,-0.009118587611444304
0.00021878969198740886,-0.0010250273420341132,-0.0007586186024276568,0.00021878969198740886
0.010404327256633861,-0.005679628725735017,0.004772317578517892,0.010404327256633861
0.004343441526538285,0.0015075164837200867,0.005898577057877419,0.004343441526538285
-0.009381352392123963,0.009925343894351095,0.0005916105498461805,-0.009381352392123963
-0.014525398503708799,0.011735813700107569,-0.0027419657559821817,-0.014525398503708799
-0.0002873716564338615,0.0013481252859002474,0.0011083726770854336,-0.0002873716564338615
0.004339226527026605,-0.0016507933514815667,0.002736052223164086,0.004339226527026605
0.006877151933167588,-0.004450657434437184,0.0024741135463494505,0.006877151933167588
0.0069504224270886435,-0.005812310573378622,0.0011857309013290685,0.0069504224270886435
0.008176956057914748,-0.011025940107642586,-0.0028013650021087885,0.008176956057914748
-0.025428267885356508,0.027268641895952555,0.0018879930582150922,-0.025428267885356508
-0.001646850925613244,0.0011309054329057483,-0.0004683264450884481,-0.001646850925613244
-0.00884450334907624,0.011496187339434435,0.0026993030379772434,-0.00884450334907624
-0.014696115307965657,0.01262283198887703,-0.002025664271469579,-0.014696115307965657
0.004251498819185978,0.0015340079127673341,0.0058331257795723596,0.004251498819185978
-0.005908148557600648,0.005973097765559454,0.00011256825557785227,-0.005908148557600648
0.011418311510367379,-0.004906877163409981,0.006559053394576446,0.011418311510367379
-0.01880202782609192,0.01015649165591926,-0.008597917122553613,-0.01880202782609192
0.0012225454657527398,-0.0016043554197040439,-0.0003341909063322565,0.0012225454657527398
0.018557717605452155,-0.016516790651009194,0.0020885460020620057,0.018557717605452155
-0.020367929456472613,0.01604398003874985,-0.004276330370103718,-0.020367929456472613
-0.0019506305485579238,-0.0006706286293675453,-0.0025736401303064213,-0.0019506305485579238
0.0008486168146844363,-0.0029175970964970847,-0.002021361234193601,0.0008486168146844363
0.008393576293516983,-0.004428657048732006,0.004012538292404025,0.008393576293516983
0.017246937494590928,-0.01399005949718772,0.0033044970450222537,0.017246937494590928
-0.007540878051113479,0.006058573274313736,-0.001434685729180696,-0.007540878051113479
-0.006581033510380871,0.007406229207854211,0.0008728147450923862,-0.006581033510380871
-0.013194099393237254,0.007214076959254615,-0.0059324033863635914,-0.013194099393237254
0.01050664825629795,-0.003565495290749756,0.006988772013167243,0.01050664825629795
0.013720275590533586,-0.011571844335697693,0.0021960503024549415,0.013720275590533586
0.009415389362662412,-0.010977572393304477,-0.0015145639830230167,0.009415389362662412
0.0030342648961896577,-0.004839371692202095,-0.0017574877483933905,0.0030342648961896577
0.015275566592045457,-0.011770007219219121,0.0035531784204453844,0.015275566592045457
-0.00031740715648870396,0.0025652399343312838,0.0022954518254616274,-0.00031740715648870396
0.0036500372391222546,0.0023104558431569764,0.006008112129898279,0.0036500372391222546
0.009905840330820074,-0.014188981767131988,-0.0042355223886928655,0.009905840330820074
-0.006055588796501755,0.009205862899470264,0.003197893150587557,-0.006055588796501755
-0.02049785207392619,0.016693737423230017,-0.0037564956030771263,-0.02049785207392619
-0.0031886272476900914,0.005600097026604896,0.002459088826533852,-0.0031886272476900914
0.002702949331788483,-0.001636169935818986,0.0011143984435885448,0.002702949331788483
-0.004389520961525329,0.005531555955763396,0.0011896540418571138,-0.004389520961525329
0.0031939235941595965,-0.0015025101076207039,0.0017390325341579403,0.0031939235941595965
-0.010280927902012777,0.015339079704999585,0.0051057708506058565,-0.010280927902012777
0.022301259675954265,-0.012073905015881002,0.010274973707692309,0.022301259675954265
0.0035908027026225406,-0.003965300000700117,-0.000326878250458529,0.0035908027026225406
0.012083962463121005,-0.015879974398507968,-0.0037483928877679157,0.012083962463121005
-0.0006379844434505745,-0.005550896506147523,-0.00614126190197905,-0.0006379844434505745
-0.008422462296573027,0.008196861186956393,-0.00017798206199758556,-0.008422462296573027
-0.0033324484904052334,0.006865567574527927,0.003580738131741741,-0.0033324484904052334
-0.026567355703143634,0.016911520303403385,-0.009608216352121205,-0.026567355703143634
0.0028772649320042572,0.008510681821413894,0.011435565801037198,0.0028772649320042572
-0.0074497214724937545,0.004689419589802669,-0.002712682835072039,-0.0074497214724937545
-0.005582879526361246,0.003928547311789345,-0.001606713166952854,-0.005582879526361246
-0.02366027036356929,0.029799312952226143,0.006186661636275899,-0.02366027036356929
0.002338652581945391,-0.01190631740542041,-0.009520045775855973,0.002338652581945391
-0.055957625713842184,0.04686259532610381,-0.009047411340119329,-0.055957625713842184
0.0002072077650017157,0.016334164415331302,0.016588991227952064,0.0002072077650017157
-0.07444280114570326,0.06342620758466744,-0.010968974513416775,-0.07444280114570326
0.05646404288353823,-0.05576775127293139,0.0007439106582258826,0.05646404288353823
-0.04597060164986349,0.057086353867549317,0.011163371265304872,-0.04597060164986349
0.04290615815306295,-0.05455259811698438,-0.011598820916302386,0.04290615815306295
0.008103551370634903,-0.003800001283413341,0.004351169134840611,0.008103551370634903
0.029315231905000485,-0.031199424981220088,-0.0018365740286005578,0.029315231905000485
-0.011191590358394909,0.01187351487596872,0.0007295435651928591,-0.011191590358394909
0.004483266645095627,-0.0012223370391552235,0.0033085486535594506,0.004483266645095627
-0.04601895253543782,0.04697586716249973,0.0010045336746809575,-0.04601895253543782
-0.020655891524532996,0.011186537592064727,-0.009421734884849223,-0.020655891524532996
0.0026716300799555013,0.0013002901291497475,0.004019539256724297,0.0026716300799555013
0.03466706249012207,-0.03320448427261526,0.0015101972651258553,0.03466706249012207
0.013777980180132574,-0.016610587358076374,-0.0027849881303247527,0.013777980180132574
-0.017605128900405446,0.011704520220548856,-0.005852989632237542,-0.017605128900405446
0.015887001621667448,-0.012917793060119297,0.0030168276091671977,0.015887001621667448
0.029107706198855297,-0.0448931767614136,-0.015737851514939255,0.029107706198855297
0.001510676699138873,-0.0026256157922996837,-0.0010673200455417631,0.001510676699138873
0.009547072071344134,-0.002745756278341734,0.006848934840621448,0.009547072071344134
-0.012140122707030524,0.016334582338316844,0.004242078678905367,-0.012140122707030524
-0.023883752709428916,0.03586449841545398,0.012028364753644107,-0.023883752709428916
-0.005188205131992805,0.02278812486327076,0.017647538778897003,-0.005188205131992805
0.027601468017785118,-0.03899151762072231,-0.011342430555318148,0.027601468017785118
-0.013623096079293845,0.01624385706890259,0.0026683800372277904,-0.013623096079293845
-0.027035821260866014,0.033019173651686634,0.006030971438439665,-0.027035821260866014
0.006961467366883202,-0.0042955867354725,0.002713499679029748,0.006961467366883202
0.009525768719163386,-0.00784210239916613,0.0017312853676163032,0.009525768719163386
0.012970640502385581,-0.014918192665421732,-0.001899933115417102,0.012970640502385581
0.017593182049764747,-0.022326269079042865,-0.004685467981659073,0.017593182049764747
0.003957315251121279,0.0005731235670479607,0.004578057865788287,0.003957315251121279
-0.01278489351389703,0.023862972439491145,0.011125697973213161,-0.01278489351389703
-0.006686718298197728,0.010867324489178567,0.004228225238599887,-0.006686718298197728
-0.029334338632417405,0.02776378372269077,-0.001522935862107591,-0.029334338632417405
-0.03522037901721468,0.03409472010334517,-0.0010780398662504644,-0.03522037901721468
0.003103162369313831,-0.010778680838035192,-0.007627899421102312,0.003103162369313831
0.018745028109821312,-0.030859042400721088,-0.012066395243280731,0.018745028109821312
0.009761010777571674,-0.01345388967211027,-0.0036452598469195476,0.009761010777571674
-0.02182409114076386,0.02822663537221336,0.006450163279068547,-0.02182409114076386
0.007783335287960402,-0.006186097472261082,0.001644856863318367,0.007783335287960402
-0.02714287773241338,0.02068066975344056,-0.006414588931353775,-0.02714287773241338
-0.03517172635844074,0.048260997788885554,0.013136890478063856,-0.03517172635844074
0.03469344181760408,-0.026354523960925733,0.008386536904297392,0.03469344181760408
0.028593578609440024,-0.019380689698826767,0.009260507958232302,0.028593578609440024
0.020283996579843967,-0.03328486296156516,-0.012953247334102148,0.020283996579843967
-0.01631115821367645,0.025592105249056606,0.0093285660829992,-0.01631115821367645
0.03707902528747176,-0.036382828709313746,0.0007438156257770626,0.03707902528747176
0.001471003646848876,-0.011206604952963177,-0.009687982258495254,0.001471003646848876
0.011592657337675031,-0.012436289593337408,-0.0007960132080433286,0.011592657337675031
-0.003388223943982273,0.008032714174758938,0.0046921092783957135,-0.003388223943982273
0.019046693996200473,-0.009252729099023322,0.009841583944796197,0.019046693996200473
-0.02523687837169167,0.016091990297877976,-0.00909726902619465,-0.02523687837169167
0.022600281406196944,-0.03196244035658425,-0.009314539902768261,0.022600281406196944
-0.011972314220256105,0.013563624644548215,0.001638929471911159,-0.011972314220256105
0.010552896273535855,-0.003818828369207142,0.006781686951947761,0.010552896273535855
0.02286142972145926,-0.024009451856279854,-0.0011004030872015492,0.02286142972145926
0.011284226710630537,-0.022521777888184158,-0.011189932129934575,0.011284226710630537
-0.02259912099944501,0.020740320398778107,-0.0018111815530478573,-0.02259912099944501
0.020393533444668693,-0.01822743766880054,0.0022137148234871993,0.020393533444668693
0.0360348550168958,-0.05472800522589518,-0.018645531161380333,0.0360348550168958
-0.0024219314421629347,-0.00836142791402567,-0.010735740308569558,-0.0024219314421629347
-0.023708059037817954,0.034562310415418206,0.010901870425219297,-0.023708059037817954
-0.03704427456522344,0.03539699240524827,-0.0015996631123561269,-0.03704427456522344
0.02798050131910085,-0.0217548320794307,0.006273288287289197,0.02798050131910085
0.019523672259914988,-0.01626474414736682,0.0033065471601672115,0.019523672259914988
-0.004279683384003367,0.009097900775379199,0.0048658364389948805,-0.004279683384003367
0.001873284327453808,-0.008334333442168919,-0.0064134300670960626,0.001873284327453808
0.002746683882244927,-0.014453140333522184,-0.01165883740365821,0.002746683882244927
-0.047808459330288114,0.04196822313007664,-0.005792617152592426,-0.047808459330288114
0.010731699748108347,-0.012766262903884962,-0.0019869441081575667,0.010731699748108347
0.017021221693735017,-0.019167602931844233,-0.0020987621904901706,0.017021221693735017
-0.01751580868870241,0.010885708850901118,-0.006582480790182243,-0.01751580868870241
0.003163508891437467,-0.003919406985797144,-0.0007082790467406296,0.003163508891437467
-0.023772552025546432,0.013139140240057117,-0.010585792737870268,-0.023772552025546432
-0.02461682830481798,0.014265868381171446,-0.010303340876027488,-0.02461682830481798
0.0020900105263514292,-0.002830401337295254,-0.0006927717633247771,0.0020900105263514292
-0.01993777117024588,0.0249873540931001,0.005097201970473266,-0.01993777117024588
-0.0009040172232429627,0.009300749795854652,0.008444351620230738,-0.0009040172232429627
-0.02791349203854707,0.024223383732121056,-0.003642489258806969,-0.02791349203854707
-0.006528688685728487,0.0010007958938427811,-0.005480273744266659,-0.006528688685728487
0.035058519832156666,-0.029347167617337022,0.00575897126243869,0.035058519832156666
-0.004669688349099541,0.0003034584684962566,-0.004318610832984237,-0.004669688349099541
0.048505971945287725,-0.04948194814114911,-0.000928357148242341,0.048505971945287725
-0.006596354435626898,0.005931965981416708,-0.0006167694065911428,-0.006596354435626898
0.00086889149534592,-0.00493957652354984,-0.004023065980584872,0.00086889149534592
0.014270751817185331,-0.013579418838511827,0.000738952026292553,0.014270751817185331
1.0427741831295516e-06,-0.005593760513009403,-0.005545098691207226,1.0427741831295516e-06
0.0036807477949550066,0.0004588177542603198,0.0041871845968343745,0.0036807477949550066
-0.02380337210584042,0.029414627825390102,0.005658874767168728,-0.02380337210584042
0.02572685912601502,-0.019604494141505006,0.006169984032129059,0.02572685912601502
-0.012760520463141082,0.02157512057481988,0.008862219159297843,-0.012760520463141082
-0.008618159706866482,0.012682292034353993,0.00411175137510656,-0.008618159706866482
-0.012008007814705996,0.009276175874185076,-0.002684212892901872,-0.012008007814705996
0.005168473574758694,-0.004629843520365982,0.0005862491020117585,0.005168473574758694
0.0032331048262179505,-0.0029831795493738974,0.00029754432446310076,0.0032331048262179505
-0.013680565147751853,0.018188176781214094,0.004555230681081288,-0.013680565147751853
0.03072977690314817,-0.038662813944317885,-0.00788541799355067,0.03072977690314817
0.0027396990719304373,-0.005869560849248006,-0.003082242729698522,0.0027396990719304373
0.009265636508607083,-0.014849693511431868,-0.0055364379552057365,0.009265636508607083
0.006993958957949274,-0.005755607720664876,0.001285970284903445,0.006993958957949274
0.0049136592482204,-0.0007656100293208617,0.0041956682665185855,0.0049136592482204
-0.014534214958591841,0.01854864411844848,0.0040620482074756855,-0.014534214958591841
0.011097534584171686,-0.01460632706550653,-0.003461173433715795,0.011097534584171686
-0.0037163199112397976,-0.000600102619316003,-0.004268803482936753,-0.0037163199112397976
0.009590046756388946,-0.0243351785277303,-0.014697512723722307,0.009590046756388946
-0.0026402673486811174,0.005351938360458425,0.0027592900593963548,-0.0026402673486811174
-0.001073446470367898,-0.006895365962568371,-0.007921193385317223,-0.001073446470367898
-0.002338687211947515,0.002528301946094288,0.00023723378176582083,-0.002338687211947515
-0.0009446428440427794,-0.004488966417479276,-0.0053859902139030075,-0.0009446428440427794
0.012601391494487807,-0.018832332469436334,-0.00618332192732948,0.012601391494487807
-0.0013983340166492829,-0.0004816021557987496,-0.0018323171248289848,-0.0013983340166492829
0.002942919891814869,-0.005359414012193721,-0.0023688750727598046,0.002942919891814869
-0.0018603132831847445,0.004300104361471037,0.0024874101259053398,-0.0018603132831847445
0.000636007241431789,-0.004508515905772104,-0.003824889616721268,0.000636007241431789
0.0027202499505923007,-0.01527575389116724,-0.012507884892955892,0.0027202499505923007
0.00544226135707374,-0.006015396344859444,-0.0005255159401666575,0.00544226135707374
0.008116986732433329,0.000390060465716621,0.008554666245768998,0.008116986732433329
-0.0003065642908903197,0.00013200071780088555,-0.00012694452547038656,-0.0003065642908903197
-0.0009822922923353927,0.0008335824216648231,-0.00010109082305152206,-0.0009822922923353927
0.008513857479550687,-0.009063521829023332,-0.0005020453018535968,0.008513857479550687
-0.005965332038952491,0.004324734423569922,-0.0015929785677635216,-0.005965332038952491
-4.6092058013893045e-05,-0.0051800477247212024,-0.005178520735116048,-4.6092058013893045e-05
-0.0053198744934776785,0.008835693743903531,0.0035634382980449003,-0.0053198744934776785
0.005306583019631532,0.007493520122589099,0.012847722189839676,0.005306583019631532
0.023080787261865725,-0.01417640904066608,0.008951997268818691,0.023080787261865725
0.005986378547364296,-0.004234235322424914,0.0017997622725584284,0.005986378547364296
0.013438540377204681,-0.010993326481801482,0.002492832943022248,0.013438540377204681
-0.001528646809567631,-0.000623910011005038,-0.0021049377729536215,-0.001528646809567631
0.0026686835093074662,-0.00108304478267818,0.0016332577742483338,0.0026686835093074662
0.0018101393954192727,-0.005877175020173098,-0.004019416577134777,0.0018101393954192727
0.0003811115475576465,0.00424200040027574,0.004670730995452434,0.0003811115475576465
-0.010527741044697825,0.0124775289767081,0.0019974069796293227,-0.010527741044697825
0.008298756275328072,-0.005186137105957246,0.0031602382169898737,0.008298756275328072
-0.005874893143758067,0.0043525161111257465,-0.0014747579850132738,-0.005874893143758067
-0.0024041098385304536,-0.0013921267380893562,-0.003748617529000762,-0.0024041098385304536
0.011094336494018314,-0.012603499773206472,-0.0014615442315691093,0.011094336494018314
1.4542687848250537e-05,-0.006597001008706746,-0.006534839273239448,1.4542687848250537e-05
-0.0005650619060555708,-0.007561445100482518,-0.008078887958919043,-0.0005650619060555708
-0.00767089687735527,0.0017274421445720445,-0.005895835685164178,-0.00767089687735527
0.011152921245270024,-0.011506815099017789,-0.0003062748061287159,0.011152921245270024
-0.005766998226842829,-0.0013544327934306084,-0.0070738119726543895,-0.005766998226842829
0.0011877097105953578,0.005317055427595112,0.006552384185809518,0.0011877097105953578
-0.0023626432268447012,-0.005383393009220143,-0.007698417188445797,-0.0023626432268447012
-0.003718895745296505,0.0035311046596328698,-0.00014017203804458746,-0.003718895745296505
0.0006942108408528867,-0.008757986328934058,-0.008016156440462123,0.0006942108408528867
-0.0017851420348045416,0.003944362980915933,0.002206839993730439,-0.0017851420348045416
-0.004084131286850452,0.002437781700466054,-0.0015987305387653505,-0.004084131286850452
-0.0209337413339229,0.01760837599020085,-0.0032777462961030026,-0.0209337413339229
0.011158000974476733,-0.011030912599471084,0.0001747074226246975,0.011158000974476733
0.013455159207411001,-0.0096147828289445,0.003887995426085549,0.013455159207411001
0.004038645024322851,-0.004975573250511766,-0.000889309178569869,0.004038645024322851
-0.0039615327238557135,-0.0026612387637248865,-0.006575152439961552,-0.0039615327238557135
0.01625116540963889,-0.016493134815137447,-0.0001943503578795114,0.01625116540963889
-0.0058113684631868135,0.003179795581555917,-0.002583953834011849,-0.0058113684631868135
0.008841001921679194,-0.007456438722652865,0.001432182246645377,0.008841001921679194
0.0014320143366701574,-0.004199494408187959,-0.0027198610238987546,0.0014320143366701574
-1.0186676491631837e-05,-0.0015174511918058023,-0.0014800188206783866,-1.0186676491631837e-05
-0.008952043592943042,0.0006230637154045654,-0.008281360829919428,-0.008952043592943042
-0.003186144438233269,0.00013955708531540937,-0.0029989683052988117,-0.003186144438233269
-0.011923545906228324,0.006763819780520323,-0.005112107078088953,-0.011923545906228324
0.010428164116238724,-0.00036644669181972486,0.010109336472038046,0.010428164116238724
0.014706240949862127,-0.0127228652497594,0.002030994747721775,0.014706240949862127
-0.00632168636977446,0.0007557268298804715,-0.005518340492274941,-0.00632168636977446
-0.00868331561525912,-0.0002317015521793229,-0.008867398119819396,-0.00868331561525912
-0.00370016574199987,0.003795657943288306,0.00014311124890748365,-0.00370016574199987
0.008313980777168092,-0.004158931320262294,0.004202668504524846,0.008313980777168092
0.010463229933490683,-0.009060994880887302,0.0014498541002224302,0.010463229933490683
-0.004083188108848343,0.007358340573103646,0.0033227715118743493,-0.004083188108848343
-0.010168236738305216,0.011168781245925697,0.0010481635552395297,-0.010168236738305216
-0.001928463291956424,0.0033520899268715573,0.001471245682534181,-0.001928463291956424
-0.013123929194484027,0.021638998468250296,0.008562688321385315,-0.013123929194484027
-0.017914106961512757,0.017509624442033314,-0.0003568634718603982,-0.017914106961512757
0.01066420674968651,-0.006441893552382343,0.004269932244923215,0.01066420674968651
0.013470842422636794,-0.014273820769127267,-0.0007553592988714243,0.013470842422636794
-0.01422576685590383,0.013992277317487156,-0.00018587049079762548,-0.01422576685590383
-0.0005121970091295364,-0.006525965328317826,-0.006990543289828315,-0.0005121970091295364
0.014131896853058212,-0.012309772088696632,0.001869743811980629,0.014131896853058212
-0.005518886604121307,0.004663744976114308,-0.0008075225803879523,-0.005518886604121307
-0.003274012670727142,0.0061694568800701255,0.0029430632569620307,-0.003274012670727142
0.0020472603680363453,-0.004497821502745398,-0.0024029420870900057,0.0020472603680363453
-0.010068817165542213,0.011096289435487678,0.0010750913175645136,-0.010068817165542213
0.004584307865606557,-0.005048140689928173,-0.00041621377670256936,0.004584307865606557
0.013134991932243933,-0.007571765416422451,0.005610845563440531,0.013134991932243933
0.005892768857333027,-0.008046690410492295,-0.0021063025055402204,0.005892768857333027
0.003383284546612223,-0.0021417604258976964,0.001289143168333574,0.003383284546612223
-0.005111711899237035,0.0065179059587356395,0.001453813107117651,-0.005111711899237035
0.003756825014267784,-0.0028603618789788225,0.0009440821829080092,0.003756825014267784
0.0011536589073028673,0.007161293626766147,0.008362571581688062,0.0011536589073028673
-0.005232705511483802,0.011680998158034642,0.006495911694169888,-0.005232705511483802
-0.01594059756051913,0.013001885013626922,-0.0028910934992731597,-0.01594059756051913
0.002871086112313551,0.0006351463209742629,0.0035538514809068614,0.002871086112313551
-0.008417246564924555,0.009191261422523096,0.0008216339052175893,-0.008417246564924555
-0.017580582746714986,0.01076811997873593,-0.006764843720360008,-0.017580582746714986
0.0015867198562853763,-0.004785610919423899,-0.0031512720155194756,0.0015867198562853763
-0.004191635283072329,-0.002445879315097577,-0.006589895550550858,-0.004191635283072329
-0.012842510231038514,0.015394129904296753,0.0025992387208772874,-0.012842510231038514
-0.0026091280506729455,0.009734969541740138,0.007173460538686242,-0.0026091280506729455
-0.0057833962318372765,0.011419563143026444,0.005683785958808215,-0.0057833962318372765
-0.019067932350726777,0.029642014919940004,0.010621701616832272,-0.019067932350726777
-0.006642514271957604,0.012544426742276758,0.005949531517938202,-0.006642514271957604
0.01612045743340909,-0.01602662168967846,0.00014145479134967468,0.01612045743340909
0.00042247655846953946,-0.006037456068027211,-0.005567360461938624,0.00042247655846953946
0.004951670718806888,-0.009756379595654403,-0.004757089829228467,0.004951670718806888
0.0033304296761501252,-0.0008800782096273648,0.002497970514141808,0.0033304296761501252
0.0009121259652776428,-0.005258206034690368,-0.004298461021793678,0.0009121259652776428
0.009499138665476525,-0.013299623686076472,-0.003752865972980898,0.009499138665476525
-0.012161379105243675,0.01874809215874477,0.006634332101120144,-0.012161379105243675
0.002282345806783539,0.007166484063206977,0.009496448917609562,0.002282345806783539
-0.023459861117358045,0.02600045753459908,0.002588215464860081,-0.023459861117358045
-0.0027297508313852523,0.0008230888482969032,-0.0018590429354693014,-0.0027297508313852523
0.00580127424166476,-0.01477829976029061,-0.008929406471006802,0.00580127424166476
0.024324794263058676,-0.02789657002001708,-0.00352415670933936,0.024324794263058676
0.0025347492512885336,0.010534384621349825,0.013116752920257406,0.0025347492512885336
0.011297312877912379,-0.006648502472213668,0.0046964294533177586,0.011297312877912379
-0.011934654645053262,0.02666023981194571,0.014773204214511495,-0.011934654645053262
0.010674750204990016,-0.012970013722946632,-0.002247644470337567,0.010674750204990016
-0.006024689570563807,-7.48521036830544e-05,-0.006051922626627813,-0.006024689570563807
0.01360761365246068,-0.007578022266792523,0.006077210433287205,0.01360761365246068
0.008448950059165116,-0.01228634884872064,-0.0037897797419364754,0.008448950059165116
0.0058954555108661965,0.005832353762421207,0.01177542832090645,0.0058954555108661965
0.011540633659982428,-0.016205541568024093,-0.004617288860422618,0.011540633659982428
-0.0010015922272512087,0.00031591106724936893,-0.0006380621123827921,-0.0010015922272512087
-0.019310300207211337,0.02347858976837579,0.004215908608783499,-0.019310300207211337
0.005559158244169983,-0.0017376659679918633,0.0038691113237971663,0.005559158244169983
-0.011430797174099037,0.004453433977806679,-0.00692974414867331,-0.011430797174099037
0.010047627696916623,-0.003265567603213658,0.006829679141322014,0.010047627696916623
0.009360364235242294,-0.014264172667475457,-0.004856189384614114,0.009360364235242294
0.002621761337275635,-0.003209591525869028,-0.0005402111409743451,0.002621761337275635
0.02083182493806211,-0.029056930309999705,-0.00817748632431855,0.02083182493806211
0.0058076310983685014,-0.002600851574469285,0.0032543985715182636,0.0058076310983685014
0.006656590554156792,-0.01100179004324895,-0.00429758044147311,0.006656590554156792
-0.004571199721371594,0.005433097668439283,0.0009095169946867353,-0.004571199721371594
-0.005636247034925454,0.011716908580562678,0.006128280593256272,-0.005636247034925454
-0.0009415276262078368,0.006341458160092669,0.005447549581503879,-0.0009415276262078368
-0.007500896068577987,0.010955543662837412,0.0035022666418784722,-0.007500896068577987
-0.005560366290891774,0.0030197897976473585,-0.0024929574456253683,-0.005560366290891774
-0.002880337698188105,0.0033934401820660807,0.0005607215314970232,-0.002880337698188105
0.014167745700625702,-0.014859185894300873,-0.0006438211460561226,0.014167745700625702
-0.0002697121665932337,0.005202489521697217,0.004980396402723031,-0.0002697121665932337
0.011354667288019343,-0.007454424329665806,0.003947862005972585,0.011354667288019343
0.005196091134221431,-0.004994541486460184,0.00024916869538029384,0.005196091134221431
-0.006664582110465353,-0.006281611230438144,-0.01289857429328445,-0.006664582110465353
-0.007552593012525491,0.015821782055095296,0.00831680809018885,-0.007552593012525491
-0.00933621668713831,0.00919086844646489,-9.772919305437016e-05,-0.00933621668713831
-0.01348036783191865,0.008026503834112273,-0.005406244950187328,-0.01348036783191865
0.005882096312161303,-0.010038805810296163,-0.004109090450515812,0.005882096312161303
0.013347121573428652,-0.014874065793758294,-0.0014793251727105937,0.013347121573428652
0.02074356036037378,-0.025111699762363434,-0.004320520354370608,0.02074356036037378
0.00210944646915543,0.0035081560296536425,0.00566522154642812,0.00210944646915543
-0.0020939993305689767,0.006052224523913536,0.004005844240963607,-0.0020939993305689767
-0.00128930955077324,0.004806881434208288,0.0035651909310540956,-0.00128930955077324
-0.002094010801186535,0.010832144711954792,0.008785752958387304,-0.002094010801186535
0.01369399281251443,-0.01856094250531115,-0.0048193306451776744,0.01369399281251443
-0.0008208253928606617,-0.0045777496399155675,-0.005350955985157182,-0.0008208253928606617
0.003727720071311362,-0.009242869505573377,-0.005467530386642967,0.003727720071311362
0.0004581723496683805,-0.005663973861663582,-0.005158182464376154,0.0004581723496683805
-0.00016410402168913236,-0.0015091068749409783,-0.001625591849011063,-0.00016410402168913236
0.003480408265473473,0.0001249194609696049,0.0036529467740621254,0.003480408265473473
-0.0017982455748104468,0.002779835205922966,0.001029208678731567,-0.0017982455748104468
0.00032833249415836383,0.0038397162681424305,0.004215667809919842,0.00032833249415836383
0.00229794305170454,0.0002970968937979154,0.002642658993121503,0.00229794305170454
0.004801403854084353,-0.008113111918126014,-0.0032640890164226132,0.004801403854084353
0.0005432732518527173,-0.00015408686850045575,0.0004368054309713093,0.0005432732518527173
0.0001102623917207958,-0.006620300343960574,-0.006462418904620731,0.0001102623917207958
-0.005510664168475216,-0.0016109506484951015,-0.00707399576935127,-0.005510664168475216
0.0026265020568129196,0.00023910167197059446,0.0029132227764025616,0.0026265020568129196
-0.009441688225512454,0.008185140946225872,-0.0012089282316675334,-0.009441688225512454
0.006410430720973815,-0.0030598023321377265,0.003398247436455136,0.006410430720973815
0.0014275925984047438,0.007214231407627215,0.008689443053651005,0.0014275925984047438
0.0015299828774681654,0.00035209640907967246,0.0019296983341668857,0.0015299828774681654
-5.309629565928364e-05,-0.0025570169236758455,-0.0025624941717160817,-5.309629565928364e-05
-0.001756311312333446,0.013445946078069064,0.011737253813354666,-0.001756311312333446
0.0035135746630445995,-0.006315337623984619,-0.0027541439133209724,0.0035135746630445995
-0.0009611124889661152,0.0004025902252580969,-0.0005109032160889707,-0.0009611124889661152
-0.000608200953504984,0.003437268711106883,0.0028766868052209466,-0.000608200953504984
0.016028312980522277,-0.021777631615826448,-0.005701699587685125,0.016028312980522277
0.005875955419934138,-0.004923174999593629,0.001000399467959556,0.005875955419934138
-0.003348949737888209,0.001029450886857666,-0.002271879803411495,-0.003348949737888209
0.0016808907650939042,-0.011545453597918677,-0.009816943785205725,0.0016808907650939042
0.00246382480977454,-0.0028443483412044605,-0.00033290448381087306,0.00246382480977454
0.017348898914249164,-0.020411382526355933,-0.0030148645644877243,0.017348898914249164
0.005096707709260478,-0.005629575418004806,-0.0004852486611252806,0.005096707709260478
-0.008859479513650893,0.000434646019419346,-0.0083772144466125,-0.008859479513650893
-0.003448290413641282,-0.0006470720652587335,-0.004047743431280967,-0.003448290413641282
0.007419717258861946,-0.0015624984359635398,0.005904837870517454,0.007419717258861946
-0.00024720869651927917,-0.0020573248791515993,-0.002256914528051831,-0.00024720869651927917
0.0015055700573268784,0.00144732703076523,0.0030005161357111562,0.0015055700573268784
-0.0011958765752180132,0.004916794519813541,0.0037685369922145747,-0.0011958765752180132
-0.008261230061701378,0.01315053413995822,0.0049369231258758915,-0.008261230061701378
-0.005579570563909436,0.010352947313380599,0.0048209957970902105,-0.005579570563909436
0.00862850944917092,-0.012862127370371075,-0.004185998873581106,0.00862850944917092
-0.0007044657507487877,0.0035382453749391294,0.0028813986718093892,-0.0007044657507487877
0.006351953070722047,-0.001437565360858897,0.004962006757482197,0.006351953070722047
-0.0036312560042936243,-0.000267625478216247,-0.0038512624348908237,-0.0036312560042936243
-0.0007472569344264088,0.006689086593048726,0.0059894487062413645,-0.0007472569344264088
0.011465799787508427,-0.009067328935758154,0.002446089899369321,0.011465799787508427
0.0005614285202325952,-0.000691449153725854,-8.240158587421116e-05,0.0005614285202325952
-0.002101424444962059,0.0019380450624773668,-0.00011576033486564464,-0.002101424444962059
-0.012666413855602987,0.0040305056249251335,-0.008588289183058807,-0.012666413855602987
-0.008981001462566755,0.004673023869282682,-0.004260358545665024,-0.008981001462566755
0.0020594801406116285,-0.005128674222962566,-0.00302157503473189,0.0020594801406116285
-0.013287855705914531,0.006574328623983283,-0.0066659080343122,-0.013287855705914531
0.006643923049803308,-0.007924972478944605,-0.0012334303815222498,0.006643923049803308
0.013657732484001804,-0.00982415828235495,0.0038811932492659033,0.013657732484001804
0.005047053741980607,-0.010893891724857298,-0.005799218935257643,0.005047053741980607
-0.010380712709783505,-0.005682748535264559,-0.016015842197429013,-0.010380712709783505
-0.014163979610428723,0.021727755528935813,0.007611394966126137,-0.014163979610428723
-0.001176169782701324,0.0014659389075289873,0.00033738817244671087,-0.001176169782701324
-0.013194702885175385,0.012532299598119247,-0.0006147842394370897,-0.013194702885175385
-0.00557329117814473,0.004255555507948268,-0.0012701166225774154,-0.00557329117814473
0.004251927246528079,-0.006885257131041338,-0.002585710836894212,0.004251927246528079
-0.0018327955080843434,0.004477304000293497,0.0026921275398282007,-0.0018327955080843434
0.0029836775616447894,-0.0014385932036531691,0.0015927034056106679,0.0029836775616447894
0.008359070512017465,-0.011223096586805538,-0.002816407027169025,0.008359070512017465
-0.01210224332245078,0.011675321630529208,-0.00037930264430252386,-0.01210224332245078
0.0008808906527973923,-0.007308597439936699,-0.006380087739520259,0.0008808906527973923
0.010757759374492717,-0.007864203337351269,0.0029411750847604967,0.010757759374492717
-0.02752268219184873,0.02289512128568452,-0.004579941858545167,-0.02752268219184873
-0.008854147105186247,0.012276572013656985,0.0034700439560897867,-0.008854147105186247
0.001710639280462978,-0.0019505690158248652,-0.00019231068774283944,0.001710639280462978
0.0009556356256817822,0.004881713870713732,0.0058849685440145625,0.0009556356256817822
-0.0032461232048037,0.0006476418224026121,-0.0025508623347820403,-0.0032461232048037
-0.01364706987644218,0.011987870563823964,-0.0016115802649991676,-0.01364706987644218
-0.004320039338109594,0.01117643443788498,0.006904014147394435,-0.004320039338109594
0.008405162415329126,-0.006073957851585715,0.002378823611362459,0.008405162415329126
0.023559259153768664,-0.02106466600973821,0.002542212191649499,0.023559259153768664
0.006786561505442843,-0.004359769731192209,0.002474410821869681,0.006786561505442843
0.005129069699938439,-0.00438658091734151,0.0007901078302159754,0.005129069699938439
0.011921738072046374,-0.00845411138365733,0.003515245736008092,0.011921738072046374
-0.002135484068953135,0.0002709641888058895,-0.0018169008325281978,-0.002135484068953135
-0.0037808516780827766,0.003428942799654924,-0.0003042898308088051,-0.0037808516780827766
0.006720992199530545,-0.008836572718827523,-0.00206796147167793,0.006720992199530545
0.008754391092471097,-0.008644002741677025,0.0001580073984131206,0.008754391092471097
7.710075327152865e-05,-0.00976614369066524,-0.009641423889774663,7.710075327152865e-05
-0.007888846813813414,0.0026572835313995787,-0.005183944234794786,-0.007888846813813414
0.0011482738683358563,0.002538156268563556,0.00373404918451846,0.0011482738683358563
0.006440392895762508,-0.00959716267994038,-0.0031091507365588237,0.006440392895762508
0.006155707909565711,-0.004886731863736617,0.0013165950934481406,0.006155707909565711
0.00180171005752365,-0.006155905401598534,-0.004306576296455836,0.00180171005752365
0.005191354447399244,0.00020056947783621197,0.005439542972854504,0.005191354447399244
0.004082894674486639,-0.005320987047053718,-0.0011904733249480316,0.004082894674486639
0.002804428751336224,-0.0030090268714722604,-0.00015697907251698871,0.002804428751336224
-0.0055899920540631596,0.006155030140040809,0.0006126571335966966,-0.0055899920540631596
0.0012334434734931922,0.0012835150940893223,0.002564577615201562,0.0012334434734931922
0.014003249780941153,-0.013053719006738112,0.0009971498218220892,0.014003249780941153
0.009077108764878996,-0.010726580831366302,-0.0016018530188682575,0.009077108764878996
-0.006250862543332752,0.00305432926981215,-0.003148914225901555,-0.006250862543332752
0.005835067679049219,-0.003209662009551195,0.002673024717117071,0.005835067679049219
-0.0076878034492003505,0.003414555674953137,-0.004225628726628166,-0.0076878034492003505
-0.001397775048434295,0.004550600022862219,0.0032004440220469717,-0.001397775048434295
-0.005442404470633505,0.005348617861024683,-4.616756198977517e-05,-0.005442404470633505
-0.0021471576674732735,0.0016058736006357142,-0.0004936650192185117,-0.0021471576674732735
-0.01092836151221859,0.01044707304604559,-0.00043366941855395085,-0.01092836151221859
0.019782530338566102,-0.01619782407996481,0.003632325306220338,0.019782530338566102
0.023399388683867466,-0.021025072196733736,0.0024219355347527755,0.023399388683867466
-0.003312761224342139,-0.005778264992318713,-0.009043407169041806,-0.003312761224342139
0.008747049992559415,-0.012323143933099178,-0.0035284748929207146,0.008747049992559415
-0.004495525083701075,0.0057677242494463465,0.0013198182133643183,-0.004495525083701075
-0.0023675461726209617,0.0025432070353002697,0.00022327991029835566,-0.0023675461726209617
0.0038115434093018282,-0.004024876285670027,-0.00016571382874915137,0.0038115434093018282
0.010832968725760993,-0.007327275148431642,0.0035533126249483985,0.010832968725760993
-0.0014151201625294384,0.000886649403683357,-0.0004808517112270338,-0.0014151201625294384
0.00033705150508864365,0.003959096803404547,0.004343767356112239,0.00033705150508864365
0.002871404095012406,-0.0014133482185871584,0.0015056749240442953,0.002871404095012406
0.001120228291626528,-0.0008464100654679465,0.0003214372737776292,0.001120228291626528
0.00660869782494001,-0.007146386851854069,-0.0004900699792950128,0.00660869782494001
0.003289354251212112,0.0019374846279335855,0.005274457926764745,0.003289354251212112
0.008192922034825382,-0.010104628754227183,-0.0018640876717827526,0.008192922034825382
0.0011135112212814803,-0.01026442868904133,-0.009103298420140802,0.0011135112212814803
0.002408817376722786,-0.01126464411184522,-0.008808207687503386,0.002408817376722786
0.009939076069642058,-0.008573583295472306,0.0014131118217888005,0.009939076069642058
-0.002446584692431504,-0.00508347085839901,-0.007482436503211467,-0.002446584692431504
0.009491353421655338,-0.0070222165725536585,0.0025167558967207275,0.009491353421655338
-0.0025007430156550868,0.0068836066689681235,0.004430482700932084,-0.0025007430156550868
-0.0007775478307165069,0.0014292757639053242,0.0006993469808078649,-0.0007775478307165069
0.005082566097553684,-0.00587402002382007,-0.000743834878647339,0.005082566097553684
-0.006735972993080816,0.01097638567520565,0.004288031729743882,-0.006735972993080816
0.005234607251125956,-0.009273761727184549,-0.003991535428439545,0.005234607251125956
0.003239219213803939,-0.002252730195533843,0.0010341080658891437,0.003239219213803939
-0.0022004278225050715,0.0002453893735667377,-0.0019074194013192862,-0.0022004278225050715
0.0016701918916084146,-0.004355420798638949,-0.002637609859411487,0.0016701918916084146
0.0009517208123423155,0.0004157350139158743,0.0014150748738772374,0.0009517208123423155
0.0001361059098777889,-0.0034231150164443893,-0.003239390058947553,0.0001361059098777889
0.002548321062026136,0.0018848607498017154,0.0044808008594469,0.002548321062026136
0.001980640285808135,-0.0007555482496430523,0.0012727110837841304,0.001980640285808135
-0.003752522138750863,0.0012336162080788513,-0.002471286883052964,-0.003752522138750863
0.010172734320260664,-0.010674394883480801,-0.00045404151560108795,0.010172734320260664
-0.016306824408451492,0.01221276022780574,-0.004046445133026706,-0.016306824408451492
-0.013041012482426957,0.009650106395963441,-0.0033432870388444675,-0.013041012482426957
0.004729814289178917,-0.008372938483111098,-0.0035955051463131336,0.004729814289178917
-0.014159798093662265,0.01635245964419391,0.0022402805981506916,-0.014159798093662265
0.0023776993167535327,-0.004052413605616123,-0.0016270952412435428,0.0023776993167535327
0.008236039771025168,-0.01244282873657015,-0.004159169917925933,0.008236039771025168
0.0009526042646951201,-0.0012886869485179277,-0.0002884636362037599,0.0009526042646951201
0.005386553844685649,0.0017902032871733964,0.007224376179478093,0.005386553844685649
0.011577114996584119,-0.0002724140879762815,0.011352319956226885,0.011577114996584119
0.007715935136995232,-0.005118343589248352,0.0026452105953659265,0.007715935136995232
8.330755110168219e-05,-0.0028757803971731226,-0.002744853798452393,8.330755110168219e-05
0.0011957013277183507,-0.0058294702950644805,-0.004586149919727082,0.0011957013277183507
0.0028885431567374172,-0.010177715574442444,-0.007241553370085978,0.0028885431567374172
-0.0014123363822029333,-0.005205500653725852,-0.006570217988309738,-0.0014123363822029333
0.0003241777221781847,0.0022776430972011007,0.002649439866998333,0.0003241777221781847
-0.0014109171954914076,-0.0020108945398852516,-0.0033741926877576115,-0.0014109171954914076
0.004186541604639781,-0.005310662522651964,-0.0010765018703931361,0.004186541604639781
0.0004149036270325421,-0.001587016257385585,-0.0011244935827339952,0.0004149036270325421
-0.0020234962119033972,0.006266113511216196,0.004290236346931846,-0.0020234962119033972
0.0007312796402813184,0.0002434126781022495,0.0010223113660026155,0.0007312796402813184
0.00792631241419018,-0.005904209936287816,0.0020697215255214116,0.00792631241419018
-0.0068800311508688495,0.011738781317871264,0.004906369214621463,-0.0068800311508688495
0.006920072492172474,-0.0010637922617732778,0.005903899278018244,0.006920072492172474
-0.003165774143753618,0.004295430510812746,0.0011772754146781748,-0.003165774143753618
0.005544860235054823,-0.009766546620987516,-0.0041740673383136445,0.005544860235054823
-0.0023807352532269383,0.0008291383121017134,-0.0015039778935061771,-0.0023807352532269383
0.0029669416625415054,0.0007770139017359277,0.0037915746118964808,0.0029669416625415054
-0.0029116313425566875,0.013401119165428561,0.010537106870490922,-0.0029116313425566875
0.0005037922506095938,0.0025186856088263362,0.0030700969070549776,0.0005037922506095938
-0.013345775353935265,0.007601531445307388,-0.005696624861008829,-0.013345775353935265
0.005567923891827864,-0.008590926758013243,-0.0029753838185663313,0.005567923891827864
-0.003519609670427374,0.0011101408844768333,-0.0023618497383314932,-0.003519609670427374
0.008814812949098777,-0.005539282148552686,0.0033231498481651385,0.008814812949098777
0.0011948377220944246,-0.0013455663309230516,-0.00010310956120957932,0.0011948377220944246
0.00545373558841893,-0.009398640849212044,-0.0038972862131740663,0.00545373558841893
0.0009917547227989382,0.000827865845853095,0.0018672396162710807,0.0009917547227989382
-0.001969307276272862,0.0060917792171259364,0.004170090988472122,-0.001969307276272862
-0.01984088918231815,0.025738647437459093,0.005945377302759988,-0.01984088918231815
0.013697451959053693,-0.017731703393510014,-0.0039866323868372735,0.013697451959053693
-0.014417167487696225,0.015756474479194225,0.001386926039117047,-0.014417167487696225
-0.0033245162298920616,0.0023369915849944523,-0.0009399055972785617,-0.0033245162298920616
0.008682962822334087,-0.006608866149135907,0.0021217157208172272,0.008682962822334087
0.0040570725709401356,-0.0011726631027181968,0.002932028515840986,0.0040570725709401356
0.011995895080268786,-0.013522127793496383,-0.001478613665608549,0.011995895080268786
1.2736099289850337e-05,-0.003994003321424073,-0.003933648174515175,1.2736099289850337e-05
-0.0012461029880819281,-0.007741603390403529,-0.00894008733086641,-0.0012461029880819281
-0.0019330273848682318,-0.0015938020415756872,-0.003479210378824871,-0.0019330273848682318
0.004449786490529781,-0.007100479501809275,-0.002603073963660448,0.004449786490529781
0.00011257439774903469,-0.002791596188423613,-0.002631402743055531,0.00011257439774903469
-0.008514026393426743,0.006330971324364154,-0.002135436021443542,-0.008514026393426743
0.013621488025106796,-0.01211988527824036,0.0015492217944854847,0.013621488025106796
0.015902955985641416,-0.014790472602201801,0.001160102431058661,0.015902955985641416
0.0025408317451430192,-0.0010173088496819506,0.0015711419430801162,0.0025408317451430192
0.006265685568387144,-0.00185260083586146,0.004460703780144732,0.006265685568387144
0.002007102345386603,-0.006169158347834913,-0.0041144369548292625,0.002007102345386603
-0.006059078948355413,0.002312106160848599,-0.0036993537398877668,-0.006059078948355413
0.004462325073222608,-0.006078835872425178,-0.0015688917515835235,0.004462325073222608
0.005433701768203625,0.0007506608160210025,0.006231981631843675,0.005433701768203625
0.017208265145757278,-0.013808603630539552,0.003447280562836773,0.017208265145757278
0.005612145363756058,-0.010633489264759217,-0.004973724853384111,0.005612145363756058
-0.010282604510576708,0.012523432170418545,0.002288446707460885,-0.010282604510576708
0.012473151213308475,-0.014805704241930662,-0.002284933981003139,0.012473151213308475
-0.0029441644398804827,-0.0007952176257271405,-0.0036917630179885757,-0.0029441644398804827
-0.000709110693037814,-0.0019430764423898018,-0.002604568087808568,-0.000709110693037814
-0.015259607441235144,0.003158359665936063,-0.012053628727680033,-0.015259607441235144
-0.00797357228441609,0.0009460160504131962,-0.006979937186383845,-0.00797357228441609
-0.0032682464112677024,-0.0022635813840321717,-0.005484208747680826,-0.0032682464112677024
0.006237550723578622,-0.007392027027914092,-0.001106857256716423,0.006237550723578622
-0.01577283278829993,0.0036818932211368513,-0.012043320519544033,-0.01577283278829993
0.0019197491641991032,-0.00969948844263879,-0.007732120230820638,0.0019197491641991032
-0.017169040021361055,0.01971322305276665,0.0025918020790246404,-0.017169040021361055
0.0030105905653419604,-0.008286430672390785,-0.005228221059429776,0.0030105905653419604
-0.006534442406383482,0.0049730209056845975,-0.0015138024530798378,-0.006534442406383482
-0.008009608307167309,0.012041025911907437,0.004079036652359177,-0.008009608307167309
0.014144095635147569,-0.007128884339818042,0.007062830342948575,0.014144095635147569
0.01217393325172521,-0.008621892584531034,0.0035996597148132245,0.01217393325172521
1.3944264357140007e-05,-0.0006041673009990369,-0.0005426039890228492,1.3944264357140007e-05
-0.012154234206252659,0.008416400533082962,-0.003690214625550648,-0.012154234206252659
-0.010164781123445817,0.008901750707247502,-0.001215411368579267,-0.010164781123445817
0.014641507099299804,-0.01630237351311754,-0.001613247366198689,0.014641507099299804
-0.007188345521732325,0.0064059190348332035,-0.0007348074392800751,-0.007188345521732325
0.007995400400094067,-0.006870637577373277,0.0011723818703398372,0.007995400400094067
0.008159417629472126,-0.006843305527350516,0.0013637311497406578,0.008159417629472126
-0.016146117383164696,0.013729601221926483,-0.0023688971136191657,-0.016146117383164696
-0.03340350999382492,0.022156037785744327,-0.011199853160461551,-0.03340350999382492
0.0007686877678825664,-0.006267249646360753,-0.005450942830859139,0.0007686877678825664
-0.01578574804561286,0.010842288600581175,-0.004895840397412637,-0.01578574804561286
0.012361765476261026,-0.009711462225727547,0.0026979222981525276,0.012361765476261026
0.011982535403815013,-0.00652700557379207,0.0055031488776419914,0.011982535403815013
0.009367982607532275,-0.005916765752058617,0.0034988359030927057,0.009367982607532275
-0.006704360017426573,0.004401366933373128,-0.0022553740364343977,-0.006704360017426573
0.005304470816649923,-0.006740499533549937,-0.0013884096692809672,0.005304470816649923
-0.002016811692811895,0.0002502466918906874,-0.0017189459533021598,-0.002016811692811895
0.0033718621789940854,-0.0005633477948466538,0.002856133431766479,0.0033718621789940854
0.005102507690650843,-0.008183957556682886,-0.0030338308184129953,0.005102507690650843
0.005656904804663016,-0.002496628639350265,0.003207895212931798,0.005656904804663016
0.006363171671623705,-0.009678041866934538,-0.003267251147691785,0.006363171671623705
-0.004456396280931058,-0.0008753863799610031,-0.005284163613273014,-0.004456396280931058
0.01751627492898455,-0.018197353139802086,-0.0006334591631984902,0.01751627492898455
0.006159216928651525,0.0008096903099354067,0.007016526286205979,0.006159216928651525
0.006327936791269264,-0.004739377211546598,0.0016361786273417123,0.006327936791269264
-0.0072386605597688745,0.0024585815237374927,-0.004732459988412334,-0.0072386605597688745
0.004790505938350092,-0.0003950782481527916,0.004443046737816348,0.004790505938350092
0.00682218417213809,-0.006123272891453948,0.0007465303283031885,0.00682218417213809
0.006693211887131617,0.0031707734295524977,0.009911604364303161,0.006693211887131617
0.006834681106781907,-0.00425125343973737,0.0026310467146635837,0.006834681106781907
-0.004990804755523697,0.004851663856658739,-9.152185124591163e-05,-0.004990804755523697
-0.010429668423180551,0.005326862004895583,-0.00505518737066592,-0.010429668423180551
0.004016201308492339,-0.003167523231014191,0.0008962971250971951,0.004016201308492339
0.0009501978656572296,0.0010453963275032405,0.0020432132407795177,0.0009501978656572296
-0.0039984922421493815,0.0058258474523290495,0.0018749742577987148,-0.0039984922421493815
0.0007000882594698347,0.006921115435731218,0.0076688227428201,0.0007000882594698347
0.0006141264203899272,0.0027527507237532322,0.003414496191762207,0.0006141264203899272
0.013800896902123326,-0.008872521020592234,0.004975994929150141,0.013800896902123326
-0.0037464099455543458,0.0037478969229357484,4.910602500045024e-05,-0.0037464099455543458
1.0981165509769154e-05,0.0005712380475226742,0.000629838260651491,1.0981165509769154e-05
-0.005348427631757872,0.01308076171131485,0.007779953127176027,-0.005348427631757872
-0.002962424496490957,0.0007994134324470415,-0.0021153920164248678,-0.002962424496490957
0.012576693477051402,-0.008220372699496954,0.004403939825173497,0.012576693477051402
0.00199025644600507,0.0015950003872388149,0.0036328758808629323,0.00199025644600507
-0.005954194288361405,-0.005080853238180355,-0.010987428478922714,-0.005954194288361405
0.003319112559590936,0.0017635420810066364,0.00513027368821662,0.003319112559590936
-0.008810102632152263,-0.0012754521408739929,-0.010037935725407208,-0.008810102632152263
-0.018457332740728607,0.011122332178163321,-0.007287381514946238,-0.018457332740728607
-0.006189491370857125,0.008152095866439732,0.0020102235432016553,-0.006189491370857125
-0.007637275811003001,0.008058763070472404,0.00046910630708845097,-0.007637275811003001
0.012174518986636905,-0.0018021100798934777,0.010420027954362475,0.012174518986636905
-0.0060024100591583775,0.007767377578298567,0.001812586566759236,-0.0060024100591583775
0.013801126678544072,-0.00972387381141106,0.00412487191475206,0.013801126678544072
0.012499143374081124,-0.005765123025230692,0.00678163939646948,0.012499143374081124
-0.003580522126193162,0.001547967163736846,-0.001984935914837268,-0.003580522126193162
-0.017845548062448743,0.017963227432871688,0.00016529841804198986,-0.017845548062448743
0.002348841630977412,-0.001607400489118175,0.0007890601894782849,0.002348841630977412
0.0022192930626664283,0.003168927444278735,0.005435839554564211,0.0022192930626664283
-0.006028345604087068,0.0055296521057982394,-0.00045107445066978153,-0.006028345604087068
0.006066602459881856,0.0012525776512637996,0.007366799158764703,0.006066602459881856
0.00880461711454816,-0.008757893954887392,9.434220727981603e-05,0.00880461711454816
-0.0008879785327072715,-0.0009423139346002609,-0.0017826734196884847,-0.0008879785327072715
0.0005929997852311504,-0.004145812145339489,-0.0035051933124892916,0.0005929997852311504
0.022677379561504816,-0.010589221000430006,0.012135777608693856,0.022677379561504816
0.008110181304509363,-0.009733799110530269,-0.0015759987584018568,0.008110181304509363
0.0018844979550369377,-0.003893564539356529,-0.0019614475367005437,0.0018844979550369377
-0.005619558739998055,0.004234122558101903,-0.0013378171342771053,-0.005619558739998055
0.003633131318832923,-0.004626243656359059,-0.0009454932899070883,0.003633131318832923
0.008744151598269523,-0.0071869512862769895,0.001604819359611581,0.008744151598269523
0.005141699234970391,-0.001412415376752212,0.003776902905837226,0.005141699234970391
0.014383849114402493,-0.013064081294977582,0.0013673868670439596,0.014383849114402493
-0.006398276856430484,0.004633307002105434,-0.001717350806706004,-0.006398276856430484
-0.009114919131270023,0.008196376608291306,-0.0008709234753596687,-0.009114919131270023
-0.008391438475740549,0.004331384849521447,-0.004012434578600054,-0.008391438475740549
0.00314064055337623,0.004128638857451028,0.007316898458446306,0.00314064055337623
-0.00016317827128553813,-0.0001177144060352388,-0.0002332736297017293,-0.00016317827128553813
0.0038666919533268157,0.0011191683190213463,0.00503347931996721,0.0038666919533268157
-0.003177357515503523,0.0038426182505144043,0.0007128797826299288,-0.003177357515503523
-0.0031598125562828927,0.006459741436045974,0.0033475479273821288,-0.0031598125562828927
0.009610235210357775,-0.007528750869297429,0.002129103388679393,0.009610235210357775
0.002890241315785242,0.0018975997228762773,0.0048354600862805675,0.002890241315785242
-0.003796295445473989,0.007480217348902345,0.0037315409510474034,-0.003796295445473989
0.01340958997621553,-0.0028263432184197157,0.010630865805414861,0.01340958997621553
-0.01224471950982046,0.006251844452778355,-0.005945256009423056,-0.01224471950982046
-0.02134943034515781,0.008638319437790217,-0.012663491859748547,-0.02134943034515781
-0.004343686747644121,-0.0025185825545632405,-0.006814650254588314,-0.004343686747644121
0.03052120695949581,-0.01946711346102121,0.011101712546093647,0.03052120695949581
0.010639537500798974,-0.006037367298493499,0.0046497892499245234,0.010639537500798974
0.0016361028890720904,-0.004718601125896429,-0.0030348791892052915,0.0016361028890720904
-0.004545275215651934,0.008203808383132513,0.003706152215099627,-0.004545275215651934
0.01664759982334622,-0.014991493000848824,0.0017037258701164426,0.01664759982334622
0.007983287948235721,-0.008308931551184227,-0.0002780245553294573,0.007983287948235721
0.01147584217047179,0.002630686100819828,0.014154147318910666,0.01147584217047179
-0.006047126149634818,0.0028065135503104388,-0.0031929935517053323,-0.006047126149634818
0.007758970694539885,-0.004179747799703221,0.0036268419424557107,0.007758970694539885
-0.011373629657624802,0.0045549054627007915,-0.006771105147304962,-0.011373629657624802
0.0004087247672010277,-0.002602034825317441,-0.002145691010497366,0.0004087247672010277
-0.0005153276274165176,0.0019830385625807345,0.0015153299827832646,-0.0005153276274165176
0.006563930438411672,-0.005147779478691263,0.0014637700073394564,0.006563930438411672
0.010046680688369154,-0.0036396841383943904,0.0064546155975938125,0.010046680688369154
-0.014299699449474096,0.004695638291880072,-0.009556442109974977,-0.014299699449474096
-0.006314613658752842,0.0036979227939850554,-0.0025690718171487398,-0.006314613658752842
0.0050528391130427956,-0.00020741621203686849,0.0048930419486249745,0.0050528391130427956
0.016493647632488433,-0.009867178880785228,0.006674087799322252,0.016493647632488433
-0.0010664986748698871,0.003017856938266039,0.001998977311015199,-0.0010664986748698871
-0.010090181551396559,-0.006128793978142433,-0.016171356481919943,-0.010090181551396559
-0.019555916721060298,0.008097093039456332,-0.01141120463398492,-0.019555916721060298
0.008545658942443558,-0.00861267997210728,-1.940198204467304e-05,0.008545658942443558
0.0022381065295439713,-0.003751240964885856,-0.001465515387722837,0.0022381065295439713
-0.002161213217274334,0.0033326046493715776,0.0012190104797162914,-0.002161213217274334
0.009998904695505784,-0.007646660153545412,0.00239986358957942,0.009998904695505784
0.013819346284415652,-0.0014536836813035193,0.01241328165073118,0.013819346284415652
-0.001813494083120418,-0.006566984795473245,-0.008332859830974617,-0.001813494083120418
-0.010036807663878338,-0.002034805686135908,-0.012023994302395197,-0.010036807663878338
-0.005470544100283211,0.001741484716843815,-0.003681440335820349,-0.005470544100283211
-0.005899316772761825,0.0029923835072427616,-0.002859314217900016,-0.005899316772761825
0.010477197737938877,-0.0031280077718830014,0.007396809013674924,0.010477197737938877
0.007344044943877035,-0.003124669635608748,0.004266994355887334,0.007344044943877035
0.001979481009028495,-0.001569710953385406,0.0004573891032621366,0.001979481009028495
0.0009392110109563965,0.0022547071621924837,0.003241537220767928,0.0009392110109563965
0.010218390250555915,-0.001757832814557756,0.008508176483617206,0.010218390250555915
-0.0022088172225346557,-0.0002746375899029287,-0.002435835764818537,-0.0022088172225346557
-0.0005781130711577058,0.005853170574993994,0.0053226765514553355,-0.0005781130711577058
-0.005816451161994119,0.0034437749489760524,-0.0023250571653990193,-0.005816451161994119
-0.006041652283367256,-0.0037057573837785455,-0.009699790619526754,-0.006041652283367256
-0.005194264017952178,-0.0002959425224317204,-0.00544258749276485,-0.005194264017952178
0.010299514732003417,-0.01009651378954133,0.0002506199900811361,0.010299514732003417
-0.0022703110461440895,-0.0009680227914170383,-0.00319071478994208,-0.0022703110461440895
-0.003926616208443394,0.007682742888369196,0.0038037457275448493,-0.003926616208443394
-0.01241722370440553,0.009185752491499829,-0.003183852165286653,-0.01241722370440553
0.000557567078775454,0.006641979166604966,0.007247165292999467,0.000557567078775454
0.003975988438453493,-0.0011332645476834547,0.0028903429383890854,0.003975988438453493
-0.0005860633986861018,-0.00795819927700054,-0.008496643628067594,-0.0005860633986861018
0.00028885462401573303,0.0013287378771288957,0.0016652115487636764,0.00028885462401573303
0.014274778740327216,-0.013772776525750536,0.0005496212621957292,0.014274778740327216
0.0017211506594752542,3.9797307869728746e-05,0.0018085670149640305,0.0017211506594752542
0.006776679007516366,-0.008286965575303375,-0.0014626675201679612,0.006776679007516366
0.006339270488018338,-0.007793391529871272,-0.0014065019942338876,0.006339270488018338
0.0038372816931400155,-0.0044973116726236785,-0.0006124109318646157,0.0038372816931400155
0.0025223085177803685,-0.0040422137914548845,-0.0014722862260554688,0.0025223085177803685
-0.0008865733570401266,0.0007638899558750277,-7.506435354605125e-05,-0.0008865733570401266
0.0013074588619201484,-0.003757146678124164,-0.002402068768584968,0.0013074588619201484
0.0016973653376494147,-0.004682714589776702,-0.0029377302045082397,0.0016973653376494147
-0.011869718771621705,0.003643103898588664,-0.008178995825413994,-0.011869718771621705
0.002345351871647517,-0.0016423185769087565,0.0007506523423578082,0.002345351871647517
-0.004833740065273267,0.0010182295406586626,-0.0037678914769955574,-0.004833740065273267
0.007853752331415477,-0.007149155710262942,0.0007522156687715825,0.007853752331415477
-0.00035844919885585577,0.004911853907324469,0.0046010237560876605,-0.00035844919885585577
0.005502402046147061,-0.0013051061691172967,0.004244914924648812,0.005502402046147061
0.0016919880392557926,-0.0044422920154626525,-0.0027026849285878124,0.0016919880392557926
-0.016855213425248913,0.0059432223557830885,-0.01086437202184678,-0.016855213425248913
0.012310040161494857,-0.009834844473438464,0.002522814735675441,0.012310040161494857
0.003127009252608211,-0.0069632970208361525,-0.0037886687206088944,0.003127009252608211
0.0017279698589852525,0.0020081116737798153,0.0037837005803841154,0.0017279698589852525
-0.004000540436717544,0.004782140702139133,0.0008292193130406355,-0.004000540436717544
0.015285949640430497,-0.0016868523075297694,0.013646716380519775,0.015285949640430497
0.00956455857252035,-0.00023739479204567792,0.009374782828093719,0.00956455857252035
-0.011124864098752714,0.008822305881118398,-0.002254939170015268,-0.011124864098752714
-0.026314214665724197,0.01633752830277296,-0.009929067315332192,-0.026314214665724197
-0.007060196687725683,0.0038616945137300647,-0.0031508831263765713,-0.007060196687725683
0.010443737069647758,-0.009435109480816072,0.0010562466364507348,0.010443737069647758
-0.007443488886520569,0.009165330412602245,0.0017694605737007241,-0.007443488886520569
0.014499850396027495,-0.007867847953235725,0.006679621490410819,0.014499850396027495
-0.0036609584783758413,0.009417606670188124,0.005804267239431332,-0.0036609584783758413
-0.02296334623869789,0.01904009752824663,-0.003875629662832216,-0.02296334623869789
0.0038226416061987118,-0.004116824533058514,-0.00024656387924075485,0.0038226416061987118
-0.005166452481392234,0.004636657064838392,-0.00048217636893479543,-0.005166452481392234
0.012091642189181025,-0.012730769130766545,-0.0005915078939664714,0.012091642189181025
0.013674567083526715,-0.008400307023198873,0.005321879107946892,0.013674567083526715
0.005290330446866229,-0.005136390620137332,0.00020155887434794359,0.005290330446866229
0.01083444171870828,-0.010330389607375859,0.0005516711589514706,0.01083444171870828
-0.006146495439509533,0.001162887724045145,-0.00493598866784534,-0.006146495439509533
0.01091713928130502,-0.00039465330551038415,0.010570105023413684,0.01091713928130502
0.003651646234196572,-0.006273027538289253,-0.002573762256473634,0.003651646234196572
0.004791946089294719,0.003381396060596544,0.00822096119751031,0.004791946089294719
-0.005961880317643165,0.006424899781656426,0.0005106385116323072,-0.005961880317643165
0.009047143331187255,-0.00407458883105035,0.005020173547755954,0.009047143331187255
-0.0014699103301113565,0.0016621288840756952,0.00023983760158338634,-0.0014699103301113565
0.009289337724004358,-0.004458699719078529,0.004878257052544877,0.009289337724004358
0.0022986341469018582,0.0025137092420359996,0.004859962436556906,0.0022986341469018582
-0.00036487271456479506,-0.004576488126754783,-0.004893741793700531,-0.00036487271456479506
-0.0007885265143285371,-0.0028622842992234343,-0.003603191765932924,-0.0007885265143285371
0.000176921186999513,-0.004950685351013484,-0.004726145116394923,0.000176921186999513
-0.004505584479743859,0.002469019186493404,-0.001988946245631408,-0.004505584479743859
0.018345628971389475,-0.016163093386383404,0.0022301546326251157,0.018345628971389475
0.003389916959942108,-0.006433597349465087,-0.0029960613419039318,0.003389916959942108
-0.0026513241619704813,-0.010853888585017285,-0.01345759369936872,-0.0026513241619704813
0.0010401439968206088,-0.0020306494023494093,-0.0009428863579097528,0.0010401439968206088
-0.001644972033212993,0.003022699724950679,0.0014253467393567337,-0.001644972033212993
-0.006428627103989574,0.007109941809544363,0.0007289337531738356,-0.006428627103989574
0.008446776442194125,-0.0010547171158996795,0.007439678373913494,0.008446776442194125
-0.008562964427506238,0.011752833023376201,0.0032374876434890115,-0.008562964427506238
0.0007090177123839484,0.0020317916536487556,0.0027884284136517517,0.0007090177123839484
0.0026997706083725127,-0.007270870701786131,-0.0045234810457945715,0.0026997706083725127
0.011227658264771519,-0.006603619502394604,0.004671657809995963,0.011227658264771519
-0.0069000288887942594,0.00400608907534683,-0.0028463207658283823,-0.0069000288887942594
0.0036071309920827155,-0.007388774912598989,-0.0037340248728972266,0.0036071309920827155
-0.0038954651716872637,-0.0015548769356168758,-0.005402723059685091,-0.0038954651716872637
-0.006345723239385722,0.006646581075643785,0.00034847688387710943,-0.006345723239385722
0.0019640645827184015,-0.010481223128133613,-0.008469539497796164,0.0019640645827184015
-0.013748842658892365,0.004576419672001562,-0.009124803939271757,-0.013748842658892365
-0.005169274834158985,0.003486053545666734,-0.0016356022408732037,-0.005169274834158985
0.004115291415913772,-0.005453502211280585,-0.0012905917477477658,0.004115291415913772
0.01071152302874519,-0.010019800749251436,0.0007393413271128036,0.01071152302874519
0.011056213535999091,-0.006864946951142437,0.004238885632475702,0.011056213535999091
0.007862823663967925,-0.00414552798095797,0.0037649147306290033,0.007862823663967925
-0.0014300322997022389,0.004781100095347233,0.003398686843264041,-0.0014300322997022389
-0.01330085637062937,0.009716983331556114,-0.003536253991454208,-0.01330085637062937
-0.01680609531004057,0.0048968590701425055,-0.011861617192279019,-0.01680609531004057
0.0035379230555331077,-0.004759030323940338,-0.0011734882207881832,0.0035379230555331077
0.010663828003416677,-0.013003822934229619,-0.0022923758831938936,0.010663828003416677
-0.018986958893449934,0.021182369107606288,0.0022430292617753992,-0.018986958893449934
-0.014141897113226611,0.008465510516000743,-0.005628767549606819,-0.014141897113226611
0.007256761315779846,-0.007564331613527395,-0.00025995125012850213,0.007256761315779846
0.003683828144983598,-0.007854549808377184,-0.004123102615774536,0.003683828144983598
0.011844656807415309,-0.009993767766916616,0.0018985080881177411,0.011844656807415309
0.0011824325835548253,-0.000796151773458589,0.00043389985771528396,0.0011824325835548253
0.002820425813806231,-0.0058172264542651455,-0.0029491815928398674,0.002820425813806231
0.00864000393811926,-0.006332764127615129,0.0023548588581231785,0.00864000393811926
-0.00296923850974372,0.00179926600778709,-0.001122353454337582,-0.00296923850974372
0.0014045149755412439,-0.0033406238030180635,-0.001888489779857772,0.0014045149755412439
-0.01132800798409658,0.0022860768852179846,-0.008994312051259548,-0.01132800798409658
0.0033828157483910487,-0.0026963494662523724,0.0007340853297577239,0.0033828157483910487
0.003680240267315938,-0.0028240355024131782,0.0009038238125218074,0.003680240267315938
0.0035972762699847706,-0.006234218972137925,-0.0025893236545341076,0.0035972762699847706
-0.0007811209235731322,0.0038148987606933726,0.003081396884739288,-0.0007811209235731322
0.0015076540496406208,0.0012581644287689019,0.0028134375260285703,0.0015076540496406208
0.0009238908354896681,0.002135916630302854,0.0031074265134115697,0.0009238908354896681
-0.00857780184870471,0.011636632581556635,0.0031064497804709737,-0.00857780184870471
0.004452535730038893,-0.011574747966258406,-0.007074593188600466,0.004452535730038893
-0.012594480928646162,0.005843013090433895,-0.006703848790593219,-0.012594480928646162
0.0008891391277829375,-0.001223788096768135,-0.0002870299213661498,0.0008891391277829375
0.007123276455144475,-0.013917706771116865,-0.006746811268353342,0.007123276455144475
-0.001276285257208864,-0.0006944514433543249,-0.0019231176529441413,-0.001276285257208864
-0.0037758386786703978,0.009573017874891922,0.005844798243840574,-0.0037758386786703978
-0.010350723905960906,0.008534201944736591,-0.0017689029136052667,-0.010350723905960906
0.007429009254483642,-0.004814504044362411,0.0026621242577402776,0.007429009254483642
0.005363185238879658,-0.005938083041387463,-0.0005272787548887587,0.005363185238879658
-0.007828038312459379,0.005906655089018536,-0.001873764175821796,-0.007828038312459379
0.004343840102732347,-0.008875392280699397,-0.004483933130348002,0.004343840102732347
0.0014408114419459926,-0.001602186699354733,-0.00011375620978969277,0.0014408114419459926
0.005010101742544042,-0.003406025680478471,0.0016516951096846185,0.005010101742544042
0.002887789611531881,-0.007756805331960171,-0.004821396672809242,0.002887789611531881
0.005915547013288006,0.0012824001882285028,0.007245566249135557,0.005915547013288006
0.0069693574444324394,-0.003831475254329595,0.0031855012377218915,0.0069693574444324394
0.0009221705183206906,-0.001527072319476366,-0.0005572827535366277,0.0009221705183206906
6.033482035039267e-05,-0.0007435407532981932,-0.000635586885328753,6.033482035039267e-05
-0.001646150980316902,0.0002680696802426217,-0.0013304622524552326,-0.001646150980316902
0.006481028546895338,0.0007128476448072039,0.007241495239321589,0.006481028546895338
0.011628686450931517,-0.010263480554754208,0.0014128249437963575,0.011628686450931517
0.0023864224465999445,-0.0011393448216122516,0.0012946966726067406,0.0023864224465999445
-0.000803536624688717,-0.009739003198150336,-0.010494920775220006,-0.000803536624688717
-0.00028708047463782546,-0.0007162545926166476,-0.0009557160196354255,-0.00028708047463782546
-0.0013738881358500306,0.004108188731238824,0.002781919643007841,-0.0013738881358500306
-0.003908541993669821,0.00443773876957013,0.0005768158235193565,-0.003908541993669821
0.003752236929629744,-0.001950689510743673,0.0018491664665051183,0.003752236929629744
0.002934983196163734,-0.0056912588630460975,-0.0027086566192633162,0.002934983196163734
0.0022191991828961373,-0.006137508063869927,-0.003870689833354743,0.0022191991828961373
0.0062414469364095535,-0.007079655955796595,-0.000790589971767995,0.0062414469364095535
-0.00100711555004642,-0.0006088854697061265,-0.001568381972133499,-0.00100711555004642
-0.000401501488388695,-2.0692754813338597e-05,-0.00037457519558298604,-0.000401501488388695
0.0011649275578936844,0.004210707252819392,0.005423253858332124,0.0011649275578936844
-0.006153902691017571,0.007628770430842078,0.0015224867874435544,-0.006153902691017571
0.004039717556646018,-0.0033049189323520302,0.0007824176719130353,0.004039717556646018
0.0018568922934882914,0.001795964911158023,0.003700476252265362,0.0018568922934882914
0.001351692245704952,-8.256035866993655e-05,0.0013167509346540631,0.001351692245704952
0.001935611044760855,-0.0034063015291017386,-0.001423071436721836,0.001935611044760855
0.0036550561243590533,-0.006273029749922432,-0.0025703545779443312,0.0036550561243590533
-0.0004751505639349076,-0.0026790496081935135,-0.0031065811245093735,-0.0004751505639349076
0.006257355242053494,-0.004085049716684601,0.0022199245729879395,0.006257355242053494
-0.010402415311254708,0.004649223896506372,-0.005705572367129288,-0.010402415311254708
-0.011854264695465981,0.007666672095216707,-0.004139973552630226,-0.011854264695465981
0.0051521903830130614,-0.0024918369404586206,0.002707972490173488,0.0051521903830130614
-0.008019227522102611,0.0030102009548139638,-0.004961407519669599,-0.008019227522102611
0.0035357802222094926,-0.0025791803314745777,0.0010042189383539625,0.0035357802222094926
0.002857735546149865,-0.007573676047667903,-0.00466832145389899,0.002857735546149865
-0.007042273888730013,-0.000984324463970614,-0.00797897930508158,-0.007042273888730013
0.00235981980229366,-0.006369648587309764,-0.003962209737397056,0.00235981980229366
-0.013257148814244508,0.012947529074248232,-0.0002620006923772281,-0.013257148814244508
0.020333054405613993,-0.0006585649371937577,0.019722108516039283,0.020333054405613993
0.0036964964257375577,0.003187698952913709,0.006931814426270315,0.0036964964257375577
0.004166066471902489,-0.004022114525046572,0.00019157099447496406,0.004166066471902489
0.004079827090022418,0.001671432923374718,0.005798879061016183,0.004079827090022418
-0.0017070250548884478,-0.0007741371088497486,-0.002433543116119149,-0.0017070250548884478
-0.0066450328744480655,0.002168065314351968,-0.00442934851247705,-0.0066450328744480655
0.0008013154283995753,0.0007544881164337845,0.0016034225924524074,0.0008013154283995753
0.0014350784101231672,0.00040771836765450585,0.0018904158253967207,0.0014350784101231672
-0.0022303221405312107,0.0018172734850922766,-0.00036542960781988645,-0.0022303221405312107
-0.021741498041516368,0.015635969496343088,-0.006057909497554235,-0.021741498041516368
-0.006129042249214498,0.00039724259208620864,-0.005684180609509242,-0.006129042249214498
0.007509966641384525,-0.0067573232316951205,0.0008002624573084515,0.007509966641384525
-0.007537078258809265,0.003583116050805408,-0.003906343160384809,-0.007537078258809265
0.007138647573073359,-0.001650669864206318,0.0055355967564860884,0.007138647573073359
-0.0005812369492601845,0.0039251851419581695,0.003391567240317032,-0.0005812369492601845
0.007983344031637994,-0.012869068457405994,-0.004838105378148951,0.007983344031637994
0.005118099991743919,-0.002018358459300789,0.003147360580062177,0.005118099991743919
-0.004553335198450263,0.0033494865564440523,-0.0011562295943871631,-0.004553335198450263
0.008924326381257112,-0.004290197909512581,0.00468174751936358,0.008924326381257112
0.01101778388664149,-0.005498830826929879,0.005566572107330658,0.01101778388664149
-0.0009220679546974229,-0.00039271129042346437,-0.0012671601975018398,-0.0009220679546974229
0.013010730434771516,-0.013866188842262548,-0.0008078393598719836,0.013010730434771516
0.0037506560955878794,-0.002816217260409455,0.000982057882797472,0.0037506560955878794
-0.0006580962641020255,-0.001774123838684476,-0.002384601055167454,-0.0006580962641020255
-0.0005317589449853068,-0.003053660400035696,-0.0035378002974019553,-0.0005317589449853068
-0.00047345220467747914,0.004415314668267847,0.0039894815112094155,-0.00047345220467747914
0.0061790575523383426,-0.005468794008921307,0.0007578825910360821,0.0061790575523383426
0.0027627239777491715,-0.0022624925532903676,0.0005478504720778515,0.0027627239777491715
-0.0004145968819114326,0.0007400815042383033,0.00037310366994591836,-0.0004145968819114326
-0.0018457823924746184,0.0017821803924548173,-1.5982952400753393e-05,-0.0018457823924746184
0.00405710283067157,-0.004291472093681201,-0.00018675021539058453,0.00405710283067157
0.00019979897667686414,-0.0014936869055487592,-0.0012462688812528474,0.00019979897667686414
0.0019185560761413485,0.00047032078574178,0.002436495909502176,0.0019185560761413485
0.0001438610471356411,0.0037743400223524933,0.003965820117107183,0.0001438610471356411
0.0010111170283427816,-0.0036260664527300525,-0.0025673303767682234,0.0010111170283427816
-0.0008206153303917306,0.002664539820372145,0.0018915435375994618,-0.0008206153303917306
-0.007549796795175997,0.011815048710100097,0.0043128709625431475,-0.007549796795175997
0.0021320658786933323,-0.004003751968596871,-0.0018240670422844914,0.0021320658786933323
-0.0004638179164828776,-0.0032920024264503937,-0.0037082012953142235,-0.0004638179164828776
-0.007862385149218186,0.0014881460189947269,-0.00632662008260441,-0.007862385149218186
-0.008578913136852048,-0.0029420572576274884,-0.011473351346860488,-0.008578913136852048
0.009913935971812983,-0.0028019993380394583,0.007159555681392573,0.009913935971812983
0.005917842893162008,-0.002581280234297112,0.0033841817064839434,0.005917842893162008
0.0005749639242368965,-0.009698546803598754,-0.00907596383174281,0.0005749639242368965
-0.0010395232301177184,0.0053869640137742935,0.004395059831275623,-0.0010395232301177184
-0.015510027193167127,0.007156150460881486,-0.008306257684666593,-0.015510027193167127
-0.007818613305956689,0.008088627542276282,0.0003176332839386407,-0.007818613305956689
0.0015660165076769488,-0.0031772476471348377,-0.0015636120918388413,0.0015660165076769488
-0.015845016060436878,0.013914572898319214,-0.0018828241144986167,-0.015845016060436878
0.01022497657786904,-0.006258355215905515,0.004014240409582572,0.01022497657786904
-0.0018275775682394908,0.002483664692783738,0.0007037061721632948,-0.0018275775682394908
-0.005418267587455215,0.004180589300188826,-0.0011900592396473417,-0.005418267587455215
-0.020959019901906923,0.011747969097525401,-0.009163431756762475,-0.020959019901906923
-0.0020116626002743567,-0.0034656460495042386,-0.005429689602159547,-0.0020116626002743567
0.00910623968665868,-0.0048606384209317266,0.004293220313346001,0.00910623968665868
-0.014925254976640746,0.002975902240884367,-0.011901733688137331,-0.014925254976640746
-0.009497932664057792,0.0169111299339804,0.007460816317541656,-0.009497932664057792
0.012844200710514784,-0.01599423236879115,-0.00310241261065732,0.012844200710514784
-0.023142002972674023,0.02848105257483456,0.005386668649779584,-0.023142002972674023
-0.014968211023524546,0.012399311423555317,-0.00252128055235018,-0.014968211023524546
-0.01870197040973115,0.011185982091067128,-0.0074683692710449745,-0.01870197040973115
0.00010776242838208977,-0.0053820905775294565,-0.005226709101528319,0.00010776242838208977
-0.003263713414623736,0.003193741359329243,-2.235300767544545e-05,-0.003263713414623736
0.00572907513554489,-0.00751101831355696,-0.0017343241303930238,0.00572907513554489
0.013700236483594103,-0.00608617684406608,0.007661678687147072,0.013700236483594103
0.009616284082680716,-0.00796738114012622,0.0016965219901735437,0.009616284082680716
0.018652005463570945,-0.017100240427040284,0.0015993840841497056,0.018652005463570945
0.0011655919769704552,0.010445798278660002,0.011659009303249505,0.0011655919769704552
0.012437982518661793,-0.012215613255135748,0.0002699883111450933,0.012437982518661793
0.00661392994236444,-0.004103222555984107,0.00255832643399938,0.00661392994236444
-0.0031842023407030753,0.007885982006590532,0.004749398713506505,-0.0031842023407030753
0.01083493440045044,-0.017066545255082496,-0.006183991807013009,0.01083493440045044
-0.0013434164049548072,0.005548008178739439,0.00425221082140368,-0.0013434164049548072
0.010864854106642478,-0.0010837128645107088,0.009828760289750818,0.010864854106642478
0.013828885803000436,-0.010092970613046088,0.003783534237573397,0.013828885803000436
0.003214770445617237,0.0018574532010887921,0.005119842694325077,0.003214770445617237
-0.004085542533320215,0.004643204881901766,0.0006052813962005971,-0.004085542533320215
-0.000730611486105182,-0.011598122537508849,-0.012281114975994984,-0.000730611486105182
-0.0017372353657973789,-0.004304356391898376,-0.005993972710076708,-0.0017372353657973789
0.0019010873732805166,-0.005230659714535375,-0.003281953293635811,0.0019010873732805166
0.003641892406083613,-0.0021085783163088934,0.001580933137393767,0.003641892406083613
0.0012546337518764075,-0.003676435845321602,-0.0023741830458261465,0.0012546337518764075
0.006375868741562488,-0.0003869839111967456,0.00603650387798479,0.006375868741562488
-0.0025803149526515703,0.005527384350117273,0.0029946884450847496,-0.0025803149526515703
0.002295617896291234,-0.0021095981627006436,0.00023363878120963823,0.002295617896291234
-0.0005633563341474712,0.0012852673722131235,0.0007695300856846999,-0.0005633563341474712
0.0035112431024857194,-0.006593823038469231,-0.003034960888364464,0.0035112431024857194
-0.0024400640775961773,-0.007220520443311175,-0.009612965473288305,-0.0024400640775961773
0.004053250415800457,-4.032435507044406e-06,0.00409683702791246,0.004053250415800457
0.0052038060965594775,-0.008096641792224505,-0.0028452166480459795,0.0052038060965594775
0.006256349816592505,0.0019602508279157015,0.008264219692127253,0.006256349816592505
0.002700404324871359,0.003556740513771359,0.006304763886261766,0.002700404324871359
0.0009384286779785891,0.0006429214986164931,0.00162896922421413,0.0009384286779785891
-0.013282513080461343,0.012132369487631056,-0.0011025245452112391,-0.013282513080461343
-0.008834758290735255,0.006349974190018886,-0.002437165053097322,-0.008834758290735255
0.007404584715792384,-0.011442554941680628,-0.003990351178269196,0.007404584715792384
0.00449422290221009,-0.013043254492973624,-0.008501412543144488,0.00449422290221009
-0.002028267366309896,0.0034176945208618022,0.001437046202170954,-0.002028267366309896
-8.385827943242438e-05,-0.004716524864989635,-0.004752764096803012,-8.385827943242438e-05
-0.009588477741372912,0.016144213986182567,0.006603355292428702,-0.009588477741372912
-0.0008158887359449967,-0.007699852876000763,-0.008468122564326714,-0.0008158887359449967
-0.01907538047496236,0.016997404349367737,-0.0020303570779755787,-0.01907538047496236
0.001077854623479085,-0.004642875920576328,-0.0035174022494781957,0.001077854623479085
-0.014872893697759595,0.016475686754662325,0.0016504121045217775,-0.014872893697759595
-0.005218617384989304,0.00941571317359378,0.004244714836223523,-0.005218617384989304
-0.0011394833922629423,0.004709562754646597,0.0036176984100027023,-0.0011394833922629423
0.027822202929964752,-0.02589558914810394,0.001974232829479858,0.027822202929964752
0.019822510965059794,-0.020802938358033325,-0.0009328083453544861,0.019822510965059794
0.010180821225536738,-0.012168273309534584,-0.0019398330363787973,0.010180821225536738
-0.0012028075464273725,-0.004239441685430845,-0.00539463018423917,-0.0012028075464273725
0.0006231123833554199,-0.0030776760398753167,-0.0024069446089008493,0.0006231123833554199
0.004361699638087921,0.0032024233082219443,0.007611741993928913,0.004361699638087921
0.007443317440715413,-0.004481960740401245,0.0030089757479332146,0.007443317440715413
0.00042268345403162824,0.0026536314006107187,0.0031239339022613947,0.00042268345403162824
-0.00869154313835021,0.0018541794160385281,-0.006789744674692633,-0.00869154313835021
-0.008565856208506738,0.0035639785683837387,-0.004954258592503951,-0.008565856208506738
0.0014820165225985953,-0.0025797579668674023,-0.0010501223966497594,0.0014820165225985953
-0.016820506564405074,0.021184335778094882,0.004411448261308854,-0.016820506564405074
-0.013027773880984219,0.007363604819926106,-0.005616550013439065,-0.013027773880984219
0.01411188734870026,-0.009169643019616367,0.004989863376702941,0.01411188734870026
0.019956417736434362,-0.017466343608921915,0.002537693175131492,0.019956417736434362
-0.008551683534568196,0.009696392672203942,0.001192328185254794,-0.008551683534568196
-0.0059345818114866,0.006331858156824631,0.00044489539295707774,-0.0059345818114866
-0.003664060067411278,0.002449623067000006,-0.0011668179527922246,-0.003664060067411278
-0.009010899586239293,0.005440750911069809,-0.0035225296275504356,-0.009010899586239293
-0.009326308319789433,0.005536590031239142,-0.0037420992409312437,-0.009326308319789433
0.018008195281334006,-0.010365315756070862,0.007690498572882191,0.018008195281334006
0.003532866712037692,0.0010129769980480494,0.004593462757704789,0.003532866712037692
-0.0013232271931412876,-0.011097796656492666,-0.012373404802014905,-0.0013232271931412876
0.02255297148531606,-0.010994904215926611,0.011605686317008495,0.02255297148531606
-0.005929297549438958,0.008370407786774883,0.0024887292849549727,-0.005929297549438958
0.004459414262482585,-0.011433579671128326,-0.0069265463610266925,0.004459414262482585
-0.007502784307268659,0.008777571367189124,0.0013224061075395132,-0.007502784307268659
-0.014385282281338629,0.017183026616789634,0.002845363383070052,-0.014385282281338629
0.010887868067752052,-0.012380259185430164,-0.0014447720700590627,0.010887868067752052
-0.00868450509380004,0.010466647331198287,0.0018297612850172958,-0.00868450509380004
0.006653926204735363,-0.020732614840616205,-0.014031069588261795,0.006653926204735363
0.006523934655961271,-0.023039053199657846,-0.01646749949607753,0.006523934655961271
-0.0035626375746581934,0.009448618125432526,0.005933599598393381,-0.0035626375746581934
0.010103552813751198,-0.022446941428702558,-0.012295769567332313,0.010103552813751198
-0.007697109392040923,0.0016611671284017901,-0.005988323216020085,-0.007697109392040923
-0.0037150924774851366,0.001929423805107433,-0.001738049624758656,-0.0037150924774851366
0.014967759437713887,-0.0030897134109845893,0.011925665074348345,0.014967759437713887
0.00011213818964066202,0.007287253386675117,0.007447010623934826,0.00011213818964066202
0.008225684797041657,-0.011129850124378208,-0.002856546279717502,0.008225684797041657
0.002674097798151795,-0.009616123545659484,-0.00689440669988864,0.002674097798151795
0.0007950652310201677,-0.0015134122499907755,-0.0006707279713515601,0.0007950652310201677
0.0037355973954111238,0.003673279134066094,0.007456495577096266,0.0037355973954111238
0.0033178466622849835,0.002095038965128406,0.005460504675032438,0.0033178466622849835
0.005200420811994568,-0.005916002069780464,-0.000667962210166849,0.005200420811994568
0.0038472967100554503,0.006410620054026328,0.010305535811700826,0.0038472967100554503
0.0004972710461519432,-0.008559779568401914,-0.008014889474630924,0.0004972710461519432
-0.0020273268070546756,0.00016375322453548763,-0.0018159545349001403,-0.0020273268070546756
0.0008184317559908654,0.0036490189684422834,0.0045150697720521965,0.0008184317559908654
-0.00534906946022421,0.0030593269646961027,-0.00224212344790906,-0.00534906946022421
4.65106711846201e-05,-0.005253167630175803,-0.005159037911372135,4.65106711846201e-05
-0.0014475933292302063,0.0021359040159017084,0.0007359297342905498,-0.0014475933292302063
-0.005532190320478998,0.005788853821855269,0.00030428254899531786,-0.005532190320478998
0.003089437010260477,0.0021295548332315737,0.005266610891111099,0.003089437010260477
-0.01732260142437296,0.016901184657214158,-0.00037379771953975757,-0.01732260142437296
0.0040371174144166085,-0.0029343281466633377,0.001150408315372318,0.0040371174144166085
-0.015896855664800865,0.016075945532183077,0.0002267089150012566,-0.015896855664800865
0.001229777515317807,-0.00043944942743698865,0.0008379471354998658,0.001229777515317807
0.009393182255424846,-0.009082899092785868,0.0003579022102580269,0.009393182255424846
-0.004212472245455309,0.0066512481147713584,0.0024863949169350963,-0.004212472245455309
0.013064761415210475,-0.008705408289349322,0.004406972173480202,0.013064761415210475
-0.003939671212499479,0.0026876458937343728,-0.0012044062711460582,-0.003939671212499479
0.011776732046456732,-0.008786823199876913,0.003037527894198868,0.011776732046456732
-0.002358890390952649,0.013585544647484413,0.011274273304150812,-0.002358890390952649
0.006692556767513887,-0.014146116749827435,-0.0074059409346944995,0.006692556767513887
-0.0001316732641930009,-0.0013636946799398992,-0.0014477488965138525,-0.0001316732641930009
-0.004802914354468766,0.006760071265797919,0.0020047759589481994,-0.004802914354468766
-0.016573763351789436,0.012308937555359232,-0.004217206748811157,-0.016573763351789436
-0.002589992284698215,0.004434457431147771,0.0018920841940686037,-0.002589992284698215
0.004383450051187273,4.329933376416338e-05,0.004474368432570484,0.004383450051187273
0.01415645371383122,-0.011550415165012868,0.0026536575964374,0.01415645371383122
-0.009956371898344323,0.008035105784877223,-0.0018736470658480514,-0.009956371898344323
-0.0024625654455725475,0.0012347116663638455,-0.0011802347315896544,-0.0024625654455725475
-0.001344484191589942,-0.005148811556908778,-0.006445676700879673,-0.001344484191589942
0.001998812842506279,-0.010375424080742887,-0.00832899219061756,0.001998812842506279
-0.006240197056025239,-0.0047165767063299,-0.010909154714736092,-0.006240197056025239
0.002171929302909611,0.0003118573317071237,0.0025314056822357822,0.002171929302909611
-0.0006429643681189723,-0.007618014114667457,-0.008213359435167383,-0.0006429643681189723
0.006548323652052263,-0.005524315420803396,0.001071627278867914,0.006548323652052263
-0.004435286026433279,0.002934134995108688,-0.0014535319837055442,-0.004435286026433279
0.0033498270566628303,-0.00400576609184013,-0.0006083199875582526,0.0033498270566628303
0.0029714748621557916,-0.014564859271825258,-0.011545765362050419,0.0029714748621557916
0.002986783538928879,-0.0033093396599037164,-0.0002749370733557896,0.002986783538928879
-0.010237155148781426,0.013218067565697784,0.0030285314645354063,-0.010237155148781426
0.0069369454917628795,-0.0029161571365454234,0.004068407402836504,0.0069369454917628795
-0.0022221241611118346,0.006516226085228278,0.004341720971735492,-0.0022221241611118346
7.362362009107858e-05,-0.00379284507079269,-0.003671602403082564,7.362362009107858e-05
0.0020024076886369403,-0.005607710116152926,-0.0035576833798969384,0.0020024076886369403
0.0021205239483170248,0.0015723686699083926,0.0037405116658444653,0.0021205239483170248
-0.00643251890442069,-0.0005242863136205679,-0.0069091861704222105,-0.00643251890442069
-0.0029182393714030654,-0.008279867885653745,-0.011150488209437762,-0.0029182393714030654
-0.013689088554476283,-0.0016256550587368415,-0.015267124565594077,-0.013689088554476283
-0.020466983962668005,0.0013226984303383647,-0.019096666484710593,-0.020466983962668005
0.010049596777534515,-0.0129390686746336,-0.002841852849480037,0.010049596777534515
0.004332440371459795,-0.0005069191034484312,0.003873140315630411,0.004332440371459795
-0.009811309224863786,0.01207554608178949,0.002311855904544752,-0.009811309224863786
-0.0029512134725773707,0.0008731603153695475,-0.0020304341095887754,-0.0029512134725773707
0.0034361578628090174,-0.001790204203815602,0.001693572706612463,0.0034361578628090174
0.015976327260912016,-0.01935868204088776,-0.0033347357323566993,0.015976327260912016
-0.006051802182690733,0.00023829479194213284,-0.005765888343129553,-0.006051802182690733
-0.0015857066144357643,0.0020842700126163603,0.0005461824457996436,-0.0015857066144357643
-0.0020851922340592312,-0.0016195166879842972,-0.003657089874424481,-0.0020851922340592312
0.011127825653824898,-0.013460121155770857,-0.00228467645432691,0.011127825653824898
0.0028034785380057895,-0.004268406641792679,-0.001417309056167842,0.0028034785380057895
0.0010551397917082036,-0.002812070156946005,-0.0017093113176187538,0.0010551397917082036
-0.002086876715797521,0.004941514949614665,0.002902257281436191,-0.002086876715797521
0.0026684319464720233,-0.001871688948454611,0.0008443620456364601,0.0026684319464720233
0.0027129722176117456,0.0005801993845964758,0.003340790649827269,0.0027129722176117456
-0.00272214173067229,0.004298116632731146,0.0016235939496779036,-0.00272214173067229
-0.010080461365491435,0.010942519933278943,0.0009096776154065571,-0.010080461365491435
0.007804839306481602,-0.008313902541093312,-0.00046144418699266233,0.007804839306481602
0.0007471402531232552,-0.0015086635040639253,-0.0007139042033216225,0.0007471402531232552
-0.004785178676958107,0.0016833579951855658,-0.003054201634153494,-0.004785178676958107
0.0017686329864844974,0.010435777886541197,0.012252029920644742,0.0017686329864844974
-0.00284249373427263,-0.003802417405131995,-0.006597292091785577,-0.00284249373427263
0.0030122396694442014,-0.0012511214848282928,0.0018087372322349562,0.0030122396694442014
-0.00971775622502499,0.009593744655688345,-7.639252171759553e-05,-0.00971775622502499
2.9112882352674176e-05,0.0032999311523811458,0.0033766630823528674,2.9112882352674176e-05
-0.004214183631144585,0.007155345065949197,0.0029887804824236587,-0.004214183631144585
-0.001866468221704807,0.00033871678204119946,-0.0014801323920445601,-0.001866468221704807
0.013503802003454914,-0.007759805778911559,0.005791615272162403,0.013503802003454914
0.005442312343427555,0.0005283475756006071,0.0060182789666472095,0.005442312343427555
-0.007677249037423117,0.009621883248866129,0.001992253259062059,-0.007677249037423117
-0.0034495892422728098,0.001889921683131219,-0.001512048511522543,-0.0034495892422728098
0.006531650402126963,-0.006757504075091325,-0.0001782346253453152,0.006531650402126963
0.001019088905159924,-0.00431465186056056,-0.003247943907781589,0.001019088905159924
0.012188004216517983,-0.0067892547567310665,0.0054463685074059645,0.012188004216517983
-0.0001866961494174333,-0.0012566934931909882,-0.001395770594989374,-0.0001866961494174333
0.004178276516893652,-0.005551177011721151,-0.0013252814472084523,0.004178276516893652
0.004579144954290119,-0.0023961709245677244,0.002230593077341442,0.004579144954290119
-0.00930185778712918,0.008993809719661456,-0.0002604290198486756,-0.00930185778712918
-0.0024858385687112675,0.004975310683601145,0.0025370911625089243,-0.0024858385687112675
0.0006693288673069802,-0.0006763105481336231,4.0637366792404796e-05,0.0006693288673069802
-0.02043934466134145,0.026537324331616895,0.006145598717894492,-0.02043934466134145
0.009596481561374668,-0.001472075683334624,0.008172024925659091,0.009596481561374668
0.010388697220966274,-0.0009127447356884535,0.009523571532896867,0.010388697220966274
0.0005645456439768008,-0.0020207862986689443,-0.0014086216070730959,0.0005645456439768008
-0.00033790669603003007,0.01820077596650585,0.01791048831809487,-0.00033790669603003007
0.00451497456218873,0.0025637488539694384,0.007126342463777216,0.00451497456218873
-0.017700722595605654,0.027697080223380667,0.010043976675394058,-0.017700722595605654
0.0015327496725568838,0.0006771118066195301,0.0022574805267954615,0.0015327496725568838
0.013759045059092615,-0.01992607994280738,-0.006119415836095717,0.013759045059092615
0.01316953423530627,-0.010855936617429066,0.0023612166654962516,0.01316953423530627
0.005469713264142403,-0.010352469635090232,-0.004835137323328781,0.005469713264142403
-0.002467317563775654,0.009074279710517826,0.00665458119436122,-0.002467317563775654
0.011658322103903197,-0.0022167020851321033,0.009489239066390142,0.011658322103903197
0.00927775599165778,0.007858681198551673,0.017184056237828503,0.00927775599165778
-0.004596506685577263,0.008441858414467944,0.0038929707765097293,-0.004596506685577263
-0.006203045790363173,0.005795269450541154,-0.00036015729220297216,-0.006203045790363173
0.0009794745628814055,0.01008415789546726,0.011111251505967713,0.0009794745628814055
-0.007030835851663397,0.0035378365363266527,-0.003445380267717697,-0.007030835851663397
-0.009629952074189903,0.014823490556790109,0.0052411575302192545,-0.009629952074189903
-0.007749221013285888,0.011247944721810848,0.003546342756144008,-0.007749221013285888
0.01046180404407472,-0.016592530876002973,-0.006083107784309206,0.01046180404407472
0.0069334327543848625,-0.017931573644439876,-0.010950521842435968,0.0069334327543848625
1.0796276767651918e-05,-0.00351307993355916,-0.003454664609172461,1.0796276767651918e-05
0.0008953226541714789,0.0008185267401858585,0.0017614684419763852,0.0008953226541714789
-1.4691076278098088e-05,0.004054867869041585,0.004087795840382535,-1.4691076278098088e-05
-0.0007718599274111397,0.005672660927680258,0.004948420047888166,-0.0007718599274111397
0.006078869834185253,-0.009065150323825715,-0.002938661442021415,0.006078869834185253
-0.004813489834837153,-0.003058789924737835,-0.007824660711955941,-0.004813489834837153
0.0006789283300167765,0.026631013123537144,0.027357560501172967,0.0006789283300167765
0.012146269809469694,-0.01404869406788027,-0.0018548052107915272,0.012146269809469694
-0.0010919859699443982,0.01376674585207975,0.012722378929754398,-0.0010919859699443982
0.0025080333108531867,-0.0015894546255791832,0.0009661977328930512,0.0025080333108531867
-0.0005340308216562028,0.011086628217632994,0.01060021644359584,-0.0005340308216562028
0.0017466202835279957,-0.004038636393480855,-0.0022443970623338117,0.0017466202835279957
0.006769407416627574,-0.0030640147582001553,0.003753011706046466,0.006769407416627574
-0.0022092424403562577,0.010166703296465114,0.008005079903727903,-0.0022092424403562577
-0.009446589227887749,0.015613627901670478,0.006214657721401778,-0.009446589227887749
-0.01954836231512472,0.02617180654270962,0.0066710632752039435,-0.01954836231512472
-0.03396328424195565,0.020709602458778995,-0.013206062735557614,-0.03396328424195565
-0.04406052822851591,0.034043424595584515,-0.00996948458531235,-0.04406052822851591
-0.015604883628933116,0.028719861972619047,0.013162597391304978,-0.015604883628933116
0.03630281130868979,-0.03227069213510976,0.0040797382211990784,0.03630281130868979
0.021637549586843843,-0.029508799466076464,-0.007823630831613576,0.021637549586843843
0.0016522903175902313,-0.011977933234987363,-0.010278023869778084,0.0016522903175902313
-0.00946946362501478,-0.0003538060966394287,-0.009775650674035161,-0.00946946362501478
-0.03219706264420026,0.03631714239840372,0.004167698801822508,-0.03219706264420026
0.015016940160197573,-0.017767229534734016,-0.0027026703269173963,0.015016940160197573
0.004644861572460717,-0.006796658592260618,-0.002104177972180854,0.004644861572460717
-0.01695283709887713,0.015534649092683489,-0.001370568958574595,-0.01695283709887713
0.02675694297801161,-0.021328683572319044,0.005475878453311613,0.02675694297801161
-0.009308911670679544,0.015571034310714315,0.006309741687653819,-0.009308911670679544
0.00803721844568455,-0.004197015754843491,0.0038878217384601074,0.00803721844568455
0.0037658608599474086,-0.004794478377461953,-0.000980998469895497,0.0037658608599474086
-0.008042838124098194,0.010301527737535147,0.002306308661056002,-0.008042838124098194
0.013012946131736487,-0.01724786953063816,-0.0041873043512826265,0.013012946131736487
0.007455408531495149,-0.01420939824236951,-0.006706370663255312,0.007455408531495149
0.0018868767500351163,0.008359511401513621,0.010294007199167786,0.0018868767500351163
-0.012305762103349379,0.025150693962126387,0.012892550906396055,-0.012305762103349379
0.0032386803711421373,0.007230341336277651,0.010516640755038836,0.0032386803711421373
-0.01572134667847323,0.02245645249309907,0.006782724862244886,-0.01572134667847323
-0.0039080488569050225,0.016322431142156764,0.012462001332870787,-0.0039080488569050225
-0.0024096400663096394,0.0030737194140371305,0.0007116983953465387,-0.0024096400663096394
0.005631902941930374,0.003432489396751654,0.009112011386301076,0.005631902941930374
-0.025309476138431455,0.03776968696219515,0.012507829871382737,-0.025309476138431455
0.0038383160554781477,-0.0010767247644856096,0.0028092103386115857,0.0038383160554781477
0.019330135961683315,-0.016146099376388154,0.003231655632914206,0.019330135961683315
0.0015930071763907748,0.003120841059559271,0.0047614672835690946,0.0015930071763907748
0.014082191929394852,-0.030865091926240828,-0.016735280949226928,0.014082191929394852
0.01998921646582231,-0.03816093885880782,-0.018124103345366467,0.01998921646582231
-0.005940836776806018,-0.006733875174336881,-0.012627092903523852,-0.005940836776806018
0.0071848862172389305,-0.014091292613047863,-0.006858787348189884,0.0071848862172389305
0.00825497545087436,-0.01223216325359897,-0.003929568755105562,0.00825497545087436
-0.005891162271797956,0.0012323942047570882,-0.00461114901942182,-0.005891162271797956
0.0017505155077435217,0.012020791648701559,0.013818926204064129,0.0017505155077435217
-0.0053110052665266,0.012612347002181062,0.00734896078327351,-0.0053110052665266
-0.0050564106150610445,-0.0061661158121954695,-0.011174907379637467,-0.0050564106150610445
0.011575876379912508,-0.01710440976745395,-0.005480914339922393,0.011575876379912508
0.005039396757426391,0.006779940525796067,0.011866956330841505,0.005039396757426391
-0.0007668754162692217,0.0067219469880365175,0.006002690619386343,-0.0007668754162692217
-0.0031029960227933365,0.0075685791207331194,0.004513202145558831,-0.0031029960227933365
-0.005877164356407606,0.01081406127532644,0.004984515966537882,-0.005877164356407606
0.014225926601661696,-0.012135909455047137,0.002137636194233607,0.014225926601661696
0.011016292503570736,-0.007544397232056123,0.0035195143191336605,0.011016292503570736
-0.0007482576803450549,0.0072589340067382,0.006558295374012193,-0.0007482576803450549
0.0017454238886392434,0.024390242804760917,0.02618328574101921,0.0017454238886392434
0.009333038016426456,-0.019447345292312797,-0.010066688228267295,0.009333038016426456
-0.0013027809886172073,0.004540247997437994,0.0032850860564398337,-0.0013027809886172073
-0.00189065101296237,0.0033762313231521456,0.0015331993578088232,-0.00189065101296237
0.01215228818033224,-0.017169138546913452,-0.004969231318962166,0.01215228818033224
0.0043979464361758236,-0.012640924387345674,-0.008195358903550803,0.0043979464361758236
-0.004652280278780676,0.022752684753054652,0.018148023521893025,-0.004652280278780676
0.002832000236915828,-0.005205394541190091,-0.002325775256655216,0.002832000236915828
-0.0002139061874161953,0.011541155262575611,0.011374868122778464,-0.0002139061874161953
-0.010096835678435192,0.020385903945476524,0.010336687314660378,-0.010096835678435192
0.0039312046203956764,0.006339103647593813,0.010317927315608535,0.0039312046203956764
-0.0016660213185065633,0.02619113288942392,0.024572730618536404,-0.0016660213185065633
-0.013032138410572274,0.013232656994886217,0.00024813763193299145,-0.013032138410572274
-0.00839607848782047,-0.0012117958836210415,-0.009560255323822464,-0.00839607848782047
0.015915800341450608,-0.01152811604884449,0.004435303340225165,0.015915800341450608
0.00030004060206898484,0.014500207975876004,0.014847867625564037,0.00030004060206898484
0.01898780087675446,-0.017439141098671795,0.0015962788257017102,0.01898780087675446
-0.0018501702363971264,0.005583228054059446,0.003780676865281367,-0.0018501702363971264
0.007856277881691187,-0.0022490609068870726,0.005654836022423163,0.007856277881691187
-0.0012916390141568626,0.00026850915866608765,-0.0009755108078717273,-0.0012916390141568626
3.404506224672571e-05,-0.011116744968104027,-0.011035080858238254,3.404506224672571e-05
0.001680055254225543,-0.0017744703859889773,-4.6796084144386734e-05,0.001680055254225543
0.0022980568372512433,0.0020879200788479968,0.004433595963718289,0.0022980568372512433
-0.005036361970318937,-0.009734627957456195,-0.014723370880156085,-0.005036361970318937
0.010957703384933523,-0.009467786328572753,0.001537536103979819,0.010957703384933523
-0.012074398764076602,0.009165929177858417,-0.002860850538599137,-0.012074398764076602
-0.01698546169083477,0.008731673734030195,-0.00820616890918553,-0.01698546169083477
0.022740810697561984,-0.005084830309257799,0.017703599435923232,0.022740810697561984
-0.011944637943435041,0.005776941396489481,-0.006120077499326512,-0.011944637943435041
-0.004400712561608619,0.010632786229233616,0.006279692715244045,-0.004400712561608619
-0.005980777646940685,-0.00040001346196887077,-0.006333172061290508,-0.005980777646940685
-0.002809917631332568,-0.004595873192527299,-0.007358171776240819,-0.002809917631332568
-0.02103099956256762,0.02287669081533906,0.0018933103003904842,-0.02103099956256762
-0.002269386803278999,0.00231997630389103,9.820854823107885e-05,-0.002269386803278999
0.015228785496772103,-0.013712022329674422,0.0015643822147167288,0.015228785496772103
0.016491048499135356,-0.03881970636603747,-0.022281038819283065,0.016491048499135356
-0.008391997745480273,0.017537459232830337,0.00919308053496911,-0.008391997745480273
-0.014707850876546075,0.006558559884748474,-0.008101671944178554,-0.014707850876546075
0.005715196242093588,-0.015516557264100492,-0.009753741974387857,0.005715196242093588
0.00943971320398687,-0.026651511018289022,-0.017164178766683105,0.00943971320398687
0.009661798910713126,-0.0219214684961937,-0.012212050537861528,0.009661798910713126
-0.0016179941594385518,0.001762808897490297,0.00019243378567079288,-0.0016179941594385518
-0.001259914994934497,0.013259095817367584,0.012046799870052135,-0.001259914994934497
0.009564210313194342,-0.005143838310201396,0.004467991050611994,0.009564210313194342
-0.0064251031362289445,0.006712441247392382,0.00033495715878248443,-0.0064251031362289445
-0.010185359726438798,0.006138369432305657,-0.003999371246514093,-0.010185359726438798
-0.018485738461822193,0.010044222323687058,-0.008393897090516089,-0.018485738461822193
0.006002277183425621,0.0036815743496295193,0.009731470580674187,0.006002277183425621
-0.013210253357751391,0.02259306441957457,0.009430430109442224,-0.013210253357751391
-0.02341723877420526,0.02829378315726441,0.004924163430678196,-0.02341723877420526
-0.013941637384260437,0.011169967569340437,-0.002724050767300952,-0.013941637384260437
0.00034292803619124937,0.013853532313402578,0.014244079397212875,0.00034292803619124937
0.008003132532574817,-0.014106497976090603,-0.006055746395896737,0.008003132532574817
-0.028313337784471693,0.028252631626543977,-1.3087110308671626e-05,-0.028313337784471693
0.017040857217493367,-0.013923948846502913,0.0031645274186095002,0.017040857217493367
-0.0218328550846144,0.016762624009243405,-0.00502261202775195,-0.0218328550846144
0.003066390062215118,0.00916202645040852,0.012276035560242685,0.003066390062215118
-0.011014522433591085,0.009831218801583011,-0.001135684584389026,-0.011014522433591085
-0.002663687907781724,-0.016691007054588203,-0.01930707591475088,-0.002663687907781724
0.026068859259194246,-0.02068666979941061,0.005429808507402683,0.026068859259194246
-0.01775846664178965,0.02576607142443658,0.008055223830265976,-0.01775846664178965
0.01248026857929158,-0.020265966301837496,-0.007738078674926869,0.01248026857929158
-0.009698101569493283,-0.0011502252037767276,-0.010800707725650963,-0.009698101569493283
0.0016467788235496916,-0.01339511191732498,-0.01170071404615624,0.0016467788235496916
0.022427604143421268,-0.02946063384467341,-0.006985410653633097,0.022427604143421268
0.005349026680004334,0.008824240746867567,0.014220886474490947,0.005349026680004334
-0.01387210468522679,0.04031207163183411,0.02648758599422637,-0.01387210468522679
-0.004258814465071951,-0.020438405072807687,-0.02464960049026059,-0.004258814465071951
-0.0015602033678206698,-0.032782680799853546,-0.034295265120055166,-0.0015602033678206698
-0.019196691264176703,0.010494579205384897,-0.00865449301117276,-0.019196691264176703
-0.010426202497850676,0.03354602994749351,0.023167446497261886,-0.010426202497850676
0.0006244997766777869,0.017492526401939632,0.018164645226236467,0.0006244997766777869
0.0009841199939014753,0.02038755182028966,0.021419290861810183,0.0009841199939014753
-0.009624856776729685,0.01821422125533678,0.00863698352622614,-0.009624856776729685
0.01856623475549609,-0.02760950457135607,-0.008995650768240935,0.01856623475549609
0.015848427688181108,-0.02920922704502891,-0.013313180309228756,0.015848427688181108
0.012356778838073715,-0.02761400526808048,-0.015209607382387717,0.012356778838073715
-0.0021201634392873504,0.01133640074817303,0.009263856356504728,-0.0021201634392873504
0.0018850271456261455,0.012156480212900337,0.01408912640614553,0.0018850271456261455
0.011983977319413017,-0.03051468811235649,-0.018483091745324427,0.011983977319413017
-0.010439003672350297,0.01736941839847908,0.00697803377374783,-0.010439003672350297
0.008979582488123094,-0.009767432434756557,-0.0007402308990144143,0.008979582488123094
0.01054292859553579,-0.0005372208135575701,0.010053326829597269,0.01054292859553579
-0.005759877092713461,-0.012734496513774854,-0.018446754558869266,-0.005759877092713461
-0.006242822244532871,0.0007398652854968317,-0.0054553379114169916,-0.006242822244532871
0.02062323942951041,-0.025668743312278405,-0.0049978848351489484,0.02062323942951041
0.004914134666497208,-0.05040160645686338,-0.04543985274274713,0.004914134666497208
0.0009606546507604462,-0.037476319525556835,-0.03646804582717734,0.0009606546507604462
0.001457721458038903,-0.025407364890762646,-0.023902024385104696,0.001457721458038903
-0.00022466794423345443,-0.02886632074032235,-0.029043369636936756,-0.00022466794423345443
-0.0073786799969388596,0.0341264443330732,0.02679538338375339,-0.0073786799969388596
0.005374431711131358,0.00047388244162610647,0.005895933200376512,0.005374431711131358
0.001298032672616065,0.01605758326349715,0.017403234983732266,0.001298032672616065
0.01300907234817282,-0.02775278254965342,-0.014696091153861553,0.01300907234817282
-0.0019281767182321554,0.00067297873028248,-0.0012075789403306278,-0.0019281767182321554
-0.0003342520902693426,0.017947336456533573,0.017660703413883278,-0.0003342520902693426
0.006441060580229206,-0.003255718151576671,0.0032329614762715824,0.006441060580229206
0.006395292606927168,-0.024227714866418313,-0.017784803211872098,0.006395292606927168
0.002259606480426721,-0.006586724789419351,-0.0042794992613735825,0.002259606480426721
0.0013364933800677512,-0.003804364445665444,-0.0024202520179786454,0.0013364933800677512
0.0013274303433334108,0.008770459490883628,0.010145508881836086,0.0013274303433334108
-0.001741162469449198,0.02689627645676693,0.02520273303493678,-0.001741162469449198
0.0012348625258040745,0.00020452732368391523,0.0014870088971070373,0.0012348625258040745
0.0031753026968196485,0.0011101908332644564,0.004333112577703153,0.0031753026968196485
0.011311986715671608,-0.009624399221057511,0.0017352065422331455,0.011311986715671608
0.0039997531993561175,-0.0007298297760325175,0.003317542470942647,0.0039997531993561175
-0.004842526844142801,-0.005506566769989856,-0.01030147456651361,-0.004842526844142801
0.005852606574740528,-0.009018307886525587,-0.003118082264166011,0.005852606574740528
-0.004561440021551539,0.004425317511721561,-8.850346221093159e-05,-0.004561440021551539
-0.009257604098354051,0.01181209151120238,0.0026021064604673763,-0.009257604098354051
0.008828395765154491,-0.009510467927511103,-0.0006344531147375629,0.008828395765154491
-0.008770360275977048,0.016865817791596526,0.008143076563238524,-0.008770360275977048
0.00563139273002144,-0.007431177698716133,-0.0017521659210756467,0.00563139273002144
0.0009148377870223921,-0.0011612331476488632,-0.00019877631300742346,0.0009148377870223921
0.012496789402779308,-0.02540451448000518,-0.012860106029606827,0.012496789402779308
0.005970850475836998,-0.02561092121164281,-0.019592451688186765,0.005970850475836998
0.000628789039309124,0.002542790166852097,0.0032191982537802684,0.000628789039309124
0.0003918570193514729,0.0065521003420578846,0.006991576409028405,0.0003918570193514729
0.007329432154757703,-0.010333864010938365,-0.0029568128085616144,0.007329432154757703
0.005933908887926802,-0.01778096083366589,-0.011799432898120044,0.005933908887926802
-9.390670087700595e-05,-0.007268988679223054,-0.007315276332481012,-9.390670087700595e-05
-0.012135289432484191,0.009179536583208837,-0.0029081338016563054,-0.012135289432484191
0.003292549053678256,-0.016045353544123418,-0.012705185442826117,0.003292549053678256
-0.004596808873383791,0.00801953163260337,0.0034703418068386276,-0.004596808873383791
0.0019545513662704746,-0.006948326609513191,-0.004946156195623669,0.0019545513662704746
0.009515387693147371,-0.009931036888945827,-0.00036803014817940764,0.009515387693147371
-0.01030435850369079,0.007991917013513603,-0.0022648224425581387,-0.01030435850369079
-0.005788791457616623,0.01318875114254839,0.007447578732550815,-0.005788791457616623
0.009409266830283747,-0.009494811114203753,-3.7925236300956924e-05,0.009409266830283747
-0.015068568084755473,0.024520227143895155,0.009499278106758728,-0.015068568084755473
-0.0023181696934731688,0.013861856164280036,0.011591305518425915,-0.0023181696934731688
-0.005482960851149531,0.017216701089804564,0.011781359286274077,-0.005482960851149531
0.005014961189063813,-0.013497109188695537,-0.008434528952012675,0.005014961189063813
-0.004429686982066422,0.004763154246155896,0.0003810863117085215,-0.004429686982066422
0.013165492714493686,-0.02024681167100638,-0.007033699908893646,0.013165492714493686
-0.005829589169635539,0.0055583015966267114,-0.00022366852538978048,-0.005829589169635539
0.0015885820735186348,-0.007649186847417883,-0.0060129857262802,0.0015885820735186348
0.005063094839542823,0.010241590664802668,0.015352304551964539,0.005063094839542823
0.015636467373745824,-0.01238346099530238,0.003300625426062491,0.015636467373745824
-0.01201948658237324,0.008838682973915353,-0.0031331845608388374,-0.01201948658237324
-0.004850110251840059,-0.007127732206385734,-0.011930223410606747,-0.004850110251840059
-0.006662166135555139,0.012011705490363183,0.0053971584024270925,-0.006662166135555139
0.0015053830817613547,-0.010444621508137455,-0.008891619378757053,0.0015053830817613547
-0.004089255484550886,-0.007010138182550853,-0.011051774619482693,-0.004089255484550886
0.008263721236047548,-0.012163033670839526,-0.0038516933871729302,0.008263721236047548
0.008372626418116223,-0.01122473183696644,-0.0028044863712311688,0.008372626418116223
-0.018120494946647275,0.0054080984748980645,-0.012664777424130165,-0.018120494946647275
0.0063749889319029505,-0.005292440253951458,0.0011301677255705395,0.0063749889319029505
-0.0020854425459169122,0.0003402538416338914,-0.001697569656663973,-0.0020854425459169122
0.002739611797041408,-0.005236184194888922,-0.002448953350228467,0.002739611797041408
0.0028711860670740962,-0.008692204893541755,-0.00577339977884861,0.0028711860670740962
0.0005418823759182832,0.004743938058819526,0.005333439482356857,0.0005418823759182832
0.0019578326626979335,-0.0317250474047665,-0.029719595694449517,0.0019578326626979335
0.002129737633386126,0.0033486942750123837,0.005526050956017558,0.002129737633386126
0.006047258835847532,-0.005074625680520753,0.0010202522029458256,0.006047258835847532
0.003907924214144818,0.013339998464169363,0.01729554172593323,0.003907924214144818
-0.007238948441589281,0.02599373788826352,0.018802408494293286,-0.007238948441589281
-0.0059325322166933515,0.00488858126714663,-0.000996331901927675,-0.0059325322166933515
0.0006742845985804189,0.0024850000095149303,0.003206903655714397,0.0006742845985804189
-0.0001989516978413121,-0.003808180864832853,-0.003959513515055117,-0.0001989516978413121
0.005421138632847167,0.00792275717216777,0.013391514852633984,0.005421138632847167
-0.006536221679389777,-0.009023413178141015,-0.015512015809911744,-0.006536221679389777
0.005271024125304132,-0.006866591226321168,-0.00154794805339799,0.005271024125304132
0.0021415841479582817,0.00101967144914918,0.003208874644726509,0.0021415841479582817
-0.0005404092600214707,0.006508536630883642,0.006015746418481219,-0.0005404092600214707
0.012234945067974401,-0.029150432497289932,-0.01686786838169648,0.012234945067974401
-0.028851326642828207,0.05290278347988301,0.02409907588467385,-0.028851326642828207
-0.011370363021049363,0.04347413404674666,0.03215139007331634,-0.011370363021049363
0.017009509931385183,-0.03163185509241741,-0.01457472611341318,0.017009509931385183
0.013319090524464379,-0.01740094041549005,-0.004034230843406623,0.013319090524464379
0.014143949760291638,-0.012049661219179778,0.0021419075887309084,0.014143949760291638
0.002436176207991165,-0.0047901861001866585,-0.0023063908445764463,0.002436176207991165
-0.00035916515655876513,0.02864744229111279,0.02833589618217307,-0.00035916515655876513
0.002725970693722033,-0.0007996397735148344,0.001973949967826246,0.002725970693722033
-0.008779492447519304,-0.0063256882895458815,-0.015057561689446138,-0.008779492447519304
0.012227450661993924,-0.02637314245536561,-0.014098072745752638,0.012227450661993924
0.002637876496974942,-0.011590549601722911,-0.008905054057128922,0.002637876496974942
0.003691001260662574,-0.020630343302326846,-0.016891722994045226,0.003691001260662574
0.0022772191684049536,0.005423417563758124,0.007748255779782126,0.0022772191684049536
0.0010734428666102278,-0.00450853386697618,-0.0033874719527469056,0.0010734428666102278
-0.0012169490899751657,-0.0002353626443321545,-0.0014046926866882726,-0.0012169490899751657
0.002199997475730302,-0.0040587952358685985,-0.0018111787125192494,0.002199997475730302
0.0007340756056712204,0.018575865369107065,0.019357560022397333,0.0007340756056712204
-0.0033929428982287925,-0.009549975657470377,-0.012895299508080122,-0.0033929428982287925
-0.0036922327198878114,0.0035372876324153346,-0.00010732603985342916,-0.0036922327198878114
0.006420762855816893,6.682502955237197e-05,0.0065352069329883125,0.006420762855816893
-0.005696571094065063,0.006192279178567117,0.0005433271321211007,-0.005696571094065063
-0.001503142987434454,-0.013397520113120266,-0.014853044052935672,-0.001503142987434454
-0.004699395644398203,-0.007485369128629615,-0.012137145725408771,-0.004699395644398203
0.00048707564835796173,0.0069853573470573015,0.007520052043034311,0.00048707564835796173
0.004068559204175766,-0.005158563481436326,-0.0010423852296415135,0.004068559204175766
-0.0025015374081413058,0.007721547879039663,0.005267629518517405,-0.0025015374081413058
-0.006464509603121069,0.006464280786577285,4.739023107526314e-05,-0.006464509603121069
0.007280113173900649,-0.009910539407798636,-0.00258280718627894,0.007280113173900649
-0.0003460350199492137,0.0065634262335689435,0.006265010261238778,-0.0003460350199492137
0.009402347386081766,-0.01678501547744484,-0.007335049043744028,0.009402347386081766
-0.0009654972810880037,-0.010283546712312908,-0.011201424945781864,-0.0009654972810880037
-0.001373280089928195,-0.004448392495123246,-0.005774053537432393,-0.001373280089928195
-0.004897117904326782,0.023671582885633594,0.018822084028925858,-0.004897117904326782
0.005867629719442986,-0.004050133489093788,0.0018651152779682449,0.005867629719442986
-0.0023395185310155944,0.0027482465507109918,0.000456347067314445,-0.0023395185310155944
0.004120539454637346,-0.014295561411221496,-0.010127402908965103,0.004120539454637346
-0.007398509115315161,0.007637591464930163,0.0002867013972340485,-0.007398509115315161
0.002543555585949466,-0.004003067553590545,-0.0014118929200220317,0.002543555585949466
0.004060847190946428,-0.00613981735445446,-0.0020313511158889853,0.004060847190946428
-0.003646959867359314,-0.0038080148804515747,-0.00740735570019184,-0.003646959867359314
0.0009015123553978331,0.0019898442100218993,0.00293897561303878,0.0009015123553978331
0.0023446131698147132,-0.0019203087376672501,0.00047192347976651077,0.0023446131698147132
-0.00672455564289756,0.00843133306802893,0.0017543964727504183,-0.00672455564289756
-6.821941428025296e-05,0.002368360259128135,0.00234775989246693,-6.821941428025296e-05
-0.0017498638330577477,0.0019909840612016933,0.00028873927576299327,-0.0017498638330577477
0.005698460197418283,-0.008987737369631927,-0.003241658124594596,0.005698460197418283
-0.0012554004101942163,-0.007210012069727381,-0.008417793432302551,-0.0012554004101942163
-0.002681024680316595,0.003606390617834607,0.0009729849851370597,-0.002681024680316595
-0.0069503079466515195,0.005584377873956828,-0.001318311025075645,-0.0069503079466515195
0.0076540488954196075,-0.00758154753602371,0.00012012040701494438,0.0076540488954196075
-0.0007993243295604426,-0.000535029519533887,-0.001286734801475282,-0.0007993243295604426
-0.00013320751313218544,-0.003122643777299578,-0.0032082322428127158,-0.00013320751313218544
-0.00018168720252715004,-0.0007429226058706212,-0.0008769907607787236,-0.00018168720252715004
-0.02240140642900524,0.030141625431165928,0.007787838049779733,-0.02240140642900524
0.014494175198580867,-0.011432813875798156,0.003108980370401759,0.014494175198580867
-0.02198589879381706,0.01918263093530551,-0.0027556488108925067,-0.02198589879381706
-0.006038325847501755,0.007693321383640936,0.0017026145837582278,-0.006038325847501755
0.010223532116723359,-0.004800621162716473,0.005470530001625934,0.010223532116723359
-0.00668944956042055,0.009643990666120142,0.003002160153318639,-0.00668944956042055
0.003353166971431225,-0.0005376729203410252,0.0028631130987092474,0.003353166971431225
-0.002080402428070043,0.011861495726422203,0.009828712345971208,-0.002080402428070043
0.009194969556736482,-0.008840887272137263,0.00040170133221826805,0.009194969556736482
0.005133152067251641,-0.014647326079703581,-0.009466554964832893,0.005133152067251641
-0.008050187293981749,0.017264680792875756,0.009262112546513053,-0.008050187293981749
-0.010512537863573406,0.005922669529953521,-0.004542249286000837,-0.010512537863573406
0.0028894701395977005,-0.004529607638074288,-0.00159251845085754,0.0028894701395977005
0.009271833718422998,-0.013101077608304834,-0.0037816248422627876,0.009271833718422998
-0.011091622529413075,0.002363033911295477,-0.00868096957049855,-0.011091622529413075
0.010769150311602077,-0.009872546072271157,0.0009442232869499687,0.010769150311602077
-0.00581245679791734,0.004176894592782819,-0.0015879431575154747,-0.00581245679791734
-0.00891346693933397,0.005267450847232634,-0.0035983970444822887,-0.00891346693933397
0.003866372504990187,-0.01509025641712207,-0.011176264864512835,0.003866372504990187
-0.0031427445243891673,0.006983647194814575,0.003888521718044455,-0.0031427445243891673
-0.0004313243571695049,0.011334531276844098,0.01095082596729364,-0.0004313243571695049
0.0069144536042311305,-0.0004446261047799865,0.006517446547070192,0.0069144536042311305
-0.013774799308329007,0.012722646242805826,-0.0010045340179041322,-0.013774799308329007
0.0013710317590600327,0.00413042939882175,0.00554908020550083,0.0013710317590600327
-0.0026351417556782454,0.010035065179291336,0.007447542471232139,-0.0026351417556782454
-0.002518525688937259,0.0010778523322539676,-0.0013930543090642437,-0.002518525688937259
-0.003713606866095938,0.0021577811830138013,-0.001508206635463089,-0.003713606866095938
0.009233041905381939,-0.008946102042976531,0.00033455891002445596,0.009233041905381939
0.002024722603430118,-0.005668315384632923,-0.0035959737335837577,0.002024722603430118
-0.002769393650066814,-0.007097185375666908,-0.009818959978114675,-0.002769393650066814
-0.002620609547411133,0.004819865773180721,0.0022468752733886357,-0.002620609547411133
0.0022243505378101336,0.008726759925542074,0.010998729510971255,0.0022243505378101336
-0.0012656155527841807,-0.004606878681214761,-0.0058248751863798935,-0.0012656155527841807
0.000278340302613249,0.001183589794035968,0.0015095491442682647,0.000278340302613249
-0.005819587940138131,0.004223741952708015,-0.0015482269398110686,-0.005819587940138131
-0.0007764606477012317,0.0029116615605439596,0.0021828199604617756,-0.0007764606477012317
0.003486342885224238,0.005933020435141683,0.009466982367984968,0.003486342885224238
-0.005081320732470882,0.008436759780040578,0.003403058095188743,-0.005081320732470882
-0.010592631772574258,0.00024762107125403897,-0.01029739165370117,-0.010592631772574258
-0.005836813644021314,0.00457039088122027,-0.0012188037151819975,-0.005836813644021314
-0.0012891654648625873,-0.0055322185056344295,-0.006773764922877969,-0.0012891654648625873
0.02679197940965115,-0.02491579369273578,0.0019238047645344148,0.02679197940965115
-0.00016997029709574303,-0.009534460042681828,-0.009656811292158524,-0.00016997029709574303
0.019902677393054888,-0.020624031161312072,-0.0006737347206381395,0.019902677393054888
0.0063211403545161415,-0.007522670482811739,-0.0011539110806765506,0.0063211403545161415
0.012480933073806924,-0.01103058122096029,0.0014979709004656829,0.012480933073806924
0.010099019570328669,-0.009385685319074683,0.0007609532988730344,0.010099019570328669
0.010569998827469397,-0.004403598042403942,0.006214019832684503,0.010569998827469397
-0.0042576785624819985,-0.00213012397887373,-0.006340183493736681,-0.0042576785624819985
0.008578665717288967,-0.0014869652274084784,0.007139319537499537,0.008578665717288967
0.0028126026434943706,-0.010120437408884502,-0.0072602157177710834,0.0028126026434943706
0.008115202769099848,-0.0053426199360170545,0.0028202018807018414,0.008115202769099848
0.006339346722520252,-0.00042428935206514614,0.0059626764180741535,0.006339346722520252
0.0012372660012807876,-0.003260542487327864,-0.0019756574384280287,0.0012372660012807876
0.005479059008139516,-0.00713094028237695,-0.0016042622266183872,0.005479059008139516
-0.009005338224460214,0.01673523422663932,0.007777515049798153,-0.009005338224460214
0.003372586721016648,0.005301972902355676,0.00872217867099137,0.003372586721016648
0.003468701533107574,-0.01124336131037481,-0.0077270407296481875,0.003468701533107574
0.008029041282925004,0.006055912543166514,0.014132572873710563,0.008029041282925004
-0.0035287946029118225,-0.005814034137605048,-0.009295209692897823,-0.0035287946029118225
0.016862182903762804,-0.017708196918692028,-0.0007983949673101786,0.016862182903762804
0.008385594709453761,-0.02030300176065705,-0.011869788003584241,0.008385594709453761
0.012622397607196304,-0.028325805740870166,-0.015655789086054816,0.012622397607196304
0.008891271391656746,-0.0015478809455698325,0.007391009493705962,0.008891271391656746
0.006879295263674039,-0.009796359268510425,-0.0028694449572173385,0.006879295263674039
-0.002324682489648029,0.010235549683625812,0.007958486241596832,-0.002324682489648029
0.005359486363816513,-0.007236644868597903,-0.0018295394571623438,0.005359486363816513
-0.012985148034298994,0.01180668751685888,-0.0011308414698210658,-0.012985148034298994
0.0098253312370284,-0.007954515076627186,0.0019184352080202625,0.0098253312370284
0.0013021734053948373,-0.011073085328683922,-0.009723292875670036,0.0013021734053948373
0.0010334648416769185,-0.013259178956984696,-0.01217809506768873,0.0010334648416769185
0.011567100169627555,-0.0031310142642650284,0.008483704952981575,0.011567100169627555
-0.005051129722473808,0.005176502828051981,0.00017299215319721954,-0.005051129722473808
-0.005986731200481125,-0.01047908727335349,-0.016418199426215568,-0.005986731200481125
0.0005826639431692458,0.0022107786153154774,0.0028410616061037707,0.0005826639431692458
0.009943965522487058,-0.0024606949777222467,0.00753088959238386,0.009943965522487058
-0.012860801716465309,0.01798164420858841,0.005168461539742147,-0.012860801716465309
3.330399979309268e-05,0.0012155770482692417,0.001296500095681382,3.330399979309268e-05
-0.005528907640913299,-0.0018897272720170611,-0.007371015865311312,-0.005528907640913299
0.007014961316147886,-0.0162599915669786,-0.00919741120321167,0.007014961316147886
0.003495389982374588,-0.018194304610486496,-0.014651295580492862,0.003495389982374588
-0.007035136516463698,0.0013462910280308813,-0.005641226440813769,-0.007035136516463698
0.002646740745736062,0.002253192694156065,0.0049475524875111756,0.002646740745736062
-0.003229311842028473,0.004847143063258419,0.0016654502688489936,-0.003229311842028473
0.0005017621511729373,-0.0010021227504317272,-0.00045274155163974223,0.0005017621511729373
-0.0010650306525424027,-0.007676945076103617,-0.008694356681026973,-0.0010650306525424027
-0.006244714054573487,0.010492682960324006,0.0042955879533695665,-0.006244714054573487
0.00556551524928123,-0.003934023957879147,0.0016791103390211303,0.00556551524928123
-0.014375978491543182,0.00482536484873773,-0.009502994595186406,-0.014375978491543182
0.0029232910125556975,-0.007135038566886134,-0.004164128506711389,0.0029232910125556975
-0.0033645419170514313,0.011509889050714886,0.008192966181282502,-0.0033645419170514313
0.005175496589437949,-0.003899755644711314,0.0013233599923456823,0.005175496589437949
0.0010671652005671947,0.006403309806786795,0.007518094054973037,0.0010671652005671947
0.007876676191337766,-0.011479693935157515,-0.0035553986962007004,0.007876676191337766
0.007632692590280641,-0.01181111810205413,-0.0041308064641544405,0.007632692590280641
0.0016805127889341252,0.011202173850875767,0.01293030568742894,0.0016805127889341252
0.007734470450741453,0.00037213408416722363,0.008154223582527724,0.007734470450741453
-0.007512361256522331,0.008828489648654044,0.0013637474397507608,-0.007512361256522331
-0.002430365292132506,-0.0026542823170262624,-0.005037028561539721,-0.002430365292132506
0.0009448147146773776,0.00932772796219022,0.010320161724486646,0.0009448147146773776
0.0012908284078975683,-0.0031458405568077765,-0.0018073931012911606,0.0012908284078975683
0.007740134579794642,-0.005336873225298064,0.002450880402115625,0.007740134579794642
-0.0019433983601955653,0.002791127214013701,0.0008953479014371833,-0.0019433983601955653
-0.005724330097906795,0.002200546190615955,-0.003476164859671793,-0.005724330097906795
-0.0031547591127071687,0.004237859632244922,0.0011307195671568008,-0.0031547591127071687
0.004712896043210901,-0.0039899360874530365,0.0007705790033769116,0.004712896043210901
0.0025109188341491694,-0.002261633418126902,0.0002969044636413152,0.0025109188341491694
0.007310332579682109,-0.007338452590707746,1.9499036593409398e-05,0.007310332579682109
0.00397140552499756,-0.004546572309293983,-0.0005275477366773764,0.00397140552499756
0.0031758441396275835,-0.007560698532860099,-0.004337235345613468,0.0031758441396275835
-0.0034976230102792584,-0.0005559000829977683,-0.0040059040456579785,-0.0034976230102792584
-0.0017166348354679297,-0.004780958414336839,-0.006449974202185721,-0.0017166348354679297
0.007581867843549519,-0.007641944848882756,-1.245795771419005e-05,0.007581867843549519
-0.0034513605573565135,0.002244811678696502,-0.0011589298310409639,-0.0034513605573565135
-0.0057026276621959665,-0.0007097831330485267,-0.006364791747625446,-0.0057026276621959665
-0.0015473542324027714,-0.0007587666067204897,-0.0022585017915042137,-0.0015473542324027714
0.010064431521999246,-0.00020429568979691494,0.009907754879821378,0.010064431521999246
-0.00774445751995362,0.011093347497994238,0.0033965090256596656,-0.00774445751995362
0.018798442830536184,-0.008225746365120471,0.010620315513034759,0.018798442830536184
-0.01441341876455947,0.0064136425728670045,-0.00795215714407342,-0.01441341876455947
0.0005479765005844104,0.00478443285372792,0.005380028401931378,0.0005479765005844104
-0.005797340345153312,0.00859886610558855,0.002849144808054286,-0.005797340345153312
-0.006698273303164042,0.006939438260476256,0.00028878400493126096,-0.006698273303164042
-0.005170212838147061,0.009228092580157922,0.004105498789629909,-0.005170212838147061
-0.0007613711096397238,0.007356220997896479,0.006642468935875803,-0.0007613711096397238
0.00041148448379114,-0.011616565773879522,-0.011157462242469334,0.00041148448379114
0.003271673093626064,0.00848230997133534,0.011801602112580451,0.003271673093626064
-0.0060712358222028,0.002971319335160539,-0.003052297439423214,-0.0060712358222028
0.013247107411500631,-0.011518456556197043,0.0017762699029226369,0.013247107411500631
0.0011313738744672007,-6.764055450599284e-05,0.0011113523675802554,0.0011313738744672007
-0.007575887632257801,-0.007278489395073233,-0.014806757979711987,-0.007575887632257801
-0.002066403647295752,-0.001388106552962837,-0.003406891152639541,-0.002066403647295752
-0.026699608736843582,0.010878469479376353,-0.01577352020984818,-0.026699608736843582
0.0015424278857312367,-0.00041560572929536096,0.0011744412040549234,0.0015424278857312367
-3.8664678275322106e-05,0.0016335786064590237,0.0016425329758027493,-3.8664678275322106e-05
0.00044167352334514723,0.005610990040707425,0.00610028261167162,0.00044167352334514723
-0.00022815513361312616,0.002215554714097978,0.0020350186281038996,-0.00022815513361312616
0.008563435760554223,-0.008725117766333569,-0.00011406295816029701,0.008563435760554223
0.00419490006556881,-0.011084480032580458,-0.0068419609193926005,0.00419490006556881
0.003923769004327342,-0.0021104133257487724,0.0018609747261976168,0.003923769004327342
-0.0013330650716053328,-0.0029311493404931203,-0.004216595364479405,-0.0013330650716053328
0.0015153264472016967,0.004630043561864806,0.006192989056685551,0.0015153264472016967
-0.0013952371656246456,-0.0008647316616383106,-0.0022123497796439086,-0.0013952371656246456
-0.0038111671399758506,0.015930824417750435,0.01216727632539363,-0.0038111671399758506
0.005930764672395981,-0.008573795224342236,-0.0025954115043272078,0.005930764672395981
7.746514820504907e-05,0.004473271537099662,0.004598355732923758,7.746514820504907e-05
2.6608446420639374e-05,-0.0022295578781107305,-0.0021553303840710436,2.6608446420639374e-05
-0.0009754713113164961,-0.0012186155688095326,-0.0021464678325069813,-0.0009754713113164961
-0.005064351744423092,0.0027566638424717867,-0.0022600688543322578,-0.005064351744423092
-0.007526301538335058,0.014695225153678165,0.007216542662962155,-0.007526301538335058
0.013648800238697073,-0.006625011860787826,0.007071407425528296,0.013648800238697073
-0.006529802229187833,0.002938280003384488,-0.0035439031781842978,-0.006529802229187833
-0.000514051579891235,0.008605300891102981,0.008138868358830794,-0.000514051579891235
0.0069157070422506805,-0.006306608376213618,0.0006567177136561088,0.0069157070422506805
-0.005341057665503124,0.0033065779273350588,-0.0019868606905490177,-0.005341057665503124
0.018463127338779396,-0.006999647668012138,0.011511098718386304,0.018463127338779396
0.012876064298351392,-0.01813189327933829,-0.005208209933367853,0.012876064298351392
-0.003530298939279746,-0.0021072216095913135,-0.005589901501252011,-0.003530298939279746
-0.0007470541092735819,-5.953498462726209e-06,-0.0007053885601172605,-0.0007470541092735819
-0.0014981626575243246,0.007171657595291725,0.0057211139853864485,-0.0014981626575243246
0.0015849334177014283,-0.0010600117422033168,0.0005725407231171591,0.0015849334177014283
-0.004823001419077117,0.0023715272472958145,-0.0024038551241622554,-0.004823001419077117
-0.005340103122308384,6.549766088926709e-05,-0.005226986413800069,-0.005340103122308384
-0.005222095006630418,0.005591288237224901,0.0004168122782135298,-0.005222095006630418
0.009925736801807722,-0.00463366168740472,0.00533969416202205,0.009925736801807722
0.003856878703956523,0.0016740542906998684,0.00557855204227544,0.003856878703956523
-0.0050740971965522385,0.0060226780328800624,0.0009961998839468707,-0.0050740971965522385
0.013242167843155963,-0.0048822708146054,0.00840751607616961,0.013242167843155963
-0.0010607290631764645,0.011747678394308694,0.010734568378751277,-0.0010607290631764645
0.006079194155474004,0.007945381393986612,0.014072194597079663,0.006079194155474004
0.011215313668096862,0.003862565464275838,0.015125498179991747,0.011215313668096862
0.004646776830662592,-0.003015514340952741,0.001678881537328898,0.004646776830662592
-0.023097614105368532,0.014097666521835773,-0.008952328535913713,-0.023097614105368532
0.007977902803570793,0.0009470895709661079,0.00897261142215595,0.007977902803570793
0.011024796008172673,-0.0034703249574450316,0.00760209009834669,0.011024796008172673
0.008066123178717714,-0.004962725944865327,0.0031510162814714347,0.008066123178717714
0.003128479233009713,-0.0030847648175513723,9.13334630773884e-05,0.003128479233009713
0.005657326363838857,0.0019331386277608407,0.007638084039218745,0.005657326363838857
0.003508177082406729,-0.000525453508363223,0.0030303426216625536,0.003508177082406729
0.0013063446004704814,0.0014996207121896036,0.0028535843602791326,0.0013063446004704814
-0.0032192721222417922,0.005007095730116323,0.0018354426554935779,-0.0032192721222417922
-0.002904619944162126,-2.4459564307486807e-05,-0.002881460460850565,-0.002904619944162126
0.00880424832373213,-0.012798790679879306,-0.003946923308528127,0.00880424832373213
0.005090310131343703,-0.0038073846984157593,0.001330544480546991,0.005090310131343703
-0.0008009271628634986,0.00860631037217539,0.00785300225693094,-0.0008009271628634986
-0.0009368458438945117,-0.0030815590171330877,-0.0039707858134085516,-0.0009368458438945117
0.003429207593712791,-0.0020263751532749335,0.001450451488056905,0.003429207593712791
0.00835585533388106,-0.005454548056293933,0.002948926325206175,0.00835585533388106
-0.0037572074726356197,-0.010821392732467683,-0.014530981157484255,-0.0037572074726356197
-0.00463763403173806,0.0010364039621657216,-0.003553611021953291,-0.00463763403173806
0.007587060722198924,-0.011672825930637022,-0.004038146160819049,0.007587060722198924
-0.004550674602623861,0.002228501994980917,-0.0022745535600238965,-0.004550674602623861
-0.0027689217337804853,0.005545553051095644,0.002824250364934206,-0.0027689217337804853
0.006103183862574997,-0.0004807776233334743,0.00567002528686057,0.006103183862574997
0.007842527515318585,-0.00024224918947433487,0.007647897373463298,0.007842527515318585
-0.009370702238923539,0.007673850806448601,-0.0016492323848558903,-0.009370702238923539
-0.0022613299951181,0.010100819982522751,0.007887109035023699,-0.0022613299951181
-0.002942072416526265,-0.007075650105311811,-0.009970103474219028,-0.002942072416526265
0.002792876929082051,0.0008645804861670171,0.0037050764628681157,0.002792876929082051
-0.003870038797886282,-0.0004496179492197537,-0.004272037699486988,-0.003870038797886282
-0.007030612598374026,0.009148994574884021,0.002166001024129043,-0.007030612598374026
0.012473001432435859,-0.0065077768747718555,0.0060128436052830515,0.012473001432435859
-0.011882484518534065,0.004381968280012891,-0.007452897190902126,-0.011882484518534065
0.000851227919740851,-0.002088582220349128,-0.0011897352529892293,0.000851227919740851
0.003128143345887282,-0.0070454793169036,-0.003869716923397271,0.003128143345887282
0.0005546373382605905,0.006965469056117473,0.007567725441997111,0.0005546373382605905
-0.007496738671156948,0.010941887783173553,0.0034927681596356526,-0.007496738671156948
0.00610711386145113,-0.0012344505177690171,0.0049202823913011605,0.00610711386145113
0.005753779990069465,-0.0022093713361380466,0.003592027701550466,0.005753779990069465
-0.0023057605563469342,0.00031376936880417403,-0.0019443721399237126,-0.0023057605563469342
0.004051535806631255,-0.014996520230761727,-0.010897365376511424,0.004051535806631255
0.0005265719710762616,-0.0076888865499518625,-0.007114695531256553,0.0005265719710762616
0.0028814746382920206,-0.008140113525759355,-0.005211019839848286,0.0028814746382920206
-0.0027602506162680875,0.0045529348250005095,0.0018403032563514693,-0.0027602506162680875
0.0005519149286376377,0.0012554585402302417,0.0018549925164869272,0.0005519149286376377
0.0024825440610603076,-0.009438176093329564,-0.0069080129846502076,0.0024825440610603076
0.002570491587642505,-0.0026806679322200692,-6.255729695851675e-05,0.002570491587642505
-5.955133179929034e-05,-0.00011681085872917803,-0.00012874314290942074,-5.955133179929034e-05
-0.00027001957070771815,0.004915758979104496,0.004693358456015826,-0.00027001957070771815
0.006084357449722005,-0.013618647696729764,-0.007486671199388711,0.006084357449722005
-0.0008207562470204223,0.010986424530765312,0.010213287331363938,-0.0008207562470204223
-0.004208336668182375,0.0007466646792008028,-0.0034140529413625247,-0.004208336668182375
-0.005085437789163096,-0.0016602780076641185,-0.006698096749208167,-0.005085437789163096
-0.0011169597623639051,0.000932093778702549,-0.00013724693604230846,-0.0011169597623639051
-0.002584264296708123,0.0010013089803655075,-0.001535336268723568,-0.002584264296708123
0.006501991563167038,0.0009533883090798688,0.007502998919865954,0.006501991563167038
-0.003386549510885666,0.0029018172903169624,-0.0004371131729496557,-0.003386549510885666
0.002601655738024373,-0.002427560560504778,0.0002217142251386426,0.002601655738024373
0.003830847696623194,0.001379317804514054,0.005257784548756296,0.003830847696623194
-0.0019115934579134344,0.005412342122884257,0.0035483677125898697,-0.0019115934579134344
-0.004515253653593158,-0.0031241438206759263,-0.007591778426650037,-0.004515253653593158
-0.015217582969713886,0.01657843970208029,0.001408475779985451,-0.015217582969713886
-0.0030296058659650483,0.0008456946288829374,-0.0021362921894630634,-0.0030296058659650483
0.015562909591925357,-0.00835922512694375,0.007251303512600656,0.015562909591925357
0.002214381251919031,0.0010705766780436886,0.003332576977581767,0.002214381251919031
-0.0009919148044609473,-0.002287448581277542,-0.0032317443381194417,-0.0009919148044609473
-0.01878101436133896,0.0161157634912481,-0.0026176318224718164,-0.01878101436133896
0.002076218711187856,-0.0006036167607409215,0.001520220998065982,0.002076218711187856
-0.0020713334618248738,0.0014525701425185866,-0.0005711442716872395,-0.0020713334618248738
0.008087506217023116,-0.005809113328917245,0.0023260119357249183,0.008087506217023116
0.0029241598506693786,-0.003612620273633357,-0.0006408413753449306,0.0029241598506693786
0.0045868778002223914,0.0053554332517593535,0.009989930099600792,0.0045868778002223914
0.0018750015366732862,-0.0014675197940515357,0.0004551007902407981,0.0018750015366732862
0.004054210902749574,0.001843079708836097,0.0059449096592047185,0.004054210902749574
-0.0012825740689614575,0.0007879337132858813,-0.00044702130805652856,-0.0012825740689614575
0.0033824778963130607,-0.004415467239648451,-0.0009853702957163435,0.0033824778963130607
0.006425583552557273,-0.003841614786005603,0.002631587814170717,0.006425583552557273
0.0055893019097958295,-0.00916706790382957,-0.0035301469464146923,0.0055893019097958295
-0.010701654215637148,-0.0036224440490366053,-0.014276479217054706,-0.010701654215637148
0.0015024069918422266,-0.010287420079637438,-0.008737394040176164,0.0015024069918422266
0.005205045730903293,-0.002068810026846193,0.003183854751676147,0.005205045730903293
-0.0031033051941486093,-2.2943084240606848e-05,-0.0030786292307701684,-0.0031033051941486093
0.014373755327547276,-0.010531454641243759,0.003889919733922566,0.014373755327547276
0.0014319502483274515,-0.0025316631215796686,-0.0010520938256331695,0.0014319502483274515
0.0012905151404115365,-0.006444178743656145,-0.005106044555625561,0.0012905151404115365
0.00028321803728860375,-0.005865318928077511,-0.005534481843169859,0.00028321803728860375
0.00581606971296794,-0.011600405253974792,-0.005736716493387804,0.00581606971296794
0.008464129376728446,-0.0005530606632051934,0.007958687761142301,0.008464129376728446
0.00325181196301779,-0.0010608581604483398,0.0022385728501884976,0.00325181196301779
0.0011234238556324082,-0.004500816199326581,-0.003329773296075125,0.0011234238556324082
-0.004077498099156997,0.008074732784816185,0.004044853733278236,-0.004077498099156997
-0.0014695785965995302,-0.002665513871286102,-0.004087473420266584,-0.0014695785965995302
-0.008908529743268136,-0.0013639598770743824,-0.010224870572723472,-0.008908529743268136
-0.002746974869209984,0.0010564744094941955,-0.001642881412096741,-0.002746974869209984
0.010905128171065183,-0.010593514091773674,0.0003592331269105576,0.010905128171065183
0.007423236336520094,-0.0005476070396693494,0.006923248344469792,0.007423236336520094
0.004854739411713283,-0.0019749307558940546,0.0029274277034382753,0.004854739411713283
0.0036865703321597907,-0.005059144930809975,-0.001324955551031137,0.0036865703321597907
0.0009651274448694023,-0.0002713795940454793,0.0007413668984429705,0.0009651274448694023
0.0027959733652690843,-0.0026628914561059236,0.0001807009567822084,0.0027959733652690843
0.002383615198893314,0.0010247991007028986,0.0034560333472152603,0.002383615198893314
0.002499786557915131,0.0011852076783299833,0.003732613283864162,0.002499786557915131
-0.0013406653029762342,0.0032893359406672685,0.0019962896853100817,-0.0013406653029762342
0.003830404684596318,-0.0026690531500792904,0.0012089705821360752,0.003830404684596318
0.00353633538210095,-0.0004897894450339047,0.003094164984686093,0.00353633538210095
-0.0005496238665437627,-0.0005391638838108919,-0.001041168702735607,-0.0005496238665437627
0.0008760579764924656,-0.0002368050279741093,0.0006868719961374039,0.0008760579764924656
0.005758325180463011,2.587270292957319e-05,0.005831816931011632,0.005758325180463011
0.0016482184176331669,0.0008892345497624041,0.0025850720150146188,0.0016482184176331669
0.00498379751411699,-0.004346152871905423,0.0006852636898306143,0.00498379751411699
3.918321122263074e-05,0.00030266970561936544,0.00038947196446104376,3.918321122263074e-05
0.006734882499773849,-0.002237682405542059,0.004544819141850838,0.006734882499773849
-0.002696492348130981,-0.00279449169498436,-0.005443364995496293,-0.002696492348130981
0.002317073470120632,0.0019040277642101225,0.004268720281949802,0.002317073470120632
-0.005375896207672879,0.008308585991613859,0.002980308831560028,-0.005375896207672879
0.0055985264471815205,-0.005774967245517179,-0.000128821750716612,0.0055985264471815205
0.00975138684657458,0.002807012712403321,0.012606018606596948,0.00975138684657458
-0.0037574675385296844,0.01561361696231998,0.011903768471409342,-0.0037574675385296844
0.0055205506450881625,-0.003957244427847014,0.001610925264860195,0.0055205506450881625
-0.0013216378564756771,0.0021090503266897173,0.0008350315178330878,-0.0013216378564756771
0.0009045448031288526,-0.004322084888826093,-0.003369921038078193,0.0009045448031288526
0.003672010294869494,-0.0026051224453702377,0.001114506897118304,0.003672010294869494
-0.0007994102598845967,-0.004684852521395489,-0.005436643733661038,-0.0007994102598845967
-0.0008795463184431453,0.0013087849912766913,0.00047685772045259365,-0.0008795463184431453
-0.0026963951591127567,-0.007745048622074181,-0.010393824733567892,-0.0026963951591127567
-0.009511678417603081,0.003202162898717115,-0.006261896471266918,-0.009511678417603081
0.004895776574943863,-0.0032701240040976256,0.0016732716184652842,0.004895776574943863
0.004103726054913635,-0.0077178702525541225,-0.003566525150021441,0.004103726054913635
0.0019966401572873637,0.0007023853461707449,0.002746644551077156,0.0019966401572873637
-0.00864646430159278,0.011701478922502787,0.003102633668529056,-0.00864646430159278
0.010917778379928524,-0.011837096885417082,-0.0008716994578695093,0.010917778379928524
-0.0034892596503354723,-0.004031996865924766,-0.007473637468641191,-0.0034892596503354723
0.0038386937108201022,-0.0007918371123017987,0.0030944756461373513,0.0038386937108201022
0.009619092640444159,-0.008421887513212226,0.0012448241748509816,0.009619092640444159
-0.004157733434525706,0.0012064033144280656,-0.002903711072478593,-0.004157733434525706
0.004333604039190818,0.0029730748564650565,0.007354297943274922,0.004333604039190818
-0.0028693276446617056,-0.006608385370214565,-0.009430093967257224,-0.0028693276446617056
0.009231930290578826,-0.013637158442654323,-0.004357609104456448,0.009231930290578826
-0.011371949364543879,-0.004369982559049756,-0.015694312875974586,-0.011371949364543879
0.0065109783804035495,-0.005610911585273178,0.0009476858427494186,0.0065109783804035495
-0.004804487378730093,0.0004339978130223701,-0.004322870518088675,-0.004804487378730093
-0.005850402394978249,-0.00408265692326807,-0.009885440270627273,-0.005850402394978249
-0.0040653416116157755,0.007173584730723618,0.0031558621667268894,-0.0040653416116157755
-0.004540494513050772,0.005816022737942068,0.001323147272510343,-0.004540494513050772
0.0023103430473074035,-0.007232023012862494,-0.004874060917936043,0.0023103430473074035
0.006143340416343204,-0.010653795177393907,-0.004462835713431656,0.006143340416343204
5.866989626329461e-05,-0.006332200035020332,-0.006225911091137989,5.866989626329461e-05
-0.0012766612420533098,-0.0009118753598540771,-0.002140917554288339,-0.0012766612420533098
-1.705795425909445e-05,-0.0016914866833606208,-0.0016609255900006676,-1.705795425909445e-05
-0.006461980434683574,0.010535215297449609,0.004120853910385083,-0.006461980434683574
0.011895602300457398,-0.00796868466519327,0.003974536682883177,0.011895602300457398
0.010998036459956206,-0.006735583479173692,0.004310072028401562,0.010998036459956206
-0.005532946825927376,0.0038882836536565843,-0.0015970441246517448,-0.005532946825927376
0.0035580963202642654,-0.00038781388160191537,0.0032179014862813975,0.0035580963202642654
0.0014821462242476445,-0.003935510448683806,-0.0024057451768171143,0.0014821462242476445
0.002408216868591952,0.002562883088661102,0.005018719004872102,0.002408216868591952
4.179238194266671e-05,6.015940698362141e-05,0.00014957083654533574,4.179238194266671e-05
0.001426466436212883,-0.0008341531094358496,0.000639932374396081,0.001426466436212883
0.00203133866056882,-0.0009113305529347254,0.001167627155253142,0.00203133866056882
-0.006387931847544976,0.0070896104710879825,0.0007492976711620529,-0.006387931847544976
0.007533605049301193,-0.010920947379795303,-0.0033397232828750625,0.007533605049301193
0.0065456914817226645,-0.006684514073287087,-9.12035439453759e-05,0.0065456914817226645
0.0018254733333078164,-0.008207946439475856,-0.00633485405854899,0.0018254733333078164
0.006787565527619503,-0.006264330938879087,0.0005708536363594635,0.006787565527619503
0.0014163630856194763,-0.0020679166355609506,-0.0006039345023224267,0.0014163630856194763
0.00257064457515014,0.004875058436299883,0.007493322059069071,0.00257064457515014
-0.0036911653343897435,0.00039061812090088676,-0.003252928165869809,-0.0036911653343897435
0.00611539382747484,-0.010097574017724698,-0.00393456114263081,0.00611539382747484
0.007408165157673423,-0.00218573001033738,0.005270054194955091,0.007408165157673423
-0.002155299037453484,0.0029292114041042988,0.0008215314142698622,-0.002155299037453484
0.014601494459917536,-0.006540002598076483,0.0081091109094601,0.014601494459917536
-0.0006171456329100569,0.009915527611329992,0.009346001026038983,-0.0006171456329100569
0.0076219101503857,-0.006551308777859228,0.0011182204201455191,0.0076219101503857
0.010670534230121147,-0.006767209936779058,0.003950943340961137,0.010670534230121147
0.002464181949666191,-0.0013365187654841152,0.0011752822318011234,0.002464181949666191
-0.007410170101353972,0.003808668856426091,-0.0035538821973088337,-0.007410170101353972
-0.0004914443507107793,0.003051258163752395,0.0026074328606606636,-0.0004914443507107793
0.016182142301244814,-0.010040253675602111,0.00618950767326175,0.016182142301244814
-0.008924207828930225,0.004872947685120109,-0.004003641096191068,-0.008924207828930225
-0.013308328304121294,0.007739826321812189,-0.005520882934690057,-0.013308328304121294
0.000563997136527221,0.005025683978459264,0.005637300162605532,0.000563997136527221
-0.006068812336798399,0.0021060586590977855,-0.003915134630081566,-0.006068812336798399
-0.023127479520787395,0.027043144479150297,0.003963284005981948,-0.023127479520787395
-0.039468129197656514,0.03516865304881104,-0.004251857101226429,-0.039468129197656514
0.015255935355160498,-0.01521727162147759,8.628278130195591e-05,0.015255935355160498
-0.004692156839762518,0.01699369983954427,0.012349162047400797,-0.004692156839762518
-0.037447449901964254,0.03648972885646191,-0.0009101019978833016,-0.037447449901964254
0.018778731982347578,-0.011553398773947605,0.00727295225601902,0.018778731982347578
0.011198703391588948,-0.016330192755571897,-0.005083870316363902,0.011198703391588948
0.005740747456718794,0.0012499587327791206,0.007038325237116962,0.005740747456718794
0.015609216813750727,-0.007172120179528336,0.008484715681841438,0.015609216813750727
0.012265954323467726,-0.012118936210576288,0.00019463716051048655,0.012265954323467726
0.001497978775975217,-0.005192446729937611,-0.0036468489063433466,0.001497978775975217
-0.0061169602147094744,0.007411975068971183,0.0013426339018807556,-0.0061169602147094744
-0.006737685581634354,0.011260510984129482,0.004570444450114177,-0.006737685581634354
0.0033140267035455073,0.003181915177397292,0.0065435609285618476,0.0033140267035455073
0.0153229741575917,-0.012540400941015373,0.002830192264195375,0.0153229741575917
0.008527646714543072,-0.014849096201585187,-0.006273830439423066,0.008527646714543072
-0.01321479792654809,0.0038061547169517588,-0.009361024161977283,-0.01321479792654809
-0.013554607249249609,0.007584661253938528,-0.005922326947692033,-0.013554607249249609
-0.009511607284404136,0.004414711874559619,-0.0050492763622254685,-0.009511607284404136
0.007258403203756734,-0.0045635452185208225,0.002742477032854958,0.007258403203756734
0.012552792056178886,-0.016356882528052046,-0.003756471424254113,0.012552792056178886
0.0059334039575311606,-0.00171754041793976,0.0042634825872104485,0.0059334039575311606
0.002266766866887173,0.002224902195267244,0.004539288109773465,0.002266766866887173
0.004548134715675998,-0.003937160078655244,0.0006585936846398009,0.004548134715675998
0.01862670724301905,-0.010435597821443768,0.008238728469194326,0.01862670724301905
0.0005965944343025862,0.003147428716071923,0.003791642197993557,0.0005965944343025862
-0.006040597399446357,0.008257424288035432,0.0022644459362081222,-0.006040597399446357
-0.009462855303388659,0.008041901559909068,-0.0013733346958605427,-0.009462855303388659
-0.0028523099734009084,0.00643339350688367,0.003628702581101809,-0.0028523099734009084
0.004481284887236852,-0.009103452314041258,-0.004574548379185358,0.004481284887236852
-0.013262463347835167,0.017442300666130558,0.004227456365914438,-0.013262463347835167
0.008033272272424065,0.002323918084373947,0.01040480940441706,0.008033272272424065
-0.00043363254898976867,0.005770524257593474,0.005384510756222753,-0.00043363254898976867
-0.03151365118932162,0.021696987212748587,-0.009769044928953986,-0.03151365118932162
-0.02701366972137712,0.021331404311861004,-0.005634646361897069,-0.02701366972137712
0.026409161584972037,-0.014053388232326396,0.012403392400264687,0.026409161584972037
-0.02188127374994293,0.010464253773014102,-0.011369400929309782,-0.02188127374994293
-0.004940066268649104,-0.0025466618554109846,-0.007439109076441041,-0.004940066268649104
0.01541925283026285,-0.009103945099644866,0.006362926778237033,0.01541925283026285
-0.021424410666942437,0.028500650073326087,0.007123858454002696,-0.021424410666942437
0.013280600772230255,-0.008075078106785413,0.005253141713063891,0.013280600772230255
0.012418199131855738,-0.012343250420566304,0.00012256775890848217,0.012418199131855738
0.0007388705267009452,-0.012572311732721523,-0.011785822158401531,0.0007388705267009452
-0.018232263868410183,0.02045895041018069,0.002274305589389554,-0.018232263868410183
0.0020956607562520133,-0.002808133514543148,-0.0006648537106720871,0.0020956607562520133
0.0188678395488108,-0.030146171693083555,-0.011230713096653711,0.0188678395488108
-0.0032760442849888707,-0.0032890483386289215,-0.006517473575998744,-0.0032760442849888707
0.007331471849060622,-0.003728557923265009,0.0036505329734146602,0.007331471849060622
-0.00027588732308715186,0.0051254036652300895,0.004897135389761985,-0.00027588732308715186
0.011118644373317287,-0.007538795479059676,0.0036274679418766592,0.011118644373317287
0.014843135633345213,-0.01449453114311627,0.00039622353784799164,0.014843135633345213
-0.0025753047065036672,0.002160332398967876,-0.00036735325991674346,-0.0025753047065036672
-0.007305558139211188,0.0048299147180485575,-0.0024280243735435836,-0.007305558139211188
-0.004882363176404167,0.006656460529648986,0.0018217164008638652,-0.004882363176404167
-0.001837785368937204,0.0015022808185487166,-0.0002878855027694397,-0.001837785368937204
-0.010876783825793974,0.012448140605272554,0.0016189758270976286,-0.010876783825793974
-0.0014924391832698226,0.003831109235370586,0.0023862890997198107,-0.0014924391832698226
0.016390244326773076,-0.013455133858563107,0.0029827295158290153,0.016390244326773076
-0.0011276743503749788,0.0017844097464741256,0.0007043544437181945,-0.0011276743503749788
-0.010701870485386152,0.012769095356805454,0.002114843919038351,-0.010701870485386152
-0.00033236581246147087,-0.0027043273741290124,-0.0029890741389714355,-0.00033236581246147087
-0.005236612680633917,0.0022814404407887536,-0.0029075531922261163,-0.005236612680633917
-0.0011218678057924095,0.00041716117614049833,-0.0006570875820328635,-0.0011218678057924095
0.012054023561430153,-0.012965222010191383,-0.0008635794011421813,0.012054023561430153
0.004001797255586594,-0.0064449355225177935,-0.0023955192193121527,0.004001797255586594
-0.0036787745805935655,0.0020236449059747655,-0.0016075106269997524,-0.0036787745805935655
0.010340232140356558,-0.01112054787655223,-0.0007326966885766238,0.010340232140356558
0.008546754594700258,-0.010754242512303912,-0.0021598688699846053,0.008546754594700258
0.003868974054284767,-0.0012489709037155569,0.0026676221981882576,0.003868974054284767
0.004272421574278035,0.001119360111254075,0.0054394007331511575,0.004272421574278035
-0.006075494003408424,0.007030667998235018,0.0010027930424456413,-0.006075494003408424
0.001626501015972456,-0.0048543593722647676,-0.003180239308673264,0.001626501015972456
0.005012601457820152,-0.0009994973354336826,0.004060723170005517,0.005012601457820152
-0.00231201581297994,0.00500652349346381,0.0027421267281029175,-0.00231201581297994
0.003767655524884208,-0.0038927841648579,-7.750959235464439e-05,0.003767655524884208
-0.003475920022249248,0.006242320626039304,0.002814019651409103,-0.003475920022249248
-0.0006959746086854017,-0.0011977736289860432,-0.0018461291900523972,-0.0006959746086854017
-0.00042007992049154915,0.005285598197885114,0.004913137325012613,-0.00042007992049154915
-0.003367434603682006,0.0019244805736663858,-0.0013953349823965728,-0.003367434603682006
-0.009174801593543638,0.010926336295337603,0.0017991537494130142,-0.009174801593543638
0.014540066770387354,-0.017062304254337527,-0.0024746184363311267,0.014540066770387354
-0.009928756920659958,0.012535276703433452,0.002654138830392542,-0.009928756920659958
0.010656080360522976,-0.011934275904341627,-0.0012305764961996024,0.010656080360522976
0.003547433214006332,-0.0018464736047057906,0.0017485786569195892,0.003547433214006332
-0.0011682139200417964,0.0012718129854475254,0.0001512181130247767,-0.0011682139200417964
0.008699267992189544,-0.005383971568341918,0.0033629154714666736,0.008699267992189544
-0.0012980072371058073,0.0021507487252213032,0.0009003605357345435,-0.0012980072371058073
0.004054337104587136,-0.004021143249470583,8.081290273559983e-05,0.004054337104587136
-0.0010383190039951631,-0.002155346527441741,-0.0031460464838178564,-0.0010383190039951631
0.00047260335443997524,0.007340075797461615,0.007860298199520636,0.00047260335443997524
-0.004682320332984715,-0.015400116771657608,-0.020034818057023274,-0.004682320332984715
0.00029036490630408786,-0.008750045423280789,-0.008412061469357654,0.00029036490630408786
-0.00403416434069427,0.0004254892182067128,-0.00356105607486851,-0.00403416434069427
0.0006934768867026707,-0.0008482206590485838,-0.00010712472472686551,0.0006934768867026707
-0.002275872502730985,0.0048342224433597595,0.002605968988247822,-0.002275872502730985
0.003817456930040035,-0.0003840591571021961,0.0034810168205568863,0.003817456930040035
-0.008342060906498335,0.009981790644108228,0.0016873487852289413,-0.008342060906498335
0.0012233959068479548,-0.007025356444678262,-0.005754341490211259,0.0012233959068479548
-0.017286919785558744,0.006480550624052023,-0.010758750113887676,-0.017286919785558744
0.0010839352132169465,-0.0035903676688950545,-0.0024588134080590603,0.0010839352132169465
-0.014219321702167878,0.008680415944674351,-0.0054912867098744775,-0.014219321702167878
0.0032116316200555017,-0.006462001148106033,-0.003202750480431484,0.0032116316200555017
0.004489065320199992,-0.001604235218133122,0.002932449149685917,0.004489065320199992
0.0013390801654722428,-0.00040046069463381124,0.0009862385184574792,0.0013390801654722428
0.0012206406975139663,0.0046742632492800485,0.005942522994413063,0.0012206406975139663
0.006521671571521558,-0.012306558718602643,-0.005737268099462037,0.006521671571521558
0.008487811112191886,-0.0062722405843963925,0.0022631895754145408,0.008487811112191886
0.006556203107206513,-0.012655141015739002,-0.006051318860913441,0.006556203107206513
0.005118031985928587,-0.003730191442631144,0.0014354595909164907,0.005118031985928587
-0.005179980387577384,0.012851731019622387,0.007719369679664051,-0.005179980387577384
0.00683183504089918,-0.007684915431156103,-0.0008054613426378755,0.00683183504089918
-0.002405581975709463,0.0006357911817775051,-0.0017221717463129101,-0.002405581975709463
0.00017665113911840985,0.002365389670169898,0.0025896598569073556,0.00017665113911840985
0.0026879868391000553,-0.006347013609875442,-0.0036114077231563396,0.0026879868391000553
-0.001076456080034951,-0.0045985916433440134,-0.005627428675759917,-0.001076456080034951
0.0004213044666072952,0.005294961381126019,0.005763884895352361,0.0004213044666072952
2.3326442321039076e-05,0.002831441282817839,0.0029023867727579256,2.3326442321039076e-05
-0.0008605239806028105,0.001689676683910058,0.000876771750926295,-0.0008605239806028105
0.005929592239962995,-0.005008370928388574,0.0009688403591934674,0.005929592239962995
0.005326488202371054,-0.006040685652293837,-0.000666578402303736,0.005326488202371054
0.005251007956826244,-0.004573223812479629,0.000725403191965662,0.005251007956826244
-0.007729471243206989,-0.003626056917927478,-0.01130790911351542,-0.007729471243206989
-0.004304890337849273,0.0012091445963879136,-0.0030481266938423126,-0.004304890337849273
0.004062019317352023,-0.00941886590710089,-0.005309227542129818,0.004062019317352023
-0.004698718833311073,0.006377480005955451,0.0017263802202634247,-0.004698718833311073
0.002361066043562374,0.004585102159131553,0.006993787250312975,0.002361066043562374
-0.0005280588661309429,-0.007493262351203262,-0.007973702169715158,-0.0005280588661309429
0.00657687058269187,-0.0012706010309219756,0.0053538885993889415,0.00657687058269187
-0.0010344367442679616,-0.0023656723665305022,-0.003352490063179416,-0.0010344367442679616
0.00044645715706549606,-0.006083793177482823,-0.005589716972798279,0.00044645715706549606
-0.0014666745474885936,0.00037211373929255174,-0.0010469417605769942,-0.0014666745474885936
-0.008054021539649434,0.011647311358001887,0.0036409088659715015,-0.008054021539649434
-0.005674772873577853,0.010554314263091443,0.004927160437132638,-0.005674772873577853
0.0034371354895848237,-0.0026613361428654866,0.0008234183943383847,0.0034371354895848237
-0.006002455653666785,0.014493182242579686,0.008538345636531948,-0.006002455653666785
0.004757097689906114,-0.010229398350133919,-0.005424681612608757,0.004757097689906114
0.004303122687624774,-0.004453025284234448,-0.00010228354899062669,0.004303122687624774
0.00552343375949191,-0.005430270021312095,0.00014078278579886122,0.00552343375949191
1.871374721523528e-05,-0.005943069621536058,-0.005876736826701775,1.871374721523528e-05
-0.002159076723443003,0.004336940480266671,0.002225482804442715,-0.002159076723443003
-0.0007124992208643112,0.0026037680531976306,0.0019388878799523669,-0.0007124992208643112
0.007692434380812725,-0.006509590332799718,0.0012304630956320533,0.007692434380812725
0.005066643457134359,-0.011570584874760332,-0.006456322370006925,0.005066643457134359
-0.0006235414429183052,-0.004086551066778546,-0.004662473462077803,-0.0006235414429183052
0.0012598666025080084,-0.004013239782156175,-0.0027057541320291193,0.0012598666025080084
-0.002559780346098566,0.0071155043700943735,0.004603343071614855,-0.002559780346098566
0.004200093494066555,-0.0014161680948806814,0.002831544446804921,0.004200093494066555
-0.0009696027976967871,0.004489669424399913,0.003567685674322173,-0.0009696027976967871
-0.0005711665589191164,0.0008503522527535448,0.0003268047414534761,-0.0005711665589191164
-0.004084252564857893,-0.0003847463636120662,-0.004421379880850912,-0.004084252564857893
-0.004542942210469687,0.003493522242669878,-0.001001800920180762,-0.004542942210469687
0.00048760761747880445,-0.0013653997261301436,-0.0008301730610322915,0.00048760761747880445
0.001561973237284828,0.0044412335619102294,0.006050825846814105,0.001561973237284828
-2.0463986578858224e-05,-0.0018530685529512087,-0.0018259134919110193,-2.0463986578858224e-05
0.0034071210030426876,-0.004107809090106931,-0.0006530690394451963,0.0034071210030426876
0.0032191430550413402,-0.005767112289844547,-0.00250035018718416,0.0032191430550413402
-0.0018994698234925213,-0.0017771234219519404,-0.003628974197825414,-0.0018994698234925213
0.0024124066102667505,-0.0016805875019301631,0.000779438155955635,0.0024124066102667505
-0.006050420245359924,-0.004963516914195216,-0.010966318111936093,-0.006050420245359924
0.007045259745836448,-0.010403733973676447,-0.003310855180220951,0.007045259745836448
0.001403868387497149,0.0011182437380505568,0.0025697311731667535,0.001403868387497149
-0.001478034837109035,0.005118477949397565,0.003688062159907577,-0.001478034837109035
-0.001326649493021952,-0.0003720147996654604,-0.0016510452450683648,-0.001326649493021952
-0.007381143747713383,0.009141002082067454,0.0018074773819731185,-0.007381143747713383
-0.004579258334711809,0.002114912990403271,-0.0024167262966894904,-0.004579258334711809
0.0029250069176834747,0.0010033604283862382,0.003975986393688761,0.0029250069176834747
0.003249355151858446,0.004471385465907507,0.007768359665385,0.003249355151858446
0.001643427172039442,0.0002658409624229772,0.0019568871820814667,0.001643427172039442
0.004723067289639369,-0.005186568434759506,-0.00041588209750109033,0.004723067289639369
-0.007241387359040425,0.0066150694274830285,-0.0005786988839383499,-0.007241387359040425
-0.005669385758472951,0.008843403713805782,0.003221637002951878,-0.005669385758472951
0.0014026691452303595,-0.0034002422373413978,-0.0019499540444919907,0.0014026691452303595
-0.006252705400198115,0.008307392950639697,0.00210230659806063,-0.006252705400198115
-0.034292254712408106,0.019901679145373326,-0.014342956519415735,-0.034292254712408106
-0.02615213517470607,0.02345839961739438,-0.002646116509692644,-0.02615213517470607
0.012327390890399416,-0.0031232697988227247,0.00925174013919574,0.012327390890399416
-0.004223429370424485,0.004746721853976343,0.0005709115311709049,-0.004223429370424485
0.02044220787036081,-0.020444150454121908,4.567646385794874e-05,0.02044220787036081
-0.001630730665327205,0.005069082546526261,0.0034859709288181033,-0.001630730665327205
-0.011103869561191094,0.013758180114751425,0.0027019296011793798,-0.011103869561191094
-0.006819405765944939,0.0010854572618230892,-0.005686329456502802,-0.006819405765944939
-0.0027887033408439833,0.006873756196205715,0.004132671902980779,-0.0027887033408439833
-0.010142273315622887,0.011906008641898166,0.0018113543738943268,-0.010142273315622887
-0.030959904933650424,0.036331014925554767,0.005418729039523388,-0.030959904933650424
0.010515154525810732,-0.011834638757287196,-0.0012718651838574155,0.010515154525810732
-0.016478926649339046,0.011311676046025657,-0.005119631555694342,-0.016478926649339046
-0.004027938882047559,-0.003060695210777558,-0.00704101504520607,-0.004027938882047559
0.021624352010295046,-0.022794531951484568,-0.0011225608935704775,0.021624352010295046
0.011169767604610819,-0.005692628185479153,0.005524758466750714,0.011169767604610819
0.007337785951488325,-0.028766169440410473,-0.0213807644413031,0.007337785951488325
-0.00766161241922656,0.008449845050970278,0.0008358516793627656,-0.00766161241922656
0.005745672668775614,-0.0071640471688782185,-0.0013707554524835575,0.005745672668775614
0.0056751282841586105,-0.001435002700629419,0.004287744631148239,0.0056751282841586105
0.014965017827776797,-0.01792926255586854,-0.002916625680472696,0.014965017827776797
-0.0029811089766109246,0.007099712595172126,0.00416622266618025,-0.0029811089766109246
-0.0018314311682852715,0.005370604181775693,0.0035867920611094687,-0.0018314311682852715
-0.012335081101050959,0.022146515913146314,0.009859053859714402,-0.012335081101050959
-0.0005749428661891811,0.001394506506358012,0.0008671826877878785,-0.0005749428661891811
-0.012531907861992422,-0.0028667895967368754,-0.015351078411110249,-0.012531907861992422
0.011927321197347598,-0.010915680728267296,0.0010592595166993503,0.011927321197347598
-0.0008810019495724443,-0.00934484567784711,-0.010178228579800505,-0.0008810019495724443
-0.01369675955482736,0.014787915705194088,0.0011387751979857756,-0.01369675955482736
-0.012481336735331238,0.017092263132877428,0.004658545445165237,-0.012481336735331238
-0.0014166263960197559,-0.008466858727105614,-0.009835866075506322,-0.0014166263960197559
-0.005876278347904829,0.0020123294209582515,-0.00381632987932753,-0.005876278347904829
0.014908687933691817,-0.015726229875855167,-0.0007699228945443038,0.014908687933691817
0.0022508021918289864,-0.0010623564329354561,0.001236064806512578,0.0022508021918289864
0.015942691542733884,-0.016212814683787147,-0.00022250409343421834,0.015942691542733884
-0.0031054809116895224,0.004845769963870681,0.0017879080998002058,-0.0031054809116895224
0.010700484790390754,-0.009750110532802806,0.0009979933052069964,0.010700484790390754
0.006882871162289095,-0.0136338556365657,-0.006703365426657557,0.006882871162289095
-0.024925206252779185,0.034020077625837045,0.009142490420676904,-0.024925206252779185
-0.0024272469758208804,0.005906897057847435,0.0035272691296456015,-0.0024272469758208804
-0.015399288205402045,0.01813638075661951,0.0027847115988365125,-0.015399288205402045
-0.0006087546190778117,0.00924982201102273,0.008688686439563964,-0.0006087546190778117
0.00032603836564549995,-0.0028732396030586205,-0.002499582189794073,0.00032603836564549995
0.0017971727189112572,-0.0005402564805844576,0.0013045352859458472,0.0017971727189112572
0.0017755806229495083,0.007464467386969764,0.009287667057538319,0.0017755806229495083
-0.014754890874304602,0.013440485223772594,-0.0012667866029129594,-0.014754890874304602
-0.02490737393256282,0.014820742994830594,-0.010039011890113178,-0.02490737393256282
-0.003082369736349695,0.0027387495084054423,-0.000296001180325205,-0.003082369736349695
-0.012857253880810752,0.013085630575839266,0.00027599574264756304,-0.012857253880810752
-0.015891943353721794,0.015260911012224867,-0.0005834132938778796,-0.015891943353721794
-0.008962600384202145,0.01533525154621957,0.0064202702096364745,-0.008962600384202145
-0.02662303630494018,0.028828039370127467,0.0022526221128063317,-0.02662303630494018
0.04337245451738341,-0.047571081471115946,-0.004151007906113489,0.04337245451738341
0.009431615996473543,-0.006612777481417924,0.002866457562674667,0.009431615996473543
0.0002323731050899534,-0.0007494166420594765,-0.0004694244893504755,0.0002323731050899534
0.006525064892548809,-0.012196227835698093,-0.005623543895530236,0.006525064892548809
-0.0033739229260125294,-0.016939141388197042,-0.020265445266590524,-0.0033739229260125294
-0.014710508139075467,0.021863222962945652,0.007200333871489232,-0.014710508139075467
0.027953090878253022,-0.04025153624175119,-0.012250826315879126,0.027953090878253022
0.0047895798810797885,-0.02086199976354127,-0.016024800834842437,0.0047895798810797885
0.006075066464699961,-0.00905118181599878,-0.002928496303679772,0.006075066464699961
0.004056766509463077,-0.013670905261132588,-0.009566519704050465,0.004056766509463077
0.004341003772494241,-0.00668411121274861,-0.0022954883926353223,0.004341003772494241
0.0012995551427411732,-0.0029122183672896664,-0.0015650441769294455,0.0012995551427411732
-0.005824562907287784,0.0017575394192836725,-0.004019404440385064,-0.005824562907287784
0.008523685494008166,-0.012080309420458894,-0.00350900487883168,0.008523685494008166
-0.0017593612630950298,-0.008638161885365942,-0.010349904100841923,-0.0017593612630950298
0.006236987538730072,-0.0062704981698777605,1.4108416471358384e-05,0.006236987538730072
0.005301386106693213,-0.012837774032286215,-0.007488768877973954,0.005301386106693213
-0.011801598086517262,0.012741227851096926,0.0009872488121987128,-0.011801598086517262
0.006276382407192971,-0.0023348284116110948,0.003989173043200923,0.006276382407192971
-0.009686577381486514,-0.01160959219632952,-0.021248550530196985,-0.009686577381486514
0.0043595749734891024,-0.01405300775422561,-0.00964581373311746,0.0043595749734891024
-0.006630622843702651,0.006094969762664424,-0.0004880340334191802,-0.006630622843702651
0.007130295946076939,-0.0009026101104972814,0.006275304883198705,0.007130295946076939
0.011703411014997184,-0.009882012328209493,0.0018690177344067396,0.011703411014997184
0.012249250675098513,-0.0004560778011015943,0.011840791921615967,0.012249250675098513
-0.001499080503909916,-0.004148536679189481,-0.005599998135480349,-0.001499080503909916
0.005561855341622424,-0.003932287347546559,0.0016771870416949124,0.005561855341622424
0.003179092055481781,-0.0029554478641657883,0.0002712632389350405,0.003179092055481781
-0.0013956549333674663,0.006628162319582124,0.0052801264338337055,-0.0013956549333674663
-0.01271782120429017,0.011452066982486075,-0.0012181351741850466,-0.01271782120429017
3.0155846389328807e-05,-0.001378526046676985,-0.0013007511526686084,3.0155846389328807e-05
0.0009692493740894408,-0.0053097549064724135,-0.004292886484763925,0.0009692493740894408
0.01140630722085106,-0.015024337631887024,-0.003570411363416915,0.01140630722085106
0.006008307994855523,-0.011426462181717072,-0.005370535139242501,0.006008307994855523
0.001022745803143779,0.0009821935155008943,0.0020525583662637206,0.001022745803143779
0.007664401772892085,-0.026763919860195665,-0.019051899039684534,0.007664401772892085
0.004471534543521254,-0.002155948169897424,0.0023632054212428776,0.004471534543521254
0.005377333879413702,-0.0050321192590786715,0.00039283366795407745,0.005377333879413702
-0.003728452641592579,0.0011444567953904172,-0.002536376798583114,-0.003728452641592579
0.0037579495876372427,-0.001557567553169733,0.002248001082086557,0.0037579495876372427
-0.0002979836858125358,-0.001401730256835142,-0.0016520948950286302,-0.0002979836858125358
-0.0012409260720249078,0.004072139078717596,0.002878832054311735,-0.0012409260720249078
-0.005944503817592661,0.002019953071716752,-0.003876931698256862,-0.005944503817592661
-0.004807070100308519,0.0016511641156664075,-0.0031082869370230646,-0.004807070100308519
0.0068577454149178025,-0.004419542542492308,0.002485821920044541,0.0068577454149178025
-0.0022525664363345303,0.009146804669292422,0.00694185728057694,-0.0022525664363345303
1.020581792655031e-05,-0.00044272477961658887,-0.00038489991407099095,1.020581792655031e-05
-0.006553113280179446,0.010407255781963793,0.003901761549403395,-0.006553113280179446
-0.004501786471890657,0.014487604058232208,0.010033436633960599,-0.004501786471890657
3.30613196257507e-05,0.0006802448214914123,0.0007609251887362107,3.30613196257507e-05
0.014398030030756652,-0.011762566045273258,0.0026830830331024424,0.014398030030756652
0.003336928955310579,-0.00022827665260193416,0.0031562713503276926,0.003336928955310579
0.0076379379447882026,-0.011099672629047503,-0.003414115636640253,0.0076379379447882026
-0.0009298238136239158,0.0010363842848210977,0.00015417951881622954,-0.0009298238136239158
0.004515862737535071,-0.004268019970332736,0.00029546181482138214,0.004515862737535071
0.0028076783835653016,-0.009062920926039037,-0.006207623494854687,0.0028076783835653016
-0.00048035998171711133,0.0050797230327555894,0.004646982098657526,-0.00048035998171711133
0.00044815167789401874,0.00988283410742368,0.010378604832936745,0.00044815167789401874
0.014162398393839414,-0.006999321319810216,0.007210696121648246,0.014162398393839414
-0.01594193105901159,0.022828125871502288,0.0069338138601097435,-0.01594193105901159
-0.00021697493307354718,0.003299022613587328,0.0031296667281328285,-0.00021697493307354718
0.007964657260981518,-0.009441267129730264,-0.0014289908211296983,0.007964657260981518
-0.0041865139691357215,0.009277808494607421,0.005138913573090748,-0.0041865139691357215
0.0024541796581526837,-0.0026858728072090185,-0.00018407410143728715,0.0024541796581526837
0.004384710338981661,-0.004974523470124814,-0.0005421940835241058,0.004384710338981661
0.0061667690708777576,-0.016240022800533292,-0.01002563468203649,0.0061667690708777576
-0.0020652777953052075,-0.0032042989025637693,-0.005221957650249929,-0.0020652777953052075
-0.0011186460450775615,-0.007871768370883858,-0.008942795368342372,-0.0011186460450775615
0.0014351461828395803,-0.009945369544204007,-0.008462604313745379,0.0014351461828395803
0.006174453785201182,-0.00758341669625192,-0.0013613438634316913,0.006174453785201182
0.0015587687976504475,-0.00372808851021383,-0.002121700664944335,0.0015587687976504475
-0.006127301926010113,0.009160480018356582,0.0030807971399655167,-0.006127301926010113
0.002803704024727551,-0.007280511737673286,-0.0044291886653266875,0.002803704024727551
-0.0032138696415554293,0.006254078171793376,0.003087827577856994,-0.0032138696415554293
0.0015335070670452998,-0.012321245620425678,-0.01074011950576133,0.0015335070670452998
-0.0009362159328468469,0.004791233019464494,0.0039026361342366944,-0.0009362159328468469
-0.0030200960666140956,-0.007024688837852832,-0.009997165856847881,-0.0030200960666140956
-0.009076434610994149,0.0011482771027326267,-0.007880538460642475,-0.009076434610994149
0.005557268122624215,0.003399984551634489,0.009004871721877751,0.005557268122624215
0.005187252490967521,0.0033334106235027344,0.008568282162089302,0.005187252490967521
0.002922935697068065,-0.011829648447991468,-0.008859093703304356,0.002922935697068065
-0.0004594592377124767,-0.001415490925572782,-0.0018273311156662112,-0.0004594592377124767
-0.0003911397096248983,0.006911845256639795,0.006568324594633944,-0.0003911397096248983
0.0019244935885438397,-0.007383346056025109,-0.005411233419862222,0.0019244935885438397
-0.0010246313783112172,-0.003708964192308116,-0.004685976523000285,-0.0010246313783112172
3.279941492253098e-05,0.0014375221535931192,0.001517940616134698,3.279941492253098e-05
-0.007784591598714341,0.011171763053625862,0.003434790502530569,-0.007784591598714341
3.205536934535522e-05,0.00503698402460388,0.005116658441568283,3.205536934535522e-05
0.008320599294769412,-0.011338610037211738,-0.0029703916948232777,0.008320599294769412
-0.002813313054574815,0.004440293917585364,0.0016745999106295962,-0.002813313054574815
-0.015906639931019307,0.019193817487228673,0.0033347966038284106,-0.015906639931019307
0.0025963780529172716,-0.0054304637188337355,-0.0027864666182974168,0.0025963780529172716
-0.0011746283728135039,0.006306325030730724,0.005179315705536268,-0.0011746283728135039
0.009987704669388335,-0.004763026036261514,0.005272297680745869,0.009987704669388335
-0.018159663593917356,0.024133758123036,0.0060217135767376894,-0.018159663593917356
0.003476496117613599,-0.011008821251822332,-0.007484706086589685,0.003476496117613599
0.005325551336727135,0.00013354905813106483,0.005506719442477248,0.005325551336727135
0.004394549976021884,-0.006259206840469133,-0.0018170378168282024,0.004394549976021884
-0.004765392485341515,0.013066289087018014,0.008348515649295547,-0.004765392485341515
-0.004501575158455009,0.004842203126455228,0.0003882470156192654,-0.004501575158455009
0.004849850227972563,-0.011264919968522828,-0.006367450692931217,0.004849850227972563
-0.0020631564879324904,0.004542810681809018,0.0025272732414955744,-0.0020631564879324904
-0.009683819902114194,0.01779637171162724,0.008160170857132094,-0.009683819902114194
0.0009102243344696601,-0.003820934301285936,-0.0028630909191972283,0.0009102243344696601
-0.010621042422380387,0.010972014850942412,0.0003985914761810744,-0.010621042422380387
-0.006030753365037567,0.0032355019759604912,-0.0027476323414580284,-0.006030753365037567
-0.0012971903778992403,0.007312011812087994,0.006062440481807802,-0.0012971903778992403
-0.006782062164785931,0.017514003005268872,0.010779559888101987,-0.006782062164785931
0.009878507878567536,-0.011549793342711518,-0.0016236664165249332,0.009878507878567536
0.00847037802252172,-0.030751575124333082,-0.022233578054192314,0.00847037802252172
0.012247647856245906,0.00517642420803304,0.017471691111897995,0.012247647856245906
0.005295703340879475,0.0011892783399867766,0.006532600728485299,0.005295703340879475
0.006495881058226408,-0.0042842412796963185,0.0022592588261491366,0.006495881058226408
-0.002113316427746228,-0.008342547489996924,-0.010408244870124104,-0.002113316427746228
-0.0028948873577263347,-0.002344604624636192,-0.005191872934743478,-0.0028948873577263347
0.003531610565325026,0.006244251098901664,0.009823480711845736,0.003531610565325026
0.002845859952372445,-0.009941217398606678,-0.007047738398615185,0.002845859952372445
0.001133806153836485,0.00927997289513995,0.010461398096595482,0.001133806153836485
-0.002534776571976465,-0.002547214377244176,-0.005034371901601593,-0.002534776571976465
0.002061778230706203,-0.018957923384723945,-0.016848526106398694,0.002061778230706203
0.009528195950618058,0.001425986654991662,0.011001801653228768,0.009528195950618058
0.0045200852068127215,-0.010766159043230066,-0.006198454788798297,0.0045200852068127215
-2.916591872051527e-05,-0.000215101341266231,-0.00019664821236769865,-2.916591872051527e-05
-0.0008799516168165844,0.00480835797486966,0.003976025405672123,-0.0008799516168165844
-0.004017925722925633,0.0084282092907349,0.004457902615428316,-0.004017925722925633
-0.008626038219780929,-0.00829360411823163,-0.016872023290393508,-0.008626038219780929
0.004352239732107937,-0.0033478937424922727,0.0010519650372347112,0.004352239732107937
0.0038778421809835665,-0.016852433030090493,-0.01292697180148788,0.0038778421809835665
0.0014120766373239865,-0.007918136494436177,-0.006458440809493142,0.0014120766373239865
0.002705092043784386,0.005858990993232408,0.00861170208463584,0.002705092043784386
0.008859542254273755,-0.007559958502081414,0.0013472027998113882,0.008859542254273755
-0.0026761250819255715,-0.0039510492600508765,-0.0065795552943574,-0.0026761250819255715
-0.005018732608607919,0.0070728019336101944,0.0021016883726213222,-0.005018732608607919
0.0012192814014826935,-0.0003558222901352715,0.0009110781589664696,0.0012192814014826935
0.003686764582152456,0.0004678598873414804,0.004202243517112985,0.003686764582152456
0.0010934631229218442,0.005573328944322027,0.006714411114862919,0.0010934631229218442
0.0002371880927595865,-0.003895749610178786,-0.0036109424698001517,0.0002371880927595865
0.0020137937374256373,0.003623220189565617,0.005684632974610302,0.0020137937374256373
0.001241538620848881,0.0009365975425579282,0.0022257552110258568,0.001241538620848881
-0.002984660928202465,0.005462416237928867,0.002525374357345449,-0.002984660928202465
0.005066262019558417,-0.002820888211512383,0.002292992855665081,0.005066262019558417
-0.006888259678027,-0.006227229192737135,-0.013067869823145088,-0.006888259678027
0.003627619875150505,-0.0047974245708408214,-0.0011221856480712693,0.003627619875150505
0.004433197156156632,-0.01069228026297038,-0.0062114640591947,0.004433197156156632
0.005564927987250425,-0.020613679108458426,-0.015001132073588955,0.005564927987250425
-0.004299245507198012,0.00746388020492919,0.0032122537453502247,-0.004299245507198012
0.011310757798723562,-0.008517210831671252,0.002841166014671359,0.011310757798723562
-0.0016298097879445625,0.0006807212323848429,-0.000901469507940672,-0.0016298097879445625
-0.0007130600095533406,-0.014652440437353708,-0.015317881399288,-0.0007130600095533406
-0.01173777194145797,0.007512943903293685,-0.004177208990545237,-0.01173777194145797
-0.005633027369579724,0.013055965828301125,0.007470557506340449,-0.005633027369579724
-0.0035757335420848416,0.00643617539462097,0.0029080609001551757,-0.0035757335420848416
-0.029299229242043125,0.031810907909951246,0.002559297715527166,-0.029299229242043125
0.00995031924903667,-0.00356612957756248,0.00643180871909324,0.00995031924903667
0.0011354791463307082,-0.0033184343358307992,-0.0021353361418810436,0.0011354791463307082
0.019684646599512703,-0.017937882919042428,0.0017943827280893208,0.019684646599512703
-0.004156519471829758,0.009530649134957455,0.005421748710746746,-0.004156519471829758
-0.011546340508692734,0.01692829350168209,0.005429572040608402,-0.011546340508692734
0.016049950661239855,-0.011551366608571104,0.004546203100287798,0.016049950661239855
-0.02950152100579251,0.031654204762145116,0.0022003028039716496,-0.02950152100579251
0.001860593117857857,0.002849271626036647,0.004757483791513552,0.001860593117857857
0.013551362379347792,-0.020448344724459083,-0.006849363297492244,0.013551362379347792
0.00994700717839544,-0.012318726705919556,-0.0023241004799050675,0.00994700717839544
-0.00898012184489165,0.008401903815889341,-0.0005305989813832609,-0.00898012184489165
0.005357594823009777,-0.006911782391756849,-0.0015065685211280255,0.005357594823009777
0.0004447076062544976,-0.0007079778671961213,-0.00021565121332257602,0.0004447076062544976
-0.023166165258219157,0.03212491722969997,0.009006371019099858,-0.023166165258219157
0.010734201527491213,-0.008647206705138607,0.0021346138699716547,0.010734201527491213
-0.009276153854341452,0.007688061090780662,-0.0015404737159417426,-0.009276153854341452
0.009810494364655387,-0.008885620651789265,0.0009724927604851702,0.009810494364655387
0.011396428395115711,-0.015652423679414676,-0.004208376236679918,0.011396428395115711
0.0006516418071098945,-0.0020444006353467527,-0.0013451397806178104,0.0006516418071098945
0.0014406834946356947,0.006411720118145744,0.007900022660400486,0.0014406834946356947
0.009125469235402686,-0.011391970661005578,-0.0022188823779838436,0.009125469235402686
0.0013343300562496073,-0.017614730780868768,-0.016232781677000114,0.0013343300562496073
0.003834930541569407,-0.00016690340822613848,0.003715646180962316,0.003834930541569407
-0.0036482111931607723,-0.01723554767772065,-0.020836139823262375,-0.0036482111931607723
-0.0013600252200071568,-0.022286030781736983,-0.023598436954125092,-0.0013600252200071568
0.004668771197607029,-0.02148966091853794,-0.016773270673311864,0.004668771197607029
0.005698258379519279,-0.0006478190258791182,0.005098058401259209,0.005698258379519279
-0.001223305278231257,-0.004172386059142318,-0.005348072289754527,-0.001223305278231257
-0.0013258536980089283,-0.006049578425738563,-0.007327813076128444,-0.0013258536980089283
0.004097239980354133,0.007938425744978475,0.012083284772951655,0.004097239980354133
0.0009091678333582649,0.0021390105023555445,0.003095797383332857,0.0009091678333582649
0.0011175317709109349,0.003999689895894484,0.005164840714424467,0.0011175317709109349
0.0003563437775480038,-0.0007687535071436901,-0.0003647906819766386,0.0003563437775480038
-0.0002376482135369613,0.00401516230542198,0.0038251331395040664,-0.0002376482135369613
-0.003475365609636417,0.014797406068961329,0.01136965950694396,-0.003475365609636417
0.0029475317030096715,-0.006906377980531893,-0.0039112272299031735,0.0029475317030096715
0.0013863044707523786,0.0039673060999119505,0.005401229618283377,0.0013863044707523786
-0.009294838930608857,0.0049839302674052136,-0.004263289615584595,-0.009294838930608857
0.003537726314237617,-0.0009661128112381371,0.0026192325506185278,0.003537726314237617
-0.015467525886680778,0.016723163420098188,0.0013032565810364564,-0.015467525886680778
-0.017284693984580875,0.015575873152430192,-0.0016612017845316364,-0.017284693984580875
0.005403203305564397,-0.007508267638647411,-0.002057445285463967,0.005403203305564397
0.012563549226335565,-0.008375797050014984,0.00423537122393963,0.012563549226335565
-0.0068138738776953554,0.005277658418056738,-0.0014885964120195708,-0.0068138738776953554
-0.013727278353222174,0.018691686872293185,0.005012027566690057,-0.013727278353222174
0.007996651469989147,-0.008303881301991533,-0.00025961078438333776,0.007996651469989147
0.0069133088896238615,-0.0070226609412998705,-6.173300405696222e-05,0.0069133088896238615
0.010071559789961925,-0.01677948189423899,-0.006660303056658019,0.010071559789961925
-0.002376854066262393,0.0034275880008990227,0.0010983529822556773,-0.002376854066262393
0.005697676882408478,-0.009031327832143988,-0.003286031902116462,0.005697676882408478
-0.0020722834171498605,0.003285543063801504,0.0012608786942706913,-0.0020722834171498605
0.005023761723091253,-0.0017939255157854968,0.003277455254924804,0.005023761723091253
0.0017997467839855007,0.0029792269142616826,0.004826592745866232,0.0017997467839855007
0.007893588952387915,-0.007982504482682952,-4.129648267598869e-05,0.007893588952387915
0.0014812714855816204,0.005233335019402722,0.00676222555260339,0.0014812714855816204
0.002620712843275932,-0.003999833142871192,-0.0013315012519762126,0.002620712843275932
0.0036632285967382293,-0.0031384671128068427,0.0005723805315504342,0.0036632285967382293
0.0030535392755725722,-0.0045078810686870205,-0.001406722745495401,0.0030535392755725722
0.0041810954584580486,-0.00553391744264203,-0.0013052029365649346,0.0041810954584580486
-0.002605943538758938,-0.0029411684191294647,-0.005499492910269355,-0.002605943538758938
0.0007306552081020737,0.002045178530950541,0.002823452786671662,0.0007306552081020737
-0.007140285807187514,0.0014421894018273543,-0.005650477357741113,-0.007140285807187514
0.012261848393652007,-0.010929957030369968,0.0013795104109010884,0.012261848393652007
0.0022927326474880367,-0.005372496689440988,-0.003032144994333904,0.0022927326474880367
-0.0035149711383908313,0.005976525149486687,0.0025091730587149027,-0.0035149711383908313
0.0006654611407268836,0.001023073622243645,0.0017361538105895762,0.0006654611407268836
0.0014242682359354194,-0.0006021288578154281,0.000869758425739039,0.0014242682359354194
7.536909449433663e-05,-0.0013473345635554663,-0.001224346421442082,7.536909449433663e-05
-0.0023623551653472862,-0.0028220099188271688,-0.0051367460365554065,-0.0023623551653472862
-0.001808773831178786,0.0019657746900916487,0.0002046199065319104,-0.001808773831178786
0.002236805159205867,0.001608068961081218,0.0038924931679061325,0.002236805159205867
0.00039731509579657735,-0.0005348157672560133,-8.988162384038838e-05,0.00039731509579657735
0.007972456034293073,-0.002934091086977708,0.005085983994934414,0.007972456034293073
0.001651854446207153,0.007930857117811954,0.009630330611638155,0.001651854446207153
-0.006453793231915074,0.0013503288346730727,-0.005055845349622954,-0.006453793231915074
-0.004271710202714951,0.00024284451824498914,-0.003981246636850915,-0.004271710202714951
-0.0014958225432148027,0.0006958967231217066,-0.0007523067724740485,-0.0014958225432148027
-0.0009409908802317034,-0.004617145958343388,-0.005510517790956043,-0.0009409908802317034
0.0060279204300215435,-0.0073707442650007135,-0.0012952047873601232,0.0060279204300215435
0.0018686046650348061,-0.0029235982593066776,-0.0010073745466528238,0.0018686046650348061
0.002773325598708884,-0.005522996860563359,-0.0027020522142354275,0.002773325598708884
-0.005543764008384073,0.0008656202323997258,-0.004630524728365299,-0.005543764008384073
-0.006652342985533746,0.00641762633595552,-0.00018709760195917887,-0.006652342985533746
-0.004207771282988777,0.007724341250696685,0.0035641890153269543,-0.004207771282988777
0.009797379323041375,-0.009723024951060037,0.00012197341960038706,0.009797379323041375
0.002390988709159497,0.0016477628728247106,0.004086370629603256,0.002390988709159497
0.008370426053540074,-0.011618256982671608,-0.0032002118815124855,0.008370426053540074
-0.004027366327800916,-0.001729771418468683,-0.005709518698650552,-0.004027366327800916
0.0012100992186666185,0.0009579425868754942,0.0022156608531611606,0.0012100992186666185
0.0007259572762833937,0.0003613745988120642,0.0011349509227145055,0.0007259572762833937
0.011016349439530778,-0.012155671745812112,-0.001091703258662285,0.011016349439530778
-0.0030211115882823486,-0.0002636502453197977,-0.0032371427859830986,-0.0030211115882823486
0.007175034098428641,-0.008550820170970981,-0.001328167024923292,0.007175034098428641
0.0034575183684803852,-0.005680313994886742,-0.0021751765787873093,0.0034575183684803852
-0.0007939672695910689,-0.0016388777382645337,-0.002385225960236555,-0.0007939672695910689
0.0022986602400522603,-0.005768179728425489,-0.0034219004407541817,0.0022986602400522603
0.005255440679652374,-0.007869043111344435,-0.0025659833840730125,0.005255440679652374
-0.0010105779774549364,0.0013646430520295601,0.00040168412219367144,-0.0010105779774549364
0.0022796336678426866,0.0013899612944491121,0.0037172140099108464,0.0022796336678426866
0.0010215268916610525,-0.00236829480926691,-0.0012991488699868098,0.0010215268916610525
-0.003614402826182245,0.0033387272846103003,-0.00022805649395289714,-0.003614402826182245
-0.00571468669397096,0.0036674758220217036,-0.001999591824330209,-0.00571468669397096
0.003450800946716746,-0.006007954991627941,-0.002509534997292147,0.003450800946716746
0.003892317572691903,-0.0034055860661849338,0.000534350554126017,0.003892317572691903
-0.0023064179954884693,0.009954091653005608,0.0076952927051361876,-0.0023064179954884693
-0.00047387480967493116,-0.0009956146343735154,-0.001421870396429399,-0.00047387480967493116
-0.0010918333638105528,0.0009426468418254853,-0.00010156747436601985,-0.0010918333638105528
0.003009664159381412,-0.0004269424826620526,0.002630340724338407,0.003009664159381412
0.007381668066554925,0.0013582860508500366,0.008787573165024008,0.007381668066554925
-0.004428051469736895,0.005007527157205688,0.0006270947350878399,-0.004428051469736895
0.006030214050286071,-0.006594161570335496,-0.0005163284724303782,0.006030214050286071
0.0031722365235753456,-0.002496042341896469,0.0007238132292979242,0.0031722365235753456
0.0011976491643734615,-0.0005192427058167571,0.0007260255061757521,0.0011976491643734615
0.008058521308878899,-0.005483412693984436,0.0026227276625135107,0.008058521308878899
0.004383153059132639,-0.00036497990457142815,0.004065792202180258,0.004383153059132639
-0.0016698647246238469,0.0026863119607415365,0.0010640662837367372,-0.0016698647246238469
0.0010665004025646792,-0.0016896331457078135,-0.0005755136955240866,0.0010665004025646792
0.005486676297187663,-0.0002832948762499142,0.005251000468556796,0.005486676297187663
-0.011023822120185408,0.013707799754044929,0.0027315966814785695,-0.011023822120185408
-0.014462199136457635,0.015691372605534333,0.0012767925166957445,-0.014462199136457635
0.010843136266978044,-0.001576384685845696,0.009314370628751395,0.010843136266978044
-0.004133145941766971,0.0010892960079291517,-0.0029962308862187723,-0.004133145941766971
0.004136529198875088,-0.0008696271902132326,0.0033145210562809026,0.004136529198875088
-0.017569384999586077,0.01674809281380367,-0.000773673138163363,-0.017569384999586077
0.0028076121614205593,-0.0036194297243822057,-0.0007641985153425987,0.0028076121614205593
0.008179297618663463,-0.02086360766303159,-0.012636690996749082,0.008179297618663463
0.015215549623476128,-0.02545698030426051,-0.010193811633165335,0.015215549623476128
0.0031618508679072854,0.0007093366377083495,0.003918806553234683,0.0031618508679072854
-0.004357351310139879,0.008399519033856936,0.004089786771336105,-0.004357351310139879
0.006142109416215736,-0.0001963467026476538,0.00599338176118713,0.006142109416215736
0.006376561347501348,-0.008605570629319579,-0.002181390234199183,0.006376561347501348
0.004057416105558074,-0.008997127714348917,-0.0048920925611717955,0.004057416105558074
0.0009244203225777416,0.00847529653311859,0.009447335903315379,0.0009244203225777416
-0.0006390378948397959,0.007507475638934472,0.0069160567917137235,-0.0006390378948397959
-0.007002059058328909,0.012269598640985504,0.005315158630275643,-0.007002059058328909
0.0014978783618919398,-0.0020079571263594484,-0.00046245971684846093,0.0014978783618919398
0.0006751169117845089,-0.004152771756513545,-0.003430035797109989,0.0006751169117845089
-0.007049298355611358,0.009945525566839909,0.0029438462588475983,-0.007049298355611358
-0.03362662866597134,0.033683647219263535,0.0001046376009112408,-0.03362662866597134
-0.030105082060151323,0.03530565677842747,0.005248193765895195,-0.030105082060151323
-0.009948187591743382,0.004646818655439575,-0.00525374988868476,-0.009948187591743382
-0.044901308117750824,0.03718257107177493,-0.007671117998356848,-0.044901308117750824
-0.01207898354504246,0.002855695071754943,-0.00917566942566847,-0.01207898354504246
0.041723393340230334,-0.041481800461499733,0.000289211926349646,0.041723393340230334
-0.02181337550734165,0.023093949047706546,0.0013281925879839404,-0.02181337550734165
0.048065702825588176,-0.03121925728027555,0.016894064592931673,0.048065702825588176
-0.033494678913793104,0.030651644941779802,-0.0027954149243942564,-0.033494678913793104
-0.021169202117624523,0.028021090261055284,0.006899507191049806,-0.021169202117624523
-0.08292077002368495,0.10926753989805005,0.026394388921984147,-0.08292077002368495
0.04408371795083539,-0.04105538948820589,0.003075947510248546,0.04408371795083539
-0.047412605778792936,0.05285273501297254,0.005487748281798647,-0.047412605778792936
-0.10476973724811856,0.10077089686297411,-0.003951221337525402,-0.10476973724811856
0.08412356536878057,-0.08366134475405737,0.0005098396623422472,0.08412356536878057
-0.13123570280675398,0.11295773555177477,-0.018230348207360164,-0.13123570280675398
0.05303719838600359,-0.06621809894711984,-0.013133281513497208,0.05303719838600359
-0.08966047449675973,0.07247635425501743,-0.017136501194123258,-0.08966047449675973
0.015180488634596697,-0.028864383498402372,-0.013636275816186628,0.015180488634596697
-0.03172776450865661,0.030975800072352386,-0.0007043453886851777,-0.03172776450865661
-0.027764432776857043,0.0319820185932982,0.004265204864060206,-0.027764432776857043
0.09739376443102382,-0.0953162405012516,0.0021251429773912604,0.09739376443102382
0.031618749215974795,-0.01913175890257481,0.012534609361019031,0.031618749215974795
0.07694302075513552,-0.06880240331744143,0.008188236485313137,0.07694302075513552
-0.030463249030924563,0.035059534540469485,0.004643904557163968,-0.030463249030924563
0.03860057404634767,-0.010474524792987822,0.028173668300978894,0.03860057404634767
-0.01736615433500199,0.0005099990322517357,-0.016808536255131207,-0.01736615433500199
-0.0503686886811822,0.05389534064538497,0.00357427101182181,-0.0503686886811822
0.029404338476316877,-0.024452449127224243,0.00499950839671168,0.029404338476316877
-0.016580767575308464,0.02228657474112051,0.00575342621343109,-0.016580767575308464
0.058840679024735526,-0.08631377980337245,-0.027425481731017873,0.058840679024735526
-0.009132328520932332,-0.008110428586236493,-0.017195138059549774,-0.009132328520932332
0.03611595534197974,-0.04498103073532055,-0.008817456345721767,0.03611595534197974
0.024992837016494723,-0.03487670840183915,-0.009836252337725384,0.024992837016494723
-0.017230487986487932,0.0144451844267524,-0.002737684512116485,-0.017230487986487932
0.024039682569440838,-0.01594463836259208,0.008142663254467804,0.024039682569440838
-0.022943554518953517,0.05614973116194676,0.03325379569061229,-0.022943554518953517
0.005891592434773734,0.019146357787561324,0.025085569269954106,0.005891592434773734
0.030484705992548645,-0.05704976522281315,-0.02651744018264546,0.030484705992548645
-0.014715799494297889,0.017164444252308255,0.002496263805629413,-0.014715799494297889
-0.023417499061886223,0.030069112361538274,0.006699232347271096,-0.023417499061886223
0.02091607875601899,-0.023943168784609725,-0.0029794709809716886,0.02091607875601899
0.00376664164648671,-0.013787271022717653,-0.009973010328611896,0.00376664164648671
0.011481700901123748,-0.015419389476867405,-0.003890069528124609,0.011481700901123748
0.022066723050007984,-0.03668901870948463,-0.0145746766118576,0.022066723050007984
-0.0021069352402714437,-0.014050869904641274,-0.016110186097293668,-0.0021069352402714437
0.028621703327443654,-0.04828363412104685,-0.019614311745984152,0.028621703327443654
-0.0232430584407967,0.020712760332951278,-0.002482679060226379,-0.0232430584407967
-0.03417948609548396,0.033523257094428625,-0.0006086099534362926,-0.03417948609548396
0.0054884788480036835,0.009685330687614948,0.015221428583237679,0.0054884788480036835
0.0015166420901525399,-0.006669136635478442,-0.005104875497706855,0.0015166420901525399
-0.011114752172855761,0.017295446612773383,0.006228313487536669,-0.011114752172855761
0.01106637953098795,-0.004275200500619636,0.0068387980779873615,0.01106637953098795
0.026159948070661597,-0.02939444404418502,-0.003186876925904377,0.026159948070661597
-0.004010249148268934,0.014711113868271538,0.010748483767621652,-0.004010249148268934
-0.01836079594855223,0.020768734584768748,0.002455557683835564,-0.01836079594855223
-0.022550540099878284,0.02741514699149715,0.0049122259392379115,-0.022550540099878284
0.013144627893086113,-0.005183916358432066,0.008008330582273094,0.013144627893086113
0.0031193534654667386,0.005899783284380022,0.009066755797465806,0.0031193534654667386
0.04404029334513584,-0.043445343186837265,0.0006425692059176175,0.04404029334513584
-0.020908576411540113,0.018770533695784235,-0.002090423668136833,-0.020908576411540113
0.01536411138201683,-0.014610795474037425,0.0008009349555984529,0.01536411138201683
-0.009005400409458011,-0.007335220499378084,-0.016293001861217047,-0.009005400409458011
0.007296964219112648,0.0022835872957339457,0.00962817056246564,0.007296964219112648
0.02159491272194289,-0.03427843178439714,-0.012635900014835206,0.02159491272194289
0.020250052828144113,-0.023456777329934033,-0.0031591054541708747,0.020250052828144113
-0.0006369977522807692,0.004882576702816067,0.004293197998154345,-0.0006369977522807692
-0.0014310678476201694,0.011493360147448256,0.010109911347447135,-0.0014310678476201694
0.007926511028996459,-0.010567839902673789,-0.0025937098260582817,0.007926511028996459
0.009651695384513898,-0.015272490221085615,-0.005573175788952668,0.009651695384513898
0.014792300985758367,-0.025753356163129987,-0.010913436129752574,0.014792300985758367
-0.0027282695274967474,-0.016871731347768447,-0.019552381827646147,-0.0027282695274967474
0.024749859537740285,-0.036850871538139506,-0.012053392952780176,0.024749859537740285
0.018870690682157177,-0.033607131113000906,-0.014688821383224684,0.018870690682157177
-0.014403604386799718,0.023170064724713505,0.008814079385532834,-0.014403604386799718
-0.013588037468998183,0.027275034710702115,0.013734616289322979,-0.013588037468998183
-0.06351856050754318,0.07146458064653213,0.007993639186608002,-0.06351856050754318
0.020222306681011583,-0.02321777515530422,-0.0029478494266735925,0.020222306681011583
0.014577182517203021,-0.00546908190338017,0.0091557196614419,0.014577182517203021
0.01864140669937899,-0.018057107836944357,0.0006319179100536796,0.01864140669937899
-0.008854387956838934,0.013738383946920752,0.004931615037700866,-0.008854387956838934
0.0022213733632442784,-0.003998384067722984,-0.0017293916568596585,0.0022213733632442784
-0.004916316241308218,0.013259175647720806,0.008390478454031635,-0.004916316241308218
0.003907749126225979,0.0050740734502105235,0.009029441624055548,0.003907749126225979
0.00032955797148028333,0.005298087897508702,0.005675264916608033,0.00032955797148028333
-0.03268837048667571,0.03120754563300515,-0.0014332058060515115,-0.03268837048667571
0.01596608347184807,-0.010969788800277314,0.005043913719189803,0.01596608347184807
-0.03017888201158164,0.02438974285809386,-0.005741520105868735,-0.03017888201158164
0.017369725384695948,-0.018090345345587396,-0.0006730009132724034,0.017369725384695948
0.019150189153171068,-0.008993244672579184,0.01020456352821093,0.019150189153171068
0.0006804810363383449,0.011317953305517684,0.012046053389475076,0.0006804810363383449
0.006542098002294212,-0.007279742330979072,-0.0006900252810658129,0.006542098002294212
0.01262763521610624,-0.023870617921502503,-0.011195363657777216,0.01262763521610624
-0.012263707033393008,0.031050937470163777,0.018834849484389817,-0.012263707033393008
0.004180375491921655,0.0014107394466839525,0.005638733986224656,0.004180375491921655
-0.015148778932998682,0.022686932551051708,0.007585772665672073,-0.015148778932998682
0.013731315868051713,-0.02303226962181909,-0.009253334706148331,0.013731315868051713
-0.003765974936844514,-0.005529413240064202,-0.00924776912928967,-0.003765974936844514
0.018715660801509184,-0.009005171143572566,0.009758108705555664,0.018715660801509184
0.013908119141538515,-0.022353999185407952,-0.00839826099625039,0.013908119141538515
0.0022268284756452946,0.003300911860909899,0.005575359384174242,0.0022268284756452946
0.004338218035839461,0.0005536674646090561,0.004939504548067565,0.004338218035839461
-0.007433476366396285,0.008797955041845502,0.0014120977230682647,-0.007433476366396285
0.015374991330094104,-0.024031309808323735,-0.008608699430610585,0.015374991330094104
0.0036992006305859256,-0.009333475437062899,-0.005586655758857925,0.0036992006305859256
-0.005558854089209286,-0.0007812474883649418,-0.00629248252995518,-0.005558854089209286
-0.005462605554810466,-0.0021544469026360666,-0.007569433409827486,-0.005462605554810466
0.009549133145036835,0.0034993560065493005,0.013096108199205182,0.009549133145036835
-0.009733075037564404,0.005355188223771951,-0.004330267766173405,-0.009733075037564404
0.015029736729409054,-0.024076380904571894,-0.008999025127543794,0.015029736729409054
-0.009541475801178577,0.010012100650588883,0.0005182438970293538,-0.009541475801178577
-0.009145424194835643,-0.0020858027739417946,-0.01118360792115839,-0.009145424194835643
0.0025362832872515293,-0.01219162233383297,-0.009607719998962394,0.0025362832872515293
0.0017526536660580699,-0.010387789134822311,-0.008587516421145193,0.0017526536660580699
0.009103678326700722,-0.008164064788029831,0.00098723258628994,0.009103678326700722
-0.004097590475929535,0.0029729228044851567,-0.0010770486238253314,-0.004097590475929535
0.00780091334330026,-0.014330110135980071,-0.006481577745060763,0.00780091334330026
0.010412134103525261,-0.02691931439566944,-0.016459561244525134,0.010412134103525261
7.271313732135803e-05,-0.00400116967619796,-0.003880837491257555,7.271313732135803e-05
0.006934974390020568,-0.008649262958248749,-0.0016666695206091335,0.006934974390020568
-0.00517956214875751,-0.0023336010810725664,-0.007465544182211029,-0.00517956214875751
0.0008294926198616415,-0.00856282788490057,-0.007685716217419879,0.0008294926198616415
0.002401864708834361,-0.006857565365852268,-0.00440808160939886,0.002401864708834361
-0.003895981186328722,0.00598991272508502,0.002141550586375345,-0.003895981186328722
-0.004229678728363708,0.004596130560576606,0.00041407087983194547,-0.004229678728363708
-0.004573280013600837,0.016893767032424095,0.012368106066442303,-0.004573280013600837
-0.0022162095115006476,0.005513233295647936,0.0033446428317663356,-0.0022162095115006476
0.011740741708816607,-0.021794031015695593,-0.01000567025925994,0.011740741708816607
0.0017116002094147056,0.0030185120367593582,0.004777731293793112,0.0017116002094147056
0.0011767131450306765,0.003872565708767366,0.005096897901417091,0.0011767131450306765
0.0014231004733426499,0.00063288534414658,0.0021036048651082774,0.0014231004733426499
0.0055843301918806374,-0.0095132225138311,-0.003881273274331414,0.0055843301918806374
-0.008408497160697154,0.011911935503524406,0.0035510573904463005,-0.008408497160697154
0.006518611205518594,0.0023092237360185057,0.008875453989156146,0.006518611205518594
0.012594220726200568,-0.018481329550331514,-0.005839489776511899,0.012594220726200568
-0.025863771609714512,0.02166927271780356,-0.004146879844291907,-0.025863771609714512
0.0016892325728143458,-0.0002050776796843953,0.0015317739407489982,0.0016892325728143458
-0.028922158526386348,0.02532990452378106,-0.003544634954986242,-0.028922158526386348
0.015407475654538991,-0.007658912979944692,0.0077961817222133465,0.015407475654538991
-0.01558491904319979,0.012896042538427131,-0.0026412574571536107,-0.01558491904319979
0.005408886327932552,-0.005023430965991902,0.0004330744095596968,0.005408886327932552
0.02034924566963565,-0.012739847039804759,0.007657017677449939,0.02034924566963565
0.003628665823595177,6.060503565683661e-05,0.003736889906871061,0.003628665823595177
0.00538398364551339,-0.007043633661614543,-0.0016120309684821061,0.00538398364551339
0.0010185354876848848,0.00016112514179070494,0.0012272796770946373,0.0010185354876848848
-0.005215595279028098,7.375127997697176e-05,-0.005094224951432079,-0.005215595279028098
-0.02596389181573171,0.022993643593050204,-0.002922629175062462,-0.02596389181573171
0.0028198132082368644,-0.0006520555104018814,0.0022153767454540308,0.0028198132082368644
-0.0318383358087179,0.021093267456770887,-0.010697449304327969,-0.0318383358087179
0.00542354260633231,0.0012979907894629845,0.006769152443414342,0.00542354260633231
0.012393945647440004,-0.006844586933517699,0.005596977761541354,0.012393945647440004
0.02357080093039433,-0.01666422587507254,0.006954194102940836,0.02357080093039433
-0.008380716409234955,0.0059173330797674985,-0.0024157642818484087,-0.008380716409234955
0.004148833476038827,-0.005973073002012212,-0.0017766204783543388,0.004148833476038827
-2.0314337123134366e-05,0.0027435252008749986,0.0027708299113709117,-2.0314337123134366e-05
0.005960083686508766,-0.0013690214945722198,0.004638681239555594,0.005960083686508766
0.01811835364927478,-0.01720021270196287,0.0009657599949309558,0.01811835364927478
-0.009736349931216658,0.007681109487157428,-0.0020076213964401817,-0.009736349931216658
0.01941956704084152,-0.012142878743364232,0.007324307345096335,0.01941956704084152
0.01129237387054715,-0.02427707461683606,-0.012937081698669865,0.01129237387054715
0.006141063708374721,-0.0011281790302472099,0.005060503725746559,0.006141063708374721
0.005070985726279365,-0.003512728862568277,0.0016058759113301352,0.005070985726279365
-0.004450709947287057,0.016260734264855737,0.011857643365187727,-0.004450709947287057
-0.0013253047731890644,0.0032099746098150704,0.0019322888842450534,-0.0013253047731890644
0.005483772339131456,-0.0019072538231428664,0.003624137563607637,0.005483772339131456
0.0014276781225853496,0.003054073671313157,0.004529370841517555,0.0014276781225853496
-0.012779225543749335,0.010236662328382176,-0.0024949441677481108,-0.012779225543749335
0.0019225159583865581,-0.0037880923135464924,-0.0018179573075408867,0.0019225159583865581
-0.009820736617756566,0.00177529774707374,-0.007997819823063778,-0.009820736617756566
0.012214608035820721,-0.018633033512561608,-0.006370806429121839,0.012214608035820721
0.0028646810059013554,-0.0034183030519279707,-0.0005060029984075677,0.0028646810059013554
-0.017911798587928966,0.015591171099903942,-0.002273008440405977,-0.017911798587928966
-0.010788205955913123,0.014119773130935306,0.0033791862226412316,-0.010788205955913123
-0.03113202862056791,0.025961748637792402,-0.005122660935156461,-0.03113202862056791
0.009958348380606592,-0.015242171207738521,-0.0052362037795128805,0.009958348380606592
-0.00635291613318953,0.0059586799845770646,-0.0003466171009934185,-0.00635291613318953
0.021938459903035157,-0.02182873714716019,0.00015734180349401145,0.021938459903035157
0.0181308275281887,-0.009636743252224389,0.008541703323583357,0.0181308275281887
-0.01108854994534066,-0.0030478581433076037,-0.014088789041029216,-0.01108854994534066
0.02393647613522796,-0.019437325475449598,0.004546769707397406,0.02393647613522796
-0.012880002669793894,-0.001031038397525946,-0.013863422019700792,-0.012880002669793894
0.04513991344116741,-0.04939643644554771,-0.004208903956761254,0.04513991344116741
0.016643540123585123,-0.0131679905706405,0.0035231686005636705,0.016643540123585123
-5.547304894517256e-05,-0.006945858431778189,-0.006953712433104314,-5.547304894517256e-05
-0.01463007936787638,0.01739983641885078,0.0028173760985934462,-0.01463007936787638
0.020855000035164915,-0.021588682412181075,-0.0006860633293971157,0.020855000035164915
0.022158340833430868,-0.01841867513578652,0.0037872847452633932,0.022158340833430868
-0.003263629441050448,-0.005029016890562499,-0.0082450272839939,-0.003263629441050448
-0.013647332629364826,0.006002654247873947,-0.007597059333871831,-0.013647332629364826
0.001732622859244357,-0.005105202325500214,-0.0033249604186368097,0.001732622859244357
-0.001981056558486557,0.0011296676773351597,-0.0008037698335323499,-0.001981056558486557
0.018067757924154746,-0.02319358652885211,-0.0050782095570783186,0.018067757924154746
0.027535270822103077,-0.027037935240711967,0.0005449546290101554,0.027535270822103077
-0.004541974855531919,-0.0064956320991168045,-0.010989987907029677,-0.004541974855531919
0.0040715621156489825,0.002629087251364926,0.0067482684146329555,0.0040715621156489825
-0.015731146984539927,0.015579999275831003,-0.00010352866108987712,-0.015731146984539927
0.011277911279480348,-0.015960483401899452,-0.004634953074800057,0.011277911279480348
0.00484597794484104,-0.000816007348544119,0.004077589643915969,0.00484597794484104
0.009037349491705452,-0.00397710750114854,0.005107861038175961,0.009037349491705452
0.015829572002720834,-0.016729127280782484,-0.0008519362304426049,0.015829572002720834
-0.0031722113132145314,0.0037476181815950674,0.0006230259159995836,-0.0031722113132145314
0.0029811312672368465,-0.0041205277534683135,-0.0010917774386124198,0.0029811312672368465
-0.00517380673761107,0.0025763513896979438,-0.002549836300294079,-0.00517380673761107
0.014037196839280296,-0.0062361525747851795,0.007848663312114165,0.014037196839280296
-0.0024595959816475473,0.004459094479250318,0.0020471175452218176,-0.0024595959816475473
-0.009177615630546535,0.01362663460720412,0.004496638024276634,-0.009177615630546535
0.010862575710776335,-0.016413101964188437,-0.005502907205793055,0.010862575710776335
-0.0009746721527982142,-0.001154973343860211,-0.0020820264490393776,-0.0009746721527982142
0.008716984875280146,-0.00867578006362578,8.882385927341506e-05,0.008716984875280146
-0.004123448221621664,0.012561407954359546,0.00848557878035693,-0.004123448221621664
-0.0017713005315731483,-0.004412095783335759,-0.00613577726728986,-0.0017713005315731483
-0.0030258616873402137,0.0036126469618306704,0.0006344043221095043,-0.0030258616873402137
0.007756693449297354,-0.010676551771238711,-0.0028722392743223096,0.007756693449297354
0.0022253202774506196,-0.0016887429252900492,0.000584196399779618,0.0022253202774506196
0.0038158470525691173,-0.0011712569624868232,0.0026922091377013417,0.0038158470525691173
-0.006037753862242225,0.010157857199440661,0.004167722384817484,-0.006037753862242225
0.00892887079547863,-0.0036254284159039814,0.005351061427193697,0.00892887079547863
0.003874387080149543,-0.016543710605798446,-0.012621704478029858,0.003874387080149543
-0.01980088211423846,0.004332462596569191,-0.015420800470050225,-0.01980088211423846
0.01787570405393038,-0.018526641352451363,-0.0006033182509019379,0.01787570405393038
0.020356102752082536,-0.023857060022143283,-0.003453338222441702,0.020356102752082536
0.013502407919331513,-0.006364899906509903,0.007185127060440658,0.013502407919331513
0.004076599237789409,-0.011055164161666018,-0.006930945876257561,0.004076599237789409
0.0010835599699178962,-0.0011995289377330922,-6.83499201961483e-05,0.0010835599699178962
0.007406965971550203,-0.016705838082319246,-0.009251253063149998,0.007406965971550203
-0.000444381062661884,0.004018917100617794,0.003622155085574957,-0.000444381062661884
0.011090767148566051,-0.007684293184406762,0.0034540930117783375,0.011090767148566051
-0.009290954254544029,0.008838922706772324,-0.00040441250015265653,-0.009290954254544029
0.01523484343835515,-0.005569116561686013,0.009713345924288184,0.01523484343835515
0.007965955225695178,-0.012393257513903234,-0.004379683240589007,0.007965955225695178
-0.011118088383746836,0.005706522526134694,-0.005363946809993094,-0.011118088383746836
-0.0017969051211574989,0.005267869381270182,0.00351858330773173,-0.0017969051211574989
-4.1664573850848675e-05,-0.007681042850647814,-0.007675088376879615,-4.1664573850848675e-05
-0.006798318092015997,0.0020192247710234404,-0.004731474273373508,-0.006798318092015997
-0.024621040957943235,0.018730870235730834,-0.005842551674593356,-0.024621040957943235
0.016405552962063554,-0.0055146573800599905,0.01093851462962261,0.016405552962063554
-0.021175240545531205,0.0187798092362862,-0.0023478122616259595,-0.021175240545531205
0.013601668162670732,-0.010359063883114203,0.003290223327175577,0.013601668162670732
0.014879573723599384,-0.010356906498960766,0.004570286272257667,0.014879573723599384
0.006465364887331119,-0.010703548967722609,-0.004190565032772442,0.006465364887331119
0.009375014049552762,-0.012238052787096521,-0.0028154196899247102,0.009375014049552762
0.007894059138763001,-0.00712258565840523,0.0008190925279768185,0.007894059138763001
0.017268127998556093,-0.009446408450125485,0.007869338596049654,0.017268127998556093
0.012649858767707581,-0.00217216169324161,0.010525316122085019,0.012649858767707581
0.008282372786265195,0.0014180409931166284,0.00974803282700087,0.008282372786265195
-0.010631739180721404,0.004913815695862379,-0.005670304437239977,-0.010631739180721404
0.012119838418609082,-0.0005678125085827202,0.01159964495764541,0.012119838418609082
0.0012950324599716474,-0.0007253231793339423,0.0006173283282567527,0.0012950324599716474
-0.0025588355919297814,-0.0036293801313527383,-0.006140596675663472,-0.0025588355919297814
-0.011913449183633826,0.004077867482873276,-0.0077879626531415025,-0.011913449183633826
0.006605095856478276,-0.007328073399175772,-0.0006753584950784492,0.006605095856478276
-0.008869883834831834,-0.006865802295823026,-0.01568806708303581,-0.008869883834831834
-0.007417782587656206,-0.00410126871980086,-0.011471432259838021,-0.007417782587656206
0.02070020212733593,-0.014426123944740753,0.006321697230214225,0.02070020212733593
-0.026048249786409537,0.019801971175612585,-0.006198659563177907,-0.026048249786409537
-0.004025956418379721,0.0175678776557013,0.013589540284940626,-0.004025956418379721
0.02324993804237926,-0.020599070394436654,0.002698486695561652,0.02324993804237926
-0.010632617907749073,0.003617485769806221,-0.006967513090323803,-0.010632617907749073
-0.012854520414906439,9.977105578984615e-05,-0.012707130311497545,-0.012854520414906439
-0.02057741891527673,0.0032134290210630405,-0.017316370846594643,-0.02057741891527673
0.028529956241355136,-0.02073814379499425,0.007839431493979929,0.028529956241355136
0.0027381464635041473,-0.002284352537141132,0.0005014129739820631,0.0027381464635041473
0.007851102237786093,-0.007104552005974823,0.0007941692794303178,0.007851102237786093
0.007546209420981097,-0.012169461877562536,-0.004575633408962391,0.007546209420981097
0.01793268116443618,-0.005350226154003348,0.012630074058051876,0.01793268116443618
0.008432774326480319,-0.005376506182477938,0.003103887191621429,0.008432774326480319
0.008155036945179845,-0.007110589157627183,0.00109206683517171,0.008155036945179845
-0.013670182209981667,0.004300611031455887,-0.009321952130906733,-0.013670182209981667
0.00660088269420937,-0.0011466363749594126,0.0055018653668690055,0.00660088269420937
-0.018134397267908896,0.010818405474338225,-0.007268372745951625,-0.018134397267908896
-0.0029794281917782705,0.0016433284666219575,-0.0012884806775372653,-0.0029794281917782705
-0.0003941837857430559,-0.006626236089216302,-0.0069728008273403095,-0.0003941837857430559
-0.02805754055506966,0.012646769731288887,-0.015363151776161725,-0.02805754055506966
-0.005034203963554335,0.0009421078929243616,-0.004044477023010926,-0.005034203963554335
0.01467218230141562,-0.008126264307073914,0.006593537041960755,0.01467218230141562
0.015026687305383535,-0.018406877411261815,-0.0033325710582592333,0.015026687305383535
-0.011680296869962664,0.0005943808912766281,-0.011038296931066989,-0.011680296869962664
0.011448236000037285,0.00475252096652985,0.016248376014186182,0.011448236000037285
0.00982758246390006,0.0036830865669708482,0.013558288078489956,0.00982758246390006
0.018853839151836308,-0.008973543418869759,0.009927914780585596,0.018853839151836308
0.007478995426296447,-0.012247325187777335,-0.00472071071386184,0.007478995426296447
-0.001998411014309805,0.00250635742977011,0.0005555654630793527,-0.001998411014309805
-0.0015463578737056865,4.079009445285386e-05,-0.001457948731633785,-0.0015463578737056865
0.001850327774159723,0.004549565238540002,0.006447512060318772,0.001850327774159723
0.006656058287543415,-0.0011010111009428318,0.005602666234219631,0.006656058287543415
-0.004173785723989329,0.004128909540820818,2.7428644505359423e-06,-0.004173785723989329
-0.011078828443618453,0.001740474962211563,-0.009290734433787843,-0.011078828443618453
0.00819392781023196,-0.003808558289460062,0.004432988568390947,0.00819392781023196
0.00607287086557283,-0.0026850669605203927,0.0034354229526714843,0.00607287086557283
0.003654424029553974,-0.0006573859988594472,0.0030446570783135745,0.003654424029553974
-0.010021628910499887,0.007588905530580482,-0.002385104332300357,-0.010021628910499887
-0.01055985873769166,0.0038119337101642095,-0.006700305979908402,-0.01055985873769166
0.012742266656914903,-0.014760749487406258,-0.0019708637828723063,0.012742266656914903
-0.010417932308497429,0.006893440765086613,-0.003476872495791768,-0.010417932308497429
0.01256818141480082,-0.015246835244246651,-0.0026310347818267825,0.01256818141480082
0.0240592067686123,-0.002620649142883237,0.02148617667334811,0.0240592067686123
0.0009059487352174834,-0.0010118138070168438,-5.824602418031275e-05,0.0009059487352174834
0.007265552514567831,-0.0014139346982872008,0.005899236863899678,0.007265552514567831
0.00472239534285974,-0.008032162509917628,-0.0032621481194388406,0.00472239534285974
-0.008832160465893576,0.007210572377363182,-0.0015739690409113465,-0.008832160465893576
0.00900392287659653,-0.00610326337520885,0.002948278549006728,0.00900392287659653
-0.0009201885229492159,-0.002048224041229988,-0.0029207935165601563,-0.0009201885229492159
0.0014780945963190101,-0.006627378398626677,-0.0051016647546886194,0.0014780945963190101
0.006544550931409124,-0.005340467399311013,0.001251702579717158,0.006544550931409124
0.008741966716279592,-0.009213057930862576,-0.0004234721669639364,0.008741966716279592
-0.010288656193994404,0.00725266134186401,-0.0029883758045113466,-0.010288656193994404
-0.007381873323691678,0.005889441697277682,-0.0014448125787949492,-0.007381873323691678
-0.02124298841115326,0.015236411813279983,-0.005958957550254231,-0.02124298841115326
0.00805400415360471,-0.008135066634305245,-3.34434330814862e-05,0.00805400415360471
0.020185544542885837,-0.015558293257785731,0.004674870332719153,0.020185544542885837
0.014907520436264352,-0.0023686260119921633,0.012586513471891237,0.014907520436264352
-0.007475666761962164,0.003741363227474123,-0.003686684486868994,-0.007475666761962164
-0.011758639401823676,0.006873853333205317,-0.0048371670209993115,-0.011758639401823676
0.013959013354807254,-0.004509597047397908,0.009497035355028393,0.013959013354807254
0.0035077855461886557,-0.0031835453295209534,0.00037185926428675003,0.0035077855461886557
0.007543428367049829,-0.006013948716177082,0.0015770986984917942,0.007543428367049829
-0.010096270102155733,0.009906680849259449,-0.00014197020527723566,-0.010096270102155733
0.012805441211355066,-0.003268468181787694,0.00958459207718642,0.012805441211355066
0.007774020044884175,-0.0026924328737680894,0.005129206218735133,0.007774020044884175
-0.0036825266437085545,-0.0029050908722802323,-0.006539998468369739,-0.0036825266437085545
0.014805262142833309,-0.004421891981481602,0.010430989208970754,0.014805262142833309
-0.006860846703307504,-0.007886953988495607,-0.014700181644184063,-0.006860846703307504
0.005670954425677244,-0.0005718919680774915,0.0051466815052188,0.005670954425677244
0.0033566426184836098,-0.004615324360394616,-0.0012110626942919587,0.0033566426184836098
0.0032963038255002896,0.0009530951005067396,0.0042970179736260775,0.0032963038255002896
0.00580032271890495,-0.013096743518220629,-0.007248801751696631,0.00580032271890495
-0.0038456325628225194,0.01017842913168442,0.006380415616480949,-0.0038456325628225194
-0.0033461434781621533,0.002342401707705704,-0.0009561227228374017,-0.0033461434781621533
0.0010272076037741982,-0.004922494480378745,-0.0038476678289854995,0.0010272076037741982
-0.009234378062706515,0.0017680543870501279,-0.007418704628037338,-0.009234378062706515
0.003692239224466053,-0.003871433337085935,-0.00013157506500083464,0.003692239224466053
-0.008478510315878991,0.0015930652410818958,-0.006837826027178047,-0.008478510315878991
-0.020219390151966308,0.0067003070978794346,-0.013471464006467827,-0.020219390151966308
-0.019888006490552945,0.017697507123741164,-0.002142880319192736,-0.019888006490552945
0.030216890827448096,-0.012087158985183793,0.01817735088988335,0.030216890827448096
0.008001313549420649,-0.0004286328636909576,0.00762029973334874,0.008001313549420649
-0.00237217405456193,-0.0012480353984962655,-0.0035725904054391476,-0.00237217405456193
0.010859718724048924,-0.00831518180988603,0.002592155961781943,0.010859718724048924
0.00512731876879001,-0.009435099295162648,-0.004260161478753591,0.00512731876879001
-0.01151809643006781,0.004348858867786032,-0.00712161851466273,-0.01151809643006781
-0.006357452227022259,0.0037166654463612206,-0.002593167733041991,-0.006357452227022259
0.007311710867473141,-0.009157192066378422,-0.001797862151286233,0.007311710867473141
0.006032038577982741,-0.004498374123203756,0.0015812835023980318,0.006032038577982741
-0.0022128697121767686,-0.0016581850096966497,-0.0038234356742543707,-0.0022128697121767686
-0.009579141682784054,0.009896714266426021,0.0003651916312610152,-0.009579141682784054
-0.004642343835113706,0.001993797158053111,-0.0026009276294415478,-0.004642343835113706
-0.01221668991915531,0.009537198996460144,-0.002631871875076118,-0.01221668991915531
0.021929079740473992,-0.014739968809324298,0.007236729978768741,0.021929079740473992
0.009075008347097025,-0.0027829200607059224,0.006339707334010152,0.009075008347097025
-0.009821719956415838,0.009598625951296664,-0.00017547495750012572,-0.009821719956415838
-0.014788239408401647,0.003253858155182497,-0.011486762205600102,-0.014788239408401647
-0.010471764701197322,-0.00024206738402345228,-0.010666213037601726,-0.010471764701197322
-0.011827928165742435,0.0082934092188878,-0.0034868998992355865,-0.011827928165742435
-0.016161931389565832,0.018863730593932152,0.0027494182519853653,-0.016161931389565832
0.03306177857931303,-0.010328895418311187,0.02278050220862089,0.03306177857931303
0.016423578578356555,-0.009379967526669721,0.007091230099305881,0.016423578578356555
-0.0034512709588304597,0.005199176302489859,0.0017955243912784469,-0.0034512709588304597
0.01127969369413272,-0.00387402616060341,0.007453286581148359,0.01127969369413272
0.005494597344831933,-0.006827827007798163,-0.001285610615347183,0.005494597344831933
-0.009002469350202484,-0.0005828224108688145,-0.009537672713452251,-0.009002469350202484
0.006981100281089861,0.0006747881050522969,0.007703507433761206,0.006981100281089861
0.004152827508079271,-0.006267554431925669,-0.002067107876227351,0.004152827508079271
-0.0016244401066404053,0.007089389831524701,0.005512568772503344,-0.0016244401066404053
0.0017008370750417792,-0.0009611657300747856,0.0007872903925860412,0.0017008370750417792
0.005142377715682268,-0.011664279671674964,-0.006474282908373648,0.005142377715682268
-0.013210839964627364,0.012043773489395844,-0.0011194474276124719,-0.013210839964627364
0.008894583683520346,-0.001974639144864824,0.00696756358627457,0.008894583683520346
0.006633286560211382,-0.007242239070299247,-0.0005613334624688178,0.006633286560211382
0.0008155377705532874,-0.0023268809343463433,-0.0014637241161740084,0.0008155377705532874
0.015317064156787963,-0.0034153208395022463,0.011949362364904764,0.015317064156787963
0.009135094227161642,-0.0032472863874368338,0.005935426887343856,0.009135094227161642
0.004085968772167506,-0.004086481653890089,4.710616589646358e-05,0.004085968772167506
0.0006044673734593813,0.0024134140529402013,0.00306550047401863,0.0006044673734593813
-0.0032597114172021593,0.00716527155312545,0.003953179183542338,-0.0032597114172021593
-0.008147175398939896,0.008476836993959814,0.0003772806426389657,-0.008147175398939896
-0.014572221818084109,0.008245902089708016,-0.0062787006807570435,-0.014572221818084109
-0.012801576405520149,0.012713436230598136,-4.0521127302964544e-05,-0.012801576405520149
0.007197412469965701,-0.004424349212347821,0.002820682305236927,0.007197412469965701
0.01347926198804377,-0.01364933457109975,-0.00012245353543693198,0.01347926198804377
0.00359820620241545,-0.005387526818156015,-0.0017417015681215182,0.00359820620241545
0.0038460241440480426,-0.0036720619287085206,0.00022158126295856965,0.0038460241440480426
-0.006752788645895802,0.00046953483466404054,-0.006235634763612714,-0.006752788645895802
0.01586596761547385,-0.011572121785920174,0.004341464877172724,0.01586596761547385
0.011561740062849298,0.0003356641180419969,0.011945023228510342,0.011561740062849298
-0.007820168116313581,-0.004037796881218236,-0.011810345949912772,-0.007820168116313581
-0.004568004705461018,0.0016753788293174185,-0.0028450068285245525,-0.004568004705461018
0.010905238749181069,-0.0074071137966210295,0.003545744000179087,0.010905238749181069
0.00016418238689072328,0.004238586682788621,0.004450388117298392,0.00016418238689072328
-0.011372313306365048,0.006600258414202022,-0.004724435844543978,-0.011372313306365048
0.00490993025976754,0.004143054195112731,0.009100603502499317,0.00490993025976754
-0.0036001363125876132,0.0013374346940666021,-0.0022150825709019635,-0.0036001363125876132
-0.003628377928844902,0.006764273497763092,0.0031835146165372376,-0.003628377928844902
-3.4717662403982685e-05,-0.0043416860093899385,-0.004328784624174874,-3.4717662403982685e-05
-0.01706007702690242,0.011336666002755815,-0.005675791976527559,-0.01706007702690242
0.016626413751630636,-0.011047664793853579,0.005626368005396104,0.016626413751630636
-0.0018679730911070585,-0.0052098094420326615,-0.007030163485520672,-0.0018679730911070585
-0.0007264751026957885,0.006633777689249569,0.005954921634172828,-0.0007264751026957885
-0.03164638652798713,0.022200693046232033,-0.009398074434136055,-0.03164638652798713
0.003099446189665702,0.0015039297188080565,0.004650994956092807,0.003099446189665702
0.010876702973902766,-0.012584077664177674,-0.0016597556426558593,0.010876702973902766
0.029537237706703294,-0.01666227614066201,0.012922580613660329,0.029537237706703294
-0.0013738718113924533,0.0032592768507961273,0.0019330240870227217,-0.0013738718113924533
0.009071893538221779,-0.008577493521288502,0.0005420190645523252,0.009071893538221779
-0.02104700474603231,0.01309060396402664,-0.007908781734386623,-0.02104700474603231
-0.0041734783711866105,-0.0007871025996230865,-0.004912961923190649,-0.0041734783711866105
-0.0077446589305392765,0.012594415581016784,0.004897375698096556,-0.0077446589305392765
0.015110836932607993,-0.009154095464169029,0.006004360516058013,0.015110836932607993
0.0006708377366449549,0.012071363946661681,0.012789820730925683,0.0006708377366449549
0.008818182941577515,-0.008121265348996947,0.0007445366401996165,0.008818182941577515
-9.120513174156397e-05,3.957022487016076e-05,-4.015859252355589e-06,-9.120513174156397e-05
0.004442912958441818,-0.011500522258558224,-0.007009990252497358,0.004442912958441818
0.000966413692107027,0.005921479720888565,0.00693551246061464,0.000966413692107027
-0.0030067382800029927,0.004178413119891798,0.0012192938875078521,-0.0030067382800029927
-0.0022359762369498896,-0.0037525483068182024,-0.005940905496149044,-0.0022359762369498896
-0.0017646893333919833,-0.004561998841377922,-0.0062790691271508575,-0.0017646893333919833
0.01464873182680277,-0.015575688882103743,-0.0008793380076819244,0.01464873182680277
0.001635978046750314,0.003561771928581605,0.005245369022950967,0.001635978046750314
0.0010158061089141981,0.0011411305468204274,0.002204555703353673,0.0010158061089141981
0.006722360101475005,-0.011510499953909178,-0.004740520804815125,0.006722360101475005
0.013856142795461974,-0.005765446564557245,0.008138315278523775,0.013856142795461974
-0.0051071251329659305,0.0019962109864962523,-0.003063295098850631,-0.0051071251329659305
0.0036453355925831084,0.0026052823549407795,0.006298236995142936,0.0036453355925831084
0.0016846247983621587,-0.014045793418935741,-0.012313549572954535,0.0016846247983621587
0.0006519365642539284,0.0014996654360094261,0.002199221047882402,0.0006519365642539284
-0.011672765549197757,0.005172852019416905,-0.0064522944821618035,-0.011672765549197757
0.010523602060447529,-0.014094618950309988,-0.003523397842243411,0.010523602060447529
0.0004895403882527633,0.0003409969703864294,0.0008781564062582403,0.0004895403882527633
0.0017061401375379026,-0.012243263126778944,-0.010489503941621995,0.0017061401375379026
0.0028427175155924314,-0.0025919019546782863,0.0002984346085331928,0.0028427175155924314
0.007817689046314542,-0.0156922650017556,-0.007826956907822012,0.007817689046314542
0.00038522516066808496,0.005033939449389647,0.00546678365767678,0.00038522516066808496
0.0009485387777433579,-0.007314694574454842,-0.006318536749092437,0.0009485387777433579
0.004134170898796824,0.003067020491869745,0.007248810438285617,0.004134170898796824
0.004168864581486425,0.0015167877058142134,0.0057332713349196865,0.004168864581486425
-0.013347360976107031,0.006015917136469809,-0.007283824792018174,-0.013347360976107031
0.003056432838328626,0.00029567989146339147,0.0033997317774110652,0.003056432838328626
0.0031646126448764593,0.0018459644401067018,0.005058196132602209,0.0031646126448764593
-0.005405815366766754,-0.004715583978322392,-0.0100737802974701,-0.005405815366766754
-0.00042799100290319436,0.002459369205807234,0.002078997250523087,-0.00042799100290319436
-0.00483199381956372,0.00027415084816803876,-0.004510223923776634,-0.00483199381956372
-0.001342590159257391,0.008536163249048016,0.0072411921374096735,-0.001342590159257391
-0.007578754010421035,0.008463622395017764,0.0009324874322157767,-0.007578754010421035
-0.0014000603639570267,-0.004028675941816753,-0.005381117258154732,-0.0014000603639570267
0.0080958198514677,-0.0014296123722764057,0.006713826526810344,0.0080958198514677
0.00313838532582841,-0.00018126020478073437,0.003004744168666723,0.00313838532582841
-0.024987139817378882,0.018246173641077303,-0.006693347128682533,-0.024987139817378882
0.006179565539437036,-0.0012358660623659977,0.004991318524690086,0.006179565539437036
-0.026256366437299502,0.02101997203950599,-0.005188775350174466,-0.026256366437299502
-0.007769967060767118,0.019755067567841088,0.012032719554693016,-0.007769967060767118
0.017318460785257794,-0.018096891376656505,-0.0007308115437796663,0.017318460785257794
-0.007618515572977618,0.01510124254332991,0.00753034601797134,-0.007618515572977618
0.004646655203518835,-0.0018859333192796659,0.0028083409318582163,0.004646655203518835
0.019020351465519517,-0.022803306625894405,-0.003735336112755843,0.019020351465519517
0.00011077968523203965,-0.006578981179374373,-0.0064205824465232856,0.00011077968523203965
-0.007733267091555434,0.015720786384404523,0.008035138340468135,-0.007733267091555434
0.008512116922180731,0.0009078990829748892,0.009467635052774669,0.008512116922180731
-0.013876477746461172,0.01186251515449805,-0.0019663435443440735,-0.013876477746461172
0.0029214995781857464,-0.0009829942335023683,0.0019861243923024255,0.0029214995781857464
0.018629781654577526,-0.013954877748426608,0.004722522953769965,0.018629781654577526
-0.005324440690715388,0.001538306451317535,-0.0037385151917788064,-0.005324440690715388
-0.012354191033412466,0.005507376916956276,-0.006799195068837142,-0.012354191033412466
-0.009155107942746304,0.018691461843662462,0.009583972948535205,-0.009155107942746304
0.015896891614992262,-0.02029880894749352,-0.004354298284882212,0.015896891614992262
0.010020283332533192,-0.004097700475287363,0.005970201904864876,0.010020283332533192
0.006320443037111098,-0.005359070736463872,0.001008991348266273,0.006320443037111098
0.01733138379814099,-0.001063865699626149,0.016315137146133887,0.01733138379814099
-0.0038761765228390536,0.001728469822316458,-0.002100087652903548,-0.0038761765228390536
0.001355544107074234,0.0027407679517302895,0.004143931106423571,0.001355544107074234
-0.0038318375258551154,-0.0052427395825931375,-0.009026958060829206,-0.0038318375258551154
0.0008553617171394843,0.0034038243622606643,0.004306805127019197,0.0008553617171394843
0.0013316531696721532,-0.013904534363737137,-0.012525262146445936,0.0013316531696721532
0.007474411448702462,-0.006022669505129626,0.0014993609911918824,0.007474411448702462
-0.011727289247720036,0.029356157144893702,0.017676486944792714,-0.011727289247720036
0.005310082814986147,-0.004262341802947669,0.001095360059657525,0.005310082814986147
0.0007642841663625735,-0.005817944005838393,-0.005006040791856772,0.0007642841663625735
-0.002872677051745639,0.008517892254910571,0.00569283425078398,-0.002872677051745639
0.004957666443089928,-0.013225059376013332,-0.008219773885304357,0.004957666443089928
0.0014770544064956765,-0.000381600441627214,0.00114307301248751,0.0014770544064956765
-0.0056290665809868275,0.009526933512712275,0.003945485979344496,-0.0056290665809868275
0.006359832692327652,-0.001730455160303359,0.00467699657964334,0.006359832692327652
-0.013023482584768946,0.02600671161375928,0.013030848076609381,-0.013023482584768946
-0.009660364570726616,0.011215272327735221,0.001602526804627653,-0.009660364570726616
-0.009666032139541827,0.011878289967156078,0.0022598768752332987,-0.009666032139541827
-0.012329675536639032,0.02811567200087241,0.015833615511852427,-0.012329675536639032
0.005049487048139174,-0.0009486510454733831,0.0041484550502848385,0.005049487048139174
0.00044346040229258836,0.008818664959922631,0.009309744409834267,0.00044346040229258836
8.990705634960599e-05,0.0038890328848940644,0.004026558988862719,8.990705634960599e-05
-0.005626983727224927,0.00854244841835036,0.002963083738744481,-0.005626983727224927
0.015338189670590618,-0.013655058749690824,0.0017307499685188421,0.015338189670590618
0.008228153210128524,-0.034131448383588094,-0.02585567612584052,0.008228153210128524
0.009753116028548194,-0.017833736203283417,-0.008033001127116177,0.009753116028548194
0.009437996868160502,0.016413445821050775,0.025899061736830327,0.009437996868160502
-0.008020783373716226,0.024764734615824856,0.016791570289727678,-0.008020783373716226
-0.001849659941867746,-0.012345309515327642,-0.014147350409576341,-0.001849659941867746
0.0008050301158845885,-0.00392700753100202,-0.003074358367498384,0.0008050301158845885
0.006741967622940077,-0.008250828520015917,-0.001461241849456793,0.006741967622940077
0.01199076929234944,-0.030546763428306166,-0.018508375088337678,0.01199076929234944
-0.009425471055231083,0.014853740686429702,0.005475888678817668,-0.009425471055231083
-0.009774999325636222,0.01642634218843762,0.006698961910420445,-0.009774999325636222
-0.007484251030435219,0.0062791120002943105,-0.0011575199825218621,-0.007484251030435219
0.014903493640442023,-0.029097061477332164,-0.014145948789271095,0.014903493640442023
0.003590948289271375,0.0011808374569481823,0.004819404793838605,0.003590948289271375
-0.014077456485459494,0.029718764824686,0.015688927386845554,-0.014077456485459494
-0.0028301819104060116,0.012723731297561557,0.009941168434774593,-0.0028301819104060116
-0.008087201556238764,0.018158422644736404,0.010118840136116686,-0.008087201556238764
-0.009669780866817771,0.016463954997935595,0.0068417931787368704,-0.009669780866817771
-0.0010853036765109878,-0.03729214303338595,-0.03832982766227789,-0.0010853036765109878
0.03242984914884584,-0.02023670038706458,0.012240767809400305,0.03242984914884584
0.0016270667756410346,-0.014683428256602887,-0.013008742433342805,0.0016270667756410346
-0.012308902960072837,0.016537477159596418,0.004276193247142628,-0.012308902960072837
0.02348790597917784,-0.01408550367178305,0.009450021355013835,0.02348790597917784
-0.00013906930428396442,0.007658635337641337,0.007567185080976421,-0.00013906930428396442
-0.002929534979478333,0.014836179721167918,0.011954263789308634,-0.002929534979478333
-0.029180604689944604,0.026150366395772957,-0.0029826192465526014,-0.029180604689944604
-0.010195946672736865,0.0057106874783204205,-0.004437640146797397,-0.010195946672736865
0.03263800585032678,-0.021848535941949233,0.01083708895599659,0.03263800585032678
0.0018806194006905925,-8.324883553715243e-05,0.0018449896127724877,0.0018806194006905925
-0.010459627565604462,0.01360939280867408,0.0031973842906886673,-0.010459627565604462
-0.0047161801145895205,0.01324307346881826,0.008574512401847785,-0.0047161801145895205
0.00733977956670828,-0.00987790604296241,-0.002490507428635082,0.00733977956670828
0.01558066161987637,-0.027492026607205493,-0.011863745939710077,0.01558066161987637
0.017113488627397946,-0.021020252381376916,-0.003859144706359925,0.017113488627397946
0.01215543174781626,-0.015821566988576476,-0.0036185161931411697,0.01215543174781626
0.01242709589678937,0.0008128302857452553,0.013287545230153672,0.01242709589678937
0.007887889030394597,-0.013386468518868848,-0.005450960440855202,0.007887889030394597
-0.005271285151234628,0.00741974134796637,0.0021960752443507888,-0.005271285151234628
0.0181250723540396,-0.006239863562238238,0.011932827839420406,0.0181250723540396
0.01124671448333154,-0.004330244314057225,0.006964089216893362,0.01124671448333154
-0.006354341711313078,-0.002849991264226503,-0.009156713927920534,-0.006354341711313078
0.006014215205247424,-0.01956428901545593,-0.013502454762589461,0.006014215205247424
-0.006100143212085121,0.0021060879113785668,-0.003946436253087507,-0.006100143212085121
-0.01357738040889695,0.012329402887225312,-0.0012003584740525887,-0.01357738040889695
0.0108278239070646,-0.007490912090598962,0.0033845308640846864,0.0108278239070646
-0.0010393097769265276,-0.008840380438927667,-0.009832071168235148,-0.0010393097769265276
-0.010772485986402859,0.011988630228073225,0.0012637632892894151,-0.010772485986402859
0.0015952719812102256,0.0067239698659822735,0.008366860894811546,0.0015952719812102256
0.0033944449221918415,0.001614705116642014,0.005056769086452904,0.0033944449221918415
0.003698713670710679,-0.0033654669396190025,0.00038086577871072414,0.003698713670710679
-0.014009611992649513,0.008029841004883265,-0.005932151940147199,-0.014009611992649513
0.004164398761522907,-0.0002629662265161676,0.003949051582625787,0.004164398761522907
0.011558441094990917,-0.010791987787798791,0.0008140723548111747,0.011558441094990917
-0.008080311498488714,0.0028923336947514226,-0.005140358756118243,-0.008080311498488714
-0.0020546747507691854,0.0035223830592890823,0.0015153273561389446,-0.0020546747507691854
0.010361293747205236,-0.020272591484621898,-0.009863678689797616,0.010361293747205236
0.0024339562876032946,-0.000532901417806194,0.0019486739174161484,0.0024339562876032946
-0.02529556279071772,0.017222260260101006,-0.00802568348299767,-0.02529556279071772
-0.0298802614861192,0.021285137857011045,-0.00854750458148911,-0.0298802614861192
0.0039110981319527465,0.0002736414412699668,0.004232358620841761,0.0039110981319527465
-0.02163915004212749,0.02386766227023791,0.0022761312757294664,-0.02163915004212749
0.005449724301966195,0.0029346054942793174,0.008431948843864558,0.005449724301966195
0.024861830735575106,-0.015438799389321484,0.009470650393872668,0.024861830735575106
-0.036054723712365455,0.025480840336466255,-0.010526264328280155,-0.036054723712365455
0.0011008349440567247,-0.011870502703570754,-0.010722048711894982,0.0011008349440567247
0.015527671798082546,-0.007154131777920161,0.008421159067781432,0.015527671798082546
0.027236879339860843,-0.03365400770678974,-0.006369509319309849,0.027236879339860843
-0.02049086376276898,0.041021342619635325,0.02057809790448539,-0.02049086376276898
-0.005151666797490139,0.017445217716555394,0.0123411699666843,-0.005151666797490139
-0.028727193759199177,0.05627965079980392,0.027600076088223787,-0.028727193759199177
-0.0071257548297990365,0.003477004592662819,-0.0036011311895171702,-0.0071257548297990365
-0.006494376319918944,0.026862762059233998,0.020416004786934103,-0.006494376319918944
0.0014676387201754844,-0.009747822703742288,-0.008232564935947756,0.0014676387201754844
0.016827829999123675,-0.04582809137830076,-0.02895264233155804,0.016827829999123675
0.005678548366379264,0.017287595334698664,0.023013762748696976,0.005678548366379264
0.016453933547665535,-0.03430281297523308,-0.017801260379948496,0.016453933547665535
-0.0421673304496087,0.039671255144582446,-0.0024484562574072096,-0.0421673304496087
-0.011378564396239474,-0.008416691439882827,-0.01974763678850325,-0.011378564396239474
-0.003457126491984854,-0.0004912091809749892,-0.0039007166253407955,-0.003457126491984854
0.017033687556214597,-0.014107152505347118,0.0029741540984865263,0.017033687556214597
-0.003363845528615517,0.015501928425383728,0.012185701944387258,-0.003363845528615517
0.01354450150253949,-0.026695954334574546,-0.01310383378441601,0.01354450150253949
0.010981154446491871,-0.023860689747921212,-0.012831916253810294,0.010981154446491871
0.01754113679478391,-0.03357593587189418,-0.015987180029491226,0.01754113679478391
-0.005352691325372949,-0.0012100582673742976,-0.006515130545128199,-0.005352691325372949
-0.00603043485149785,0.008078378282559102,0.0020955624786802994,-0.00603043485149785
0.010646433883961887,-0.026718072015132998,-0.01602401908355206,0.010646433883961887
-0.0036858757363971463,0.01396733762220381,0.010329080933425713,-0.0036858757363971463
0.002704729421079398,-0.006604246827969773,-0.003851898359271328,0.002704729421079398
0.007905498044785342,-0.014667209838591391,-0.006714092746187,0.007905498044785342
-0.015327678755625712,0.010052389256534577,-0.0052276704514720865,-0.015327678755625712
-0.023611191887055186,0.028180437653226625,0.004616864813790484,-0.023611191887055186
-0.01668823329317146,0.03207123443519669,0.015430620189644273,-0.01668823329317146
-0.034224730818495475,0.04665049272699436,0.012473380956117932,-0.034224730818495475
-0.006517275400391731,-0.0017965807867442822,-0.008266237139516967,-0.006517275400391731
0.008014827515247144,-0.020814365738252415,-0.012751919175386225,0.008014827515247144
-0.034849458615334034,0.035355616615859994,0.0005537770481450059,-0.034849458615334034
-0.003123952361922457,-0.005855273899320593,-0.008931607213624003,-0.003123952361922457
0.02547644565899641,-0.02274614557208465,0.0027779191345308056,0.02547644565899641
-0.00667886838876502,0.007982438128549539,0.001351188787403566,-0.00667886838876502
-0.0025252897953814838,0.0019201880167986616,-0.0005574827309637745,-0.0025252897953814838
0.023035398673128846,-0.030140271687165817,-0.007057253966417925,0.023035398673128846
0.010075538478554141,0.0013705229705312583,0.011493680496704448,0.010075538478554141
-0.010893978022551381,0.012570856004751114,0.0017244970298187817,-0.010893978022551381
-0.007572237912380866,0.011032853218592827,0.003508234353831008,-0.007572237912380866
-0.006734037989031122,0.012254891087627477,0.005568472146215403,-0.006734037989031122
0.013294477675538067,-0.011594446959489711,0.0017476497636674045,0.013294477675538067
-0.01426933181007681,-0.001270240132804461,-0.015491952895262222,-0.01426933181007681
0.0024187618527498045,0.008071602563232303,0.010537983463601156,0.0024187618527498045
0.011302779705637863,-0.025597203725489303,-0.014246804972232394,0.011302779705637863
-0.00022611266096834052,0.0022690477819142505,0.0020905541685649577,-0.00022611266096834052
-0.0009101434055716045,0.019733369024035864,0.018870844666083308,-0.0009101434055716045
-0.010685989646793058,-0.0011033555672179012,-0.011741726166391912,-0.010685989646793058
-0.0035330968742884657,0.005334216512735812,0.0018487386860663937,-0.0035330968742884657
-0.01570239255425096,0.01579969758195907,0.0001449240753271541,-0.01570239255425096
0.015470980963983317,-0.02668977735613623,-0.011171177344533866,0.015470980963983317
-0.00987030136229522,0.0009465246466971154,-0.008876157667979057,-0.00987030136229522
0.018095025201980322,-0.03436944337760337,-0.016226799128004003,0.018095025201980322
-0.003491575700805973,-0.011317066400348758,-0.014761023053535683,-0.003491575700805973
-0.003338038078480233,-0.0069428985302699385,-0.010233317561131125,-0.003338038078480233
-0.0024398113645617715,0.01722495083586525,0.014832758518922526,-0.0024398113645617715
0.011443258381644795,-0.01087839424642649,0.0006124831828373538,0.011443258381644795
-0.007195250674621396,0.013232740915682524,0.006085109288680176,-0.007195250674621396
0.008305512678393561,-0.027582954326662572,-0.01922982260064996,0.008305512678393561
0.014045772736421925,-0.013679189604290414,0.0004142021797505593,0.014045772736421925
0.011560657516937781,-0.012565407638574224,-0.0009571310740173942,0.011560657516937781
-0.0020084068507385555,-0.0016153219452237249,-0.0035761097483432325,-0.0020084068507385555
-0.003314069901449222,-0.00037912197344771865,-0.003645572827277893,-0.003314069901449222
0.015531377387217974,-0.01142673874963334,0.004152257685203682,0.015531377387217974
-0.010842567692023209,0.009015247516595527,-0.0017797011278086329,-0.010842567692023209
0.006677007887432506,-0.004633816267992376,0.002090810667059177,0.006677007887432506
0.00283219409953665,0.00018772032293196396,0.0030675334700876614,0.00283219409953665
0.001025452014559862,0.003981467172088447,0.005054538234267356,0.001025452014559862
0.021764477787522996,-0.026713371630586135,-0.004901274795444094,0.021764477787522996
0.010312259169676943,-0.0033899544873065898,0.0069699237299894025,0.010312259169676943
0.014511762042277321,-0.01645332991439095,-0.0018939488244945827,0.014511762042277321
-0.001846781939797813,0.001279418926921947,-0.0005197439652568183,-0.001846781939797813
0.004041298381856363,-0.000722732645207789,0.0033661847842676213,0.004041298381856363
-0.006762679552266296,0.007866734420913625,0.0011516739162663772,-0.006762679552266296
0.01321224527604363,0.0015256164300562903,0.014785480753718968,0.01321224527604363
-0.011064245206245077,0.01828292512745294,0.007266298968826909,-0.011064245206245077
-0.01489111321555319,0.018848136837025322,0.004004642669091178,-0.01489111321555319
0.00785171429754821,-0.00800271986251224,-0.00010338651734498281,0.00785171429754821
0.01273649897169858,-0.006567884216927259,0.006216233802390369,0.01273649897169858
0.01661892967455889,-0.016189528325237512,0.0004770203969404218,0.01661892967455889
-0.023875429618978535,0.0291086815052779,0.0052808709339184105,-0.023875429618978535
-0.004388338456285737,0.006344178168670567,0.0020034587600038767,-0.004388338456285737
-0.01998137437980338,0.013393935725911278,-0.006539819606273054,-0.01998137437980338
-0.003861790365279768,0.007870591950297424,0.004056420632636704,-0.003861790365279768
-0.004461011553600188,0.008081260520122934,0.0036678680141417935,-0.004461011553600188
-0.0008654133948871151,0.006466251022422236,0.005648456675154168,-0.0008654133948871151
-0.002502945401208893,0.0036324234314211988,0.0011770970778313536,-0.002502945401208893
0.009985937995099977,-0.016877555494272046,-0.006843998451553022,0.009985937995099977
-0.005272170296339703,-0.008254856682996225,-0.013479407931716881,-0.005272170296339703
0.014749423922510685,-0.019046352262128054,-0.004249309291998322,0.014749423922510685
0.005613337347961855,-0.011402663328050022,-0.0057417069324691185,0.005613337347961855
-0.030829373230502298,0.04055384192733657,0.009772087744453315,-0.030829373230502298
0.00809372153124321,-0.0035980098263869694,0.0045433307524752895,0.00809372153124321
-0.015427642996767998,0.007060613193998306,-0.008319410755150644,-0.015427642996767998
-0.00933014155862326,0.017458224150742867,0.008175701639738653,-0.00933014155862326
0.004133810324592181,-0.008340338743744015,-0.004158909371532786,0.004133810324592181
-0.010924379439796803,0.0164783538564174,0.005601593464239644,-0.010924379439796803
-0.010115659913480882,0.01688194853668058,0.006813907670818744,-0.010115659913480882
-0.004115110518327213,0.012932606801207346,0.008865115330499182,-0.004115110518327213
-0.028926924294750512,0.027757740944715763,-0.0011215643024157034,-0.028926924294750512
-0.016247484549072544,0.01750081885607512,0.0013009533546216195,-0.016247484549072544
0.0008989923563402838,-0.002445613013658434,-0.0014990016096991024,0.0008989923563402838
0.029301968671792498,-0.030906050619409518,-0.0015564628999979748,0.029301968671792498
-0.02036007181561171,0.020990833653185704,0.0006783808851930384,-0.02036007181561171
-0.009764837181366977,0.01632192514119793,0.006604707007449999,-0.009764837181366977
0.027972516669107314,-0.03111328644053782,-0.0030931507238114594,0.027972516669107314
0.026633110587643404,-0.037469409064249184,-0.010788679428986736,0.026633110587643404
-0.003822955747338821,0.008275541206369183,0.004500204506649411,-0.003822955747338821
-0.010853238715877374,0.010649046254869468,-0.00015657341338885754,-0.010853238715877374
-0.016617367434446403,0.028772519206778636,0.012202770819951277,-0.016617367434446403
-0.0014063145663456467,0.00670287923043164,0.005344183711705041,-0.0014063145663456467
-0.0013342962612709335,0.003992325595953796,0.00270564838230191,-0.0013342962612709335
-0.005791372046597403,-0.00022608639980843204,-0.005969839398786788,-0.005791372046597403
0.030004806553781488,-0.027894954548310084,0.0021574710530904485,0.030004806553781488
-0.023811551336071123,0.023339138545439012,-0.00042479374301306527,-0.023811551336071123
0.014733824699685198,-0.02402628016525799,-0.009244836417953744,0.014733824699685198
0.01270048889756721,-0.007863396271772379,0.004884711673413879,0.01270048889756721
-0.0038720893459929673,0.013503992083111897,0.009679521784737978,-0.0038720893459929673
-0.003975750360458795,0.006790012421554489,0.002861881108714741,-0.003975750360458795
0.02114159206971903,-0.02318317505691386,-0.0019939639395757844,0.02114159206971903
0.01280832741179527,-0.0033942547269421954,0.00946169173247212,0.01280832741179527
0.009750795504371102,-0.029324213425349844,-0.019525798873359694,0.009750795504371102
0.002743636616038119,-0.0009530633669211417,0.0018381922967360253,0.002743636616038119
0.0037586527024764988,-0.0002871624114739668,0.0035191093386215794,0.0037586527024764988
0.021232420089676473,-0.02237054177409039,-0.0010905026367948717,0.021232420089676473
-0.0008007764535606369,0.004823717723580949,0.00407056031763936,-0.0008007764535606369
0.0004134400720904968,-0.0008389353819139828,-0.00037787626220443836,0.0004134400720904968
-0.013985435045428651,0.023537451926836966,0.00959963592902736,-0.013985435045428651
0.00027080055372889105,0.0016762682813246652,0.001994687882672604,0.00027080055372889105
0.00416839263698839,-0.010424373474376416,-0.0062083617897689776,0.00416839263698839
0.008996298193760854,-0.00597061871271664,0.0030732985286632624,0.008996298193760854
0.005282937793059944,-0.01517401741240351,-0.009843460571724518,0.005282937793059944
-0.015849144659669974,0.027215223520365758,0.011413697908314828,-0.015849144659669974
0.03487748415145363,-0.06851821099136082,-0.03359310779228815,0.03487748415145363
-0.004127749426864945,-0.031220473667659426,-0.035300604046905326,-0.004127749426864945
-0.00910324399966815,0.01583333115655774,0.006777706204508638,-0.00910324399966815
0.007189077512019293,-0.008741748099892886,-0.0015050515402545458,0.007189077512019293
-0.0026386377918093044,0.018677942486075794,0.016086923741885535,-0.0026386377918093044
0.0011278885058202497,0.00266269658029355,0.0038382041337328477,0.0011278885058202497
0.005963074499565049,0.0010767639945376418,0.007087457541721738,0.005963074499565049
0.0011356381695196243,0.010729486365643814,0.011912743582782485,0.0011356381695196243
0.011348744798707067,-0.011615495504776757,-0.00021913165845064165,0.011348744798707067
0.003945864267285571,-0.00988761686076297,-0.005894133545858351,0.003945864267285571
0.004249688097974877,0.0011060977414821367,0.005403404887076062,0.004249688097974877
-0.013885346634049828,0.018698692853198896,0.0048609652667681155,-0.013885346634049828
0.0028293356562618206,-0.00043122560796877117,0.002445729095912097,0.0028293356562618206
0.020315823984306453,-0.017606229478155305,0.002757213553770193,0.020315823984306453
-0.0027163307965995904,0.0014660166189157929,-0.00120269513006475,-0.0027163307965995904
-0.001986022271449919,0.0001884156581885926,-0.001749987565642279,-0.001986022271449919
-0.018967243111546267,0.02295038022827571,0.004030756164348489,-0.018967243111546267
-0.0035006536290904896,0.020978878214199543,0.017525843632728102,-0.0035006536290904896
0.0003419954684722178,-0.0036911069220756914,-0.003301492405984426,0.0003419954684722178
0.004308418162393396,-0.006811711652268436,-0.0024556744422559932,0.004308418162393396
-0.01473364854235009,0.005932360672136872,-0.00875366882259417,-0.01473364854235009
0.017358743263708707,-0.017846678032268977,-0.00044031572094122484,0.017358743263708707
0.007139062081414898,0.0008184951292286251,0.00800517625826257,0.007139062081414898
-0.004187775748910521,0.01024111952945216,0.006100962828160688,-0.004187775748910521
-0.023067680300398397,0.024580330954675576,0.0015602697018962234,-0.023067680300398397
-0.009598470821201764,0.010653210268637586,0.0011023584950548703,-0.009598470821201764
-0.004899567700506276,0.012695901343492709,0.00784395269060548,-0.004899567700506276
0.006592678288564791,-0.0024192566278821047,0.004221040708301735,0.006592678288564791
0.019521321434370856,-0.013459155963804311,0.006109784518185593,0.019521321434370856
-0.009327282754282573,0.01121922010306988,0.0019395563964063546,-0.009327282754282573
0.008310657453158133,-0.005983947284495932,0.002374329216281249,0.008310657453158133
0.002397125282474868,0.008070412904788948,0.010515157234882864,0.002397125282474868
-0.01588758438232391,0.008842970113185309,-0.0069969952215195525,-0.01588758438232391
0.013253807032543,-0.020556596763205322,-0.007255170683043274,0.013253807032543
-0.004026904342291765,-0.0074705567607627876,-0.011449842055435507,-0.004026904342291765
0.0006966110428640713,0.006205055952579331,0.006949286043062449,0.0006966110428640713
0.006743383023631029,-0.014711695876413083,-0.007920693805163007,0.006743383023631029
-0.0037770720982109977,0.012414872501247948,0.008685419450655998,-0.0037770720982109977
0.022273345533089052,-0.02542261203904166,-0.0031016474583335624,0.022273345533089052
-0.008055135626685783,-0.0010951731134732647,-0.00910268969254,-0.008055135626685783
0.0009853833721104473,-0.009487656522598878,-0.008454654102869384,0.0009853833721104473
0.005099297619907422,-0.01360655442962476,-0.00845963776209829,0.005099297619907422
0.0009978898729781306,-0.011626773971631157,-0.010581265051033979,0.0009978898729781306
0.003691985183459357,-0.0033308693776307316,0.0004087348534476732,0.003691985183459357
-0.00278648013048763,-0.006177214602446057,-0.008916075685314639,-0.00278648013048763
-0.023613357142450206,0.022981344401721702,-0.000584393693109459,-0.023613357142450206
-0.009243179679324193,0.009067550154707438,-0.00012801047699770608,-0.009243179679324193
0.007142534357555118,-0.02057437787758041,-0.013384224472406244,0.007142534357555118
0.0033732570022335256,-0.015175788476219434,-0.011754912426366861,0.0033732570022335256
0.004808685909819066,0.006501554528061757,0.01135785948549987,0.004808685909819066
0.0013180182208675864,-0.00026947388289753037,0.0010961633855891037,0.0013180182208675864
0.0002467495385858637,-0.00530994827565899,-0.005015579689454078,0.0002467495385858637
-0.0015039659509154702,-0.008318219437363385,-0.009774566340659808,-0.0015039659509154702
-0.006517532565799001,0.01616691717438415,0.009697003656204193,-0.006517532565799001
0.00925979540568332,-0.01964579627418806,-0.010338381820885695,0.00925979540568332
0.013835226619236748,-0.006619491874360622,0.007263353792495174,0.013835226619236748
0.0044352553391139166,-0.010852343874203661,-0.006369469487470697,0.0044352553391139166
-0.010014463397768897,0.009898440122530234,-6.840422761961474e-05,-0.010014463397768897
-0.006939095477242957,0.0031209550357681657,-0.0037705213938557442,-0.006939095477242957
0.008856194901046468,-0.012221666005128006,-0.00331785205646249,0.008856194901046468
-0.005889730208017182,0.008599466605002534,0.0027573554446044,-0.005889730208017182
-0.008871158364152953,0.008149530736652456,-0.0006740085798814482,-0.008871158364152953
0.006537179048594593,-0.00912231392729395,-0.002537515831080309,0.006537179048594593
0.010632390254520651,-0.005854944135880039,0.0048250651662596605,0.010632390254520651
0.003654403104255484,-0.007845168015787815,-0.004143145863913283,0.003654403104255484
0.007953354751830798,-0.0046149349173227015,0.0033860388821271444,0.007953354751830798
-0.012629380682874548,0.010448621385935325,-0.002133140249320174,-0.012629380682874548
-0.002736492988157996,0.0030897764485707194,0.000400902508031771,-0.002736492988157996
-0.022713796108095388,0.016836261555574192,-0.00582991550490215,-0.022713796108095388
0.00031593773345763455,0.0010632477417426792,0.0014268045228193614,0.00031593773345763455
0.012886284550413688,-0.001646419077098006,0.01128748452093473,0.012886284550413688
-0.007224699498932273,0.004076163164096206,-0.0031009172872170205,-0.007224699498932273
0.005769624809500962,-0.0016020123691824417,0.004215231487937568,0.005769624809500962
-0.00141437943501926,0.0010667666450123962,-0.0002999937423878163,-0.00141437943501926
-0.0022776901012906683,0.0009765484579416573,-0.0012535225957299634,-0.0022776901012906683
0.002615200300028414,-0.006948269003730028,-0.004285449656082567,0.002615200300028414
0.012734601538923742,-0.014335574542795791,-0.0015533539562530003,0.012734601538923742
0.00045007904377737684,0.0047429343454017895,0.005240632436798214,0.00045007904377737684
-0.015597968191203708,0.021012573398166666,0.0054622242545820055,-0.015597968191203708
0.004165896631222707,-0.0003379057528415042,0.0038756099260002495,0.004165896631222707
-0.02412164463312189,0.0273624053153676,0.003288379729864755,-0.02412164463312189
-0.021255076488081115,0.02312863664078481,0.0019211792003227418,-0.021255076488081115
-0.01719440424579567,0.006797461993766818,-0.010349323204409804,-0.01719440424579567
0.016983462793530496,-0.012120761893399876,0.004910319947749668,0.016983462793530496
-0.010142641611893204,0.0147215043668597,0.004626481802585546,-0.010142641611893204
0.011672526305826584,-0.008139676791499325,0.0035804685619463075,0.011672526305826584
-0.02063084697640724,0.01854351169964061,-0.0020397162291475846,-0.02063084697640724
0.015464390465912473,-0.009671693374921093,0.0058403161386104295,0.015464390465912473
0.01625901104401135,-0.02000164566113644,-0.0036950155695060437,0.01625901104401135
-0.01850422972682345,0.02501903328880309,0.006562422609598685,-0.01850422972682345
-0.0007165737924569462,0.00544460827468158,0.0047756535298436814,-0.0007165737924569462
0.010252382605859978,-0.010380212897434687,-8.021124395566094e-05,0.010252382605859978
0.006911406623746804,-0.005857327008644054,0.001101698662721797,0.006911406623746804
-0.003029481838784489,-0.003914844261731471,-0.006896707052896913,-0.003029481838784489
0.01675229265799692,-0.016514438891480132,0.00028547281413583226,0.01675229265799692
-0.0009484867914661413,-0.001587310209684466,-0.0024881779535315595,-0.0009484867914661413
0.003760678693927959,-0.017204232212670395,-0.01339593447112339,0.003760678693927959
0.004511608946363453,0.0033606224500112173,0.007919850443993718,0.004511608946363453
-0.012023356844204894,0.01669747149312445,0.0047217336965386025,-0.012023356844204894
0.00554381218303784,0.015692984653925178,0.021284415884582065,0.00554381218303784
-0.004603816159036425,-0.004033449100410271,-0.00858964621182765,-0.004603816159036425
0.006389357795209124,-0.008660857496634118,-0.0022238806538059466,0.006389357795209124
0.0018933557723104992,-0.00946945825202711,-0.007528483432097562,0.0018933557723104992
-0.000747879992010781,0.00509473545073326,0.004394474506341527,-0.000747879992010781
0.007104301482504921,-0.013776746193566457,-0.006624825663442488,0.007104301482504921
-5.504632623115238e-05,0.006632862608544236,0.006625435329932131,-5.504632623115238e-05
0.0026872620444606046,-0.022067847644609274,-0.019332966552529623,0.0026872620444606046
0.0029979915236985,-0.0017035425745259899,0.0013420679967915579,0.0029979915236985
-0.005682590940662177,0.0018335244518243574,-0.0038014474412187724,-0.005682590940662177
-0.0063801442087768265,0.016590773922002228,0.010258248760844446,-0.0063801442087768265
-0.00021656554210455886,0.0011678743735902698,0.0009989278791047585,-0.00021656554210455886
-0.003431272763637982,0.0035562949206260617,0.00017264120460712756,-0.003431272763637982
-0.012666871072643254,0.022462674058373634,0.009843422033349427,-0.012666871072643254
-0.0067960239356952955,0.01645578598956709,0.00970738110149084,-0.0067960239356952955
0.013405428296949197,-0.013642499556814352,-0.00018945221224610706,0.013405428296949197
0.009879857687953113,-0.007834552141497603,0.0020929245940745586,0.009879857687953113
0.0036615829062159166,0.0077997213936239875,0.011508923347458951,0.0036615829062159166
-0.01614028406299555,0.02425676914815537,0.008164104132778864,-0.01614028406299555
0.0007273242622758856,0.010501759149792485,0.011276702459687418,0.0007273242622758856
-0.00867988056486655,0.015601004236836765,0.006968742719589264,-0.00867988056486655
0.01752403824746244,-0.03135496165429233,-0.013783304359210843,0.01752403824746244
-0.0005259089256007734,-0.0018704545648038863,-0.0023487444427856123,-0.0005259089256007734
-0.004554823335912483,-0.0031773798054621546,-0.0076845840937555905,-0.004554823335912483
0.00469502782468247,-0.00678498477770093,-0.002042337905399413,0.00469502782468247
-0.0034846898665982584,0.008941663099709347,0.005504592280730137,-0.0034846898665982584
-0.001128611713024892,0.0028793026154110926,0.0017983099500052482,-0.001128611713024892
0.006974195511884789,-0.013208825274721891,-0.006187010715218055,0.006974195511884789
-0.00629062453230937,0.015125427364696643,0.008882421880006321,-0.00629062453230937
0.01049654778345776,-0.024301578498636196,-0.013757411667559389,0.01049654778345776
0.010033980407846584,-0.007939528289113026,0.0021420711663526063,0.010033980407846584
0.0015670265811345628,-0.0005940704339736717,0.0010205751947799388,0.0015670265811345628
-0.004065309219406039,-0.02455710666865564,-0.02857479684044263,-0.004065309219406039
-0.00886292331088571,0.00411166520188542,-0.004703639061381241,-0.00886292331088571
-0.005605255697897009,0.013595838275161335,0.008038201624883374,-0.005605255697897009
0.0175516579582465,0.004810375236892555,0.022409652242758104,0.0175516579582465
0.008654377383281541,-0.01060367834316091,-0.0019016819122603195,0.008654377383281541
0.0005345033870185166,-0.0026411944229729595,-0.0020590719883353953,0.0005345033870185166
-0.010257566510905682,0.010249588493964025,3.9641030677391625e-05,-0.010257566510905682
0.006140453787167435,-0.01266781404578202,-0.006479741210995537,0.006140453787167435
0.020964978876791125,-0.02429668617813174,-0.0032840882537215703,0.020964978876791125
-0.0016287717018337129,0.005009212999432451,0.003428060345217785,-0.0016287717018337129
0.004404518639153985,-0.01240293183296483,-0.007950794146191797,0.004404518639153985
-0.0006693486966668415,-0.009332545451317729,-0.009954275100365523,-0.0006693486966668415
0.0045413552402800966,-0.0006365652598341553,0.003952409028064989,0.0045413552402800966
-0.003404018100038606,0.00729272086504456,0.0039363218126250024,-0.003404018100038606
0.0031366625960791653,-0.006056097099802662,-0.002871815456104449,0.0031366625960791653
0.006301613036683506,-0.01082946989068774,-0.004480237806385186,0.006301613036683506
-0.0006286564823055755,0.009422133584340533,0.008841096149654006,-0.0006286564823055755
0.0063084651763148656,-0.015417202603376225,-0.009061118379442313,0.0063084651763148656
-0.007057109264327062,-0.0011406600192439213,-0.008150150235951937,-0.007057109264327062
-0.007999989626376033,0.013485151520457966,0.005532780941700981,-0.007999989626376033
0.004586641150450918,0.0009333188634794284,0.0055675790615493945,0.004586641150450918
0.0018286384601561266,0.007383127276842255,0.009259384784617427,0.0018286384601561266
-0.007914435656206061,0.00877301164240701,0.0009061950338199978,-0.007914435656206061
0.0001486436172323059,-0.003923396861167334,-0.00372713419631598,0.0001486436172323059
0.011749048847462255,-0.007642634818588512,0.004154033076492791,0.011749048847462255
-0.0025903051987967124,-0.001823386050105795,-0.004366072201283459,-0.0025903051987967124
0.005472884670759654,-0.0019032468212215224,0.003617256897157179,0.005472884670759654
0.008511375518669184,-0.009018661249527304,-0.0004596666832390717,0.008511375518669184
0.0060424597998581285,-0.00890840898174182,-0.002818330134264643,0.0060424597998581285
-0.0073077724907511885,0.008115716556640076,0.0008555631135079354,-0.0073077724907511885
-0.011969391541938943,0.013563787815627783,0.0016420153213078889,-0.011969391541938943
0.0018329383760833143,-0.006041592100370404,-0.004161034676668042,0.0018329383760833143
0.0017461555750700308,-0.006325625360098497,-0.004531850737409418,0.0017461555750700308
0.009248419688078269,-0.017171580862991365,-0.00787554212729405,0.009248419688078269
0.008042002751953787,-0.002069404522463202,0.006020217277109633,0.008042002751953787
0.007059891481327136,-0.005729552094415788,0.0013779584345303942,0.007059891481327136
-0.007307659801637514,0.014031541019188725,0.006771500265170259,-0.007307659801637514
-0.00024962762358235187,-0.008203178942357758,-0.008405187518321063,-0.00024962762358235187
0.007085518075413345,-0.009459140557229233,-0.0023260034341968405,0.007085518075413345
0.0027676458294721056,-0.011392121566665197,-0.008576856689574044,0.0027676458294721056
0.0017800915697219588,0.00037650812448948253,0.002204218741830489,0.0017800915697219588
0.0010338184751228145,-0.0022896652085840643,-0.0012082276858422021,0.0010338184751228145
0.006743176802441776,-0.004700298378888956,0.002090497471171867,0.006743176802441776
0.0008237416034665123,0.002363050919439596,0.0032344115705251557,0.0008237416034665123
-0.0005018679142106451,-0.009705327059731449,-0.010159575926323047,-0.0005018679142106451
-0.00536349601600751,0.010639662549244333,0.005323785580855871,-0.00536349601600751
0.006913990255073898,-0.008810445075266292,-0.001848835772573346,0.006913990255073898
0.0018633842871564822,-0.009675380185956532,-0.0077643768511810015,0.0018633842871564822
-0.005853369082616732,0.006394329973216657,0.0005885799382189722,-0.005853369082616732
-0.00962057830442585,0.01989837850477478,0.010325419247967975,-0.00962057830442585
0.0036475756211417545,0.002782419983656818,0.00647761465241762,0.0036475756211417545
-0.0034441878531479885,0.005793014074708958,0.0023964452691800165,-0.0034441878531479885
0.009512295107928443,-0.004555457350271512,0.005004456805275979,0.009512295107928443
0.004561515516582293,0.003035701508633624,0.007644836072834965,0.004561515516582293
-0.003571100515495513,0.003899260776507678,0.00037577930863121273,-0.003571100515495513
-0.0008684062413415772,0.004244930526793937,0.0034241433330714065,-0.0008684062413415772
-0.00011821013524850942,0.00011825965383935194,4.7668566209890136e-05,-0.00011821013524850942
-0.009414394736338002,0.0013760932538511756,-0.00799068243486778,-0.009414394736338002
-0.015296340308213321,0.02271493573058564,0.007466214469991365,-0.015296340308213321
-0.006918558926146565,0.006670026051355077,-0.0002009138271724408,-0.006918558926146565
-0.002737585479271805,-0.0022749122534314456,-0.004964878685084203,-0.002737585479271805
0.00393403456257474,0.00010900693057003125,0.004090660540763819,0.00393403456257474
-0.0011465835757215647,0.0009228430374898775,-0.00017612149061263947,-0.0011465835757215647
-0.007872674934273953,0.0063299323637854045,-0.0014951235228695008,-0.007872674934273953
0.006613726564905741,-0.0030656469118935117,0.003595698700631276,0.006613726564905741
-0.007257296049949531,0.013297258603593405,0.006087581601262922,-0.007257296049949531
0.002796045155062917,-0.008435537641921745,-0.00559187343923978,0.002796045155062917
0.007057313877674097,-0.006023928077533774,0.00108100484775937,0.007057313877674097
0.02009470123064303,-0.010665809458675419,0.009476510819586656,0.02009470123064303
0.0038863882075586714,0.0033925282875082994,0.007326535542686019,0.0038863882075586714
-0.0022764445940317264,0.0066567234826526425,0.004427897936239963,-0.0022764445940317264
0.006151764125048985,-0.009211164708499585,-0.003011781535831552,0.006151764125048985
-0.008388003760354687,0.006908666875141537,-0.001431717837594102,-0.008388003760354687
-0.0013941442252900624,0.009092287782860042,0.007745762605189028,-0.0013941442252900624
0.0029310554810668054,0.010792980463862208,0.01377165499254806,0.0029310554810668054
0.0030514447848997927,-0.0025711509011795116,0.0005279129313393287,0.0030514447848997927
0.004167175937710626,-0.0023383988613164355,0.0018763961240132374,0.004167175937710626
0.0009987364128217948,-0.007894755628301733,-0.00684840016786089,0.0009987364128217948
-0.004174391973523039,0.007914449956967957,0.0037876770310639658,-0.004174391973523039
0.010677181963748108,-0.012972596504839111,-0.002247795493471954,0.010677181963748108
-0.010149919372768742,0.01222061530545407,0.0021183149803043777,-0.010149919372768742
0.0016820000133114165,0.005265518305188719,0.006995137366119183,0.0016820000133114165
-0.0012264265683103322,-0.0031976838789269553,-0.004376491399618239,-0.0012264265683103322
-0.006431554781174553,0.008474194118832457,0.0020902583852769516,-0.006431554781174553
-0.017534851450139104,0.017111739409313313,-0.0003754929932067454,-0.017534851450139104
-0.002710219878185426,0.003625577794815457,0.0009629769642490785,-0.002710219878185426
0.002625569743521453,-0.00014286453953485904,0.0025303242516056417,0.002625569743521453
-0.014311651181169184,0.01290015098126453,-0.0013638811522856046,-0.014311651181169184
0.0038954114274073266,-0.0034018862677263275,0.0005411442073000468,0.0038954114274073266
0.007067679513186975,-0.006720695489441007,0.0003946030713650145,0.007067679513186975
-0.005828089522690994,-0.00011962632732656361,-0.005900096802398509,-0.005828089522690994
-0.006121885729427209,0.02029517402291339,0.014220907341105225,-0.006121885729427209
-0.012276273200059296,0.01164235903462911,-0.0005862951178111377,-0.012276273200059296
0.0017971735902071644,-0.004059456358200729,-0.0022146637203745174,0.0017971735902071644
0.0012568128702232677,0.00364769112567401,0.004952123043516326,0.0012568128702232677
0.006661568378848786,-0.008152962253099298,-0.0014437748266314643,0.006661568378848786
0.011937590327066169,-0.007527089838952221,0.004458119535732996,0.011937590327066169
0.006682118051844383,-0.014585174144084355,-0.007855437044620925,0.006682118051844383
0.0048752584545261905,0.0033058682680608673,0.008228745770206105,0.0048752584545261905
-0.008834887451323168,0.0206275674423749,0.011840299038670779,-0.008834887451323168
0.0010052992737976968,0.003026532687183022,0.004079451008599767,0.0010052992737976968
0.00844804386227343,-0.017996731250524624,-0.009501068340632147,0.00844804386227343
0.0019929822156174444,-0.006153458208535508,-0.004112856945299016,0.0019929822156174444
-0.00919215216675273,0.020565962510843368,0.011421429391709684,-0.00919215216675273
-0.014600813756610095,0.013807971465308795,-0.0007452232436822507,-0.014600813756610095
-0.008132382733894987,0.02870665782203056,0.020621894135754625,-0.008132382733894987
-0.00804811476232346,0.010941936362940495,0.0029414406482360833,-0.00804811476232346
0.00901442456771309,-0.005720849511645389,0.0033411941036867484,0.00901442456771309
-0.00996433780430823,0.007057045482466716,-0.0028596732742224656,-0.00996433780430823
-0.008101289674578752,-0.017730828947889,-0.025784499574848706,-0.008101289674578752
-0.012837447112892569,0.028302129465019678,0.015512301399746155,-0.012837447112892569
0.011115105045150725,-0.0013321678790292031,0.00983055621374057,0.011115105045150725
0.0028157280418760425,-0.0064849896893153566,-0.003621642599820267,0.0028157280418760425
0.0038342726145154165,-0.0007244868231595581,0.003157404838974906,0.0038342726145154165
0.01891863411433104,-0.03257416746100545,-0.013607914299055364,0.01891863411433104
0.00773904097257171,-0.023239286740378635,-0.01545262672018788,0.00773904097257171
0.00022389680007260993,0.016538147688316667,0.016809663536008324,0.00022389680007260993
-0.0020130215305389646,-0.0014897854620497069,-0.003455187944969624,-0.0020130215305389646
-0.0022810263313246273,0.005208976363475261,0.002975569079769681,-0.0022810263313246273
-0.0032365434996841085,0.012129703682363128,0.008940779230298066,-0.0032365434996841085
0.012197422471029746,-0.012663170748324628,-0.0004181292296758332,0.012197422471029746
-0.002930560560897012,0.0035914222462215327,0.0007084807329435683,-0.002930560560897012
0.02149358190736895,-0.041194942135311025,-0.01965374118032303,0.02149358190736895
-0.0015652747553251496,-0.021238616985032814,-0.022756272692738916,-0.0015652747553251496
0.0005232682448501015,0.011913934521888154,0.012484821814357302,0.0005232682448501015
0.002615066064112924,-0.015083749565983677,-0.012421064454251706,0.002615066064112924
0.005371646589453617,-0.0062935278351251775,-0.0008742621980525138,0.005371646589453617
-0.0013059995959384984,0.012779061747883777,0.011520681199564326,-0.0013059995959384984
0.0025238346180042654,-0.0043441825441900015,-0.001772728878566689,0.0025238346180042654
0.0015341286039508878,-0.008639089355254983,-0.007057341703685046,0.0015341286039508878
0.0014923238100578015,0.00664779674316822,0.008187739600845068,0.0014923238100578015
-0.0028104281318988324,-0.005147215804321391,-0.007910024888601177,-0.0028104281318988324
0.0015775712273330758,-0.0122452279048182,-0.010620037629866077,0.0015775712273330758
0.00651276043335101,-0.0031966263313623,0.003363753149607757,0.00651276043335101
0.014439557330972358,-0.015556438241142875,-0.0010692618625514692,0.014439557330972358
-0.0021749758071290086,-0.0021117269583029543,-0.004239083717812915,-0.0021749758071290086
-0.005737227766615887,0.008645737011999933,0.0029561282930030933,-0.005737227766615887
-0.0029838049778428497,-0.0027975761443153743,-0.005733762074539176,-0.0029838049778428497
0.006114044686792251,-0.004143616285764485,0.0020180474486468122,0.006114044686792251
0.009113756269480707,-0.0007787957431414056,0.008382579573958349,0.009113756269480707
0.00040020551006894893,0.0007937821408300614,0.001241606698518058,0.00040020551006894893
0.0006031328272492175,0.005761569647455051,0.006412321522323316,0.0006031328272492175
0.024350966104717656,-0.023394230198359237,0.0010043549539774641,0.024350966104717656
0.020172149597087997,-0.016647352722137878,0.0035724159225691645,0.020172149597087997
-0.0006215962304571968,0.008286500920055374,0.007712523737217226,-0.0006215962304571968
0.0026304565658776214,-0.005378562103710144,-0.002700486490213475,0.0026304565658776214
0.00992426472672596,-0.01576970310313725,-0.005797819328792245,0.00992426472672596
-0.022246847387123726,0.017301840175168982,-0.004897388164335698,-0.022246847387123726
0.014174097061242204,-0.012290345042233199,0.0019313710666280536,0.014174097061242204
0.0050055428264014525,-0.005113627135065219,-6.04652610447201e-05,0.0050055428264014525
0.009266308561454028,-0.009218768173180325,9.515943589275208e-05,0.009266308561454028
0.0036322227831103375,0.0009554450075815602,0.004635286838310946,0.0036322227831103375
-0.0015459119048417663,-0.0014908411376363447,-0.0029891339948590633,-0.0015459119048417663
-0.0060862173332151374,0.008109130620808308,0.0020705323352122186,-0.0060862173332151374
-0.00805985158616019,-0.005746941695333131,-0.013759174233874273,-0.00805985158616019
-0.011557750628945923,0.004404632322374015,-0.00710549925895286,-0.011557750628945923
-0.0005500753764671578,0.0030351420744284606,0.0025326857455803503,-0.0005500753764671578
0.008220632384578631,9.487599542837203e-06,0.008277739031740516,0.008220632384578631
0.018817283747587246,-0.005042962492576616,0.013821940302629676,0.018817283747587246
-0.003813493700904042,0.00954843657884513,0.005782561925560137,-0.003813493700904042
-0.0018005622185447376,0.0027188188486062235,0.0009658756776805336,-0.0018005622185447376
-0.011760879798107571,0.0038964604404413236,-0.0078168003100472,-0.011760879798107571
-0.0021383133633889125,0.00035902450498239737,-0.0017316698107874675,-0.0021383133633889125
-0.010147479694260827,0.015769370141478077,0.0056695094948362975,-0.010147479694260827
-0.008830704235771989,0.0042125753211186825,-0.004570509867034258,-0.008830704235771989
-0.0024114785326153406,-0.0037275763203340564,-0.006091435805330349,-0.0024114785326153406
0.014269631805189838,-0.013566012451426399,0.000751238401382488,0.014269631805189838
0.00962803147063302,-0.001801782322958318,0.00787386819529375,0.00962803147063302
-0.0005239691888280323,-0.00484579099138743,-0.005322141132596415,-0.0005239691888280323
-0.0013104282686380374,0.004095293488078498,0.0028324842670595075,-0.0013104282686380374
0.007852082189359474,-0.004906690907157318,0.0029930103298212037,0.007852082189359474
0.001322498048465981,-0.0019695148863985447,-0.000599397790313516,0.001322498048465981
0.01403494389378473,-0.004462055747626394,0.009620507193777382,0.01403494389378473
0.002015321297325929,0.0031596644381943354,0.0052226047831393126,0.002015321297325929
-0.013919635740953794,0.010421903254103682,-0.0034501134392310637,-0.013919635740953794
0.015019729256998128,-0.0011751900266262704,0.013892158277990906,0.015019729256998128
-0.0019493637914865043,0.004998609294340106,0.003096864550472649,-0.0019493637914865043
0.004893978930984009,0.014515517135464147,0.019457115114067204,0.004893978930984009
0.002676853481696232,-0.010245335743296282,-0.007520863213981001,0.002676853481696232
0.007920804355977792,-0.0014100840241767828,0.006558339379420059,0.007920804355977792
0.003117313692768795,-0.0058104348049511775,-0.0026455020645633352,0.003117313692768795
0.00450808634673519,-0.006858882395077121,-0.002303177000722885,0.00450808634673519
0.003517365031169146,-0.017183558978236597,-0.013618574899448406,0.003517365031169146
-0.007904055318767506,0.02796224558721952,0.02010580931607106,-0.007904055318767506
0.01400148313546157,-0.012524589506073184,0.0015245126770074336,0.01400148313546157
0.014941626006245467,-0.01835617852941777,-0.003366933475553257,0.014941626006245467
-0.010050306884253134,-0.00030520798729859514,-0.010307895823932682,-0.010050306884253134
-0.0072016274777233465,0.005971073453619428,-0.0011829349764848718,-0.0072016274777233465
0.0002416331322245524,0.0017908562900472661,0.002080108469890866,0.0002416331322245524
0.0216785610484705,-0.003015211801721938,0.01871096829436761,0.0216785610484705
-0.002897019872590507,0.0034251599722316265,0.0005757591472601671,-0.002897019872590507
0.0007527141080300106,-0.0006876265667548712,0.00011270658889418709,0.0007527141080300106
-0.0016399234427411033,-0.008567475792137198,-0.010159780187259253,-0.0016399234427411033
-0.0051336782522953175,0.006295716810315669,0.0012096576056393987,-0.0051336782522953175
0.004865715893007712,-0.0071585600351709465,-0.002245225094544188,0.004865715893007712
0.004133634708294247,-0.003993239068327089,0.00018801468758620482,0.004133634708294247
0.003505413975453817,0.0017451308406419511,0.005298163863714816,0.003505413975453817
-0.009030671883639608,0.00340543407360057,-0.00557761876241999,-0.009030671883639608
0.009682769836350165,-0.008257159910370453,0.0014732289735987611,0.009682769836350165
0.00612601273332118,-0.009433520388283519,-0.0032598886073432914,0.00612601273332118
-0.001842521440272483,0.00020627109207690825,-0.001588631300576527,-0.001842521440272483
-0.005916269294317944,-0.009808956148981824,-0.01567760639568072,-0.005916269294317944
0.008140104400820436,0.0036181802341149747,0.011805903682554459,0.008140104400820436
0.004523307972921695,-0.005091180449263338,-0.0005202534287225961,0.004523307972921695
-0.009983513789318011,0.013250297123372274,0.0033144023816733107,-0.009983513789318011
-0.003529467087994662,-0.002300299462302798,-0.0057821475026784116,-0.003529467087994662
-0.0003342755637688676,0.0003692669951575137,8.261047900769372e-05,-0.0003342755637688676
0.002420662478527386,-0.007206807879545899,-0.004738526353399465,0.002420662478527386
0.012184267007248567,-0.016524306582860103,-0.004292420527992489,0.012184267007248567
0.008658619648609802,-0.002971207477114682,0.0057350312191141685,0.008658619648609802
-0.006569301455055793,0.010461126252609693,0.003939443845172948,-0.006569301455055793
0.0007708684809167105,-0.0017616763108788138,-0.0009431887823430557,0.0007708684809167105
-0.0038788837446398017,0.003550463145831151,-0.00028080155118960287,-0.0038788837446398017
0.01204329939377499,-0.020999745416309928,-0.008908826974915891,0.01204329939377499
0.007345468418300567,-0.007373542397718774,1.9545068200839687e-05,0.007345468418300567
-0.004288113715090071,0.009093430980729462,0.0048529363132584396,-0.004288113715090071
-0.0021234890109764495,0.019753715773341222,0.01767784580998382,-0.0021234890109764495
-0.00045574992240628566,-0.007232797831956034,-0.0076409287067432715,-0.00045574992240628566
-0.01223521848207966,0.006041791985390406,-0.006145807449070206,-0.01223521848207966
0.0062928979587184575,-0.00034222628891740817,0.005998290717420097,0.0062928979587184575
0.0011788359979916228,-0.003811695637807106,-0.0025852405921964355,0.0011788359979916228
-0.0038284181457780564,-0.010028827875300848,-0.013809626973459856,-0.0038284181457780564
-0.011751609322916053,0.018950508852201262,0.0072465185769042565,-0.011751609322916053
0.0014748377888653284,0.0002847120282850798,0.0018071688647694558,0.0014748377888653284
-0.016035726842244084,0.018884929630010257,0.002896821835385219,-0.016035726842244084
-0.006903240568881496,0.012135624637310816,0.005280003116048368,-0.006903240568881496
-0.0032781346641590227,0.003637564629067608,0.00040704901252763305,-0.0032781346641590227
-0.0014538529189384432,-0.0017387429662047956,-0.003144976837524191,-0.0014538529189384432
-0.0017003422668508607,-0.002509333825983896,-0.004162057045215709,-0.0017003422668508607
-0.001749170748166993,-0.0034907302116706914,-0.0051922819122186365,-0.001749170748166993
0.0073250688727731815,-0.012033373914180997,-0.004660685993788767,0.0073250688727731815
0.013478118820933855,-0.009785281502449134,0.003740456366103769,0.013478118820933855
-0.003148325083483168,0.0014186550040496985,-0.0016820510318144217,-0.003148325083483168
0.0013493303169014623,0.002259961908218365,0.003656911272738875,0.0013493303169014623
0.006323813479753966,-0.006604432095979901,-0.0002329995686068879,0.006323813479753966
0.0067864548792433334,-0.010249320148552059,-0.0034152462216896777,0.0067864548792433334
-0.016818984348226335,0.020656864803011453,0.0038854995024041627,-0.016818984348226335
-0.007328161255220673,-0.0009108463234388057,-0.008191388531040433,-0.007328161255220673
0.008939237314684323,-0.012863461173750167,-0.0038766048114467952,0.008939237314684323
0.0062723904367535535,-0.0028248798471400046,0.003495129637232596,0.0062723904367535535
0.00915788160889867,-0.006209427140225266,0.002996073516292452,0.00915788160889867
0.0016600136791268814,-0.005322921648933091,-0.0036152889221871625,0.0016600136791268814
0.0019594195654062414,0.007321732105396688,0.009328770718421977,0.0019594195654062414
0.005504851109150874,-0.006401164102288594,-0.0008486939455186735,0.005504851109150874
-1.05755363077294e-06,0.0021388212043718805,0.0021853826983601553,-1.05755363077294e-06
-0.004681009850448637,-0.001129690904303836,-0.005763081707133425,-0.004681009850448637
0.00672285459642903,-0.008519968519853326,-0.001749494875805249,0.00672285459642903
0.012329952711268582,-0.0026125585144602843,0.009765013244427346,0.012329952711268582
-0.0027212745641832536,-0.00024787168464395263,-0.002921527201208159,-0.0027212745641832536
0.0035781472799743036,0.0015990448556510307,0.0052248111832443826,0.0035781472799743036
-9.331526438568764e-05,0.0058854646797691715,0.005839768463002532,-9.331526438568764e-05
0.0036489767128735162,0.0011481432650766916,0.004844739025569256,0.0036489767128735162
-0.011664547018779402,-0.007234486514309144,-0.0188514144854695,-0.011664547018779402
-0.012952231192303659,0.022797740911964643,0.00989312876728003,-0.012952231192303659
0.004877742036960981,-0.00566836565232738,-0.0007430045677473524,0.004877742036960981
-0.004738078621504645,0.00440461651174808,-0.0002858430621375187,-0.004738078621504645
-0.01026797172325743,0.01746509692192108,0.007244744246282697,-0.01026797172325743
0.002242274302998082,-0.014049296429560418,-0.011759403078943288,0.002242274302998082
0.01461156811454785,-0.011308806418335524,0.0033503807438313754,0.01461156811454785
-0.008299161189046951,0.0044302158690879825,-0.003821326272339921,-0.008299161189046951
-0.003947838720447541,-0.0010141441559075486,-0.004914363828736042,-0.003947838720447541
0.00882908846223627,-0.004134764769500755,0.004741942740354564,0.00882908846223627
-1.8858580369781484e-05,0.00017221253997322454,0.00020097300722249066,-1.8858580369781484e-05
-0.0025634961585041223,0.012869417803319514,0.01035354069243444,-0.0025634961585041223
0.0036004578415415557,0.0017655077389187774,0.005413584628079381,0.0036004578415415557
-0.000752911011763243,-0.0015352710453423906,-0.002240563009486586,-0.000752911011763243
0.0038809640518331005,-0.002323189569881678,0.00160539352957047,0.0038809640518331005
0.0020621985542086853,0.012071548969875896,0.01418136657170363,0.0020621985542086853
-0.005554008887703914,0.014392097474724088,0.008885707634639221,-0.005554008887703914
0.015272221764005446,-0.0021900435876529064,0.013129797223971588,0.015272221764005446
0.004088538088127051,0.00047259100904900066,0.004608748144795099,0.004088538088127051
0.000810654168665418,0.003729678361363456,0.0045879515776479215,0.000810654168665418
-0.005802506984830418,0.004718707881075383,-0.001036180056135989,-0.005802506984830418
0.0052326334062907515,-0.013755865632476237,-0.008475613178566438,0.0052326334062907515
-0.002867416411581867,0.016145218717147487,0.013325421353184666,-0.002867416411581867
-0.0013237171018549239,0.0008712701233795348,-0.0004048279308563414,-0.0013237171018549239
0.00460935561840352,-0.007743857717551036,-0.003086883051528469,0.00460935561840352
-0.0011870723557110832,-0.002867032629220486,-0.004006485937312521,-0.0011870723557110832
-0.0027804762711305334,0.008092023846962062,0.005359166623450577,-0.0027804762711305334
0.0029164259437958247,0.0004718567912615358,0.0034359017826764084,0.0029164259437958247
0.0010670365432824752,-0.00544831071660522,-0.004333655125703697,0.0010670365432824752
0.0033556578692442536,-0.0010392481591231094,0.002364028757740192,0.0033556578692442536
0.002714227323945453,-0.006955038287291787,-0.004193191915727286,0.002714227323945453
0.002846214621025058,0.008463836232447066,0.011357669901091171,0.002846214621025058
0.006931789320751884,-0.011871561403168923,-0.004892153034797991,0.006931789320751884
0.007480111432317827,-0.013475511655214075,-0.0059477811752772,0.007480111432317827
0.007641618856719406,-0.011511247029349614,-0.00382200912501116,0.007641618856719406
0.005949609290696623,0.003929877562575496,0.009927105900891164,0.005949609290696623
0.01126922082663002,-0.02344931442045532,-0.012132474546206253,0.01126922082663002
-0.0067387280242382185,-0.005441855490935864,-0.012132964467555036,-0.0067387280242382185
-0.016842507579708784,0.013761072175804648,-0.0030338163562850895,-0.016842507579708784
-0.006099585134849534,0.009885041037761014,0.0038330749505305277,-0.006099585134849534
0.0019322213082607499,-0.006701601055490543,-0.004721760699610745,0.0019322213082607499
0.002574804964156447,0.0003947181398243218,0.0030171421515998165,0.002574804964156447
-0.014191452680973698,0.005688544069981209,-0.008455289563373441,-0.014191452680973698
0.010219388908976857,-0.007852724144796106,0.0024142838117997985,0.010219388908976857
0.013865341010529693,-0.0180757775565277,-0.00416281749837896,0.013865341010529693
-0.0013809353290966954,0.009927790232103212,0.008594473950625564,-0.0013809353290966954
-0.004496719734649006,-0.001510663857102838,-0.005959764544132796,-0.004496719734649006
0.016002704385509468,-0.00696114324520756,0.009089180187920954,0.016002704385509468
-0.007082008196741993,0.014502248780103123,0.007467859630980178,-0.007082008196741993
-0.023773146997207024,0.014821247341068967,-0.00890428060851901,-0.023773146997207024
-0.02676471383681361,0.023136943395945592,-0.003580151393248973,-0.02676471383681361
0.011533248483056457,-0.0042316293154676,0.0073492382152079054,0.011533248483056457
-0.002534115442685847,0.005338515134170566,0.0028520187391037665,-0.002534115442685847
0.02679274476788299,-0.020013934385102548,0.006826429430399488,0.02679274476788299
0.002666010025887955,0.001658236724570168,0.004371865798077171,0.002666010025887955
-0.005911439261936544,0.008152605168075535,0.0022887849537580386,-0.005911439261936544
0.012164759868613179,-0.011483967779100523,0.000728411137131704,0.012164759868613179
0.007445433650901099,-0.0020615074998697005,0.005431545198650446,0.007445433650901099
0.02063862659050072,-0.01838511270368282,0.0023011329344369475,0.02063862659050072
0.00439193517058365,-0.007738529622724089,-0.0032989754045213925,0.00439193517058365
0.01542931019726224,-0.008669030110502206,0.006807899134379083,0.01542931019726224
-0.010289292134061065,0.007047483464754941,-0.0031941896216870756,-0.010289292134061065
0.010190479943139472,-0.005496685251239531,0.0047414137395189885,0.010190479943139472
-0.001742275964464164,0.003807488252428178,0.0021128313355830617,-0.001742275964464164
0.012421268410758234,-0.01717519904382653,-0.00470631158544925,0.012421268410758234
0.004717624723269474,0.0005638860346412702,0.0053291298055297915,0.004717624723269474
-0.004350132118796783,0.001679183694906612,-0.002623329376271124,-0.004350132118796783
-0.003998408324299673,0.005020811812587106,0.0010700225359064797,-0.003998408324299673
0.0029251935345001364,-0.005152754907480054,-0.00217994232536087,0.0029251935345001364
0.007843027858152286,-0.004052558333500363,0.0038380885722709705,0.007843027858152286
-0.012377217076233465,0.01677153482308297,0.004441936794468553,-0.012377217076233465
0.0015967004865742212,-0.00038599716960937473,0.001258322364583894,0.0015967004865742212
-0.016458110701533045,0.006115138607750673,-0.010295353046163327,-0.016458110701533045
-0.015752006198585636,0.020959094588657485,0.005254707437690894,-0.015752006198585636
0.007944562043680003,-0.012914670222349349,-0.004922489131050297,0.007944562043680003
-0.005277076608625084,0.0013588098330514656,-0.003870647727954571,-0.005277076608625084
0.0041252511782331365,0.007622392444905418,0.011795262670757601,0.0041252511782331365
0.005393157475224498,-0.0006436184962877441,0.004797158026555801,0.005393157475224498
0.01168052299476865,-0.009839042604719343,0.001889099437668355,0.01168052299476865
0.001599335373300043,-0.005011387617042034,-0.003364433196122944,0.001599335373300043
-0.002162245613117169,-0.00481547259460072,-0.006930099160098842,-0.002162245613117169
-0.0021434999726279327,0.0006922967796082667,-0.0014035841454006184,-0.0021434999726279327
0.010450817734050545,-0.015896747661336832,-0.005398310879667239,0.010450817734050545
-0.00039362014396769184,0.01023547318455879,0.009889472088210146,-0.00039362014396769184
-0.00023226761046266626,-0.0037459993124976465,-0.0039306478753412645,-0.00023226761046266626
-0.004143400425084125,-0.0034714599202261623,-0.0075672412976912394,-0.004143400425084125
-0.005047843520799976,0.018431085659618904,0.013430861186437973,-0.005047843520799976
0.0041083004383946015,-0.011838551678084315,-0.007682632192070666,0.0041083004383946015
0.004252343134220698,-0.00963094756280735,-0.005330985380967604,0.004252343134220698
0.004741042855493242,-0.000565047988398408,0.004223613914713882,0.004741042855493242
-0.004764214824786983,0.002865173183889894,-0.0018514225932780414,-0.004764214824786983
-0.0016449553444001564,0.0052654086567423064,0.0036680723599611972,-0.0016449553444001564
-0.006436919061960207,0.004714559511961325,-0.0016747405023798353,-0.006436919061960207
0.00945928274113152,-0.008170955394131471,0.0013359463946190976,0.00945928274113152
-0.009663596950427254,0.0053985879707974084,-0.004217389932010798,-0.009663596950427254
-0.003366845999445409,0.005544703932624522,0.00222547698079816,-0.003366845999445409
-0.000119571157626332,-0.0073946274945588,-0.007466579604566085,-0.000119571157626332
-0.0019453379817436557,0.004347876959532117,0.002450158025407508,-0.0019453379817436557
0.011216387010349844,-0.011943453350208572,-0.0006794472922396796,0.011216387010349844
0.0051174163981343975,0.0009249229586504465,0.006089958404403892,0.0051174163981343975
-0.004815453206822446,0.008140992050044482,0.0033731578908410835,-0.004815453206822446
0.013767777022490043,-0.006648557617436687,0.007166838452672404,0.013767777022490043
0.0020853038530138698,-0.00033927559987137414,0.0017936473007615433,0.0020853038530138698
0.0005402613685196165,0.0028617302617536177,0.003449610677892282,0.0005402613685196165
-0.010165577403025034,0.01090459511972379,0.0007866367643178042,-0.010165577403025034
0.002895573343591602,-0.0019587015275114423,0.0009844908636992072,0.002895573343591602
-0.0022243143921550517,0.014852449663112027,0.012675754318576022,-0.0022243143921550517
-0.0038916790899368846,0.0002162966116785417,-0.0036277634306392955,-0.0038916790899368846
-0.006318182333747026,0.0017905551228227059,-0.004480008163305273,-0.006318182333747026
0.007868957381663997,-0.010985470745743004,-0.0030688943164599593,0.007868957381663997
-0.006229628024109465,0.00628885519414,0.00010684621764958183,-0.006229628024109465
-0.004164687036593244,0.005120866181170902,0.0010037981921967045,-0.004164687036593244
-0.006418327031200162,0.0026663441564016292,-0.0037043638271794855,-0.006418327031200162
-0.0045793484279308015,-0.012857127520935641,-0.017388856901247394,-0.0045793484279308015
0.0011258101584356623,-0.01496745800214571,-0.013794028796091,0.0011258101584356623
0.010982518305535075,-0.004273833757393986,0.0067563035957601365,0.010982518305535075
0.01987023761254148,-0.007236055271005326,0.012681801389155199,0.01987023761254148
-0.010189165625502209,0.004331927532092577,-0.005809619045790584,-0.010189165625502209
0.0036177523526421114,0.005993128293409295,0.009658499693670454,0.0036177523526421114
0.007305690126550557,-0.0023797944029522546,0.00497351477121735,0.007305690126550557
-0.010537662436285485,0.02243030052365961,0.01194025713499317,-0.010537662436285485
0.008337173165688475,0.010673325232934617,0.01905811744624214,0.008337173165688475
-0.005449196424986665,-0.001409510507612904,-0.006811087884980521,-0.005449196424986665
-0.010979266486763924,0.01544661134589428,0.004514963906749404,-0.010979266486763924
0.009317539177636842,-0.00391126829017835,0.0054538899350775405,0.009317539177636842
0.0008044285640634921,0.0070733808368344045,0.007925428448516944,0.0008044285640634921
0.0012358900908744504,-0.0037898674462032724,-0.002506358307709774,0.0012358900908744504
0.010733085217164422,-0.011325390122005886,-0.0005446858572224155,0.010733085217164422
0.00998106375522576,-0.016131420095606256,-0.006102737292761448,0.00998106375522576
0.00434141194226238,-0.01773674669970144,-0.013347715709820015,0.00434141194226238
0.0006152428568000621,0.00844357160843582,0.00910643351285493,0.0006152428568000621
-0.002247446647017722,-0.008749579403070095,-0.01094940700246877,-0.002247446647017722
0.0011682676561968832,-0.008084478978289109,-0.006868592274473177,0.0011682676561968832
-0.006573122243544282,-0.003660529123254978,-0.010186032319180213,-0.006573122243544282
-0.003359633678637849,0.009517452048759407,0.006205437417740606,-0.003359633678637849
-0.0039057256033353817,0.006547698438459267,0.002689591882742933,-0.0039057256033353817
0.00018281570603459346,0.006774813283074074,0.007005248036727715,0.00018281570603459346
0.004342201422231322,0.002467065693366728,0.006856886163217098,0.004342201422231322
-0.008789044717622284,-0.010892720469187989,-0.019634146139191223,-0.008789044717622284
-0.002925864238396174,0.005700023199454385,0.0028217780086772577,-0.002925864238396174
-0.003685651078869986,0.003034992560596047,-0.0006030394706548915,-0.003685651078869986
-0.012483076884199477,0.007717259499500873,-0.004718198337079556,-0.012483076884199477
-0.002032320947001081,0.003071415068718491,0.0010867131693364576,-0.002032320947001081
-0.0006717191108480116,0.013746485605101388,0.013122385541872424,-0.0006717191108480116
-0.008201022889417414,-0.005374499668001282,-0.01352790350979965,-0.008201022889417414
-0.03484460106438596,0.026445044236458066,-0.008351937780308847,-0.03484460106438596
-0.005510968320427991,0.007721357403850064,0.00225800813104112,-0.005510968320427991
0.013924372618361266,-0.014462205389788497,-0.0004902137238081829,0.013924372618361266
0.0029115355446545995,-0.008848464306524223,-0.005889309714250575,0.0029115355446545995
0.008529541219653394,-0.004704337073190772,0.0038728231940816696,0.008529541219653394
0.006275193830689035,-0.0005997421407890654,0.0057230707375190175,0.006275193830689035
-0.00888750458928117,0.002926784221382713,-0.0059131013202794085,-0.00888750458928117
-0.009614983525370366,0.009758787325265578,0.00019142284751426074,-0.009614983525370366
0.0004801525199814463,-0.005221386867404181,-0.004693615299803687,0.0004801525199814463
0.0021492336074727565,-0.002369435470953279,-0.00017258281586147482,0.0021492336074727565
0.011777569436192367,-0.012979765262131921,-0.0011545767783205057,0.011777569436192367
0.002421753081072631,-0.006989989964461774,-0.004520617835770096,0.002421753081072631
-0.001786577126724889,-0.001951196148308069,-0.0036901542274139104,-0.001786577126724889
-0.001928629046987507,0.015184153417985022,0.013303143418616563,-0.001928629046987507
-0.013540821025001572,0.016788342307022346,0.0032951403296398213,-0.013540821025001572
0.0054430394166580815,-0.00917531525974928,-0.00368465679547215,0.0054430394166580815
0.006223480959194409,-0.0016842451815114918,0.004586854825301964,0.006223480959194409
0.01133470598452753,-0.01674853470809747,-0.005366209675950892,0.01133470598452753
0.006529474957393013,-0.0022332873130874007,0.00434380669192466,0.006529474957393013
0.00537695708218404,-0.011075354554463712,-0.005650778424660624,0.00537695708218404
0.013047128717798,-0.01363569700303116,-0.0005409492376141126,0.013047128717798
-0.00455963588068568,0.011400154034580254,0.0068881372015136225,-0.00455963588068568
0.0016360619293275195,-0.012399216213567654,-0.010715535236621087,0.0016360619293275195
0.0005651884338318637,-0.011895033427347884,-0.011282225945896972,0.0005651884338318637
-0.0017073002642048819,0.0026489581676887803,0.000989276951102946,-0.0017073002642048819
-0.0034640040030427433,0.005560390132999065,0.002144005177575369,-0.0034640040030427433
-0.006106457577123606,0.0018974504233591307,-0.004161388106145428,-0.006106457577123606
0.012105982172010005,-0.006133809655877957,0.006019791563751096,0.012105982172010005
-0.0022196902029167622,0.0032307215234118956,0.001058650368114181,-0.0022196902029167622
-0.0011709766191123734,0.007780231546430964,0.006656873974937638,-0.0011709766191123734
0.006185238461325684,-0.0047799118632107975,0.0014529456457339335,0.006185238461325684
-0.0011489354432996605,-0.0049694350841641075,-0.0060707514798447205,-0.0011489354432996605
0.0021034034707464785,0.001683461326038405,0.0038344838444039314,0.0021034034707464785
-0.005525666179505794,0.01457389643690052,0.009095849305013773,-0.005525666179505794
0.010349433726755274,-0.003951874130411632,0.00644517864396269,0.010349433726755274
0.0037908413140558786,-0.006355942192121721,-0.0025174818304467953,0.0037908413140558786
-0.007014661345697817,0.010516937308269003,0.0035498950101902336,-0.007014661345697817
0.008725827475943177,-0.0180829023754256,-0.009309455851863378,0.008725827475943177
-0.00017736702324532705,-0.006307001531916822,-0.006436749507543102,-0.00017736702324532705
0.009134258200614934,-0.006977757571249905,0.002204119676984076,0.009134258200614934
0.002706945905493159,-0.011902968072466916,-0.00914840311935471,0.002706945905493159
-0.0003860791665773386,-0.0014466050615975458,-0.0017850651805558367,-0.0003860791665773386
-0.014089719607911706,0.00903589852262334,-0.005006202037669318,-0.014089719607911706
-0.0024041102810647623,-0.005620756782588653,-0.00797724801603437,-0.0024041102810647623
-0.0001799057236259821,0.000587981759628672,0.00045569508362173757,-0.0001799057236259821
-0.004546759197986672,0.0063625001475375986,0.001863359997169973,-0.004546759197986672
-0.006191622973307324,0.007108395171235024,0.0009643912455467468,-0.006191622973307324
0.009030920050252684,-0.005021091416185958,0.004057447681685773,0.009030920050252684
-0.010716795129810613,0.02076469671415541,0.010095520631963844,-0.010716795129810613
-0.013397603060470819,0.008850933690894179,-0.004499050321957591,-0.013397603060470819
0.009093611851543263,-0.015854720628677203,-0.006713489729514893,0.009093611851543263
-0.007491969836666808,0.009191098863866699,0.0017467480748189382,-0.007491969836666808
0.009734055077694394,-0.012504149546865583,-0.0027224754215521402,0.009734055077694394
-0.013252579438983347,0.024257607975882303,0.011052647584518002,-0.013252579438983347
-0.008726021425669798,0.006659145394525845,-0.0020192569835249057,-0.008726021425669798
-0.003318379433162797,-0.004615857688364415,-0.007886618073908166,-0.003318379433162797
-0.002297572128025415,0.012687027665254858,0.010437074584848492,-0.002297572128025415
0.018900249970534376,-0.020570803023185917,-0.001622934005032496,0.018900249970534376
0.01070774857484029,-0.01555860059603225,-0.004803232973572912,0.01070774857484029
-0.007457492448601066,0.013253046849289596,0.005843173448307579,-0.007457492448601066
0.004517022099118022,-0.014339649678983242,-0.009775008532246174,0.004517022099118022
-0.002533628607931264,0.0040256418377799955,0.0015396322774677788,-0.002533628607931264
-0.005553203694763859,-0.00010267315754938112,-0.0056082578046941925,-0.005553203694763859
0.011277102717199627,-0.020876253330159154,-0.009551531565340481,0.011277102717199627
-0.005023485360276202,0.0030078795309057696,-0.0019679867817513855,-0.005023485360276202
0.0006383639049435596,0.010234215144240307,0.010920198096802914,0.0006383639049435596
-0.000863274006588444,0.005222940400560407,0.00440728544159101,-0.000863274006588444
-0.010912832209546246,0.020996129671554575,0.010130916509627375,-0.010912832209546246
0.008670227318591257,-8.271300161859555e-05,0.008635133364591709,0.008670227318591257
-0.0012376034743974273,0.001388099967400884,0.00019811554062250448,-0.0012376034743974273
-0.00011516017235450807,-0.010490231595380544,-0.010557772720116005,-0.00011516017235450807
-0.02119410456262223,0.0819913054925052,0.06084481997750202,-0.02119410456262223
-0.06208387952561597,0.05887593050762671,-0.0031603299703702125,-0.06208387952561597
-0.0088272018793432,0.0019194111229137501,-0.006860171708810402,-0.0088272018793432
-0.012123556925394912,0.026660748221431965,0.014584810343656099,-0.012123556925394912
0.0569801354737238,-0.10596904203899155,-0.0489412875176487,0.0569801354737238
-0.018245354715850332,0.0496691798189931,0.03147144415076182,-0.018245354715850332
0.020470323949454822,-0.014361486710248948,0.006156456286824922,0.020470323949454822
0.01162787818139361,-0.012413057416516765,-0.0007375601875041072,0.01162787818139361
-0.00368361017045292,0.005427916473526406,0.0017919253506925334,-0.00368361017045292
-0.006673706605829138,0.016502278218924183,0.00987619066071409,-0.006673706605829138
0.007063488655355324,-0.017058775362524987,-0.009947667659550618,0.007063488655355324
-0.0183423858859066,0.015525848605336621,-0.002768918232950933,-0.0183423858859066
0.014658462609776308,-0.024868855446786603,-0.010162773789391248,0.014658462609776308
0.002324838610733605,-0.015799044900471827,-0.013426587242119177,0.002324838610733605
0.009037003990947345,-0.026316100939596354,-0.01723147790102996,0.009037003990947345
0.000882510083383751,-0.0006438681385223743,0.00028626099248042433,0.000882510083383751
0.0042447701129390515,-0.0026918994107793157,0.001600489749778783,0.0042447701129390515
0.004906539418498003,-0.004720390895120959,0.00023376757099609132,0.004906539418498003
0.0013518120897656279,0.002979996539067288,0.004379427676451964,0.0013518120897656279
-0.0010322674324351863,-0.0014757696610962206,-0.0024604180459123592,-0.0010322674324351863
0.017451025681857347,-0.02041638487365515,-0.002917740144178759,0.017451025681857347
-0.0023929100052524515,0.012522481916546896,0.010177190958913491,-0.0023929100052524515
-0.0037986891692227786,0.007492915918486132,0.0037418457968824005,-0.0037986891692227786
0.0016862979884253778,0.0016131300601426495,0.003347047096187075,0.0016862979884253778
0.0030767916506174815,-0.027400769051876404,-0.024276358353639876,0.0030767916506174815
0.0002907195396438573,0.001414310073912681,0.001752648661175586,0.0002907195396438573
0.013146486633442646,-0.037044239556921134,-0.02385013387585944,0.013146486633442646
-0.0008451495679650098,0.005267233939436826,0.004469703419090864,-0.0008451495679650098
-0.007610739949063328,0.011403184368515722,0.0038400634670714413,-0.007610739949063328
0.014962549168357375,-0.013578939838821096,0.001431228377155328,0.014962549168357375
0.009727760366755192,-0.009062896716138224,0.0007124826982360167,0.009727760366755192
0.0022748497336525283,0.004403251458864194,0.006725720240135771,0.0022748497336525283
0.0010164451226281227,-0.0001823090951959253,0.000881755075051245,0.0010164451226281227
-0.014016318842879998,0.027123314064315635,0.013154614269054683,-0.014016318842879998
-0.0017049788927896727,0.016935561384979047,0.01527820153980842,-0.0017049788927896727
0.0011387677688785918,0.0009063435395490644,0.002092730356046704,0.0011387677688785918
0.01512807772608964,-0.020291719422603816,-0.005116022648895129,0.01512807772608964
-0.007022746910012656,0.011916691986453454,0.004941564124059846,-0.007022746910012656
0.002117082149546554,-0.003498841418187388,-0.001334140221021786,0.002117082149546554
0.004374063121378999,-0.0005568898936925243,0.0038647922753055216,0.004374063121378999
0.006404335827076417,-0.004666451213113005,0.0017855036615824584,0.006404335827076417
0.008207174036567963,-0.009834367259050392,-0.0015795741748633805,0.008207174036567963
4.9425192033309646e-06,-0.003613075594029372,-0.0035605140272069935,4.9425192033309646e-06
-0.0010573274583866082,0.006457005901486983,0.005447297490719423,-0.0010573274583866082
0.011541781757934499,-0.01165687650319126,-6.74756976377119e-05,0.011541781757934499
0.00825528805276577,-0.00853549647189622,-0.0002325893715114011,0.00825528805276577
0.004465121026928514,-0.013595998708483529,-0.009083258633935968,0.004465121026928514
0.006698206928642785,0.005733322206162029,0.012479148182423861,0.006698206928642785
0.0030135160482046767,0.0005538121462963107,0.003614947242120035,0.0030135160482046767
-0.00535252394291982,0.009806652448253439,0.004501747552952667,-0.00535252394291982
0.009754460812453979,-0.00799317065865274,0.0018089092014202863,0.009754460812453979
-0.007159298381723277,0.0185121506139218,0.011400471279817569,-0.007159298381723277
0.0067128903699499014,-0.0013394406379707157,0.005421068779598233,0.0067128903699499014
0.0031731106389117653,0.002514825075282897,0.0057355547618137106,0.0031731106389117653
0.007113694685293788,-0.007138994133651868,2.2319599260966642e-05,0.007113694685293788
0.007736067134398366,-0.012143625400344141,-0.0043599392183267275,0.007736067134398366
-0.004087492647521976,0.010484119594913044,0.006444245995010116,-0.004087492647521976
0.009615885574814553,-0.014206238474315491,-0.004542733851881889,0.009615885574814553
0.0018154702501785515,-0.00650338071514778,-0.004640291417350181,0.0018154702501785515
0.004188549371233532,0.0003140540029770828,0.004550222421829663,0.004188549371233532
0.0083033201803436,-0.018490748787817365,-0.010139809559854718,0.0083033201803436
0.008864510933719883,-0.009466195612775025,-0.0005540656314360934,0.008864510933719883
0.005130759205852369,-0.012663965382712743,-0.007485587129241325,0.005130759205852369
-0.005493144599807766,0.009110260645206798,0.0036647350930180795,-0.005493144599807766
0.00313495976830056,-0.008347798546515293,-0.005165219730595684,0.00313495976830056
0.00025577932383599386,-0.0064584899721373094,-0.006155091600682268,0.00025577932383599386
0.006913543997299426,1.1832164173981496e-05,0.006972995209092454,0.006913543997299426
-0.004089949775767614,0.00841957951582692,0.004377248787678353,-0.004089949775767614
0.00027407917802212394,0.001263953628130832,0.0015856518537720036,0.00027407917802212394
-0.008797551281524514,0.012437114524194695,0.0036871822902892295,-0.008797551281524514
0.0037554498189243256,0.0031565591512476227,0.006959628017790996,0.0037554498189243256
0.008110756721474167,-0.00495075248098232,0.0032076232881108947,0.008110756721474167
-0.00028373035860707513,-0.0026416731205868758,-0.0028777844315749034,-0.00028373035860707513
-0.0015616709337156912,0.0025896018519276187,0.0010755499658309752,-0.0015616709337156912
0.0062950320097229185,-0.015198365790826146,-0.00885571473348418,0.0062950320097229185
0.012138435870036669,0.0024710978963918212,0.014657152814047537,0.012138435870036669
-0.005301215031592803,0.01851187102648751,0.013258275042513751,-0.005301215031592803
0.0020318056132272774,-0.002675936738102544,-0.0005965120772562192,0.0020318056132272774
-0.004536117349648039,0.0009276100550744793,-0.0035608882469545123,-0.004536117349648039
0.002241301375927853,0.006743425128370141,0.00903234555191704,0.002241301375927853
-0.005019579898679891,0.011741155026804376,0.0067691941757435335,-0.005019579898679891
-0.009140437703799872,0.012173051967587188,0.0030802333114063646,-0.009140437703799872
-0.009830616362970643,0.015414203987238589,0.0056312066718869945,-0.009830616362970643
0.00960447315523801,-0.008629114766336292,0.0010229774365207675,0.00960447315523801
0.0006196275791203089,-0.005728103354455957,-0.0050608567277166,0.0006196275791203089
-0.007293249053427912,0.0062506512913686535,-0.000994978714440212,-0.007293249053427912
-0.006214087248709117,-0.004883669592401209,-0.01105013779349128,-0.006214087248709117
0.0032651275515645345,-0.006171993888270365,-0.0028592472890867832,0.0032651275515645345
-0.0013774687296182553,0.006381618483529724,0.005051768801530516,-0.0013774687296182553
0.008270914997094208,-0.01694722991040199,-0.008628695865688736,0.008270914997094208
0.006703947176722337,-0.01762188360491485,-0.010870317380573466,0.006703947176722337
-0.004959900734977554,0.0063029477273564,0.0013906660399978922,-0.004959900734977554
0.000908468579487401,0.00010399705600840301,0.0010600846831148518,0.000908468579487401
-0.00029321998458066456,-0.0015025922939316308,-0.0017481932308932478,-0.00029321998458066456
-0.003297571241472298,-0.0022635464047098,-0.005513498598563049,-0.003297571241472298
0.002463235914234575,-0.0027585234908493127,-0.00024766852899569007,0.002463235914234575
-0.0009376000834932606,0.00031437592685516986,-0.0005756051090190431,-0.0009376000834932606
0.015532743789231538,-0.029490783409478215,-0.01391042057262763,0.015532743789231538
-0.0038761680500838938,0.00807038427532483,0.004241835272859985,-0.0038761680500838938
0.002770439784130747,-0.001395394552214492,0.0014226642795353026,0.002770439784130747
0.0017219380406894524,-0.005796907464063213,-0.004027350375754713,0.0017219380406894524
0.0009871604437417106,-0.00023847947466575567,0.0007963000166950026,0.0009871604437417106
-0.004021832801963732,-0.004786049624969841,-0.008760263379314527,-0.004021832801963732
-0.1403708920049279,0.1596816862513628,0.019358413294053967,-0.1403708920049279
0.15369365403772922,-0.1690924553013581,-0.015351182216009842,0.15369365403772922
-0.0034722659763847985,0.006814101388658676,0.0033894544598929246,-0.0034722659763847985
0.008059043309182423,0.00018125891492251148,0.008287921271723982,0.008059043309182423
0.003176462736554224,0.004136895328609103,0.007360977112782375,0.003176462736554224
-0.004052594847218238,-0.0017991426270617353,-0.005804118426660926,-0.004052594847218238
0.002434079509356359,0.003135977105945868,0.005617675662921275,0.002434079509356359
0.0025887789119615977,-0.0016619788804133656,0.0009744190791672797,0.0025887789119615977
0.01306663533041546,-0.011256948254452268,0.0018573061235822416,0.01306663533041546
-0.006045531307340992,0.0019256227142004255,-0.004072289545521519,-0.006045531307340992
-0.0006786691534770652,0.0017249320113689052,0.0010938819055108877,-0.0006786691534770652
-0.00024363497393948847,0.002283122449363524,0.0020871065230430833,-0.00024363497393948847
0.003939218797459266,-0.002815582797672949,0.0011712550474053639,0.003939218797459266
0.009197963532322474,-0.0065083428632189515,0.0027372397167225704,0.009197963532322474
-0.00609604073839217,-0.002680144698829417,-0.00872856638960254,-0.00609604073839217
-0.003212579358029095,-0.003974846974514555,-0.007139807284924602,-0.003212579358029095
0.004944408625969656,-0.008191630436712387,-0.003199602763123683,0.004944408625969656
-3.224952008715548e-05,-0.0016456662890672947,-0.0016302967615354025,-3.224952008715548e-05
-0.0025934960459397497,0.013653283305899096,0.011107406307578395,-0.0025934960459397497
0.009397316734790368,-0.010937950531770657,-0.0014930147493612401,0.009397316734790368
-0.0020624210662277243,0.0050083264331928995,0.0029935244145842224,-0.0020624210662277243
0.0016497591725813862,-0.007904033843683317,-0.006206655623482883,0.0016497591725813862
0.008435630813299662,-0.007215935603758312,0.001267314257160397,0.008435630813299662
0.004753587448365033,-0.0007601132500970307,0.004041093245887049,0.004753587448365033
0.0029598804235134108,-0.00406622966756599,-0.0010587301964335317,0.0029598804235134108
0.006734465577997771,0.005294702211866606,0.012076786837483424,0.006734465577997771
-0.003797163881045258,0.006411472139880988,0.0026619273064547775,-0.003797163881045258
0.004520410482827352,4.178308074657931e-05,0.004609812611192979,0.004520410482827352
-0.0030346735709661176,0.0042474361607702585,0.001260381637423188,-0.0030346735709661176
-0.025354112154346815,0.026506315694997822,0.0011998225882700526,-0.025354112154346815
0.016766287557388113,-0.013776235023018524,0.0030376715819886353,0.016766287557388113
0.0009162306589065501,-0.01265473024266239,-0.011690880536136792,0.0009162306589065501
0.008136189646989325,0.003991952326082761,0.012175761020691133,0.008136189646989325
-0.013314198083741267,0.01339699954593357,0.00013042050981135246,-0.013314198083741267
0.0026193068256291675,-0.003329044004792173,-0.0006621181315439578,0.0026193068256291675
0.013421392313872387,-0.01099600903672557,0.002473002324765866,0.013421392313872387
-0.004536190705698332,-0.005467826803053317,-0.009956398461132603,-0.004536190705698332
-0.004210048764393765,0.0027000092055161633,-0.0014624205112585549,-0.004210048764393765
0.010156528515332181,-0.007532839150955153,0.0026713084119960756,0.010156528515332181
0.0073473030814184236,-0.0013331545186622453,0.006061767610375226,0.0073473030814184236
0.007582604873634146,-0.006035472607529383,0.0015947513137238097,0.007582604873634146
-0.004398615192854256,0.008170983109701158,0.0038199869644659494,-0.004398615192854256
-0.0021090531997696137,0.02022585617519542,0.018164422023044854,-0.0021090531997696137
-0.006639326118152251,0.015563379067808218,0.008971671997275015,-0.006639326118152251
0.0016740261560037246,0.001142056964808325,0.0028637021684310973,0.0016740261560037246
0.0006081795890639528,0.008058916792089466,0.008714715428772467,0.0006081795890639528
-0.008201020493399852,0.010351938789005458,0.0021985373432246544,-0.008201020493399852
0.009616317359085065,-0.00780305580627523,0.001860880600428882,0.009616317359085065
-0.008942738546226434,0.00620581742505559,-0.0026893020735517963,-0.008942738546226434
0.005882749922444268,-0.0045913161844277255,0.0013390527856355894,0.005882749922444268
0.013350936023065684,-0.0022600926923488957,0.011138462378335835,0.013350936023065684
0.00415415530460672,-0.009281401538091856,-0.005079627185866088,0.00415415530460672
0.002446786541775705,-0.0024427931727415584,5.1612416653194104e-05,0.002446786541775705
-0.01652429735599121,0.003984507011656042,-0.012492171296716122,-0.01652429735599121
0.002687101436872041,0.00029133610049925595,0.003026056584990345,0.002687101436872041
-0.012027310665990951,0.021010569880148537,0.009030878261776632,-0.012027310665990951
0.0001094811299349206,-0.003971772471864115,-0.003814672294310147,0.0001094811299349206
-0.0009754098522204082,0.0056305670731547925,0.004702776268553432,-0.0009754098522204082
-0.018613474184540603,0.009590219460339985,-0.008975635676581571,-0.018613474184540603
0.013136109891463799,-0.021481447670235226,-0.00829771873115238,0.013136109891463799
0.013880105207396323,0.0027800141996669895,0.01670773845468236,0.013880105207396323
0.012020767770839248,-0.014978398400896,-0.002910011582437704,0.012020767770839248
0.006301473610513762,-0.006982312403488873,-0.0006332197453560637,0.006301473610513762
-0.25726475536524,0.02213888579925912,-0.23507825051836181,-0.25726475536524
0.2650519579107829,-0.035597007690344525,0.22950256926805745,0.2650519579107829
-0.008381861530501205,0.008381257747217466,4.7015264335310256e-05,-0.008381861530501205
0.0008147146554455474,-0.0036812957427343244,-0.0028189620396697293,0.0008147146554455474
0.00721291295082999,-0.020389141497446917,-0.01312860949899788,0.00721291295082999
0.005307797397180512,-0.008545744068191521,-0.0031903276233919615,0.005307797397180512
-0.0008173948163726032,-0.00018424374260001382,-0.0009540195113535695,-0.0008173948163726032
-0.0032916143034279967,0.004405467896394623,0.0011614726405856737,-0.0032916143034279967
0.0003982738147810603,-0.0027215209930480156,-0.002275628130647908,0.0003982738147810603
0.014137536399333208,-0.017426907183035266,-0.003241751736083011,0.014137536399333208
0.009634774713831206,-0.008990466098904991,0.000691927662545264,0.009634774713831206
-0.007067737354613739,0.0057926328853704434,-0.0012274854216242485,-0.007067737354613739
0.0008484570473291917,0.0052533852010835545,0.006149461296031794,0.0008484570473291917
-0.011368298051301354,0.005057085284875453,-0.006263593718806853,-0.011368298051301354
-0.004635306604840174,0.00291893758344419,-0.0016687499737769369,-0.004635306604840174
0.005726591224534212,-0.00509220520084805,0.000682005071305209,0.005726591224534212
0.010435884838024127,-0.006292994325573554,0.004190509560069621,0.010435884838024127
0.011723504993815845,-0.015331024417365825,-0.0035599003759309313,0.011723504993815845
5.485980082227321e-05,0.007357125367775909,0.00745960421621723,5.485980082227321e-05
0.0032823991534746133,-0.006150727119696533,-0.0028207089186028725,0.0032823991534746133
-0.25990730723000816,0.015216033365036154,-0.24464365481735292,-0.25990730723000816
0.2681933502366841,-0.03031539374257929,0.2379255755417239,0.2681933502366841
-0.000800544368251246,0.0012969852150891356,0.0005440598944569372,-0.000800544368251246
-0.001051827176393454,-0.00016008580525802527,-0.0011642939340324317,-0.001051827176393454
-0.007236161641424823,0.006379304129782151,-0.000809238464023625,-0.007236161641424823
-0.23155429381307097,0.05866332811940082,-0.17284334664605108,-0.23155429381307097
0.24775154114137327,-0.0678161370236883,0.179983023165304,0.24775154114137327
0.009291237499626346,-0.005449918916304548,0.0038889376309408463,0.009291237499626346
0.008242021372347764,-0.015929055113007563,-0.007639414693040751,0.008242021372347764
-0.01127201530133268,0.011942323073512392,0.0007179268197987595,-0.01127201530133268
0.014195484986935864,-0.011372430851419691,0.0028706731831352216,0.014195484986935864
0.009176808572455697,-0.00857377993945649,0.0006506476806182556,0.009176808572455697
0.006252416303284751,-0.0011962870706212967,0.005103748280282502,0.006252416303284751
0.0062914066574902405,-0.0020865590723574997,0.004252466632751788,0.0062914066574902405
0.013397418521148303,-0.011467402216511961,0.0019776353522553904,0.013397418521148303
0.007427171733304241,-0.0036796064001579673,0.003795184380765321,0.007427171733304241
0.0044703615554523264,0.006960275346220617,0.01147825594929199,0.0044703615554523264
-0.24773112177967194,0.07624437039798611,-0.1714391323340668,-0.24773112177967194
0.25893097071176824,-0.08158954123677392,0.1773890485226134,0.25893097071176824
0.013893327011160122,-0.017642871096957342,-0.0037019250381781737,0.013893327011160122
-0.00036297677698441527,0.000356619940454954,4.126221108958635e-05,-0.00036297677698441527
-0.002612916651155108,0.003596029884585343,0.0010307322810492827,-0.002612916651155108
-0.001933018551935212,-0.0009437287094604595,-0.0028291282137766238,-0.001933018551935212
0.00835229863987457,0.0017891860814966416,0.010189103768990258,0.00835229863987457
0.000758779306543335,0.003871721263726214,0.004678119617888597,0.000758779306543335
0.004079726566252813,0.003001138016824638,0.007128483630696499,0.004079726566252813
-0.0013141492233330594,0.00044735494569409374,-0.000819175230019918,-0.0013141492233330594
0.006712230739270362,-0.0016194768331394855,0.005140372953749924,0.006712230739270362
0.014904293945679438,-0.007447631222320076,0.00750428177097841,0.014904293945679438
0.0005142783671555743,-0.014229772569251118,-0.013667875154476497,0.0005142783671555743
-0.013526550895992698,0.022812179962275417,0.009333248113901765,-0.013526550895992698
0.022527974327209523,-0.024645415426601144,-0.002069822051772576,0.022527974327209523
0.010098149978698503,-0.007765999639413913,0.0023797693869036375,0.010098149978698503
-0.003637476459020834,-0.002789225556491461,-0.006379082967893247,-0.003637476459020834
0.010254925719926805,0.0003327612666849852,0.010635306034230838,0.010254925719926805
-0.010838769472692284,0.01594390918904658,0.005152758763973342,-0.010838769472692284
0.007091166633592448,-0.010792123885640575,-0.00365333820442908,0.007091166633592448
-0.26409308851322477,0.08626132058100587,-0.17778414888459984,-0.26409308851322477
0.27351400220306593,-0.09120249762737674,0.18235912362330828,0.27351400220306593
0.005147986497476768,-0.00029557180468566067,0.004900033740410155,0.005147986497476768
0.004853900116533838,0.0038033055589025123,0.008704824723055397,0.004853900116533838
0.001695700322622012,0.0042423305798346125,0.005985649950075673,0.001695700322622012
-0.004038351793215744,0.016954946218470424,0.012964213472873727,-0.004038351793215744
0.005152526215553227,-0.004918758421353858,0.0002813868418184164,0.005152526215553227
0.0008138418502679177,-0.005943437754916057,-0.005081976857029091,0.0008138418502679177
0.0001444780814715475,-0.003962155801328014,-0.003770058672237419,0.0001444780814715475
0.001181318202261174,0.0031866185039725946,0.004415555753852817,0.001181318202261174
0.0021017021994331015,-0.012499296024193361,-0.010349974777141212,0.0021017021994331015
-0.015317866056771176,0.005974656821610128,-0.009295590187542,-0.015317866056771176
0.004259590198341788,-0.007489766375810864,-0.0031825571298500295,0.004259590198341788
-0.016142635263475077,-0.0020254295571063004,-0.018120445772962332,-0.016142635263475077
-0.01067630135449761,0.004869821495503998,-0.005758860811374563,-0.01067630135449761
0.01031503983191671,0.0030949468830784098,0.013457605762614169,0.01031503983191671
-0.0006654965995957637,0.010898067666157123,0.010280190114180408,-0.0006654965995957637
0.001264449508019944,-0.0012406674219551397,7.140113368385201e-05,0.001264449508019944
-0.007670702949757621,0.005379628395911384,-0.00224345550622719,-0.007670702949757621
-0.0011129756489880963,0.003673814976590204,0.0026084583752211555,-0.0011129756489880963
0.005782449411649847,-0.0036711127015751715,0.002158955757693723,0.005782449411649847
0.0051348810186583466,-0.008152170375243722,-0.0029696703089663276,0.0051348810186583466
-0.015337673572462391,0.01108044275550423,-0.004209611769339113,-0.015337673572462391
-0.003487211554701983,0.002900903216933936,-0.0005386892901489996,-0.003487211554701983
-0.02010258105175478,0.01653710878205732,-0.003517853222078414,-0.02010258105175478
0.011231537315844232,-0.01582964622542319,-0.00455048986195991,0.011231537315844232
0.009817923165045398,-0.003839229326177271,0.006026312886487176,0.009817923165045398
0.008863765130350577,-0.005812361143162686,0.0030990230348069384,0.008863765130350577
-0.013280987394860267,0.001936907897600714,-0.011296460449640505,-0.013280987394860267
-0.0020239103481397816,0.014407641276106543,0.01243134997558581,-0.0020239103481397816
-0.008624309387048047,-0.001018634560295938,-0.009595324899724937,-0.008624309387048047
0.020462507147186865,-0.0219118126983755,-0.0014016865035695893,0.020462507147186865
0.0024642469482934713,0.0041479938931269274,0.006659859889039446,0.0024642469482934713
0.0058384019475554725,-0.004338932828053355,0.001547088167121164,0.0058384019475554725
-0.214282395106343,0.1331644831982568,-0.08107029286046716,-0.214282395106343
0.2299618203419845,-0.14879848849397953,0.08121095089562402,0.2299618203419845
-0.0011516604449880827,0.0025812585151426364,0.0014772171177736013,-0.0011516604449880827
0.019406774728478425,-0.014150491801452357,0.005303901974645115,0.019406774728478425
-0.003671998008097175,0.003475927479680233,-0.0001484514807978945,-0.003671998008097175
-0.00032265001377836556,0.010431582180615176,0.010156551214455857,-0.00032265001377836556
0.008537121796176527,-0.011092294350134608,-0.002507553506339032,0.008537121796176527
-0.0028404926501920617,-0.004534067280050646,-0.00732694088262366,-0.0028404926501920617
-0.001441316605518816,-0.0035173334905116843,-0.0049110310484114525,-0.001441316605518816
0.0035055059490231096,-0.00511010842711948,-0.0015569834304773231,0.0035055059490231096
-0.0032618161772537007,-0.01236885282371609,-0.015583049953350742,-0.0032618161772537007
0.0018815953036888065,-0.001040588053095326,0.0008886262982125282,0.0018815953036888065
-0.0035725122899424792,0.0028132943807867316,-0.0007115988615367,-0.0035725122899424792
0.005051596584482852,-0.0030590769715411483,0.002040138660560751,0.005051596584482852
0.005057306723458703,0.002375367664636545,0.007480293435714296,0.005057306723458703
-0.0028307890963233484,0.005981607718642894,0.003198437669938593,-0.0028307890963233484
0.0001322138498613858,0.0008069299386295457,0.0009867628361099792,0.0001322138498613858
0.0010042740646267572,-0.004530114895940163,-0.003478221783694359,0.0010042740646267572
0.0043572950088675835,0.005049339268654142,0.009454253325140773,0.0043572950088675835
0.019299850777839477,-0.019101057801626593,0.0002464120238319296,0.019299850777839477
-0.0022791862530383124,0.0012930566025023333,-0.0009385106029169315,-0.0022791862530383124
-0.003495107311220145,0.004172779573039944,0.0007252913094388464,-0.003495107311220145
0.009450093781715817,-0.010240132069653265,-0.0007424192403183995,0.009450093781715817
0.008221223024493456,0.008375059826402607,0.016643901898515112,0.008221223024493456
-0.01632604954754991,0.005209708284106365,-0.0110687222158245,-0.01632604954754991
0.01465723093333122,0.0036373813425055134,0.018342231323455783,0.01465723093333122
0.006742984238619616,-0.008055955925104382,-0.0012653526388657185,0.006742984238619616
-0.0007403491728933445,-0.0032022635528574047,-0.0038949936781317016,-0.0007403491728933445
0.002833244812346307,-0.003181674133159211,-0.0003008102731938563,0.002833244812346307
0.005164913191380747,-0.00821451490232711,-0.0030019826633273148,0.005164913191380747
-0.012202321925889197,-0.008928141971949147,-0.021082844850219294,-0.012202321925889197
0.005090502330629301,-0.005768942894911676,-0.0006308215166633282,0.005090502330629301
-0.002488420430282377,0.003698518102340288,0.001257716719676959,-0.002488420430282377
0.010946727700717517,-0.005154219934720363,0.0058401268136162015,0.010946727700717517
-0.0002376729140557911,-0.015141598939321928,-0.015331652805758673,-0.0002376729140557911
0.00855043744249064,-0.01086961699029166,-0.0022715605001819707,0.00855043744249064
-0.22533377230813056,0.09833130014206766,-0.12695485311844387,-0.22533377230813056
0.23810297569169117,-0.10879542546408225,0.12935516927522797,0.23810297569169117
-0.00029898143292446345,-0.0029735927313199557,-0.0032249551166253715,-0.00029898143292446345
0.0019080719113312192,-0.007101741093674045,-0.005146050134723778,0.0019080719113312192
-0.006754566405501953,-0.008893771241358235,-0.01560071859924114,-0.006754566405501953
-0.011180265525215323,0.0013248704005565973,-0.009807776077039677,-0.011180265525215323
0.008288765534898683,0.0034678171039020157,0.011804201686419746,0.008288765534898683
-0.00290403123254859,0.012140177501413182,0.009283765316483639,-0.00290403123254859
0.008897592799823242,-0.009877233886990057,-0.0009320220395477668,0.008897592799823242
-0.01685056019261839,0.004258801240973533,-0.012544139904025812,-0.01685056019261839
0.004804144283554905,0.0068728255924310885,0.011724588923605039,0.004804144283554905
0.002336857740985878,-0.008955264451026413,-0.006570787662421486,0.002336857740985878
-0.009767768061628407,0.0009973578585108934,-0.008722791155498465,-0.009767768061628407
0.023093214643915536,-0.007785844060666157,0.015354989630868425,0.023093214643915536
0.004094996616539543,-0.008917997546380075,-0.004775381882221484,0.004094996616539543
0.0010643639107154545,0.002284034934625606,0.003396017892960108,0.0010643639107154545
-0.007100183993753614,0.0017994847733562567,-0.005253080172778309,-0.007100183993753614
-0.007251015405571492,0.013931863028067525,0.006728466670115081,-0.007251015405571492
0.0005325243582631166,0.007114682089222155,0.007694825495104318,0.0005325243582631166
-0.19386876708872428,0.052865309809790845,-0.14095583823131438,-0.19386876708872428
0.2059107715102979,-0.0640836613118473,0.14187472924606967,0.2059107715102979
-0.0020997028742157442,-0.006201909701693488,-0.008253993528290185,-0.0020997028742157442
-0.0020376445104449896,9.465799148676229e-05,-0.0018953674713391797,-0.0020376445104449896
0.014813148927755324,0.0029259118154379943,0.017786679790812367,0.014813148927755324
0.003268687591187385,-0.01379463602397216,-0.010478329385165727,0.003268687591187385
0.0013115584622793257,-0.0006909303540913211,0.0006682471558070522,0.0013115584622793257
-0.004171872532958093,0.006383633293616599,0.0022593798082775527,-0.004171872532958093
-0.003570584088395451,-0.011657849709444048,-0.01518081475022045,-0.003570584088395451
0.007649453437214367,-0.01063020157061798,-0.002933129085784566,0.007649453437214367
-0.26139368782117106,0.024624470624332612,-0.23672159814921936,-0.26139368782117106
0.26965452339889223,-0.0315973249847914,0.2381048174617199,0.26965452339889223
-0.002486596374157122,-0.001860799326595508,-0.004299776653133582,-0.002486596374157122
-0.0027722736256912996,0.01084044210752269,0.008115787529450438,-0.0027722736256912996
0.0006422165240106743,0.0006317242089131786,0.0013215597805429006,0.0006422165240106743
0.002741943284941032,-0.003443185283260255,-0.0006536229507001757,0.002741943284941032
0.00142894592268877,-0.0011954287560244498,0.00028113621428336793,0.00142894592268877
-0.0015787172425750498,0.010954353085024038,0.009423254890068036,-0.0015787172425750498
-0.0035366863610239133,-8.327822780627089e-05,-0.0035723455412111364,-0.0035366863610239133
0.008229373874064926,-0.002202224723828141,0.006074768197855834,0.008229373874064926
-0.0029803938360303105,0.004663475530695946,0.0017307007422846825,-0.0029803938360303105
-0.004248695736065723,0.00998734908518078,0.005786272396734105,-0.004248695736065723
0.009879214545289774,-0.009456603368756285,0.00047023022415253754,0.009879214545289774
0.0010727091059302726,0.004184350260925342,0.005304678414474662,0.0010727091059302726
-0.001452743877032386,0.012992057869653049,0.01158693304023971,-0.001452743877032386
0.0022300254844958406,0.0015267316740587061,0.003804376206173594,0.0022300254844958406
-0.00032639998750054065,-0.010815587696810843,-0.011094368636692336,-0.00032639998750054065
0.002381960318821975,-0.008630397457901501,-0.0062008180914604775,0.002381960318821975
-0.015672406064179467,0.012834557912528419,-0.0027902291040319996,-0.015672406064179467
0.010512440041741762,-0.015186789153683572,-0.0046267300643227606,0.010512440041741762
-0.004955105774991523,0.0020765507418088144,-0.002830935985563661,-0.004955105774991523
0.0017511550210917418,-0.006747162640381065,-0.004948388571670276,0.0017511550210917418
