index_name,sector,date,level,n_members
sp500,Communication Services,2023-08-09,100.0,3
sp500,Communication Services,2023-08-10,100.09002987651021,3
sp500,Communication Services,2023-08-11,100.87102166535826,3
sp500,Communication Services,2023-08-14,101.27457539186302,3
sp500,Communication Services,2023-08-15,100.29029467680152,3
sp500,Communication Services,2023-08-16,99.92758094097269,3
sp500,Communication Services,2023-08-17,99.82047405082669,3
sp500,Communication Services,2023-08-18,99.40622274526838,3
sp500,Communication Services,2023-08-21,99.58095344075853,3
sp500,Communication Services,2023-08-22,100.34238511292455,3
sp500,Communication Services,2023-08-23,100.95026257730011,3
sp500,Communication Services,2023-08-24,100.4607250990826,3
sp500,Communication Services,2023-08-25,100.36176826568999,3
sp500,Communication Services,2023-08-28,101.09054466501549,3
sp500,Communication Services,2023-08-29,104.47915403471961,3
sp500,Communication Services,2023-08-30,104.67366364471388,3
sp500,Communication Services,2023-08-31,105.23271807753274,3
sp500,Communication Services,2023-09-01,104.64896911459498,3
sp500,Communication Services,2023-09-05,103.71209775068206,3
sp500,Communication Services,2023-09-06,103.56796369924388,3
sp500,Communication Services,2023-09-07,103.39965268117552,3
sp500,Communication Services,2023-09-08,102.82264647925197,3
sp500,Communication Services,2023-09-11,103.74604637226183,3
sp500,Communication Services,2023-09-12,103.3059758620426,3
sp500,Communication Services,2023-09-13,103.85349140170167,3
sp500,Communication Services,2023-09-14,105.43134839783575,3
sp500,Communication Services,2023-09-15,105.39180962185218,3
sp500,Communication Services,2023-09-18,105.00566454213684,3
sp500,Communication Services,2023-09-19,105.10524932541634,3
sp500,Communication Services,2023-09-20,105.0068481328245,3
sp500,Communication Services,2023-09-21,103.28001223847558,3
sp500,Communication Services,2023-09-22,102.79227906899082,3
sp500,Communication Services,2023-09-25,102.75899958486339,3
sp500,Communication Services,2023-09-26,101.82883753543128,3
sp500,Communication Services,2023-09-27,101.40289935914362,3
sp500,Communication Services,2023-09-28,102.33592795673718,3
sp500,Communication Services,2023-09-29,101.83810094558137,3
sp500,Communication Services,2023-10-02,101.22491247943277,3
sp500,Communication Services,2023-10-03,101.27405851920521,3
sp500,Communication Services,2023-10-04,101.22897876663595,3
sp500,Communication Services,2023-10-05,101.90070985253499,3
sp500,Communication Services,2023-10-06,100.62610930435245,3
sp500,Communication Services,2023-10-09,102.13320716983321,3
sp500,Communication Services,2023-10-10,102.9118210497297,3
sp500,Communication Services,2023-10-11,102.7708075099159,3
sp500,Communication Services,2023-10-12,101.04461287775351,3
sp500,Communication Services,2023-10-13,100.18310337574978,3
sp500,Communication Services,2023-10-16,101.35392246905866,3
sp500,Communication Services,2023-10-17,102.1841653346673,3
sp500,Communication Services,2023-10-18,100.65045536356311,3
sp500,Communication Services,2023-10-19,103.3743765377654,3
sp500,Communication Services,2023-10-20,103.09661247516956,3
sp500,Communication Services,2023-10-23,102.16795566566708,3
sp500,Communication Services,2023-10-24,107.22267171505271,3
sp500,Communication Services,2023-10-25,102.40582227905715,3
sp500,Communication Services,2023-10-26,102.13388126581526,3
sp500,Communication Services,2023-10-27,100.41047440733367,3
sp500,Communication Services,2023-10-30,103.21263345170348,3
sp500,Communication Services,2023-10-31,103.93004848153701,3
sp500,Communication Services,2023-11-01,105.26293832439966,3
sp500,Communication Services,2023-11-02,106.38492190457201,3
sp500,Communication Services,2023-11-03,107.28944374743077,3
sp500,Communication Services,2023-11-06,106.93795088487484,3
sp500,Communication Services,2023-11-07,107.6387374853013,3
sp500,Communication Services,2023-11-08,107.27698762778606,3
sp500,Communication Services,2023-11-09,106.64736905892698,3
sp500,Communication Services,2023-11-10,107.40136686151878,3
sp500,Communication Services,2023-11-13,107.23929889253199,3
sp500,Communication Services,2023-11-14,107.82794747816939,3
sp500,Communication Services,2023-11-15,108.5160949191805,3
sp500,Communication Services,2023-11-16,109.59306682668415,3
sp500,Communication Services,2023-11-17,109.25736664294786,3
sp500,Communication Services,2023-11-20,110.47108528489593,3
sp500,Communication Services,2023-11-21,111.39285091223402,3
sp500,Communication Services,2023-11-22,111.85871496635498,3
sp500,Communication Services,2023-11-24,111.52622493255353,3
sp500,Communication Services,2023-11-27,111.39044890094556,3
sp500,Communication Services,2023-11-28,111.65606335217065,3
sp500,Communication Services,2023-11-29,111.62063618721993,3
sp500,Communication Services,2023-11-30,112.12055739144611,3
sp500,Communication Services,2023-12-01,112.6039240181359,3
sp500,Communication Services,2023-12-04,111.11734431045215,3
sp500,Communication Services,2023-12-05,113.22517809103263,3
sp500,Communication Services,2023-12-06,112.41060029713277,3
sp500,Communication Services,2023-12-07,114.87975463623292,3
sp500,Communication Services,2023-12-08,113.56000070974524,3
sp500,Communication Services,2023-12-11,111.83814669896022,3
sp500,Communication Services,2023-12-12,110.78558775184621,3
sp500,Communication Services,2023-12-13,110.58262825160821,3
sp500,Communication Services,2023-12-14,111.73253571372015,3
sp500,Communication Services,2023-12-15,111.1363115495418,3
sp500,Communication Services,2023-12-18,112.19316123826569,3
sp500,Communication Services,2023-12-19,112.66877196919813,3
sp500,Communication Services,2023-12-20,112.388517322568,3
sp500,Communication Services,2023-12-21,113.28794506870284,3
sp500,Communication Services,2023-12-22,113.77363370690423,3
sp500,Communication Services,2023-12-26,113.81738773358443,3
sp500,Communication Services,2023-12-27,113.35990580616404,3
sp500,Communication Services,2023-12-28,113.86916625920136,3
sp500,Communication Services,2023-12-29,114.02631486709511,3
sp500,Communication Services,2024-01-02,115.86700243852368,3
sp500,Communication Services,2024-01-03,116.31001079067758,3
sp500,Communication Services,2024-01-04,115.63183113400146,3
sp500,Communication Services,2024-01-05,116.97708694977827,3
sp500,Communication Services,2024-01-08,117.43873298111112,3
sp500,Communication Services,2024-01-09,116.16260352950067,3
sp500,Communication Services,2024-01-10,116.38489374700367,3
sp500,Communication Services,2024-01-11,113.68719361719681,3
sp500,Communication Services,2024-01-12,115.0828777004971,3
sp500,Communication Services,2024-01-16,115.67297870738831,3
sp500,Communication Services,2024-01-17,114.91443081731157,3
sp500,Communication Services,2024-01-18,115.50430148233315,3
sp500,Communication Services,2024-01-19,117.30196709811736,3
sp500,Communication Services,2024-01-22,117.75125577796504,3
sp500,Communication Services,2024-01-23,121.57265687443348,3
sp500,Communication Services,2024-01-24,119.9162363895328,3
sp500,Communication Services,2024-01-25,122.94456918999641,3
sp500,Communication Services,2024-01-26,123.39991673738105,3
sp500,Communication Services,2024-01-29,123.32196982455486,3
sp500,Communication Services,2024-01-30,123.85085585541692,3
sp500,Communication Services,2024-01-31,121.01460152988852,3
sp500,Communication Services,2024-02-01,122.25125287955838,3
sp500,Communication Services,2024-02-02,121.78381441425053,3
sp500,Communication Services,2024-02-05,121.20411625539668,3
sp500,Communication Services,2024-02-06,120.7753975134454,3
sp500,Communication Services,2024-02-07,119.87150862400975,3
sp500,Communication Services,2024-02-08,118.29304471704387,3
sp500,Communication Services,2024-02-09,118.9872601935324,3
sp500,Communication Services,2024-02-12,119.39935168551602,3
sp500,Communication Services,2024-02-13,118.5037580669257,3
sp500,Communication Services,2024-02-14,118.76454777702634,3
sp500,Communication Services,2024-02-15,118.75988564431515,3
sp500,Communication Services,2024-02-16,117.76052376301142,3
sp500,Communication Services,2024-02-20,117.79903549026356,3
sp500,Communication Services,2024-02-21,118.98764178593248,3
sp500,Communication Services,2024-02-22,118.10249803700614,3
sp500,Communication Services,2024-02-23,118.49764550091608,3
sp500,Communication Services,2024-02-26,115.3318458994305,3
sp500,Communication Services,2024-02-27,116.46304779213918,3
sp500,Communication Services,2024-02-28,116.22936488939342,3
sp500,Communication Services,2024-02-29,116.67443645265345,3
sp500,Communication Services,2024-03-01,116.59344724868872,3
sp500,Communication Services,2024-03-04,115.21374510266868,3
sp500,Communication Services,2024-03-05,115.90182756048699,3
sp500,Communication Services,2024-03-06,115.15236351479703,3
sp500,Communication Services,2024-03-07,115.34790599781522,3
sp500,Communication Services,2024-03-08,115.96142648047643,3
sp500,Communication Services,2024-03-11,117.50527513689588,3
sp500,Communication Services,2024-03-12,117.44760076300797,3
sp500,Communication Services,2024-03-13,117.91629598696348,3
sp500,Communication Services,2024-03-14,117.95703250024106,3
sp500,Communication Services,2024-03-15,117.2451131922642,3
sp500,Communication Services,2024-03-18,120.05295002113792,3
sp500,Communication Services,2024-03-19,119.61619762750706,3
sp500,Communication Services,2024-03-20,120.32243835191363,3
sp500,Communication Services,2024-03-21,120.31838846226768,3
sp500,Communication Services,2024-03-22,120.59086890554056,3
sp500,Communication Services,2024-03-25,121.23352549000977,3
sp500,Communication Services,2024-03-26,121.51694307696286,3
sp500,Communication Services,2024-03-27,123.12724985158081,3
sp500,Communication Services,2024-03-28,123.6754713757386,3
sp500,Communication Services,2024-04-01,125.00115830515108,3
sp500,Communication Services,2024-04-02,125.05579509534073,3
sp500,Communication Services,2024-04-03,125.660996758931,3
sp500,Communication Services,2024-04-04,123.99756691824393,3
sp500,Communication Services,2024-04-05,123.86430871762539,3
sp500,Communication Services,2024-04-08,123.71533005036699,3
sp500,Communication Services,2024-04-09,122.46513773009804,3
sp500,Communication Services,2024-04-10,121.61473625362842,3
sp500,Communication Services,2024-04-11,121.35240104691015,3
sp500,Communication Services,2024-04-12,120.21192158481352,3
sp500,Communication Services,2024-04-15,119.70427738669942,3
sp500,Communication Services,2024-04-16,118.87897262059495,3
sp500,Communication Services,2024-04-17,119.23743464401983,3
sp500,Communication Services,2024-04-18,120.2429632335138,3
sp500,Communication Services,2024-04-19,120.5510515194678,3
sp500,Communication Services,2024-04-22,118.75967509513907,3
sp500,Communication Services,2024-04-23,120.85049214156854,3
sp500,Communication Services,2024-04-24,121.61569915883817,3
sp500,Communication Services,2024-04-25,119.98649580290733,3
sp500,Communication Services,2024-04-26,124.95495974252886,3
sp500,Communication Services,2024-04-29,124.6517912557842,3
sp500,Communication Services,2024-04-30,122.86979952463213,3
sp500,Communication Services,2024-05-01,122.91351326094744,3
sp500,Communication Services,2024-05-02,123.07926863899785,3
sp500,Communication Services,2024-05-03,123.26295326173569,3
sp500,Communication Services,2024-05-06,124.28048517219598,3
sp500,Communication Services,2024-05-07,125.25515580382442,3
sp500,Communication Services,2024-05-08,125.05313400016165,3
sp500,Communication Services,2024-05-09,125.69372003449888,3
sp500,Communication Services,2024-05-10,125.98870825905912,3
sp500,Communication Services,2024-05-13,126.47638950500986,3
sp500,Communication Services,2024-05-14,126.82119808479094,3
sp500,Communication Services,2024-05-15,127.43304106897529,3
sp500,Communication Services,2024-05-16,127.5189315957341,3
sp500,Communication Services,2024-05-17,128.02277449085793,3
sp500,Communication Services,2024-05-20,128.58944572666567,3
sp500,Communication Services,2024-05-21,127.66894416081576,3
sp500,Communication Services,2024-05-22,128.06655968665996,3
sp500,Communication Services,2024-05-23,126.92221016614684,3
sp500,Communication Services,2024-05-24,127.67852574979051,3
sp500,Communication Services,2024-05-28,127.05513642493437,3
sp500,Communication Services,2024-05-29,126.28747894421653,3
sp500,Communication Services,2024-05-30,127.9341497136241,3
sp500,Communication Services,2024-05-31,130.34998845870786,3
sp500,Communication Services,2024-06-03,129.83845278683205,3
sp500,Communication Services,2024-06-04,131.42299988426993,3
sp500,Communication Services,2024-06-05,131.49062981116074,3
sp500,Communication Services,2024-06-06,131.75136562461412,3
sp500,Communication Services,2024-06-07,130.34041585135898,3
sp500,Communication Services,2024-06-10,129.33884162482985,3
sp500,Communication Services,2024-06-11,129.74612532823335,3
sp500,Communication Services,2024-06-12,128.73174976045874,3
sp500,Communication Services,2024-06-13,128.25397701820114,3
sp500,Communication Services,2024-06-14,128.46100725328535,3
sp500,Communication Services,2024-06-17,128.41615429074506,3
sp500,Communication Services,2024-06-18,129.49001367964317,3
sp500,Communication Services,2024-06-20,130.10409667663956,3
sp500,Communication Services,2024-06-21,131.61770456799027,3
sp500,Communication Services,2024-06-24,133.12761018627853,3
sp500,Communication Services,2024-06-25,134.31676639502365,3
sp500,Communication Services,2024-06-26,134.38256605057975,3
sp500,Communication Services,2024-06-27,134.51300165977202,3
sp500,Communication Services,2024-06-28,135.0468590231375,3
sp500,Communication Services,2024-07-01,135.49400015161223,3
sp500,Communication Services,2024-07-02,134.97608540349987,3
sp500,Communication Services,2024-07-03,134.8041640991894,3
sp500,Communication Services,2024-07-05,136.3404689010379,3
sp500,Communication Services,2024-07-08,136.34927460111348,3
sp500,Communication Services,2024-07-09,136.06138115053753,3
sp500,Communication Services,2024-07-10,136.20302797685878,3
sp500,Communication Services,2024-07-11,135.40464226439278,3
sp500,Communication Services,2024-07-12,135.3054425978254,3
sp500,Communication Services,2024-07-15,134.41304085184868,3
sp500,Communication Services,2024-07-16,135.1621615085009,3
sp500,Communication Services,2024-07-17,135.82313227026356,3
sp500,Communication Services,2024-07-18,135.00973386046934,3
sp500,Communication Services,2024-07-19,134.45026167312002,3
sp500,Communication Services,2024-07-22,131.40143702756026,3
sp500,Communication Services,2024-07-23,130.40345379910957,3
sp500,Communication Services,2024-07-24,131.35270282978524,3
sp500,Communication Services,2024-07-25,130.373377463034,3
sp500,Communication Services,2024-07-26,130.04529855810952,3
sp500,Communication Services,2024-07-29,130.38630187611682,3
sp500,Communication Services,2024-07-30,130.77596639341033,3
sp500,Communication Services,2024-07-31,132.2386495811535,3
sp500,Communication Services,2024-08-01,132.90097018939616,3
sp500,Communication Services,2024-08-02,131.73991901400274,3
sp500,Communication Services,2024-08-05,127.49054067633925,3
sp500,Communication Services,2024-08-06,128.35477709819367,3
sp500,Communication Services,2024-08-07,128.68549721222206,3
sp500,Communication Services,2024-08-08,130.10926484764306,3
sp500,Communication Services,2024-08-09,130.99561078888124,3
sp500,Communication Services,2024-08-12,130.2572799006939,3
sp500,Communication Services,2024-08-13,131.22652163614057,3
sp500,Communication Services,2024-08-14,130.59184815936976,3
sp500,Communication Services,2024-08-15,128.7314960957656,3
sp500,Communication Services,2024-08-16,130.34591877170672,3
sp500,Communication Services,2024-08-19,131.8111548117213,3
sp500,Communication Services,2024-08-20,132.06422678970782,3
sp500,Communication Services,2024-08-21,132.04248195273223,3
sp500,Communication Services,2024-08-22,131.2378663021667,3
sp500,Communication Services,2024-08-23,132.5811453627887,3
sp500,Communication Services,2024-08-26,133.09271501055767,3
sp500,Communication Services,2024-08-27,132.40781609972916,3
sp500,Communication Services,2024-08-28,132.34179156984982,3
sp500,Communication Services,2024-08-29,131.66321815340197,3
sp500,Communication Services,2024-08-30,132.97210223406836,3
sp500,Communication Services,2024-09-03,133.739427922835,3
sp500,Communication Services,2024-09-04,132.28139017920822,3
sp500,Communication Services,2024-09-05,132.49482311875838,3
sp500,Communication Services,2024-09-06,131.2330229344764,3
sp500,Communication Services,2024-09-09,133.37766946337638,3
sp500,Communication Services,2024-09-10,134.75420442292216,3
sp500,Communication Services,2024-09-11,135.12600473349167,3
sp500,Communication Services,2024-09-12,136.53354036613757,3
sp500,Communication Services,2024-09-13,138.0453557406326,3
sp500,Communication Services,2024-09-16,140.15065785698607,3
sp500,Communication Services,2024-09-17,138.5400759756467,3
sp500,Communication Services,2024-09-18,138.36655688352877,3
sp500,Communication Services,2024-09-19,138.31674642070823,3
sp500,Communication Services,2024-09-20,139.52681800396002,3
sp500,Communication Services,2024-09-23,138.85072924970288,3
sp500,Communication Services,2024-09-24,139.61021370383145,3
sp500,Communication Services,2024-09-25,139.20152787988067,3
sp500,Communication Services,2024-09-26,139.82441290648697,3
sp500,Communication Services,2024-09-27,140.99406936497058,3
sp500,Communication Services,2024-09-30,141.77427068749552,3
sp500,Communication Services,2024-10-01,142.69404259259792,3
sp500,Communication Services,2024-10-02,142.33280671793767,3
sp500,Communication Services,2024-10-03,141.4753044318357,3
sp500,Communication Services,2024-10-04,141.1569283949526,3
sp500,Communication Services,2024-10-07,139.3665177523861,3
sp500,Communication Services,2024-10-08,140.11634928407503,3
sp500,Communication Services,2024-10-09,139.65602443473898,3
sp500,Communication Services,2024-10-10,136.98792091237732,3
sp500,Communication Services,2024-10-11,137.69066820518293,3
sp500,Communication Services,2024-10-14,138.14081487968903,3
sp500,Communication Services,2024-10-15,139.40824350543073,3
sp500,Communication Services,2024-10-16,139.936664079513,3
sp500,Communication Services,2024-10-17,139.28608304803782,3
sp500,Communication Services,2024-10-18,139.83034778390953,3
sp500,Communication Services,2024-10-21,139.3031609454778,3
sp500,Communication Services,2024-10-22,136.92532149271364,3
sp500,Communication Services,2024-10-23,139.87043415637302,3
sp500,Communication Services,2024-10-24,138.16425105112444,3
sp500,Communication Services,2024-10-25,137.59029939940933,3
sp500,Communication Services,2024-10-28,138.84694701913352,3
sp500,Communication Services,2024-10-29,139.4927013582948,3
sp500,Communication Services,2024-10-30,140.4108985959991,3
sp500,Communication Services,2024-10-31,141.58117258651714,3
sp500,Communication Services,2024-11-01,139.88888097079496,3
sp500,Communication Services,2024-11-04,138.57099115699677,3
sp500,Communication Services,2024-11-05,139.20637836494603,3
sp500,Communication Services,2024-11-06,141.51283151453094,3
sp500,Communication Services,2024-11-07,141.37803000069997,3
sp500,Communication Services,2024-11-08,141.2892075466004,3
sp500,Communication Services,2024-11-11,141.70755671843688,3
sp500,Communication Services,2024-11-12,141.65470398650214,3
sp500,Communication Services,2024-11-13,142.1269986737078,3
sp500,Communication Services,2024-11-14,140.83585905276166,3
sp500,Communication Services,2024-11-15,141.81288573336047,3
sp500,Communication Services,2024-11-18,143.910058013266,3
sp500,Communication Services,2024-11-19,143.77590653067273,3
sp500,Communication Services,2024-11-20,143.74242737802552,3
sp500,Communication Services,2024-11-21,142.10154344166088,3
sp500,Communication Services,2024-11-22,142.42725464180987,3
sp500,Communication Services,2024-11-25,144.00936477051846,3
sp500,Communication Services,2024-11-26,144.83516332691812,3
sp500,Communication Services,2024-11-27,145.25380698581452,3
sp500,Communication Services,2024-11-29,144.90117839047554,3
sp500,Communication Services,2024-12-02,144.13423025014595,3
sp500,Communication Services,2024-12-03,146.27146073628447,3
sp500,Communication Services,2024-12-04,145.24512773414867,3
sp500,Communication Services,2024-12-05,145.41621501348075,3
sp500,Communication Services,2024-12-06,145.89405997920454,3
sp500,Communication Services,2024-12-09,145.0276890834043,3
sp500,Communication Services,2024-12-10,147.95028541356697,3
sp500,Communication Services,2024-12-11,150.2505118076326,3
sp500,Communication Services,2024-12-12,149.2201857467555,3
sp500,Communication Services,2024-12-13,149.4769829180542,3
sp500,Communication Services,2024-12-16,147.95677959203493,3
sp500,Communication Services,2024-12-17,147.5035680233421,3
sp500,Communication Services,2024-12-18,144.33248287988823,3
sp500,Communication Services,2024-12-19,144.23037632354288,3
sp500,Communication Services,2024-12-20,145.30529054805075,3
sp500,Communication Services,2024-12-23,146.3238312555621,3
sp500,Communication Services,2024-12-24,146.75865914743633,3
sp500,Communication Services,2024-12-26,146.84941470984657,3
sp500,Communication Services,2024-12-27,145.87649599512545,3
sp500,Communication Services,2024-12-30,144.57150654299596,3
sp500,Communication Services,2024-12-31,144.89827382205638,3
sp500,Communication Services,2025-01-02,145.32442054628132,3
sp500,Communication Services,2025-01-03,145.64866687835362,3
sp500,Communication Services,2025-01-06,146.00087184393365,3
sp500,Communication Services,2025-01-07,143.9505985362094,3
sp500,Communication Services,2025-01-08,143.55402810245525,3
sp500,Communication Services,2025-01-10,140.6370668981457,3
sp500,Communication Services,2025-01-13,140.48901216492416,3
sp500,Communication Services,2025-01-14,140.87588789859103,3
sp500,Communication Services,2025-01-15,142.44849382324657,3
sp500,Communication Services,2025-01-16,142.24483321610165,3
sp500,Communication Services,2025-01-17,144.12984481448825,3
sp500,Communication Services,2025-01-21,145.36074162969138,3
sp500,Communication Services,2025-01-22,144.9858490569139,3
sp500,Communication Services,2025-01-23,145.6309211214,3
sp500,Communication Services,2025-01-24,147.03312046648608,3
sp500,Communication Services,2025-01-27,149.40348573788248,3
sp500,Communication Services,2025-01-28,150.5519091752879,3
sp500,Communication Services,2025-01-29,150.08146747569114,3
sp500,Communication Services,2025-01-30,150.039701200937,3
sp500,Communication Services,2025-01-31,150.11880302521644,3
sp500,Communication Services,2025-02-03,151.28054558593843,3
sp500,Communication Services,2025-02-04,152.3566833375477,3
sp500,Communication Services,2025-02-05,149.52216667622204,3
sp500,Communication Services,2025-02-06,149.31578897398484,3
sp500,Communication Services,2025-02-07,147.79806921768204,3
sp500,Communication Services,2025-02-10,148.8273403629318,3
sp500,Communication Services,2025-02-11,149.77065891082765,3
sp500,Communication Services,2025-02-12,149.7761728854074,3
sp500,Communication Services,2025-02-13,151.62386938045898,3
sp500,Communication Services,2025-02-14,151.78848106168053,3
sp500,Communication Services,2025-02-18,152.04004768400193,3
sp500,Communication Services,2025-02-19,153.78057273042097,3
sp500,Communication Services,2025-02-20,153.9940081949256,3
sp500,Communication Services,2025-02-21,153.87995184212005,3
sp500,Communication Services,2025-02-24,154.6658744187635,3
sp500,Communication Services,2025-02-25,153.8549194673761,3
sp500,Communication Services,2025-02-26,152.2926839490737,3
sp500,Communication Services,2025-02-27,151.78581626908064,3
sp500,Communication Services,2025-02-28,153.08075382408097,3
sp500,Communication Services,2025-03-03,153.58956732065258,3
sp500,Communication Services,2025-03-04,150.8507897941161,3
sp500,Communication Services,2025-03-05,151.35670355923583,3
sp500,Communication Services,2025-03-06,153.85824125835094,3
sp500,Communication Services,2025-03-07,157.17779849054162,3
sp500,Communication Services,2025-03-10,155.56823530525068,3
sp500,Communication Services,2025-03-11,149.1687985586177,3
sp500,Communication Services,2025-03-12,148.58325770226116,3
sp500,Communication Services,2025-03-13,149.30894616683327,3
sp500,Communication Services,2025-03-14,150.9190664604254,3
sp500,Communication Services,2025-03-17,151.11981241192126,3
sp500,Communication Services,2025-03-18,150.266163723962,3
sp500,Communication Services,2025-03-19,151.37451587955994,3
sp500,Communication Services,2025-03-20,150.7267495105617,3
sp500,Communication Services,2025-03-21,151.80096023653405,3
sp500,Communication Services,2025-03-24,152.3325525033157,3
sp500,Communication Services,2025-03-25,153.78229333196558,3
sp500,Communication Services,2025-03-26,153.580768038018,3
sp500,Communication Services,2025-03-27,154.6282868448239,3
sp500,Communication Services,2025-03-28,152.04437494954516,3
sp500,Communication Services,2025-03-31,152.811071179203,3
sp500,Communication Services,2025-04-01,153.99418491503943,3
sp500,Communication Services,2025-04-02,152.6476387082115,3
sp500,Communication Services,2025-04-03,152.43248367558354,3
sp500,Communication Services,2025-04-04,144.33958421924203,3
sp500,Communication Services,2025-04-07,144.55959201372036,3
sp500,Communication Services,2025-04-08,142.6322296437176,3
sp500,Communication Services,2025-04-09,148.191382877163,3
sp500,Communication Services,2025-04-10,146.2434289304561,3
sp500,Communication Services,2025-04-11,149.28032807100382,3
sp500,Communication Services,2025-04-14,151.3016248664263,3
sp500,Communication Services,2025-04-15,151.18772920755563,3
sp500,Communication Services,2025-04-16,148.36160169750576,3
sp500,Communication Services,2025-04-17,148.3872623697827,3
sp500,Communication Services,2025-04-21,144.5047049612573,3
sp500,Communication Services,2025-04-22,147.18846819492322,3
sp500,Communication Services,2025-04-23,148.3071843091379,3
sp500,Communication Services,2025-04-24,150.30331971511964,3
sp500,Communication Services,2025-04-25,148.78271476963243,3
sp500,Communication Services,2025-04-28,149.76976333920294,3
sp500,Communication Services,2025-04-29,150.36266246561266,3
sp500,Communication Services,2025-04-30,151.9667602813037,3
sp500,Communication Services,2025-05-01,151.7807380066102,3
sp500,Communication Services,2025-05-02,153.09623874894157,3
sp500,Communication Services,2025-05-05,152.73406549762242,3
sp500,Communication Services,2025-05-06,154.34642009838836,3
sp500,Communication Services,2025-05-07,150.19879116469102,3
sp500,Communication Services,2025-05-08,149.71602837079095,3
sp500,Communication Services,2025-05-09,149.89330432165056,3
sp500,Communication Services,2025-05-12,149.57255959171053,3
sp500,Communication Services,2025-05-13,148.4697063216464,3
sp500,Communication Services,2025-05-14,149.91458195495184,3
sp500,Communication Services,2025-05-15,152.50396984960614,3
sp500,Communication Services,2025-05-16,154.5170447388259,3
sp500,Communication Services,2025-05-19,155.55760855426544,3
sp500,Communication Services,2025-05-20,154.21109576488325,3
sp500,Communication Services,2025-05-21,154.52683726422933,3
sp500,Communication Services,2025-05-22,154.05275432676478,3
sp500,Communication Services,2025-05-23,153.91601411818462,3
sp500,Communication Services,2025-05-27,155.42215691404058,3
sp500,Communication Services,2025-05-28,155.02775817615804,3
sp500,Communication Services,2025-05-29,154.89198430438427,3
sp500,Communication Services,2025-05-30,156.39861702840057,3
sp500,Communication Services,2025-06-02,155.9857920128843,3
sp500,Communication Services,2025-06-03,154.84661470080692,3
sp500,Communication Services,2025-06-04,153.62501143707883,3
sp500,Communication Services,2025-06-05,154.49348105859707,3
sp500,Communication Services,2025-06-06,157.35642556728737,3
sp500,Communication Services,2025-06-09,157.4936811202326,3
sp500,Communication Services,2025-06-10,159.87452181136567,3
sp500,Communication Services,2025-06-11,158.8805655078869,3
sp500,Communication Services,2025-06-12,157.55476546815035,3
sp500,Communication Services,2025-06-13,156.91574507183032,3
sp500,Communication Services,2025-06-16,156.5161752583758,3
sp500,Communication Services,2025-06-17,154.87933901660185,3
sp500,Communication Services,2025-06-18,153.90428166605724,3
sp500,Communication Services,2025-06-20,152.16800631880466,3
sp500,Communication Services,2025-06-23,153.31486141070815,3
sp500,Communication Services,2025-06-24,154.27438653950972,3
sp500,Communication Services,2025-06-25,154.21021210373092,3
sp500,Communication Services,2025-06-26,155.1944325553049,3
sp500,Communication Services,2025-06-27,157.08778099997323,3
sp500,Communication Services,2025-06-30,159.20498107766736,3
sp500,Communication Services,2025-07-01,159.48035620246552,3
sp500,Communication Services,2025-07-02,159.16811011354815,3
sp500,Communication Services,2025-07-03,159.4774597894502,3
sp500,Communication Services,2025-07-07,157.84437503904635,3
sp500,Communication Services,2025-07-08,157.2185699025166,3
sp500,Communication Services,2025-07-09,156.99819834198237,3
sp500,Communication Services,2025-07-10,155.68821417245942,3
sp500,Communication Services,2025-07-11,154.71155468509338,3
sp500,Communication Services,2025-07-14,155.41739708326267,3
sp500,Communication Services,2025-07-15,154.8772048722754,3
sp500,Communication Services,2025-07-16,155.0060983276221,3
sp500,Communication Services,2025-07-17,154.87927066487174,3
sp500,Communication Services,2025-07-18,155.0611572540742,3
sp500,Communication Services,2025-07-21,159.40124673233873,3
sp500,Communication Services,2025-07-22,160.41318693482782,3
sp500,Communication Services,2025-07-23,160.5971563673993,3
sp500,Communication Services,2025-07-24,161.77093973863546,3
sp500,Communication Services,2025-07-25,162.2088569814802,3
sp500,Communication Services,2025-07-28,160.36482968360528,3
sp500,Communication Services,2025-07-29,161.3184167153963,3
sp500,Communication Services,2025-07-30,161.5707522340812,3
sp500,Communication Services,2025-07-31,160.32796956185385,3
sp500,Communication Services,2025-08-01,160.36944739798554,3
sp500,Communication Services,2025-08-04,161.99229156514312,3
sp500,Communication Services,2025-08-05,161.71340348211925,3
sp500,Communication Services,2025-08-06,161.15884139358423,3
sp500,Communication Services,2025-08-07,163.15159291915285,3
sp500,Communication Services,2025-08-08,164.79959733828912,3
sp500,Communication Services,2025-08-11,164.84061968787117,3
sp500,Communication Services,2025-08-12,166.23326672006482,3
sp500,Communication Services,2025-08-13,166.29090638893143,3
sp500,Communication Services,2025-08-14,166.9766906539042,3
sp500,Communication Services,2025-08-15,168.41914078781286,3
sp500,Communication Services,2025-08-18,168.59658180244853,3
sp500,Communication Services,2025-08-19,168.876499210684,3
sp500,Communication Services,2025-08-20,168.9811981225513,3
sp500,Communication Services,2025-08-21,169.37300565319373,3
sp500,Communication Services,2025-08-22,169.14035048722445,3
sp500,Communication Services,2025-08-25,169.47170846888955,3
sp500,Communication Services,2025-08-26,168.40727458147495,3
sp500,Communication Services,2025-08-27,169.87804739560494,3
sp500,Communication Services,2025-08-28,170.34468226958998,3
sp500,Communication Services,2025-08-29,171.7598948469751,3
sp500,Communication Services,2025-09-01,147.15363945142047,3
sp500,Communication Services,2025-09-02,176.20322387465146,3
sp500,Communication Services,2025-09-03,181.40825131423907,3
sp500,Communication Services,2025-09-04,183.57090653391418,3
sp500,Communication Services,2025-09-05,184.57980701257793,3
sp500,Communication Services,2025-09-08,181.42419957857342,3
sp500,Communication Services,2025-09-09,184.3057576257754,3
sp500,Communication Services,2025-09-10,183.61561751883906,3
sp500,Communication Services,2025-09-11,185.4453301911627,3
sp500,Communication Services,2025-09-12,185.4855336695626,3
sp500,Communication Services,2025-09-15,188.2250701498981,3
sp500,Communication Services,2025-09-16,187.31265409332283,3
sp500,Communication Services,2025-09-17,188.02539657402173,3
sp500,Communication Services,2025-09-18,187.16640639602647,3
sp500,Communication Services,2025-09-19,187.1549077151305,3
sp500,Communication Services,2025-09-22,185.96586468605818,3
sp500,Communication Services,2025-09-23,185.74654562891644,3
sp500,Communication Services,2025-09-24,183.38091237747466,3
sp500,Communication Services,2025-09-25,183.2444903638988,3
sp500,Communication Services,2025-09-26,183.81880871504984,3
sp500,Communication Services,2025-09-29,182.17471461760556,3
sp500,Communication Services,2025-09-30,183.28893445986174,3
sp500,Communication Services,2025-10-01,182.08170262606836,3
sp500,Communication Services,2025-10-02,180.49240323660655,3
sp500,Communication Services,2025-10-03,180.8948059822402,3
sp500,Communication Services,2025-10-06,176.4124717758317,3
sp500,Communication Services,2025-10-07,175.918326158349,3
sp500,Communication Services,2025-10-08,175.73474318936803,3
sp500,Communication Services,2025-10-09,173.96540443448336,3
sp500,Communication Services,2025-10-10,170.87171969773723,3
sp500,Communication Services,2025-10-13,171.93730152880872,3
sp500,Communication Services,2025-10-14,174.60532881747918,3
sp500,Communication Services,2025-10-15,175.55083187208183,3
sp500,Communication Services,2025-10-16,175.91388760565613,3
sp500,Communication Services,2025-10-17,176.9323315363669,3
sp500,Communication Services,2025-10-20,177.51527608456718,3
sp500,Communication Services,2025-10-21,175.27215489282452,3
sp500,Communication Services,2025-10-22,173.71282513317848,3
sp500,Communication Services,2025-10-23,169.88811378353526,3
sp500,Communication Services,2025-10-24,173.234088767728,3
sp500,Communication Services,2025-10-27,176.81698848700498,3
sp500,Communication Services,2025-10-28,176.95068022101134,3
sp500,Communication Services,2025-10-29,178.5662337875116,3
sp500,Communication Services,2025-10-30,177.12474857785182,3
sp500,Communication Services,2025-10-31,178.4134252558086,3
sp500,Communication Services,2025-11-03,178.0158271413797,3
sp500,Communication Services,2025-11-04,176.28009041472095,3
sp500,Communication Services,2025-11-05,178.5548511368644,3
sp500,Communication Services,2025-11-06,179.27811905560966,3
sp500,Communication Services,2025-11-07,178.56825745554298,3
sp500,Communication Services,2025-11-10,180.70645340900958,3
sp500,Communication Services,2025-11-11,183.09158938755272,3
sp500,Communication Services,2025-11-12,183.41699108604453,3
sp500,Communication Services,2025-11-13,182.38409179789323,3
sp500,Communication Services,2025-11-14,181.46100239986873,3
sp500,Communication Services,2025-11-17,182.98782478047764,3
sp500,Communication Services,2025-11-18,183.83984419807396,3
sp500,Communication Services,2025-11-19,184.46022149544459,3
sp500,Communication Services,2025-11-20,183.7210740751036,3
sp500,Communication Services,2025-11-21,187.5712879429648,3
sp500,Communication Services,2025-11-24,189.22464401271745,3
sp500,Communication Services,2025-11-25,191.3738152526638,3
sp500,Communication Services,2025-11-26,191.0425847621014,3
sp500,Communication Services,2025-11-27,198.11946812924367,3
sp500,Communication Services,2025-11-28,194.9230167547213,3
sp500,Communication Services,2025-12-01,192.73633678805572,3
sp500,Communication Services,2025-12-02,192.04643168042423,3
sp500,Communication Services,2025-12-03,192.41364313957817,3
sp500,Communication Services,2025-12-04,193.11807342535167,3
sp500,Communication Services,2025-12-05,194.24981363735202,3
sp500,Communication Services,2025-12-08,190.9954638747506,3
sp500,Communication Services,2025-12-09,189.04336008950625,3
sp500,Communication Services,2025-12-10,189.0115062205799,3
sp500,Communication Services,2025-12-11,187.7217239211007,3
sp500,Communication Services,2025-12-12,188.85623859068642,3
sp500,Communication Services,2025-12-15,187.8083917974825,3
sp500,Communication Services,2025-12-16,186.77849802877648,3
sp500,Communication Services,2025-12-17,185.72685595451472,3
sp500,Communication Services,2025-12-18,185.95855663863293,3
sp500,Communication Services,2025-12-19,185.73569755481395,3
sp500,Communication Services,2025-12-22,186.89710178642363,3
sp500,Communication Services,2025-12-23,188.13286542090876,3
sp500,Communication Services,2025-12-24,189.22212903437853,3
sp500,Communication Services,2025-12-25,207.0201589080503,3
sp500,Communication Services,2025-12-26,193.28581130976045,3
sp500,Communication Services,2025-12-29,193.4907443765814,3
sp500,Communication Services,2025-12-30,194.0050762851473,3
sp500,Communication Services,2025-12-31,193.95579697408428,3
sp500,Communication Services,2026-01-01,210.03913797790594,3
sp500,Communication Services,2026-01-02,197.75176273805047,3
sp500,Communication Services,2026-01-05,198.4281018388611,3
sp500,Communication Services,2026-01-06,197.09308738637063,3
sp500,Communication Services,2026-01-07,197.41403860885282,3
sp500,Communication Services,2026-01-08,199.39173959184316,3
sp500,Communication Services,2026-01-09,199.3557908438194,3
sp500,Communication Services,2026-01-12,198.31038639046216,3
sp500,Communication Services,2026-01-13,196.52673434792482,3
sp500,Communication Services,2026-01-14,198.7499868327581,3
sp500,Communication Services,2026-01-15,197.70130846525632,3
sp500,Communication Services,2026-01-16,195.73084717606102,3
sp500,Communication Services,2026-01-19,192.31004136142622,3
sp500,Communication Services,2026-01-20,196.02191357595856,3
sp500,Communication Services,2026-01-21,196.10798347646448,3
sp500,Communication Services,2026-01-22,197.16030948414044,3
sp500,Communication Services,2026-01-23,196.7358282429234,3
sp500,Communication Services,2026-01-26,197.57845794351752,3
sp500,Communication Services,2026-01-27,196.0708733141681,3
sp500,Communication Services,2026-01-28,199.54621504968432,3
sp500,Communication Services,2026-01-29,203.59396919344584,3
sp500,Communication Services,2026-01-30,214.4895974997717,3
sp500,Communication Services,2026-02-02,216.0832339984608,3
sp500,Communication Services,2026-02-03,219.34860650162057,3
sp500,Communication Services,2026-02-04,220.17730527420008,3
sp500,Communication Services,2026-02-05,220.16601255340342,3
sp500,Communication Services,2026-02-06,216.5925631367207,3
sp500,Communication Services,2026-02-09,217.97272386438752,3
sp500,Communication Services,2026-02-10,218.0625529763256,3
sp500,Communication Services,2026-02-11,221.55837044734778,3
sp500,Communication Services,2026-02-12,222.68788937119902,3
sp500,Communication Services,2026-02-13,220.94108406486063,3
sp500,Communication Services,2026-02-16,213.82847838707016,3
sp500,Communication Services,2026-02-17,224.90000963453616,3
sp500,Communication Services,2026-02-18,220.874554406056,3
sp500,Communication Services,2026-02-19,221.66208328422806,3
sp500,Communication Services,2026-02-20,225.8131337671685,3
sp500,Communication Services,2026-02-23,227.08900576828276,3
sp500,Communication Services,2026-02-24,226.76868556269886,3
sp500,Communication Services,2026-02-25,225.02002202750919,3
sp500,Communication Services,2026-02-26,222.07533750552741,3
sp500,Communication Services,2026-02-27,226.50546330525657,3
sp500,Communication Services,2026-03-02,224.99550775145502,3
sp500,Communication Services,2026-03-03,227.3788526366567,3
sp500,Communication Services,2026-03-04,228.57771422180258,3
sp500,Communication Services,2026-03-05,227.95611501345334,3
sp500,Communication Services,2026-03-06,226.40546915904372,3
sp500,Communication Services,2026-03-09,224.4734430799762,3
sp500,Communication Services,2026-03-10,225.51436641374224,3
sp500,Communication Services,2026-03-11,224.38427595864212,3
sp500,Communication Services,2026-03-12,223.69607513693995,3
sp500,Communication Services,2026-03-13,225.38704991611587,3
sp500,Communication Services,2026-03-16,225.6298568195519,3
sp500,Communication Services,2026-03-17,226.61062100413946,3
sp500,Communication Services,2026-03-18,223.24197420725582,3
sp500,Communication Services,2026-03-19,223.8373748257105,3
sp500,Communication Services,2026-03-20,224.6352832022087,3
sp500,Communication Services,2026-03-23,226.98810604160272,3
sp500,Communication Services,2026-03-24,224.8604628257053,3
sp500,Communication Services,2026-03-25,224.0361064461153,3
sp500,Communication Services,2026-03-26,222.30034977203945,3
sp500,Communication Services,2026-03-27,220.3979327680949,3
sp500,Communication Services,2026-03-30,219.35051041964067,3
sp500,Communication Services,2026-03-31,223.49742905800215,3
sp500,Communication Services,2026-04-01,223.09456523687703,3
sp500,Communication Services,2026-04-02,222.75706149300493,3
sp500,Communication Services,2026-04-03,206.57095137518704,3
sp500,Communication Services,2026-04-06,223.72856358894407,3
sp500,Communication Services,2026-04-07,224.63031061805526,3
sp500,Communication Services,2026-04-08,224.80176437839305,3
sp500,Communication Services,2026-04-09,223.27518808007437,3
sp500,Communication Services,2026-04-10,219.21904820607642,3
sp500,Communication Services,2026-04-13,216.82509674992048,3
sp500,Communication Services,2026-04-14,219.55808613726774,3
sp500,Communication Services,2026-04-15,219.30240118977667,3
sp500,Communication Services,2026-04-16,224.60372329832867,3
sp500,Communication Services,2026-04-17,225.80867101745002,3
sp500,Communication Services,2026-04-20,223.75539735617326,3
sp500,Communication Services,2026-04-21,221.49372341370187,3
sp500,Communication Services,2026-04-22,222.8782539185916,3
sp500,Communication Services,2026-04-23,226.58921616644494,3
sp500,Communication Services,2026-04-24,225.30990029391168,3
sp500,Communication Services,2026-04-27,225.821884089378,3
sp500,Communication Services,2026-04-28,227.51809717502437,3
sp500,Communication Services,2026-04-29,225.63922676793248,3
sp500,Communication Services,2026-04-30,236.53307429059728,3
sp500,Communication Services,2026-05-01,236.8165949847573,3
sp500,Communication Services,2026-05-04,235.3707237830499,3
sp500,Communication Services,2026-05-05,235.45060294355727,3
sp500,Communication Services,2026-05-06,236.55813904595794,3
sp500,Communication Services,2026-05-07,235.01050225300318,3
sp500,Communication Services,2026-05-08,235.46973811022934,3
sp500,Communication Services,2026-05-11,232.20034213333585,3
sp500,Communication Services,2026-05-12,234.2109675515235,3
sp500,Communication Services,2026-05-13,234.59963559513048,3
sp500,Communication Services,2026-05-14,233.7656465715745,3
sp500,Communication Services,2026-05-15,229.82975931157853,3
sp500,Communication Services,2026-05-18,231.78022455606012,3
sp500,Communication Services,2026-05-19,233.33257903887605,3
sp500,Communication Services,2026-05-20,233.55802546290474,3
sp500,Communication Services,2026-05-21,235.3207841076019,3
sp500,Communication Services,2026-05-22,234.25415386518353,3
sp500,Communication Services,2026-05-25,249.40239045206587,3
sp500,Communication Services,2026-05-26,234.30514443218436,3
sp500,Communication Services,2026-05-27,234.6917349085258,3
sp500,Communication Services,2026-05-28,234.54886527406939,3
sp500,Communication Services,2026-05-29,232.00984351500566,3
sp500,Communication Services,2026-06-01,230.29358888097727,3
sp500,Communication Services,2026-06-02,227.83866827569312,3
sp500,Communication Services,2026-06-03,221.9432266622209,3
sp500,Communication Services,2026-06-04,219.3903139184041,3
sp500,Communication Services,2026-06-05,219.4218503604044,3
sp500,Communication Services,2026-06-08,217.69496133228566,3
sp500,Communication Services,2026-06-09,219.10494046904284,3
sp500,Communication Services,2026-06-10,220.99953190665875,3
sp500,Communication Services,2026-06-11,220.60463987710662,3
sp500,Communication Services,2026-06-12,224.68446557523515,3
sp500,Communication Services,2026-06-15,224.15790888181758,3
sp500,Communication Services,2026-06-16,223.99008525008074,3
sp500,Communication Services,2026-06-17,218.3546035826346,3
sp500,Communication Services,2026-06-18,217.06192572805935,3
sp500,Communication Services,2026-06-19,236.95186527648642,3
sp500,Communication Services,2026-06-22,220.23039943283638,3
sp500,Communication Services,2026-06-23,220.4376693189863,3
sp500,Communication Services,2026-06-24,217.190913557955,3
sp500,Communication Services,2026-06-25,217.63954519604556,3
sp500,Communication Services,2026-06-26,218.01644189409782,3
sp500,Communication Services,2026-06-29,214.82996378751008,3
sp500,Communication Services,2026-06-30,209.04964925653036,3
sp500,Communication Services,2026-07-01,208.48177977925212,3
sp500,Communication Services,2026-07-02,209.51435551996386,3
sp500,Communication Services,2026-07-03,228.18792108070062,3
sp500,Communication Services,2026-07-06,211.44979611162717,3
sp500,Communication Services,2026-07-07,215.46201544926328,3
sp500,Communication Services,2026-07-08,214.32817084064618,3
sp500,Communication Services,2026-07-09,213.1060100221027,3
sp500,Communication Services,2026-07-10,212.86958714521208,3
sp500,Communication Services,2026-07-13,214.29565326652687,3
sp500,Communication Services,2026-07-14,214.46768558364778,3
sp500,Communication Services,2026-07-15,217.84648757423923,3
sp500,Communication Services,2026-07-16,218.26796417154105,3
sp500,Communication Services,2026-07-17,215.64596628530438,3
sp500,Communication Services,2026-07-20,217.04102644144746,3
sp500,Communication Services,2026-07-21,217.5336629037178,3
sp500,Communication Services,2026-07-22,219.862276705839,3
sp500,Communication Services,2026-07-23,213.60276490929516,3
sp500,Communication Services,2026-07-24,221.8500980008124,3
sp500,Communication Services,2026-07-27,225.814962539381,3
sp500,Communication Services,2026-07-28,229.58669901990666,3
sp500,Communication Services,2026-07-29,226.4998434758054,3
sp500,Communication Services,2026-07-30,221.73895540867377,3
sp500,Consumer Discretionary,2023-08-09,100.0,6
sp500,Consumer Discretionary,2023-08-10,100.39550274038838,6
sp500,Consumer Discretionary,2023-08-11,99.98635556861299,6
sp500,Consumer Discretionary,2023-08-14,99.0027798297424,6
sp500,Consumer Discretionary,2023-08-15,97.53212554929934,6
sp500,Consumer Discretionary,2023-08-16,96.89077686796405,6
sp500,Consumer Discretionary,2023-08-17,95.80287853837056,6
sp500,Consumer Discretionary,2023-08-18,95.7954255339586,6
sp500,Consumer Discretionary,2023-08-21,96.19242582667663,6
sp500,Consumer Discretionary,2023-08-22,95.77290872903117,6
sp500,Consumer Discretionary,2023-08-23,95.68567079398433,6
sp500,Consumer Discretionary,2023-08-24,94.81047003588431,6
sp500,Consumer Discretionary,2023-08-25,95.65541424824666,6
sp500,Consumer Discretionary,2023-08-28,96.6122879414683,6
sp500,Consumer Discretionary,2023-08-29,98.88709315873093,6
sp500,Consumer Discretionary,2023-08-30,99.07335608679381,6
sp500,Consumer Discretionary,2023-08-31,98.80394963926439,6
sp500,Consumer Discretionary,2023-09-01,98.02354045023634,6
sp500,Consumer Discretionary,2023-09-05,98.44699762514263,6
sp500,Consumer Discretionary,2023-09-06,97.79726267965592,6
sp500,Consumer Discretionary,2023-09-07,97.54342943700996,6
sp500,Consumer Discretionary,2023-09-08,97.33288821332208,6
sp500,Consumer Discretionary,2023-09-11,99.00070587966435,6
sp500,Consumer Discretionary,2023-09-12,98.83234326973329,6
sp500,Consumer Discretionary,2023-09-13,99.37169851826407,6
sp500,Consumer Discretionary,2023-09-14,100.83469170088424,6
sp500,Consumer Discretionary,2023-09-15,99.67276802959361,6
sp500,Consumer Discretionary,2023-09-18,98.49557029232146,6
sp500,Consumer Discretionary,2023-09-19,98.98294681963505,6
sp500,Consumer Discretionary,2023-09-20,98.35212708702409,6
sp500,Consumer Discretionary,2023-09-21,95.96204366016099,6
sp500,Consumer Discretionary,2023-09-22,94.66666155677991,6
sp500,Consumer Discretionary,2023-09-25,94.4028560198589,6
sp500,Consumer Discretionary,2023-09-26,93.29554812471751,6
sp500,Consumer Discretionary,2023-09-27,92.71172495965305,6
sp500,Consumer Discretionary,2023-09-28,93.13324762035592,6
sp500,Consumer Discretionary,2023-09-29,93.92771167832535,6
sp500,Consumer Discretionary,2023-10-02,92.90111967525911,6
sp500,Consumer Discretionary,2023-10-03,91.8529409436237,6
sp500,Consumer Discretionary,2023-10-04,92.7800126784236,6
sp500,Consumer Discretionary,2023-10-05,92.68928560101108,6
sp500,Consumer Discretionary,2023-10-06,92.98414725340075,6
sp500,Consumer Discretionary,2023-10-09,93.14621432815986,6
sp500,Consumer Discretionary,2023-10-10,94.55886829395372,6
sp500,Consumer Discretionary,2023-10-11,94.47198991173867,6
sp500,Consumer Discretionary,2023-10-12,94.32540287765934,6
sp500,Consumer Discretionary,2023-10-13,93.92654669693778,6
sp500,Consumer Discretionary,2023-10-16,95.00018254509855,6
sp500,Consumer Discretionary,2023-10-17,95.5688019344503,6
sp500,Consumer Discretionary,2023-10-18,94.50039845924351,6
sp500,Consumer Discretionary,2023-10-19,92.67616146642813,6
sp500,Consumer Discretionary,2023-10-20,92.00094790090127,6
sp500,Consumer Discretionary,2023-10-23,91.51824884438018,6
sp500,Consumer Discretionary,2023-10-24,92.6059549009156,6
sp500,Consumer Discretionary,2023-10-25,92.28960450348693,6
sp500,Consumer Discretionary,2023-10-26,90.66385562931228,6
sp500,Consumer Discretionary,2023-10-27,89.76683425292302,6
sp500,Consumer Discretionary,2023-10-30,89.90230276245494,6
sp500,Consumer Discretionary,2023-10-31,90.64500561751659,6
sp500,Consumer Discretionary,2023-11-01,90.70659951262424,6
sp500,Consumer Discretionary,2023-11-02,94.43303360687597,6
sp500,Consumer Discretionary,2023-11-03,95.74478439802004,6
sp500,Consumer Discretionary,2023-11-06,95.78463706645998,6
sp500,Consumer Discretionary,2023-11-07,96.19180575969243,6
sp500,Consumer Discretionary,2023-11-08,95.8857729475143,6
sp500,Consumer Discretionary,2023-11-09,93.39049525199907,6
sp500,Consumer Discretionary,2023-11-10,94.53495841664831,6
sp500,Consumer Discretionary,2023-11-13,94.47623590557328,6
sp500,Consumer Discretionary,2023-11-14,97.21126742407321,6
sp500,Consumer Discretionary,2023-11-15,100.50924517765,6
sp500,Consumer Discretionary,2023-11-16,100.37663624790751,6
sp500,Consumer Discretionary,2023-11-17,100.29128869616515,6
sp500,Consumer Discretionary,2023-11-20,99.89960229524334,6
sp500,Consumer Discretionary,2023-11-21,100.04055355941478,6
sp500,Consumer Discretionary,2023-11-22,100.02393328675443,6
sp500,Consumer Discretionary,2023-11-24,100.3402088499578,6
sp500,Consumer Discretionary,2023-11-27,100.04400388656853,6
sp500,Consumer Discretionary,2023-11-28,100.67612057546131,6
sp500,Consumer Discretionary,2023-11-29,100.21013400920957,6
sp500,Consumer Discretionary,2023-11-30,100.25619307508677,6
sp500,Consumer Discretionary,2023-12-01,101.28211598334657,6
sp500,Consumer Discretionary,2023-12-04,100.41176850506935,6
sp500,Consumer Discretionary,2023-12-05,100.37775226571277,6
sp500,Consumer Discretionary,2023-12-06,101.01361256425409,6
sp500,Consumer Discretionary,2023-12-07,101.0803625441028,6
sp500,Consumer Discretionary,2023-12-08,101.21470394956371,6
sp500,Consumer Discretionary,2023-12-11,102.20222269386066,6
sp500,Consumer Discretionary,2023-12-12,101.9703707246075,6
sp500,Consumer Discretionary,2023-12-13,103.0093137081193,6
sp500,Consumer Discretionary,2023-12-14,103.42526710665246,6
sp500,Consumer Discretionary,2023-12-15,102.66471009288696,6
sp500,Consumer Discretionary,2023-12-18,102.78852059511875,6
sp500,Consumer Discretionary,2023-12-19,104.03503505322938,6
sp500,Consumer Discretionary,2023-12-20,102.31706804391902,6
sp500,Consumer Discretionary,2023-12-21,103.64700407942445,6
sp500,Consumer Discretionary,2023-12-22,101.6002914403836,6
sp500,Consumer Discretionary,2023-12-26,102.1124906736134,6
sp500,Consumer Discretionary,2023-12-27,102.43607178784787,6
sp500,Consumer Discretionary,2023-12-28,102.452960096503,6
sp500,Consumer Discretionary,2023-12-29,102.28013150960264,6
sp500,Consumer Discretionary,2024-01-02,101.58906695539682,6
sp500,Consumer Discretionary,2024-01-03,99.65146568808343,6
sp500,Consumer Discretionary,2024-01-04,99.6513226799469,6
sp500,Consumer Discretionary,2024-01-05,99.78994549253075,6
sp500,Consumer Discretionary,2024-01-08,100.89271784650882,6
sp500,Consumer Discretionary,2024-01-09,100.07405285725757,6
sp500,Consumer Discretionary,2024-01-10,100.78177699925965,6
sp500,Consumer Discretionary,2024-01-11,100.3474399062722,6
sp500,Consumer Discretionary,2024-01-12,99.24392680362996,6
sp500,Consumer Discretionary,2024-01-16,98.7578205704506,6
sp500,Consumer Discretionary,2024-01-17,97.75011482890834,6
sp500,Consumer Discretionary,2024-01-18,98.22220944023736,6
sp500,Consumer Discretionary,2024-01-19,98.7396387449737,6
sp500,Consumer Discretionary,2024-01-22,98.39104292218931,6
sp500,Consumer Discretionary,2024-01-23,98.5026671356282,6
sp500,Consumer Discretionary,2024-01-24,97.96296583912188,6
sp500,Consumer Discretionary,2024-01-25,96.29040452696267,6
sp500,Consumer Discretionary,2024-01-26,96.57978533269221,6
sp500,Consumer Discretionary,2024-01-29,97.91467922911593,6
sp500,Consumer Discretionary,2024-01-30,98.10183756264777,6
sp500,Consumer Discretionary,2024-01-31,96.91572641991762,6
sp500,Consumer Discretionary,2024-02-01,98.19775487502562,6
sp500,Consumer Discretionary,2024-02-02,97.82833705956955,6
sp500,Consumer Discretionary,2024-02-05,96.18122347377616,6
sp500,Consumer Discretionary,2024-02-06,97.98530564478088,6
sp500,Consumer Discretionary,2024-02-07,98.98625528834499,6
sp500,Consumer Discretionary,2024-02-08,99.82686066126263,6
sp500,Consumer Discretionary,2024-02-09,99.8012022083281,6
sp500,Consumer Discretionary,2024-02-12,99.82964114181337,6
sp500,Consumer Discretionary,2024-02-13,98.14588488472353,6
sp500,Consumer Discretionary,2024-02-14,98.63385336884456,6
sp500,Consumer Discretionary,2024-02-15,100.30364439792405,6
sp500,Consumer Discretionary,2024-02-16,100.20702634135901,6
sp500,Consumer Discretionary,2024-02-20,99.71351559967225,6
sp500,Consumer Discretionary,2024-02-21,100.49283263136456,6
sp500,Consumer Discretionary,2024-02-22,101.49609750000216,6
sp500,Consumer Discretionary,2024-02-23,101.36097128502554,6
sp500,Consumer Discretionary,2024-02-26,101.34421914520244,6
sp500,Consumer Discretionary,2024-02-27,101.265635996755,6
sp500,Consumer Discretionary,2024-02-28,101.20835658481636,6
sp500,Consumer Discretionary,2024-02-29,101.57520490385208,6
sp500,Consumer Discretionary,2024-03-01,101.3955314337877,6
sp500,Consumer Discretionary,2024-03-04,99.11885820043392,6
sp500,Consumer Discretionary,2024-03-05,100.02823455597878,6
sp500,Consumer Discretionary,2024-03-06,100.3311670686508,6
sp500,Consumer Discretionary,2024-03-07,99.83347748318936,6
sp500,Consumer Discretionary,2024-03-08,99.65302352066631,6
sp500,Consumer Discretionary,2024-03-11,99.96364176108014,6
sp500,Consumer Discretionary,2024-03-12,100.02488482867895,6
sp500,Consumer Discretionary,2024-03-13,98.5648360509854,6
sp500,Consumer Discretionary,2024-03-14,97.45810871257758,6
sp500,Consumer Discretionary,2024-03-15,97.41145184895618,6
sp500,Consumer Discretionary,2024-03-18,98.90770457916,6
sp500,Consumer Discretionary,2024-03-19,99.48610595280753,6
sp500,Consumer Discretionary,2024-03-20,100.55831324045545,6
sp500,Consumer Discretionary,2024-03-21,100.28914337941887,6
sp500,Consumer Discretionary,2024-03-22,98.6723664943697,6
sp500,Consumer Discretionary,2024-03-25,98.80423206441907,6
sp500,Consumer Discretionary,2024-03-26,99.0212809919256,6
sp500,Consumer Discretionary,2024-03-27,100.1195977081033,6
sp500,Consumer Discretionary,2024-03-28,99.89634221338414,6
sp500,Consumer Discretionary,2024-04-01,99.39256790166984,6
sp500,Consumer Discretionary,2024-04-02,97.37453786001839,6
sp500,Consumer Discretionary,2024-04-03,97.1634175673951,6
sp500,Consumer Discretionary,2024-04-04,96.2830376299502,6
sp500,Consumer Discretionary,2024-04-05,95.4958934003739,6
sp500,Consumer Discretionary,2024-04-08,96.54045018347294,6
sp500,Consumer Discretionary,2024-04-09,97.38001600340931,6
sp500,Consumer Discretionary,2024-04-10,96.08482470106983,6
sp500,Consumer Discretionary,2024-04-11,96.8807056700142,6
sp500,Consumer Discretionary,2024-04-12,95.56093470365674,6
sp500,Consumer Discretionary,2024-04-15,94.62576823713475,6
sp500,Consumer Discretionary,2024-04-16,93.76442858135783,6
sp500,Consumer Discretionary,2024-04-17,94.17579760855995,6
sp500,Consumer Discretionary,2024-04-18,94.08221040809809,6
sp500,Consumer Discretionary,2024-04-19,93.74484550570352,6
sp500,Consumer Discretionary,2024-04-22,93.54243491209543,6
sp500,Consumer Discretionary,2024-04-23,93.7792436270885,6
sp500,Consumer Discretionary,2024-04-24,95.72997545201261,6
sp500,Consumer Discretionary,2024-04-25,95.73502135582737,6
sp500,Consumer Discretionary,2024-04-26,95.64149230447646,6
sp500,Consumer Discretionary,2024-04-29,98.13258904076807,6
sp500,Consumer Discretionary,2024-04-30,96.58352577091993,6
sp500,Consumer Discretionary,2024-05-01,92.95018926072628,6
sp500,Consumer Discretionary,2024-05-02,93.75865496912279,6
sp500,Consumer Discretionary,2024-05-03,93.36500677825404,6
sp500,Consumer Discretionary,2024-05-06,93.9694883646225,6
sp500,Consumer Discretionary,2024-05-07,93.18171125250588,6
sp500,Consumer Discretionary,2024-05-08,92.86908413715229,6
sp500,Consumer Discretionary,2024-05-09,93.50650173489693,6
sp500,Consumer Discretionary,2024-05-10,93.09273623008649,6
sp500,Consumer Discretionary,2024-05-13,93.31053516708008,6
sp500,Consumer Discretionary,2024-05-14,93.37247818824443,6
sp500,Consumer Discretionary,2024-05-15,93.07818543427365,6
sp500,Consumer Discretionary,2024-05-16,92.90609765170231,6
sp500,Consumer Discretionary,2024-05-17,93.81999929258983,6
sp500,Consumer Discretionary,2024-05-20,93.16580558808813,6
sp500,Consumer Discretionary,2024-05-21,93.98530261828014,6
sp500,Consumer Discretionary,2024-05-22,92.5865381592849,6
sp500,Consumer Discretionary,2024-05-23,90.89154515345268,6
sp500,Consumer Discretionary,2024-05-24,91.8794766861143,6
sp500,Consumer Discretionary,2024-05-28,91.36002902576683,6
sp500,Consumer Discretionary,2024-05-29,90.75344985954436,6
sp500,Consumer Discretionary,2024-05-30,92.26193790113764,6
sp500,Consumer Discretionary,2024-05-31,94.09220313478141,6
sp500,Consumer Discretionary,2024-06-03,93.78076266101417,6
sp500,Consumer Discretionary,2024-06-04,93.34889756384159,6
sp500,Consumer Discretionary,2024-06-05,92.35427487723113,6
sp500,Consumer Discretionary,2024-06-06,92.69244194954894,6
sp500,Consumer Discretionary,2024-06-07,92.52786508518314,6
sp500,Consumer Discretionary,2024-06-10,92.536712927549,6
sp500,Consumer Discretionary,2024-06-11,91.49426192760134,6
sp500,Consumer Discretionary,2024-06-12,91.9033051254853,6
sp500,Consumer Discretionary,2024-06-13,91.98123906509673,6
sp500,Consumer Discretionary,2024-06-14,91.0233650947339,6
sp500,Consumer Discretionary,2024-06-17,92.62914848618074,6
sp500,Consumer Discretionary,2024-06-18,91.82002501715264,6
sp500,Consumer Discretionary,2024-06-20,91.7324079147939,6
sp500,Consumer Discretionary,2024-06-21,92.69040474196693,6
sp500,Consumer Discretionary,2024-06-24,93.27463729925918,6
sp500,Consumer Discretionary,2024-06-25,93.01175634726498,6
sp500,Consumer Discretionary,2024-06-26,93.51216707502233,6
sp500,Consumer Discretionary,2024-06-27,93.64657834876368,6
sp500,Consumer Discretionary,2024-06-28,90.28800268231046,6
sp500,Consumer Discretionary,2024-07-01,91.12056641393836,6
sp500,Consumer Discretionary,2024-07-02,92.07125840066527,6
sp500,Consumer Discretionary,2024-07-03,92.91239606653625,6
sp500,Consumer Discretionary,2024-07-05,93.37538953026281,6
sp500,Consumer Discretionary,2024-07-08,92.49442551758268,6
sp500,Consumer Discretionary,2024-07-09,92.23639533174449,6
sp500,Consumer Discretionary,2024-07-10,92.59807773742136,6
sp500,Consumer Discretionary,2024-07-11,92.52594698500988,6
sp500,Consumer Discretionary,2024-07-12,93.60448528436417,6
sp500,Consumer Discretionary,2024-07-15,92.64796036790851,6
sp500,Consumer Discretionary,2024-07-16,94.56245013703578,6
sp500,Consumer Discretionary,2024-07-17,94.3503904646672,6
sp500,Consumer Discretionary,2024-07-18,93.24768302840467,6
sp500,Consumer Discretionary,2024-07-19,93.1748673000705,6
sp500,Consumer Discretionary,2024-07-22,94.61746712654276,6
sp500,Consumer Discretionary,2024-07-23,93.44834675381966,6
sp500,Consumer Discretionary,2024-07-24,89.78329378542011,6
sp500,Consumer Discretionary,2024-07-25,89.6001060508537,6
sp500,Consumer Discretionary,2024-07-26,90.46581044646543,6
sp500,Consumer Discretionary,2024-07-29,92.19367132879668,6
sp500,Consumer Discretionary,2024-07-30,92.35977434049376,6
sp500,Consumer Discretionary,2024-07-31,94.05441476120626,6
sp500,Consumer Discretionary,2024-08-01,91.44834222667387,6
sp500,Consumer Discretionary,2024-08-02,90.16083733092549,6
sp500,Consumer Discretionary,2024-08-05,87.0737367878132,6
sp500,Consumer Discretionary,2024-08-06,88.09322101471892,6
sp500,Consumer Discretionary,2024-08-07,87.39773222038507,6
sp500,Consumer Discretionary,2024-08-08,88.38926438662405,6
sp500,Consumer Discretionary,2024-08-09,88.39171945239251,6
sp500,Consumer Discretionary,2024-08-12,88.58002965899735,6
sp500,Consumer Discretionary,2024-08-13,94.26640250778817,6
sp500,Consumer Discretionary,2024-08-14,93.76832844494662,6
sp500,Consumer Discretionary,2024-08-15,97.1538792257324,6
sp500,Consumer Discretionary,2024-08-16,97.94578601481182,6
sp500,Consumer Discretionary,2024-08-19,99.00586236765528,6
sp500,Consumer Discretionary,2024-08-20,98.59859991427312,6
sp500,Consumer Discretionary,2024-08-21,100.91480311510637,6
sp500,Consumer Discretionary,2024-08-22,99.41920668323131,6
sp500,Consumer Discretionary,2024-08-23,101.13319567270611,6
sp500,Consumer Discretionary,2024-08-26,100.57217554086641,6
sp500,Consumer Discretionary,2024-08-27,101.31008452745489,6
sp500,Consumer Discretionary,2024-08-28,99.60540875861332,6
sp500,Consumer Discretionary,2024-08-29,99.52705415185258,6
sp500,Consumer Discretionary,2024-08-30,100.21087302130007,6
sp500,Consumer Discretionary,2024-09-03,98.6120662449899,6
sp500,Consumer Discretionary,2024-09-04,99.00749600256239,6
sp500,Consumer Discretionary,2024-09-05,99.88584842558566,6
sp500,Consumer Discretionary,2024-09-06,97.83999063094222,6
sp500,Consumer Discretionary,2024-09-09,98.36822676768597,6
sp500,Consumer Discretionary,2024-09-10,98.39008262406178,6
sp500,Consumer Discretionary,2024-09-11,99.38723561326921,6
sp500,Consumer Discretionary,2024-09-12,100.18768081143617,6
sp500,Consumer Discretionary,2024-09-13,100.81620992167784,6
sp500,Consumer Discretionary,2024-09-16,100.5856390576006,6
sp500,Consumer Discretionary,2024-09-17,100.53900267753046,6
sp500,Consumer Discretionary,2024-09-18,100.70396007122898,6
sp500,Consumer Discretionary,2024-09-19,102.98308880400613,6
sp500,Consumer Discretionary,2024-09-20,103.64359684493942,6
sp500,Consumer Discretionary,2024-09-23,104.64058797085897,6
sp500,Consumer Discretionary,2024-09-24,105.06461730114923,6
sp500,Consumer Discretionary,2024-09-25,105.54112313310966,6
sp500,Consumer Discretionary,2024-09-26,106.64758760185948,6
sp500,Consumer Discretionary,2024-09-27,106.24983847396778,6
sp500,Consumer Discretionary,2024-09-30,106.00322583591924,6
sp500,Consumer Discretionary,2024-10-01,105.46878313356991,6
sp500,Consumer Discretionary,2024-10-02,103.5897033464192,6
sp500,Consumer Discretionary,2024-10-03,102.22564669572778,6
sp500,Consumer Discretionary,2024-10-04,103.95232015350608,6
sp500,Consumer Discretionary,2024-10-07,102.0266674299344,6
sp500,Consumer Discretionary,2024-10-08,102.5761065643378,6
sp500,Consumer Discretionary,2024-10-09,102.79260256239134,6
sp500,Consumer Discretionary,2024-10-10,102.59591739998555,6
sp500,Consumer Discretionary,2024-10-11,101.66812374477003,6
sp500,Consumer Discretionary,2024-10-14,101.83621617093578,6
sp500,Consumer Discretionary,2024-10-15,101.8660547714902,6
sp500,Consumer Discretionary,2024-10-16,102.46535080042337,6
sp500,Consumer Discretionary,2024-10-17,102.00941122046379,6
sp500,Consumer Discretionary,2024-10-18,102.37022948824259,6
sp500,Consumer Discretionary,2024-10-21,100.87360824334021,6
sp500,Consumer Discretionary,2024-10-22,100.62274945035486,6
sp500,Consumer Discretionary,2024-10-23,99.14821117871021,6
sp500,Consumer Discretionary,2024-10-24,102.81628396565512,6
sp500,Consumer Discretionary,2024-10-25,102.94450573444406,6
sp500,Consumer Discretionary,2024-10-28,103.12798659554947,6
sp500,Consumer Discretionary,2024-10-29,102.48253558142414,6
sp500,Consumer Discretionary,2024-10-30,101.63942364887639,6
sp500,Consumer Discretionary,2024-10-31,101.28794268877812,6
sp500,Consumer Discretionary,2024-11-01,101.89289382562936,6
sp500,Consumer Discretionary,2024-11-04,100.72612223561688,6
sp500,Consumer Discretionary,2024-11-05,101.88764668894392,6
sp500,Consumer Discretionary,2024-11-06,101.66904467187292,6
sp500,Consumer Discretionary,2024-11-07,102.6786844675176,6
sp500,Consumer Discretionary,2024-11-08,103.86770340463119,6
sp500,Consumer Discretionary,2024-11-11,106.73534071813586,6
sp500,Consumer Discretionary,2024-11-12,105.24271406780453,6
sp500,Consumer Discretionary,2024-11-13,104.84937864343283,6
sp500,Consumer Discretionary,2024-11-14,103.39483940266663,6
sp500,Consumer Discretionary,2024-11-15,103.53962959898384,6
sp500,Consumer Discretionary,2024-11-18,105.33806227915198,6
sp500,Consumer Discretionary,2024-11-19,105.17341467851344,6
sp500,Consumer Discretionary,2024-11-20,100.63054372421286,6
sp500,Consumer Discretionary,2024-11-21,101.09183332171317,6
sp500,Consumer Discretionary,2024-11-22,103.5154558326853,6
sp500,Consumer Discretionary,2024-11-25,104.25487877444843,6
sp500,Consumer Discretionary,2024-11-26,102.63396220352014,6
sp500,Consumer Discretionary,2024-11-27,102.91345905020218,6
sp500,Consumer Discretionary,2024-11-29,104.32779826016885,6
sp500,Consumer Discretionary,2024-12-02,104.52696354342028,6
sp500,Consumer Discretionary,2024-12-03,104.61048130007305,6
sp500,Consumer Discretionary,2024-12-04,104.16348420782417,6
sp500,Consumer Discretionary,2024-12-05,104.60095333752584,6
sp500,Consumer Discretionary,2024-12-06,106.3919481851962,6
sp500,Consumer Discretionary,2024-12-09,106.57989517199317,6
sp500,Consumer Discretionary,2024-12-10,106.55386942583449,6
sp500,Consumer Discretionary,2024-12-11,107.99922398922088,6
sp500,Consumer Discretionary,2024-12-12,107.005982781198,6
sp500,Consumer Discretionary,2024-12-13,107.37090090469657,6
sp500,Consumer Discretionary,2024-12-16,107.15076888932617,6
sp500,Consumer Discretionary,2024-12-17,107.74672910333453,6
sp500,Consumer Discretionary,2024-12-18,104.2740892388782,6
sp500,Consumer Discretionary,2024-12-19,103.62201397740176,6
sp500,Consumer Discretionary,2024-12-20,103.25744709396459,6
sp500,Consumer Discretionary,2024-12-23,105.6691999579919,6
sp500,Consumer Discretionary,2024-12-24,107.90587778349267,6
sp500,Consumer Discretionary,2024-12-26,109.34469215138446,6
sp500,Consumer Discretionary,2024-12-27,108.45583997406247,6
sp500,Consumer Discretionary,2024-12-30,106.64229624123298,6
sp500,Consumer Discretionary,2024-12-31,106.50488328828888,6
sp500,Consumer Discretionary,2025-01-02,105.4849103949653,6
sp500,Consumer Discretionary,2025-01-03,107.01463707784877,6
sp500,Consumer Discretionary,2025-01-06,107.83426493385471,6
sp500,Consumer Discretionary,2025-01-07,107.21103077025862,6
sp500,Consumer Discretionary,2025-01-08,106.51543286756329,6
sp500,Consumer Discretionary,2025-01-10,105.78204391164148,6
sp500,Consumer Discretionary,2025-01-13,106.33269478240017,6
sp500,Consumer Discretionary,2025-01-14,105.10638847451341,6
sp500,Consumer Discretionary,2025-01-15,106.20089806310591,6
sp500,Consumer Discretionary,2025-01-16,105.41777581578646,6
sp500,Consumer Discretionary,2025-01-17,106.31273106572432,6
sp500,Consumer Discretionary,2025-01-21,108.21337329210019,6
sp500,Consumer Discretionary,2025-01-22,107.55704803020076,6
sp500,Consumer Discretionary,2025-01-23,108.03353804623971,6
sp500,Consumer Discretionary,2025-01-24,107.94339967442401,6
sp500,Consumer Discretionary,2025-01-27,109.41445650283387,6
sp500,Consumer Discretionary,2025-01-28,108.8796547958869,6
sp500,Consumer Discretionary,2025-01-29,110.03825938035136,6
sp500,Consumer Discretionary,2025-01-30,111.34100452185429,6
sp500,Consumer Discretionary,2025-01-31,110.32633825156593,6
sp500,Consumer Discretionary,2025-02-03,108.03511391222045,6
sp500,Consumer Discretionary,2025-02-04,109.47645710719162,6
sp500,Consumer Discretionary,2025-02-05,109.24104669660568,6
sp500,Consumer Discretionary,2025-02-06,108.30532448679809,6
sp500,Consumer Discretionary,2025-02-07,106.27320784459529,6
sp500,Consumer Discretionary,2025-02-10,107.12724010798492,6
sp500,Consumer Discretionary,2025-02-11,106.25345629179874,6
sp500,Consumer Discretionary,2025-02-12,106.19522842300373,6
sp500,Consumer Discretionary,2025-02-13,107.97021501796615,6
sp500,Consumer Discretionary,2025-02-14,108.14485307434512,6
sp500,Consumer Discretionary,2025-02-18,108.70053365396511,6
sp500,Consumer Discretionary,2025-02-19,108.33803852526536,6
sp500,Consumer Discretionary,2025-02-20,108.04291156684837,6
sp500,Consumer Discretionary,2025-02-21,106.27924316302186,6
sp500,Consumer Discretionary,2025-02-24,107.3104739851098,6
sp500,Consumer Discretionary,2025-02-25,107.15565858790357,6
sp500,Consumer Discretionary,2025-02-26,105.401045716632,6
sp500,Consumer Discretionary,2025-02-27,104.80784732277691,6
sp500,Consumer Discretionary,2025-02-28,105.80906539093968,6
sp500,Consumer Discretionary,2025-03-03,104.11125578276635,6
sp500,Consumer Discretionary,2025-03-04,102.05465515027173,6
sp500,Consumer Discretionary,2025-03-05,103.47181393649782,6
sp500,Consumer Discretionary,2025-03-06,101.31469218023234,6
sp500,Consumer Discretionary,2025-03-07,102.59288335695076,6
sp500,Consumer Discretionary,2025-03-10,98.0695267619894,6
sp500,Consumer Discretionary,2025-03-11,97.27088790018253,6
sp500,Consumer Discretionary,2025-03-12,97.09051438546057,6
sp500,Consumer Discretionary,2025-03-13,95.34354075568714,6
sp500,Consumer Discretionary,2025-03-14,96.56574087503836,6
sp500,Consumer Discretionary,2025-03-17,97.09005760646006,6
sp500,Consumer Discretionary,2025-03-18,96.05734401248128,6
sp500,Consumer Discretionary,2025-03-19,97.05607363081708,6
sp500,Consumer Discretionary,2025-03-20,96.65782181864759,6
sp500,Consumer Discretionary,2025-03-21,96.1017240366251,6
sp500,Consumer Discretionary,2025-03-24,98.34374731312272,6
sp500,Consumer Discretionary,2025-03-25,98.40285576109869,6
sp500,Consumer Discretionary,2025-03-26,97.80634880057244,6
sp500,Consumer Discretionary,2025-03-27,97.60901563918348,6
sp500,Consumer Discretionary,2025-03-28,94.65150442607924,6
sp500,Consumer Discretionary,2025-03-31,94.79826388037264,6
sp500,Consumer Discretionary,2025-04-01,95.58852008915228,6
sp500,Consumer Discretionary,2025-04-02,97.08117815711954,6
sp500,Consumer Discretionary,2025-04-03,90.05924493159492,6
sp500,Consumer Discretionary,2025-04-04,86.50786423793414,6
sp500,Consumer Discretionary,2025-04-07,85.3399904064871,6
sp500,Consumer Discretionary,2025-04-08,83.0723535628649,6
sp500,Consumer Discretionary,2025-04-09,92.24949314056568,6
sp500,Consumer Discretionary,2025-04-10,87.94518471666704,6
sp500,Consumer Discretionary,2025-04-11,88.79753937463106,6
sp500,Consumer Discretionary,2025-04-14,89.96475642297351,6
sp500,Consumer Discretionary,2025-04-15,89.24646390589946,6
sp500,Consumer Discretionary,2025-04-16,87.15998037294247,6
sp500,Consumer Discretionary,2025-04-17,88.74760154195013,6
sp500,Consumer Discretionary,2025-04-21,87.84848273331897,6
sp500,Consumer Discretionary,2025-04-22,89.81935170225832,6
sp500,Consumer Discretionary,2025-04-23,90.50971009915718,6
sp500,Consumer Discretionary,2025-04-24,92.15914797748343,6
sp500,Consumer Discretionary,2025-04-25,93.69545032552199,6
sp500,Consumer Discretionary,2025-04-28,93.80374307578963,6
sp500,Consumer Discretionary,2025-04-29,94.50204554395472,6
sp500,Consumer Discretionary,2025-04-30,92.84214953969277,6
sp500,Consumer Discretionary,2025-05-01,92.73081180374535,6
sp500,Consumer Discretionary,2025-05-02,94.42376246757306,6
sp500,Consumer Discretionary,2025-05-05,92.85663367720602,6
sp500,Consumer Discretionary,2025-05-06,92.70063025240638,6
sp500,Consumer Discretionary,2025-05-07,93.32752207752831,6
sp500,Consumer Discretionary,2025-05-08,93.72186485126433,6
sp500,Consumer Discretionary,2025-05-09,93.98607910757455,6
sp500,Consumer Discretionary,2025-05-12,98.14933830128926,6
sp500,Consumer Discretionary,2025-05-13,97.95787232494193,6
sp500,Consumer Discretionary,2025-05-14,97.58773600196676,6
sp500,Consumer Discretionary,2025-05-15,98.00793745407465,6
sp500,Consumer Discretionary,2025-05-16,98.89125396909351,6
sp500,Consumer Discretionary,2025-05-19,98.15350595793181,6
sp500,Consumer Discretionary,2025-05-20,98.6855140089467,6
sp500,Consumer Discretionary,2025-05-21,96.16396501356179,6
sp500,Consumer Discretionary,2025-05-22,97.09955323990651,6
sp500,Consumer Discretionary,2025-05-23,96.63000324553329,6
sp500,Consumer Discretionary,2025-05-27,99.66049545921985,6
sp500,Consumer Discretionary,2025-05-28,98.48562622199297,6
sp500,Consumer Discretionary,2025-05-29,98.39170531101745,6
sp500,Consumer Discretionary,2025-05-30,97.54293092571967,6
sp500,Consumer Discretionary,2025-06-02,97.44947703383737,6
sp500,Consumer Discretionary,2025-06-03,98.4226908332984,6
sp500,Consumer Discretionary,2025-06-04,97.47537695871439,6
sp500,Consumer Discretionary,2025-06-05,94.41421757017152,6
sp500,Consumer Discretionary,2025-06-06,96.30054378374311,6
sp500,Consumer Discretionary,2025-06-09,96.8366539265624,6
sp500,Consumer Discretionary,2025-06-10,98.77956530245334,6
sp500,Consumer Discretionary,2025-06-11,98.87128241226024,6
sp500,Consumer Discretionary,2025-06-12,98.53543415362437,6
sp500,Consumer Discretionary,2025-06-13,97.3264790783587,6
sp500,Consumer Discretionary,2025-06-16,98.40621548063733,6
sp500,Consumer Discretionary,2025-06-17,96.01122435138217,6
sp500,Consumer Discretionary,2025-06-18,96.31760203214608,6
sp500,Consumer Discretionary,2025-06-20,96.21922852619375,6
sp500,Consumer Discretionary,2025-06-23,97.70949971168466,6
sp500,Consumer Discretionary,2025-06-24,97.72991440960001,6
sp500,Consumer Discretionary,2025-06-25,96.25113476245527,6
sp500,Consumer Discretionary,2025-06-26,97.02295106577104,6
sp500,Consumer Discretionary,2025-06-27,100.52486861420076,6
sp500,Consumer Discretionary,2025-06-30,99.34285200582129,6
sp500,Consumer Discretionary,2025-07-01,100.992966359147,6
sp500,Consumer Discretionary,2025-07-02,102.75549086930613,6
sp500,Consumer Discretionary,2025-07-03,102.87498781894658,6
sp500,Consumer Discretionary,2025-07-07,100.49718817704813,6
sp500,Consumer Discretionary,2025-07-08,100.72022689008007,6
sp500,Consumer Discretionary,2025-07-09,101.19932803301255,6
sp500,Consumer Discretionary,2025-07-10,102.9943218578033,6
sp500,Consumer Discretionary,2025-07-11,102.68346354047316,6
sp500,Consumer Discretionary,2025-07-14,102.927020821645,6
sp500,Consumer Discretionary,2025-07-15,101.64881746545609,6
sp500,Consumer Discretionary,2025-07-16,101.94596243241685,6
sp500,Consumer Discretionary,2025-07-17,102.52405395224062,6
sp500,Consumer Discretionary,2025-07-18,102.64262906287627,6
sp500,Consumer Discretionary,2025-07-21,102.55693069643593,6
sp500,Consumer Discretionary,2025-07-22,104.91186749609638,6
sp500,Consumer Discretionary,2025-07-23,107.4458968200099,6
sp500,Consumer Discretionary,2025-07-24,104.34453602636809,6
sp500,Consumer Discretionary,2025-07-25,105.31200502057048,6
sp500,Consumer Discretionary,2025-07-28,106.56122011814935,6
sp500,Consumer Discretionary,2025-07-29,105.57205541634238,6
sp500,Consumer Discretionary,2025-07-30,104.41981751357015,6
sp500,Consumer Discretionary,2025-07-31,101.72356612918733,6
sp500,Consumer Discretionary,2025-08-01,101.04516974540734,6
sp500,Consumer Discretionary,2025-08-04,102.30754252292678,6
sp500,Consumer Discretionary,2025-08-05,102.35394755149237,6
sp500,Consumer Discretionary,2025-08-06,104.40630467267466,6
sp500,Consumer Discretionary,2025-08-07,104.23706835190502,6
sp500,Consumer Discretionary,2025-08-08,105.23173594791457,6
sp500,Consumer Discretionary,2025-08-11,105.39977576853576,6
sp500,Consumer Discretionary,2025-08-12,106.69417000636912,6
sp500,Consumer Discretionary,2025-08-13,107.29040629121765,6
sp500,Consumer Discretionary,2025-08-14,106.64864411085671,6
sp500,Consumer Discretionary,2025-08-15,105.91180977762701,6
sp500,Consumer Discretionary,2025-08-18,107.27038866320953,6
sp500,Consumer Discretionary,2025-08-19,106.74559297620729,6
sp500,Consumer Discretionary,2025-08-20,105.2849209387114,6
sp500,Consumer Discretionary,2025-08-21,104.28797597336956,6
sp500,Consumer Discretionary,2025-08-22,106.62626491744416,6
sp500,Consumer Discretionary,2025-08-25,106.04498514862746,6
sp500,Consumer Discretionary,2025-08-26,106.05485620781707,6
sp500,Consumer Discretionary,2025-08-27,106.16928668740597,6
sp500,Consumer Discretionary,2025-08-28,105.9059331165509,6
sp500,Consumer Discretionary,2025-08-29,104.82984718573924,6
sp500,Consumer Discretionary,2025-09-01,99.67145121412506,6
sp500,Consumer Discretionary,2025-09-02,106.01247139739687,6
sp500,Consumer Discretionary,2025-09-03,104.87532993421007,6
sp500,Consumer Discretionary,2025-09-04,105.63702187618738,6
sp500,Consumer Discretionary,2025-09-05,105.65102147914118,6
sp500,Consumer Discretionary,2025-09-08,105.07784513519405,6
sp500,Consumer Discretionary,2025-09-09,104.68280196142025,6
sp500,Consumer Discretionary,2025-09-10,103.96512400650761,6
sp500,Consumer Discretionary,2025-09-11,105.17404388028389,6
sp500,Consumer Discretionary,2025-09-12,105.35899527211092,6
sp500,Consumer Discretionary,2025-09-15,105.79877882539994,6
sp500,Consumer Discretionary,2025-09-16,106.98063515849647,6
sp500,Consumer Discretionary,2025-09-17,106.86654874285611,6
sp500,Consumer Discretionary,2025-09-18,106.17776652167181,6
sp500,Consumer Discretionary,2025-09-19,106.10633934945126,6
sp500,Consumer Discretionary,2025-09-22,106.64280406667719,6
sp500,Consumer Discretionary,2025-09-23,106.46164973345238,6
sp500,Consumer Discretionary,2025-09-24,107.06527906778496,6
sp500,Consumer Discretionary,2025-09-25,105.2908133951859,6
sp500,Consumer Discretionary,2025-09-26,106.08274915974664,6
sp500,Consumer Discretionary,2025-09-29,106.09052911244541,6
sp500,Consumer Discretionary,2025-09-30,105.66225130589181,6
sp500,Consumer Discretionary,2025-10-01,107.04512585086452,6
sp500,Consumer Discretionary,2025-10-02,106.58757780003336,6
sp500,Consumer Discretionary,2025-10-03,106.09253292796501,6
sp500,Consumer Discretionary,2025-10-06,105.98754915731251,6
sp500,Consumer Discretionary,2025-10-07,104.44865877153337,6
sp500,Consumer Discretionary,2025-10-08,104.39614316058281,6
sp500,Consumer Discretionary,2025-10-09,103.23141896293053,6
sp500,Consumer Discretionary,2025-10-10,100.40109780681988,6
sp500,Consumer Discretionary,2025-10-13,102.89404072079603,6
sp500,Consumer Discretionary,2025-10-14,103.78936323992289,6
sp500,Consumer Discretionary,2025-10-15,105.11612534520636,6
sp500,Consumer Discretionary,2025-10-16,104.48576085533713,6
sp500,Consumer Discretionary,2025-10-17,105.69485249378872,6
sp500,Consumer Discretionary,2025-10-20,106.29296819946035,6
sp500,Consumer Discretionary,2025-10-21,107.1215129701362,6
sp500,Consumer Discretionary,2025-10-22,107.48045911224497,6
sp500,Consumer Discretionary,2025-10-23,107.75375349121094,6
sp500,Consumer Discretionary,2025-10-24,107.02615396256834,6
sp500,Consumer Discretionary,2025-10-27,108.93512343019125,6
sp500,Consumer Discretionary,2025-10-28,108.35124926296437,6
sp500,Consumer Discretionary,2025-10-29,106.35226387126961,6
sp500,Consumer Discretionary,2025-10-30,104.90360354150339,6
sp500,Consumer Discretionary,2025-10-31,104.40495095721862,6
sp500,Consumer Discretionary,2025-11-03,104.03326519152405,6
sp500,Consumer Discretionary,2025-11-04,102.42330746320663,6
sp500,Consumer Discretionary,2025-11-05,104.89129489345011,6
sp500,Consumer Discretionary,2025-11-06,102.86696866904737,6
sp500,Consumer Discretionary,2025-11-07,102.84920603737082,6
sp500,Consumer Discretionary,2025-11-10,102.88287910561075,6
sp500,Consumer Discretionary,2025-11-11,104.43022712803686,6
sp500,Consumer Discretionary,2025-11-12,104.79989495949951,6
sp500,Consumer Discretionary,2025-11-13,103.58413305908853,6
sp500,Consumer Discretionary,2025-11-14,102.89703477035559,6
sp500,Consumer Discretionary,2025-11-17,101.53086796364137,6
sp500,Consumer Discretionary,2025-11-18,100.9993936860714,6
sp500,Consumer Discretionary,2025-11-19,100.87242812824928,6
sp500,Consumer Discretionary,2025-11-20,99.09305960915619,6
sp500,Consumer Discretionary,2025-11-21,101.53142266435285,6
sp500,Consumer Discretionary,2025-11-24,101.35236014012163,6
sp500,Consumer Discretionary,2025-11-25,103.21050573632246,6
sp500,Consumer Discretionary,2025-11-26,104.78176949376365,6
sp500,Consumer Discretionary,2025-11-27,97.23035969237446,6
sp500,Consumer Discretionary,2025-11-28,101.67830419212498,6
sp500,Consumer Discretionary,2025-12-01,107.52901546149181,6
sp500,Consumer Discretionary,2025-12-02,106.89117417556146,6
sp500,Consumer Discretionary,2025-12-03,108.66269302666187,6
sp500,Consumer Discretionary,2025-12-04,108.91821262305439,6
sp500,Consumer Discretionary,2025-12-05,109.14600911590036,6
sp500,Consumer Discretionary,2025-12-08,107.56132202496637,6
sp500,Consumer Discretionary,2025-12-09,107.92167635458614,6
sp500,Consumer Discretionary,2025-12-10,109.85931478289284,6
sp500,Consumer Discretionary,2025-12-11,110.97359000270079,6
sp500,Consumer Discretionary,2025-12-12,112.04008753554722,6
sp500,Consumer Discretionary,2025-12-15,113.13169186976808,6
sp500,Consumer Discretionary,2025-12-16,112.97811164016127,6
sp500,Consumer Discretionary,2025-12-17,111.93962847752637,6
sp500,Consumer Discretionary,2025-12-18,113.41993756820634,6
sp500,Consumer Discretionary,2025-12-19,110.75698794107596,6
sp500,Consumer Discretionary,2025-12-22,109.69246976614964,6
sp500,Consumer Discretionary,2025-12-23,108.56570971551011,6
sp500,Consumer Discretionary,2025-12-24,110.11916383640181,6
sp500,Consumer Discretionary,2025-12-25,103.36151243565945,6
sp500,Consumer Discretionary,2025-12-26,106.58619785540078,6
sp500,Consumer Discretionary,2025-12-29,113.13462137935888,6
sp500,Consumer Discretionary,2025-12-30,112.6721566239611,6
sp500,Consumer Discretionary,2025-12-31,112.84840530995082,6
sp500,Consumer Discretionary,2026-01-01,104.3877331046911,6
sp500,Consumer Discretionary,2026-01-02,102.98029585674658,6
sp500,Consumer Discretionary,2026-01-05,118.01115125378068,6
sp500,Consumer Discretionary,2026-01-06,118.36664034773928,6
sp500,Consumer Discretionary,2026-01-07,116.84650999262236,6
sp500,Consumer Discretionary,2026-01-08,119.16232210124016,6
sp500,Consumer Discretionary,2026-01-09,120.25544509969484,6
sp500,Consumer Discretionary,2026-01-12,120.8292860884167,6
sp500,Consumer Discretionary,2026-01-13,121.55363616360673,6
sp500,Consumer Discretionary,2026-01-14,121.32235018863912,6
sp500,Consumer Discretionary,2026-01-15,121.98038143613464,6
sp500,Consumer Discretionary,2026-01-16,121.58062116412422,6
sp500,Consumer Discretionary,2026-01-19,113.24077480154018,6
sp500,Consumer Discretionary,2026-01-20,114.7600542710975,6
sp500,Consumer Discretionary,2026-01-21,125.85731054230234,6
sp500,Consumer Discretionary,2026-01-22,126.74857997551592,6
sp500,Consumer Discretionary,2026-01-23,126.99185188480837,6
sp500,Consumer Discretionary,2026-01-26,125.19305748852875,6
sp500,Consumer Discretionary,2026-01-27,124.30284502656903,6
sp500,Consumer Discretionary,2026-01-28,123.0190490459659,6
sp500,Consumer Discretionary,2026-01-29,123.15942155506096,6
sp500,Consumer Discretionary,2026-01-30,123.67973787818174,6
sp500,Consumer Discretionary,2026-02-02,124.62931942365852,6
sp500,Consumer Discretionary,2026-02-03,124.82119560788989,6
sp500,Consumer Discretionary,2026-02-04,127.54750062410791,6
sp500,Consumer Discretionary,2026-02-05,125.59350378848022,6
sp500,Consumer Discretionary,2026-02-06,129.5629455541843,6
sp500,Consumer Discretionary,2026-02-09,128.4709667959542,6
sp500,Consumer Discretionary,2026-02-10,128.00733611539786,6
sp500,Consumer Discretionary,2026-02-11,129.1680012695059,6
sp500,Consumer Discretionary,2026-02-12,127.24648423667009,6
sp500,Consumer Discretionary,2026-02-13,127.84549015503916,6
sp500,Consumer Discretionary,2026-02-16,131.61364745117402,6
sp500,Consumer Discretionary,2026-02-17,129.03043695307866,6
sp500,Consumer Discretionary,2026-02-18,129.61716941254252,6
sp500,Consumer Discretionary,2026-02-19,129.20982854693654,6
sp500,Consumer Discretionary,2026-02-20,129.8082136591566,6
sp500,Consumer Discretionary,2026-02-23,127.39897060449708,6
sp500,Consumer Discretionary,2026-02-24,128.92163154868027,6
sp500,Consumer Discretionary,2026-02-25,129.65315742139737,6
sp500,Consumer Discretionary,2026-02-26,129.20952654620302,6
sp500,Consumer Discretionary,2026-02-27,128.54173712870642,6
sp500,Consumer Discretionary,2026-03-02,126.77966305022521,6
sp500,Consumer Discretionary,2026-03-03,126.17376880303786,6
sp500,Consumer Discretionary,2026-03-04,126.73787568243611,6
sp500,Consumer Discretionary,2026-03-05,125.83464876435124,6
sp500,Consumer Discretionary,2026-03-06,125.0156006976222,6
sp500,Consumer Discretionary,2026-03-09,125.65055035329367,6
sp500,Consumer Discretionary,2026-03-10,125.66172119400973,6
sp500,Consumer Discretionary,2026-03-11,125.33199510672655,6
sp500,Consumer Discretionary,2026-03-12,122.11145986600518,6
sp500,Consumer Discretionary,2026-03-13,121.84747783554037,6
sp500,Consumer Discretionary,2026-03-16,122.00474514709771,6
sp500,Consumer Discretionary,2026-03-17,122.01972917301478,6
sp500,Consumer Discretionary,2026-03-18,118.56563371065857,6
sp500,Consumer Discretionary,2026-03-19,117.9588771529386,6
sp500,Consumer Discretionary,2026-03-20,115.6088063132259,6
sp500,Consumer Discretionary,2026-03-23,117.4310484308384,6
sp500,Consumer Discretionary,2026-03-24,117.60707651546866,6
sp500,Consumer Discretionary,2026-03-25,118.0370116289188,6
sp500,Consumer Discretionary,2026-03-26,116.46033183723567,6
sp500,Consumer Discretionary,2026-03-27,114.81604799041438,6
sp500,Consumer Discretionary,2026-03-30,113.85416447075735,6
sp500,Consumer Discretionary,2026-03-31,117.00211556648989,6
sp500,Consumer Discretionary,2026-04-01,114.31990456384167,6
sp500,Consumer Discretionary,2026-04-02,112.95174043562656,6
sp500,Consumer Discretionary,2026-04-03,106.45067398589028,6
sp500,Consumer Discretionary,2026-04-06,106.97441416115066,6
sp500,Consumer Discretionary,2026-04-07,113.62771771459823,6
sp500,Consumer Discretionary,2026-04-08,115.55385902041104,6
sp500,Consumer Discretionary,2026-04-09,116.21735384305849,6
sp500,Consumer Discretionary,2026-04-10,114.89387902697597,6
sp500,Consumer Discretionary,2026-04-13,114.81321969574184,6
sp500,Consumer Discretionary,2026-04-14,116.37760527506657,6
sp500,Consumer Discretionary,2026-04-15,119.19076325399811,6
sp500,Consumer Discretionary,2026-04-16,119.44931764166857,6
sp500,Consumer Discretionary,2026-04-17,121.96479769777626,6
sp500,Consumer Discretionary,2026-04-20,121.9143051232648,6
sp500,Consumer Discretionary,2026-04-21,120.94961855990331,6
sp500,Consumer Discretionary,2026-04-22,120.44672588530179,6
sp500,Consumer Discretionary,2026-04-23,119.32519650337576,6
sp500,Consumer Discretionary,2026-04-24,118.7875431533396,6
sp500,Consumer Discretionary,2026-04-27,118.44481424547952,6
sp500,Consumer Discretionary,2026-04-28,117.75350070826127,6
sp500,Consumer Discretionary,2026-04-29,118.76027329777787,6
sp500,Consumer Discretionary,2026-04-30,119.99474159401599,6
sp500,Consumer Discretionary,2026-05-01,119.79120083604036,6
sp500,Consumer Discretionary,2026-05-04,118.57056576048083,6
sp500,Consumer Discretionary,2026-05-05,118.87992936721588,6
sp500,Consumer Discretionary,2026-05-06,120.60415583212416,6
sp500,Consumer Discretionary,2026-05-07,119.87113926622438,6
sp500,Consumer Discretionary,2026-05-08,120.39531770712676,6
sp500,Consumer Discretionary,2026-05-11,118.926040985851,6
sp500,Consumer Discretionary,2026-05-12,119.2374165750317,6
sp500,Consumer Discretionary,2026-05-13,119.88146064472956,6
sp500,Consumer Discretionary,2026-05-14,121.00300094157642,6
sp500,Consumer Discretionary,2026-05-15,120.30981315493656,6
sp500,Consumer Discretionary,2026-05-18,120.02215948499331,6
sp500,Consumer Discretionary,2026-05-19,120.21499920820622,6
sp500,Consumer Discretionary,2026-05-20,121.3498379818497,6
sp500,Consumer Discretionary,2026-05-21,122.23851448718925,6
sp500,Consumer Discretionary,2026-05-22,122.50248308061057,6
sp500,Consumer Discretionary,2026-05-25,109.73927329376924,6
sp500,Consumer Discretionary,2026-05-26,116.7679345938484,6
sp500,Consumer Discretionary,2026-05-27,127.0626874627907,6
sp500,Consumer Discretionary,2026-05-28,127.65998509180953,6
sp500,Consumer Discretionary,2026-05-29,126.10743376363962,6
sp500,Consumer Discretionary,2026-06-01,123.07668222863322,6
sp500,Consumer Discretionary,2026-06-02,122.38758818627184,6
sp500,Consumer Discretionary,2026-06-03,123.49329361159288,6
sp500,Consumer Discretionary,2026-06-04,122.73717693409355,6
sp500,Consumer Discretionary,2026-06-05,120.76679659854186,6
sp500,Consumer Discretionary,2026-06-08,121.99389423541925,6
sp500,Consumer Discretionary,2026-06-09,123.17125407291158,6
sp500,Consumer Discretionary,2026-06-10,122.13822478448226,6
sp500,Consumer Discretionary,2026-06-11,126.37844125058051,6
sp500,Consumer Discretionary,2026-06-12,126.37112461110776,6
sp500,Consumer Discretionary,2026-06-15,126.64412894396138,6
sp500,Consumer Discretionary,2026-06-16,126.33099937754197,6
sp500,Consumer Discretionary,2026-06-17,123.4172644423881,6
sp500,Consumer Discretionary,2026-06-18,124.42065469212086,6
sp500,Consumer Discretionary,2026-06-19,113.3359958877033,6
sp500,Consumer Discretionary,2026-06-22,117.55287394760465,6
sp500,Consumer Discretionary,2026-06-23,124.7987342877503,6
sp500,Consumer Discretionary,2026-06-24,126.11893338192235,6
sp500,Consumer Discretionary,2026-06-25,124.90904450422984,6
sp500,Consumer Discretionary,2026-06-26,126.46064910502541,6
sp500,Consumer Discretionary,2026-06-29,127.69345190280607,6
sp500,Consumer Discretionary,2026-06-30,127.13374337572938,6
sp500,Consumer Discretionary,2026-07-01,128.65318999402746,6
sp500,Consumer Discretionary,2026-07-02,129.21879910116954,6
sp500,Consumer Discretionary,2026-07-03,122.03096811383527,6
sp500,Consumer Discretionary,2026-07-06,132.3152779612743,6
sp500,Consumer Discretionary,2026-07-07,130.84953715408741,6
sp500,Consumer Discretionary,2026-07-08,130.20170671325454,6
sp500,Consumer Discretionary,2026-07-09,131.09310961884938,6
sp500,Consumer Discretionary,2026-07-10,132.48203774229177,6
sp500,Consumer Discretionary,2026-07-13,131.45992112981247,6
sp500,Consumer Discretionary,2026-07-14,130.6259064734267,6
sp500,Consumer Discretionary,2026-07-15,130.48730362155658,6
sp500,Consumer Discretionary,2026-07-16,133.57630910689414,6
sp500,Consumer Discretionary,2026-07-17,130.9612505035485,6
sp500,Consumer Discretionary,2026-07-20,130.0304756032601,6
sp500,Consumer Discretionary,2026-07-21,130.07632389145505,6
sp500,Consumer Discretionary,2026-07-22,129.18043940020806,6
sp500,Consumer Discretionary,2026-07-23,124.2643460825038,6
sp500,Consumer Discretionary,2026-07-24,124.83411707582341,6
sp500,Consumer Discretionary,2026-07-27,126.60363187846224,6
sp500,Consumer Discretionary,2026-07-28,128.42243815462632,6
sp500,Consumer Discretionary,2026-07-29,128.50542091066438,6
sp500,Consumer Discretionary,2026-07-30,128.73315854321757,6
sp500,Consumer Staples,2023-08-09,100.0,13
sp500,Consumer Staples,2023-08-10,99.75830750767936,13
sp500,Consumer Staples,2023-08-11,100.0064439388507,13
sp500,Consumer Staples,2023-08-14,99.42807000266201,13
sp500,Consumer Staples,2023-08-15,98.32649012659755,13
sp500,Consumer Staples,2023-08-16,97.94633065060687,13
sp500,Consumer Staples,2023-08-17,97.23486481215402,13
sp500,Consumer Staples,2023-08-18,97.69179626589978,13
sp500,Consumer Staples,2023-08-21,96.77150382461615,13
sp500,Consumer Staples,2023-08-22,96.40553260681426,13
sp500,Consumer Staples,2023-08-23,96.656553703782,13
sp500,Consumer Staples,2023-08-24,96.37904207794786,13
sp500,Consumer Staples,2023-08-25,97.1044196432885,13
sp500,Consumer Staples,2023-08-28,97.47800175174643,13
sp500,Consumer Staples,2023-08-29,97.70100319892846,13
sp500,Consumer Staples,2023-08-30,97.70026603582527,13
sp500,Consumer Staples,2023-08-31,97.04343846748354,13
sp500,Consumer Staples,2023-09-01,95.95867609002495,13
sp500,Consumer Staples,2023-09-05,95.5840344090487,13
sp500,Consumer Staples,2023-09-06,95.27232776182711,13
sp500,Consumer Staples,2023-09-07,95.56391274795531,13
sp500,Consumer Staples,2023-09-08,96.00355664590973,13
sp500,Consumer Staples,2023-09-11,96.91085353834497,13
sp500,Consumer Staples,2023-09-12,96.12638769186516,13
sp500,Consumer Staples,2023-09-13,96.17076715367374,13
sp500,Consumer Staples,2023-09-14,97.04027491115936,13
sp500,Consumer Staples,2023-09-15,96.23396909261656,13
sp500,Consumer Staples,2023-09-18,96.43095707912909,13
sp500,Consumer Staples,2023-09-19,96.14399803038684,13
sp500,Consumer Staples,2023-09-20,96.4039895458031,13
sp500,Consumer Staples,2023-09-21,95.8097816473166,13
sp500,Consumer Staples,2023-09-22,95.18298987315231,13
sp500,Consumer Staples,2023-09-25,94.51860888506032,13
sp500,Consumer Staples,2023-09-26,93.95698312319844,13
sp500,Consumer Staples,2023-09-27,93.00458356808157,13
sp500,Consumer Staples,2023-09-28,93.21949588186948,13
sp500,Consumer Staples,2023-09-29,93.07492126295169,13
sp500,Consumer Staples,2023-10-02,91.93063102824847,13
sp500,Consumer Staples,2023-10-03,91.07193985586618,13
sp500,Consumer Staples,2023-10-04,91.52051621021346,13
sp500,Consumer Staples,2023-10-05,89.64271515678539,13
sp500,Consumer Staples,2023-10-06,89.70532673671624,13
sp500,Consumer Staples,2023-10-09,90.34598403367691,13
sp500,Consumer Staples,2023-10-10,90.7099783740131,13
sp500,Consumer Staples,2023-10-11,90.14909095726829,13
sp500,Consumer Staples,2023-10-12,88.61074811647501,13
sp500,Consumer Staples,2023-10-13,90.06673010709481,13
sp500,Consumer Staples,2023-10-16,90.83626919045736,13
sp500,Consumer Staples,2023-10-17,90.88710733056725,13
sp500,Consumer Staples,2023-10-18,91.26832046128061,13
sp500,Consumer Staples,2023-10-19,90.45603001009654,13
sp500,Consumer Staples,2023-10-20,90.39875242410922,13
sp500,Consumer Staples,2023-10-23,89.89047602454126,13
sp500,Consumer Staples,2023-10-24,90.78492213823802,13
sp500,Consumer Staples,2023-10-25,91.73943548943863,13
sp500,Consumer Staples,2023-10-26,90.9794120395649,13
sp500,Consumer Staples,2023-10-27,89.66555041951081,13
sp500,Consumer Staples,2023-10-30,90.89976667842097,13
sp500,Consumer Staples,2023-10-31,91.14011675042339,13
sp500,Consumer Staples,2023-11-01,91.27191269422727,13
sp500,Consumer Staples,2023-11-02,92.65124171147173,13
sp500,Consumer Staples,2023-11-03,92.45073240807214,13
sp500,Consumer Staples,2023-11-06,92.45820502335543,13
sp500,Consumer Staples,2023-11-07,92.39822242954553,13
sp500,Consumer Staples,2023-11-08,92.35878534918866,13
sp500,Consumer Staples,2023-11-09,92.14037655856578,13
sp500,Consumer Staples,2023-11-10,92.38101928630127,13
sp500,Consumer Staples,2023-11-13,92.61785350916198,13
sp500,Consumer Staples,2023-11-14,93.27222873879798,13
sp500,Consumer Staples,2023-11-15,93.32033477625846,13
sp500,Consumer Staples,2023-11-16,93.39684328869076,13
sp500,Consumer Staples,2023-11-17,93.23159756640567,13
sp500,Consumer Staples,2023-11-20,93.0661112146681,13
sp500,Consumer Staples,2023-11-21,93.51384700592884,13
sp500,Consumer Staples,2023-11-22,94.32466551009614,13
sp500,Consumer Staples,2023-11-24,94.6895006513079,13
sp500,Consumer Staples,2023-11-27,94.13223872372929,13
sp500,Consumer Staples,2023-11-28,94.30671490741075,13
sp500,Consumer Staples,2023-11-29,93.64095346780901,13
sp500,Consumer Staples,2023-11-30,94.45001359794195,13
sp500,Consumer Staples,2023-12-01,95.01909552134398,13
sp500,Consumer Staples,2023-12-04,95.43754802609583,13
sp500,Consumer Staples,2023-12-05,94.6921661139091,13
sp500,Consumer Staples,2023-12-06,95.43132658347258,13
sp500,Consumer Staples,2023-12-07,95.6807541769244,13
sp500,Consumer Staples,2023-12-08,95.00908320164856,13
sp500,Consumer Staples,2023-12-11,96.00868339720596,13
sp500,Consumer Staples,2023-12-12,96.56638599662669,13
sp500,Consumer Staples,2023-12-13,98.29761868737137,13
sp500,Consumer Staples,2023-12-14,96.50922793586898,13
sp500,Consumer Staples,2023-12-15,96.00339808210613,13
sp500,Consumer Staples,2023-12-18,97.05538625600086,13
sp500,Consumer Staples,2023-12-19,97.0571445675463,13
sp500,Consumer Staples,2023-12-20,94.66671828173777,13
sp500,Consumer Staples,2023-12-21,95.18185387235812,13
sp500,Consumer Staples,2023-12-22,95.7022164821115,13
sp500,Consumer Staples,2023-12-26,95.9648680948055,13
sp500,Consumer Staples,2023-12-27,95.92552737308428,13
sp500,Consumer Staples,2023-12-28,96.06851062487665,13
sp500,Consumer Staples,2023-12-29,96.38638708173211,13
sp500,Consumer Staples,2024-01-02,98.14536540990375,13
sp500,Consumer Staples,2024-01-03,97.71781317981784,13
sp500,Consumer Staples,2024-01-04,97.25146406112583,13
sp500,Consumer Staples,2024-01-05,96.82066903346022,13
sp500,Consumer Staples,2024-01-08,97.47255201536326,13
sp500,Consumer Staples,2024-01-09,97.8445149739368,13
sp500,Consumer Staples,2024-01-10,97.04531255635726,13
sp500,Consumer Staples,2024-01-11,96.88459089194285,13
sp500,Consumer Staples,2024-01-12,97.31086415915749,13
sp500,Consumer Staples,2024-01-16,96.62818323117394,13
sp500,Consumer Staples,2024-01-17,96.86951179405493,13
sp500,Consumer Staples,2024-01-18,96.48265803436354,13
sp500,Consumer Staples,2024-01-19,96.1768204957402,13
sp500,Consumer Staples,2024-01-22,96.04097066481009,13
sp500,Consumer Staples,2024-01-23,97.50515618127527,13
sp500,Consumer Staples,2024-01-24,96.15485598288325,13
sp500,Consumer Staples,2024-01-25,97.25559378499264,13
sp500,Consumer Staples,2024-01-26,97.67726607797759,13
sp500,Consumer Staples,2024-01-29,97.76402618428425,13
sp500,Consumer Staples,2024-01-30,98.45862810694808,13
sp500,Consumer Staples,2024-01-31,97.79101957056857,13
sp500,Consumer Staples,2024-02-01,99.55099162145187,13
sp500,Consumer Staples,2024-02-02,98.91652007082243,13
sp500,Consumer Staples,2024-02-05,97.6211450037781,13
sp500,Consumer Staples,2024-02-06,98.0842408811889,13
sp500,Consumer Staples,2024-02-07,97.46090365270503,13
sp500,Consumer Staples,2024-02-08,97.24195558193767,13
sp500,Consumer Staples,2024-02-09,95.97492697776502,13
sp500,Consumer Staples,2024-02-12,96.7924609081755,13
sp500,Consumer Staples,2024-02-13,95.91435722981097,13
sp500,Consumer Staples,2024-02-14,95.14151828998104,13
sp500,Consumer Staples,2024-02-15,95.73838365582071,13
sp500,Consumer Staples,2024-02-16,95.87524116189107,13
sp500,Consumer Staples,2024-02-20,97.41924214464937,13
sp500,Consumer Staples,2024-02-21,97.96221525239557,13
sp500,Consumer Staples,2024-02-22,98.14741037577878,13
sp500,Consumer Staples,2024-02-23,98.44110538119935,13
sp500,Consumer Staples,2024-02-26,97.94877895946462,13
sp500,Consumer Staples,2024-02-27,97.75806135818758,13
sp500,Consumer Staples,2024-02-28,97.82425910443746,13
sp500,Consumer Staples,2024-02-29,97.65636685814667,13
sp500,Consumer Staples,2024-03-01,97.48305473756314,13
sp500,Consumer Staples,2024-03-04,97.73843102469152,13
sp500,Consumer Staples,2024-03-05,97.62731742417769,13
sp500,Consumer Staples,2024-03-06,98.45839192774574,13
sp500,Consumer Staples,2024-03-07,98.28257380877847,13
sp500,Consumer Staples,2024-03-08,98.16628743749834,13
sp500,Consumer Staples,2024-03-11,99.0966436155396,13
sp500,Consumer Staples,2024-03-12,99.31810632372503,13
sp500,Consumer Staples,2024-03-13,99.56542480452738,13
sp500,Consumer Staples,2024-03-14,98.74578085472395,13
sp500,Consumer Staples,2024-03-15,98.88918388844155,13
sp500,Consumer Staples,2024-03-18,99.82325232089238,13
sp500,Consumer Staples,2024-03-19,100.52366455451312,13
sp500,Consumer Staples,2024-03-20,100.52277466925776,13
sp500,Consumer Staples,2024-03-21,100.57249353652563,13
sp500,Consumer Staples,2024-03-22,100.27862619879804,13
sp500,Consumer Staples,2024-03-25,100.28316738377872,13
sp500,Consumer Staples,2024-03-26,101.02827557080332,13
sp500,Consumer Staples,2024-03-27,101.99924988025448,13
sp500,Consumer Staples,2024-03-28,102.4524685563202,13
sp500,Consumer Staples,2024-04-01,101.96566900069564,13
sp500,Consumer Staples,2024-04-02,101.841453610847,13
sp500,Consumer Staples,2024-04-03,100.2681051542475,13
sp500,Consumer Staples,2024-04-04,100.6910783527144,13
sp500,Consumer Staples,2024-04-05,100.61727600813563,13
sp500,Consumer Staples,2024-04-08,100.84273349967154,13
sp500,Consumer Staples,2024-04-09,101.42821839534773,13
sp500,Consumer Staples,2024-04-10,100.36836940647318,13
sp500,Consumer Staples,2024-04-11,99.57465396690375,13
sp500,Consumer Staples,2024-04-12,98.4263062296753,13
sp500,Consumer Staples,2024-04-15,98.71413473100034,13
sp500,Consumer Staples,2024-04-16,98.9877870719929,13
sp500,Consumer Staples,2024-04-17,99.728725739415,13
sp500,Consumer Staples,2024-04-18,100.2018532815681,13
sp500,Consumer Staples,2024-04-19,101.5188747729628,13
sp500,Consumer Staples,2024-04-22,102.73270340027278,13
sp500,Consumer Staples,2024-04-23,103.44774821411924,13
sp500,Consumer Staples,2024-04-24,104.63061407395303,13
sp500,Consumer Staples,2024-04-25,104.22969549583874,13
sp500,Consumer Staples,2024-04-26,103.93647304705156,13
sp500,Consumer Staples,2024-04-29,104.18522428940203,13
sp500,Consumer Staples,2024-04-30,104.37472210618878,13
sp500,Consumer Staples,2024-05-01,103.71402750611382,13
sp500,Consumer Staples,2024-05-02,104.41977867226157,13
sp500,Consumer Staples,2024-05-03,104.16429332021922,13
sp500,Consumer Staples,2024-05-06,104.01666471515394,13
sp500,Consumer Staples,2024-05-07,104.86303371890358,13
sp500,Consumer Staples,2024-05-08,104.74466233312619,13
sp500,Consumer Staples,2024-05-09,105.31245068992241,13
sp500,Consumer Staples,2024-05-10,106.17901603949889,13
sp500,Consumer Staples,2024-05-13,106.02331002366094,13
sp500,Consumer Staples,2024-05-14,105.81438925066806,13
sp500,Consumer Staples,2024-05-15,105.5972373360149,13
sp500,Consumer Staples,2024-05-16,106.51813129927268,13
sp500,Consumer Staples,2024-05-17,106.15626797000417,13
sp500,Consumer Staples,2024-05-20,105.87897331696851,13
sp500,Consumer Staples,2024-05-21,106.1641383286215,13
sp500,Consumer Staples,2024-05-22,106.31474236367282,13
sp500,Consumer Staples,2024-05-23,104.81050408665998,13
sp500,Consumer Staples,2024-05-24,104.66470984861635,13
sp500,Consumer Staples,2024-05-28,103.26310074093945,13
sp500,Consumer Staples,2024-05-29,102.28218517095861,13
sp500,Consumer Staples,2024-05-30,102.60436286787504,13
sp500,Consumer Staples,2024-05-31,104.49516512180136,13
sp500,Consumer Staples,2024-06-03,104.42518461733331,13
sp500,Consumer Staples,2024-06-04,105.18529853332939,13
sp500,Consumer Staples,2024-06-05,104.69284797824065,13
sp500,Consumer Staples,2024-06-06,104.86916407132752,13
sp500,Consumer Staples,2024-06-07,104.31266000249413,13
sp500,Consumer Staples,2024-06-10,103.59215907779617,13
sp500,Consumer Staples,2024-06-11,103.84090816121274,13
sp500,Consumer Staples,2024-06-12,102.71198862033486,13
sp500,Consumer Staples,2024-06-13,102.95359809408583,13
sp500,Consumer Staples,2024-06-14,102.7517088358623,13
sp500,Consumer Staples,2024-06-17,103.93124865095264,13
sp500,Consumer Staples,2024-06-18,104.02448279095768,13
sp500,Consumer Staples,2024-06-20,103.77812213858498,13
sp500,Consumer Staples,2024-06-21,103.90602044528158,13
sp500,Consumer Staples,2024-06-24,105.06145978344217,13
sp500,Consumer Staples,2024-06-25,104.37355718255452,13
sp500,Consumer Staples,2024-06-26,103.91384093166933,13
sp500,Consumer Staples,2024-06-27,103.72290419560267,13
sp500,Consumer Staples,2024-06-28,103.40092090413894,13
sp500,Consumer Staples,2024-07-01,102.82814845867134,13
sp500,Consumer Staples,2024-07-02,103.2276121162125,13
sp500,Consumer Staples,2024-07-03,102.97174264238895,13
sp500,Consumer Staples,2024-07-05,103.75113504392175,13
sp500,Consumer Staples,2024-07-08,103.50380013808818,13
sp500,Consumer Staples,2024-07-09,103.69607311005178,13
sp500,Consumer Staples,2024-07-10,104.25051936047578,13
sp500,Consumer Staples,2024-07-11,104.09692268728502,13
sp500,Consumer Staples,2024-07-12,104.54634735905618,13
sp500,Consumer Staples,2024-07-15,104.45400692674396,13
sp500,Consumer Staples,2024-07-16,105.3707051772228,13
sp500,Consumer Staples,2024-07-17,107.74744659864639,13
sp500,Consumer Staples,2024-07-18,107.52398178870541,13
sp500,Consumer Staples,2024-07-19,106.62345648501712,13
sp500,Consumer Staples,2024-07-22,106.51088193733025,13
sp500,Consumer Staples,2024-07-23,105.73256919057098,13
sp500,Consumer Staples,2024-07-24,106.8760155671204,13
sp500,Consumer Staples,2024-07-25,107.0967333691416,13
sp500,Consumer Staples,2024-07-26,108.22555632380792,13
sp500,Consumer Staples,2024-07-29,108.64109780721552,13
sp500,Consumer Staples,2024-07-30,108.50607697509413,13
sp500,Consumer Staples,2024-07-31,108.12028806317835,13
sp500,Consumer Staples,2024-08-01,109.66814854037352,13
sp500,Consumer Staples,2024-08-02,111.55713342053915,13
sp500,Consumer Staples,2024-08-05,109.09754200168113,13
sp500,Consumer Staples,2024-08-06,109.37241033812404,13
sp500,Consumer Staples,2024-08-07,109.76501555806352,13
sp500,Consumer Staples,2024-08-08,110.75471002118766,13
sp500,Consumer Staples,2024-08-09,110.74457400287837,13
sp500,Consumer Staples,2024-08-12,109.62718812976438,13
sp500,Consumer Staples,2024-08-13,110.46294533258259,13
sp500,Consumer Staples,2024-08-14,111.32964223416393,13
sp500,Consumer Staples,2024-08-15,110.65398317686666,13
sp500,Consumer Staples,2024-08-16,111.13181414042069,13
sp500,Consumer Staples,2024-08-19,112.01268741894692,13
sp500,Consumer Staples,2024-08-20,112.48716295588788,13
sp500,Consumer Staples,2024-08-21,112.93615981731779,13
sp500,Consumer Staples,2024-08-22,112.88995799103002,13
sp500,Consumer Staples,2024-08-23,113.24555298560415,13
sp500,Consumer Staples,2024-08-26,113.86954103750801,13
sp500,Consumer Staples,2024-08-27,114.11774745690376,13
sp500,Consumer Staples,2024-08-28,114.08533813767319,13
sp500,Consumer Staples,2024-08-29,113.61969664827394,13
sp500,Consumer Staples,2024-08-30,114.50495714429401,13
sp500,Consumer Staples,2024-09-03,116.0183962351371,13
sp500,Consumer Staples,2024-09-04,117.03171617754506,13
sp500,Consumer Staples,2024-09-05,116.83976904963849,13
sp500,Consumer Staples,2024-09-06,116.60521406710313,13
sp500,Consumer Staples,2024-09-09,117.20996571229053,13
sp500,Consumer Staples,2024-09-10,116.84813117068342,13
sp500,Consumer Staples,2024-09-11,114.9163268107984,13
sp500,Consumer Staples,2024-09-12,115.2179907931293,13
sp500,Consumer Staples,2024-09-13,115.99244370833823,13
sp500,Consumer Staples,2024-09-16,116.44653830797782,13
sp500,Consumer Staples,2024-09-17,115.37497978591851,13
sp500,Consumer Staples,2024-09-18,114.84497522391548,13
sp500,Consumer Staples,2024-09-19,114.0694163968217,13
sp500,Consumer Staples,2024-09-20,114.40453286270353,13
sp500,Consumer Staples,2024-09-23,114.50571366707439,13
sp500,Consumer Staples,2024-09-24,114.11603812406841,13
sp500,Consumer Staples,2024-09-25,114.0132802686771,13
sp500,Consumer Staples,2024-09-26,114.08045953941772,13
sp500,Consumer Staples,2024-09-27,114.23026082914541,13
sp500,Consumer Staples,2024-09-30,113.99318176464475,13
sp500,Consumer Staples,2024-10-01,114.0012272474835,13
sp500,Consumer Staples,2024-10-02,112.21642210285012,13
sp500,Consumer Staples,2024-10-03,110.9986691354012,13
sp500,Consumer Staples,2024-10-04,111.18246294698588,13
sp500,Consumer Staples,2024-10-07,110.33927678293833,13
sp500,Consumer Staples,2024-10-08,111.03907703518014,13
sp500,Consumer Staples,2024-10-09,111.67254928884395,13
sp500,Consumer Staples,2024-10-10,111.180137781247,13
sp500,Consumer Staples,2024-10-11,111.58126514117228,13
sp500,Consumer Staples,2024-10-14,112.22973371216287,13
sp500,Consumer Staples,2024-10-15,112.79161146950334,13
sp500,Consumer Staples,2024-10-16,112.70372167775307,13
sp500,Consumer Staples,2024-10-17,112.54636302196259,13
sp500,Consumer Staples,2024-10-18,112.46319028458626,13
sp500,Consumer Staples,2024-10-21,110.92504187357291,13
sp500,Consumer Staples,2024-10-22,111.84923102733751,13
sp500,Consumer Staples,2024-10-23,111.36956811683314,13
sp500,Consumer Staples,2024-10-24,111.17817495554007,13
sp500,Consumer Staples,2024-10-25,110.17363917658992,13
sp500,Consumer Staples,2024-10-28,110.58775799318103,13
sp500,Consumer Staples,2024-10-29,109.58089603005445,13
sp500,Consumer Staples,2024-10-30,109.36200880379812,13
sp500,Consumer Staples,2024-10-31,109.57430221933278,13
sp500,Consumer Staples,2024-11-01,109.34880279404018,13
sp500,Consumer Staples,2024-11-04,109.27864758872752,13
sp500,Consumer Staples,2024-11-05,110.04286652284078,13
sp500,Consumer Staples,2024-11-06,107.83987342992107,13
sp500,Consumer Staples,2024-11-07,107.24318479587114,13
sp500,Consumer Staples,2024-11-08,108.67737098915924,13
sp500,Consumer Staples,2024-11-11,107.49182551389458,13
sp500,Consumer Staples,2024-11-12,107.10485607005246,13
sp500,Consumer Staples,2024-11-13,107.3730014475073,13
sp500,Consumer Staples,2024-11-14,107.21441388997755,13
sp500,Consumer Staples,2024-11-15,106.2679779747796,13
sp500,Consumer Staples,2024-11-18,106.96186847160554,13
sp500,Consumer Staples,2024-11-19,106.6476210678774,13
sp500,Consumer Staples,2024-11-20,107.60056609144195,13
sp500,Consumer Staples,2024-11-21,108.57447095063941,13
sp500,Consumer Staples,2024-11-22,109.59756237918012,13
sp500,Consumer Staples,2024-11-25,110.08965450567885,13
sp500,Consumer Staples,2024-11-26,110.86424473095742,13
sp500,Consumer Staples,2024-11-27,110.66440681888692,13
sp500,Consumer Staples,2024-11-29,110.97156034109214,13
sp500,Consumer Staples,2024-12-02,110.86869532627269,13
sp500,Consumer Staples,2024-12-03,109.77876984171297,13
sp500,Consumer Staples,2024-12-04,108.65494260921558,13
sp500,Consumer Staples,2024-12-05,109.25356757331654,13
sp500,Consumer Staples,2024-12-06,108.38197735106756,13
sp500,Consumer Staples,2024-12-09,108.58556757390363,13
sp500,Consumer Staples,2024-12-10,109.13778665576561,13
sp500,Consumer Staples,2024-12-11,107.99546571585577,13
sp500,Consumer Staples,2024-12-12,108.60648755356873,13
sp500,Consumer Staples,2024-12-13,108.54340979871789,13
sp500,Consumer Staples,2024-12-16,107.73614611200422,13
sp500,Consumer Staples,2024-12-17,107.90359277527301,13
sp500,Consumer Staples,2024-12-18,106.1414282163273,13
sp500,Consumer Staples,2024-12-19,105.42111893545653,13
sp500,Consumer Staples,2024-12-20,105.82675230259689,13
sp500,Consumer Staples,2024-12-23,105.63169899056868,13
sp500,Consumer Staples,2024-12-24,106.04151224502705,13
sp500,Consumer Staples,2024-12-26,105.81412344189897,13
sp500,Consumer Staples,2024-12-27,105.49773494985635,13
sp500,Consumer Staples,2024-12-30,104.37002935824076,13
sp500,Consumer Staples,2024-12-31,104.86220426037963,13
sp500,Consumer Staples,2025-01-02,104.55367258551185,13
sp500,Consumer Staples,2025-01-03,104.5358731973539,13
sp500,Consumer Staples,2025-01-06,102.29158350818825,13
sp500,Consumer Staples,2025-01-07,101.94837990683439,13
sp500,Consumer Staples,2025-01-08,102.07214926615886,13
sp500,Consumer Staples,2025-01-10,99.60612694997292,13
sp500,Consumer Staples,2025-01-13,100.28206379760817,13
sp500,Consumer Staples,2025-01-14,100.52408575057201,13
sp500,Consumer Staples,2025-01-15,100.21058571921787,13
sp500,Consumer Staples,2025-01-16,101.17683624076106,13
sp500,Consumer Staples,2025-01-17,101.88649398998994,13
sp500,Consumer Staples,2025-01-21,102.12581747413323,13
sp500,Consumer Staples,2025-01-22,101.31306199399417,13
sp500,Consumer Staples,2025-01-23,101.9273915711559,13
sp500,Consumer Staples,2025-01-24,102.61547708895506,13
sp500,Consumer Staples,2025-01-27,105.48481725548335,13
sp500,Consumer Staples,2025-01-28,103.63152310358237,13
sp500,Consumer Staples,2025-01-29,103.7904983740287,13
sp500,Consumer Staples,2025-01-30,104.94180262949853,13
sp500,Consumer Staples,2025-01-31,103.88293035823577,13
sp500,Consumer Staples,2025-02-03,103.9880175742235,13
sp500,Consumer Staples,2025-02-04,102.80247037785432,13
sp500,Consumer Staples,2025-02-05,103.2649594744025,13
sp500,Consumer Staples,2025-02-06,104.22332966966749,13
sp500,Consumer Staples,2025-02-07,104.37876525478782,13
sp500,Consumer Staples,2025-02-10,104.37905723601068,13
sp500,Consumer Staples,2025-02-11,105.85973732231089,13
sp500,Consumer Staples,2025-02-12,105.5206613560036,13
sp500,Consumer Staples,2025-02-13,106.58451248558427,13
sp500,Consumer Staples,2025-02-14,105.56126389609828,13
sp500,Consumer Staples,2025-02-18,104.96251565774388,13
sp500,Consumer Staples,2025-02-19,106.37070455401157,13
sp500,Consumer Staples,2025-02-20,107.38784765227058,13
sp500,Consumer Staples,2025-02-21,109.62138521781178,13
sp500,Consumer Staples,2025-02-24,110.13767719630714,13
sp500,Consumer Staples,2025-02-25,111.57296448324405,13
sp500,Consumer Staples,2025-02-26,108.84005177491527,13
sp500,Consumer Staples,2025-02-27,109.17673954848519,13
sp500,Consumer Staples,2025-02-28,110.2352533924886,13
sp500,Consumer Staples,2025-03-03,112.24225140221138,13
sp500,Consumer Staples,2025-03-04,110.11869932672629,13
sp500,Consumer Staples,2025-03-05,109.99129548555734,13
sp500,Consumer Staples,2025-03-06,110.77305640378879,13
sp500,Consumer Staples,2025-03-07,112.33671144060533,13
sp500,Consumer Staples,2025-03-10,113.02360273743595,13
sp500,Consumer Staples,2025-03-11,110.51065217821305,13
sp500,Consumer Staples,2025-03-12,108.00268700201008,13
sp500,Consumer Staples,2025-03-13,107.5073929735986,13
sp500,Consumer Staples,2025-03-14,107.46144465288698,13
sp500,Consumer Staples,2025-03-17,108.96710267294192,13
sp500,Consumer Staples,2025-03-18,107.89412320939944,13
sp500,Consumer Staples,2025-03-19,107.5963522761393,13
sp500,Consumer Staples,2025-03-20,106.98756120054887,13
sp500,Consumer Staples,2025-03-21,106.60121583378263,13
sp500,Consumer Staples,2025-03-24,106.65638313931605,13
sp500,Consumer Staples,2025-03-25,106.05816457418011,13
sp500,Consumer Staples,2025-03-26,107.99902032110751,13
sp500,Consumer Staples,2025-03-27,109.1394731593529,13
sp500,Consumer Staples,2025-03-28,108.93097993485932,13
sp500,Consumer Staples,2025-03-31,110.33007526529268,13
sp500,Consumer Staples,2025-04-01,110.2192990207292,13
sp500,Consumer Staples,2025-04-02,109.37212633102884,13
sp500,Consumer Staples,2025-04-03,111.28206886671266,13
sp500,Consumer Staples,2025-04-04,106.84195078490532,13
sp500,Consumer Staples,2025-04-07,104.67878609802762,13
sp500,Consumer Staples,2025-04-08,102.91883905636325,13
sp500,Consumer Staples,2025-04-09,106.11638030078021,13
sp500,Consumer Staples,2025-04-10,106.03310076426165,13
sp500,Consumer Staples,2025-04-11,107.34013635808321,13
sp500,Consumer Staples,2025-04-14,109.04102423533493,13
sp500,Consumer Staples,2025-04-15,107.77894025948412,13
sp500,Consumer Staples,2025-04-16,106.2687187716511,13
sp500,Consumer Staples,2025-04-17,108.46266067724184,13
sp500,Consumer Staples,2025-04-21,107.58193076012303,13
sp500,Consumer Staples,2025-04-22,108.68659193637396,13
sp500,Consumer Staples,2025-04-23,107.92102748069708,13
sp500,Consumer Staples,2025-04-24,106.3634792501798,13
sp500,Consumer Staples,2025-04-25,105.89653065168226,13
sp500,Consumer Staples,2025-04-28,105.14869205354043,13
sp500,Consumer Staples,2025-04-29,105.95749747318702,13
sp500,Consumer Staples,2025-04-30,106.70247397101838,13
sp500,Consumer Staples,2025-05-01,105.24331596885126,13
sp500,Consumer Staples,2025-05-02,105.49146925330317,13
sp500,Consumer Staples,2025-05-05,105.23251502228229,13
sp500,Consumer Staples,2025-05-06,105.14927274780356,13
sp500,Consumer Staples,2025-05-07,105.21778528323753,13
sp500,Consumer Staples,2025-05-08,105.1865298274056,13
sp500,Consumer Staples,2025-05-09,104.3748630751274,13
sp500,Consumer Staples,2025-05-12,104.49549692114164,13
sp500,Consumer Staples,2025-05-13,102.88641608849811,13
sp500,Consumer Staples,2025-05-14,101.98231084420408,13
sp500,Consumer Staples,2025-05-15,104.35325868281251,13
sp500,Consumer Staples,2025-05-16,105.46577970325086,13
sp500,Consumer Staples,2025-05-19,105.83373763644668,13
sp500,Consumer Staples,2025-05-20,106.09958109535265,13
sp500,Consumer Staples,2025-05-21,104.4993234890925,13
sp500,Consumer Staples,2025-05-22,103.93900276524536,13
sp500,Consumer Staples,2025-05-23,104.18497871184258,13
sp500,Consumer Staples,2025-05-27,105.29965325059167,13
sp500,Consumer Staples,2025-05-28,104.57622656115109,13
sp500,Consumer Staples,2025-05-29,105.23280392412609,13
sp500,Consumer Staples,2025-05-30,105.93984543472325,13
sp500,Consumer Staples,2025-06-02,105.85168158728445,13
sp500,Consumer Staples,2025-06-03,105.50692638333285,13
sp500,Consumer Staples,2025-06-04,105.07759470426403,13
sp500,Consumer Staples,2025-06-05,104.20759484075354,13
sp500,Consumer Staples,2025-06-06,104.50003682585614,13
sp500,Consumer Staples,2025-06-09,104.32578721336616,13
sp500,Consumer Staples,2025-06-10,104.49922903970634,13
sp500,Consumer Staples,2025-06-11,104.34519550094055,13
sp500,Consumer Staples,2025-06-12,104.85426061925797,13
sp500,Consumer Staples,2025-06-13,103.08135003175047,13
sp500,Consumer Staples,2025-06-16,102.61542900395455,13
sp500,Consumer Staples,2025-06-17,101.7146085561449,13
sp500,Consumer Staples,2025-06-18,101.51633437326883,13
sp500,Consumer Staples,2025-06-20,101.63707887203981,13
sp500,Consumer Staples,2025-06-23,102.77671879681292,13
sp500,Consumer Staples,2025-06-24,102.73721878724247,13
sp500,Consumer Staples,2025-06-25,100.59509108913562,13
sp500,Consumer Staples,2025-06-26,100.8383678816027,13
sp500,Consumer Staples,2025-06-27,101.10137750811035,13
sp500,Consumer Staples,2025-06-30,101.70852997268925,13
sp500,Consumer Staples,2025-07-01,103.1355095346359,13
sp500,Consumer Staples,2025-07-02,103.50079952091167,13
sp500,Consumer Staples,2025-07-03,103.1294634994945,13
sp500,Consumer Staples,2025-07-07,102.3790399582131,13
sp500,Consumer Staples,2025-07-08,101.99489620582689,13
sp500,Consumer Staples,2025-07-09,101.2189369628304,13
sp500,Consumer Staples,2025-07-10,101.13434819503118,13
sp500,Consumer Staples,2025-07-11,100.97539401404217,13
sp500,Consumer Staples,2025-07-14,100.73107617201522,13
sp500,Consumer Staples,2025-07-15,99.71562221764412,13
sp500,Consumer Staples,2025-07-16,100.2430586865972,13
sp500,Consumer Staples,2025-07-17,101.0500251760403,13
sp500,Consumer Staples,2025-07-18,100.54237145839396,13
sp500,Consumer Staples,2025-07-21,100.09328241733219,13
sp500,Consumer Staples,2025-07-22,101.5886260873301,13
sp500,Consumer Staples,2025-07-23,101.90169984505543,13
sp500,Consumer Staples,2025-07-24,101.11966210865415,13
sp500,Consumer Staples,2025-07-25,100.95786971034586,13
sp500,Consumer Staples,2025-07-28,99.80453978288362,13
sp500,Consumer Staples,2025-07-29,100.93783536345417,13
sp500,Consumer Staples,2025-07-30,99.74906214335078,13
sp500,Consumer Staples,2025-07-31,98.7481697962757,13
sp500,Consumer Staples,2025-08-01,99.45474881505567,13
sp500,Consumer Staples,2025-08-04,99.55553643768465,13
sp500,Consumer Staples,2025-08-05,99.78443484095745,13
sp500,Consumer Staples,2025-08-06,100.84704764046973,13
sp500,Consumer Staples,2025-08-07,101.86000013008302,13
sp500,Consumer Staples,2025-08-08,101.96349802932782,13
sp500,Consumer Staples,2025-08-11,101.86435393148479,13
sp500,Consumer Staples,2025-08-12,101.94628232475755,13
sp500,Consumer Staples,2025-08-13,102.54928107376709,13
sp500,Consumer Staples,2025-08-14,101.8117682564541,13
sp500,Consumer Staples,2025-08-15,101.90188862558394,13
sp500,Consumer Staples,2025-08-18,101.34261628689909,13
sp500,Consumer Staples,2025-08-19,102.62889476828695,13
sp500,Consumer Staples,2025-08-20,103.03346151277162,13
sp500,Consumer Staples,2025-08-21,103.0405850597957,13
sp500,Consumer Staples,2025-08-22,103.43587988140732,13
sp500,Consumer Staples,2025-08-25,101.56474301091501,13
sp500,Consumer Staples,2025-08-26,100.9986452153574,13
sp500,Consumer Staples,2025-08-27,101.36652511383618,13
sp500,Consumer Staples,2025-08-28,100.51925922442697,13
sp500,Consumer Staples,2025-08-29,101.4765027123601,13
sp500,Consumer Staples,2025-09-01,93.63147709570947,13
sp500,Consumer Staples,2025-09-02,99.31040170985624,13
sp500,Consumer Staples,2025-09-03,103.48514297000409,13
sp500,Consumer Staples,2025-09-04,103.02159642496449,13
sp500,Consumer Staples,2025-09-05,104.07724860072773,13
sp500,Consumer Staples,2025-09-08,103.41798295268076,13
sp500,Consumer Staples,2025-09-09,103.71645818966509,13
sp500,Consumer Staples,2025-09-10,102.88054153712439,13
sp500,Consumer Staples,2025-09-11,103.68150079372478,13
sp500,Consumer Staples,2025-09-12,102.7881502853684,13
sp500,Consumer Staples,2025-09-15,100.79948970104846,13
sp500,Consumer Staples,2025-09-16,101.3197191115457,13
sp500,Consumer Staples,2025-09-17,101.71017739507901,13
sp500,Consumer Staples,2025-09-18,101.15098841902721,13
sp500,Consumer Staples,2025-09-19,101.18407903868565,13
sp500,Consumer Staples,2025-09-22,100.22654140128202,13
sp500,Consumer Staples,2025-09-23,100.73981510179104,13
sp500,Consumer Staples,2025-09-24,101.21145926168178,13
sp500,Consumer Staples,2025-09-25,99.64626007348824,13
sp500,Consumer Staples,2025-09-26,99.87150938834796,13
sp500,Consumer Staples,2025-09-29,99.5821704372689,13
sp500,Consumer Staples,2025-09-30,100.30004540417599,13
sp500,Consumer Staples,2025-10-01,100.9429780483954,13
sp500,Consumer Staples,2025-10-02,100.21852570438918,13
sp500,Consumer Staples,2025-10-03,100.15562298952506,13
sp500,Consumer Staples,2025-10-06,98.97889512917712,13
sp500,Consumer Staples,2025-10-07,99.62806659385967,13
sp500,Consumer Staples,2025-10-08,98.47802901736856,13
sp500,Consumer Staples,2025-10-09,98.84845934527242,13
sp500,Consumer Staples,2025-10-10,99.62169030725275,13
sp500,Consumer Staples,2025-10-13,98.4640833942908,13
sp500,Consumer Staples,2025-10-14,99.56865542749732,13
sp500,Consumer Staples,2025-10-15,98.88208449555698,13
sp500,Consumer Staples,2025-10-16,99.0094459021122,13
sp500,Consumer Staples,2025-10-17,100.23654876603818,13
sp500,Consumer Staples,2025-10-20,100.2630103111136,13
sp500,Consumer Staples,2025-10-21,100.00950137956917,13
sp500,Consumer Staples,2025-10-22,100.95518431103092,13
sp500,Consumer Staples,2025-10-23,99.97431407104597,13
sp500,Consumer Staples,2025-10-24,99.56429783079854,13
sp500,Consumer Staples,2025-10-27,99.84776963635044,13
sp500,Consumer Staples,2025-10-28,98.90347264549946,13
sp500,Consumer Staples,2025-10-29,96.22375824997982,13
sp500,Consumer Staples,2025-10-30,96.39720068379835,13
sp500,Consumer Staples,2025-10-31,95.98005717175451,13
sp500,Consumer Staples,2025-11-03,94.3556794587478,13
sp500,Consumer Staples,2025-11-04,94.58372170725849,13
sp500,Consumer Staples,2025-11-05,94.5835014533291,13
sp500,Consumer Staples,2025-11-06,94.25448623200573,13
sp500,Consumer Staples,2025-11-07,95.92327981384916,13
sp500,Consumer Staples,2025-11-10,95.46081443762132,13
sp500,Consumer Staples,2025-11-11,96.79371786589248,13
sp500,Consumer Staples,2025-11-12,96.55822639211395,13
sp500,Consumer Staples,2025-11-13,96.90071918082779,13
sp500,Consumer Staples,2025-11-14,96.79883691912167,13
sp500,Consumer Staples,2025-11-17,96.04606468201524,13
sp500,Consumer Staples,2025-11-18,96.84196408439459,13
sp500,Consumer Staples,2025-11-19,96.62157112414481,13
sp500,Consumer Staples,2025-11-20,96.87703055992552,13
sp500,Consumer Staples,2025-11-21,98.15902696845156,13
sp500,Consumer Staples,2025-11-24,96.55707996273205,13
sp500,Consumer Staples,2025-11-25,97.44231688556317,13
sp500,Consumer Staples,2025-11-26,97.94224245956562,13
sp500,Consumer Staples,2025-11-27,95.00958715259245,13
sp500,Consumer Staples,2025-11-28,99.21036516690518,13
sp500,Consumer Staples,2025-12-01,98.88582965018333,13
sp500,Consumer Staples,2025-12-02,97.58859424476537,13
sp500,Consumer Staples,2025-12-03,97.18613904765965,13
sp500,Consumer Staples,2025-12-04,96.04485220614934,13
sp500,Consumer Staples,2025-12-05,95.62307226058122,13
sp500,Consumer Staples,2025-12-08,95.36079846700943,13
sp500,Consumer Staples,2025-12-09,95.11290740449596,13
sp500,Consumer Staples,2025-12-10,95.60800122982302,13
sp500,Consumer Staples,2025-12-11,96.0449339020839,13
sp500,Consumer Staples,2025-12-12,96.93487952233141,13
sp500,Consumer Staples,2025-12-15,97.49763958008012,13
sp500,Consumer Staples,2025-12-16,97.39328619057329,13
sp500,Consumer Staples,2025-12-17,98.08034186273758,13
sp500,Consumer Staples,2025-12-18,97.33265998445796,13
sp500,Consumer Staples,2025-12-19,96.6940806179631,13
sp500,Consumer Staples,2025-12-22,96.52909050474719,13
sp500,Consumer Staples,2025-12-23,96.0196412776832,13
sp500,Consumer Staples,2025-12-24,96.70848270473942,13
sp500,Consumer Staples,2025-12-25,93.49554775804233,13
sp500,Consumer Staples,2025-12-26,96.99672298485181,13
sp500,Consumer Staples,2025-12-29,97.22625582784524,13
sp500,Consumer Staples,2025-12-30,97.11726285916188,13
sp500,Consumer Staples,2025-12-31,96.59368160180922,13
sp500,Consumer Staples,2026-01-01,92.68850610268692,13
sp500,Consumer Staples,2026-01-02,96.80916791042475,13
sp500,Consumer Staples,2026-01-05,95.01500907284833,13
sp500,Consumer Staples,2026-01-06,94.57444294644642,13
sp500,Consumer Staples,2026-01-07,93.27045699370406,13
sp500,Consumer Staples,2026-01-08,95.57190119204199,13
sp500,Consumer Staples,2026-01-09,96.51741307027334,13
sp500,Consumer Staples,2026-01-12,96.72368831953034,13
sp500,Consumer Staples,2026-01-13,97.41430620247307,13
sp500,Consumer Staples,2026-01-14,99.38474837180506,13
sp500,Consumer Staples,2026-01-15,99.55388475382159,13
sp500,Consumer Staples,2026-01-16,98.5821293112925,13
sp500,Consumer Staples,2026-01-19,93.11045608392058,13
sp500,Consumer Staples,2026-01-20,97.80457250517193,13
sp500,Consumer Staples,2026-01-21,100.02539524976031,13
sp500,Consumer Staples,2026-01-22,100.11238523856242,13
sp500,Consumer Staples,2026-01-23,100.8282607881109,13
sp500,Consumer Staples,2026-01-26,101.35381335795964,13
sp500,Consumer Staples,2026-01-27,102.0985386375853,13
sp500,Consumer Staples,2026-01-28,101.01866880011879,13
sp500,Consumer Staples,2026-01-29,100.65113393365462,13
sp500,Consumer Staples,2026-01-30,103.12456967412746,13
sp500,Consumer Staples,2026-02-02,103.25977322583431,13
sp500,Consumer Staples,2026-02-03,105.0282032328298,13
sp500,Consumer Staples,2026-02-04,107.63315997577155,13
sp500,Consumer Staples,2026-02-05,108.23381331476413,13
sp500,Consumer Staples,2026-02-06,108.55269596339289,13
sp500,Consumer Staples,2026-02-09,107.97873355517945,13
sp500,Consumer Staples,2026-02-10,108.3369591640309,13
sp500,Consumer Staples,2026-02-11,109.99114160275975,13
sp500,Consumer Staples,2026-02-12,110.28265164866843,13
sp500,Consumer Staples,2026-02-13,110.55834566769414,13
sp500,Consumer Staples,2026-02-16,101.09185956331682,13
sp500,Consumer Staples,2026-02-17,101.23828059093447,13
sp500,Consumer Staples,2026-02-18,111.26520017274501,13
sp500,Consumer Staples,2026-02-19,110.69078589305641,13
sp500,Consumer Staples,2026-02-20,110.94770989723996,13
sp500,Consumer Staples,2026-02-23,112.68392018635981,13
sp500,Consumer Staples,2026-02-24,113.35545763519674,13
sp500,Consumer Staples,2026-02-25,112.27003228610715,13
sp500,Consumer Staples,2026-02-26,112.43752083893648,13
sp500,Consumer Staples,2026-02-27,113.75872573872834,13
sp500,Consumer Staples,2026-03-02,112.31069372183886,13
sp500,Consumer Staples,2026-03-03,110.44763727891194,13
sp500,Consumer Staples,2026-03-04,109.26472750554079,13
sp500,Consumer Staples,2026-03-05,107.65521349599902,13
sp500,Consumer Staples,2026-03-06,108.3278981387722,13
sp500,Consumer Staples,2026-03-09,108.09526416740995,13
sp500,Consumer Staples,2026-03-10,106.85693625764658,13
sp500,Consumer Staples,2026-03-11,103.81489029426392,13
sp500,Consumer Staples,2026-03-12,102.07403266430302,13
sp500,Consumer Staples,2026-03-13,102.80251044900596,13
sp500,Consumer Staples,2026-03-16,102.56064883852613,13
sp500,Consumer Staples,2026-03-17,102.30993317538497,13
sp500,Consumer Staples,2026-03-18,99.47194992423742,13
sp500,Consumer Staples,2026-03-19,98.56363198009699,13
sp500,Consumer Staples,2026-03-20,97.77201968419378,13
sp500,Consumer Staples,2026-03-23,97.95149936862657,13
sp500,Consumer Staples,2026-03-24,97.61970941013195,13
sp500,Consumer Staples,2026-03-25,97.79627921870154,13
sp500,Consumer Staples,2026-03-26,97.26601980453427,13
sp500,Consumer Staples,2026-03-27,98.83806722309603,13
sp500,Consumer Staples,2026-03-30,99.8145812805771,13
sp500,Consumer Staples,2026-03-31,99.20383720769826,13
sp500,Consumer Staples,2026-04-01,98.3846134527186,13
sp500,Consumer Staples,2026-04-02,98.8516876265071,13
sp500,Consumer Staples,2026-04-03,96.58251834272598,13
sp500,Consumer Staples,2026-04-06,98.04118635586632,13
sp500,Consumer Staples,2026-04-07,100.02958596271696,13
sp500,Consumer Staples,2026-04-08,101.13760078776768,13
sp500,Consumer Staples,2026-04-09,101.98979843317927,13
sp500,Consumer Staples,2026-04-10,101.00931861619374,13
sp500,Consumer Staples,2026-04-13,99.75664119418339,13
sp500,Consumer Staples,2026-04-14,99.16295588932138,13
sp500,Consumer Staples,2026-04-15,98.68320500367778,13
sp500,Consumer Staples,2026-04-16,99.83409569547402,13
sp500,Consumer Staples,2026-04-17,100.66802630161418,13
sp500,Consumer Staples,2026-04-20,100.01628959934865,13
sp500,Consumer Staples,2026-04-21,98.79487258436008,13
sp500,Consumer Staples,2026-04-22,99.21898920133131,13
sp500,Consumer Staples,2026-04-23,100.5503942705306,13
sp500,Consumer Staples,2026-04-24,100.07229108091882,13
sp500,Consumer Staples,2026-04-27,99.24545540187397,13
sp500,Consumer Staples,2026-04-28,100.6407783916425,13
sp500,Consumer Staples,2026-04-29,99.91891538609896,13
sp500,Consumer Staples,2026-04-30,101.60800204979843,13
sp500,Consumer Staples,2026-05-01,101.44218234264248,13
sp500,Consumer Staples,2026-05-04,100.11325073061028,13
sp500,Consumer Staples,2026-05-05,100.81080172464038,13
sp500,Consumer Staples,2026-05-06,101.38313707654206,13
sp500,Consumer Staples,2026-05-07,101.71962681332461,13
sp500,Consumer Staples,2026-05-08,101.11059323044529,13
sp500,Consumer Staples,2026-05-11,100.11092987419681,13
sp500,Consumer Staples,2026-05-12,101.131991082385,13
sp500,Consumer Staples,2026-05-13,100.9045354579625,13
sp500,Consumer Staples,2026-05-14,101.06086410431594,13
sp500,Consumer Staples,2026-05-15,100.6054825890264,13
sp500,Consumer Staples,2026-05-18,101.88508736861961,13
sp500,Consumer Staples,2026-05-19,102.30234533375577,13
sp500,Consumer Staples,2026-05-20,101.8327925180569,13
sp500,Consumer Staples,2026-05-21,101.60550141745337,13
sp500,Consumer Staples,2026-05-22,102.2923052249938,13
sp500,Consumer Staples,2026-05-25,99.92201396251097,13
sp500,Consumer Staples,2026-05-26,99.38648591742688,13
sp500,Consumer Staples,2026-05-27,103.13310957373638,13
sp500,Consumer Staples,2026-05-28,102.75950376219673,13
sp500,Consumer Staples,2026-05-29,101.40729813402649,13
sp500,Consumer Staples,2026-06-01,100.12780818934417,13
sp500,Consumer Staples,2026-06-02,99.8112802378637,13
sp500,Consumer Staples,2026-06-03,99.0684215466281,13
sp500,Consumer Staples,2026-06-04,99.19221037128588,13
sp500,Consumer Staples,2026-06-05,101.35790298407599,13
sp500,Consumer Staples,2026-06-08,101.06511189402352,13
sp500,Consumer Staples,2026-06-09,102.56741629863579,13
sp500,Consumer Staples,2026-06-10,104.44959363683857,13
sp500,Consumer Staples,2026-06-11,103.87193683584788,13
sp500,Consumer Staples,2026-06-12,104.68738243669667,13
sp500,Consumer Staples,2026-06-15,103.83154364222345,13
sp500,Consumer Staples,2026-06-16,103.82293500158958,13
sp500,Consumer Staples,2026-06-17,101.66596864502051,13
sp500,Consumer Staples,2026-06-18,101.42579803034346,13
sp500,Consumer Staples,2026-06-19,100.18237559852533,13
sp500,Consumer Staples,2026-06-22,99.0005164334009,13
sp500,Consumer Staples,2026-06-23,103.94553288206399,13
sp500,Consumer Staples,2026-06-24,105.17214100456059,13
sp500,Consumer Staples,2026-06-25,105.41199402287893,13
sp500,Consumer Staples,2026-06-26,107.17975188002195,13
sp500,Consumer Staples,2026-06-29,107.5978453407789,13
sp500,Consumer Staples,2026-06-30,105.27722559063375,13
sp500,Consumer Staples,2026-07-01,108.11157525557573,13
sp500,Consumer Staples,2026-07-02,109.98902558858634,13
sp500,Consumer Staples,2026-07-03,113.29649284960644,13
sp500,Consumer Staples,2026-07-06,110.01264537702716,13
sp500,Consumer Staples,2026-07-07,110.4360552818084,13
sp500,Consumer Staples,2026-07-08,108.62322127965636,13
sp500,Consumer Staples,2026-07-09,106.53316940877724,13
sp500,Consumer Staples,2026-07-10,107.76552474575337,13
sp500,Consumer Staples,2026-07-13,108.69068213918224,13
sp500,Consumer Staples,2026-07-14,107.02801052791142,13
sp500,Consumer Staples,2026-07-15,107.19667809248956,13
sp500,Consumer Staples,2026-07-16,110.67914874956304,13
sp500,Consumer Staples,2026-07-17,109.40986371864707,13
sp500,Consumer Staples,2026-07-20,109.43840927086248,13
sp500,Consumer Staples,2026-07-21,108.83469745775258,13
sp500,Consumer Staples,2026-07-22,109.05767410289147,13
sp500,Consumer Staples,2026-07-23,107.12728457269958,13
sp500,Consumer Staples,2026-07-24,108.44365925527148,13
sp500,Consumer Staples,2026-07-27,110.27558377079498,13
sp500,Consumer Staples,2026-07-28,112.66572829802047,13
sp500,Consumer Staples,2026-07-29,113.0433702574658,13
sp500,Consumer Staples,2026-07-30,109.4774447700101,13
sp500,Energy,2023-08-09,100.0,8
sp500,Energy,2023-08-10,100.1530578843073,8
sp500,Energy,2023-08-11,101.52646876131541,8
sp500,Energy,2023-08-14,100.71077629039553,8
sp500,Energy,2023-08-15,98.254533480326,8
sp500,Energy,2023-08-16,97.60119802909243,8
sp500,Energy,2023-08-17,98.39991972619073,8
sp500,Energy,2023-08-18,99.39385051067205,8
sp500,Energy,2023-08-21,98.84968528972503,8
sp500,Energy,2023-08-22,98.40236957549908,8
sp500,Energy,2023-08-23,97.97350105307872,8
sp500,Energy,2023-08-24,97.72066868289198,8
sp500,Energy,2023-08-25,99.12793688541893,8
sp500,Energy,2023-08-28,99.21826294565604,8
sp500,Energy,2023-08-29,99.42589731712368,8
sp500,Energy,2023-08-30,99.70317720526599,8
sp500,Energy,2023-08-31,99.80081985071736,8
sp500,Energy,2023-09-01,102.10737114739689,8
sp500,Energy,2023-09-05,102.37928996401398,8
sp500,Energy,2023-09-06,102.92116589783807,8
sp500,Energy,2023-09-07,103.15326937403265,8
sp500,Energy,2023-09-08,104.86127727920895,8
sp500,Energy,2023-09-11,103.79549653754448,8
sp500,Energy,2023-09-12,105.58413355314971,8
sp500,Energy,2023-09-13,104.93722305544804,8
sp500,Energy,2023-09-14,105.8749652878175,8
sp500,Energy,2023-09-15,104.35124763090806,8
sp500,Energy,2023-09-18,105.22883038136061,8
sp500,Energy,2023-09-19,104.05415616846084,8
sp500,Energy,2023-09-20,103.41601156831707,8
sp500,Energy,2023-09-21,102.96264224551204,8
sp500,Energy,2023-09-22,102.716991429699,8
sp500,Energy,2023-09-25,103.87266568080828,8
sp500,Energy,2023-09-26,102.74696861784894,8
sp500,Energy,2023-09-27,104.96631729426329,8
sp500,Energy,2023-09-28,105.76523126617623,8
sp500,Energy,2023-09-29,103.52138502321169,8
sp500,Energy,2023-10-02,101.42987252880147,8
sp500,Energy,2023-10-03,100.56189143812146,8
sp500,Energy,2023-10-04,96.94759266963858,8
sp500,Energy,2023-10-05,96.49802206106621,8
sp500,Energy,2023-10-06,97.23526570650435,8
sp500,Energy,2023-10-09,99.93807276122635,8
sp500,Energy,2023-10-10,100.57713719519525,8
sp500,Energy,2023-10-11,99.95436655347467,8
sp500,Energy,2023-10-12,99.70102615612188,8
sp500,Energy,2023-10-13,101.26886897227563,8
sp500,Energy,2023-10-16,102.5158757121561,8
sp500,Energy,2023-10-17,103.58670828920249,8
sp500,Energy,2023-10-18,104.84362931952592,8
sp500,Energy,2023-10-19,104.12196323871801,8
sp500,Energy,2023-10-20,102.61247381771186,8
sp500,Energy,2023-10-23,101.4847085795072,8
sp500,Energy,2023-10-24,100.36358434101749,8
sp500,Energy,2023-10-25,100.13918141235989,8
sp500,Energy,2023-10-26,99.25238941850073,8
sp500,Energy,2023-10-27,97.71791411569359,8
sp500,Energy,2023-10-30,97.87874496785564,8
sp500,Energy,2023-10-31,98.73610834530973,8
sp500,Energy,2023-11-01,99.05795450499573,8
sp500,Energy,2023-11-02,101.43610136189352,8
sp500,Energy,2023-11-03,99.87027772874384,8
sp500,Energy,2023-11-06,99.28823197133971,8
sp500,Energy,2023-11-07,97.239524263509,8
sp500,Energy,2023-11-08,95.62342485021627,8
sp500,Energy,2023-11-09,95.18900066190652,8
sp500,Energy,2023-11-10,96.92636899372972,8
sp500,Energy,2023-11-13,97.57683885552908,8
sp500,Energy,2023-11-14,98.4198099123175,8
sp500,Energy,2023-11-15,98.0742400281799,8
sp500,Energy,2023-11-16,95.6749630799391,8
sp500,Energy,2023-11-17,97.74874228059947,8
sp500,Energy,2023-11-20,98.25057966849414,8
sp500,Energy,2023-11-21,97.65800754889547,8
sp500,Energy,2023-11-22,97.74073386883992,8
sp500,Energy,2023-11-24,98.09881563285472,8
sp500,Energy,2023-11-27,97.90509915155903,8
sp500,Energy,2023-11-28,97.88281323465642,8
sp500,Energy,2023-11-29,97.6518450921572,8
sp500,Energy,2023-11-30,98.67631385338194,8
sp500,Energy,2023-12-01,99.14681831379988,8
sp500,Energy,2023-12-04,98.69989513666245,8
sp500,Energy,2023-12-05,97.25282658360916,8
sp500,Energy,2023-12-06,95.40104642084529,8
sp500,Energy,2023-12-07,95.26505830032066,8
sp500,Energy,2023-12-08,96.2415189690478,8
sp500,Energy,2023-12-11,96.60436122741861,8
sp500,Energy,2023-12-12,95.39399448236455,8
sp500,Energy,2023-12-13,96.9862480686489,8
sp500,Energy,2023-12-14,99.58831866166882,8
sp500,Energy,2023-12-15,98.84001471374312,8
sp500,Energy,2023-12-18,100.12940754628654,8
sp500,Energy,2023-12-19,101.41437228520347,8
sp500,Energy,2023-12-20,100.68617694359247,8
sp500,Energy,2023-12-21,100.98275684750091,8
sp500,Energy,2023-12-22,100.9209862641494,8
sp500,Energy,2023-12-26,101.91700664578691,8
sp500,Energy,2023-12-27,101.26422061179086,8
sp500,Energy,2023-12-28,99.78285026616341,8
sp500,Energy,2023-12-29,99.77236882746817,8
sp500,Energy,2024-01-02,100.92802389107538,8
sp500,Energy,2024-01-03,102.88313181707369,8
sp500,Energy,2024-01-04,101.1069552779033,8
sp500,Energy,2024-01-05,100.89491710800573,8
sp500,Energy,2024-01-08,100.47613559588946,8
sp500,Energy,2024-01-09,98.98903065149979,8
sp500,Energy,2024-01-10,97.55756827409505,8
sp500,Energy,2024-01-11,98.15247230710446,8
sp500,Energy,2024-01-12,99.30675694457575,8
sp500,Energy,2024-01-16,97.00616946643112,8
sp500,Energy,2024-01-17,95.88664221104695,8
sp500,Energy,2024-01-18,95.70523187659529,8
sp500,Energy,2024-01-19,96.22082254530974,8
sp500,Energy,2024-01-22,96.62932000773475,8
sp500,Energy,2024-01-23,96.82068846812241,8
sp500,Energy,2024-01-24,97.98660883379515,8
sp500,Energy,2024-01-25,100.2586420140215,8
sp500,Energy,2024-01-26,101.3963061732134,8
sp500,Energy,2024-01-29,101.29906615190818,8
sp500,Energy,2024-01-30,103.4208862745258,8
sp500,Energy,2024-01-31,101.6622981957137,8
sp500,Energy,2024-02-01,101.93701917576857,8
sp500,Energy,2024-02-02,101.60462572398052,8
sp500,Energy,2024-02-05,102.01344916257678,8
sp500,Energy,2024-02-06,101.87955178329598,8
sp500,Energy,2024-02-07,102.45455600053333,8
sp500,Energy,2024-02-08,103.43734538398976,8
sp500,Energy,2024-02-09,102.58516694295948,8
sp500,Energy,2024-02-12,104.10063386935322,8
sp500,Energy,2024-02-13,103.5131685224704,8
sp500,Energy,2024-02-14,103.75693454855852,8
sp500,Energy,2024-02-15,105.83545985719101,8
sp500,Energy,2024-02-16,105.43729135430746,8
sp500,Energy,2024-02-20,104.0402799403985,8
sp500,Energy,2024-02-21,105.48174908968342,8
sp500,Energy,2024-02-22,105.82481889583211,8
sp500,Energy,2024-02-23,105.90279879140319,8
sp500,Energy,2024-02-26,106.52702326880565,8
sp500,Energy,2024-02-27,105.95624639132679,8
sp500,Energy,2024-02-28,104.85548324200857,8
sp500,Energy,2024-02-29,105.60675608052466,8
sp500,Energy,2024-03-01,106.92370218209095,8
sp500,Energy,2024-03-04,105.96415366669119,8
sp500,Energy,2024-03-05,106.73407300672619,8
sp500,Energy,2024-03-06,107.23883113246985,8
sp500,Energy,2024-03-07,108.68133674827476,8
sp500,Energy,2024-03-08,109.08735471223716,8
sp500,Energy,2024-03-11,109.8421249934967,8
sp500,Energy,2024-03-12,109.84828571692553,8
sp500,Energy,2024-03-13,112.5855777215507,8
sp500,Energy,2024-03-14,113.36043187112568,8
sp500,Energy,2024-03-15,114.4748199851265,8
sp500,Energy,2024-03-18,114.61477138581641,8
sp500,Energy,2024-03-19,115.72589830510829,8
sp500,Energy,2024-03-20,116.13514596564617,8
sp500,Energy,2024-03-21,116.5572939463543,8
sp500,Energy,2024-03-22,116.51809613522542,8
sp500,Energy,2024-03-25,116.89578901427187,8
sp500,Energy,2024-03-26,116.00609023327718,8
sp500,Energy,2024-03-27,116.86508605413127,8
sp500,Energy,2024-03-28,118.53981582682795,8
sp500,Energy,2024-04-01,119.66214126332879,8
sp500,Energy,2024-04-02,122.1616901605052,8
sp500,Energy,2024-04-03,123.67710223580379,8
sp500,Energy,2024-04-04,123.49008377305775,8
sp500,Energy,2024-04-05,124.9338177274995,8
sp500,Energy,2024-04-08,124.56407272024421,8
sp500,Energy,2024-04-09,123.81141271411822,8
sp500,Energy,2024-04-10,124.20043886717022,8
sp500,Energy,2024-04-11,124.27421135669232,8
sp500,Energy,2024-04-12,122.64588317668093,8
sp500,Energy,2024-04-15,121.49452311069196,8
sp500,Energy,2024-04-16,120.15025849197411,8
sp500,Energy,2024-04-17,119.50307679126911,8
sp500,Energy,2024-04-18,118.04243078286889,8
sp500,Energy,2024-04-19,119.21914656524868,8
sp500,Energy,2024-04-22,120.32160069717142,8
sp500,Energy,2024-04-23,121.23172290961122,8
sp500,Energy,2024-04-24,121.11749584974278,8
sp500,Energy,2024-04-25,121.61232142209566,8
sp500,Energy,2024-04-26,120.55359576239985,8
sp500,Energy,2024-04-29,121.07468737085767,8
sp500,Energy,2024-04-30,116.30887626430943,8
sp500,Energy,2024-05-01,114.2425216357781,8
sp500,Energy,2024-05-02,115.5457351868983,8
sp500,Energy,2024-05-03,115.7614921879446,8
sp500,Energy,2024-05-06,116.70278564845214,8
sp500,Energy,2024-05-07,116.41915279685942,8
sp500,Energy,2024-05-08,116.39578844242902,8
sp500,Energy,2024-05-09,117.65147163947933,8
sp500,Energy,2024-05-10,116.67553468594143,8
sp500,Energy,2024-05-13,116.19634528874181,8
sp500,Energy,2024-05-14,115.55027500075379,8
sp500,Energy,2024-05-15,115.48054393684373,8
sp500,Energy,2024-05-16,114.83316487280592,8
sp500,Energy,2024-05-17,116.77164101778388,8
sp500,Energy,2024-05-20,115.82247203270643,8
sp500,Energy,2024-05-21,115.30375485726864,8
sp500,Energy,2024-05-22,113.81932123425504,8
sp500,Energy,2024-05-23,113.323359081555,8
sp500,Energy,2024-05-24,113.69911667785853,8
sp500,Energy,2024-05-28,114.93794317014745,8
sp500,Energy,2024-05-29,112.13902924580918,8
sp500,Energy,2024-05-30,112.14295798773625,8
sp500,Energy,2024-05-31,115.07048577157389,8
sp500,Energy,2024-06-03,111.93791721034316,8
sp500,Energy,2024-06-04,111.19906143086757,8
sp500,Energy,2024-06-05,110.89996073744555,8
sp500,Energy,2024-06-06,111.7524931119115,8
sp500,Energy,2024-06-07,111.21164108169783,8
sp500,Energy,2024-06-10,111.87454470858123,8
sp500,Energy,2024-06-11,111.63652173524943,8
sp500,Energy,2024-06-12,110.01214699951298,8
sp500,Energy,2024-06-13,109.54143027190084,8
sp500,Energy,2024-06-14,108.77443350156474,8
sp500,Energy,2024-06-17,109.22135195723295,8
sp500,Energy,2024-06-18,109.30823921877206,8
sp500,Energy,2024-06-20,110.91591535513696,8
sp500,Energy,2024-06-21,110.20030958860482,8
sp500,Energy,2024-06-24,112.52049788632617,8
sp500,Energy,2024-06-25,112.97425885244925,8
sp500,Energy,2024-06-26,112.22254681797301,8
sp500,Energy,2024-06-27,112.56863567027908,8
sp500,Energy,2024-06-28,113.41122212468859,8
sp500,Energy,2024-07-01,114.07734299531751,8
sp500,Energy,2024-07-02,114.02868614608686,8
sp500,Energy,2024-07-03,114.44241549251511,8
sp500,Energy,2024-07-05,112.47645167760444,8
sp500,Energy,2024-07-08,111.10235849732273,8
sp500,Energy,2024-07-09,109.75818885513885,8
sp500,Energy,2024-07-10,110.0056868474486,8
sp500,Energy,2024-07-11,111.3124820313204,8
sp500,Energy,2024-07-12,111.57731971476892,8
sp500,Energy,2024-07-15,113.27329009847016,8
sp500,Energy,2024-07-16,113.28706416470516,8
sp500,Energy,2024-07-17,114.19261193255797,8
sp500,Energy,2024-07-18,113.66177760968736,8
sp500,Energy,2024-07-19,112.56199554316164,8
sp500,Energy,2024-07-22,112.23026056663998,8
sp500,Energy,2024-07-23,110.21493230937094,8
sp500,Energy,2024-07-24,110.98481064776739,8
sp500,Energy,2024-07-25,113.48115902791191,8
sp500,Energy,2024-07-26,113.8315724809679,8
sp500,Energy,2024-07-29,112.76678276313513,8
sp500,Energy,2024-07-30,115.18288501338732,8
sp500,Energy,2024-07-31,115.71808455775997,8
sp500,Energy,2024-08-01,112.62125614735452,8
sp500,Energy,2024-08-02,108.51220777586327,8
sp500,Energy,2024-08-05,106.38636169034079,8
sp500,Energy,2024-08-06,107.5977098392957,8
sp500,Energy,2024-08-07,108.18968947532845,8
sp500,Energy,2024-08-08,110.76151432441566,8
sp500,Energy,2024-08-09,111.2106795913361,8
sp500,Energy,2024-08-12,111.69764981135086,8
sp500,Energy,2024-08-13,110.34795823379639,8
sp500,Energy,2024-08-14,111.21558494095467,8
sp500,Energy,2024-08-15,112.11838493737258,8
sp500,Energy,2024-08-16,111.78711704002392,8
sp500,Energy,2024-08-19,111.73392449904202,8
sp500,Energy,2024-08-20,108.07182337070833,8
sp500,Energy,2024-08-21,108.48992763595002,8
sp500,Energy,2024-08-22,108.52475116160227,8
sp500,Energy,2024-08-23,110.37632330044877,8
sp500,Energy,2024-08-26,110.71395500539143,8
sp500,Energy,2024-08-27,109.4655521285907,8
sp500,Energy,2024-08-28,109.15896206038018,8
sp500,Energy,2024-08-29,110.18115828346824,8
sp500,Energy,2024-08-30,111.21795971689781,8
sp500,Energy,2024-09-03,107.79227606345947,8
sp500,Energy,2024-09-04,106.14648704927303,8
sp500,Energy,2024-09-05,104.80553068228156,8
sp500,Energy,2024-09-06,103.35994966390687,8
sp500,Energy,2024-09-09,103.64175581339643,8
sp500,Energy,2024-09-10,101.85950156507182,8
sp500,Energy,2024-09-11,100.57289592323946,8
sp500,Energy,2024-09-12,101.63073620017965,8
sp500,Energy,2024-09-13,102.05338116680419,8
sp500,Energy,2024-09-16,102.53588649810092,8
sp500,Energy,2024-09-17,103.98860838020667,8
sp500,Energy,2024-09-18,104.2890072075788,8
sp500,Energy,2024-09-19,105.73643373386956,8
sp500,Energy,2024-09-20,104.71014984777997,8
sp500,Energy,2024-09-23,105.76772716666221,8
sp500,Energy,2024-09-24,105.22668926076832,8
sp500,Energy,2024-09-25,103.6346170435535,8
sp500,Energy,2024-09-26,101.85517231776065,8
sp500,Energy,2024-09-27,103.15166836555008,8
sp500,Energy,2024-09-30,103.51268812206595,8
sp500,Energy,2024-10-01,105.41830273634713,8
sp500,Energy,2024-10-02,106.35543322116703,8
sp500,Energy,2024-10-03,109.58035534706147,8
sp500,Energy,2024-10-04,110.053361366456,8
sp500,Energy,2024-10-07,111.14216869577174,8
sp500,Energy,2024-10-08,107.04442173875405,8
sp500,Energy,2024-10-09,107.96673978440556,8
sp500,Energy,2024-10-10,109.2846331557887,8
sp500,Energy,2024-10-11,109.34378367083146,8
sp500,Energy,2024-10-14,108.72698733542501,8
sp500,Energy,2024-10-15,104.7007699403685,8
sp500,Energy,2024-10-16,105.21636141300894,8
sp500,Energy,2024-10-17,105.85890533392894,8
sp500,Energy,2024-10-18,105.71394268734689,8
sp500,Energy,2024-10-21,105.0409601636777,8
sp500,Energy,2024-10-22,105.39313308946538,8
sp500,Energy,2024-10-23,103.91036975668449,8
sp500,Energy,2024-10-24,103.50860234453214,8
sp500,Energy,2024-10-25,103.78405032618846,8
sp500,Energy,2024-10-28,102.85475248798284,8
sp500,Energy,2024-10-29,100.54605681098283,8
sp500,Energy,2024-10-30,100.5584942961275,8
sp500,Energy,2024-10-31,101.26434197968905,8
sp500,Energy,2024-11-01,100.68776120359588,8
sp500,Energy,2024-11-04,102.20045017137838,8
sp500,Energy,2024-11-05,102.75083277009966,8
sp500,Energy,2024-11-06,105.93695199092478,8
sp500,Energy,2024-11-07,104.92253391653618,8
sp500,Energy,2024-11-08,104.66027858955836,8
sp500,Energy,2024-11-11,104.82287105611891,8
sp500,Energy,2024-11-12,104.11720985196541,8
sp500,Energy,2024-11-13,105.73137397356913,8
sp500,Energy,2024-11-14,106.00342298971508,8
sp500,Energy,2024-11-15,105.12026237711262,8
sp500,Energy,2024-11-18,106.44638006199305,8
sp500,Energy,2024-11-19,105.32041106165997,8
sp500,Energy,2024-11-20,105.83229375287617,8
sp500,Energy,2024-11-21,106.41238143609372,8
sp500,Energy,2024-11-22,106.95714148931029,8
sp500,Energy,2024-11-25,105.31070327213274,8
sp500,Energy,2024-11-26,104.90942865673549,8
sp500,Energy,2024-11-27,104.57419985707195,8
sp500,Energy,2024-11-29,104.87792607464989,8
sp500,Energy,2024-12-02,105.00542530117004,8
sp500,Energy,2024-12-03,104.54020002742064,8
sp500,Energy,2024-12-04,101.7278180026671,8
sp500,Energy,2024-12-05,101.70526734929062,8
sp500,Energy,2024-12-06,100.06630174382418,8
sp500,Energy,2024-12-09,101.22845810661127,8
sp500,Energy,2024-12-10,99.75274450138276,8
sp500,Energy,2024-12-11,99.84187939719683,8
sp500,Energy,2024-12-12,98.31629902453446,8
sp500,Energy,2024-12-13,97.81005812620697,8
sp500,Energy,2024-12-16,94.4822307816637,8
sp500,Energy,2024-12-17,94.13890312012686,8
sp500,Energy,2024-12-18,91.76808095055203,8
sp500,Energy,2024-12-19,90.31997335102092,8
sp500,Energy,2024-12-20,90.8177514986094,8
sp500,Energy,2024-12-23,91.20133607058632,8
sp500,Energy,2024-12-24,91.79959539159232,8
sp500,Energy,2024-12-26,91.92494838478706,8
sp500,Energy,2024-12-27,92.0971493571272,8
sp500,Energy,2024-12-30,92.37148173626964,8
sp500,Energy,2024-12-31,94.17519745503029,8
sp500,Energy,2025-01-02,95.10753297497058,8
sp500,Energy,2025-01-03,96.40174289712071,8
sp500,Energy,2025-01-06,95.73664188751376,8
sp500,Energy,2025-01-07,97.06723379958106,8
sp500,Energy,2025-01-08,97.04581461490224,8
sp500,Energy,2025-01-10,97.77280128125838,8
sp500,Energy,2025-01-13,99.93257718329292,8
sp500,Energy,2025-01-14,100.86597015288454,8
sp500,Energy,2025-01-15,102.59153331745101,8
sp500,Energy,2025-01-16,102.8199106376839,8
sp500,Energy,2025-01-17,103.41130253043535,8
sp500,Energy,2025-01-21,102.11457679948208,8
sp500,Energy,2025-01-22,100.65611338339502,8
sp500,Energy,2025-01-23,102.28661006699666,8
sp500,Energy,2025-01-24,101.02362946142232,8
sp500,Energy,2025-01-27,101.29762040497059,8
sp500,Energy,2025-01-28,99.88408275882385,8
sp500,Energy,2025-01-29,100.42593125871025,8
sp500,Energy,2025-01-30,100.28322660932683,8
sp500,Energy,2025-01-31,97.57536184589489,8
sp500,Energy,2025-02-03,97.77364489021426,8
sp500,Energy,2025-02-04,101.10173764087953,8
sp500,Energy,2025-02-05,100.6208006511401,8
sp500,Energy,2025-02-06,98.42444839732175,8
sp500,Energy,2025-02-07,97.92890676074562,8
sp500,Energy,2025-02-10,100.13164361809015,8
sp500,Energy,2025-02-11,101.64456371320819,8
sp500,Energy,2025-02-12,98.4058335867442,8
sp500,Energy,2025-02-13,99.29113816344106,8
sp500,Energy,2025-02-14,100.24921026308962,8
sp500,Energy,2025-02-18,101.45701945635591,8
sp500,Energy,2025-02-19,102.46523138183548,8
sp500,Energy,2025-02-20,103.89368037980869,8
sp500,Energy,2025-02-21,101.37853079342372,8
sp500,Energy,2025-02-24,101.20336480444196,8
sp500,Energy,2025-02-25,99.7702250658704,8
sp500,Energy,2025-02-26,98.86372654018245,8
sp500,Energy,2025-02-27,99.72789637171209,8
sp500,Energy,2025-02-28,100.95413445776515,8
sp500,Energy,2025-03-03,97.37317416134303,8
sp500,Energy,2025-03-04,96.30909454682921,8
sp500,Energy,2025-03-05,94.12397313441531,8
sp500,Energy,2025-03-06,95.28256299847122,8
sp500,Energy,2025-03-07,96.56378542149598,8
sp500,Energy,2025-03-10,96.7104183507556,8
sp500,Energy,2025-03-11,95.83816017300846,8
sp500,Energy,2025-03-12,96.56763479610903,8
sp500,Energy,2025-03-13,96.16721024351523,8
sp500,Energy,2025-03-14,98.70385623058213,8
sp500,Energy,2025-03-17,100.75500717481293,8
sp500,Energy,2025-03-18,101.14228635603591,8
sp500,Energy,2025-03-19,102.68759584300466,8
sp500,Energy,2025-03-20,103.25704566827925,8
sp500,Energy,2025-03-21,102.23057342268933,8
sp500,Energy,2025-03-24,102.85546440836211,8
sp500,Energy,2025-03-25,103.14142505282288,8
sp500,Energy,2025-03-26,104.37650683840234,8
sp500,Energy,2025-03-27,103.31420874061766,8
sp500,Energy,2025-03-28,102.13480930114007,8
sp500,Energy,2025-03-31,103.24413738194642,8
sp500,Energy,2025-04-01,103.78564068694811,8
sp500,Energy,2025-04-02,103.77098030729664,8
sp500,Energy,2025-04-03,93.16966461350307,8
sp500,Energy,2025-04-04,85.03501161038459,8
sp500,Energy,2025-04-07,84.22029035710035,8
sp500,Energy,2025-04-08,81.38835060497335,8
sp500,Energy,2025-04-09,89.5011187961674,8
sp500,Energy,2025-04-10,82.9697095882732,8
sp500,Energy,2025-04-11,84.79021365814152,8
sp500,Energy,2025-04-14,85.07806328971034,8
sp500,Energy,2025-04-15,84.24587967258486,8
sp500,Energy,2025-04-16,85.32720207451808,8
sp500,Energy,2025-04-17,87.83302736676865,8
sp500,Energy,2025-04-21,86.1144646492074,8
sp500,Energy,2025-04-22,88.94499974519337,8
sp500,Energy,2025-04-23,89.21761138506261,8
sp500,Energy,2025-04-24,90.19305889564922,8
sp500,Energy,2025-04-25,90.27133083922969,8
sp500,Energy,2025-04-28,90.87099566364934,8
sp500,Energy,2025-04-29,90.66383334665242,8
sp500,Energy,2025-04-30,89.00422717069095,8
sp500,Energy,2025-05-01,89.44863579978977,8
sp500,Energy,2025-05-02,91.36396061025816,8
sp500,Energy,2025-05-05,90.08706953493129,8
sp500,Energy,2025-05-06,89.86081632914095,8
sp500,Energy,2025-05-07,89.56506296570504,8
sp500,Energy,2025-05-08,92.25908187979415,8
sp500,Energy,2025-05-09,93.43419661647644,8
sp500,Energy,2025-05-12,96.82887858002633,8
sp500,Energy,2025-05-13,99.1819421452145,8
sp500,Energy,2025-05-14,98.57593554165985,8
sp500,Energy,2025-05-15,98.48294219391255,8
sp500,Energy,2025-05-16,98.20273763938187,8
sp500,Energy,2025-05-19,96.72727616130823,8
sp500,Energy,2025-05-20,95.78736001572459,8
sp500,Energy,2025-05-21,93.35776769271268,8
sp500,Energy,2025-05-22,93.42204359976401,8
sp500,Energy,2025-05-23,93.58562634607081,8
sp500,Energy,2025-05-27,94.58967185823492,8
sp500,Energy,2025-05-28,93.09503714319978,8
sp500,Energy,2025-05-29,94.11588564024315,8
sp500,Energy,2025-05-30,93.24921414873968,8
sp500,Energy,2025-06-02,94.1280253738473,8
sp500,Energy,2025-06-03,95.81137733454044,8
sp500,Energy,2025-06-04,93.80240283092553,8
sp500,Energy,2025-06-05,93.64142454306335,8
sp500,Energy,2025-06-06,95.37057248163738,8
sp500,Energy,2025-06-09,95.99710375383175,8
sp500,Energy,2025-06-10,98.17110160499941,8
sp500,Energy,2025-06-11,99.93482053717563,8
sp500,Energy,2025-06-12,100.09453847292707,8
sp500,Energy,2025-06-13,101.59653403422146,8
sp500,Energy,2025-06-16,101.5047277241804,8
sp500,Energy,2025-06-17,102.98849439461242,8
sp500,Energy,2025-06-18,101.79757853025441,8
sp500,Energy,2025-06-20,102.53270692235807,8
sp500,Energy,2025-06-23,99.54419367968377,8
sp500,Energy,2025-06-24,98.05173103293244,8
sp500,Energy,2025-06-25,97.74228511405497,8
sp500,Energy,2025-06-26,98.98705039828535,8
sp500,Energy,2025-06-27,98.36794587825136,8
sp500,Energy,2025-06-30,97.54904807063068,8
sp500,Energy,2025-07-01,99.62121770461174,8
sp500,Energy,2025-07-02,101.70203642391851,8
sp500,Energy,2025-07-03,102.06437789343113,8
sp500,Energy,2025-07-07,100.86917414708006,8
sp500,Energy,2025-07-08,104.41665428119045,8
sp500,Energy,2025-07-09,104.20563004273866,8
sp500,Energy,2025-07-10,105.48482805193431,8
sp500,Energy,2025-07-11,105.1808264512502,8
sp500,Energy,2025-07-14,103.02906368298224,8
sp500,Energy,2025-07-15,101.85621795184743,8
sp500,Energy,2025-07-16,100.29465450921708,8
sp500,Energy,2025-07-17,101.52452535163287,8
sp500,Energy,2025-07-18,101.23170655086406,8
sp500,Energy,2025-07-21,100.98687154566935,8
sp500,Energy,2025-07-22,101.51846622268941,8
sp500,Energy,2025-07-23,103.11056062955728,8
sp500,Energy,2025-07-24,102.10274837085392,8
sp500,Energy,2025-07-25,101.94372042311417,8
sp500,Energy,2025-07-28,103.95366506658638,8
sp500,Energy,2025-07-29,104.68467782200553,8
sp500,Energy,2025-07-30,102.48840210202488,8
sp500,Energy,2025-07-31,101.664476739259,8
sp500,Energy,2025-08-01,99.61170941751749,8
sp500,Energy,2025-08-04,99.91094537645725,8
sp500,Energy,2025-08-05,100.42364727700739,8
sp500,Energy,2025-08-06,99.20974493285073,8
sp500,Energy,2025-08-07,98.51705418825509,8
sp500,Energy,2025-08-08,99.22707647681786,8
sp500,Energy,2025-08-11,97.94792326551934,8
sp500,Energy,2025-08-12,98.88336370463946,8
sp500,Energy,2025-08-13,100.2205982553418,8
sp500,Energy,2025-08-14,100.30605295816899,8
sp500,Energy,2025-08-15,100.25175616024686,8
sp500,Energy,2025-08-18,99.95475817408807,8
sp500,Energy,2025-08-19,99.88566085398489,8
sp500,Energy,2025-08-20,100.6891596756371,8
sp500,Energy,2025-08-21,101.08755493467577,8
sp500,Energy,2025-08-22,104.11005122226939,8
sp500,Energy,2025-08-25,104.87347273295507,8
sp500,Energy,2025-08-26,104.55445975506194,8
sp500,Energy,2025-08-27,106.21536883910294,8
sp500,Energy,2025-08-28,106.80289703962222,8
sp500,Energy,2025-08-29,107.23798182105577,8
sp500,Energy,2025-09-01,104.00353528978653,8
sp500,Energy,2025-09-02,108.23241393668536,8
sp500,Energy,2025-09-03,106.39558442694957,8
sp500,Energy,2025-09-04,106.68203687310884,8
sp500,Energy,2025-09-05,105.3626242475224,8
sp500,Energy,2025-09-08,105.23814461152061,8
sp500,Energy,2025-09-09,106.00226479511194,8
sp500,Energy,2025-09-10,106.93527889711005,8
sp500,Energy,2025-09-11,106.6929734389388,8
sp500,Energy,2025-09-12,105.73122382273141,8
sp500,Energy,2025-09-15,105.31173811027081,8
sp500,Energy,2025-09-16,107.57434421101031,8
sp500,Energy,2025-09-17,108.10898102665287,8
sp500,Energy,2025-09-18,107.57222187088156,8
sp500,Energy,2025-09-19,106.36364922763326,8
sp500,Energy,2025-09-22,106.55592981740169,8
sp500,Energy,2025-09-23,108.46798815662244,8
sp500,Energy,2025-09-24,109.9560566299027,8
sp500,Energy,2025-09-25,111.46333479365936,8
sp500,Energy,2025-09-26,112.71739969939122,8
sp500,Energy,2025-09-29,110.18515372231266,8
sp500,Energy,2025-09-30,108.97002785169758,8
sp500,Energy,2025-10-01,108.74941483745724,8
sp500,Energy,2025-10-02,107.8057665736675,8
sp500,Energy,2025-10-03,108.34605588154038,8
sp500,Energy,2025-10-06,109.25532927484107,8
sp500,Energy,2025-10-07,109.25586641071703,8
sp500,Energy,2025-10-08,108.61359927378076,8
sp500,Energy,2025-10-09,107.36417593097178,8
sp500,Energy,2025-10-10,104.09504340321045,8
sp500,Energy,2025-10-13,105.92829632151897,8
sp500,Energy,2025-10-14,105.81804449437982,8
sp500,Energy,2025-10-15,105.5501361374628,8
sp500,Energy,2025-10-16,104.14836445781906,8
sp500,Energy,2025-10-17,104.97195021582539,8
sp500,Energy,2025-10-20,105.90021175631578,8
sp500,Energy,2025-10-21,105.27745877594785,8
sp500,Energy,2025-10-22,107.25870305396987,8
sp500,Energy,2025-10-23,110.5018504961684,8
sp500,Energy,2025-10-24,109.81612092442259,8
sp500,Energy,2025-10-27,109.95333289851573,8
sp500,Energy,2025-10-28,108.11416809644972,8
sp500,Energy,2025-10-29,109.50082081723922,8
sp500,Energy,2025-10-30,108.7022818387766,8
sp500,Energy,2025-10-31,109.18729463213405,8
sp500,Energy,2025-11-03,109.06057816982866,8
sp500,Energy,2025-11-04,107.39025040342476,8
sp500,Energy,2025-11-05,107.4138159935694,8
sp500,Energy,2025-11-06,109.00191754207809,8
sp500,Energy,2025-11-07,110.59342610733202,8
sp500,Energy,2025-11-10,111.67499794010295,8
sp500,Energy,2025-11-11,113.45473339475059,8
sp500,Energy,2025-11-12,111.94314759232104,8
sp500,Energy,2025-11-13,111.74263273050255,8
sp500,Energy,2025-11-14,113.88551962678287,8
sp500,Energy,2025-11-17,111.68122888772882,8
sp500,Energy,2025-11-18,113.33032962742192,8
sp500,Energy,2025-11-19,111.24643207962596,8
sp500,Energy,2025-11-20,109.18166842703184,8
sp500,Energy,2025-11-21,109.96659447769174,8
sp500,Energy,2025-11-24,110.01601903889761,8
sp500,Energy,2025-11-25,109.61195845837966,8
sp500,Energy,2025-11-26,110.52292877773387,8
sp500,Energy,2025-11-27,107.70302071222548,8
sp500,Energy,2025-11-28,111.2386778809616,8
sp500,Energy,2025-12-01,114.34063716019558,8
sp500,Energy,2025-12-02,113.02883488352764,8
sp500,Energy,2025-12-03,113.93049585018473,8
sp500,Energy,2025-12-04,113.74669609854664,8
sp500,Energy,2025-12-05,112.96332257677541,8
sp500,Energy,2025-12-08,112.51370569715779,8
sp500,Energy,2025-12-09,113.03844667687397,8
sp500,Energy,2025-12-10,114.59880385763186,8
sp500,Energy,2025-12-11,113.23106216613748,8
sp500,Energy,2025-12-12,112.33935212609241,8
sp500,Energy,2025-12-15,111.3907207453827,8
sp500,Energy,2025-12-16,107.50103610601826,8
sp500,Energy,2025-12-17,109.30115878587974,8
sp500,Energy,2025-12-18,107.02740185483077,8
sp500,Energy,2025-12-19,107.38650396202158,8
sp500,Energy,2025-12-22,107.8925596419825,8
sp500,Energy,2025-12-23,108.3795361884336,8
sp500,Energy,2025-12-24,107.99310855362936,8
sp500,Energy,2025-12-25,106.15284564111353,8
sp500,Energy,2025-12-26,108.04667107712216,8
sp500,Energy,2025-12-29,108.58533518184299,8
sp500,Energy,2025-12-30,109.42762617084941,8
sp500,Energy,2025-12-31,108.81848291990244,8
sp500,Energy,2026-01-01,106.28525357652711,8
sp500,Energy,2026-01-02,110.21098865696754,8
sp500,Energy,2026-01-05,114.67399613192808,8
sp500,Energy,2026-01-06,111.7362036287899,8
sp500,Energy,2026-01-07,110.85441786795644,8
sp500,Energy,2026-01-08,114.42291896705203,8
sp500,Energy,2026-01-09,114.09985548067894,8
sp500,Energy,2026-01-12,113.40061430518737,8
sp500,Energy,2026-01-13,114.99176776855353,8
sp500,Energy,2026-01-14,117.78462771433907,8
sp500,Energy,2026-01-15,115.90385524106743,8
sp500,Energy,2026-01-16,115.73112196389404,8
sp500,Energy,2026-01-19,113.58961540426469,8
sp500,Energy,2026-01-20,115.83612869477926,8
sp500,Energy,2026-01-21,118.05520645607315,8
sp500,Energy,2026-01-22,117.53867412269112,8
sp500,Energy,2026-01-23,118.36887230444253,8
sp500,Energy,2026-01-26,117.61053728619927,8
sp500,Energy,2026-01-27,119.12003998365029,8
sp500,Energy,2026-01-28,119.92688163457726,8
sp500,Energy,2026-01-29,121.40434112803062,8
sp500,Energy,2026-01-30,122.00086895748892,8
sp500,Energy,2026-02-02,120.47245922747705,8
sp500,Energy,2026-02-03,125.07810258271535,8
sp500,Energy,2026-02-04,129.2752697777264,8
sp500,Energy,2026-02-05,127.29165164218416,8
sp500,Energy,2026-02-06,129.97379523347047,8
sp500,Energy,2026-02-09,130.65613718700232,8
sp500,Energy,2026-02-10,130.4014945324342,8
sp500,Energy,2026-02-11,133.75022376445418,8
sp500,Energy,2026-02-12,129.9212451575586,8
sp500,Energy,2026-02-13,131.48329095842752,8
sp500,Energy,2026-02-16,133.31480957636228,8
sp500,Energy,2026-02-17,132.0219826886795,8
sp500,Energy,2026-02-18,132.71233226086386,8
sp500,Energy,2026-02-19,132.59638532417924,8
sp500,Energy,2026-02-20,132.20064518871624,8
sp500,Energy,2026-02-23,131.54107827577118,8
sp500,Energy,2026-02-24,131.6326416857689,8
sp500,Energy,2026-02-25,130.91762475133015,8
sp500,Energy,2026-02-26,131.41719061134856,8
sp500,Energy,2026-02-27,133.62837954971582,8
sp500,Energy,2026-03-02,137.67577319242176,8
sp500,Energy,2026-03-03,136.80470863707436,8
sp500,Energy,2026-03-04,137.98730660993277,8
sp500,Energy,2026-03-05,139.23980885376332,8
sp500,Energy,2026-03-06,139.79912916788007,8
sp500,Energy,2026-03-09,138.7783035878651,8
sp500,Energy,2026-03-10,137.26170408505723,8
sp500,Energy,2026-03-11,141.88074859211127,8
sp500,Energy,2026-03-12,144.25046698050429,8
sp500,Energy,2026-03-13,144.484846725533,8
sp500,Energy,2026-03-16,145.43221929304156,8
sp500,Energy,2026-03-17,147.3335645133423,8
sp500,Energy,2026-03-18,148.37080611694677,8
sp500,Energy,2026-03-19,149.54033402582814,8
sp500,Energy,2026-03-20,149.03206493878537,8
sp500,Energy,2026-03-23,149.38589084007768,8
sp500,Energy,2026-03-24,153.34051565702782,8
sp500,Energy,2026-03-25,151.97957822627964,8
sp500,Energy,2026-03-26,155.42922901688212,8
sp500,Energy,2026-03-27,157.85367430049567,8
sp500,Energy,2026-03-30,156.26310504063568,8
sp500,Energy,2026-03-31,154.61394927805685,8
sp500,Energy,2026-04-01,149.53939884516302,8
sp500,Energy,2026-04-02,151.10434642348974,8
sp500,Energy,2026-04-03,147.48973844389062,8
sp500,Energy,2026-04-06,152.37991869030404,8
sp500,Energy,2026-04-07,154.09060703623933,8
sp500,Energy,2026-04-08,147.54504617229816,8
sp500,Energy,2026-04-09,145.16926463816677,8
sp500,Energy,2026-04-10,145.08369406226876,8
sp500,Energy,2026-04-13,145.97098398054692,8
sp500,Energy,2026-04-14,143.05107039763112,8
sp500,Energy,2026-04-15,142.6409674468623,8
sp500,Energy,2026-04-16,144.90660746804042,8
sp500,Energy,2026-04-17,138.75085068896058,8
sp500,Energy,2026-04-20,139.61992941198224,8
sp500,Energy,2026-04-21,142.41453867821073,8
sp500,Energy,2026-04-22,144.08044889339402,8
sp500,Energy,2026-04-23,144.59249426581405,8
sp500,Energy,2026-04-24,144.767408542693,8
sp500,Energy,2026-04-27,145.00764638509278,8
sp500,Energy,2026-04-28,147.3044371002669,8
sp500,Energy,2026-04-29,152.04881123552593,8
sp500,Energy,2026-04-30,153.85382862237603,8
sp500,Energy,2026-05-01,151.9992539182121,8
sp500,Energy,2026-05-04,154.2615769227188,8
sp500,Energy,2026-05-05,154.70636790198637,8
sp500,Energy,2026-05-06,146.64708382472102,8
sp500,Energy,2026-05-07,143.90599502541824,8
sp500,Energy,2026-05-08,144.36836185888149,8
sp500,Energy,2026-05-11,148.2603756736696,8
sp500,Energy,2026-05-12,148.59803304705,8
sp500,Energy,2026-05-13,148.1327121954068,8
sp500,Energy,2026-05-14,148.30690975386594,8
sp500,Energy,2026-05-15,152.17027706666696,8
sp500,Energy,2026-05-18,155.27923242390418,8
sp500,Energy,2026-05-19,156.6659482341016,8
sp500,Energy,2026-05-20,152.79606053099647,8
sp500,Energy,2026-05-21,149.590718462569,8
sp500,Energy,2026-05-22,150.65882920177808,8
sp500,Energy,2026-05-25,151.42106696792916,8
sp500,Energy,2026-05-26,150.48842749187372,8
sp500,Energy,2026-05-27,145.98903125310312,8
sp500,Energy,2026-05-28,146.8734461070268,8
sp500,Energy,2026-05-29,146.29853614214954,8
sp500,Energy,2026-06-01,150.66011067789117,8
sp500,Energy,2026-06-02,152.44112479516568,8
sp500,Energy,2026-06-03,154.53983138466901,8
sp500,Energy,2026-06-04,153.28901776182968,8
sp500,Energy,2026-06-05,150.23914575565797,8
sp500,Energy,2026-06-08,152.34181282053603,8
sp500,Energy,2026-06-09,149.28822884227745,8
sp500,Energy,2026-06-10,152.19890966272874,8
sp500,Energy,2026-06-11,149.22173310968844,8
sp500,Energy,2026-06-12,150.28194368113438,8
sp500,Energy,2026-06-15,144.81001737450495,8
sp500,Energy,2026-06-16,143.99962697961217,8
sp500,Energy,2026-06-17,141.56467024321435,8
sp500,Energy,2026-06-18,139.58885308842568,8
sp500,Energy,2026-06-19,138.96513674735306,8
sp500,Energy,2026-06-22,140.18692119495415,8
sp500,Energy,2026-06-23,142.58973312531643,8
sp500,Energy,2026-06-24,140.26351447436141,8
sp500,Energy,2026-06-25,141.9369881010475,8
sp500,Energy,2026-06-26,141.40603093161616,8
sp500,Energy,2026-06-29,142.2089590160121,8
sp500,Energy,2026-06-30,140.26062354396026,8
sp500,Energy,2026-07-01,140.94443653804157,8
sp500,Energy,2026-07-02,142.04294065267703,8
sp500,Energy,2026-07-03,141.18192401119012,8
sp500,Energy,2026-07-06,142.06189646617898,8
sp500,Energy,2026-07-07,145.95900815427493,8
sp500,Energy,2026-07-08,150.18544415506665,8
sp500,Energy,2026-07-09,148.5467026409547,8
sp500,Energy,2026-07-10,149.26221713425596,8
sp500,Energy,2026-07-13,155.37846327071503,8
sp500,Energy,2026-07-14,156.3765493541541,8
sp500,Energy,2026-07-15,154.67355349837396,8
sp500,Energy,2026-07-16,156.73178446948276,8
sp500,Energy,2026-07-17,160.317822651117,8
sp500,Energy,2026-07-20,161.00523807952393,8
sp500,Energy,2026-07-21,163.15404243652523,8
sp500,Energy,2026-07-22,163.96366447460048,8
sp500,Energy,2026-07-23,163.88605325393758,8
sp500,Energy,2026-07-24,163.43311105220008,8
sp500,Energy,2026-07-27,160.91792767601592,8
sp500,Energy,2026-07-28,158.60480390200755,8
sp500,Energy,2026-07-29,162.21258747902328,8
sp500,Energy,2026-07-30,164.14239041574064,8
sp500,Financials,2023-08-09,100.0,13
sp500,Financials,2023-08-10,100.20533276056413,13
sp500,Financials,2023-08-11,100.28656621560489,13
sp500,Financials,2023-08-14,98.78473705106882,13
sp500,Financials,2023-08-15,96.37912983174364,13
sp500,Financials,2023-08-16,96.38482522366758,13
sp500,Financials,2023-08-17,95.94302678644284,13
sp500,Financials,2023-08-18,95.28063352263034,13
sp500,Financials,2023-08-21,95.04751248834535,13
sp500,Financials,2023-08-22,92.786158847587,13
sp500,Financials,2023-08-23,93.82929533575215,13
sp500,Financials,2023-08-24,94.06716337490032,13
sp500,Financials,2023-08-25,93.80978768180273,13
sp500,Financials,2023-08-28,94.49608388190319,13
sp500,Financials,2023-08-29,95.60395432517181,13
sp500,Financials,2023-08-30,95.45277131229987,13
sp500,Financials,2023-08-31,95.12859192456182,13
sp500,Financials,2023-09-01,96.29585169921884,13
sp500,Financials,2023-09-05,95.2409879016187,13
sp500,Financials,2023-09-06,94.51426949910257,13
sp500,Financials,2023-09-07,93.67411007879703,13
sp500,Financials,2023-09-08,94.17775911286218,13
sp500,Financials,2023-09-11,94.68377754397113,13
sp500,Financials,2023-09-12,96.21217166788719,13
sp500,Financials,2023-09-13,95.50729169038719,13
sp500,Financials,2023-09-14,96.97783049713237,13
sp500,Financials,2023-09-15,96.0353403302535,13
sp500,Financials,2023-09-18,95.92403847338697,13
sp500,Financials,2023-09-19,96.0334267351669,13
sp500,Financials,2023-09-20,95.69136558671492,13
sp500,Financials,2023-09-21,94.48332138001469,13
sp500,Financials,2023-09-22,93.47595232408739,13
sp500,Financials,2023-09-25,93.85456950502358,13
sp500,Financials,2023-09-26,92.43717702234777,13
sp500,Financials,2023-09-27,92.33944178969993,13
sp500,Financials,2023-09-28,93.02656521468143,13
sp500,Financials,2023-09-29,92.83582983332515,13
sp500,Financials,2023-10-02,91.10164245823205,13
sp500,Financials,2023-10-03,89.50883523259068,13
sp500,Financials,2023-10-04,90.10998577974533,13
sp500,Financials,2023-10-05,90.66073572408708,13
sp500,Financials,2023-10-06,91.2266207810269,13
sp500,Financials,2023-10-09,91.45537687967484,13
sp500,Financials,2023-10-10,92.314273804015,13
sp500,Financials,2023-10-11,92.39337915993683,13
sp500,Financials,2023-10-12,91.65302021519426,13
sp500,Financials,2023-10-13,91.81062425110042,13
sp500,Financials,2023-10-16,93.5237371222524,13
sp500,Financials,2023-10-17,94.65877267582106,13
sp500,Financials,2023-10-18,92.78932217525107,13
sp500,Financials,2023-10-19,91.92090826265752,13
sp500,Financials,2023-10-20,88.96061223069282,13
sp500,Financials,2023-10-23,87.76833915103556,13
sp500,Financials,2023-10-24,88.04608840221023,13
sp500,Financials,2023-10-25,88.2786274706183,13
sp500,Financials,2023-10-26,89.30272200394542,13
sp500,Financials,2023-10-27,86.96773573248974,13
sp500,Financials,2023-10-30,88.54140637421483,13
sp500,Financials,2023-10-31,89.75999027786779,13
sp500,Financials,2023-11-01,90.26247002211618,13
sp500,Financials,2023-11-02,93.7305921257783,13
sp500,Financials,2023-11-03,95.60890359414793,13
sp500,Financials,2023-11-06,95.06382851869529,13
sp500,Financials,2023-11-07,94.71635373098638,13
sp500,Financials,2023-11-08,94.22348326627689,13
sp500,Financials,2023-11-09,93.3387342118345,13
sp500,Financials,2023-11-10,94.28194986505471,13
sp500,Financials,2023-11-13,94.12305742875563,13
sp500,Financials,2023-11-14,97.18848700271992,13
sp500,Financials,2023-11-15,98.24313994251138,13
sp500,Financials,2023-11-16,98.52325140444628,13
sp500,Financials,2023-11-17,99.63791752404538,13
sp500,Financials,2023-11-20,99.5860298792639,13
sp500,Financials,2023-11-21,99.14854343658985,13
sp500,Financials,2023-11-22,99.3052481869701,13
sp500,Financials,2023-11-24,99.6888125638636,13
sp500,Financials,2023-11-27,99.44559835626006,13
sp500,Financials,2023-11-28,99.34856555512141,13
sp500,Financials,2023-11-29,101.13711323377285,13
sp500,Financials,2023-11-30,102.47152181872448,13
sp500,Financials,2023-12-01,104.68910279314623,13
sp500,Financials,2023-12-04,104.88982963862057,13
sp500,Financials,2023-12-05,104.18590052926493,13
sp500,Financials,2023-12-06,103.99399430777396,13
sp500,Financials,2023-12-07,104.68666216287494,13
sp500,Financials,2023-12-08,105.50428690462911,13
sp500,Financials,2023-12-11,105.7266779396592,13
sp500,Financials,2023-12-12,105.90904146575262,13
sp500,Financials,2023-12-13,108.70322015416004,13
sp500,Financials,2023-12-14,112.11056269597697,13
sp500,Financials,2023-12-15,111.76376296267338,13
sp500,Financials,2023-12-18,110.96060256274478,13
sp500,Financials,2023-12-19,111.99350443911497,13
sp500,Financials,2023-12-20,109.67164551706523,13
sp500,Financials,2023-12-21,110.69308051284771,13
sp500,Financials,2023-12-22,111.1940282065866,13
sp500,Financials,2023-12-26,112.19780823959162,13
sp500,Financials,2023-12-27,112.53192900471014,13
sp500,Financials,2023-12-28,112.78292130116361,13
sp500,Financials,2023-12-29,112.42430550076894,13
sp500,Financials,2024-01-02,113.49849531137883,13
sp500,Financials,2024-01-03,111.94796594037173,13
sp500,Financials,2024-01-04,112.62886311719006,13
sp500,Financials,2024-01-05,114.00705888774087,13
sp500,Financials,2024-01-08,114.23254329534811,13
sp500,Financials,2024-01-09,113.12834474673663,13
sp500,Financials,2024-01-10,113.09631493003849,13
sp500,Financials,2024-01-11,112.27576817988007,13
sp500,Financials,2024-01-12,111.70157466221518,13
sp500,Financials,2024-01-16,110.55237212918065,13
sp500,Financials,2024-01-17,110.50405328168802,13
sp500,Financials,2024-01-18,110.48257086546454,13
sp500,Financials,2024-01-19,113.27211127945891,13
sp500,Financials,2024-01-22,114.22291877314099,13
sp500,Financials,2024-01-23,113.8959374686813,13
sp500,Financials,2024-01-24,114.82057879855252,13
sp500,Financials,2024-01-25,115.189663000299,13
sp500,Financials,2024-01-26,115.24156838941283,13
sp500,Financials,2024-01-29,115.74342468719358,13
sp500,Financials,2024-01-30,116.97547809890463,13
sp500,Financials,2024-01-31,114.64909593760188,13
sp500,Financials,2024-02-01,112.81044839587744,13
sp500,Financials,2024-02-02,113.59046700032613,13
sp500,Financials,2024-02-05,112.51894383333129,13
sp500,Financials,2024-02-06,112.53213769814478,13
sp500,Financials,2024-02-07,112.95510124952612,13
sp500,Financials,2024-02-08,112.87207253680612,13
sp500,Financials,2024-02-09,113.2618178183398,13
sp500,Financials,2024-02-12,114.38418219990918,13
sp500,Financials,2024-02-13,112.07629367322379,13
sp500,Financials,2024-02-14,113.70486745322184,13
sp500,Financials,2024-02-15,115.50098019344526,13
sp500,Financials,2024-02-16,115.11508002454516,13
sp500,Financials,2024-02-20,114.8605398207499,13
sp500,Financials,2024-02-21,114.94467883870925,13
sp500,Financials,2024-02-22,115.50070811282247,13
sp500,Financials,2024-02-23,115.67614637866559,13
sp500,Financials,2024-02-26,114.91652796371442,13
sp500,Financials,2024-02-27,116.01435066587231,13
sp500,Financials,2024-02-28,115.84517181460112,13
sp500,Financials,2024-02-29,116.65486684075283,13
sp500,Financials,2024-03-01,116.17889349897472,13
sp500,Financials,2024-03-04,117.69685892369206,13
sp500,Financials,2024-03-05,119.16006868166728,13
sp500,Financials,2024-03-06,119.45147834592464,13
sp500,Financials,2024-03-07,119.67071271417763,13
sp500,Financials,2024-03-08,119.67371204885791,13
sp500,Financials,2024-03-11,120.11810088536127,13
sp500,Financials,2024-03-12,120.13680693820655,13
sp500,Financials,2024-03-13,120.66282821069339,13
sp500,Financials,2024-03-14,118.75650404866246,13
sp500,Financials,2024-03-15,119.16692041980122,13
sp500,Financials,2024-03-18,120.0010466243184,13
sp500,Financials,2024-03-19,120.21991451441112,13
sp500,Financials,2024-03-20,122.25865476175866,13
sp500,Financials,2024-03-21,124.09729205680087,13
sp500,Financials,2024-03-22,122.8767451193873,13
sp500,Financials,2024-03-25,123.05438753041538,13
sp500,Financials,2024-03-26,123.17439052913954,13
sp500,Financials,2024-03-27,125.46831432140742,13
sp500,Financials,2024-03-28,126.40381039056481,13
sp500,Financials,2024-04-01,125.26048916262079,13
sp500,Financials,2024-04-02,124.24611996952405,13
sp500,Financials,2024-04-03,123.99979744863148,13
sp500,Financials,2024-04-04,122.49635793913505,13
sp500,Financials,2024-04-05,123.27437074707062,13
sp500,Financials,2024-04-08,124.42154302228133,13
sp500,Financials,2024-04-09,123.70938351944302,13
sp500,Financials,2024-04-10,121.29026133363932,13
sp500,Financials,2024-04-11,120.12872213682215,13
sp500,Financials,2024-04-12,118.67453428725429,13
sp500,Financials,2024-04-15,118.5546221275575,13
sp500,Financials,2024-04-16,117.36289377310565,13
sp500,Financials,2024-04-17,117.0830056427221,13
sp500,Financials,2024-04-18,118.02422210518797,13
sp500,Financials,2024-04-19,120.43312067297273,13
sp500,Financials,2024-04-22,122.07907774493268,13
sp500,Financials,2024-04-23,123.20024673851124,13
sp500,Financials,2024-04-24,123.23769240103692,13
sp500,Financials,2024-04-25,122.58351900578892,13
sp500,Financials,2024-04-26,122.64373623393881,13
sp500,Financials,2024-04-29,122.64581692545624,13
sp500,Financials,2024-04-30,121.3735076241372,13
sp500,Financials,2024-05-01,122.28021066730402,13
sp500,Financials,2024-05-02,122.39465473031474,13
sp500,Financials,2024-05-03,122.81329145964781,13
sp500,Financials,2024-05-06,124.24106459912205,13
sp500,Financials,2024-05-07,123.80999698045419,13
sp500,Financials,2024-05-08,124.69798031892132,13
sp500,Financials,2024-05-09,125.40571278303709,13
sp500,Financials,2024-05-10,125.95483520947843,13
sp500,Financials,2024-05-13,125.13984239872565,13
sp500,Financials,2024-05-14,126.19283906232455,13
sp500,Financials,2024-05-15,127.04256673638135,13
sp500,Financials,2024-05-16,127.43769662377082,13
sp500,Financials,2024-05-17,128.46592811029385,13
sp500,Financials,2024-05-20,126.27074660637521,13
sp500,Financials,2024-05-21,127.20776834097333,13
sp500,Financials,2024-05-22,125.86205276879583,13
sp500,Financials,2024-05-23,123.4701043414385,13
sp500,Financials,2024-05-24,124.46763100413258,13
sp500,Financials,2024-05-28,123.1380564048286,13
sp500,Financials,2024-05-29,121.93972246328258,13
sp500,Financials,2024-05-30,123.11527602604302,13
sp500,Financials,2024-05-31,125.43885802088577,13
sp500,Financials,2024-06-03,123.8820943320788,13
sp500,Financials,2024-06-04,122.79757125034818,13
sp500,Financials,2024-06-05,123.23561620683874,13
sp500,Financials,2024-06-06,122.90736740085455,13
sp500,Financials,2024-06-07,123.3417611156959,13
sp500,Financials,2024-06-10,122.28326145997079,13
sp500,Financials,2024-06-11,120.4243504069189,13
sp500,Financials,2024-06-12,121.45611971446738,13
sp500,Financials,2024-06-13,121.11097349638413,13
sp500,Financials,2024-06-14,120.27367351187135,13
sp500,Financials,2024-06-17,121.30644973501205,13
sp500,Financials,2024-06-18,122.2010900847398,13
sp500,Financials,2024-06-20,122.7079166946895,13
sp500,Financials,2024-06-21,122.38056984155403,13
sp500,Financials,2024-06-24,124.20321278316639,13
sp500,Financials,2024-06-25,122.98630091898308,13
sp500,Financials,2024-06-26,121.98763777231645,13
sp500,Financials,2024-06-27,122.5084751048989,13
sp500,Financials,2024-06-28,124.00064932329298,13
sp500,Financials,2024-07-01,123.91523730741329,13
sp500,Financials,2024-07-02,125.1962599805595,13
sp500,Financials,2024-07-03,124.65218356570887,13
sp500,Financials,2024-07-05,123.23542641625542,13
sp500,Financials,2024-07-08,123.93459709863161,13
sp500,Financials,2024-07-09,125.10978190525314,13
sp500,Financials,2024-07-10,126.28641970968302,13
sp500,Financials,2024-07-11,128.2686904821492,13
sp500,Financials,2024-07-12,128.12851813579832,13
sp500,Financials,2024-07-15,129.55260463414982,13
sp500,Financials,2024-07-16,131.42347954781317,13
sp500,Financials,2024-07-17,132.42081866948513,13
sp500,Financials,2024-07-18,131.1111924271112,13
sp500,Financials,2024-07-19,130.3962371796255,13
sp500,Financials,2024-07-22,131.4430257540589,13
sp500,Financials,2024-07-23,132.04482961478004,13
sp500,Financials,2024-07-24,130.80864081057118,13
sp500,Financials,2024-07-25,131.7228828774547,13
sp500,Financials,2024-07-26,133.41752833310446,13
sp500,Financials,2024-07-29,132.63339751489792,13
sp500,Financials,2024-07-30,134.3872384294921,13
sp500,Financials,2024-07-31,133.18866277483977,13
sp500,Financials,2024-08-01,131.19898964416623,13
sp500,Financials,2024-08-02,127.69552372093369,13
sp500,Financials,2024-08-05,124.62586754620068,13
sp500,Financials,2024-08-06,125.63941883082288,13
sp500,Financials,2024-08-07,125.34129571032042,13
sp500,Financials,2024-08-08,127.5533266685096,13
sp500,Financials,2024-08-09,127.71758519504053,13
sp500,Financials,2024-08-12,126.8493226047668,13
sp500,Financials,2024-08-13,127.80651522805897,13
sp500,Financials,2024-08-14,129.74986203951465,13
sp500,Financials,2024-08-15,130.72489845791227,13
sp500,Financials,2024-08-16,132.06237521743807,13
sp500,Financials,2024-08-19,132.94033342665213,13
sp500,Financials,2024-08-20,131.82428036731412,13
sp500,Financials,2024-08-21,131.65460902416822,13
sp500,Financials,2024-08-22,132.68519683154494,13
sp500,Financials,2024-08-23,135.00078778253044,13
sp500,Financials,2024-08-26,135.12129354032103,13
sp500,Financials,2024-08-27,135.0723316300089,13
sp500,Financials,2024-08-28,135.8958267867345,13
sp500,Financials,2024-08-29,136.83944767420877,13
sp500,Financials,2024-08-30,138.05804751100166,13
sp500,Financials,2024-09-03,136.90729542634418,13
sp500,Financials,2024-09-04,136.690866282305,13
sp500,Financials,2024-09-05,135.54190499341047,13
sp500,Financials,2024-09-06,133.525572602305,13
sp500,Financials,2024-09-09,135.60844317785512,13
sp500,Financials,2024-09-10,133.56360012988938,13
sp500,Financials,2024-09-11,132.50033420091356,13
sp500,Financials,2024-09-12,132.647724095317,13
sp500,Financials,2024-09-13,133.45222907253577,13
sp500,Financials,2024-09-16,135.34363550825728,13
sp500,Financials,2024-09-17,135.77656749114158,13
sp500,Financials,2024-09-18,135.98430076903472,13
sp500,Financials,2024-09-19,138.39157686352536,13
sp500,Financials,2024-09-20,137.79622270228091,13
sp500,Financials,2024-09-23,137.68472058079448,13
sp500,Financials,2024-09-24,136.92354860114722,13
sp500,Financials,2024-09-25,135.8094679405027,13
sp500,Financials,2024-09-26,136.6633759040301,13
sp500,Financials,2024-09-27,137.0140058679133,13
sp500,Financials,2024-09-30,137.6244480605487,13
sp500,Financials,2024-10-01,135.97743339889612,13
sp500,Financials,2024-10-02,136.30993008697575,13
sp500,Financials,2024-10-03,135.50506455249317,13
sp500,Financials,2024-10-04,137.8858488851583,13
sp500,Financials,2024-10-07,135.88468309271008,13
sp500,Financials,2024-10-08,136.62677238132977,13
sp500,Financials,2024-10-09,138.02019041489214,13
sp500,Financials,2024-10-10,138.03053088925742,13
sp500,Financials,2024-10-11,141.7205003962803,13
sp500,Financials,2024-10-14,142.65052853998137,13
sp500,Financials,2024-10-15,143.29765483849854,13
sp500,Financials,2024-10-16,144.52058863861214,13
sp500,Financials,2024-10-17,145.40843699618614,13
sp500,Financials,2024-10-18,144.90604915668527,13
sp500,Financials,2024-10-21,142.75502243283563,13
sp500,Financials,2024-10-22,143.59096627364906,13
sp500,Financials,2024-10-23,143.31938915057577,13
sp500,Financials,2024-10-24,143.6106072055706,13
sp500,Financials,2024-10-25,141.39087170239776,13
sp500,Financials,2024-10-28,143.61906429561452,13
sp500,Financials,2024-10-29,142.7684457972196,13
sp500,Financials,2024-10-30,143.00959113044,13
sp500,Financials,2024-10-31,141.30588272829482,13
sp500,Financials,2024-11-01,140.54117343021852,13
sp500,Financials,2024-11-04,139.5467984152912,13
sp500,Financials,2024-11-05,141.15217091034503,13
sp500,Financials,2024-11-06,151.23400049381985,13
sp500,Financials,2024-11-07,148.64111399665532,13
sp500,Financials,2024-11-08,149.8786792464901,13
sp500,Financials,2024-11-11,152.4839256241908,13
sp500,Financials,2024-11-12,152.19492716510476,13
sp500,Financials,2024-11-13,151.99812814884302,13
sp500,Financials,2024-11-14,152.48082084414375,13
sp500,Financials,2024-11-15,153.6511405043166,13
sp500,Financials,2024-11-18,154.1514578084206,13
sp500,Financials,2024-11-19,152.40495872288875,13
sp500,Financials,2024-11-20,151.89958622354868,13
sp500,Financials,2024-11-21,153.8619348552936,13
sp500,Financials,2024-11-22,155.50731367202454,13
sp500,Financials,2024-11-25,156.49678341179998,13
sp500,Financials,2024-11-26,156.7796270517561,13
sp500,Financials,2024-11-27,156.92608759548318,13
sp500,Financials,2024-11-29,156.8707246226553,13
sp500,Financials,2024-12-02,155.05953390102428,13
sp500,Financials,2024-12-03,153.89609106878325,13
sp500,Financials,2024-12-04,153.7032674411002,13
sp500,Financials,2024-12-05,154.6559862432563,13
sp500,Financials,2024-12-06,154.24859114135438,13
sp500,Financials,2024-12-09,151.76894691262467,13
sp500,Financials,2024-12-10,151.25503241442829,13
sp500,Financials,2024-12-11,151.17967857784294,13
sp500,Financials,2024-12-12,150.29944031297546,13
sp500,Financials,2024-12-13,150.03719813904465,13
sp500,Financials,2024-12-16,149.83841515869236,13
sp500,Financials,2024-12-17,148.1227700529503,13
sp500,Financials,2024-12-18,142.60900099272428,13
sp500,Financials,2024-12-19,142.7300606327896,13
sp500,Financials,2024-12-20,145.02534548537497,13
sp500,Financials,2024-12-23,145.41689523452965,13
sp500,Financials,2024-12-24,146.74399808165631,13
sp500,Financials,2024-12-26,147.12562316985358,13
sp500,Financials,2024-12-27,146.12469067827877,13
sp500,Financials,2024-12-30,145.11527733781483,13
sp500,Financials,2024-12-31,145.10812787215187,13
sp500,Financials,2025-01-02,144.49532161770247,13
sp500,Financials,2025-01-03,145.78425537480223,13
sp500,Financials,2025-01-06,145.67195038822328,13
sp500,Financials,2025-01-07,145.5802815853929,13
sp500,Financials,2025-01-08,145.92044309848868,13
sp500,Financials,2025-01-10,141.7158128832724,13
sp500,Financials,2025-01-13,143.33432814605302,13
sp500,Financials,2025-01-14,145.64460454584025,13
sp500,Financials,2025-01-15,149.42367746131856,13
sp500,Financials,2025-01-16,149.69342833186667,13
sp500,Financials,2025-01-17,150.40408769569513,13
sp500,Financials,2025-01-21,152.2152547425783,13
sp500,Financials,2025-01-22,150.84193387671317,13
sp500,Financials,2025-01-23,151.22932977418193,13
sp500,Financials,2025-01-24,151.7257320829192,13
sp500,Financials,2025-01-27,154.09083225089742,13
sp500,Financials,2025-01-28,153.4452927353842,13
sp500,Financials,2025-01-29,153.58619125732707,13
sp500,Financials,2025-01-30,154.96862208342998,13
sp500,Financials,2025-01-31,153.73954972220562,13
sp500,Financials,2025-02-03,151.6952109546977,13
sp500,Financials,2025-02-04,151.85325381838487,13
sp500,Financials,2025-02-05,152.72309499214998,13
sp500,Financials,2025-02-06,153.85588455879235,13
sp500,Financials,2025-02-07,152.69980758253888,13
sp500,Financials,2025-02-10,150.55015147383352,13
sp500,Financials,2025-02-11,151.7720526420444,13
sp500,Financials,2025-02-12,150.37080277186868,13
sp500,Financials,2025-02-13,151.15696196497842,13
sp500,Financials,2025-02-14,151.09135911924412,13
sp500,Financials,2025-02-18,152.11474187350743,13
sp500,Financials,2025-02-19,152.4260472117834,13
sp500,Financials,2025-02-20,150.18757827069174,13
sp500,Financials,2025-02-21,147.79003213855702,13
sp500,Financials,2025-02-24,148.01176724980937,13
sp500,Financials,2025-02-25,148.14031103474483,13
sp500,Financials,2025-02-26,147.9882677018234,13
sp500,Financials,2025-02-27,149.25456571958895,13
sp500,Financials,2025-02-28,152.13548271887717,13
sp500,Financials,2025-03-03,150.81457150649408,13
sp500,Financials,2025-03-04,145.74628784472245,13
sp500,Financials,2025-03-05,145.9198855382684,13
sp500,Financials,2025-03-06,143.91387767117166,13
sp500,Financials,2025-03-07,143.653866571334,13
sp500,Financials,2025-03-10,140.01125851791724,13
sp500,Financials,2025-03-11,139.17952988428368,13
sp500,Financials,2025-03-12,139.21878974492282,13
sp500,Financials,2025-03-13,138.484618213853,13
sp500,Financials,2025-03-14,142.3869930415347,13
sp500,Financials,2025-03-17,144.124776368451,13
sp500,Financials,2025-03-18,143.4995070300665,13
sp500,Financials,2025-03-19,144.8946969031854,13
sp500,Financials,2025-03-20,144.96088213309406,13
sp500,Financials,2025-03-21,144.71944214891062,13
sp500,Financials,2025-03-24,147.19378820606406,13
sp500,Financials,2025-03-25,147.77562981500597,13
sp500,Financials,2025-03-26,147.51733727870453,13
sp500,Financials,2025-03-27,146.61676221454306,13
sp500,Financials,2025-03-28,143.87268858197254,13
sp500,Financials,2025-03-31,145.40864331926656,13
sp500,Financials,2025-04-01,144.90676002238374,13
sp500,Financials,2025-04-02,146.42863074566685,13
sp500,Financials,2025-04-03,136.3660337155598,13
sp500,Financials,2025-04-04,126.60992454509685,13
sp500,Financials,2025-04-07,126.62364613169758,13
sp500,Financials,2025-04-08,126.15146445499903,13
sp500,Financials,2025-04-09,135.36040778511565,13
sp500,Financials,2025-04-10,130.7675237316883,13
sp500,Financials,2025-04-11,132.19444502258767,13
sp500,Financials,2025-04-14,134.26910796338873,13
sp500,Financials,2025-04-15,135.06962736281963,13
sp500,Financials,2025-04-16,133.32881841035203,13
sp500,Financials,2025-04-17,134.31948430108486,13
sp500,Financials,2025-04-21,131.6306280888308,13
sp500,Financials,2025-04-22,136.28643122338423,13
sp500,Financials,2025-04-23,137.5579387890329,13
sp500,Financials,2025-04-24,139.80791615766947,13
sp500,Financials,2025-04-25,138.9140339740654,13
sp500,Financials,2025-04-28,139.86362105241935,13
sp500,Financials,2025-04-29,140.9673585968343,13
sp500,Financials,2025-04-30,140.44003977102923,13
sp500,Financials,2025-05-01,140.1093072951009,13
sp500,Financials,2025-05-02,143.38683031694183,13
sp500,Financials,2025-05-05,143.43843029128664,13
sp500,Financials,2025-05-06,142.49122699125124,13
sp500,Financials,2025-05-07,143.25691087641908,13
sp500,Financials,2025-05-08,144.75923750166342,13
sp500,Financials,2025-05-09,144.65984607526855,13
sp500,Financials,2025-05-12,148.68781169397027,13
sp500,Financials,2025-05-13,149.27487156249913,13
sp500,Financials,2025-05-14,149.09652944984433,13
sp500,Financials,2025-05-15,150.86229480728448,13
sp500,Financials,2025-05-16,151.79701471670842,13
sp500,Financials,2025-05-19,151.76326058586702,13
sp500,Financials,2025-05-20,150.96452497727356,13
sp500,Financials,2025-05-21,147.11109579901137,13
sp500,Financials,2025-05-22,146.7570214636557,13
sp500,Financials,2025-05-23,146.32189429002236,13
sp500,Financials,2025-05-27,149.26207878290757,13
sp500,Financials,2025-05-28,147.856963958795,13
sp500,Financials,2025-05-29,149.01305588029018,13
sp500,Financials,2025-05-30,149.33288490682307,13
sp500,Financials,2025-06-02,149.3539946229351,13
sp500,Financials,2025-06-03,150.4628273224379,13
sp500,Financials,2025-06-04,148.9856571108908,13
sp500,Financials,2025-06-05,148.73284963016067,13
sp500,Financials,2025-06-06,151.29177271426119,13
sp500,Financials,2025-06-09,150.41223122572967,13
sp500,Financials,2025-06-10,150.37579735667578,13
sp500,Financials,2025-06-11,149.59490295510057,13
sp500,Financials,2025-06-12,149.93316586036096,13
sp500,Financials,2025-06-13,147.5462050457282,13
sp500,Financials,2025-06-16,149.12246683862617,13
sp500,Financials,2025-06-17,148.04063642877998,13
sp500,Financials,2025-06-18,149.55218916003702,13
sp500,Financials,2025-06-20,150.18120765319017,13
sp500,Financials,2025-06-23,152.1848197826341,13
sp500,Financials,2025-06-24,153.1842701472338,13
sp500,Financials,2025-06-25,152.98777580174414,13
sp500,Financials,2025-06-26,155.16508716958776,13
sp500,Financials,2025-06-27,155.66871317114624,13
sp500,Financials,2025-06-30,157.07407736907223,13
sp500,Financials,2025-07-01,158.84129376203987,13
sp500,Financials,2025-07-02,158.68800715682607,13
sp500,Financials,2025-07-03,160.63045187575662,13
sp500,Financials,2025-07-07,159.11650781495223,13
sp500,Financials,2025-07-08,158.0516255291248,13
sp500,Financials,2025-07-09,157.96118391144043,13
sp500,Financials,2025-07-10,159.30342647079112,13
sp500,Financials,2025-07-11,158.2840938115601,13
sp500,Financials,2025-07-14,159.04992008610793,13
sp500,Financials,2025-07-15,156.12270774082276,13
sp500,Financials,2025-07-16,157.02599737175288,13
sp500,Financials,2025-07-17,159.39146486569257,13
sp500,Financials,2025-07-18,160.77926980352183,13
sp500,Financials,2025-07-21,160.42805651239496,13
sp500,Financials,2025-07-22,161.53868670727076,13
sp500,Financials,2025-07-23,162.2952071695254,13
sp500,Financials,2025-07-24,161.68295405067673,13
sp500,Financials,2025-07-25,162.43607716500625,13
sp500,Financials,2025-07-28,161.03239308240822,13
sp500,Financials,2025-07-29,161.28626219610967,13
sp500,Financials,2025-07-30,160.48256912357456,13
sp500,Financials,2025-07-31,159.80901831622396,13
sp500,Financials,2025-08-01,157.09742095032937,13
sp500,Financials,2025-08-04,159.00518445966495,13
sp500,Financials,2025-08-05,158.72331073620467,13
sp500,Financials,2025-08-06,159.39374307719186,13
sp500,Financials,2025-08-07,158.03736046150024,13
sp500,Financials,2025-08-08,159.81106475385195,13
sp500,Financials,2025-08-11,159.5472637532078,13
sp500,Financials,2025-08-12,162.1546623191845,13
sp500,Financials,2025-08-13,163.10361917079226,13
sp500,Financials,2025-08-14,164.12463068392807,13
sp500,Financials,2025-08-15,161.88074241875583,13
sp500,Financials,2025-08-18,162.5277862621293,13
sp500,Financials,2025-08-19,162.8297263640602,13
sp500,Financials,2025-08-20,164.09690754811956,13
sp500,Financials,2025-08-21,163.24405974140288,13
sp500,Financials,2025-08-22,166.55544171344155,13
sp500,Financials,2025-08-25,165.46308692177612,13
sp500,Financials,2025-08-26,166.75927222733094,13
sp500,Financials,2025-08-27,167.5757310340223,13
sp500,Financials,2025-08-28,167.50061036346693,13
sp500,Financials,2025-08-29,167.67251535865225,13
sp500,Financials,2025-09-01,158.19819691222935,13
sp500,Financials,2025-09-02,164.03691443711003,13
sp500,Financials,2025-09-03,169.00764622088153,13
sp500,Financials,2025-09-04,171.40040068825792,13
sp500,Financials,2025-09-05,168.00315549134817,13
sp500,Financials,2025-09-08,168.04485364305918,13
sp500,Financials,2025-09-09,168.44330007252273,13
sp500,Financials,2025-09-10,168.51151588222694,13
sp500,Financials,2025-09-11,170.61967804173958,13
sp500,Financials,2025-09-12,170.38830880922987,13
sp500,Financials,2025-09-15,169.19860910966332,13
sp500,Financials,2025-09-16,168.316774011138,13
sp500,Financials,2025-09-17,170.2824169679945,13
sp500,Financials,2025-09-18,172.41607016225714,13
sp500,Financials,2025-09-19,172.42245220292617,13
sp500,Financials,2025-09-22,170.98662645499704,13
sp500,Financials,2025-09-23,171.38173381288223,13
sp500,Financials,2025-09-24,171.34689660322618,13
sp500,Financials,2025-09-25,171.84754295700958,13
sp500,Financials,2025-09-26,173.3732524912859,13
sp500,Financials,2025-09-29,173.52971622214199,13
sp500,Financials,2025-09-30,172.80267003930766,13
sp500,Financials,2025-10-01,170.3577392907518,13
sp500,Financials,2025-10-02,170.36568268424398,13
sp500,Financials,2025-10-03,171.83990438841036,13
sp500,Financials,2025-10-06,171.18245603095937,13
sp500,Financials,2025-10-07,171.048768996077,13
sp500,Financials,2025-10-08,169.42299386546142,13
sp500,Financials,2025-10-09,168.67145277854746,13
sp500,Financials,2025-10-10,164.2241092658103,13
sp500,Financials,2025-10-13,166.17310248141192,13
sp500,Financials,2025-10-14,169.32392656894558,13
sp500,Financials,2025-10-15,168.42396638769736,13
sp500,Financials,2025-10-16,162.17399819397986,13
sp500,Financials,2025-10-17,163.26199004309845,13
sp500,Financials,2025-10-20,165.23999064664392,13
sp500,Financials,2025-10-21,165.10878141586477,13
sp500,Financials,2025-10-22,164.46729201074723,13
sp500,Financials,2025-10-23,165.13983966583763,13
sp500,Financials,2025-10-24,166.72969835968877,13
sp500,Financials,2025-10-27,166.7003602831154,13
sp500,Financials,2025-10-28,165.65696758262564,13
sp500,Financials,2025-10-29,164.2398364796506,13
sp500,Financials,2025-10-30,165.32582461631634,13
sp500,Financials,2025-10-31,165.39150583230128,13
sp500,Financials,2025-11-03,164.98592308086222,13
sp500,Financials,2025-11-04,166.15840646066192,13
sp500,Financials,2025-11-05,166.77019709207934,13
sp500,Financials,2025-11-06,167.38061711321228,13
sp500,Financials,2025-11-07,169.18574447192304,13
sp500,Financials,2025-11-10,170.13062133521592,13
sp500,Financials,2025-11-11,170.7004862139263,13
sp500,Financials,2025-11-12,172.3913821108161,13
sp500,Financials,2025-11-13,170.1262809253251,13
sp500,Financials,2025-11-14,169.6211017610707,13
sp500,Financials,2025-11-17,165.84893054910535,13
sp500,Financials,2025-11-18,166.22515648889987,13
sp500,Financials,2025-11-19,166.50304679689302,13
sp500,Financials,2025-11-20,165.35050738722313,13
sp500,Financials,2025-11-21,167.93372508866744,13
sp500,Financials,2025-11-24,168.04370980298472,13
sp500,Financials,2025-11-25,170.2761434214398,13
sp500,Financials,2025-11-26,171.10349872548366,13
sp500,Financials,2025-11-27,161.5262065655754,13
sp500,Financials,2025-11-28,167.4908764983894,13
sp500,Financials,2025-12-01,174.07484801373542,13
sp500,Financials,2025-12-02,173.82248091752808,13
sp500,Financials,2025-12-03,176.75552736138874,13
sp500,Financials,2025-12-04,177.33637882404273,13
sp500,Financials,2025-12-05,176.4735150754349,13
sp500,Financials,2025-12-08,176.29601153169958,13
sp500,Financials,2025-12-09,176.01593395960217,13
sp500,Financials,2025-12-10,179.09151197730313,13
sp500,Financials,2025-12-11,182.0157341915512,13
sp500,Financials,2025-12-12,182.16469497964314,13
sp500,Financials,2025-12-15,182.81981945951273,13
sp500,Financials,2025-12-16,181.52463863813693,13
sp500,Financials,2025-12-17,182.0551448547442,13
sp500,Financials,2025-12-18,181.65537780508114,13
sp500,Financials,2025-12-19,182.8636111309619,13
sp500,Financials,2025-12-22,185.09873792515464,13
sp500,Financials,2025-12-23,185.25934090539977,13
sp500,Financials,2025-12-24,186.09786565542416,13
sp500,Financials,2025-12-25,177.19240987772324,13
sp500,Financials,2025-12-26,182.2025392976202,13
sp500,Financials,2025-12-29,186.7768676112737,13
sp500,Financials,2025-12-30,186.26209131599452,13
sp500,Financials,2025-12-31,184.9085143945993,13
sp500,Financials,2026-01-01,176.4134155438456,13
sp500,Financials,2026-01-02,181.80389543692564,13
sp500,Financials,2026-01-05,192.59576581200707,13
sp500,Financials,2026-01-06,193.42134561047806,13
sp500,Financials,2026-01-07,190.56242790395288,13
sp500,Financials,2026-01-08,192.17710348642166,13
sp500,Financials,2026-01-09,190.79546792364656,13
sp500,Financials,2026-01-12,189.19400800898148,13
sp500,Financials,2026-01-13,185.72651507111726,13
sp500,Financials,2026-01-14,185.44422614247293,13
sp500,Financials,2026-01-15,187.66575278197826,13
sp500,Financials,2026-01-16,187.62217822385207,13
sp500,Financials,2026-01-19,176.76151431464655,13
sp500,Financials,2026-01-20,183.11820248938542,13
sp500,Financials,2026-01-21,192.4318755610407,13
sp500,Financials,2026-01-22,192.2026508369247,13
sp500,Financials,2026-01-23,189.64163539587972,13
sp500,Financials,2026-01-26,190.84232380547874,13
sp500,Financials,2026-01-27,190.93044313423815,13
sp500,Financials,2026-01-28,190.58708361871922,13
sp500,Financials,2026-01-29,192.6371811566085,13
sp500,Financials,2026-01-30,193.1309047908427,13
sp500,Financials,2026-02-02,195.7510057394391,13
sp500,Financials,2026-02-03,197.1289229181323,13
sp500,Financials,2026-02-04,200.69731011579944,13
sp500,Financials,2026-02-05,200.8466948682521,13
sp500,Financials,2026-02-06,203.91582979554954,13
sp500,Financials,2026-02-09,202.2743253991799,13
sp500,Financials,2026-02-10,201.02951833607818,13
sp500,Financials,2026-02-11,198.77890464931224,13
sp500,Financials,2026-02-12,195.01334493367096,13
sp500,Financials,2026-02-13,194.33806297819106,13
sp500,Financials,2026-02-16,181.7965047215809,13
sp500,Financials,2026-02-17,191.06539912668842,13
sp500,Financials,2026-02-18,201.31437100396545,13
sp500,Financials,2026-02-19,199.56292398435963,13
sp500,Financials,2026-02-20,201.5168128901815,13
sp500,Financials,2026-02-23,195.9070134998373,13
sp500,Financials,2026-02-24,195.7261481797042,13
sp500,Financials,2026-02-25,198.60737712195095,13
sp500,Financials,2026-02-26,200.8976524432438,13
sp500,Financials,2026-02-27,195.47815293625268,13
sp500,Financials,2026-03-02,196.30489072649365,13
sp500,Financials,2026-03-03,195.14078884124498,13
sp500,Financials,2026-03-04,195.50590868475155,13
sp500,Financials,2026-03-05,193.12999210458085,13
sp500,Financials,2026-03-06,189.43969105267163,13
sp500,Financials,2026-03-09,188.13698431325352,13
sp500,Financials,2026-03-10,188.36496279515563,13
sp500,Financials,2026-03-11,186.30007234141658,13
sp500,Financials,2026-03-12,183.469244428325,13
sp500,Financials,2026-03-13,182.84829602833693,13
sp500,Financials,2026-03-16,184.65620092596774,13
sp500,Financials,2026-03-17,185.78958315520882,13
sp500,Financials,2026-03-18,184.20247098578082,13
sp500,Financials,2026-03-19,184.21678315185747,13
sp500,Financials,2026-03-20,184.1785144502243,13
sp500,Financials,2026-03-23,186.2490249685865,13
sp500,Financials,2026-03-24,187.37316785717488,13
sp500,Financials,2026-03-25,187.68794236259993,13
sp500,Financials,2026-03-26,186.62951007107566,13
sp500,Financials,2026-03-27,182.28523582128517,13
sp500,Financials,2026-03-30,183.60119253385213,13
sp500,Financials,2026-03-31,188.43010050331398,13
sp500,Financials,2026-04-01,188.92580755672543,13
sp500,Financials,2026-04-02,189.99964315418913,13
sp500,Financials,2026-04-03,181.93103751596814,13
sp500,Financials,2026-04-06,186.9926423829044,13
sp500,Financials,2026-04-07,192.93001132900343,13
sp500,Financials,2026-04-08,198.87032920683885,13
sp500,Financials,2026-04-09,200.94553002575623,13
sp500,Financials,2026-04-10,198.23981712970655,13
sp500,Financials,2026-04-13,201.09488228812614,13
sp500,Financials,2026-04-14,201.69648630626233,13
sp500,Financials,2026-04-15,202.85729765843365,13
sp500,Financials,2026-04-16,200.48580700271253,13
sp500,Financials,2026-04-17,202.4405052104039,13
sp500,Financials,2026-04-20,203.69732747036142,13
sp500,Financials,2026-04-21,203.05167455956138,13
sp500,Financials,2026-04-22,202.06086569419455,13
sp500,Financials,2026-04-23,202.1429330352612,13
sp500,Financials,2026-04-24,199.25225214297225,13
sp500,Financials,2026-04-27,201.21930467292412,13
sp500,Financials,2026-04-28,202.12513145545284,13
sp500,Financials,2026-04-29,200.25993501877096,13
sp500,Financials,2026-04-30,202.5465072744625,13
sp500,Financials,2026-05-01,201.52008771769917,13
sp500,Financials,2026-05-04,199.4361290472007,13
sp500,Financials,2026-05-05,201.04226350341378,13
sp500,Financials,2026-05-06,202.30363211127508,13
sp500,Financials,2026-05-07,199.58289122516362,13
sp500,Financials,2026-05-08,197.93290719580196,13
sp500,Financials,2026-05-11,196.62758145912878,13
sp500,Financials,2026-05-12,197.93257564708998,13
sp500,Financials,2026-05-13,195.1992145072326,13
sp500,Financials,2026-05-14,196.27313903486566,13
sp500,Financials,2026-05-15,195.93289044174696,13
sp500,Financials,2026-05-18,198.24246614468356,13
sp500,Financials,2026-05-19,196.8136914389715,13
sp500,Financials,2026-05-20,199.02473049184184,13
sp500,Financials,2026-05-21,199.3005984098131,13
sp500,Financials,2026-05-22,199.91046615468744,13
sp500,Financials,2026-05-25,191.91379048140874,13
sp500,Financials,2026-05-26,202.1199102174815,13
sp500,Financials,2026-05-27,198.90870979782974,13
sp500,Financials,2026-05-28,197.07576244123172,13
sp500,Financials,2026-05-29,197.8064934731846,13
sp500,Financials,2026-06-01,196.0492083454364,13
sp500,Financials,2026-06-02,198.9911556367098,13
sp500,Financials,2026-06-03,197.09795740814263,13
sp500,Financials,2026-06-04,202.36963492166024,13
sp500,Financials,2026-06-05,204.16167315504538,13
sp500,Financials,2026-06-08,202.67369910461687,13
sp500,Financials,2026-06-09,204.97186671671432,13
sp500,Financials,2026-06-10,205.63671139586876,13
sp500,Financials,2026-06-11,207.2597580050233,13
sp500,Financials,2026-06-12,210.28757477004268,13
sp500,Financials,2026-06-15,209.02007012795468,13
sp500,Financials,2026-06-16,211.633343195978,13
sp500,Financials,2026-06-17,210.56657095482066,13
sp500,Financials,2026-06-18,209.23587425139056,13
sp500,Financials,2026-06-19,198.71135649380213,13
sp500,Financials,2026-06-22,206.99771032393173,13
sp500,Financials,2026-06-23,216.79893219223078,13
sp500,Financials,2026-06-24,216.53503239570063,13
sp500,Financials,2026-06-25,217.27023977903593,13
sp500,Financials,2026-06-26,218.32665840373727,13
sp500,Financials,2026-06-29,218.8847659394711,13
sp500,Financials,2026-06-30,217.5576081847057,13
sp500,Financials,2026-07-01,222.04284429831898,13
sp500,Financials,2026-07-02,223.51709363358347,13
sp500,Financials,2026-07-03,213.37559521047288,13
sp500,Financials,2026-07-06,216.45814952425843,13
sp500,Financials,2026-07-07,232.1760191442392,13
sp500,Financials,2026-07-08,227.45068075383892,13
sp500,Financials,2026-07-09,229.66756107111513,13
sp500,Financials,2026-07-10,231.4212664738939,13
sp500,Financials,2026-07-13,232.21480734711756,13
sp500,Financials,2026-07-14,230.22716448049653,13
sp500,Financials,2026-07-15,231.69890812834205,13
sp500,Financials,2026-07-16,234.44143825961024,13
sp500,Financials,2026-07-17,234.82056120779347,13
sp500,Financials,2026-07-20,233.5034241381286,13
sp500,Financials,2026-07-21,234.03878235202473,13
sp500,Financials,2026-07-22,234.47483849670982,13
sp500,Financials,2026-07-23,233.965310842837,13
sp500,Financials,2026-07-24,236.38657626461202,13
sp500,Financials,2026-07-27,236.9198303400336,13
sp500,Financials,2026-07-28,240.90725504246353,13
sp500,Financials,2026-07-29,236.52251911896474,13
sp500,Financials,2026-07-30,236.4225965863901,13
sp500,Health Care,2023-08-09,100.0,9
sp500,Health Care,2023-08-10,100.13871517173915,9
sp500,Health Care,2023-08-11,101.01593026898976,9
sp500,Health Care,2023-08-14,101.5058488438685,9
sp500,Health Care,2023-08-15,101.11218155859483,9
sp500,Health Care,2023-08-16,100.47833867569452,9
sp500,Health Care,2023-08-17,100.70543959020472,9
sp500,Health Care,2023-08-18,101.02663619700543,9
sp500,Health Care,2023-08-21,101.28521022031762,9
sp500,Health Care,2023-08-22,100.60590804776884,9
sp500,Health Care,2023-08-23,100.71319656730186,9
sp500,Health Care,2023-08-24,99.85667025656963,9
sp500,Health Care,2023-08-25,100.48655315119586,9
sp500,Health Care,2023-08-28,100.2286690243587,9
sp500,Health Care,2023-08-29,100.71478963267968,9
sp500,Health Care,2023-08-30,100.46667504426338,9
sp500,Health Care,2023-08-31,99.44094797044323,9
sp500,Health Care,2023-09-01,99.83331795284869,9
sp500,Health Care,2023-09-05,99.05495396457326,9
sp500,Health Care,2023-09-06,97.98897443306794,9
sp500,Health Care,2023-09-07,99.10291144766367,9
sp500,Health Care,2023-09-08,99.60939450791592,9
sp500,Health Care,2023-09-11,100.05689375295603,9
sp500,Health Care,2023-09-12,100.11143836212901,9
sp500,Health Care,2023-09-13,99.42380783360657,9
sp500,Health Care,2023-09-14,99.71057979341849,9
sp500,Health Care,2023-09-15,98.97271229629887,9
sp500,Health Care,2023-09-18,98.7565596740392,9
sp500,Health Care,2023-09-19,98.97917912720816,9
sp500,Health Care,2023-09-20,98.9735702884468,9
sp500,Health Care,2023-09-21,98.03302140537312,9
sp500,Health Care,2023-09-22,97.91507359561072,9
sp500,Health Care,2023-09-25,98.01270128246455,9
sp500,Health Care,2023-09-26,97.20488405086711,9
sp500,Health Care,2023-09-27,96.53170964187,9
sp500,Health Care,2023-09-28,96.54770062943355,9
sp500,Health Care,2023-09-29,96.085553871633,9
sp500,Health Care,2023-10-02,96.08759921512429,9
sp500,Health Care,2023-10-03,95.10221649671647,9
sp500,Health Care,2023-10-04,95.31275785888454,9
sp500,Health Care,2023-10-05,96.00907126038183,9
sp500,Health Care,2023-10-06,96.83624265007418,9
sp500,Health Care,2023-10-09,97.04409540224748,9
sp500,Health Care,2023-10-10,97.26134186733387,9
sp500,Health Care,2023-10-11,97.71133407288858,9
sp500,Health Care,2023-10-12,97.4117665262082,9
sp500,Health Care,2023-10-13,97.34980191299385,9
sp500,Health Care,2023-10-16,98.08567564317545,9
sp500,Health Care,2023-10-17,97.70010170114037,9
sp500,Health Care,2023-10-18,96.29472429378858,9
sp500,Health Care,2023-10-19,95.04659454007658,9
sp500,Health Care,2023-10-20,94.86706095010047,9
sp500,Health Care,2023-10-23,94.16995078018948,9
sp500,Health Care,2023-10-24,94.63259838265105,9
sp500,Health Care,2023-10-25,94.5871549624403,9
sp500,Health Care,2023-10-26,93.55069922195352,9
sp500,Health Care,2023-10-27,91.40573034671239,9
sp500,Health Care,2023-10-30,92.28042286590136,9
sp500,Health Care,2023-10-31,92.25789172024523,9
sp500,Health Care,2023-11-01,92.29337475724813,9
sp500,Health Care,2023-11-02,93.6928466777615,9
sp500,Health Care,2023-11-03,94.21773295087414,9
sp500,Health Care,2023-11-06,95.01702648292469,9
sp500,Health Care,2023-11-07,95.04429787150875,9
sp500,Health Care,2023-11-08,94.9912107091686,9
sp500,Health Care,2023-11-09,92.79030064221028,9
sp500,Health Care,2023-11-10,92.6233779880057,9
sp500,Health Care,2023-11-13,92.71259258545398,9
sp500,Health Care,2023-11-14,92.91559775935107,9
sp500,Health Care,2023-11-15,93.09062469851058,9
sp500,Health Care,2023-11-16,92.96243572318069,9
sp500,Health Care,2023-11-17,93.28417338167537,9
sp500,Health Care,2023-11-20,91.26544399824219,9
sp500,Health Care,2023-11-21,91.24126478666791,9
sp500,Health Care,2023-11-22,91.13410158116784,9
sp500,Health Care,2023-11-24,91.54522675249608,9
sp500,Health Care,2023-11-27,90.6297510792056,9
sp500,Health Care,2023-11-28,89.94133128141955,9
sp500,Health Care,2023-11-29,90.19522704772555,9
sp500,Health Care,2023-11-30,91.74774641867397,9
sp500,Health Care,2023-12-01,91.3678215880627,9
sp500,Health Care,2023-12-04,91.72538552664442,9
sp500,Health Care,2023-12-05,92.10231722904946,9
sp500,Health Care,2023-12-06,92.24229103494892,9
sp500,Health Care,2023-12-07,92.07485113918344,9
sp500,Health Care,2023-12-08,92.27345527537048,9
sp500,Health Care,2023-12-11,92.26015519798321,9
sp500,Health Care,2023-12-12,92.43333531265962,9
sp500,Health Care,2023-12-13,92.8887831014929,9
sp500,Health Care,2023-12-14,92.2128167014615,9
sp500,Health Care,2023-12-15,91.74191927417206,9
sp500,Health Care,2023-12-18,92.01594838443141,9
sp500,Health Care,2023-12-19,92.7594326799232,9
sp500,Health Care,2023-12-20,91.50347890510722,9
sp500,Health Care,2023-12-21,92.32689703471847,9
sp500,Health Care,2023-12-22,92.95261151855084,9
sp500,Health Care,2023-12-26,92.91057201713784,9
sp500,Health Care,2023-12-27,93.8279341240029,9
sp500,Health Care,2023-12-28,94.0847786514473,9
sp500,Health Care,2023-12-29,94.18081004006979,9
sp500,Health Care,2024-01-02,96.67713149538214,9
sp500,Health Care,2024-01-03,97.51542976133457,9
sp500,Health Care,2024-01-04,97.72088760586152,9
sp500,Health Care,2024-01-05,97.99236683562029,9
sp500,Health Care,2024-01-08,97.93827317995994,9
sp500,Health Care,2024-01-09,97.99879409530855,9
sp500,Health Care,2024-01-10,97.85214372395285,9
sp500,Health Care,2024-01-11,97.39133683728718,9
sp500,Health Care,2024-01-12,97.5896735822413,9
sp500,Health Care,2024-01-16,96.70506457135073,9
sp500,Health Care,2024-01-17,96.57671168182902,9
sp500,Health Care,2024-01-18,96.19682725696259,9
sp500,Health Care,2024-01-19,96.28453393349058,9
sp500,Health Care,2024-01-22,96.78949325785156,9
sp500,Health Care,2024-01-23,96.95176945813945,9
sp500,Health Care,2024-01-24,96.57098376838202,9
sp500,Health Care,2024-01-25,95.80100937314685,9
sp500,Health Care,2024-01-26,96.03224349092302,9
sp500,Health Care,2024-01-29,95.88968578066283,9
sp500,Health Care,2024-01-30,95.40013902246996,9
sp500,Health Care,2024-01-31,94.77624701675215,9
sp500,Health Care,2024-02-01,95.71899777514875,9
sp500,Health Care,2024-02-02,95.59580042832366,9
sp500,Health Care,2024-02-05,95.60961132432854,9
sp500,Health Care,2024-02-06,97.08357659771502,9
sp500,Health Care,2024-02-07,97.43580641222711,9
sp500,Health Care,2024-02-08,97.17241434031693,9
sp500,Health Care,2024-02-09,97.4010646867955,9
sp500,Health Care,2024-02-12,97.50477416537602,9
sp500,Health Care,2024-02-13,96.7009731695548,9
sp500,Health Care,2024-02-14,97.28597523459332,9
sp500,Health Care,2024-02-15,98.09682793957214,9
sp500,Health Care,2024-02-16,98.76030977182734,9
sp500,Health Care,2024-02-20,98.34471013813216,9
sp500,Health Care,2024-02-21,98.70699277503374,9
sp500,Health Care,2024-02-22,99.62539829734617,9
sp500,Health Care,2024-02-23,100.12149564126422,9
sp500,Health Care,2024-02-26,99.59211274668051,9
sp500,Health Care,2024-02-27,99.43738429622962,9
sp500,Health Care,2024-02-28,98.80254173749434,9
sp500,Health Care,2024-02-29,97.73767892863171,9
sp500,Health Care,2024-03-01,98.61266233154697,9
sp500,Health Care,2024-03-04,97.63846618896378,9
sp500,Health Care,2024-03-05,96.64137433843933,9
sp500,Health Care,2024-03-06,97.9565121193566,9
sp500,Health Care,2024-03-07,97.80691826796524,9
sp500,Health Care,2024-03-08,97.55670717892131,9
sp500,Health Care,2024-03-11,98.31354538813815,9
sp500,Health Care,2024-03-12,98.6293548997167,9
sp500,Health Care,2024-03-13,98.10893594010788,9
sp500,Health Care,2024-03-14,97.58282857838006,9
sp500,Health Care,2024-03-15,97.40080702530577,9
sp500,Health Care,2024-03-18,97.02036971705354,9
sp500,Health Care,2024-03-19,97.28636217690692,9
sp500,Health Care,2024-03-20,97.51587074664148,9
sp500,Health Care,2024-03-21,97.47486326470538,9
sp500,Health Care,2024-03-22,97.47666726464743,9
sp500,Health Care,2024-03-25,97.71243179797948,9
sp500,Health Care,2024-03-26,98.25022318218714,9
sp500,Health Care,2024-03-27,99.77605643226474,9
sp500,Health Care,2024-03-28,100.08332941563182,9
sp500,Health Care,2024-04-01,99.3284961096249,9
sp500,Health Care,2024-04-02,98.11670562648894,9
sp500,Health Care,2024-04-03,97.94925826939331,9
sp500,Health Care,2024-04-04,96.11265865331461,9
sp500,Health Care,2024-04-05,96.41136310435955,9
sp500,Health Care,2024-04-08,95.88070105793165,9
sp500,Health Care,2024-04-09,96.05033827272543,9
sp500,Health Care,2024-04-10,95.11019036265031,9
sp500,Health Care,2024-04-11,94.03656821452763,9
sp500,Health Care,2024-04-12,92.65739657279384,9
sp500,Health Care,2024-04-15,92.56889406664183,9
sp500,Health Care,2024-04-16,92.53076918719407,9
sp500,Health Care,2024-04-17,92.9804290245369,9
sp500,Health Care,2024-04-18,93.27897298606571,9
sp500,Health Care,2024-04-19,93.959044530267,9
sp500,Health Care,2024-04-22,94.70045655783586,9
sp500,Health Care,2024-04-23,95.01829312716684,9
sp500,Health Care,2024-04-24,94.46582143959395,9
sp500,Health Care,2024-04-25,93.19036856406831,9
sp500,Health Care,2024-04-26,93.03644336399762,9
sp500,Health Care,2024-04-29,93.25645546758427,9
sp500,Health Care,2024-04-30,93.23036805623876,9
sp500,Health Care,2024-05-01,94.48997676063775,9
sp500,Health Care,2024-05-02,95.02855474127989,9
sp500,Health Care,2024-05-03,95.14342418054419,9
sp500,Health Care,2024-05-06,95.67209562356683,9
sp500,Health Care,2024-05-07,96.36572837504485,9
sp500,Health Care,2024-05-08,96.0762405301779,9
sp500,Health Care,2024-05-09,96.7580539221677,9
sp500,Health Care,2024-05-10,96.79480330213649,9
sp500,Health Care,2024-05-13,97.1720176213352,9
sp500,Health Care,2024-05-14,97.34635243573929,9
sp500,Health Care,2024-05-15,98.37352662990563,9
sp500,Health Care,2024-05-16,97.78831794666269,9
sp500,Health Care,2024-05-17,98.15013600664591,9
sp500,Health Care,2024-05-20,97.70997504861379,9
sp500,Health Care,2024-05-21,97.65119422997118,9
sp500,Health Care,2024-05-22,97.81768785742283,9
sp500,Health Care,2024-05-23,96.52356961942341,9
sp500,Health Care,2024-05-24,96.05079970788137,9
sp500,Health Care,2024-05-28,94.88255697596733,9
sp500,Health Care,2024-05-29,93.80911330869476,9
sp500,Health Care,2024-05-30,94.50204302250216,9
sp500,Health Care,2024-05-31,95.9834313741153,9
sp500,Health Care,2024-06-03,97.10852652205381,9
sp500,Health Care,2024-06-04,97.49432367584922,9
sp500,Health Care,2024-06-05,97.64999192069538,9
sp500,Health Care,2024-06-06,97.48876737026532,9
sp500,Health Care,2024-06-07,97.50026808229119,9
sp500,Health Care,2024-06-10,97.69153146027918,9
sp500,Health Care,2024-06-11,97.55923581803387,9
sp500,Health Care,2024-06-12,97.38397229896643,9
sp500,Health Care,2024-06-13,97.17259021872397,9
sp500,Health Care,2024-06-14,97.05115908999753,9
sp500,Health Care,2024-06-17,96.41428792486106,9
sp500,Health Care,2024-06-18,96.5184273977223,9
sp500,Health Care,2024-06-20,97.04375937959884,9
sp500,Health Care,2024-06-21,97.31758390017023,9
sp500,Health Care,2024-06-24,98.55150914890145,9
sp500,Health Care,2024-06-25,98.10414387288179,9
sp500,Health Care,2024-06-26,97.67926766884113,9
sp500,Health Care,2024-06-27,97.21879605443984,9
sp500,Health Care,2024-06-28,97.55491509536218,9
sp500,Health Care,2024-07-01,97.64558656513847,9
sp500,Health Care,2024-07-02,96.69789404832852,9
sp500,Health Care,2024-07-03,95.96446180131696,9
sp500,Health Care,2024-07-05,96.613744327917,9
sp500,Health Care,2024-07-08,96.61520958253065,9
sp500,Health Care,2024-07-09,97.00748211585073,9
sp500,Health Care,2024-07-10,98.4240766809938,9
sp500,Health Care,2024-07-11,99.0586270553037,9
sp500,Health Care,2024-07-12,99.6622323925712,9
sp500,Health Care,2024-07-15,99.15226402062883,9
sp500,Health Care,2024-07-16,100.23592174982508,9
sp500,Health Care,2024-07-17,102.11834205984805,9
sp500,Health Care,2024-07-18,100.20363935928269,9
sp500,Health Care,2024-07-19,100.3914409961107,9
sp500,Health Care,2024-07-22,100.81633235813537,9
sp500,Health Care,2024-07-23,100.28389357664469,9
sp500,Health Care,2024-07-24,101.47743228745935,9
sp500,Health Care,2024-07-25,102.1137626905306,9
sp500,Health Care,2024-07-26,103.96648103207838,9
sp500,Health Care,2024-07-29,103.41646237429035,9
sp500,Health Care,2024-07-30,103.091138199496,9
sp500,Health Care,2024-07-31,102.07025615277703,9
sp500,Health Care,2024-08-01,103.23496292218468,9
sp500,Health Care,2024-08-02,103.64593781814058,9
sp500,Health Care,2024-08-05,101.28544294186021,9
sp500,Health Care,2024-08-06,100.36335738560709,9
sp500,Health Care,2024-08-07,100.01913878835379,9
sp500,Health Care,2024-08-08,102.22307246023243,9
sp500,Health Care,2024-08-09,102.68569638705205,9
sp500,Health Care,2024-08-12,102.47419572517093,9
sp500,Health Care,2024-08-13,104.10964170840937,9
sp500,Health Care,2024-08-14,104.37968898487091,9
sp500,Health Care,2024-08-15,105.07654465252911,9
sp500,Health Care,2024-08-16,105.93865697938227,9
sp500,Health Care,2024-08-19,106.69011356134108,9
sp500,Health Care,2024-08-20,106.75573944215682,9
sp500,Health Care,2024-08-21,106.77563492475993,9
sp500,Health Care,2024-08-22,106.42045511153577,9
sp500,Health Care,2024-08-23,107.21203292960719,9
sp500,Health Care,2024-08-26,107.13792856654634,9
sp500,Health Care,2024-08-27,106.94123890800202,9
sp500,Health Care,2024-08-28,107.15993503679375,9
sp500,Health Care,2024-08-29,107.05688383366356,9
sp500,Health Care,2024-08-30,107.8780793113054,9
sp500,Health Care,2024-09-03,107.61634994761447,9
sp500,Health Care,2024-09-04,107.56740800087927,9
sp500,Health Care,2024-09-05,107.06975685233955,9
sp500,Health Care,2024-09-06,106.38264900640819,9
sp500,Health Care,2024-09-09,106.8549192466218,9
sp500,Health Care,2024-09-10,106.82943172085531,9
sp500,Health Care,2024-09-11,106.04364876513348,9
sp500,Health Care,2024-09-12,106.0971331366747,9
sp500,Health Care,2024-09-13,106.43819214027867,9
sp500,Health Care,2024-09-16,107.20938320131445,9
sp500,Health Care,2024-09-17,106.61927056767892,9
sp500,Health Care,2024-09-18,106.80751610934627,9
sp500,Health Care,2024-09-19,107.0248857602629,9
sp500,Health Care,2024-09-20,106.81571524319968,9
sp500,Health Care,2024-09-23,106.04808961966492,9
sp500,Health Care,2024-09-24,106.07697435330704,9
sp500,Health Care,2024-09-25,105.02857028831598,9
sp500,Health Care,2024-09-26,105.05089422201428,9
sp500,Health Care,2024-09-27,105.77806896077962,9
sp500,Health Care,2024-09-30,106.35481542993628,9
sp500,Health Care,2024-10-01,106.41632460213143,9
sp500,Health Care,2024-10-02,106.40905713405631,9
sp500,Health Care,2024-10-03,105.50875209732271,9
sp500,Health Care,2024-10-04,105.35515547178298,9
sp500,Health Care,2024-10-07,105.02022695935875,9
sp500,Health Care,2024-10-08,104.85247411030771,9
sp500,Health Care,2024-10-09,105.24389687383075,9
sp500,Health Care,2024-10-10,104.32667971809624,9
sp500,Health Care,2024-10-11,104.61963180546852,9
sp500,Health Care,2024-10-14,104.68804802634992,9
sp500,Health Care,2024-10-15,104.04476773553665,9
sp500,Health Care,2024-10-16,104.32056027886595,9
sp500,Health Care,2024-10-17,103.69215057160592,9
sp500,Health Care,2024-10-18,103.63056520973457,9
sp500,Health Care,2024-10-21,102.16627894882582,9
sp500,Health Care,2024-10-22,102.33407266817314,9
sp500,Health Care,2024-10-23,101.93847905820151,9
sp500,Health Care,2024-10-24,101.41474492966142,9
sp500,Health Care,2024-10-25,100.78473604310199,9
sp500,Health Care,2024-10-28,101.44455840884599,9
sp500,Health Care,2024-10-29,100.88572854501663,9
sp500,Health Care,2024-10-30,100.84363521605407,9
sp500,Health Care,2024-10-31,99.94170879213134,9
sp500,Health Care,2024-11-01,99.56043412198396,9
sp500,Health Care,2024-11-04,98.73935263072646,9
sp500,Health Care,2024-11-05,99.16818964633609,9
sp500,Health Care,2024-11-06,98.10884540771555,9
sp500,Health Care,2024-11-07,98.78141376810916,9
sp500,Health Care,2024-11-08,98.92721094965958,9
sp500,Health Care,2024-11-11,98.34742671863842,9
sp500,Health Care,2024-11-12,95.66978118801538,9
sp500,Health Care,2024-11-13,94.88356974140845,9
sp500,Health Care,2024-11-14,93.72863409706123,9
sp500,Health Care,2024-11-15,91.49391683593939,9
sp500,Health Care,2024-11-18,91.43287461141043,9
sp500,Health Care,2024-11-19,91.38657346469515,9
sp500,Health Care,2024-11-20,91.7445565779707,9
sp500,Health Care,2024-11-21,92.3556790558504,9
sp500,Health Care,2024-11-22,92.79261038851062,9
sp500,Health Care,2024-11-25,93.87695182528503,9
sp500,Health Care,2024-11-26,93.9730140381938,9
sp500,Health Care,2024-11-27,94.6229494909558,9
sp500,Health Care,2024-11-29,94.8116052743054,9
sp500,Health Care,2024-12-02,94.65148426072152,9
sp500,Health Care,2024-12-03,94.13623429246248,9
sp500,Health Care,2024-12-04,93.86936371557653,9
sp500,Health Care,2024-12-05,94.06778111671672,9
sp500,Health Care,2024-12-06,94.04361403386302,9
sp500,Health Care,2024-12-09,94.33998524197939,9
sp500,Health Care,2024-12-10,93.54785156759061,9
sp500,Health Care,2024-12-11,91.90235922080961,9
sp500,Health Care,2024-12-12,91.01021662154682,9
sp500,Health Care,2024-12-13,91.02850486616445,9
sp500,Health Care,2024-12-16,89.64640457108125,9
sp500,Health Care,2024-12-17,90.65055187680608,9
sp500,Health Care,2024-12-18,89.42915655000418,9
sp500,Health Care,2024-12-19,88.87173681498636,9
sp500,Health Care,2024-12-20,89.6510852035066,9
sp500,Health Care,2024-12-23,90.79680418100699,9
sp500,Health Care,2024-12-24,90.93662838027339,9
sp500,Health Care,2024-12-26,90.96080808654911,9
sp500,Health Care,2024-12-27,90.83392304666829,9
sp500,Health Care,2024-12-30,89.63307475329762,9
sp500,Health Care,2024-12-31,90.12579903404281,9
sp500,Health Care,2025-01-02,90.43736202827016,9
sp500,Health Care,2025-01-03,90.5978376133677,9
sp500,Health Care,2025-01-06,90.89498960223048,9
sp500,Health Care,2025-01-07,91.80438348308691,9
sp500,Health Care,2025-01-08,91.46571475494974,9
sp500,Health Care,2025-01-10,90.67319694724762,9
sp500,Health Care,2025-01-13,91.72968509960042,9
sp500,Health Care,2025-01-14,90.31630245664165,9
sp500,Health Care,2025-01-15,90.87164666184056,9
sp500,Health Care,2025-01-16,90.86487266650155,9
sp500,Health Care,2025-01-17,89.86272008397246,9
sp500,Health Care,2025-01-21,91.02152846655619,9
sp500,Health Care,2025-01-22,90.07998555968791,9
sp500,Health Care,2025-01-23,91.55284278868223,9
sp500,Health Care,2025-01-24,91.32044633302557,9
sp500,Health Care,2025-01-27,93.81502444622619,9
sp500,Health Care,2025-01-28,93.07309954033524,9
sp500,Health Care,2025-01-29,93.14227052909213,9
sp500,Health Care,2025-01-30,93.90061101420262,9
sp500,Health Care,2025-01-31,93.64801501695355,9
sp500,Health Care,2025-02-03,93.79051392539984,9
sp500,Health Care,2025-02-04,93.54036572798981,9
sp500,Health Care,2025-02-05,94.20703152877284,9
sp500,Health Care,2025-02-06,93.65767864804019,9
sp500,Health Care,2025-02-07,92.89099768464605,9
sp500,Health Care,2025-02-10,92.46484149788364,9
sp500,Health Care,2025-02-11,92.24160948578269,9
sp500,Health Care,2025-02-12,92.23415330719281,9
sp500,Health Care,2025-02-13,92.79252206448076,9
sp500,Health Care,2025-02-14,91.51590399201385,9
sp500,Health Care,2025-02-18,91.70065217813776,9
sp500,Health Care,2025-02-19,92.64560652660492,9
sp500,Health Care,2025-02-20,93.68239656322966,9
sp500,Health Care,2025-02-21,93.66121180183832,9
sp500,Health Care,2025-02-24,94.93825922465119,9
sp500,Health Care,2025-02-25,96.05683751866098,9
sp500,Health Care,2025-02-26,95.11469499041849,9
sp500,Health Care,2025-02-27,95.29924782322736,9
sp500,Health Care,2025-02-28,96.31345932712428,9
sp500,Health Care,2025-03-03,97.02653018616778,9
sp500,Health Care,2025-03-04,96.02218170957954,9
sp500,Health Care,2025-03-05,97.5383142734161,9
sp500,Health Care,2025-03-06,98.25749941845525,9
sp500,Health Care,2025-03-07,98.12672206929106,9
sp500,Health Care,2025-03-10,98.55543571198288,9
sp500,Health Care,2025-03-11,97.51429618397816,9
sp500,Health Care,2025-03-12,95.69475012549529,9
sp500,Health Care,2025-03-13,95.43083672673971,9
sp500,Health Care,2025-03-14,95.56146859910956,9
sp500,Health Care,2025-03-17,96.89304139529979,9
sp500,Health Care,2025-03-18,97.27726365220654,9
sp500,Health Care,2025-03-19,97.17926584031919,9
sp500,Health Care,2025-03-20,97.14756152724689,9
sp500,Health Care,2025-03-21,97.00988071030893,9
sp500,Health Care,2025-03-24,96.41483244250844,9
sp500,Health Care,2025-03-25,94.64050608080802,9
sp500,Health Care,2025-03-26,94.09305811654013,9
sp500,Health Care,2025-03-27,93.90914189890778,9
sp500,Health Care,2025-03-28,94.59678097642971,9
sp500,Health Care,2025-03-31,95.18005486805826,9
sp500,Health Care,2025-04-01,92.8064095574145,9
sp500,Health Care,2025-04-02,92.84541837940179,9
sp500,Health Care,2025-04-03,92.25548026581012,9
sp500,Health Care,2025-04-04,87.27630734509452,9
sp500,Health Care,2025-04-07,86.59572642880096,9
sp500,Health Care,2025-04-08,85.36364995178867,9
sp500,Health Care,2025-04-09,87.97432369684634,9
sp500,Health Care,2025-04-10,85.17067230096619,9
sp500,Health Care,2025-04-11,86.61682797149159,9
sp500,Health Care,2025-04-14,87.68067504590658,9
sp500,Health Care,2025-04-15,86.93954517248935,9
sp500,Health Care,2025-04-16,85.7839831902125,9
sp500,Health Care,2025-04-17,85.93504918782567,9
sp500,Health Care,2025-04-21,84.57042547814326,9
sp500,Health Care,2025-04-22,86.29836524239752,9
sp500,Health Care,2025-04-23,86.20121124228997,9
sp500,Health Care,2025-04-24,87.42216418412717,9
sp500,Health Care,2025-04-25,88.43199652104724,9
sp500,Health Care,2025-04-28,89.06257720990851,9
sp500,Health Care,2025-04-29,89.01322135152782,9
sp500,Health Care,2025-04-30,90.34274118066851,9
sp500,Health Care,2025-05-01,87.8264819981798,9
sp500,Health Care,2025-05-02,89.48952273095061,9
sp500,Health Care,2025-05-05,89.24589330969758,9
sp500,Health Care,2025-05-06,85.77710853936446,9
sp500,Health Care,2025-05-07,85.74897734619023,9
sp500,Health Care,2025-05-08,84.58890100201974,9
sp500,Health Care,2025-05-09,83.43475220390076,9
sp500,Health Care,2025-05-12,85.90888906157804,9
sp500,Health Care,2025-05-13,83.02167910552426,9
sp500,Health Care,2025-05-14,79.72156776147725,9
sp500,Health Care,2025-05-15,80.58118820148592,9
sp500,Health Care,2025-05-16,82.16550408660747,9
sp500,Health Care,2025-05-19,83.56244060257494,9
sp500,Health Care,2025-05-20,84.6118927281942,9
sp500,Health Care,2025-05-21,83.01067715945135,9
sp500,Health Care,2025-05-22,82.99101595517136,9
sp500,Health Care,2025-05-23,83.01502257075549,9
sp500,Health Care,2025-05-27,83.76477652086537,9
sp500,Health Care,2025-05-28,82.97520387591759,9
sp500,Health Care,2025-05-29,83.82597005748681,9
sp500,Health Care,2025-05-30,82.65631599934257,9
sp500,Health Care,2025-06-02,83.15964456772896,9
sp500,Health Care,2025-06-03,82.77663068519087,9
sp500,Health Care,2025-06-04,83.05315299106287,9
sp500,Health Care,2025-06-05,83.10170049126137,9
sp500,Health Care,2025-06-06,84.2236738018854,9
sp500,Health Care,2025-06-09,85.04214313628586,9
sp500,Health Care,2025-06-10,86.33991486167588,9
sp500,Health Care,2025-06-11,86.91005140624547,9
sp500,Health Care,2025-06-12,87.91314369196444,9
sp500,Health Care,2025-06-13,87.43994187625064,9
sp500,Health Care,2025-06-16,86.56239929826981,9
sp500,Health Care,2025-06-17,84.70232591990568,9
sp500,Health Care,2025-06-18,84.63337172011094,9
sp500,Health Care,2025-06-20,83.9716733319775,9
sp500,Health Care,2025-06-23,84.1897491543502,9
sp500,Health Care,2025-06-24,85.00319856787844,9
sp500,Health Care,2025-06-25,84.81097755310203,9
sp500,Health Care,2025-06-26,84.82967471910271,9
sp500,Health Care,2025-06-27,84.79538461544367,9
sp500,Health Care,2025-06-30,84.81590358371493,9
sp500,Health Care,2025-07-01,87.00773977092986,9
sp500,Health Care,2025-07-02,86.91125585067566,9
sp500,Health Care,2025-07-03,86.4776521482981,9
sp500,Health Care,2025-07-07,85.75700469050577,9
sp500,Health Care,2025-07-08,86.97564552592156,9
sp500,Health Care,2025-07-09,87.56670671621018,9
sp500,Health Care,2025-07-10,88.33354177519446,9
sp500,Health Care,2025-07-11,87.84404780012105,9
sp500,Health Care,2025-07-14,87.91357123318743,9
sp500,Health Care,2025-07-15,85.6546518231511,9
sp500,Health Care,2025-07-16,87.15572280150684,9
sp500,Health Care,2025-07-17,86.69885860746501,9
sp500,Health Care,2025-07-18,85.92785528387802,9
sp500,Health Care,2025-07-21,85.39112117975444,9
sp500,Health Care,2025-07-22,87.36296696639288,9
sp500,Health Care,2025-07-23,89.30514924225812,9
sp500,Health Care,2025-07-24,88.83608602012646,9
sp500,Health Care,2025-07-25,88.70338795304355,9
sp500,Health Care,2025-07-28,87.69832000464136,9
sp500,Health Care,2025-07-29,86.19056991707235,9
sp500,Health Care,2025-07-30,85.4229987506366,9
sp500,Health Care,2025-07-31,82.78317501293802,9
sp500,Health Care,2025-08-01,84.12581152005983,9
sp500,Health Care,2025-08-04,84.95811543710391,9
sp500,Health Care,2025-08-05,86.09927767331105,9
sp500,Health Care,2025-08-06,83.74600021813916,9
sp500,Health Care,2025-08-07,83.16968703815817,9
sp500,Health Care,2025-08-08,83.75027081728213,9
sp500,Health Care,2025-08-11,83.54052374531526,9
sp500,Health Care,2025-08-12,84.43522284225767,9
sp500,Health Care,2025-08-13,86.42773292770866,9
sp500,Health Care,2025-08-14,86.86549945349645,9
sp500,Health Care,2025-08-15,89.23847989777542,9
sp500,Health Care,2025-08-18,89.27394997864138,9
sp500,Health Care,2025-08-19,89.57988769181333,9
sp500,Health Care,2025-08-20,89.96657041780136,9
sp500,Health Care,2025-08-21,90.6206951817574,9
sp500,Health Care,2025-08-22,91.08229099333334,9
sp500,Health Care,2025-08-25,89.35187432911702,9
sp500,Health Care,2025-08-26,90.08370943756907,9
sp500,Health Care,2025-08-27,90.10867834665162,9
sp500,Health Care,2025-08-28,89.2729410288302,9
sp500,Health Care,2025-08-29,90.09823437866993,9
sp500,Health Care,2025-09-01,93.06057194869899,9
sp500,Health Care,2025-09-02,90.6976731858935,9
sp500,Health Care,2025-09-03,90.61726527890517,9
sp500,Health Care,2025-09-04,90.91093491714247,9
sp500,Health Care,2025-09-05,91.13818930049375,9
sp500,Health Care,2025-09-08,90.80334484141723,9
sp500,Health Care,2025-09-09,91.96986309804497,9
sp500,Health Care,2025-09-10,91.72557415655204,9
sp500,Health Care,2025-09-11,93.42267429644819,9
sp500,Health Care,2025-09-12,91.85268214712937,9
sp500,Health Care,2025-09-15,91.42361643617315,9
sp500,Health Care,2025-09-16,91.20156681722082,9
sp500,Health Care,2025-09-17,91.79056633872527,9
sp500,Health Care,2025-09-18,91.73021460377862,9
sp500,Health Care,2025-09-19,91.42165148315408,9
sp500,Health Care,2025-09-22,91.42486710896658,9
sp500,Health Care,2025-09-23,91.13964088783662,9
sp500,Health Care,2025-09-24,91.04183695803978,9
sp500,Health Care,2025-09-25,89.2659125914768,9
sp500,Health Care,2025-09-26,90.0930281830864,9
sp500,Health Care,2025-09-29,90.54243089621549,9
sp500,Health Care,2025-09-30,93.52998162749849,9
sp500,Health Care,2025-10-01,98.3024333037139,9
sp500,Health Care,2025-10-02,97.26371330341414,9
sp500,Health Care,2025-10-03,97.68092448232204,9
sp500,Health Care,2025-10-06,96.52852637934753,9
sp500,Health Care,2025-10-07,96.22355717173814,9
sp500,Health Care,2025-10-08,95.44910662164922,9
sp500,Health Care,2025-10-09,95.87265556899857,9
sp500,Health Care,2025-10-10,94.50178997089523,9
sp500,Health Care,2025-10-13,94.07187380862877,9
sp500,Health Care,2025-10-14,93.96266721345438,9
sp500,Health Care,2025-10-15,93.96200646333467,9
sp500,Health Care,2025-10-16,93.48134683318749,9
sp500,Health Care,2025-10-17,93.87331643539534,9
sp500,Health Care,2025-10-20,94.72911303677851,9
sp500,Health Care,2025-10-21,94.92585705921356,9
sp500,Health Care,2025-10-22,94.97810709497287,9
sp500,Health Care,2025-10-23,94.68435690670016,9
sp500,Health Care,2025-10-24,94.87195836933988,9
sp500,Health Care,2025-10-27,95.01013083929773,9
sp500,Health Care,2025-10-28,95.59800199752766,9
sp500,Health Care,2025-10-29,94.79282998064281,9
sp500,Health Care,2025-10-30,95.58655947617069,9
sp500,Health Care,2025-10-31,95.4940495778651,9
sp500,Health Care,2025-11-03,94.37072972899189,9
sp500,Health Care,2025-11-04,94.38654945383735,9
sp500,Health Care,2025-11-05,95.13375329044757,9
sp500,Health Care,2025-11-06,95.6603233859717,9
sp500,Health Care,2025-11-07,95.57037305170968,9
sp500,Health Care,2025-11-10,96.26194552037215,9
sp500,Health Care,2025-11-11,99.39354609504117,9
sp500,Health Care,2025-11-12,101.58110975973271,9
sp500,Health Care,2025-11-13,101.99842105488455,9
sp500,Health Care,2025-11-14,100.35664009150189,9
sp500,Health Care,2025-11-17,100.5263987252677,9
sp500,Health Care,2025-11-18,101.24105587579426,9
sp500,Health Care,2025-11-19,100.1225502655604,9
sp500,Health Care,2025-11-20,100.23513435322788,9
sp500,Health Care,2025-11-21,102.44583257313874,9
sp500,Health Care,2025-11-24,104.31065697409126,9
sp500,Health Care,2025-11-25,106.85758050883472,9
sp500,Health Care,2025-11-26,106.51474514637897,9
sp500,Health Care,2025-11-27,105.22154921876366,9
sp500,Health Care,2025-11-28,106.81076776239745,9
sp500,Health Care,2025-12-01,104.7029128062052,9
sp500,Health Care,2025-12-02,105.4880772117828,9
sp500,Health Care,2025-12-03,107.07219373503052,9
sp500,Health Care,2025-12-04,106.28049094674307,9
sp500,Health Care,2025-12-05,105.83934522346767,9
sp500,Health Care,2025-12-08,105.21705887327198,9
sp500,Health Care,2025-12-09,104.5239950322318,9
sp500,Health Care,2025-12-10,106.54533255461145,9
sp500,Health Care,2025-12-11,107.6147017437076,9
sp500,Health Care,2025-12-12,108.49464827054564,9
sp500,Health Care,2025-12-15,109.95896514800845,9
sp500,Health Care,2025-12-16,108.08795892872232,9
sp500,Health Care,2025-12-17,107.67362946699033,9
sp500,Health Care,2025-12-18,107.70082865803998,9
sp500,Health Care,2025-12-19,108.7487532920572,9
sp500,Health Care,2025-12-22,109.47102927259476,9
sp500,Health Care,2025-12-23,109.44295086735747,9
sp500,Health Care,2025-12-24,110.08301271002816,9
sp500,Health Care,2025-12-25,105.69422176818146,9
sp500,Health Care,2025-12-26,106.53871292974641,9
sp500,Health Care,2025-12-29,111.62365354193197,9
sp500,Health Care,2025-12-30,111.63492883783421,9
sp500,Health Care,2025-12-31,111.213327343252,9
sp500,Health Care,2026-01-01,106.22562447419308,9
sp500,Health Care,2026-01-02,107.09090697223405,9
sp500,Health Care,2026-01-05,113.19487516088904,9
sp500,Health Care,2026-01-06,114.76022286102214,9
sp500,Health Care,2026-01-07,116.78414296485917,9
sp500,Health Care,2026-01-08,116.358652070713,9
sp500,Health Care,2026-01-09,115.45654581862938,9
sp500,Health Care,2026-01-12,115.41204226808996,9
sp500,Health Care,2026-01-13,114.89107186051237,9
sp500,Health Care,2026-01-14,116.8006319641741,9
sp500,Health Care,2026-01-15,116.16515766188387,9
sp500,Health Care,2026-01-16,115.7284259607716,9
sp500,Health Care,2026-01-19,114.42692825427527,9
sp500,Health Care,2026-01-20,115.52804291357279,9
sp500,Health Care,2026-01-21,117.28134373551681,9
sp500,Health Care,2026-01-22,118.11546643399157,9
sp500,Health Care,2026-01-23,117.83504455830311,9
sp500,Health Care,2026-01-26,118.5148022654924,9
sp500,Health Care,2026-01-27,117.04804407900315,9
sp500,Health Care,2026-01-28,115.80336779074989,9
sp500,Health Care,2026-01-29,115.72702978686517,9
sp500,Health Care,2026-01-30,116.22517940955078,9
sp500,Health Care,2026-02-02,117.57561603227609,9
sp500,Health Care,2026-02-03,117.14950013985926,9
sp500,Health Care,2026-02-04,119.15008938866012,9
sp500,Health Care,2026-02-05,118.7251141654548,9
sp500,Health Care,2026-02-06,121.23723799024863,9
sp500,Health Care,2026-02-09,120.38281569743263,9
sp500,Health Care,2026-02-10,119.59481272299809,9
sp500,Health Care,2026-02-11,120.33471967997843,9
sp500,Health Care,2026-02-12,121.30909055826511,9
sp500,Health Care,2026-02-13,122.83900669209116,9
sp500,Health Care,2026-02-16,121.32511941875768,9
sp500,Health Care,2026-02-17,122.80688782417297,9
sp500,Health Care,2026-02-18,121.67161445521153,9
sp500,Health Care,2026-02-19,121.33760119847751,9
sp500,Health Care,2026-02-20,120.44213540296325,9
sp500,Health Care,2026-02-23,121.55285075146102,9
sp500,Health Care,2026-02-24,120.5855134542992,9
sp500,Health Care,2026-02-25,120.85703098936914,9
sp500,Health Care,2026-02-26,119.8600337293406,9
sp500,Health Care,2026-02-27,122.4958380786002,9
sp500,Health Care,2026-03-02,121.42119828625198,9
sp500,Health Care,2026-03-03,118.77647835654903,9
sp500,Health Care,2026-03-04,119.6169960952896,9
sp500,Health Care,2026-03-05,117.3686449839338,9
sp500,Health Care,2026-03-06,116.90575158203829,9
sp500,Health Care,2026-03-09,118.06832148187685,9
sp500,Health Care,2026-03-10,118.16219465182154,9
sp500,Health Care,2026-03-11,118.44357076897047,9
sp500,Health Care,2026-03-12,116.26876039301479,9
sp500,Health Care,2026-03-13,115.85698543560652,9
sp500,Health Care,2026-03-16,117.20252527940525,9
sp500,Health Care,2026-03-17,116.63848060555549,9
sp500,Health Care,2026-03-18,114.64255938456915,9
sp500,Health Care,2026-03-19,113.9843332920376,9
sp500,Health Care,2026-03-20,112.80017647737711,9
sp500,Health Care,2026-03-23,112.69339866716102,9
sp500,Health Care,2026-03-24,112.8926345399702,9
sp500,Health Care,2026-03-25,114.40170821691385,9
sp500,Health Care,2026-03-26,114.52706182533888,9
sp500,Health Care,2026-03-27,113.05478901680732,9
sp500,Health Care,2026-03-30,114.47692892551085,9
sp500,Health Care,2026-03-31,117.14863121269516,9
sp500,Health Care,2026-04-01,118.35911772639744,9
sp500,Health Care,2026-04-02,116.61934016470437,9
sp500,Health Care,2026-04-03,115.11964962336718,9
sp500,Health Care,2026-04-06,114.1525667870462,9
sp500,Health Care,2026-04-07,119.30853415626406,9
sp500,Health Care,2026-04-08,121.57860615368222,9
sp500,Health Care,2026-04-09,121.54106843951217,9
sp500,Health Care,2026-04-10,119.90204093639647,9
sp500,Health Care,2026-04-13,120.20061404739619,9
sp500,Health Care,2026-04-14,120.43711435606595,9
sp500,Health Care,2026-04-15,119.78632157477827,9
sp500,Health Care,2026-04-16,119.34390221416136,9
sp500,Health Care,2026-04-17,121.14857142821967,9
sp500,Health Care,2026-04-20,120.11134610042107,9
sp500,Health Care,2026-04-21,119.44559427183248,9
sp500,Health Care,2026-04-22,119.51964803575706,9
sp500,Health Care,2026-04-23,120.16546766902823,9
sp500,Health Care,2026-04-24,118.43474982583655,9
sp500,Health Care,2026-04-27,116.76011593598055,9
sp500,Health Care,2026-04-28,117.04107148137506,9
sp500,Health Care,2026-04-29,116.1959958692528,9
sp500,Health Care,2026-04-30,119.9081853128594,9
sp500,Health Care,2026-05-01,119.28487969755321,9
sp500,Health Care,2026-05-04,119.06371475545609,9
sp500,Health Care,2026-05-05,119.0763461300837,9
sp500,Health Care,2026-05-06,119.73588113962124,9
sp500,Health Care,2026-05-07,118.47547211372623,9
sp500,Health Care,2026-05-08,117.90514873922824,9
sp500,Health Care,2026-05-11,118.32699066462821,9
sp500,Health Care,2026-05-12,120.48273980993388,9
sp500,Health Care,2026-05-13,121.31931924795623,9
sp500,Health Care,2026-05-14,121.10786564241604,9
sp500,Health Care,2026-05-15,119.80426627513667,9
sp500,Health Care,2026-05-18,118.60989675371523,9
sp500,Health Care,2026-05-19,119.97376662396515,9
sp500,Health Care,2026-05-20,120.3435679957632,9
sp500,Health Care,2026-05-21,121.32916521553567,9
sp500,Health Care,2026-05-22,122.50206204482375,9
sp500,Health Care,2026-05-25,118.52676279604938,9
sp500,Health Care,2026-05-26,122.66037981412732,9
sp500,Health Care,2026-05-27,122.21331656160459,9
sp500,Health Care,2026-05-28,122.44538441054192,9
sp500,Health Care,2026-05-29,121.04419492450653,9
sp500,Health Care,2026-06-01,118.31817930335282,9
sp500,Health Care,2026-06-02,117.7440862039757,9
sp500,Health Care,2026-06-03,118.29246346155567,9
sp500,Health Care,2026-06-04,122.22821012317104,9
sp500,Health Care,2026-06-05,123.3944774080832,9
sp500,Health Care,2026-06-08,122.073939986112,9
sp500,Health Care,2026-06-09,123.09574459925885,9
sp500,Health Care,2026-06-10,122.18302171995532,9
sp500,Health Care,2026-06-11,123.7456336958475,9
sp500,Health Care,2026-06-12,123.79252791849969,9
sp500,Health Care,2026-06-15,122.42455007425177,9
sp500,Health Care,2026-06-16,122.14795765192747,9
sp500,Health Care,2026-06-17,121.71375345605529,9
sp500,Health Care,2026-06-18,119.96137439099346,9
sp500,Health Care,2026-06-19,117.30884276635246,9
sp500,Health Care,2026-06-22,116.65030404377192,9
sp500,Health Care,2026-06-23,124.81726935611515,9
sp500,Health Care,2026-06-24,125.06319388880269,9
sp500,Health Care,2026-06-25,128.96726424535552,9
sp500,Health Care,2026-06-26,133.32992107421836,9
sp500,Health Care,2026-06-29,133.71591305561196,9
sp500,Health Care,2026-06-30,132.78761525484325,9
sp500,Health Care,2026-07-01,132.45226848972288,9
sp500,Health Care,2026-07-02,137.12079446840082,9
sp500,Health Care,2026-07-03,137.09487334073222,9
sp500,Health Care,2026-07-06,136.74546852491548,9
sp500,Health Care,2026-07-07,136.81831930287194,9
sp500,Health Care,2026-07-08,135.42925556583808,9
sp500,Health Care,2026-07-09,135.46847844573085,9
sp500,Health Care,2026-07-10,134.06664051527636,9
sp500,Health Care,2026-07-13,134.7285762923653,9
sp500,Health Care,2026-07-14,132.30493915648265,9
sp500,Health Care,2026-07-15,132.66646685172498,9
sp500,Health Care,2026-07-16,135.2020661722851,9
sp500,Health Care,2026-07-17,135.77549676959012,9
sp500,Health Care,2026-07-20,133.68801815150596,9
sp500,Health Care,2026-07-21,135.62656072862734,9
sp500,Health Care,2026-07-22,134.63651157411326,9
sp500,Health Care,2026-07-23,135.52225601857708,9
sp500,Health Care,2026-07-24,135.95568836936428,9
sp500,Health Care,2026-07-27,136.58164198045938,9
sp500,Health Care,2026-07-28,139.1785292404348,9
sp500,Health Care,2026-07-29,138.5067738685586,9
sp500,Health Care,2026-07-30,138.50361363454837,9
sp500,Industrials,2023-08-09,100.0,10
sp500,Industrials,2023-08-10,99.46549946987886,10
sp500,Industrials,2023-08-11,99.88956714435281,10
sp500,Industrials,2023-08-14,99.58723292049318,10
sp500,Industrials,2023-08-15,98.07313275906291,10
sp500,Industrials,2023-08-16,97.75148843940578,10
sp500,Industrials,2023-08-17,97.43479046365927,10
sp500,Industrials,2023-08-18,97.1099453145276,10
sp500,Industrials,2023-08-21,96.95694815932153,10
sp500,Industrials,2023-08-22,96.78900737693876,10
sp500,Industrials,2023-08-23,97.3079982046599,10
sp500,Industrials,2023-08-24,95.98827740521722,10
sp500,Industrials,2023-08-25,96.47613589608092,10
sp500,Industrials,2023-08-28,97.64315559091656,10
sp500,Industrials,2023-08-29,98.18422003057536,10
sp500,Industrials,2023-08-30,98.80090441861893,10
sp500,Industrials,2023-08-31,98.35982046732128,10
sp500,Industrials,2023-09-01,98.83506696381293,10
sp500,Industrials,2023-09-05,97.9416876852111,10
sp500,Industrials,2023-09-06,96.56093440058349,10
sp500,Industrials,2023-09-07,96.70219306323601,10
sp500,Industrials,2023-09-08,95.86971815873524,10
sp500,Industrials,2023-09-11,95.33753915892186,10
sp500,Industrials,2023-09-12,95.3118782936395,10
sp500,Industrials,2023-09-13,94.91947349683757,10
sp500,Industrials,2023-09-14,95.92767546976198,10
sp500,Industrials,2023-09-15,95.7774913595932,10
sp500,Industrials,2023-09-18,95.92172914548026,10
sp500,Industrials,2023-09-19,95.24551898320956,10
sp500,Industrials,2023-09-20,95.22019907542887,10
sp500,Industrials,2023-09-21,93.42957000162777,10
sp500,Industrials,2023-09-22,92.3795160394734,10
sp500,Industrials,2023-09-25,92.58397783809055,10
sp500,Industrials,2023-09-26,91.70244722823801,10
sp500,Industrials,2023-09-27,92.22676605888319,10
sp500,Industrials,2023-09-28,92.10620795092652,10
sp500,Industrials,2023-09-29,91.58927331676333,10
sp500,Industrials,2023-10-02,90.78209930964124,10
sp500,Industrials,2023-10-03,90.14414773998367,10
sp500,Industrials,2023-10-04,89.66025860321241,10
sp500,Industrials,2023-10-05,89.03179806074694,10
sp500,Industrials,2023-10-06,89.98300379198182,10
sp500,Industrials,2023-10-09,93.5997585384219,10
sp500,Industrials,2023-10-10,94.0453288266634,10
sp500,Industrials,2023-10-11,94.37672454547129,10
sp500,Industrials,2023-10-12,93.45658566560569,10
sp500,Industrials,2023-10-13,93.8345763466543,10
sp500,Industrials,2023-10-16,94.56206581389429,10
sp500,Industrials,2023-10-17,94.69734695912196,10
sp500,Industrials,2023-10-18,93.71847038177444,10
sp500,Industrials,2023-10-19,92.9349450894422,10
sp500,Industrials,2023-10-20,91.9058971936208,10
sp500,Industrials,2023-10-23,91.61369334906567,10
sp500,Industrials,2023-10-24,92.72456315572978,10
sp500,Industrials,2023-10-25,93.20925080953819,10
sp500,Industrials,2023-10-26,92.74656224629828,10
sp500,Industrials,2023-10-27,92.03568845034788,10
sp500,Industrials,2023-10-30,92.8367802416627,10
sp500,Industrials,2023-10-31,93.46630007958161,10
sp500,Industrials,2023-11-01,93.97655331318005,10
sp500,Industrials,2023-11-02,95.3392650010105,10
sp500,Industrials,2023-11-03,95.89928384019824,10
sp500,Industrials,2023-11-06,95.50466890075654,10
sp500,Industrials,2023-11-07,94.88707747640953,10
sp500,Industrials,2023-11-08,94.54332466554185,10
sp500,Industrials,2023-11-09,94.2766301032833,10
sp500,Industrials,2023-11-10,95.34445602241355,10
sp500,Industrials,2023-11-13,95.79693859232553,10
sp500,Industrials,2023-11-14,96.69020234364987,10
sp500,Industrials,2023-11-15,97.01799423105523,10
sp500,Industrials,2023-11-16,96.63202017834784,10
sp500,Industrials,2023-11-17,96.86668968305085,10
sp500,Industrials,2023-11-20,97.14605601283066,10
sp500,Industrials,2023-11-21,97.19351376814383,10
sp500,Industrials,2023-11-22,97.33427129190247,10
sp500,Industrials,2023-11-24,97.58059838983951,10
sp500,Industrials,2023-11-27,97.07638778364583,10
sp500,Industrials,2023-11-28,97.40405047571858,10
sp500,Industrials,2023-11-29,97.62673505097852,10
sp500,Industrials,2023-11-30,98.58872498709643,10
sp500,Industrials,2023-12-01,99.71727712683047,10
sp500,Industrials,2023-12-04,100.34405541345954,10
sp500,Industrials,2023-12-05,99.5197149501292,10
sp500,Industrials,2023-12-06,100.18010322027106,10
sp500,Industrials,2023-12-07,99.84577361967901,10
sp500,Industrials,2023-12-08,100.13746280475888,10
sp500,Industrials,2023-12-11,100.7865825699339,10
sp500,Industrials,2023-12-12,100.91226205371613,10
sp500,Industrials,2023-12-13,102.62625697767133,10
sp500,Industrials,2023-12-14,103.02573237845193,10
sp500,Industrials,2023-12-15,102.89746824593544,10
sp500,Industrials,2023-12-18,103.10057606962744,10
sp500,Industrials,2023-12-19,104.02919340396635,10
sp500,Industrials,2023-12-20,102.63134630671946,10
sp500,Industrials,2023-12-21,103.56867196170289,10
sp500,Industrials,2023-12-22,104.03714779328301,10
sp500,Industrials,2023-12-26,105.03077258152264,10
sp500,Industrials,2023-12-27,105.25608000874551,10
sp500,Industrials,2023-12-28,105.31737281776942,10
sp500,Industrials,2023-12-29,105.51271543525793,10
sp500,Industrials,2024-01-02,105.33716867715266,10
sp500,Industrials,2024-01-03,104.14808696784678,10
sp500,Industrials,2024-01-04,104.16692851356572,10
sp500,Industrials,2024-01-05,104.28060338216538,10
sp500,Industrials,2024-01-08,103.84500036047714,10
sp500,Industrials,2024-01-09,103.31591994849359,10
sp500,Industrials,2024-01-10,103.48806526752541,10
sp500,Industrials,2024-01-11,102.84176908635433,10
sp500,Industrials,2024-01-12,103.32986982140409,10
sp500,Industrials,2024-01-16,101.66194172147418,10
sp500,Industrials,2024-01-17,101.01277717551194,10
sp500,Industrials,2024-01-18,102.06396872254501,10
sp500,Industrials,2024-01-19,102.4106560034955,10
sp500,Industrials,2024-01-22,102.53614955804787,10
sp500,Industrials,2024-01-23,101.58728004502467,10
sp500,Industrials,2024-01-24,101.45446084912908,10
sp500,Industrials,2024-01-25,101.54237091442886,10
sp500,Industrials,2024-01-26,101.65908052062231,10
sp500,Industrials,2024-01-29,101.87385080860697,10
sp500,Industrials,2024-01-30,102.25912346610484,10
sp500,Industrials,2024-01-31,102.09312665170643,10
sp500,Industrials,2024-02-01,102.54579184002013,10
sp500,Industrials,2024-02-02,102.39326177467932,10
sp500,Industrials,2024-02-05,101.7364685387598,10
sp500,Industrials,2024-02-06,102.50041200700251,10
sp500,Industrials,2024-02-07,102.91063951199324,10
sp500,Industrials,2024-02-08,102.357088290686,10
sp500,Industrials,2024-02-09,102.14358757098154,10
sp500,Industrials,2024-02-12,102.80499905597826,10
sp500,Industrials,2024-02-13,101.9382643091892,10
sp500,Industrials,2024-02-14,102.12775945751619,10
sp500,Industrials,2024-02-15,102.33348517108023,10
sp500,Industrials,2024-02-16,102.00929932360705,10
sp500,Industrials,2024-02-20,101.84787101070721,10
sp500,Industrials,2024-02-21,102.24835737256832,10
sp500,Industrials,2024-02-22,102.56963718061165,10
sp500,Industrials,2024-02-23,103.1415873302367,10
sp500,Industrials,2024-02-26,102.83336003079424,10
sp500,Industrials,2024-02-27,102.97316595079458,10
sp500,Industrials,2024-02-28,103.31576090945276,10
sp500,Industrials,2024-02-29,103.22840765849594,10
sp500,Industrials,2024-03-01,102.96447112086284,10
sp500,Industrials,2024-03-04,103.35555827852741,10
sp500,Industrials,2024-03-05,103.27803189239732,10
sp500,Industrials,2024-03-06,103.6572809827121,10
sp500,Industrials,2024-03-07,104.05629013362608,10
sp500,Industrials,2024-03-08,103.98274077733333,10
sp500,Industrials,2024-03-11,103.76975407228188,10
sp500,Industrials,2024-03-12,103.69170735749553,10
sp500,Industrials,2024-03-13,104.61839422047012,10
sp500,Industrials,2024-03-14,104.52151035238921,10
sp500,Industrials,2024-03-15,105.26263933713145,10
sp500,Industrials,2024-03-18,105.3999762558474,10
sp500,Industrials,2024-03-19,106.3512391913247,10
sp500,Industrials,2024-03-20,107.53172651889564,10
sp500,Industrials,2024-03-21,107.76525929802038,10
sp500,Industrials,2024-03-22,107.7316650348817,10
sp500,Industrials,2024-03-25,107.42341777328426,10
sp500,Industrials,2024-03-26,107.1702742640631,10
sp500,Industrials,2024-03-27,109.2157656271419,10
sp500,Industrials,2024-03-28,109.50594129701285,10
sp500,Industrials,2024-04-01,109.68454468490418,10
sp500,Industrials,2024-04-02,109.24748917281421,10
sp500,Industrials,2024-04-03,108.91612888865735,10
sp500,Industrials,2024-04-04,108.54928649215596,10
sp500,Industrials,2024-04-05,109.32269653317361,10
sp500,Industrials,2024-04-08,109.0598942669111,10
sp500,Industrials,2024-04-09,108.58553446136041,10
sp500,Industrials,2024-04-10,108.5299433890572,10
sp500,Industrials,2024-04-11,108.3412290656171,10
sp500,Industrials,2024-04-12,107.07723722393881,10
sp500,Industrials,2024-04-15,106.53261346504839,10
sp500,Industrials,2024-04-16,106.45005450749478,10
sp500,Industrials,2024-04-17,106.5577667553189,10
sp500,Industrials,2024-04-18,106.73034877584865,10
sp500,Industrials,2024-04-19,107.60879390408809,10
sp500,Industrials,2024-04-22,108.09565760482758,10
sp500,Industrials,2024-04-23,108.34909651950397,10
sp500,Industrials,2024-04-24,107.37881007825945,10
sp500,Industrials,2024-04-25,107.37412819969173,10
sp500,Industrials,2024-04-26,107.19535709086455,10
sp500,Industrials,2024-04-29,108.67697554197836,10
sp500,Industrials,2024-04-30,107.62256836395085,10
sp500,Industrials,2024-05-01,107.83100493819549,10
sp500,Industrials,2024-05-02,108.30903189978693,10
sp500,Industrials,2024-05-03,108.55446999898177,10
sp500,Industrials,2024-05-06,108.88806789979138,10
sp500,Industrials,2024-05-07,109.38388464542632,10
sp500,Industrials,2024-05-08,109.71288301556716,10
sp500,Industrials,2024-05-09,110.78287046456296,10
sp500,Industrials,2024-05-10,111.16279498360603,10
sp500,Industrials,2024-05-13,111.23167583190288,10
sp500,Industrials,2024-05-14,111.39051771358982,10
sp500,Industrials,2024-05-15,111.23979786021874,10
sp500,Industrials,2024-05-16,111.42262251516854,10
sp500,Industrials,2024-05-17,111.8468331842129,10
sp500,Industrials,2024-05-20,111.93736433553119,10
sp500,Industrials,2024-05-21,111.31567045609894,10
sp500,Industrials,2024-05-22,111.38363373911355,10
sp500,Industrials,2024-05-23,109.36774398439341,10
sp500,Industrials,2024-05-24,109.52505493996618,10
sp500,Industrials,2024-05-28,108.43252514626155,10
sp500,Industrials,2024-05-29,106.88227487905625,10
sp500,Industrials,2024-05-30,107.88270097340076,10
sp500,Industrials,2024-05-31,109.53734377660179,10
sp500,Industrials,2024-06-03,108.82503575066633,10
sp500,Industrials,2024-06-04,109.25989491092125,10
sp500,Industrials,2024-06-05,109.51465314643234,10
sp500,Industrials,2024-06-06,109.43400145861115,10
sp500,Industrials,2024-06-07,109.45848437414041,10
sp500,Industrials,2024-06-10,109.17507459236766,10
sp500,Industrials,2024-06-11,108.41822407319074,10
sp500,Industrials,2024-06-12,108.21066484130739,10
sp500,Industrials,2024-06-13,107.9559403786434,10
sp500,Industrials,2024-06-14,107.54967576445387,10
sp500,Industrials,2024-06-17,108.22545638818215,10
sp500,Industrials,2024-06-18,108.47273586309569,10
sp500,Industrials,2024-06-20,109.31887265281782,10
sp500,Industrials,2024-06-21,109.2199446770146,10
sp500,Industrials,2024-06-24,109.51332026907184,10
sp500,Industrials,2024-06-25,108.44122137820138,10
sp500,Industrials,2024-06-26,108.73496390766692,10
sp500,Industrials,2024-06-27,109.19766204694625,10
sp500,Industrials,2024-06-28,109.06447964354165,10
sp500,Industrials,2024-07-01,108.1247765379971,10
sp500,Industrials,2024-07-02,108.41476765862012,10
sp500,Industrials,2024-07-03,108.3796964002053,10
sp500,Industrials,2024-07-05,107.9071554981456,10
sp500,Industrials,2024-07-08,107.60320830765346,10
sp500,Industrials,2024-07-09,106.809415165647,10
sp500,Industrials,2024-07-10,107.59406694820488,10
sp500,Industrials,2024-07-11,108.54066762180112,10
sp500,Industrials,2024-07-12,108.93180471868442,10
sp500,Industrials,2024-07-15,109.35817090578944,10
sp500,Industrials,2024-07-16,111.52285674172668,10
sp500,Industrials,2024-07-17,112.40740135715987,10
sp500,Industrials,2024-07-18,111.64326164392318,10
sp500,Industrials,2024-07-19,110.7160745902833,10
sp500,Industrials,2024-07-22,111.19162737110828,10
sp500,Industrials,2024-07-23,112.06339125208764,10
sp500,Industrials,2024-07-24,110.84827994722669,10
sp500,Industrials,2024-07-25,112.30292991375535,10
sp500,Industrials,2024-07-26,115.56452019338015,10
sp500,Industrials,2024-07-29,114.9411679947123,10
sp500,Industrials,2024-07-30,115.8628502724956,10
sp500,Industrials,2024-07-31,116.85713581926973,10
sp500,Industrials,2024-08-01,115.3414893652838,10
sp500,Industrials,2024-08-02,114.18298535247024,10
sp500,Industrials,2024-08-05,112.43913115607376,10
sp500,Industrials,2024-08-06,112.4367824414757,10
sp500,Industrials,2024-08-07,112.41359095933639,10
sp500,Industrials,2024-08-08,113.9728822857079,10
sp500,Industrials,2024-08-09,113.92324494978698,10
sp500,Industrials,2024-08-12,113.53500828554965,10
sp500,Industrials,2024-08-13,114.48923527375057,10
sp500,Industrials,2024-08-14,114.99002062906563,10
sp500,Industrials,2024-08-15,116.7618947508958,10
sp500,Industrials,2024-08-16,117.0287767947293,10
sp500,Industrials,2024-08-19,116.91606589923444,10
sp500,Industrials,2024-08-20,116.58541618599048,10
sp500,Industrials,2024-08-21,116.86243434975869,10
sp500,Industrials,2024-08-22,116.87629041732596,10
sp500,Industrials,2024-08-23,117.60102561426402,10
sp500,Industrials,2024-08-26,117.91159664032982,10
sp500,Industrials,2024-08-27,117.87912222820984,10
sp500,Industrials,2024-08-28,118.14064315961292,10
sp500,Industrials,2024-08-29,119.16158211119159,10
sp500,Industrials,2024-08-30,120.12100264787779,10
sp500,Industrials,2024-09-03,117.5992042135164,10
sp500,Industrials,2024-09-04,118.14944803196776,10
sp500,Industrials,2024-09-05,117.19551848619585,10
sp500,Industrials,2024-09-06,115.48454557425967,10
sp500,Industrials,2024-09-09,117.60292847298722,10
sp500,Industrials,2024-09-10,117.29418161520478,10
sp500,Industrials,2024-09-11,117.2049528640465,10
sp500,Industrials,2024-09-12,117.84362958855388,10
sp500,Industrials,2024-09-13,118.05331817242062,10
sp500,Industrials,2024-09-16,118.43480543691606,10
sp500,Industrials,2024-09-17,118.0546617392877,10
sp500,Industrials,2024-09-18,117.72208396387629,10
sp500,Industrials,2024-09-19,119.04042957372542,10
sp500,Industrials,2024-09-20,118.94028483690795,10
sp500,Industrials,2024-09-23,120.23623579007364,10
sp500,Industrials,2024-09-24,120.71728805722005,10
sp500,Industrials,2024-09-25,120.0408669554554,10
sp500,Industrials,2024-09-26,120.68959874094689,10
sp500,Industrials,2024-09-27,121.03375757843739,10
sp500,Industrials,2024-09-30,120.93679779773856,10
sp500,Industrials,2024-10-01,122.38771252186432,10
sp500,Industrials,2024-10-02,121.76646149838624,10
sp500,Industrials,2024-10-03,121.06018480637881,10
sp500,Industrials,2024-10-04,121.75493953053092,10
sp500,Industrials,2024-10-07,121.40488728990672,10
sp500,Industrials,2024-10-08,121.07275861617967,10
sp500,Industrials,2024-10-09,121.74914961794703,10
sp500,Industrials,2024-10-10,120.86726398693189,10
sp500,Industrials,2024-10-11,122.24485959930176,10
sp500,Industrials,2024-10-14,122.44407557183925,10
sp500,Industrials,2024-10-15,122.04827031230543,10
sp500,Industrials,2024-10-16,123.33509199250756,10
sp500,Industrials,2024-10-17,123.18181123845191,10
sp500,Industrials,2024-10-18,123.45387542437543,10
sp500,Industrials,2024-10-21,123.58010192498554,10
sp500,Industrials,2024-10-22,122.13159187050557,10
sp500,Industrials,2024-10-23,121.35525181632975,10
sp500,Industrials,2024-10-24,120.10955362739901,10
sp500,Industrials,2024-10-25,119.53012086388195,10
sp500,Industrials,2024-10-28,119.74026651527507,10
sp500,Industrials,2024-10-29,119.45966286540572,10
sp500,Industrials,2024-10-30,118.6784118805182,10
sp500,Industrials,2024-10-31,118.04754631348686,10
sp500,Industrials,2024-11-01,118.20711240175544,10
sp500,Industrials,2024-11-04,117.89006199392405,10
sp500,Industrials,2024-11-05,118.40657277572389,10
sp500,Industrials,2024-11-06,121.64300326659294,10
sp500,Industrials,2024-11-07,121.65577772625984,10
sp500,Industrials,2024-11-08,122.16092046363937,10
sp500,Industrials,2024-11-11,122.99167989714459,10
sp500,Industrials,2024-11-12,122.24637500745874,10
sp500,Industrials,2024-11-13,121.2835175107677,10
sp500,Industrials,2024-11-14,118.85476281271359,10
sp500,Industrials,2024-11-15,118.07979363747043,10
sp500,Industrials,2024-11-18,118.40818180599729,10
sp500,Industrials,2024-11-19,118.03807990210137,10
sp500,Industrials,2024-11-20,118.1053669625009,10
sp500,Industrials,2024-11-21,119.55919964993112,10
sp500,Industrials,2024-11-22,121.07902110915462,10
sp500,Industrials,2024-11-25,121.4272375836843,10
sp500,Industrials,2024-11-26,121.8933202232522,10
sp500,Industrials,2024-11-27,122.10642928672158,10
sp500,Industrials,2024-11-29,123.00311708918352,10
sp500,Industrials,2024-12-02,121.54013552677543,10
sp500,Industrials,2024-12-03,120.81938610626204,10
sp500,Industrials,2024-12-04,121.27800929263233,10
sp500,Industrials,2024-12-05,120.4590132123187,10
sp500,Industrials,2024-12-06,119.57121676659077,10
sp500,Industrials,2024-12-09,119.44683746168472,10
sp500,Industrials,2024-12-10,119.73035859682719,10
sp500,Industrials,2024-12-11,119.29678693179314,10
sp500,Industrials,2024-12-12,118.64082895491424,10
sp500,Industrials,2024-12-13,118.82908653404691,10
sp500,Industrials,2024-12-16,119.44317169892322,10
sp500,Industrials,2024-12-17,118.86038972633996,10
sp500,Industrials,2024-12-18,116.29635044927147,10
sp500,Industrials,2024-12-19,116.57597489234568,10
sp500,Industrials,2024-12-20,117.76919307144654,10
sp500,Industrials,2024-12-23,117.52830184405849,10
sp500,Industrials,2024-12-24,118.21708670226127,10
sp500,Industrials,2024-12-26,118.63877691327684,10
sp500,Industrials,2024-12-27,118.10770840813638,10
sp500,Industrials,2024-12-30,116.75056745457577,10
sp500,Industrials,2024-12-31,116.86547192876617,10
sp500,Industrials,2025-01-02,116.04054392590987,10
sp500,Industrials,2025-01-03,116.35605778989122,10
sp500,Industrials,2025-01-06,114.9987381361915,10
sp500,Industrials,2025-01-07,115.22616473357326,10
sp500,Industrials,2025-01-08,115.89782371425142,10
sp500,Industrials,2025-01-10,114.91604492486162,10
sp500,Industrials,2025-01-13,117.3241638132725,10
sp500,Industrials,2025-01-14,117.96001855451055,10
sp500,Industrials,2025-01-15,117.98064182825752,10
sp500,Industrials,2025-01-16,119.64360562868188,10
sp500,Industrials,2025-01-17,120.68936249564375,10
sp500,Industrials,2025-01-21,123.93299015835841,10
sp500,Industrials,2025-01-22,123.27486274473975,10
sp500,Industrials,2025-01-23,124.37660166078737,10
sp500,Industrials,2025-01-24,123.79371067008682,10
sp500,Industrials,2025-01-27,124.5965750101804,10
sp500,Industrials,2025-01-28,122.68120578663293,10
sp500,Industrials,2025-01-29,121.19912675936445,10
sp500,Industrials,2025-01-30,123.05562641233354,10
sp500,Industrials,2025-01-31,122.5183089814859,10
sp500,Industrials,2025-02-03,121.73568313209941,10
sp500,Industrials,2025-02-04,121.73394191010252,10
sp500,Industrials,2025-02-05,121.812912946443,10
sp500,Industrials,2025-02-06,121.1108182995984,10
sp500,Industrials,2025-02-07,120.2444130430687,10
sp500,Industrials,2025-02-10,120.84926525444595,10
sp500,Industrials,2025-02-11,121.02334883967968,10
sp500,Industrials,2025-02-12,120.19519944678423,10
sp500,Industrials,2025-02-13,119.01566477938157,10
sp500,Industrials,2025-02-14,117.88074732965595,10
sp500,Industrials,2025-02-18,119.20869455579424,10
sp500,Industrials,2025-02-19,119.84432713164202,10
sp500,Industrials,2025-02-20,119.32168688605269,10
sp500,Industrials,2025-02-21,118.33651724145027,10
sp500,Industrials,2025-02-24,118.76576809235434,10
sp500,Industrials,2025-02-25,119.98220494506458,10
sp500,Industrials,2025-02-26,118.96156474482117,10
sp500,Industrials,2025-02-27,120.0074307807509,10
sp500,Industrials,2025-02-28,121.20068564593865,10
sp500,Industrials,2025-03-03,120.45063222188593,10
sp500,Industrials,2025-03-04,117.31467999880503,10
sp500,Industrials,2025-03-05,119.7581427944452,10
sp500,Industrials,2025-03-06,119.70227065907491,10
sp500,Industrials,2025-03-07,121.37469088966195,10
sp500,Industrials,2025-03-10,120.82864033921128,10
sp500,Industrials,2025-03-11,119.62284804973334,10
sp500,Industrials,2025-03-12,118.99901933726522,10
sp500,Industrials,2025-03-13,119.19188177639803,10
sp500,Industrials,2025-03-14,120.40099273955414,10
sp500,Industrials,2025-03-17,121.60068688161543,10
sp500,Industrials,2025-03-18,121.18732686363651,10
sp500,Industrials,2025-03-19,122.5771005518523,10
sp500,Industrials,2025-03-20,122.05950661585065,10
sp500,Industrials,2025-03-21,121.1070657128376,10
sp500,Industrials,2025-03-24,122.40171078091215,10
sp500,Industrials,2025-03-25,123.26169653828856,10
sp500,Industrials,2025-03-26,123.22080791081784,10
sp500,Industrials,2025-03-27,122.81370655371866,10
sp500,Industrials,2025-03-28,120.88580600251026,10
sp500,Industrials,2025-03-31,121.60615673591211,10
sp500,Industrials,2025-04-01,122.16891792225913,10
sp500,Industrials,2025-04-02,122.55422134786656,10
sp500,Industrials,2025-04-03,118.09691697930171,10
sp500,Industrials,2025-04-04,109.98317494394503,10
sp500,Industrials,2025-04-07,109.16744717895111,10
sp500,Industrials,2025-04-08,109.25693279876934,10
sp500,Industrials,2025-04-09,117.76926140355786,10
sp500,Industrials,2025-04-10,116.02482602427098,10
sp500,Industrials,2025-04-11,118.40288199113374,10
sp500,Industrials,2025-04-14,119.47702211087491,10
sp500,Industrials,2025-04-15,118.24392214614062,10
sp500,Industrials,2025-04-16,117.51609564256984,10
sp500,Industrials,2025-04-17,118.01587025945821,10
sp500,Industrials,2025-04-21,115.7654007562565,10
sp500,Industrials,2025-04-22,115.47248728413244,10
sp500,Industrials,2025-04-23,116.78035347782027,10
sp500,Industrials,2025-04-24,118.34635791387686,10
sp500,Industrials,2025-04-25,118.98902332591992,10
sp500,Industrials,2025-04-28,119.68886745371074,10
sp500,Industrials,2025-04-29,120.41935552869016,10
sp500,Industrials,2025-04-30,121.07803890968852,10
sp500,Industrials,2025-05-01,121.69549370022854,10
sp500,Industrials,2025-05-02,123.20690908176381,10
sp500,Industrials,2025-05-05,123.00600099071698,10
sp500,Industrials,2025-05-06,121.86200749678022,10
sp500,Industrials,2025-05-07,122.0699889892532,10
sp500,Industrials,2025-05-08,123.43820986731615,10
sp500,Industrials,2025-05-09,123.69147314053063,10
sp500,Industrials,2025-05-12,125.59610378824291,10
sp500,Industrials,2025-05-13,125.43162606326949,10
sp500,Industrials,2025-05-14,124.31592068845427,10
sp500,Industrials,2025-05-15,127.15656709438174,10
sp500,Industrials,2025-05-16,128.4468782337931,10
sp500,Industrials,2025-05-19,128.9237198121346,10
sp500,Industrials,2025-05-20,129.22594475791848,10
sp500,Industrials,2025-05-21,127.22324282219206,10
sp500,Industrials,2025-05-22,127.31369449232754,10
sp500,Industrials,2025-05-23,126.61048364289795,10
sp500,Industrials,2025-05-27,127.9995856995062,10
sp500,Industrials,2025-05-28,127.11929546502887,10
sp500,Industrials,2025-05-29,128.12748385461387,10
sp500,Industrials,2025-05-30,128.8484151843742,10
sp500,Industrials,2025-06-02,128.67970131349188,10
sp500,Industrials,2025-06-03,129.4162431732758,10
sp500,Industrials,2025-06-04,129.2315690347087,10
sp500,Industrials,2025-06-05,128.8311909129571,10
sp500,Industrials,2025-06-06,129.49649564310513,10
sp500,Industrials,2025-06-09,130.03148675424677,10
sp500,Industrials,2025-06-10,129.42408361705282,10
sp500,Industrials,2025-06-11,129.4673970118309,10
sp500,Industrials,2025-06-12,129.33558289908035,10
sp500,Industrials,2025-06-13,129.99790959889322,10
sp500,Industrials,2025-06-16,129.69806777794153,10
sp500,Industrials,2025-06-17,129.77515045716456,10
sp500,Industrials,2025-06-18,128.81657805422384,10
sp500,Industrials,2025-06-20,129.09924760245798,10
sp500,Industrials,2025-06-23,130.12863420695257,10
sp500,Industrials,2025-06-24,129.34918727666735,10
sp500,Industrials,2025-06-25,128.53877424505825,10
sp500,Industrials,2025-06-26,130.1294201868116,10
sp500,Industrials,2025-06-27,131.63802753918443,10
sp500,Industrials,2025-06-30,132.06394346738713,10
sp500,Industrials,2025-07-01,132.7694621195078,10
sp500,Industrials,2025-07-02,132.99647195330368,10
sp500,Industrials,2025-07-03,133.72521909315302,10
sp500,Industrials,2025-07-07,133.5386573309915,10
sp500,Industrials,2025-07-08,133.40747247610787,10
sp500,Industrials,2025-07-09,134.71409211308008,10
sp500,Industrials,2025-07-10,135.51805684176387,10
sp500,Industrials,2025-07-11,135.25529847164518,10
sp500,Industrials,2025-07-14,136.52805942558274,10
sp500,Industrials,2025-07-15,135.4241824064846,10
sp500,Industrials,2025-07-16,136.19648698715852,10
sp500,Industrials,2025-07-17,136.57375489817963,10
sp500,Industrials,2025-07-18,135.51810901738423,10
sp500,Industrials,2025-07-21,134.78810693611322,10
sp500,Industrials,2025-07-22,134.8953774871577,10
sp500,Industrials,2025-07-23,137.91938870182224,10
sp500,Industrials,2025-07-24,136.78133675751596,10
sp500,Industrials,2025-07-25,137.3914901435938,10
sp500,Industrials,2025-07-28,137.2657216143754,10
sp500,Industrials,2025-07-29,137.09383570361965,10
sp500,Industrials,2025-07-30,136.4127130122797,10
sp500,Industrials,2025-07-31,136.86291068553044,10
sp500,Industrials,2025-08-01,135.35117856801062,10
sp500,Industrials,2025-08-04,136.70990476287122,10
sp500,Industrials,2025-08-05,137.1081835314341,10
sp500,Industrials,2025-08-06,137.20313547226394,10
sp500,Industrials,2025-08-07,136.6643887863571,10
sp500,Industrials,2025-08-08,136.75988752267676,10
sp500,Industrials,2025-08-11,136.55280849167497,10
sp500,Industrials,2025-08-12,137.28893775563824,10
sp500,Industrials,2025-08-13,138.32335749744428,10
sp500,Industrials,2025-08-14,136.62279720496056,10
sp500,Industrials,2025-08-15,136.12219836494313,10
sp500,Industrials,2025-08-18,136.2818345055547,10
sp500,Industrials,2025-08-19,136.33688327230942,10
sp500,Industrials,2025-08-20,137.3624331799783,10
sp500,Industrials,2025-08-21,137.0865718651571,10
sp500,Industrials,2025-08-22,138.8335442849848,10
sp500,Industrials,2025-08-25,137.66057769034086,10
sp500,Industrials,2025-08-26,139.1407071717279,10
sp500,Industrials,2025-08-27,139.31969505220863,10
sp500,Industrials,2025-08-28,139.5292608394503,10
sp500,Industrials,2025-08-29,138.22578346814484,10
sp500,Industrials,2025-09-01,138.22578346814484,10
sp500,Industrials,2025-09-02,138.22578346814484,10
sp500,Industrials,2025-09-03,136.38814734557826,10
sp500,Industrials,2025-09-04,137.2797070373049,10
sp500,Industrials,2025-09-05,137.03600582029281,10
sp500,Industrials,2025-09-08,136.790951393018,10
sp500,Industrials,2025-09-09,135.69622174153088,10
sp500,Industrials,2025-09-10,136.1682405590889,10
sp500,Industrials,2025-09-11,137.85246549665277,10
sp500,Industrials,2025-09-12,136.44907819315776,10
sp500,Industrials,2025-09-15,136.60063130990525,10
sp500,Industrials,2025-09-16,136.6229301296297,10
sp500,Industrials,2025-09-17,136.8056454861793,10
sp500,Industrials,2025-09-18,137.40753483316624,10
sp500,Industrials,2025-09-19,137.23626211646987,10
sp500,Industrials,2025-09-22,137.2627489770978,10
sp500,Industrials,2025-09-23,138.2263617024446,10
sp500,Industrials,2025-09-24,138.20151727724289,10
sp500,Industrials,2025-09-25,137.4077573604534,10
sp500,Industrials,2025-09-26,138.78195527973375,10
sp500,Industrials,2025-09-29,139.1914710587951,10
sp500,Industrials,2025-09-30,140.54658689983265,10
sp500,Industrials,2025-10-01,140.31839811255327,10
sp500,Industrials,2025-10-02,141.14525932288345,10
sp500,Industrials,2025-10-03,141.70847145837806,10
sp500,Industrials,2025-10-06,142.1019239532036,10
sp500,Industrials,2025-10-07,141.9518846044819,10
sp500,Industrials,2025-10-08,143.4004770287941,10
sp500,Industrials,2025-10-09,140.84928965967157,10
sp500,Industrials,2025-10-10,138.32409161693718,10
sp500,Industrials,2025-10-13,139.04110822887662,10
sp500,Industrials,2025-10-14,140.76522222010126,10
sp500,Industrials,2025-10-15,139.40429766525725,10
sp500,Industrials,2025-10-16,139.09439616196204,10
sp500,Industrials,2025-10-17,139.1414566802724,10
sp500,Industrials,2025-10-20,140.99770773341947,10
sp500,Industrials,2025-10-21,142.73781121822716,10
sp500,Industrials,2025-10-22,142.6343169441299,10
sp500,Industrials,2025-10-23,144.93558566606492,10
sp500,Industrials,2025-10-24,144.92985445288485,10
sp500,Industrials,2025-10-27,145.16761770878705,10
sp500,Industrials,2025-10-28,143.59584127293707,10
sp500,Industrials,2025-10-29,143.46596262330607,10
sp500,Industrials,2025-10-30,142.7063205649748,10
sp500,Industrials,2025-10-31,142.8270647432608,10
sp500,Industrials,2025-11-03,141.53215376327503,10
sp500,Industrials,2025-11-04,140.66299721574387,10
sp500,Industrials,2025-11-05,141.05046157949505,10
sp500,Industrials,2025-11-06,140.74190839716425,10
sp500,Industrials,2025-11-07,140.3322628992776,10
sp500,Industrials,2025-11-10,140.9832729900455,10
sp500,Industrials,2025-11-11,142.02127211495005,10
sp500,Industrials,2025-11-12,142.1307254013109,10
sp500,Industrials,2025-11-13,140.68397187576485,10
sp500,Industrials,2025-11-14,141.2312400414074,10
sp500,Industrials,2025-11-17,140.68368867497472,10
sp500,Industrials,2025-11-18,140.37405974958386,10
sp500,Industrials,2025-11-19,140.37297615776484,10
sp500,Industrials,2025-11-20,139.27038218080733,10
sp500,Industrials,2025-11-21,139.69848458367576,10
sp500,Industrials,2025-11-24,139.47688989270338,10
sp500,Industrials,2025-11-25,141.0214019175237,10
sp500,Industrials,2025-11-26,140.7209750538871,10
sp500,Industrials,2025-11-27,140.7209750538871,10
sp500,Industrials,2025-11-28,140.7209750538871,10
sp500,Industrials,2025-12-01,138.65640585183561,10
sp500,Industrials,2025-12-02,140.98521654411297,10
sp500,Industrials,2025-12-03,142.03330919536376,10
sp500,Industrials,2025-12-04,142.10693997606722,10
sp500,Industrials,2025-12-05,141.5318815102108,10
sp500,Industrials,2025-12-08,141.4618853332695,10
sp500,Industrials,2025-12-09,140.7337096706544,10
sp500,Industrials,2025-12-10,142.19222329950634,10
sp500,Industrials,2025-12-11,143.8865007810542,10
sp500,Industrials,2025-12-12,144.37785073304576,10
sp500,Industrials,2025-12-15,145.24058479533878,10
sp500,Industrials,2025-12-16,144.39891552244316,10
sp500,Industrials,2025-12-17,143.21325874405457,10
sp500,Industrials,2025-12-18,142.87968573654646,10
sp500,Industrials,2025-12-19,144.10149299331195,10
sp500,Industrials,2025-12-22,145.44142066248662,10
sp500,Industrials,2025-12-23,145.19170876675003,10
sp500,Industrials,2025-12-24,145.80928630696707,10
sp500,Industrials,2025-12-25,145.80928630696707,10
sp500,Industrials,2025-12-26,145.80928630696707,10
sp500,Industrials,2025-12-29,145.52438526111425,10
sp500,Industrials,2025-12-30,145.27135712470752,10
sp500,Industrials,2025-12-31,144.17523311956788,10
sp500,Industrials,2026-01-01,144.17523311956788,10
sp500,Industrials,2026-01-02,144.17523311956788,10
sp500,Industrials,2026-01-05,149.8096628687568,10
sp500,Industrials,2026-01-06,151.91327080895104,10
sp500,Industrials,2026-01-07,147.31939819326382,10
sp500,Industrials,2026-01-08,150.46749700169184,10
sp500,Industrials,2026-01-09,152.79700943185318,10
sp500,Industrials,2026-01-12,154.93404994358303,10
sp500,Industrials,2026-01-13,155.9997629233494,10
sp500,Industrials,2026-01-14,158.35912051160378,10
sp500,Industrials,2026-01-15,159.69630089650175,10
sp500,Industrials,2026-01-16,160.3170654696839,10
sp500,Industrials,2026-01-19,160.3170654696839,10
sp500,Industrials,2026-01-20,160.3170654696839,10
sp500,Industrials,2026-01-21,159.7058496044948,10
sp500,Industrials,2026-01-22,160.87297631732386,10
sp500,Industrials,2026-01-23,160.10863411273377,10
sp500,Industrials,2026-01-26,159.24581896067,10
sp500,Industrials,2026-01-27,160.5783747392824,10
sp500,Industrials,2026-01-28,159.89435274143605,10
sp500,Industrials,2026-01-29,160.88929817311944,10
sp500,Industrials,2026-01-30,160.60633586738297,10
sp500,Industrials,2026-02-02,161.2788034495095,10
sp500,Industrials,2026-02-03,163.45042282209528,10
sp500,Industrials,2026-02-04,163.67123395153206,10
sp500,Industrials,2026-02-05,163.6230152327628,10
sp500,Industrials,2026-02-06,168.062103679694,10
sp500,Industrials,2026-02-09,168.69371163476782,10
sp500,Industrials,2026-02-10,168.73285063445462,10
sp500,Industrials,2026-02-11,169.04746742505503,10
sp500,Industrials,2026-02-12,168.97543207896126,10
sp500,Industrials,2026-02-13,170.65179685231865,10
sp500,Industrials,2026-02-16,170.65179685231865,10
sp500,Industrials,2026-02-17,170.65179685231865,10
sp500,Industrials,2026-02-18,169.75959694349012,10
sp500,Industrials,2026-02-19,172.57072642176138,10
sp500,Industrials,2026-02-20,171.94241727029305,10
sp500,Industrials,2026-02-23,170.95886069420803,10
sp500,Industrials,2026-02-24,171.32962094489844,10
sp500,Industrials,2026-02-25,168.60058814615007,10
sp500,Industrials,2026-02-26,169.0542376433106,10
sp500,Industrials,2026-02-27,171.05991285040622,10
sp500,Industrials,2026-03-02,174.23816345691472,10
sp500,Industrials,2026-03-03,171.3046693994336,10
sp500,Industrials,2026-03-04,172.13561536216778,10
sp500,Industrials,2026-03-05,168.36867232565132,10
sp500,Industrials,2026-03-06,169.32077813229466,10
sp500,Industrials,2026-03-09,169.16469430022954,10
sp500,Industrials,2026-03-10,167.57267142730043,10
sp500,Industrials,2026-03-11,166.94696299540632,10
sp500,Industrials,2026-03-12,164.78248524993674,10
sp500,Industrials,2026-03-13,164.79880857614572,10
sp500,Industrials,2026-03-16,165.14347507463268,10
sp500,Industrials,2026-03-17,164.03958930335352,10
sp500,Industrials,2026-03-18,162.8100841926733,10
sp500,Industrials,2026-03-19,161.0512544144438,10
sp500,Industrials,2026-03-20,158.48281766387328,10
sp500,Industrials,2026-03-23,158.87254763749687,10
sp500,Industrials,2026-03-24,158.94503521461456,10
sp500,Industrials,2026-03-25,160.51152059340416,10
sp500,Industrials,2026-03-26,159.50686673504075,10
sp500,Industrials,2026-03-27,157.02933900472908,10
sp500,Industrials,2026-03-30,155.19721558787606,10
sp500,Industrials,2026-03-31,158.6198952826203,10
sp500,Industrials,2026-04-01,161.3947823253196,10
sp500,Industrials,2026-04-02,161.94670826453057,10
sp500,Industrials,2026-04-03,161.94670826453057,10
sp500,Industrials,2026-04-06,161.94670826453057,10
sp500,Industrials,2026-04-07,161.66334185174108,10
sp500,Industrials,2026-04-08,165.76134876893522,10
sp500,Industrials,2026-04-09,166.66483372862925,10
sp500,Industrials,2026-04-10,164.6179744912168,10
sp500,Industrials,2026-04-13,165.8203489996707,10
sp500,Industrials,2026-04-14,165.29391910090553,10
sp500,Industrials,2026-04-15,163.43375030555916,10
sp500,Industrials,2026-04-16,162.36094781078708,10
sp500,Industrials,2026-04-17,163.5717261663749,10
sp500,Industrials,2026-04-20,162.54318372562693,10
sp500,Industrials,2026-04-21,158.62342486317092,10
sp500,Industrials,2026-04-22,157.2783498211867,10
sp500,Industrials,2026-04-23,157.4117873954744,10
sp500,Industrials,2026-04-24,154.71571877300784,10
sp500,Industrials,2026-04-27,154.30423327513202,10
sp500,Industrials,2026-04-28,154.4238765327778,10
sp500,Industrials,2026-04-29,154.2703776162716,10
sp500,Industrials,2026-04-30,158.66987119303022,10
sp500,Industrials,2026-05-01,156.79352898832047,10
sp500,Industrials,2026-05-04,155.94306029632463,10
sp500,Industrials,2026-05-05,155.9831676446683,10
sp500,Industrials,2026-05-06,158.35204410269523,10
sp500,Industrials,2026-05-07,157.06617093157718,10
sp500,Industrials,2026-05-08,156.30131311861834,10
sp500,Industrials,2026-05-11,157.85032360110262,10
sp500,Industrials,2026-05-12,158.42608002024647,10
sp500,Industrials,2026-05-13,158.05626240026558,10
sp500,Industrials,2026-05-14,157.07613870499378,10
sp500,Industrials,2026-05-15,154.40608736935528,10
sp500,Industrials,2026-05-18,156.68543188859059,10
sp500,Industrials,2026-05-19,155.54689067225843,10
sp500,Industrials,2026-05-20,156.0049620929159,10
sp500,Industrials,2026-05-21,155.45586791543363,10
sp500,Industrials,2026-05-22,156.689329796604,10
sp500,Industrials,2026-05-25,156.689329796604,10
sp500,Industrials,2026-05-26,156.689329796604,10
sp500,Industrials,2026-05-27,157.74556915380168,10
sp500,Industrials,2026-05-28,158.64501497202158,10
sp500,Industrials,2026-05-29,158.7241502281493,10
sp500,Industrials,2026-06-01,155.91459612229465,10
sp500,Industrials,2026-06-02,157.13442285074325,10
sp500,Industrials,2026-06-03,156.13853100528584,10
sp500,Industrials,2026-06-04,158.38185286469363,10
sp500,Industrials,2026-06-05,157.83232714340957,10
sp500,Industrials,2026-06-08,156.67188831786035,10
sp500,Industrials,2026-06-09,158.581519079517,10
sp500,Industrials,2026-06-10,155.30729503372046,10
sp500,Industrials,2026-06-11,160.36246634561135,10
sp500,Industrials,2026-06-12,160.52733095185567,10
sp500,Industrials,2026-06-15,161.45270895792152,10
sp500,Industrials,2026-06-16,163.28507064728873,10
sp500,Industrials,2026-06-17,163.2197311965134,10
sp500,Industrials,2026-06-18,160.94204760547206,10
sp500,Industrials,2026-06-19,160.94204760547206,10
sp500,Industrials,2026-06-22,160.94204760547206,10
sp500,Industrials,2026-06-23,160.13014565175564,10
sp500,Industrials,2026-06-24,160.79548811686223,10
sp500,Industrials,2026-06-25,163.3822047259815,10
sp500,Industrials,2026-06-26,162.1234611611312,10
sp500,Industrials,2026-06-29,161.21443802655,10
sp500,Industrials,2026-06-30,162.83956573234866,10
sp500,Industrials,2026-07-01,162.7451559200558,10
sp500,Industrials,2026-07-02,166.588382288553,10
sp500,Industrials,2026-07-03,166.588382288553,10
sp500,Industrials,2026-07-06,166.588382288553,10
sp500,Industrials,2026-07-07,165.8457219203358,10
sp500,Industrials,2026-07-08,163.54032197430948,10
sp500,Industrials,2026-07-09,162.62035215769185,10
sp500,Industrials,2026-07-10,163.66277637636907,10
sp500,Industrials,2026-07-13,162.65071663963062,10
sp500,Industrials,2026-07-14,161.55390878983064,10
sp500,Industrials,2026-07-15,161.67529795435212,10
sp500,Industrials,2026-07-16,161.81620567698508,10
sp500,Industrials,2026-07-17,161.18046355565042,10
sp500,Industrials,2026-07-20,160.49789627154766,10
sp500,Industrials,2026-07-21,161.05980115385455,10
sp500,Industrials,2026-07-22,163.329945850867,10
sp500,Industrials,2026-07-23,167.9758153810764,10
sp500,Industrials,2026-07-24,169.78104695021287,10
sp500,Industrials,2026-07-27,170.87990825400055,10
sp500,Industrials,2026-07-28,172.34976132974404,10
sp500,Industrials,2026-07-29,167.14635731588515,10
sp500,Industrials,2026-07-30,167.2122486611009,10
sp500,Information Technology,2023-08-09,100.0,12
sp500,Information Technology,2023-08-10,100.540891498766,12
sp500,Information Technology,2023-08-11,98.96265584894908,12
sp500,Information Technology,2023-08-14,101.84415196132176,12
sp500,Information Technology,2023-08-15,100.61799783550971,12
sp500,Information Technology,2023-08-16,99.03109691471936,12
sp500,Information Technology,2023-08-17,97.32300999060098,12
sp500,Information Technology,2023-08-18,98.19078832900506,12
sp500,Information Technology,2023-08-21,100.61093548841409,12
sp500,Information Technology,2023-08-22,100.15513687923267,12
sp500,Information Technology,2023-08-23,102.70982263218677,12
sp500,Information Technology,2023-08-24,99.03069922245595,12
sp500,Information Technology,2023-08-25,99.81791595381868,12
sp500,Information Technology,2023-08-28,100.33718547200527,12
sp500,Information Technology,2023-08-29,102.83764477850636,12
sp500,Information Technology,2023-08-30,104.2413691862762,12
sp500,Information Technology,2023-08-31,105.0018814691251,12
sp500,Information Technology,2023-09-01,106.10302520590022,12
sp500,Information Technology,2023-09-05,106.67349078303774,12
sp500,Information Technology,2023-09-06,106.22139395964953,12
sp500,Information Technology,2023-09-07,105.42630785620098,12
sp500,Information Technology,2023-09-08,105.87296073989583,12
sp500,Information Technology,2023-09-11,106.49209380399725,12
sp500,Information Technology,2023-09-12,104.25294723192464,12
sp500,Information Technology,2023-09-13,104.97707875352494,12
sp500,Information Technology,2023-09-14,105.52727211670852,12
sp500,Information Technology,2023-09-15,102.39920681274081,12
sp500,Information Technology,2023-09-18,102.49287978476266,12
sp500,Information Technology,2023-09-19,101.79030288101873,12
sp500,Information Technology,2023-09-20,100.35244936066943,12
sp500,Information Technology,2023-09-21,97.79068762741177,12
sp500,Information Technology,2023-09-22,98.12323431561086,12
sp500,Information Technology,2023-09-25,98.65448389748184,12
sp500,Information Technology,2023-09-26,97.32635840843777,12
sp500,Information Technology,2023-09-27,98.87676812815862,12
sp500,Information Technology,2023-09-28,100.51386324244393,12
sp500,Information Technology,2023-09-29,101.38849564232686,12
sp500,Information Technology,2023-10-02,102.5600502362672,12
sp500,Information Technology,2023-10-03,99.91791775642125,12
sp500,Information Technology,2023-10-04,101.84816778784275,12
sp500,Information Technology,2023-10-05,102.38801119799075,12
sp500,Information Technology,2023-10-06,104.70903253580461,12
sp500,Information Technology,2023-10-09,105.46651507412392,12
sp500,Information Technology,2023-10-10,106.56081058190708,12
sp500,Information Technology,2023-10-11,107.37259985208627,12
sp500,Information Technology,2023-10-12,106.90339205879297,12
sp500,Information Technology,2023-10-13,104.8324371621911,12
sp500,Information Technology,2023-10-16,105.75558827126639,12
sp500,Information Technology,2023-10-17,105.68229549553902,12
sp500,Information Technology,2023-10-18,104.07213851106908,12
sp500,Information Technology,2023-10-19,102.46249719633778,12
sp500,Information Technology,2023-10-20,100.01111024451828,12
sp500,Information Technology,2023-10-23,100.21926641018813,12
sp500,Information Technology,2023-10-24,101.72854746725457,12
sp500,Information Technology,2023-10-25,98.78204862733065,12
sp500,Information Technology,2023-10-26,97.0576031402538,12
sp500,Information Technology,2023-10-27,98.31054661608506,12
sp500,Information Technology,2023-10-30,98.45696639247028,12
sp500,Information Technology,2023-10-31,99.5743322343462,12
sp500,Information Technology,2023-11-01,102.39231993136548,12
sp500,Information Technology,2023-11-02,105.1122012088463,12
sp500,Information Technology,2023-11-03,107.55867115793637,12
sp500,Information Technology,2023-11-06,107.67836265693613,12
sp500,Information Technology,2023-11-07,108.6351502044226,12
sp500,Information Technology,2023-11-08,109.06733296642996,12
sp500,Information Technology,2023-11-09,108.77523630392561,12
sp500,Information Technology,2023-11-10,111.94671338405023,12
sp500,Information Technology,2023-11-13,111.35229207441914,12
sp500,Information Technology,2023-11-14,115.02156090172389,12
sp500,Information Technology,2023-11-15,114.70210546144517,12
sp500,Information Technology,2023-11-16,114.60382878744997,12
sp500,Information Technology,2023-11-17,114.93618863371996,12
sp500,Information Technology,2023-11-20,117.29318614988031,12
sp500,Information Technology,2023-11-21,114.8956282183174,12
sp500,Information Technology,2023-11-22,115.13755355496254,12
sp500,Information Technology,2023-11-24,114.85233086930545,12
sp500,Information Technology,2023-11-27,115.16585740425722,12
sp500,Information Technology,2023-11-28,115.05493642723312,12
sp500,Information Technology,2023-11-29,116.68978311646785,12
sp500,Information Technology,2023-11-30,116.03694734786285,12
sp500,Information Technology,2023-12-01,115.93577269272957,12
sp500,Information Technology,2023-12-04,113.50999964548711,12
sp500,Information Technology,2023-12-05,113.2756873773596,12
sp500,Information Technology,2023-12-06,111.28530452446024,12
sp500,Information Technology,2023-12-07,113.3318215530557,12
sp500,Information Technology,2023-12-08,115.08038170397332,12
sp500,Information Technology,2023-12-11,116.72285069994406,12
sp500,Information Technology,2023-12-12,116.1969760704455,12
sp500,Information Technology,2023-12-13,117.47616315746589,12
sp500,Information Technology,2023-12-14,118.63966276987234,12
sp500,Information Technology,2023-12-15,119.91287332080648,12
sp500,Information Technology,2023-12-18,120.80266119501084,12
sp500,Information Technology,2023-12-19,121.07198748713499,12
sp500,Information Technology,2023-12-20,118.02464600378013,12
sp500,Information Technology,2023-12-21,120.59608670191912,12
sp500,Information Technology,2023-12-22,120.47476547558385,12
sp500,Information Technology,2023-12-26,122.07725103541324,12
sp500,Information Technology,2023-12-27,122.1843450048583,12
sp500,Information Technology,2023-12-28,122.14584238291677,12
sp500,Information Technology,2023-12-29,121.30987848840864,12
sp500,Information Technology,2024-01-02,118.06149010307159,12
sp500,Information Technology,2024-01-03,116.55658451222004,12
sp500,Information Technology,2024-01-04,116.90874737849832,12
sp500,Information Technology,2024-01-05,117.31649616949196,12
sp500,Information Technology,2024-01-08,121.62222086957972,12
sp500,Information Technology,2024-01-09,122.5046131059151,12
sp500,Information Technology,2024-01-10,123.24220387349114,12
sp500,Information Technology,2024-01-11,123.88979595699614,12
sp500,Information Technology,2024-01-12,123.87178549790625,12
sp500,Information Technology,2024-01-16,125.21249360769447,12
sp500,Information Technology,2024-01-17,123.9715404831454,12
sp500,Information Technology,2024-01-18,125.65851346491269,12
sp500,Information Technology,2024-01-19,129.121177622646,12
sp500,Information Technology,2024-01-22,134.29833386761212,12
sp500,Information Technology,2024-01-23,134.888302512595,12
sp500,Information Technology,2024-01-24,136.72677070834462,12
sp500,Information Technology,2024-01-25,138.1734537078303,12
sp500,Information Technology,2024-01-26,135.44384324027254,12
sp500,Information Technology,2024-01-29,137.5483977594348,12
sp500,Information Technology,2024-01-30,136.70045105072427,12
sp500,Information Technology,2024-01-31,134.37586417844068,12
sp500,Information Technology,2024-02-01,137.39726325811193,12
sp500,Information Technology,2024-02-02,139.1845138677599,12
sp500,Information Technology,2024-02-05,140.86046052819205,12
sp500,Information Technology,2024-02-06,143.6713215882389,12
sp500,Information Technology,2024-02-07,146.4987094937988,12
sp500,Information Technology,2024-02-08,147.35318651370156,12
sp500,Information Technology,2024-02-09,150.47701616310596,12
sp500,Information Technology,2024-02-12,150.96578286087555,12
sp500,Information Technology,2024-02-13,148.7662027056905,12
sp500,Information Technology,2024-02-14,153.11484087052207,12
sp500,Information Technology,2024-02-15,154.23359165028103,12
sp500,Information Technology,2024-02-16,150.83957573845282,12
sp500,Information Technology,2024-02-20,147.84934630166256,12
sp500,Information Technology,2024-02-21,144.67210973165717,12
sp500,Information Technology,2024-02-22,155.1575434293623,12
sp500,Information Technology,2024-02-23,153.07881800448746,12
sp500,Information Technology,2024-02-26,154.5456981334377,12
sp500,Information Technology,2024-02-27,155.0903339731541,12
sp500,Information Technology,2024-02-28,153.36182509553385,12
sp500,Information Technology,2024-02-29,156.9712434881811,12
sp500,Information Technology,2024-03-01,160.2989293529863,12
sp500,Information Technology,2024-03-04,164.08426539661474,12
sp500,Information Technology,2024-03-05,161.59228604991688,12
sp500,Information Technology,2024-03-06,166.96324215064516,12
sp500,Information Technology,2024-03-07,169.74858834974853,12
sp500,Information Technology,2024-03-08,166.38421579612378,12
sp500,Information Technology,2024-03-11,163.77732003190704,12
sp500,Information Technology,2024-03-12,169.39680696453797,12
sp500,Information Technology,2024-03-13,167.58781107836415,12
sp500,Information Technology,2024-03-14,164.90447757642443,12
sp500,Information Technology,2024-03-15,162.77264190836775,12
sp500,Information Technology,2024-03-18,163.15423789118054,12
sp500,Information Technology,2024-03-19,161.52568610174782,12
sp500,Information Technology,2024-03-20,162.92191862464165,12
sp500,Information Technology,2024-03-21,166.6270976075059,12
sp500,Information Technology,2024-03-22,166.699197540335,12
sp500,Information Technology,2024-03-25,167.75471032030572,12
sp500,Information Technology,2024-03-26,167.61901276988743,12
sp500,Information Technology,2024-03-27,167.66706431199592,12
sp500,Information Technology,2024-03-28,166.5602145554621,12
sp500,Information Technology,2024-04-01,168.11628579372672,12
sp500,Information Technology,2024-04-02,166.14351174731485,12
sp500,Information Technology,2024-04-03,166.00930927230007,12
sp500,Information Technology,2024-04-04,161.40470054189473,12
sp500,Information Technology,2024-04-05,162.95402883559288,12
sp500,Information Technology,2024-04-08,162.07052388380203,12
sp500,Information Technology,2024-04-09,161.84146539675555,12
sp500,Information Technology,2024-04-10,160.50529931890932,12
sp500,Information Technology,2024-04-11,163.58550346212556,12
sp500,Information Technology,2024-04-12,159.05757499439386,12
sp500,Information Technology,2024-04-15,156.82707689744538,12
sp500,Information Technology,2024-04-16,159.12616082567212,12
sp500,Information Technology,2024-04-17,155.2433572668198,12
sp500,Information Technology,2024-04-18,153.2740072757045,12
sp500,Information Technology,2024-04-19,146.0323182845081,12
sp500,Information Technology,2024-04-22,147.6810297450204,12
sp500,Information Technology,2024-04-23,150.94532989844416,12
sp500,Information Technology,2024-04-24,150.65153302237965,12
sp500,Information Technology,2024-04-25,150.7489816713006,12
sp500,Information Technology,2024-04-26,153.53648460723463,12
sp500,Information Technology,2024-04-29,154.08416369409875,12
sp500,Information Technology,2024-04-30,150.3567892874237,12
sp500,Information Technology,2024-05-01,146.6148534346845,12
sp500,Information Technology,2024-05-02,148.8839375626692,12
sp500,Information Technology,2024-05-03,152.05849702756998,12
sp500,Information Technology,2024-05-06,156.71170973442716,12
sp500,Information Technology,2024-05-07,153.5428433001937,12
sp500,Information Technology,2024-05-08,153.6731413678471,12
sp500,Information Technology,2024-05-09,152.3556192353441,12
sp500,Information Technology,2024-05-10,152.9418152731547,12
sp500,Information Technology,2024-05-13,153.20794561208965,12
sp500,Information Technology,2024-05-14,156.1771847167332,12
sp500,Information Technology,2024-05-15,161.35729530353765,12
sp500,Information Technology,2024-05-16,160.52871658463317,12
sp500,Information Technology,2024-05-17,160.11147037945608,12
sp500,Information Technology,2024-05-20,161.9171272671112,12
sp500,Information Technology,2024-05-21,161.61771043629403,12
sp500,Information Technology,2024-05-22,160.88213036086682,12
sp500,Information Technology,2024-05-23,159.70036068165396,12
sp500,Information Technology,2024-05-24,162.38838536503584,12
sp500,Information Technology,2024-05-28,164.0157641896944,12
sp500,Information Technology,2024-05-29,162.04949319470518,12
sp500,Information Technology,2024-05-30,158.73853350548328,12
sp500,Information Technology,2024-05-31,158.12538045755517,12
sp500,Information Technology,2024-06-03,157.98822995358134,12
sp500,Information Technology,2024-06-04,158.26805460312136,12
sp500,Information Technology,2024-06-05,164.10577762625567,12
sp500,Information Technology,2024-06-06,163.61399685154387,12
sp500,Information Technology,2024-06-07,164.11752304499493,12
sp500,Information Technology,2024-06-10,165.69883502130637,12
sp500,Information Technology,2024-06-11,166.05917440791268,12
sp500,Information Technology,2024-06-12,169.85443285082184,12
sp500,Information Technology,2024-06-13,171.65773060654422,12
sp500,Information Technology,2024-06-14,171.43060418653533,12
sp500,Information Technology,2024-06-17,174.80979674915926,12
sp500,Information Technology,2024-06-18,177.0854979149172,12
sp500,Information Technology,2024-06-20,175.75208224097506,12
sp500,Information Technology,2024-06-21,173.5080680959674,12
sp500,Information Technology,2024-06-24,170.6344653839076,12
sp500,Information Technology,2024-06-25,172.87460937218125,12
sp500,Information Technology,2024-06-26,171.58023279061945,12
sp500,Information Technology,2024-06-27,172.7726459761957,12
sp500,Information Technology,2024-06-28,172.15909618491565,12
sp500,Information Technology,2024-07-01,173.08380936722352,12
sp500,Information Technology,2024-07-02,174.29498651943595,12
sp500,Information Technology,2024-07-03,175.84268820932127,12
sp500,Information Technology,2024-07-05,177.06481824232716,12
sp500,Information Technology,2024-07-08,180.09756474672952,12
sp500,Information Technology,2024-07-09,179.70427068838225,12
sp500,Information Technology,2024-07-10,182.44423101475562,12
sp500,Information Technology,2024-07-11,178.4655535266636,12
sp500,Information Technology,2024-07-12,180.96388201897554,12
sp500,Information Technology,2024-07-15,180.7517724225316,12
sp500,Information Technology,2024-07-16,179.26534458961137,12
sp500,Information Technology,2024-07-17,172.39051749113793,12
sp500,Information Technology,2024-07-18,171.13660382380476,12
sp500,Information Technology,2024-07-19,166.6207271665258,12
sp500,Information Technology,2024-07-22,166.99241947251548,12
sp500,Information Technology,2024-07-23,166.77152843765396,12
sp500,Information Technology,2024-07-24,159.46853403402721,12
sp500,Information Technology,2024-07-25,157.57702044848426,12
sp500,Information Technology,2024-07-26,159.62044477720528,12
sp500,Information Technology,2024-07-29,158.76691309303823,12
sp500,Information Technology,2024-07-30,153.60333955899242,12
sp500,Information Technology,2024-07-31,159.1860848317851,12
sp500,Information Technology,2024-08-01,152.39381166459611,12
sp500,Information Technology,2024-08-02,144.02054025635562,12
sp500,Information Technology,2024-08-05,140.2795555839094,12
sp500,Information Technology,2024-08-06,142.43699433211654,12
sp500,Information Technology,2024-08-07,137.7617348252872,12
sp500,Information Technology,2024-08-08,144.64824902912883,12
sp500,Information Technology,2024-08-09,144.66876872939568,12
sp500,Information Technology,2024-08-12,145.7105715849122,12
sp500,Information Technology,2024-08-13,150.49058322049308,12
sp500,Information Technology,2024-08-14,151.95675569944564,12
sp500,Information Technology,2024-08-15,157.6275056306143,12
sp500,Information Technology,2024-08-16,158.63826529538804,12
sp500,Information Technology,2024-08-19,161.11620083440977,12
sp500,Information Technology,2024-08-20,160.23973846607112,12
sp500,Information Technology,2024-08-21,161.91341376234718,12
sp500,Information Technology,2024-08-22,157.4165477408989,12
sp500,Information Technology,2024-08-23,159.17467648174016,12
sp500,Information Technology,2024-08-26,155.4999365557951,12
sp500,Information Technology,2024-08-27,155.37269689524,12
sp500,Information Technology,2024-08-28,150.53218913203906,12
sp500,Information Technology,2024-08-29,151.23974399918768,12
sp500,Information Technology,2024-08-30,153.93720976408824,12
sp500,Information Technology,2024-09-03,147.31359820629675,12
sp500,Information Technology,2024-09-04,146.45165768196296,12
sp500,Information Technology,2024-09-05,145.64630469964473,12
sp500,Information Technology,2024-09-06,141.84598914598388,12
sp500,Information Technology,2024-09-09,145.44630674477693,12
sp500,Information Technology,2024-09-10,148.0677276568063,12
sp500,Information Technology,2024-09-11,153.2138402238204,12
sp500,Information Technology,2024-09-12,153.484249709609,12
sp500,Information Technology,2024-09-13,155.94929665248506,12
sp500,Information Technology,2024-09-16,157.4876963269195,12
sp500,Information Technology,2024-09-17,157.31628364774576,12
sp500,Information Technology,2024-09-18,155.54346781560596,12
sp500,Information Technology,2024-09-19,159.35100366740545,12
sp500,Information Technology,2024-09-20,161.57250153682034,12
sp500,Information Technology,2024-09-23,162.8797249254314,12
sp500,Information Technology,2024-09-24,163.26853277023923,12
sp500,Information Technology,2024-09-25,164.61749417301723,12
sp500,Information Technology,2024-09-26,166.6348836691962,12
sp500,Information Technology,2024-09-27,166.00950439074063,12
sp500,Information Technology,2024-09-30,165.09074554505423,12
sp500,Information Technology,2024-10-01,161.2965554067789,12
sp500,Information Technology,2024-10-02,162.57369018070534,12
sp500,Information Technology,2024-10-03,164.07806422398588,12
sp500,Information Technology,2024-10-04,166.57678429583427,12
sp500,Information Technology,2024-10-07,167.99639757097904,12
sp500,Information Technology,2024-10-08,170.50868607140077,12
sp500,Information Technology,2024-10-09,173.03377719459584,12
sp500,Information Technology,2024-10-10,173.34138969877756,12
sp500,Information Technology,2024-10-11,175.0297752860938,12
sp500,Information Technology,2024-10-14,175.55839001743553,12
sp500,Information Technology,2024-10-15,170.53853113357707,12
sp500,Information Technology,2024-10-16,171.8357242891883,12
sp500,Information Technology,2024-10-17,172.24821761982975,12
sp500,Information Technology,2024-10-18,172.91646741355845,12
sp500,Information Technology,2024-10-21,173.23982806381804,12
sp500,Information Technology,2024-10-22,172.2636552619452,12
sp500,Information Technology,2024-10-23,170.02434711516142,12
sp500,Information Technology,2024-10-24,170.70959796015703,12
sp500,Information Technology,2024-10-25,171.96567764902625,12
sp500,Information Technology,2024-10-28,171.88612386037636,12
sp500,Information Technology,2024-10-29,174.1908977048068,12
sp500,Information Technology,2024-10-30,165.55754023734622,12
sp500,Information Technology,2024-10-31,158.89209586528793,12
sp500,Information Technology,2024-11-01,159.70734456605223,12
sp500,Information Technology,2024-11-04,158.92839486317817,12
sp500,Information Technology,2024-11-05,165.463746488485,12
sp500,Information Technology,2024-11-06,169.4152785072978,12
sp500,Information Technology,2024-11-07,174.4774683325031,12
sp500,Information Technology,2024-11-08,174.00463758682542,12
sp500,Information Technology,2024-11-11,172.60187015207572,12
sp500,Information Technology,2024-11-12,170.32562209892873,12
sp500,Information Technology,2024-11-13,168.97106527528652,12
sp500,Information Technology,2024-11-14,166.5106790137134,12
sp500,Information Technology,2024-11-15,164.28334568827842,12
sp500,Information Technology,2024-11-18,166.94734479123872,12
sp500,Information Technology,2024-11-19,172.76459239491413,12
sp500,Information Technology,2024-11-20,171.4525169510601,12
sp500,Information Technology,2024-11-21,175.70868045002064,12
sp500,Information Technology,2024-11-22,178.7174059574608,12
sp500,Information Technology,2024-11-25,180.93789307939525,12
sp500,Information Technology,2024-11-26,179.31069689967134,12
sp500,Information Technology,2024-11-27,176.72482187939002,12
sp500,Information Technology,2024-11-29,176.98746268787426,12
sp500,Information Technology,2024-12-02,182.44695130920806,12
sp500,Information Technology,2024-12-03,182.66836615219927,12
sp500,Information Technology,2024-12-04,185.39478501271788,12
sp500,Information Technology,2024-12-05,183.59921242534455,12
sp500,Information Technology,2024-12-06,185.92989453693448,12
sp500,Information Technology,2024-12-09,182.74114949405887,12
sp500,Information Technology,2024-12-10,177.53902921791845,12
sp500,Information Technology,2024-12-11,179.44267956214662,12
sp500,Information Technology,2024-12-12,179.09197687797754,12
sp500,Information Technology,2024-12-13,178.4040452619783,12
sp500,Information Technology,2024-12-16,178.64689700557628,12
sp500,Information Technology,2024-12-17,177.54251811062994,12
sp500,Information Technology,2024-12-18,170.97694385615148,12
sp500,Information Technology,2024-12-19,168.77061959792707,12
sp500,Information Technology,2024-12-20,172.3092986454036,12
sp500,Information Technology,2024-12-23,174.55887092730063,12
sp500,Information Technology,2024-12-24,177.0177043480216,12
sp500,Information Technology,2024-12-26,176.610563235423,12
sp500,Information Technology,2024-12-27,173.52025753682696,12
sp500,Information Technology,2024-12-30,170.29363600032704,12
sp500,Information Technology,2024-12-31,168.83105330799367,12
sp500,Information Technology,2025-01-02,169.75704932488713,12
sp500,Information Technology,2025-01-03,175.33350079558713,12
sp500,Information Technology,2025-01-06,179.01539017484058,12
sp500,Information Technology,2025-01-07,175.69647131345073,12
sp500,Information Technology,2025-01-08,173.56053868544058,12
sp500,Information Technology,2025-01-10,169.56062477868585,12
sp500,Information Technology,2025-01-13,167.10549323066948,12
sp500,Information Technology,2025-01-14,167.91438697118832,12
sp500,Information Technology,2025-01-15,172.53801951278163,12
sp500,Information Technology,2025-01-16,173.14159506927936,12
sp500,Information Technology,2025-01-17,176.82335177278807,12
sp500,Information Technology,2025-01-21,180.6507745742226,12
sp500,Information Technology,2025-01-22,185.37783546327518,12
sp500,Information Technology,2025-01-23,184.85546390338402,12
sp500,Information Technology,2025-01-24,182.66817083737936,12
sp500,Information Technology,2025-01-27,170.05315591065516,12
sp500,Information Technology,2025-01-28,173.18318451716402,12
sp500,Information Technology,2025-01-29,172.48256089333256,12
sp500,Information Technology,2025-01-30,176.6876820708007,12
sp500,Information Technology,2025-01-31,175.12087558767092,12
sp500,Information Technology,2025-02-03,173.59134648804852,12
sp500,Information Technology,2025-02-04,179.87793200420762,12
sp500,Information Technology,2025-02-05,182.46496469175364,12
sp500,Information Technology,2025-02-06,185.06049083085273,12
sp500,Information Technology,2025-02-07,184.99982879931682,12
sp500,Information Technology,2025-02-10,191.53652847554267,12
sp500,Information Technology,2025-02-11,190.25956949113493,12
sp500,Information Technology,2025-02-12,191.46520265696597,12
sp500,Information Technology,2025-02-13,196.7191831138731,12
sp500,Information Technology,2025-02-14,198.9245240315926,12
sp500,Information Technology,2025-02-18,207.56092664098787,12
sp500,Information Technology,2025-02-19,206.32991060510258,12
sp500,Information Technology,2025-02-20,204.4191008271736,12
sp500,Information Technology,2025-02-21,196.96101716964912,12
sp500,Information Technology,2025-02-24,190.9973588947341,12
sp500,Information Technology,2025-02-25,185.22826530987766,12
sp500,Information Technology,2025-02-26,190.30629037060538,12
sp500,Information Technology,2025-02-27,180.66994678074641,12
sp500,Information Technology,2025-02-28,182.36316967457188,12
sp500,Information Technology,2025-03-03,175.59307312409726,12
sp500,Information Technology,2025-03-04,176.9075007097257,12
sp500,Information Technology,2025-03-05,178.47801482122517,12
sp500,Information Technology,2025-03-06,171.56798300355143,12
sp500,Information Technology,2025-03-07,174.7529587052649,12
sp500,Information Technology,2025-03-10,166.70595961845513,12
sp500,Information Technology,2025-03-11,168.4534624470165,12
sp500,Information Technology,2025-03-12,174.85301677747805,12
sp500,Information Technology,2025-03-13,173.18455745547396,12
sp500,Information Technology,2025-03-14,180.16959092417054,12
sp500,Information Technology,2025-03-17,183.23449146751375,12
sp500,Information Technology,2025-03-18,178.97942206100763,12
sp500,Information Technology,2025-03-19,181.48720396294996,12
sp500,Information Technology,2025-03-20,180.71168426712498,12
sp500,Information Technology,2025-03-21,180.8564539369721,12
sp500,Information Technology,2025-03-24,185.00979759192097,12
sp500,Information Technology,2025-03-25,184.6197412100896,12
sp500,Information Technology,2025-03-26,178.8299644533303,12
sp500,Information Technology,2025-03-27,175.71526769025522,12
sp500,Information Technology,2025-03-28,171.29651614341913,12
sp500,Information Technology,2025-03-31,170.62352230681014,12
sp500,Information Technology,2025-04-01,172.16850545348007,12
sp500,Information Technology,2025-04-02,173.59607432154849,12
sp500,Information Technology,2025-04-03,162.603091661172,12
sp500,Information Technology,2025-04-04,149.7567764336661,12
sp500,Information Technology,2025-04-07,152.77961190071846,12
sp500,Information Technology,2025-04-08,148.44861697137222,12
sp500,Information Technology,2025-04-09,171.37914261917857,12
sp500,Information Technology,2025-04-10,161.9344150784275,12
sp500,Information Technology,2025-04-11,164.33041439244437,12
sp500,Information Technology,2025-04-14,166.1969142153395,12
sp500,Information Technology,2025-04-15,167.70755720279865,12
sp500,Information Technology,2025-04-16,160.89382292420808,12
sp500,Information Technology,2025-04-17,159.60993215421706,12
sp500,Information Technology,2025-04-21,154.95592705129098,12
sp500,Information Technology,2025-04-22,159.00049616915476,12
sp500,Information Technology,2025-04-23,165.5901672377943,12
sp500,Information Technology,2025-04-24,172.3577578072646,12
sp500,Information Technology,2025-04-25,174.79257288585958,12
sp500,Information Technology,2025-04-28,175.40825213560302,12
sp500,Information Technology,2025-04-29,175.30468229986448,12
sp500,Information Technology,2025-04-30,174.2724720974028,12
sp500,Information Technology,2025-05-01,176.2180458785565,12
sp500,Information Technology,2025-05-02,181.8508728532125,12
sp500,Information Technology,2025-05-05,181.12659968860663,12
sp500,Information Technology,2025-05-06,178.65610772684067,12
sp500,Information Technology,2025-05-07,180.14758016392463,12
sp500,Information Technology,2025-05-08,182.94134279457984,12
sp500,Information Technology,2025-05-09,182.2191215220339,12
sp500,Information Technology,2025-05-12,190.0993959028711,12
sp500,Information Technology,2025-05-13,198.23376634956762,12
sp500,Information Technology,2025-05-14,201.49682016921008,12
sp500,Information Technology,2025-05-15,201.3695129684415,12
sp500,Information Technology,2025-05-16,202.71358294460526,12
sp500,Information Technology,2025-05-19,201.86347877035718,12
sp500,Information Technology,2025-05-20,200.21901963509094,12
sp500,Information Technology,2025-05-21,196.1403909999617,12
sp500,Information Technology,2025-05-22,196.05011766133453,12
sp500,Information Technology,2025-05-23,194.5647634530592,12
sp500,Information Technology,2025-05-27,199.73080606954298,12
sp500,Information Technology,2025-05-28,199.0636384707401,12
sp500,Information Technology,2025-05-29,198.32935500477043,12
sp500,Information Technology,2025-05-30,197.88237160148623,12
sp500,Information Technology,2025-06-02,201.07499050538408,12
sp500,Information Technology,2025-06-03,205.37213683318208,12
sp500,Information Technology,2025-06-04,204.73158253628898,12
sp500,Information Technology,2025-06-05,202.66462522007797,12
sp500,Information Technology,2025-06-06,206.1363779339238,12
sp500,Information Technology,2025-06-09,209.7621801667555,12
sp500,Information Technology,2025-06-10,212.59006302279596,12
sp500,Information Technology,2025-06-11,212.20585065730222,12
sp500,Information Technology,2025-06-12,215.30491214557568,12
sp500,Information Technology,2025-06-13,213.7076928271586,12
sp500,Information Technology,2025-06-16,219.31671300828052,12
sp500,Information Technology,2025-06-17,218.7803728357855,12
sp500,Information Technology,2025-06-18,220.63096741896157,12
sp500,Information Technology,2025-06-20,219.2426948750303,12
sp500,Information Technology,2025-06-23,220.0936345742044,12
sp500,Information Technology,2025-06-24,227.13475372142506,12
sp500,Information Technology,2025-06-25,230.09964779446577,12
sp500,Information Technology,2025-06-26,232.7144957126418,12
sp500,Information Technology,2025-06-27,229.7796844184898,12
sp500,Information Technology,2025-06-30,232.1991278517795,12
sp500,Information Technology,2025-07-01,228.26374811376127,12
sp500,Information Technology,2025-07-02,230.59788417747947,12
sp500,Information Technology,2025-07-03,233.87217157532194,12
sp500,Information Technology,2025-07-07,231.69967219198205,12
sp500,Information Technology,2025-07-08,235.7936068397104,12
sp500,Information Technology,2025-07-09,237.43031699943248,12
sp500,Information Technology,2025-07-10,237.68137713092918,12
sp500,Information Technology,2025-07-11,236.33730810074132,12
sp500,Information Technology,2025-07-14,236.01825524965503,12
sp500,Information Technology,2025-07-15,239.72088294793807,12
sp500,Information Technology,2025-07-16,239.85666831226484,12
sp500,Information Technology,2025-07-17,240.7498747553748,12
sp500,Information Technology,2025-07-18,240.19994610241335,12
sp500,Information Technology,2025-07-21,240.00047802805966,12
sp500,Information Technology,2025-07-22,235.60418803491262,12
sp500,Information Technology,2025-07-23,238.37500400172465,12
sp500,Information Technology,2025-07-24,237.91776023121716,12
sp500,Information Technology,2025-07-25,238.2380730680718,12
sp500,Information Technology,2025-07-28,242.24290381847334,12
sp500,Information Technology,2025-07-29,241.3746846308043,12
sp500,Information Technology,2025-07-30,243.4981749567691,12
sp500,Information Technology,2025-07-31,239.90246109431035,12
sp500,Information Technology,2025-08-01,234.35942218375195,12
sp500,Information Technology,2025-08-04,240.02637670382887,12
sp500,Information Technology,2025-08-05,240.3262590940971,12
sp500,Information Technology,2025-08-06,237.32099533425975,12
sp500,Information Technology,2025-08-07,237.50000531004662,12
sp500,Information Technology,2025-08-08,238.98502050371934,12
sp500,Information Technology,2025-08-11,239.6157377539751,12
sp500,Information Technology,2025-08-12,244.1602395450668,12
sp500,Information Technology,2025-08-13,243.54471167513262,12
sp500,Information Technology,2025-08-14,243.29055623946036,12
sp500,Information Technology,2025-08-15,238.91958067681364,12
sp500,Information Technology,2025-08-18,238.8063189476746,12
sp500,Information Technology,2025-08-19,233.31227417184252,12
sp500,Information Technology,2025-08-20,230.4614028619133,12
sp500,Information Technology,2025-08-21,229.00823088278014,12
sp500,Information Technology,2025-08-22,233.48809141930556,12
sp500,Information Technology,2025-08-25,232.0658378201192,12
sp500,Information Technology,2025-08-26,233.77967220335316,12
sp500,Information Technology,2025-08-27,234.829918874427,12
sp500,Information Technology,2025-08-28,237.28743420806873,12
sp500,Information Technology,2025-08-29,230.80087473373004,12
sp500,Information Technology,2025-09-01,220.8899178515845,12
sp500,Information Technology,2025-09-02,231.9284542703299,12
sp500,Information Technology,2025-09-03,229.42705419065845,12
sp500,Information Technology,2025-09-04,231.9142038922093,12
sp500,Information Technology,2025-09-05,231.57135077523958,12
sp500,Information Technology,2025-09-08,233.53614715428864,12
sp500,Information Technology,2025-09-09,237.68042771602532,12
sp500,Information Technology,2025-09-10,241.0648138350072,12
sp500,Information Technology,2025-09-11,248.3326576421093,12
sp500,Information Technology,2025-09-12,249.16352246952852,12
sp500,Information Technology,2025-09-15,252.42202986686434,12
sp500,Information Technology,2025-09-16,252.68503433505725,12
sp500,Information Technology,2025-09-17,252.20355767649724,12
sp500,Information Technology,2025-09-18,264.74148425258164,12
sp500,Information Technology,2025-09-19,265.1238209673102,12
sp500,Information Technology,2025-09-22,268.42045074763627,12
sp500,Information Technology,2025-09-23,267.52629729669445,12
sp500,Information Technology,2025-09-24,266.3059190955666,12
sp500,Information Technology,2025-09-25,267.32091715528674,12
sp500,Information Technology,2025-09-26,268.2781681529504,12
sp500,Information Technology,2025-09-29,270.06284590681315,12
sp500,Information Technology,2025-09-30,272.2995668603147,12
sp500,Information Technology,2025-10-01,281.78574747093967,12
sp500,Information Technology,2025-10-02,284.37539290652654,12
sp500,Information Technology,2025-10-03,280.6082725191302,12
sp500,Information Technology,2025-10-06,290.5542490901261,12
sp500,Information Technology,2025-10-07,289.3784040059096,12
sp500,Information Technology,2025-10-08,298.45099832816186,12
sp500,Information Technology,2025-10-09,298.9435351011369,12
sp500,Information Technology,2025-10-10,285.49497541020173,12
sp500,Information Technology,2025-10-13,292.39061479744663,12
sp500,Information Technology,2025-10-14,287.8797436162176,12
sp500,Information Technology,2025-10-15,294.21796924410313,12
sp500,Information Technology,2025-10-16,294.7468401090051,12
sp500,Information Technology,2025-10-17,293.1879592228458,12
sp500,Information Technology,2025-10-20,297.6066072985007,12
sp500,Information Technology,2025-10-21,296.0404093000731,12
sp500,Information Technology,2025-10-22,291.5962718578484,12
sp500,Information Technology,2025-10-23,294.99732287611147,12
sp500,Information Technology,2025-10-24,302.4977722932652,12
sp500,Information Technology,2025-10-27,308.5058656596635,12
sp500,Information Technology,2025-10-28,312.8636540077654,12
sp500,Information Technology,2025-10-29,315.64278024054255,12
sp500,Information Technology,2025-10-30,308.92321951155037,12
sp500,Information Technology,2025-10-31,310.7635624822939,12
sp500,Information Technology,2025-11-03,313.5708579507629,12
sp500,Information Technology,2025-11-04,300.4051949974942,12
sp500,Information Technology,2025-11-05,301.99207899457554,12
sp500,Information Technology,2025-11-06,293.94591842766823,12
sp500,Information Technology,2025-11-07,293.1596630514242,12
sp500,Information Technology,2025-11-10,302.3839524023743,12
sp500,Information Technology,2025-11-11,297.342849315574,12
sp500,Information Technology,2025-11-12,298.36354580264157,12
sp500,Information Technology,2025-11-13,288.2399887934606,12
sp500,Information Technology,2025-11-14,292.2871332159075,12
sp500,Information Technology,2025-11-17,286.970318405395,12
sp500,Information Technology,2025-11-18,281.3173610951991,12
sp500,Information Technology,2025-11-19,282.2843462340693,12
sp500,Information Technology,2025-11-20,268.19215727951865,12
sp500,Information Technology,2025-11-21,268.38633997431384,12
sp500,Information Technology,2025-11-24,276.78696604545496,12
sp500,Information Technology,2025-11-25,276.1511581991051,12
sp500,Information Technology,2025-11-26,280.54249625199714,12
sp500,Information Technology,2025-11-27,268.9930011937015,12
sp500,Information Technology,2025-11-28,285.3751871965311,12
sp500,Information Technology,2025-12-01,287.4491320149184,12
sp500,Information Technology,2025-12-02,290.9638144612932,12
sp500,Information Technology,2025-12-03,293.12390663980136,12
sp500,Information Technology,2025-12-04,292.43895731492313,12
sp500,Information Technology,2025-12-05,295.4391015262178,12
sp500,Information Technology,2025-12-08,298.2926356433208,12
sp500,Information Technology,2025-12-09,299.26296997450265,12
sp500,Information Technology,2025-12-10,301.8301417012402,12
sp500,Information Technology,2025-12-11,295.9919131963349,12
sp500,Information Technology,2025-12-12,285.9995263790818,12
sp500,Information Technology,2025-12-15,283.1594450383379,12
sp500,Information Technology,2025-12-16,283.46340264633056,12
sp500,Information Technology,2025-12-17,273.5211432115888,12
sp500,Information Technology,2025-12-18,278.95858413717815,12
sp500,Information Technology,2025-12-19,288.1964699707801,12
sp500,Information Technology,2025-12-22,290.5778814305891,12
sp500,Information Technology,2025-12-23,290.71082676669954,12
sp500,Information Technology,2025-12-24,291.62634209866576,12
sp500,Information Technology,2025-12-25,272.4549765722086,12
sp500,Information Technology,2025-12-26,278.8628419418637,12
sp500,Information Technology,2025-12-29,296.0135264671145,12
sp500,Information Technology,2025-12-30,294.8934281351255,12
sp500,Information Technology,2025-12-31,291.3041764760398,12
sp500,Information Technology,2026-01-01,271.50900409417744,12
sp500,Information Technology,2026-01-02,279.6125524962646,12
sp500,Information Technology,2026-01-05,302.68020056932403,12
sp500,Information Technology,2026-01-06,308.0804522415208,12
sp500,Information Technology,2026-01-07,309.33197592949307,12
sp500,Information Technology,2026-01-08,303.27786311551506,12
sp500,Information Technology,2026-01-09,310.96513249243424,12
sp500,Information Technology,2026-01-12,312.7459799025622,12
sp500,Information Technology,2026-01-13,313.4394766064379,12
sp500,Information Technology,2026-01-14,311.1402412747803,12
sp500,Information Technology,2026-01-15,312.96002822408263,12
sp500,Information Technology,2026-01-16,318.12920104458755,12
sp500,Information Technology,2026-01-19,297.46165323394627,12
sp500,Information Technology,2026-01-20,312.0047783064905,12
sp500,Information Technology,2026-01-21,327.24858121010965,12
sp500,Information Technology,2026-01-22,329.8258113974134,12
sp500,Information Technology,2026-01-23,327.1966642515373,12
sp500,Information Technology,2026-01-26,325.7664659895055,12
sp500,Information Technology,2026-01-27,330.04787243603533,12
sp500,Information Technology,2026-01-28,333.6599189337007,12
sp500,Information Technology,2026-01-29,328.5382757599743,12
sp500,Information Technology,2026-01-30,319.3435152082294,12
sp500,Information Technology,2026-02-02,323.8926643440983,12
sp500,Information Technology,2026-02-03,319.13275134314085,12
sp500,Information Technology,2026-02-04,306.8659725359268,12
sp500,Information Technology,2026-02-05,297.24575066331636,12
sp500,Information Technology,2026-02-06,313.02000031226856,12
sp500,Information Technology,2026-02-09,319.57901795884646,12
sp500,Information Technology,2026-02-10,316.12274660291655,12
sp500,Information Technology,2026-02-11,315.9207930294112,12
sp500,Information Technology,2026-02-12,305.23511778984613,12
sp500,Information Technology,2026-02-13,310.0550513999237,12
sp500,Information Technology,2026-02-16,293.56159160876643,12
sp500,Information Technology,2026-02-17,314.43227840844804,12
sp500,Information Technology,2026-02-18,315.1449588418735,12
sp500,Information Technology,2026-02-19,317.02251070111595,12
sp500,Information Technology,2026-02-20,314.63333787121496,12
sp500,Information Technology,2026-02-23,302.7170778098347,12
sp500,Information Technology,2026-02-24,308.62135366427594,12
sp500,Information Technology,2026-02-25,317.2694344211465,12
sp500,Information Technology,2026-02-26,313.2741244710172,12
sp500,Information Technology,2026-02-27,309.91859951202747,12
sp500,Information Technology,2026-03-02,313.3453215593362,12
sp500,Information Technology,2026-03-03,307.7352581925804,12
sp500,Information Technology,2026-03-04,318.5555940457317,12
sp500,Information Technology,2026-03-05,319.3578884563851,12
sp500,Information Technology,2026-03-06,312.23671172272117,12
sp500,Information Technology,2026-03-09,317.2773567744811,12
sp500,Information Technology,2026-03-10,318.49047364980424,12
sp500,Information Technology,2026-03-11,323.7881253164809,12
sp500,Information Technology,2026-03-12,317.4225551015033,12
sp500,Information Technology,2026-03-13,316.8266930701203,12
sp500,Information Technology,2026-03-16,320.16291096684785,12
sp500,Information Technology,2026-03-17,321.9452346092896,12
sp500,Information Technology,2026-03-18,319.42988455888747,12
sp500,Information Technology,2026-03-19,321.07341942446624,12
sp500,Information Technology,2026-03-20,303.362850679148,12
sp500,Information Technology,2026-03-23,308.4735520866885,12
sp500,Information Technology,2026-03-24,305.5845068645144,12
sp500,Information Technology,2026-03-25,310.3004837557792,12
sp500,Information Technology,2026-03-26,298.0930972806499,12
sp500,Information Technology,2026-03-27,291.9305467258414,12
sp500,Information Technology,2026-03-30,284.31421471722746,12
sp500,Information Technology,2026-03-31,297.6859937925109,12
sp500,Information Technology,2026-04-01,303.7238770751192,12
sp500,Information Technology,2026-04-02,308.453957488833,12
sp500,Information Technology,2026-04-03,303.1440147228967,12
sp500,Information Technology,2026-04-06,311.8754786190704,12
sp500,Information Technology,2026-04-07,316.94867874443776,12
sp500,Information Technology,2026-04-08,326.40806889033325,12
sp500,Information Technology,2026-04-09,324.3019479961673,12
sp500,Information Technology,2026-04-10,325.9432369872432,12
sp500,Information Technology,2026-04-13,336.241093349385,12
sp500,Information Technology,2026-04-14,344.3291173013609,12
sp500,Information Technology,2026-04-15,350.1898118769617,12
sp500,Information Technology,2026-04-16,359.14819274270394,12
sp500,Information Technology,2026-04-17,361.94885869257894,12
sp500,Information Technology,2026-04-20,361.00718686344237,12
sp500,Information Technology,2026-04-21,364.98091949738784,12
sp500,Information Technology,2026-04-22,374.85077838518265,12
sp500,Information Technology,2026-04-23,362.59451633267184,12
sp500,Information Technology,2026-04-24,380.6923391753814,12
sp500,Information Technology,2026-04-27,380.82445227595076,12
sp500,Information Technology,2026-04-28,374.12851244367636,12
sp500,Information Technology,2026-04-29,377.1449608052376,12
sp500,Information Technology,2026-04-30,378.7203041365816,12
sp500,Information Technology,2026-05-01,386.20753163836514,12
sp500,Information Technology,2026-05-04,389.30013760221783,12
sp500,Information Technology,2026-05-05,399.0759882656864,12
sp500,Information Technology,2026-05-06,418.89300943647766,12
sp500,Information Technology,2026-05-07,419.2270198236997,12
sp500,Information Technology,2026-05-08,440.9789682888002,12
sp500,Information Technology,2026-05-11,444.456767482251,12
sp500,Information Technology,2026-05-12,435.871269797903,12
sp500,Information Technology,2026-05-13,437.74323056264325,12
sp500,Information Technology,2026-05-14,447.80525984593066,12
sp500,Information Technology,2026-05-15,439.312609972353,12
sp500,Information Technology,2026-05-18,435.5800707401994,12
sp500,Information Technology,2026-05-19,432.8298377092847,12
sp500,Information Technology,2026-05-20,449.9858116018596,12
sp500,Information Technology,2026-05-21,456.9654871451873,12
sp500,Information Technology,2026-05-22,462.48030059056225,12
sp500,Information Technology,2026-05-25,454.11103333296364,12
sp500,Information Technology,2026-05-26,451.0714926942293,12
sp500,Information Technology,2026-05-27,484.8648936475284,12
sp500,Information Technology,2026-05-28,500.0174053829157,12
sp500,Information Technology,2026-05-29,524.3915575251347,12
sp500,Information Technology,2026-06-01,542.206028729387,12
sp500,Information Technology,2026-06-02,547.9334926023931,12
sp500,Information Technology,2026-06-03,537.125784703376,12
sp500,Information Technology,2026-06-04,532.1552989515875,12
sp500,Information Technology,2026-06-05,488.76623483103475,12
sp500,Information Technology,2026-06-08,504.92841893317666,12
sp500,Information Technology,2026-06-09,493.4026700181131,12
sp500,Information Technology,2026-06-10,472.69779715623963,12
sp500,Information Technology,2026-06-11,493.23412697836335,12
sp500,Information Technology,2026-06-12,494.39931221019356,12
sp500,Information Technology,2026-06-15,510.93564786937014,12
sp500,Information Technology,2026-06-16,494.30957037926106,12
sp500,Information Technology,2026-06-17,491.00458404710923,12
sp500,Information Technology,2026-06-18,506.39122287184193,12
sp500,Information Technology,2026-06-19,509.05206388809194,12
sp500,Information Technology,2026-06-22,496.48816685946866,12
sp500,Information Technology,2026-06-23,504.04956930911277,12
sp500,Information Technology,2026-06-24,497.2784525996098,12
sp500,Information Technology,2026-06-25,503.4110540622486,12
sp500,Information Technology,2026-06-26,498.88786528597745,12
sp500,Information Technology,2026-06-29,508.75464956024797,12
sp500,Information Technology,2026-06-30,521.5883041020678,12
sp500,Information Technology,2026-07-01,507.3499326117351,12
sp500,Information Technology,2026-07-02,496.966967951787,12
sp500,Information Technology,2026-07-03,498.7330450093145,12
sp500,Information Technology,2026-07-06,498.1899126654232,12
sp500,Information Technology,2026-07-07,492.9849637565152,12
sp500,Information Technology,2026-07-08,497.0782063538724,12
sp500,Information Technology,2026-07-09,505.8088365605103,12
sp500,Information Technology,2026-07-10,503.8102343540037,12
sp500,Information Technology,2026-07-13,492.17030046053054,12
sp500,Information Technology,2026-07-14,493.49019713701637,12
sp500,Information Technology,2026-07-15,483.6941440109181,12
sp500,Information Technology,2026-07-16,469.7434817665267,12
sp500,Information Technology,2026-07-17,463.44517946268667,12
sp500,Information Technology,2026-07-20,463.64092500602067,12
sp500,Information Technology,2026-07-21,480.52010630848383,12
sp500,Information Technology,2026-07-22,482.6417793455532,12
sp500,Information Technology,2026-07-23,479.0920065509283,12
sp500,Information Technology,2026-07-24,468.2910052403765,12
sp500,Information Technology,2026-07-27,466.3833895455061,12
sp500,Information Technology,2026-07-28,453.59852700105927,12
sp500,Information Technology,2026-07-29,434.81883868841925,12
sp500,Information Technology,2026-07-30,468.7163274988181,12
sp500,Materials,2023-08-09,100.0,5
sp500,Materials,2023-08-10,98.63554368772431,5
sp500,Materials,2023-08-11,98.58499350485039,5
sp500,Materials,2023-08-14,98.34686576546738,5
sp500,Materials,2023-08-15,96.09410274320372,5
sp500,Materials,2023-08-16,95.68438181936685,5
sp500,Materials,2023-08-17,96.1690704514665,5
sp500,Materials,2023-08-18,96.82384792930327,5
sp500,Materials,2023-08-21,96.67960137146827,5
sp500,Materials,2023-08-22,95.48227196925338,5
sp500,Materials,2023-08-23,94.44262665814203,5
sp500,Materials,2023-08-24,94.148518587497,5
sp500,Materials,2023-08-25,94.6705060544757,5
sp500,Materials,2023-08-28,95.38542582156337,5
sp500,Materials,2023-08-29,97.06869813641782,5
sp500,Materials,2023-08-30,96.83611119201996,5
sp500,Materials,2023-08-31,97.03870522027573,5
sp500,Materials,2023-09-01,98.66355752720783,5
sp500,Materials,2023-09-05,97.98199624567077,5
sp500,Materials,2023-09-06,97.2102727497415,5
sp500,Materials,2023-09-07,96.05075540542052,5
sp500,Materials,2023-09-08,96.61842332524016,5
sp500,Materials,2023-09-11,95.68158162138812,5
sp500,Materials,2023-09-12,95.68501514486611,5
sp500,Materials,2023-09-13,94.6401936160718,5
sp500,Materials,2023-09-14,97.40987008438151,5
sp500,Materials,2023-09-15,95.33246971544327,5
sp500,Materials,2023-09-18,94.78478254213206,5
sp500,Materials,2023-09-19,95.9869582157013,5
sp500,Materials,2023-09-20,94.41332576258209,5
sp500,Materials,2023-09-21,93.13255937364946,5
sp500,Materials,2023-09-22,92.54307182904246,5
sp500,Materials,2023-09-25,93.78135220186962,5
sp500,Materials,2023-09-26,92.4394930857654,5
sp500,Materials,2023-09-27,92.81961552069195,5
sp500,Materials,2023-09-28,94.2070140526144,5
sp500,Materials,2023-09-29,94.10774395435791,5
sp500,Materials,2023-10-02,92.75110394008894,5
sp500,Materials,2023-10-03,91.9752206693708,5
sp500,Materials,2023-10-04,91.89702706347862,5
sp500,Materials,2023-10-05,91.3829207071061,5
sp500,Materials,2023-10-06,91.84158835952104,5
sp500,Materials,2023-10-09,94.25537123237866,5
sp500,Materials,2023-10-10,94.83648094680257,5
sp500,Materials,2023-10-11,94.1068661075215,5
sp500,Materials,2023-10-12,93.0845001444769,5
sp500,Materials,2023-10-13,92.71830009655382,5
sp500,Materials,2023-10-16,93.07471252048015,5
sp500,Materials,2023-10-17,94.30975464117998,5
sp500,Materials,2023-10-18,92.52236997365898,5
sp500,Materials,2023-10-19,92.14051063524958,5
sp500,Materials,2023-10-20,90.31947800533142,5
sp500,Materials,2023-10-23,88.27867177234069,5
sp500,Materials,2023-10-24,89.88260260067106,5
sp500,Materials,2023-10-25,88.35693572611397,5
sp500,Materials,2023-10-26,89.15745778948332,5
sp500,Materials,2023-10-27,88.76095477226961,5
sp500,Materials,2023-10-30,89.6378228088028,5
sp500,Materials,2023-10-31,88.64025733898593,5
sp500,Materials,2023-11-01,86.94755102803914,5
sp500,Materials,2023-11-02,88.89792757278295,5
sp500,Materials,2023-11-03,89.80560672734003,5
sp500,Materials,2023-11-06,88.7343573311047,5
sp500,Materials,2023-11-07,87.50424263109724,5
sp500,Materials,2023-11-08,88.37559259765435,5
sp500,Materials,2023-11-09,88.57555609486327,5
sp500,Materials,2023-11-10,89.23963653488781,5
sp500,Materials,2023-11-13,89.66405768935549,5
sp500,Materials,2023-11-14,91.82436922645589,5
sp500,Materials,2023-11-15,93.11418383844033,5
sp500,Materials,2023-11-16,92.47787391842967,5
sp500,Materials,2023-11-17,92.02505305254847,5
sp500,Materials,2023-11-20,92.0046574123381,5
sp500,Materials,2023-11-21,91.71315366606976,5
sp500,Materials,2023-11-22,91.69667276923342,5
sp500,Materials,2023-11-24,92.4907887359871,5
sp500,Materials,2023-11-27,91.90631897661908,5
sp500,Materials,2023-11-28,92.19167226289042,5
sp500,Materials,2023-11-29,92.26564822344206,5
sp500,Materials,2023-11-30,92.97010614414545,5
sp500,Materials,2023-12-01,94.25225814079755,5
sp500,Materials,2023-12-04,92.66921342029174,5
sp500,Materials,2023-12-05,91.26552388226996,5
sp500,Materials,2023-12-06,90.95718484825048,5
sp500,Materials,2023-12-07,92.37582899603038,5
sp500,Materials,2023-12-08,91.88858807960682,5
sp500,Materials,2023-12-11,92.27678194492015,5
sp500,Materials,2023-12-12,91.0015290629988,5
sp500,Materials,2023-12-13,93.51294456656133,5
sp500,Materials,2023-12-14,95.54110615820464,5
sp500,Materials,2023-12-15,95.30921867124475,5
sp500,Materials,2023-12-18,95.9986835047084,5
sp500,Materials,2023-12-19,97.64803286323,5
sp500,Materials,2023-12-20,95.81936380181666,5
sp500,Materials,2023-12-21,97.03687254674254,5
sp500,Materials,2023-12-22,97.64004247341387,5
sp500,Materials,2023-12-26,98.2796901539162,5
sp500,Materials,2023-12-27,98.38714579565404,5
sp500,Materials,2023-12-28,97.50462654087737,5
sp500,Materials,2023-12-29,96.9666837506333,5
sp500,Materials,2024-01-02,98.36286225445396,5
sp500,Materials,2024-01-03,98.47187982976668,5
sp500,Materials,2024-01-04,96.8224586135326,5
sp500,Materials,2024-01-05,96.80323477007686,5
sp500,Materials,2024-01-08,96.60130860569657,5
sp500,Materials,2024-01-09,94.62721206842811,5
sp500,Materials,2024-01-10,94.2364028791009,5
sp500,Materials,2024-01-11,94.1505510764296,5
sp500,Materials,2024-01-12,93.36400164602756,5
sp500,Materials,2024-01-16,92.55293608048804,5
sp500,Materials,2024-01-17,91.32321456954979,5
sp500,Materials,2024-01-18,91.38738241617025,5
sp500,Materials,2024-01-19,91.56923617045763,5
sp500,Materials,2024-01-22,92.34464623450779,5
sp500,Materials,2024-01-23,93.07040777369548,5
sp500,Materials,2024-01-24,90.29872918131787,5
sp500,Materials,2024-01-25,91.21248251026381,5
sp500,Materials,2024-01-26,91.3518754722085,5
sp500,Materials,2024-01-29,91.12586435503309,5
sp500,Materials,2024-01-30,92.15085524281263,5
sp500,Materials,2024-01-31,90.2570243290023,5
sp500,Materials,2024-02-01,90.56904725702708,5
sp500,Materials,2024-02-02,90.34646984345044,5
sp500,Materials,2024-02-05,89.1751752969395,5
sp500,Materials,2024-02-06,90.95607572975155,5
sp500,Materials,2024-02-07,91.72973238308191,5
sp500,Materials,2024-02-08,91.70437884119677,5
sp500,Materials,2024-02-09,92.19770786308997,5
sp500,Materials,2024-02-12,93.23980584395983,5
sp500,Materials,2024-02-13,90.49106775949444,5
sp500,Materials,2024-02-14,91.16196383169675,5
sp500,Materials,2024-02-15,92.63304156520815,5
sp500,Materials,2024-02-16,93.12872894378881,5
sp500,Materials,2024-02-20,92.3419421104504,5
sp500,Materials,2024-02-21,93.08600873170097,5
sp500,Materials,2024-02-22,95.32284348959233,5
sp500,Materials,2024-02-23,95.5369224270748,5
sp500,Materials,2024-02-26,95.67999070450276,5
sp500,Materials,2024-02-27,95.405183274956,5
sp500,Materials,2024-02-28,94.75178785725134,5
sp500,Materials,2024-02-29,95.27127245043087,5
sp500,Materials,2024-03-01,95.88469777242418,5
sp500,Materials,2024-03-04,95.16079106732641,5
sp500,Materials,2024-03-05,94.62110296403813,5
sp500,Materials,2024-03-06,95.53439937115539,5
sp500,Materials,2024-03-07,96.82109774895336,5
sp500,Materials,2024-03-08,96.60470166386908,5
sp500,Materials,2024-03-11,97.18747129823157,5
sp500,Materials,2024-03-12,96.93905899009675,5
sp500,Materials,2024-03-13,97.83213403409454,5
sp500,Materials,2024-03-14,97.02393858668493,5
sp500,Materials,2024-03-15,97.69443431722763,5
sp500,Materials,2024-03-18,98.42511374046649,5
sp500,Materials,2024-03-19,98.63918927965003,5
sp500,Materials,2024-03-20,99.63729986099959,5
sp500,Materials,2024-03-21,99.74338893388317,5
sp500,Materials,2024-03-22,98.64201215946387,5
sp500,Materials,2024-03-25,98.61675721985445,5
sp500,Materials,2024-03-26,97.47652669126333,5
sp500,Materials,2024-03-27,99.69768683968174,5
sp500,Materials,2024-03-28,100.02883161224175,5
sp500,Materials,2024-04-01,100.50374127075987,5
sp500,Materials,2024-04-02,100.30653485241503,5
sp500,Materials,2024-04-03,101.13932437451851,5
sp500,Materials,2024-04-04,101.49495658868494,5
sp500,Materials,2024-04-05,101.42225140365582,5
sp500,Materials,2024-04-08,100.04880251640891,5
sp500,Materials,2024-04-09,101.12362648471948,5
sp500,Materials,2024-04-10,99.88192556005791,5
sp500,Materials,2024-04-11,99.29886890210494,5
sp500,Materials,2024-04-12,96.8514644342094,5
sp500,Materials,2024-04-15,96.47393025434839,5
sp500,Materials,2024-04-16,95.48593139664779,5
sp500,Materials,2024-04-17,95.6066103263619,5
sp500,Materials,2024-04-18,95.96486785867133,5
sp500,Materials,2024-04-19,96.48086174688551,5
sp500,Materials,2024-04-22,96.30117420145086,5
sp500,Materials,2024-04-23,94.21008769664697,5
sp500,Materials,2024-04-24,94.34769935123667,5
sp500,Materials,2024-04-25,94.43376118159948,5
sp500,Materials,2024-04-26,94.71113744632541,5
sp500,Materials,2024-04-29,95.48765502030676,5
sp500,Materials,2024-04-30,93.9857719394274,5
sp500,Materials,2024-05-01,94.50445460134975,5
sp500,Materials,2024-05-02,92.49072135466638,5
sp500,Materials,2024-05-03,93.139767285825,5
sp500,Materials,2024-05-06,93.47281326241557,5
sp500,Materials,2024-05-07,94.73163849295285,5
sp500,Materials,2024-05-08,93.70643436853346,5
sp500,Materials,2024-05-09,95.08240902188902,5
sp500,Materials,2024-05-10,94.69117574057361,5
sp500,Materials,2024-05-13,94.72114377750728,5
sp500,Materials,2024-05-14,94.9959728601284,5
sp500,Materials,2024-05-15,95.36615828053418,5
sp500,Materials,2024-05-16,95.78135230546084,5
sp500,Materials,2024-05-17,96.00229907803082,5
sp500,Materials,2024-05-20,96.57225954053531,5
sp500,Materials,2024-05-21,96.569612232397,5
sp500,Materials,2024-05-22,96.61744854600562,5
sp500,Materials,2024-05-23,95.75488302618088,5
sp500,Materials,2024-05-24,96.31928874572053,5
sp500,Materials,2024-05-28,96.71060271140888,5
sp500,Materials,2024-05-29,94.7307606413868,5
sp500,Materials,2024-05-30,95.1452202704767,5
sp500,Materials,2024-05-31,96.78329600669964,5
sp500,Materials,2024-06-03,95.64886905762253,5
sp500,Materials,2024-06-04,94.08810555938183,5
sp500,Materials,2024-06-05,93.15385226134251,5
sp500,Materials,2024-06-06,93.31550873966886,5
sp500,Materials,2024-06-07,92.64335525029699,5
sp500,Materials,2024-06-10,92.80222541226131,5
sp500,Materials,2024-06-11,91.8202637847009,5
sp500,Materials,2024-06-12,91.41292815147943,5
sp500,Materials,2024-06-13,90.34092359527465,5
sp500,Materials,2024-06-14,89.77942310394958,5
sp500,Materials,2024-06-17,90.34589587942311,5
sp500,Materials,2024-06-18,90.34099795295103,5
sp500,Materials,2024-06-20,90.4018872992692,5
sp500,Materials,2024-06-21,90.21164205413817,5
sp500,Materials,2024-06-24,91.93808828040567,5
sp500,Materials,2024-06-25,90.94271327943802,5
sp500,Materials,2024-06-26,91.5657549931346,5
sp500,Materials,2024-06-27,91.08918564948848,5
sp500,Materials,2024-06-28,91.0945634096706,5
sp500,Materials,2024-07-01,89.7752221391231,5
sp500,Materials,2024-07-02,89.01518598780866,5
sp500,Materials,2024-07-03,88.67020054946762,5
sp500,Materials,2024-07-05,87.92237690340751,5
sp500,Materials,2024-07-08,87.79636818392217,5
sp500,Materials,2024-07-09,86.95395826217016,5
sp500,Materials,2024-07-10,87.5065009392287,5
sp500,Materials,2024-07-11,89.60567636037511,5
sp500,Materials,2024-07-12,90.32092922893287,5
sp500,Materials,2024-07-15,91.03551583464368,5
sp500,Materials,2024-07-16,93.33824852904755,5
sp500,Materials,2024-07-17,93.712650767726,5
sp500,Materials,2024-07-18,92.72966961903882,5
sp500,Materials,2024-07-19,91.62659969229958,5
sp500,Materials,2024-07-22,91.81061853957868,5
sp500,Materials,2024-07-23,90.78568313437655,5
sp500,Materials,2024-07-24,89.81795193801995,5
sp500,Materials,2024-07-25,90.76761175329044,5
sp500,Materials,2024-07-26,92.02775094180208,5
sp500,Materials,2024-07-29,91.7013729535206,5
sp500,Materials,2024-07-30,92.54669606508003,5
sp500,Materials,2024-07-31,94.09591796397353,5
sp500,Materials,2024-08-01,91.9033710010114,5
sp500,Materials,2024-08-02,88.55175073350654,5
sp500,Materials,2024-08-05,87.21922076279864,5
sp500,Materials,2024-08-06,88.142510032879,5
sp500,Materials,2024-08-07,87.01143197270534,5
sp500,Materials,2024-08-08,89.14932071135,5
sp500,Materials,2024-08-09,89.29696813804135,5
sp500,Materials,2024-08-12,89.07783744935865,5
sp500,Materials,2024-08-13,90.0681077326959,5
sp500,Materials,2024-08-14,89.4661173480254,5
sp500,Materials,2024-08-15,90.55961144980917,5
sp500,Materials,2024-08-16,90.83497992847094,5
sp500,Materials,2024-08-19,90.78207550385571,5
sp500,Materials,2024-08-20,89.49363727653785,5
sp500,Materials,2024-08-21,90.6397796528782,5
sp500,Materials,2024-08-22,90.11133369390211,5
sp500,Materials,2024-08-23,91.62820173072255,5
sp500,Materials,2024-08-26,92.62141604287649,5
sp500,Materials,2024-08-27,92.86716045744471,5
sp500,Materials,2024-08-28,92.40302894406437,5
sp500,Materials,2024-08-29,93.18198684065436,5
sp500,Materials,2024-08-30,93.51521419819477,5
sp500,Materials,2024-09-03,89.91640335561829,5
sp500,Materials,2024-09-04,89.53745690845028,5
sp500,Materials,2024-09-05,88.22145431284105,5
sp500,Materials,2024-09-06,86.77663212990846,5
sp500,Materials,2024-09-09,86.97471997167253,5
sp500,Materials,2024-09-10,85.90374229470792,5
sp500,Materials,2024-09-11,86.12827651127982,5
sp500,Materials,2024-09-12,86.68661010169197,5
sp500,Materials,2024-09-13,88.39179767374135,5
sp500,Materials,2024-09-16,88.1064001638926,5
sp500,Materials,2024-09-17,89.02772758780301,5
sp500,Materials,2024-09-18,89.33258309337899,5
sp500,Materials,2024-09-19,91.5370121165765,5
sp500,Materials,2024-09-20,89.69718667550683,5
sp500,Materials,2024-09-23,90.2725137686941,5
sp500,Materials,2024-09-24,92.38552591194352,5
sp500,Materials,2024-09-25,91.30526100348224,5
sp500,Materials,2024-09-26,93.96015271707392,5
sp500,Materials,2024-09-27,94.58647386254934,5
sp500,Materials,2024-09-30,94.23484837321877,5
sp500,Materials,2024-10-01,94.74896068178505,5
sp500,Materials,2024-10-02,94.9085480632135,5
sp500,Materials,2024-10-03,94.65817958199413,5
sp500,Materials,2024-10-04,95.33691720982125,5
sp500,Materials,2024-10-07,93.64393020662021,5
sp500,Materials,2024-10-08,92.0354086371694,5
sp500,Materials,2024-10-09,92.57247250890549,5
sp500,Materials,2024-10-10,93.66863323911335,5
sp500,Materials,2024-10-11,93.63677648986621,5
sp500,Materials,2024-10-14,93.55720083117409,5
sp500,Materials,2024-10-15,91.75150762858088,5
sp500,Materials,2024-10-16,92.59981938153973,5
sp500,Materials,2024-10-17,93.29532213690638,5
sp500,Materials,2024-10-18,93.10973380435615,5
sp500,Materials,2024-10-21,92.36729028767809,5
sp500,Materials,2024-10-22,91.36264372833736,5
sp500,Materials,2024-10-23,90.58760629851605,5
sp500,Materials,2024-10-24,90.29617974134999,5
sp500,Materials,2024-10-25,89.80551170260583,5
sp500,Materials,2024-10-28,90.81030358951784,5
sp500,Materials,2024-10-29,89.91988345500717,5
sp500,Materials,2024-10-30,89.69884165712884,5
sp500,Materials,2024-10-31,89.37294778579515,5
sp500,Materials,2024-11-01,89.82037829169381,5
sp500,Materials,2024-11-04,90.64875349533595,5
sp500,Materials,2024-11-05,91.60300647130845,5
sp500,Materials,2024-11-06,93.36264712748677,5
sp500,Materials,2024-11-07,94.20231279067218,5
sp500,Materials,2024-11-08,91.86230950490244,5
sp500,Materials,2024-11-11,92.18239320189483,5
sp500,Materials,2024-11-12,89.183982498397,5
sp500,Materials,2024-11-13,89.5979029373401,5
sp500,Materials,2024-11-14,88.93326282395707,5
sp500,Materials,2024-11-15,88.85205140313757,5
sp500,Materials,2024-11-18,88.63320483844814,5
sp500,Materials,2024-11-19,87.72458779700162,5
sp500,Materials,2024-11-20,88.8755720170287,5
sp500,Materials,2024-11-21,90.21595740677647,5
sp500,Materials,2024-11-22,90.65108565950595,5
sp500,Materials,2024-11-25,90.89222956089836,5
sp500,Materials,2024-11-26,89.88524738382826,5
sp500,Materials,2024-11-27,90.36797886160625,5
sp500,Materials,2024-11-29,90.83438903590361,5
sp500,Materials,2024-12-02,92.16217369917969,5
sp500,Materials,2024-12-03,92.25917934323414,5
sp500,Materials,2024-12-04,89.96884203094412,5
sp500,Materials,2024-12-05,87.90452775363194,5
sp500,Materials,2024-12-06,87.48761425854688,5
sp500,Materials,2024-12-09,88.44538419578743,5
sp500,Materials,2024-12-10,87.41181287409795,5
sp500,Materials,2024-12-11,87.67042835522848,5
sp500,Materials,2024-12-12,86.59637542347646,5
sp500,Materials,2024-12-13,85.41880141479545,5
sp500,Materials,2024-12-16,83.64973942015594,5
sp500,Materials,2024-12-17,83.16667499490524,5
sp500,Materials,2024-12-18,80.86804146566054,5
sp500,Materials,2024-12-19,79.60241692454471,5
sp500,Materials,2024-12-20,80.49052637321917,5
sp500,Materials,2024-12-23,80.53926038702205,5
sp500,Materials,2024-12-24,80.87619059255742,5
sp500,Materials,2024-12-26,80.90787094638235,5
sp500,Materials,2024-12-27,80.31236684236917,5
sp500,Materials,2024-12-30,79.68962427978722,5
sp500,Materials,2024-12-31,80.77818053519793,5
sp500,Materials,2025-01-02,80.02737100917582,5
sp500,Materials,2025-01-03,80.96326356497545,5
sp500,Materials,2025-01-06,82.32591941476414,5
sp500,Materials,2025-01-07,81.95973837265328,5
sp500,Materials,2025-01-08,80.50798540826062,5
sp500,Materials,2025-01-10,80.37473230352006,5
sp500,Materials,2025-01-13,84.39687375658622,5
sp500,Materials,2025-01-14,84.72012278564469,5
sp500,Materials,2025-01-15,85.42782238965313,5
sp500,Materials,2025-01-16,85.72589694529329,5
sp500,Materials,2025-01-17,86.36816914960184,5
sp500,Materials,2025-01-21,86.27550622970308,5
sp500,Materials,2025-01-22,85.77578762176753,5
sp500,Materials,2025-01-23,87.10961649386375,5
sp500,Materials,2025-01-24,85.2309587592755,5
sp500,Materials,2025-01-27,85.27213097930722,5
sp500,Materials,2025-01-28,86.03580222885078,5
sp500,Materials,2025-01-29,86.69752676947924,5
sp500,Materials,2025-01-30,85.80928057749169,5
sp500,Materials,2025-01-31,85.61739853702872,5
sp500,Materials,2025-02-03,84.64591815636997,5
sp500,Materials,2025-02-04,86.3346748178609,5
sp500,Materials,2025-02-05,85.3471161034017,5
sp500,Materials,2025-02-06,83.93266041734783,5
sp500,Materials,2025-02-07,83.32572607968473,5
sp500,Materials,2025-02-10,85.30197802480637,5
sp500,Materials,2025-02-11,85.89320621279673,5
sp500,Materials,2025-02-12,83.91673856585138,5
sp500,Materials,2025-02-13,84.91733986310564,5
sp500,Materials,2025-02-14,85.44408480870699,5
sp500,Materials,2025-02-18,87.2634550537581,5
sp500,Materials,2025-02-19,86.31208261877883,5
sp500,Materials,2025-02-20,85.66584392034207,5
sp500,Materials,2025-02-21,83.74792044951711,5
sp500,Materials,2025-02-24,83.34850513965452,5
sp500,Materials,2025-02-25,83.73072084616054,5
sp500,Materials,2025-02-26,82.96982072202213,5
sp500,Materials,2025-02-27,83.01052831128517,5
sp500,Materials,2025-02-28,82.90048477951488,5
sp500,Materials,2025-03-03,79.96930117594026,5
sp500,Materials,2025-03-04,78.27568063624352,5
sp500,Materials,2025-03-05,80.87234217996897,5
sp500,Materials,2025-03-06,80.97828488978081,5
sp500,Materials,2025-03-07,81.45455128502095,5
sp500,Materials,2025-03-10,80.12758282650509,5
sp500,Materials,2025-03-11,80.04415317682887,5
sp500,Materials,2025-03-12,79.66271169844838,5
sp500,Materials,2025-03-13,79.65013522674826,5
sp500,Materials,2025-03-14,81.24473990364439,5
sp500,Materials,2025-03-17,81.92054119423801,5
sp500,Materials,2025-03-18,82.01457114965945,5
sp500,Materials,2025-03-19,82.75639939455597,5
sp500,Materials,2025-03-20,82.31230534477025,5
sp500,Materials,2025-03-21,80.43666650015948,5
sp500,Materials,2025-03-24,81.50221388593205,5
sp500,Materials,2025-03-25,80.3084844767008,5
sp500,Materials,2025-03-26,80.71158388263106,5
sp500,Materials,2025-03-27,80.96355242660562,5
sp500,Materials,2025-03-28,79.18850814194835,5
sp500,Materials,2025-03-31,79.39264277035616,5
sp500,Materials,2025-04-01,79.37360800776551,5
sp500,Materials,2025-04-02,79.8799572831306,5
sp500,Materials,2025-04-03,74.70237102921938,5
sp500,Materials,2025-04-04,67.64079569116863,5
sp500,Materials,2025-04-07,67.11137868671689,5
sp500,Materials,2025-04-08,64.37040167920325,5
sp500,Materials,2025-04-09,70.91860593740759,5
sp500,Materials,2025-04-10,67.58895176808193,5
sp500,Materials,2025-04-11,69.95583623100934,5
sp500,Materials,2025-04-14,71.11571374757267,5
sp500,Materials,2025-04-15,70.4097561047668,5
sp500,Materials,2025-04-16,70.31421461973298,5
sp500,Materials,2025-04-17,71.38189279017168,5
sp500,Materials,2025-04-21,70.87192064668994,5
sp500,Materials,2025-04-22,72.53673552300471,5
sp500,Materials,2025-04-23,73.24273441804768,5
sp500,Materials,2025-04-24,75.54670130424462,5
sp500,Materials,2025-04-25,75.98585284124087,5
sp500,Materials,2025-04-28,76.49790721120145,5
sp500,Materials,2025-04-29,77.58271924907811,5
sp500,Materials,2025-04-30,77.46451773962262,5
sp500,Materials,2025-05-01,77.77642882206997,5
sp500,Materials,2025-05-02,78.63714705722204,5
sp500,Materials,2025-05-05,77.21509714987359,5
sp500,Materials,2025-05-06,76.7312976626059,5
sp500,Materials,2025-05-07,76.52621464850682,5
sp500,Materials,2025-05-08,77.85116753823395,5
sp500,Materials,2025-05-09,78.47625335558462,5
sp500,Materials,2025-05-12,81.51174071934977,5
sp500,Materials,2025-05-13,82.3713431093341,5
sp500,Materials,2025-05-14,80.6420281800267,5
sp500,Materials,2025-05-15,80.78285107944792,5
sp500,Materials,2025-05-16,81.84971451774419,5
sp500,Materials,2025-05-19,81.69361664958234,5
sp500,Materials,2025-05-20,81.55379179363993,5
sp500,Materials,2025-05-21,80.54534507082529,5
sp500,Materials,2025-05-22,80.05616518703519,5
sp500,Materials,2025-05-23,79.49527755839497,5
sp500,Materials,2025-05-27,81.24758270199712,5
sp500,Materials,2025-05-28,80.55387309609509,5
sp500,Materials,2025-05-29,80.73147654701775,5
sp500,Materials,2025-05-30,79.9055012971424,5
sp500,Materials,2025-06-02,81.72105638191024,5
sp500,Materials,2025-06-03,82.62941112850312,5
sp500,Materials,2025-06-04,82.80196715513756,5
sp500,Materials,2025-06-05,82.11773877888588,5
sp500,Materials,2025-06-06,82.15197958320499,5
sp500,Materials,2025-06-09,82.90112226058457,5
sp500,Materials,2025-06-10,83.9376214072587,5
sp500,Materials,2025-06-11,83.57810160912642,5
sp500,Materials,2025-06-12,82.96462733218785,5
sp500,Materials,2025-06-13,84.57793042486013,5
sp500,Materials,2025-06-16,85.4584466866094,5
sp500,Materials,2025-06-17,85.05633007834771,5
sp500,Materials,2025-06-18,84.76778776509981,5
sp500,Materials,2025-06-20,83.86449516050952,5
sp500,Materials,2025-06-23,82.98405347312887,5
sp500,Materials,2025-06-24,83.43424193644202,5
sp500,Materials,2025-06-25,82.34041953850526,5
sp500,Materials,2025-06-26,82.90120526343658,5
sp500,Materials,2025-06-27,82.93879446873345,5
sp500,Materials,2025-06-30,83.03986346166172,5
sp500,Materials,2025-07-01,85.39001435826215,5
sp500,Materials,2025-07-02,87.6350932715916,5
sp500,Materials,2025-07-03,87.42950374191271,5
sp500,Materials,2025-07-07,86.83199474725882,5
sp500,Materials,2025-07-08,88.71460519555993,5
sp500,Materials,2025-07-09,89.74450794581334,5
sp500,Materials,2025-07-10,89.37593127473696,5
sp500,Materials,2025-07-11,89.42665473157263,5
sp500,Materials,2025-07-14,88.03893456530915,5
sp500,Materials,2025-07-15,86.95044974676867,5
sp500,Materials,2025-07-16,86.15649751591137,5
sp500,Materials,2025-07-17,86.56711077111196,5
sp500,Materials,2025-07-18,87.36975249923363,5
sp500,Materials,2025-07-21,87.03024497105882,5
sp500,Materials,2025-07-22,88.69255978036765,5
sp500,Materials,2025-07-23,90.06664940831115,5
sp500,Materials,2025-07-24,86.12224209275824,5
sp500,Materials,2025-07-25,86.92120881894651,5
sp500,Materials,2025-07-28,86.37825241167127,5
sp500,Materials,2025-07-29,86.10271886066478,5
sp500,Materials,2025-07-30,84.25778121852656,5
sp500,Materials,2025-07-31,83.6903091532599,5
sp500,Materials,2025-08-01,81.09152559322142,5
sp500,Materials,2025-08-04,81.43198693061028,5
sp500,Materials,2025-08-05,82.62137809355306,5
sp500,Materials,2025-08-06,78.60165443517701,5
sp500,Materials,2025-08-07,77.92075456885227,5
sp500,Materials,2025-08-08,77.45926655017033,5
sp500,Materials,2025-08-11,77.5192181993389,5
sp500,Materials,2025-08-12,78.43687812128887,5
sp500,Materials,2025-08-13,81.42875347113971,5
sp500,Materials,2025-08-14,81.22834203525534,5
sp500,Materials,2025-08-15,81.52881014018007,5
sp500,Materials,2025-08-18,81.0237508515861,5
sp500,Materials,2025-08-19,81.38129908656185,5
sp500,Materials,2025-08-20,82.0270896134246,5
sp500,Materials,2025-08-21,82.0111306817615,5
sp500,Materials,2025-08-22,84.13791202761361,5
sp500,Materials,2025-08-25,84.35022694633184,5
sp500,Materials,2025-08-26,84.29903470903896,5
sp500,Materials,2025-08-27,84.7275531326991,5
sp500,Materials,2025-08-28,84.92897119107404,5
sp500,Materials,2025-08-29,84.28630550506422,5
sp500,Materials,2025-09-01,79.86916505617981,5
sp500,Materials,2025-09-02,85.0959444041547,5
sp500,Materials,2025-09-03,83.10632041063116,5
sp500,Materials,2025-09-04,83.2577610789116,5
sp500,Materials,2025-09-05,84.05235938702654,5
sp500,Materials,2025-09-08,83.37974793673844,5
sp500,Materials,2025-09-09,82.74788244648997,5
sp500,Materials,2025-09-10,83.57725647540613,5
sp500,Materials,2025-09-11,85.03440147157124,5
sp500,Materials,2025-09-12,84.49753589395577,5
sp500,Materials,2025-09-15,84.04294254623184,5
sp500,Materials,2025-09-16,84.24273312976652,5
sp500,Materials,2025-09-17,84.20024059903413,5
sp500,Materials,2025-09-18,83.203867364146,5
sp500,Materials,2025-09-19,82.73121386409831,5
sp500,Materials,2025-09-22,82.55013450853383,5
sp500,Materials,2025-09-23,82.78954624549536,5
sp500,Materials,2025-09-24,84.58219337367866,5
sp500,Materials,2025-09-25,82.52266345438353,5
sp500,Materials,2025-09-26,84.55793880048874,5
sp500,Materials,2025-09-29,83.85207645175164,5
sp500,Materials,2025-09-30,83.82873486269025,5
sp500,Materials,2025-10-01,82.95344213201047,5
sp500,Materials,2025-10-02,85.56213257544549,5
sp500,Materials,2025-10-03,85.20145579779428,5
sp500,Materials,2025-10-06,85.6203432118617,5
sp500,Materials,2025-10-07,84.58031871629284,5
sp500,Materials,2025-10-08,84.26862789954968,5
sp500,Materials,2025-10-09,82.76667208504477,5
sp500,Materials,2025-10-10,78.50583248950373,5
sp500,Materials,2025-10-13,80.4481728006585,5
sp500,Materials,2025-10-14,80.5400478947072,5
sp500,Materials,2025-10-15,80.41390129521614,5
sp500,Materials,2025-10-16,78.98261019502043,5
sp500,Materials,2025-10-17,79.19594582434279,5
sp500,Materials,2025-10-20,80.08317203387976,5
sp500,Materials,2025-10-21,80.3327625537117,5
sp500,Materials,2025-10-22,80.33457779440546,5
sp500,Materials,2025-10-23,83.1322247243964,5
sp500,Materials,2025-10-24,83.40555304144421,5
sp500,Materials,2025-10-27,84.50784377028329,5
sp500,Materials,2025-10-28,85.14427916126456,5
sp500,Materials,2025-10-29,84.31403469940456,5
sp500,Materials,2025-10-30,82.11949961024794,5
sp500,Materials,2025-10-31,82.16539074418534,5
sp500,Materials,2025-11-03,81.88747038781412,5
sp500,Materials,2025-11-04,82.06276159074255,5
sp500,Materials,2025-11-05,83.00860140277163,5
sp500,Materials,2025-11-06,80.81323655214557,5
sp500,Materials,2025-11-07,81.63655257267574,5
sp500,Materials,2025-11-10,81.85228095958384,5
sp500,Materials,2025-11-11,82.2814689557402,5
sp500,Materials,2025-11-12,82.89068306961926,5
sp500,Materials,2025-11-13,83.19788369411974,5
sp500,Materials,2025-11-14,83.39405481433013,5
sp500,Materials,2025-11-17,80.30002752331372,5
sp500,Materials,2025-11-18,80.6292905886016,5
sp500,Materials,2025-11-19,79.30003682173452,5
sp500,Materials,2025-11-20,78.01023687968862,5
sp500,Materials,2025-11-21,80.39075449507558,5
sp500,Materials,2025-11-24,80.17842786283748,5
sp500,Materials,2025-11-25,81.44050348191938,5
sp500,Materials,2025-11-26,82.7368931348947,5
sp500,Materials,2025-11-27,88.6991977910899,5
sp500,Materials,2025-11-28,83.61492104957239,5
sp500,Materials,2025-12-01,84.48491785454293,5
sp500,Materials,2025-12-02,83.80659835994855,5
sp500,Materials,2025-12-03,84.12343153826014,5
sp500,Materials,2025-12-04,83.46244579893842,5
sp500,Materials,2025-12-05,82.67171750403028,5
sp500,Materials,2025-12-08,82.50210199289651,5
sp500,Materials,2025-12-09,82.57365523947551,5
sp500,Materials,2025-12-10,84.24708626869248,5
sp500,Materials,2025-12-11,86.27864476290934,5
sp500,Materials,2025-12-12,86.28124589602302,5
sp500,Materials,2025-12-15,84.46433530891665,5
sp500,Materials,2025-12-16,82.77462617345199,5
sp500,Materials,2025-12-17,83.556446872097,5
sp500,Materials,2025-12-18,82.99927163998818,5
sp500,Materials,2025-12-19,83.5800176359324,5
sp500,Materials,2025-12-22,84.41632725310586,5
sp500,Materials,2025-12-23,83.93777471414602,5
sp500,Materials,2025-12-24,84.09492584662375,5
sp500,Materials,2025-12-25,86.81324571090539,5
sp500,Materials,2025-12-26,84.42451246652014,5
sp500,Materials,2025-12-29,84.43179342374609,5
sp500,Materials,2025-12-30,84.29797888453818,5
sp500,Materials,2025-12-31,83.88089124251098,5
sp500,Materials,2026-01-01,91.70883299020171,5
sp500,Materials,2026-01-02,85.97720635489753,5
sp500,Materials,2026-01-05,88.32338281111876,5
sp500,Materials,2026-01-06,89.52040916524622,5
sp500,Materials,2026-01-07,88.10668194171802,5
sp500,Materials,2026-01-08,90.99510895457193,5
sp500,Materials,2026-01-09,90.94990747254367,5
sp500,Materials,2026-01-12,90.57329564902122,5
sp500,Materials,2026-01-13,91.9522096367559,5
sp500,Materials,2026-01-14,94.55077769977703,5
sp500,Materials,2026-01-15,95.1350732430992,5
sp500,Materials,2026-01-16,93.79155128869864,5
sp500,Materials,2026-01-19,96.87656990393697,5
sp500,Materials,2026-01-20,95.0805372817007,5
sp500,Materials,2026-01-21,97.70345254794834,5
sp500,Materials,2026-01-22,97.6384165637003,5
sp500,Materials,2026-01-23,99.01508189636459,5
sp500,Materials,2026-01-26,98.0850597624597,5
sp500,Materials,2026-01-27,97.65438082440467,5
sp500,Materials,2026-01-28,97.69547596928561,5
sp500,Materials,2026-01-29,98.11650037941384,5
sp500,Materials,2026-01-30,97.31535470167691,5
sp500,Materials,2026-02-02,97.9652937821346,5
sp500,Materials,2026-02-03,101.36839494021976,5
sp500,Materials,2026-02-04,104.99314148086808,5
sp500,Materials,2026-02-05,100.97944637315355,5
sp500,Materials,2026-02-06,103.81205737221883,5
sp500,Materials,2026-02-09,105.41068148770911,5
sp500,Materials,2026-02-10,108.03709307355078,5
sp500,Materials,2026-02-11,110.35660817431085,5
sp500,Materials,2026-02-12,106.34214388458314,5
sp500,Materials,2026-02-13,105.97648562006057,5
sp500,Materials,2026-02-16,113.45175930513977,5
sp500,Materials,2026-02-17,105.4317553316832,5
sp500,Materials,2026-02-18,106.88178997299448,5
sp500,Materials,2026-02-19,107.10467216828346,5
sp500,Materials,2026-02-20,105.57036118835377,5
sp500,Materials,2026-02-23,104.2658063606854,5
sp500,Materials,2026-02-24,104.73279379081602,5
sp500,Materials,2026-02-25,102.83841129417495,5
sp500,Materials,2026-02-26,102.96877853629437,5
sp500,Materials,2026-02-27,104.58264275877154,5
sp500,Materials,2026-03-02,105.51560799455699,5
sp500,Materials,2026-03-03,104.50393494961445,5
sp500,Materials,2026-03-04,104.43926154710668,5
sp500,Materials,2026-03-05,105.69645662933918,5
sp500,Materials,2026-03-06,105.3267685532917,5
sp500,Materials,2026-03-09,105.68529725134373,5
sp500,Materials,2026-03-10,105.35342494590255,5
sp500,Materials,2026-03-11,109.88617588435818,5
sp500,Materials,2026-03-12,115.41227591664168,5
sp500,Materials,2026-03-13,111.69326666560202,5
sp500,Materials,2026-03-16,108.9645556731101,5
sp500,Materials,2026-03-17,110.5788908773441,5
sp500,Materials,2026-03-18,109.98444549044262,5
sp500,Materials,2026-03-19,108.28141830668541,5
sp500,Materials,2026-03-20,104.53692209867191,5
sp500,Materials,2026-03-23,104.9395561430656,5
sp500,Materials,2026-03-24,109.25757582612596,5
sp500,Materials,2026-03-25,111.87644851353495,5
sp500,Materials,2026-03-26,111.51636506223713,5
sp500,Materials,2026-03-27,112.21069153376963,5
sp500,Materials,2026-03-30,112.65099576701701,5
sp500,Materials,2026-03-31,113.11251177501987,5
sp500,Materials,2026-04-01,114.01023869644472,5
sp500,Materials,2026-04-02,113.91918166798871,5
sp500,Materials,2026-04-03,109.85728253838731,5
sp500,Materials,2026-04-06,114.29365660747001,5
sp500,Materials,2026-04-07,115.27180286865027,5
sp500,Materials,2026-04-08,115.35036861633581,5
sp500,Materials,2026-04-09,112.23801376018301,5
sp500,Materials,2026-04-10,112.90032528724103,5
sp500,Materials,2026-04-13,113.78630742936491,5
sp500,Materials,2026-04-14,111.99972621896637,5
sp500,Materials,2026-04-15,111.61916698733809,5
sp500,Materials,2026-04-16,114.50065588422879,5
sp500,Materials,2026-04-17,110.43904219854697,5
sp500,Materials,2026-04-20,111.94778622514376,5
sp500,Materials,2026-04-21,114.50999582479217,5
sp500,Materials,2026-04-22,115.65338105334584,5
sp500,Materials,2026-04-23,115.90607450485149,5
sp500,Materials,2026-04-24,114.98269676987962,5
sp500,Materials,2026-04-27,114.67052507248796,5
sp500,Materials,2026-04-28,114.75225741216141,5
sp500,Materials,2026-04-29,115.72574012567922,5
sp500,Materials,2026-04-30,116.88731228009021,5
sp500,Materials,2026-05-01,116.74184604980063,5
sp500,Materials,2026-05-04,116.89447551636178,5
sp500,Materials,2026-05-05,120.33561617074733,5
sp500,Materials,2026-05-06,118.3615960510255,5
sp500,Materials,2026-05-07,115.2009785207654,5
sp500,Materials,2026-05-08,114.23683790995227,5
sp500,Materials,2026-05-11,117.70372131420163,5
sp500,Materials,2026-05-12,119.63770050355438,5
sp500,Materials,2026-05-13,119.35394510993378,5
sp500,Materials,2026-05-14,118.52216931055246,5
sp500,Materials,2026-05-15,116.78202908510293,5
sp500,Materials,2026-05-18,115.9151890874077,5
sp500,Materials,2026-05-19,114.42252380148904,5
sp500,Materials,2026-05-20,113.9526969293294,5
sp500,Materials,2026-05-21,113.54183234757637,5
sp500,Materials,2026-05-22,115.22164697677533,5
sp500,Materials,2026-05-25,133.7688243112667,5
sp500,Materials,2026-05-26,116.1174101736299,5
sp500,Materials,2026-05-27,117.4035906895029,5
sp500,Materials,2026-05-28,118.2573207054586,5
sp500,Materials,2026-05-29,116.98206544997234,5
sp500,Materials,2026-06-01,117.01193383314066,5
sp500,Materials,2026-06-02,118.21402253849236,5
sp500,Materials,2026-06-03,118.92507355740094,5
sp500,Materials,2026-06-04,118.55579669361273,5
sp500,Materials,2026-06-05,115.38906798815532,5
sp500,Materials,2026-06-08,113.8105519591777,5
sp500,Materials,2026-06-09,112.9874592498856,5
sp500,Materials,2026-06-10,110.97174700276122,5
sp500,Materials,2026-06-11,113.24913160020134,5
sp500,Materials,2026-06-12,116.89608706467955,5
sp500,Materials,2026-06-15,115.26033017480574,5
sp500,Materials,2026-06-16,113.68213552343866,5
sp500,Materials,2026-06-17,113.6690995641291,5
sp500,Materials,2026-06-18,111.99413838389066,5
sp500,Materials,2026-06-19,118.04306955818458,5
sp500,Materials,2026-06-22,112.29254231562744,5
sp500,Materials,2026-06-23,109.49375402835928,5
sp500,Materials,2026-06-24,108.34192197925844,5
sp500,Materials,2026-06-25,110.44936903673704,5
sp500,Materials,2026-06-26,110.0490981926204,5
sp500,Materials,2026-06-29,107.93131968406647,5
sp500,Materials,2026-06-30,106.31518406898832,5
sp500,Materials,2026-07-01,106.22926709403832,5
sp500,Materials,2026-07-02,107.45850882837263,5
sp500,Materials,2026-07-03,122.04783500208187,5
sp500,Materials,2026-07-06,110.16040567444144,5
sp500,Materials,2026-07-07,111.7945482831956,5
sp500,Materials,2026-07-08,111.51050371540954,5
sp500,Materials,2026-07-09,109.85172793238674,5
sp500,Materials,2026-07-10,112.10896391655866,5
sp500,Materials,2026-07-13,114.96383067316546,5
sp500,Materials,2026-07-14,115.6149140548183,5
sp500,Materials,2026-07-15,115.37109617237977,5
sp500,Materials,2026-07-16,114.49966012287598,5
sp500,Materials,2026-07-17,115.37217415172836,5
sp500,Materials,2026-07-20,115.92575831440408,5
sp500,Materials,2026-07-21,116.19882025942645,5
sp500,Materials,2026-07-22,118.89167197759798,5
sp500,Materials,2026-07-23,118.13169976426249,5
sp500,Materials,2026-07-24,117.71622786749543,5
sp500,Materials,2026-07-27,116.31761048775155,5
sp500,Materials,2026-07-28,119.58050805375792,5
sp500,Materials,2026-07-29,119.97415215303349,5
sp500,Materials,2026-07-30,119.77605900029124,5
sp500,Real Estate,2023-08-09,100.0,3
sp500,Real Estate,2023-08-10,99.34936524857345,3
sp500,Real Estate,2023-08-11,99.67132158816199,3
sp500,Real Estate,2023-08-14,99.05856463598792,3
sp500,Real Estate,2023-08-15,98.18570723892125,3
sp500,Real Estate,2023-08-16,97.23863235314307,3
sp500,Real Estate,2023-08-17,96.54480639683611,3
sp500,Real Estate,2023-08-18,96.99647456176424,3
sp500,Real Estate,2023-08-21,95.96431017036731,3
sp500,Real Estate,2023-08-22,96.34212808282216,3
sp500,Real Estate,2023-08-23,97.84282370494101,3
sp500,Real Estate,2023-08-24,96.93752672109987,3
sp500,Real Estate,2023-08-25,96.99929275848713,3
sp500,Real Estate,2023-08-28,97.92747765673363,3
sp500,Real Estate,2023-08-29,98.6125954664054,3
sp500,Real Estate,2023-08-30,98.9418916175366,3
sp500,Real Estate,2023-08-31,98.00269396920815,3
sp500,Real Estate,2023-09-01,98.25405868669112,3
sp500,Real Estate,2023-09-05,96.65172244710638,3
sp500,Real Estate,2023-09-06,96.25610164068749,3
sp500,Real Estate,2023-09-07,97.0198391658823,3
sp500,Real Estate,2023-09-08,96.81671529893943,3
sp500,Real Estate,2023-09-11,96.64884539295767,3
sp500,Real Estate,2023-09-12,96.57390681705226,3
sp500,Real Estate,2023-09-13,95.97476001618207,3
sp500,Real Estate,2023-09-14,97.40404827746207,3
sp500,Real Estate,2023-09-15,96.38034131202441,3
sp500,Real Estate,2023-09-18,95.75658716736086,3
sp500,Real Estate,2023-09-19,95.46963770668177,3
sp500,Real Estate,2023-09-20,95.20660748570312,3
sp500,Real Estate,2023-09-21,91.43051792958764,3
sp500,Real Estate,2023-09-22,90.77966097456604,3
sp500,Real Estate,2023-09-25,90.3176334719725,3
sp500,Real Estate,2023-09-26,88.75681469305698,3
sp500,Real Estate,2023-09-27,88.13864911339256,3
sp500,Real Estate,2023-09-28,88.34348705581606,3
sp500,Real Estate,2023-09-29,88.64028351814356,3
sp500,Real Estate,2023-10-02,86.82180864218638,3
sp500,Real Estate,2023-10-03,85.66912062921547,3
sp500,Real Estate,2023-10-04,86.65970731511607,3
sp500,Real Estate,2023-10-05,87.26845442614636,3
sp500,Real Estate,2023-10-06,87.34398533734579,3
sp500,Real Estate,2023-10-09,88.06397453826486,3
sp500,Real Estate,2023-10-10,88.234702082959,3
sp500,Real Estate,2023-10-11,89.73632415186314,3
sp500,Real Estate,2023-10-12,88.17491970048236,3
sp500,Real Estate,2023-10-13,88.28234313866378,3
sp500,Real Estate,2023-10-16,89.06127146526072,3
sp500,Real Estate,2023-10-17,88.40636369172323,3
sp500,Real Estate,2023-10-18,86.14567936861266,3
sp500,Real Estate,2023-10-19,84.68781091367298,3
sp500,Real Estate,2023-10-20,84.41677768327736,3
sp500,Real Estate,2023-10-23,83.50192800887949,3
sp500,Real Estate,2023-10-24,84.43992886874048,3
sp500,Real Estate,2023-10-25,82.8344043747296,3
sp500,Real Estate,2023-10-26,83.89755888474177,3
sp500,Real Estate,2023-10-27,82.35741341721656,3
sp500,Real Estate,2023-10-30,81.4133406617814,3
sp500,Real Estate,2023-10-31,83.06941166513404,3
sp500,Real Estate,2023-11-01,83.83039841868181,3
sp500,Real Estate,2023-11-02,86.79421210854179,3
sp500,Real Estate,2023-11-03,88.46500785497207,3
sp500,Real Estate,2023-11-06,87.3648408810621,3
sp500,Real Estate,2023-11-07,87.06915755659679,3
sp500,Real Estate,2023-11-08,87.70165803394526,3
sp500,Real Estate,2023-11-09,86.13807654452481,3
sp500,Real Estate,2023-11-10,86.69657374877957,3
sp500,Real Estate,2023-11-13,85.79118128724896,3
sp500,Real Estate,2023-11-14,90.5734203231487,3
sp500,Real Estate,2023-11-15,91.1781212754416,3
sp500,Real Estate,2023-11-16,91.40612956704106,3
sp500,Real Estate,2023-11-17,91.22447775913912,3
sp500,Real Estate,2023-11-20,91.88247282618973,3
sp500,Real Estate,2023-11-21,91.74957440227416,3
sp500,Real Estate,2023-11-22,92.02036218798119,3
sp500,Real Estate,2023-11-24,92.5807968861691,3
sp500,Real Estate,2023-11-27,92.78312072323617,3
sp500,Real Estate,2023-11-28,92.87140343809148,3
sp500,Real Estate,2023-11-29,93.26280084410853,3
sp500,Real Estate,2023-11-30,94.17660779039969,3
sp500,Real Estate,2023-12-01,96.23053383518385,3
sp500,Real Estate,2023-12-04,97.5720270829575,3
sp500,Real Estate,2023-12-05,96.54473519555172,3
sp500,Real Estate,2023-12-06,96.43415595087181,3
sp500,Real Estate,2023-12-07,96.48774900686135,3
sp500,Real Estate,2023-12-08,96.18924061792367,3
sp500,Real Estate,2023-12-11,97.16810491286985,3
sp500,Real Estate,2023-12-12,97.22097374393212,3
sp500,Real Estate,2023-12-13,101.63848853896025,3
sp500,Real Estate,2023-12-14,105.39932759284952,3
sp500,Real Estate,2023-12-15,103.85009968329824,3
sp500,Real Estate,2023-12-18,102.89299307464834,3
sp500,Real Estate,2023-12-19,103.80070932329856,3
sp500,Real Estate,2023-12-20,102.27673155225692,3
sp500,Real Estate,2023-12-21,102.44444261786983,3
sp500,Real Estate,2023-12-22,102.91084321096913,3
sp500,Real Estate,2023-12-26,103.92811586517708,3
sp500,Real Estate,2023-12-27,104.46371016236222,3
sp500,Real Estate,2023-12-28,105.32110197077611,3
sp500,Real Estate,2023-12-29,103.71893961813583,3
sp500,Real Estate,2024-01-02,105.05108870520634,3
sp500,Real Estate,2024-01-03,102.64547967693214,3
sp500,Real Estate,2024-01-04,102.49854578689958,3
sp500,Real Estate,2024-01-05,102.61899698484933,3
sp500,Real Estate,2024-01-08,104.71384643896249,3
sp500,Real Estate,2024-01-09,104.34172377067354,3
sp500,Real Estate,2024-01-10,104.4014470428384,3
sp500,Real Estate,2024-01-11,103.5918845210717,3
sp500,Real Estate,2024-01-12,103.64426273852186,3
sp500,Real Estate,2024-01-16,102.64690367673903,3
sp500,Real Estate,2024-01-17,100.53995460634843,3
sp500,Real Estate,2024-01-18,99.56124679696195,3
sp500,Real Estate,2024-01-19,100.76799018612309,3
sp500,Real Estate,2024-01-22,100.48840637457526,3
sp500,Real Estate,2024-01-23,100.31552024957395,3
sp500,Real Estate,2024-01-24,98.56882806092345,3
sp500,Real Estate,2024-01-25,99.44674926773168,3
sp500,Real Estate,2024-01-26,99.26018000895877,3
sp500,Real Estate,2024-01-29,99.71422640264748,3
sp500,Real Estate,2024-01-30,99.20712283914912,3
sp500,Real Estate,2024-01-31,98.45925383315587,3
sp500,Real Estate,2024-02-01,100.54431126886354,3
sp500,Real Estate,2024-02-02,99.17961270353906,3
sp500,Real Estate,2024-02-05,96.94784492874355,3
sp500,Real Estate,2024-02-06,98.97153132360434,3
sp500,Real Estate,2024-02-07,98.32840361740254,3
sp500,Real Estate,2024-02-08,99.1247785646532,3
sp500,Real Estate,2024-02-09,99.13292708126319,3
sp500,Real Estate,2024-02-12,98.9771401874454,3
sp500,Real Estate,2024-02-13,97.2842888726565,3
sp500,Real Estate,2024-02-14,97.36330610285407,3
sp500,Real Estate,2024-02-15,99.1635271484744,3
sp500,Real Estate,2024-02-16,99.09131913527727,3
sp500,Real Estate,2024-02-20,99.1110579442919,3
sp500,Real Estate,2024-02-21,99.45128420464567,3
sp500,Real Estate,2024-02-22,99.60067370763058,3
sp500,Real Estate,2024-02-23,99.60322436478644,3
sp500,Real Estate,2024-02-26,98.79493073859628,3
sp500,Real Estate,2024-02-27,98.70387536557858,3
sp500,Real Estate,2024-02-28,99.2269781759243,3
sp500,Real Estate,2024-02-29,99.38720130274476,3
sp500,Real Estate,2024-03-01,100.19546140409068,3
sp500,Real Estate,2024-03-04,100.56278739616245,3
sp500,Real Estate,2024-03-05,99.5700754633439,3
sp500,Real Estate,2024-03-06,99.8386275448675,3
sp500,Real Estate,2024-03-07,99.79697626442747,3
sp500,Real Estate,2024-03-08,101.1910916339674,3
sp500,Real Estate,2024-03-11,100.90711729411488,3
sp500,Real Estate,2024-03-12,100.81373350640806,3
sp500,Real Estate,2024-03-13,99.95306662659247,3
sp500,Real Estate,2024-03-14,98.41354203403762,3
sp500,Real Estate,2024-03-15,98.24304893796395,3
sp500,Real Estate,2024-03-18,98.04761364076748,3
sp500,Real Estate,2024-03-19,97.89328314902427,3
sp500,Real Estate,2024-03-20,98.53765426987208,3
sp500,Real Estate,2024-03-21,99.11013431937917,3
sp500,Real Estate,2024-03-22,97.83681877269895,3
sp500,Real Estate,2024-03-25,97.31485383412063,3
sp500,Real Estate,2024-03-26,96.94323373824923,3
sp500,Real Estate,2024-03-27,99.45643902644093,3
sp500,Real Estate,2024-03-28,100.24529690430981,3
sp500,Real Estate,2024-04-01,98.69953751205801,3
sp500,Real Estate,2024-04-02,97.32061492730266,3
sp500,Real Estate,2024-04-03,97.42577620108189,3
sp500,Real Estate,2024-04-04,96.76424079184292,3
sp500,Real Estate,2024-04-05,97.18231599431351,3
sp500,Real Estate,2024-04-08,98.28599253365387,3
sp500,Real Estate,2024-04-09,99.19770349947726,3
sp500,Real Estate,2024-04-10,94.9893687847953,3
sp500,Real Estate,2024-04-11,95.06055004416027,3
sp500,Real Estate,2024-04-12,94.22218254415289,3
sp500,Real Estate,2024-04-15,92.61730286005627,3
sp500,Real Estate,2024-04-16,91.39494515340749,3
sp500,Real Estate,2024-04-17,89.2691882329278,3
sp500,Real Estate,2024-04-18,89.2052081096142,3
sp500,Real Estate,2024-04-19,89.5853056616191,3
sp500,Real Estate,2024-04-22,90.18341843248001,3
sp500,Real Estate,2024-04-23,90.70920008051807,3
sp500,Real Estate,2024-04-24,90.44824834598742,3
sp500,Real Estate,2024-04-25,90.39883999815406,3
sp500,Real Estate,2024-04-26,90.5704847402359,3
sp500,Real Estate,2024-04-29,91.4921926732637,3
sp500,Real Estate,2024-04-30,89.68420176357613,3
sp500,Real Estate,2024-05-01,89.85784116060546,3
sp500,Real Estate,2024-05-02,91.60811897608599,3
sp500,Real Estate,2024-05-03,92.40422875177494,3
sp500,Real Estate,2024-05-06,92.18177909609254,3
sp500,Real Estate,2024-05-07,93.14137781378187,3
sp500,Real Estate,2024-05-08,92.20913093747394,3
sp500,Real Estate,2024-05-09,93.40854478594423,3
sp500,Real Estate,2024-05-10,93.34895142960849,3
sp500,Real Estate,2024-05-13,93.47702923372263,3
sp500,Real Estate,2024-05-14,93.83942390403949,3
sp500,Real Estate,2024-05-15,94.90321331294022,3
sp500,Real Estate,2024-05-16,95.15688443230053,3
sp500,Real Estate,2024-05-17,95.32193697466883,3
sp500,Real Estate,2024-05-20,95.20506968144437,3
sp500,Real Estate,2024-05-21,94.84083777444776,3
sp500,Real Estate,2024-05-22,93.3809915196557,3
sp500,Real Estate,2024-05-23,90.87352058056356,3
sp500,Real Estate,2024-05-24,90.56526028071862,3
sp500,Real Estate,2024-05-28,90.08525476790614,3
sp500,Real Estate,2024-05-29,89.56062239283327,3
sp500,Real Estate,2024-05-30,91.0671490459105,3
sp500,Real Estate,2024-05-31,93.22798664368237,3
sp500,Real Estate,2024-06-03,92.43439439841643,3
sp500,Real Estate,2024-06-04,93.71218808283984,3
sp500,Real Estate,2024-06-05,93.43668438992417,3
sp500,Real Estate,2024-06-06,93.99264227936293,3
sp500,Real Estate,2024-06-07,93.2084381969975,3
sp500,Real Estate,2024-06-10,93.23133402462938,3
sp500,Real Estate,2024-06-11,92.95684331550986,3
sp500,Real Estate,2024-06-12,93.84177879663186,3
sp500,Real Estate,2024-06-13,94.16428847626204,3
sp500,Real Estate,2024-06-14,94.22014754587015,3
sp500,Real Estate,2024-06-17,93.63773195055846,3
sp500,Real Estate,2024-06-18,93.43348293746932,3
sp500,Real Estate,2024-06-20,93.03983948572186,3
sp500,Real Estate,2024-06-21,93.26768821890343,3
sp500,Real Estate,2024-06-24,94.42868133373784,3
sp500,Real Estate,2024-06-25,93.11178687939042,3
sp500,Real Estate,2024-06-26,93.03838314887933,3
sp500,Real Estate,2024-06-27,93.4567323012488,3
sp500,Real Estate,2024-06-28,93.82003088810215,3
sp500,Real Estate,2024-07-01,93.1524718287487,3
sp500,Real Estate,2024-07-02,93.68941581813851,3
sp500,Real Estate,2024-07-03,93.69618558712511,3
sp500,Real Estate,2024-07-05,94.48330111332025,3
sp500,Real Estate,2024-07-08,94.61289508902078,3
sp500,Real Estate,2024-07-09,94.37908762380816,3
sp500,Real Estate,2024-07-10,95.67539923207038,3
sp500,Real Estate,2024-07-11,98.49430739079207,3
sp500,Real Estate,2024-07-12,99.12075408663351,3
sp500,Real Estate,2024-07-15,99.7521936405941,3
sp500,Real Estate,2024-07-16,100.487755055133,3
sp500,Real Estate,2024-07-17,101.93993208808425,3
sp500,Real Estate,2024-07-18,101.53704571697774,3
sp500,Real Estate,2024-07-19,101.70012971954128,3
sp500,Real Estate,2024-07-22,102.8367756872527,3
sp500,Real Estate,2024-07-23,102.50311555570968,3
sp500,Real Estate,2024-07-24,101.15643756030619,3
sp500,Real Estate,2024-07-25,100.37861911394681,3
sp500,Real Estate,2024-07-26,102.00324862887611,3
sp500,Real Estate,2024-07-29,102.61182105889148,3
sp500,Real Estate,2024-07-30,103.56231178374917,3
sp500,Real Estate,2024-07-31,102.8736823058906,3
sp500,Real Estate,2024-08-01,104.01945943046955,3
sp500,Real Estate,2024-08-02,103.76814806913173,3
sp500,Real Estate,2024-08-05,101.2912649435725,3
sp500,Real Estate,2024-08-06,103.27553770729338,3
sp500,Real Estate,2024-08-07,102.69237908664508,3
sp500,Real Estate,2024-08-08,103.51800735229108,3
sp500,Real Estate,2024-08-09,103.8529372523898,3
sp500,Real Estate,2024-08-12,102.90730502279406,3
sp500,Real Estate,2024-08-13,103.97601697260428,3
sp500,Real Estate,2024-08-14,104.19006989237802,3
sp500,Real Estate,2024-08-15,104.28358878825328,3
sp500,Real Estate,2024-08-16,103.9275915692652,3
sp500,Real Estate,2024-08-19,105.20483383460268,3
sp500,Real Estate,2024-08-20,104.83541443391525,3
sp500,Real Estate,2024-08-21,105.3251485953434,3
sp500,Real Estate,2024-08-22,105.60580501080632,3
sp500,Real Estate,2024-08-23,107.52817595648774,3
sp500,Real Estate,2024-08-26,107.92314292047953,3
sp500,Real Estate,2024-08-27,108.20877869202022,3
sp500,Real Estate,2024-08-28,107.40459468748769,3
sp500,Real Estate,2024-08-29,106.51105726357306,3
sp500,Real Estate,2024-08-30,107.96987670981618,3
sp500,Real Estate,2024-09-03,108.20432939602863,3
sp500,Real Estate,2024-09-04,108.52768215825539,3
sp500,Real Estate,2024-09-05,107.94831211151774,3
sp500,Real Estate,2024-09-06,107.90381128502986,3
sp500,Real Estate,2024-09-09,109.42425218541294,3
sp500,Real Estate,2024-09-10,110.5253853947286,3
sp500,Real Estate,2024-09-11,109.8603797173026,3
sp500,Real Estate,2024-09-12,109.78576887554239,3
sp500,Real Estate,2024-09-13,110.25697907646229,3
sp500,Real Estate,2024-09-16,110.16442656080217,3
sp500,Real Estate,2024-09-17,109.68063869250098,3
sp500,Real Estate,2024-09-18,108.93563993010346,3
sp500,Real Estate,2024-09-19,108.49614446129883,3
sp500,Real Estate,2024-09-20,108.05381328600978,3
sp500,Real Estate,2024-09-23,109.14732713061552,3
sp500,Real Estate,2024-09-24,109.35338146150835,3
sp500,Real Estate,2024-09-25,108.78555128551352,3
sp500,Real Estate,2024-09-26,108.31814678761573,3
sp500,Real Estate,2024-09-27,108.31049810386027,3
sp500,Real Estate,2024-09-30,109.1898400479408,3
sp500,Real Estate,2024-10-01,108.23210428417909,3
sp500,Real Estate,2024-10-02,107.64873513138863,3
sp500,Real Estate,2024-10-03,106.69147699287048,3
sp500,Real Estate,2024-10-04,106.40876033827271,3
sp500,Real Estate,2024-10-07,105.19985371576061,3
sp500,Real Estate,2024-10-08,104.986684829962,3
sp500,Real Estate,2024-10-09,105.04779506993125,3
sp500,Real Estate,2024-10-10,104.37912599475328,3
sp500,Real Estate,2024-10-11,105.5076782748525,3
sp500,Real Estate,2024-10-14,105.98856741043959,3
sp500,Real Estate,2024-10-15,107.39845686510583,3
sp500,Real Estate,2024-10-16,109.92887521617956,3
sp500,Real Estate,2024-10-17,108.25332908287501,3
sp500,Real Estate,2024-10-18,108.88606652529576,3
sp500,Real Estate,2024-10-21,106.25765513064334,3
sp500,Real Estate,2024-10-22,106.60587623410733,3
sp500,Real Estate,2024-10-23,107.7372290616069,3
sp500,Real Estate,2024-10-24,107.16475303751577,3
sp500,Real Estate,2024-10-25,104.85431348634071,3
sp500,Real Estate,2024-10-28,105.03271826793865,3
sp500,Real Estate,2024-10-29,103.53554236668275,3
sp500,Real Estate,2024-10-30,103.89515815185182,3
sp500,Real Estate,2024-10-31,101.7980128165135,3
sp500,Real Estate,2024-11-01,101.28133522857622,3
sp500,Real Estate,2024-11-04,102.02320380140635,3
sp500,Real Estate,2024-11-05,102.37547272922527,3
sp500,Real Estate,2024-11-06,100.38751045341448,3
sp500,Real Estate,2024-11-07,100.56328748226547,3
sp500,Real Estate,2024-11-08,102.21092548411276,3
sp500,Real Estate,2024-11-11,101.6144392609805,3
sp500,Real Estate,2024-11-12,100.37487113540762,3
sp500,Real Estate,2024-11-13,101.62296348245374,3
sp500,Real Estate,2024-11-14,100.29559328808455,3
sp500,Real Estate,2024-11-15,100.2061743162959,3
sp500,Real Estate,2024-11-18,100.94643260884291,3
sp500,Real Estate,2024-11-19,101.49415061498071,3
sp500,Real Estate,2024-11-20,101.10051666715272,3
sp500,Real Estate,2024-11-21,101.48376065080407,3
sp500,Real Estate,2024-11-22,102.31728319938145,3
sp500,Real Estate,2024-11-25,103.46072317435238,3
sp500,Real Estate,2024-11-26,103.22367642725054,3
sp500,Real Estate,2024-11-27,104.26733110348782,3
sp500,Real Estate,2024-11-29,103.55503505577019,3
sp500,Real Estate,2024-12-02,102.05878970863847,3
sp500,Real Estate,2024-12-03,101.65485235715961,3
sp500,Real Estate,2024-12-04,101.25498294317347,3
sp500,Real Estate,2024-12-05,100.73836552013589,3
sp500,Real Estate,2024-12-06,100.22692528632527,3
sp500,Real Estate,2024-12-09,101.52582013779148,3
sp500,Real Estate,2024-12-10,99.95019569194034,3
sp500,Real Estate,2024-12-11,99.2474790796336,3
sp500,Real Estate,2024-12-12,98.99559772933245,3
sp500,Real Estate,2024-12-13,98.86693550923755,3
sp500,Real Estate,2024-12-16,97.62826405183424,3
sp500,Real Estate,2024-12-17,97.43590052904429,3
sp500,Real Estate,2024-12-18,93.59748592435908,3
sp500,Real Estate,2024-12-19,91.74101414521138,3
sp500,Real Estate,2024-12-20,93.44377068812997,3
sp500,Real Estate,2024-12-23,93.6370535736975,3
sp500,Real Estate,2024-12-24,94.15356740611134,3
sp500,Real Estate,2024-12-26,94.79406411570231,3
sp500,Real Estate,2024-12-27,93.74497364396493,3
sp500,Real Estate,2024-12-30,93.5900199370707,3
sp500,Real Estate,2024-12-31,94.44243964293908,3
sp500,Real Estate,2025-01-02,93.2569483388809,3
sp500,Real Estate,2025-01-03,94.47570529861255,3
sp500,Real Estate,2025-01-06,94.05283183249065,3
sp500,Real Estate,2025-01-07,93.60026987162662,3
sp500,Real Estate,2025-01-08,93.36616192363763,3
sp500,Real Estate,2025-01-10,91.54535371201492,3
sp500,Real Estate,2025-01-13,92.91669060706124,3
sp500,Real Estate,2025-01-14,94.40895477150505,3
sp500,Real Estate,2025-01-15,94.52225949135517,3
sp500,Real Estate,2025-01-16,96.91003931137875,3
sp500,Real Estate,2025-01-17,96.48986137606124,3
sp500,Real Estate,2025-01-21,99.75801607124654,3
sp500,Real Estate,2025-01-22,97.79002118648947,3
sp500,Real Estate,2025-01-23,99.09792568880887,3
sp500,Real Estate,2025-01-24,99.44802981500132,3
sp500,Real Estate,2025-01-27,101.54952810782154,3
sp500,Real Estate,2025-01-28,100.23387456205161,3
sp500,Real Estate,2025-01-29,98.94422446790627,3
sp500,Real Estate,2025-01-30,99.93203376088722,3
sp500,Real Estate,2025-01-31,99.66832519266549,3
sp500,Real Estate,2025-02-03,99.11458641875329,3
sp500,Real Estate,2025-02-04,98.99304471880241,3
sp500,Real Estate,2025-02-05,99.8318432226576,3
sp500,Real Estate,2025-02-06,99.76247977779887,3
sp500,Real Estate,2025-02-07,99.21599488221113,3
sp500,Real Estate,2025-02-10,99.70125041221799,3
sp500,Real Estate,2025-02-11,100.74487466573532,3
sp500,Real Estate,2025-02-12,99.69158109352676,3
sp500,Real Estate,2025-02-13,100.85929532003519,3
sp500,Real Estate,2025-02-14,100.42876406110986,3
sp500,Real Estate,2025-02-18,101.1606003504405,3
sp500,Real Estate,2025-02-19,101.54383254928202,3
sp500,Real Estate,2025-02-20,102.01918421933355,3
sp500,Real Estate,2025-02-21,102.04745531228143,3
sp500,Real Estate,2025-02-24,102.24468116573806,3
sp500,Real Estate,2025-02-25,102.55768995510088,3
sp500,Real Estate,2025-02-26,102.20396077892144,3
sp500,Real Estate,2025-02-27,102.79541477262335,3
sp500,Real Estate,2025-02-28,103.68573347179195,3
sp500,Real Estate,2025-03-03,104.05683592942322,3
sp500,Real Estate,2025-03-04,103.28850295396967,3
sp500,Real Estate,2025-03-05,104.52006323502646,3
sp500,Real Estate,2025-03-06,102.10774628665573,3
sp500,Real Estate,2025-03-07,102.88390284946232,3
sp500,Real Estate,2025-03-10,101.97606642493365,3
sp500,Real Estate,2025-03-11,100.34524217415779,3
sp500,Real Estate,2025-03-12,99.62727883894385,3
sp500,Real Estate,2025-03-13,97.1303950035353,3
sp500,Real Estate,2025-03-14,98.70859663307527,3
sp500,Real Estate,2025-03-17,100.18872171816584,3
sp500,Real Estate,2025-03-18,99.40105150370243,3
sp500,Real Estate,2025-03-19,99.31246942826547,3
sp500,Real Estate,2025-03-20,99.03872377036477,3
sp500,Real Estate,2025-03-21,97.21233375999073,3
sp500,Real Estate,2025-03-24,98.53998029181103,3
sp500,Real Estate,2025-03-25,97.1666663619515,3
sp500,Real Estate,2025-03-26,98.38604563215267,3
sp500,Real Estate,2025-03-27,97.95821842944058,3
sp500,Real Estate,2025-03-28,98.08778828042722,3
sp500,Real Estate,2025-03-31,99.59555615731291,3
sp500,Real Estate,2025-04-01,99.01708445210853,3
sp500,Real Estate,2025-04-02,99.4637369441768,3
sp500,Real Estate,2025-04-03,95.12482670524285,3
sp500,Real Estate,2025-04-04,91.63860288126259,3
sp500,Real Estate,2025-04-07,88.45356685981062,3
sp500,Real Estate,2025-04-08,85.80994166054829,3
sp500,Real Estate,2025-04-09,91.1479688021428,3
sp500,Real Estate,2025-04-10,89.5200393001825,3
sp500,Real Estate,2025-04-11,90.89584749148788,3
sp500,Real Estate,2025-04-14,92.75049218834248,3
sp500,Real Estate,2025-04-15,93.30785840164364,3
sp500,Real Estate,2025-04-16,93.99409742981032,3
sp500,Real Estate,2025-04-17,95.60828814495807,3
sp500,Real Estate,2025-04-21,93.6641875339304,3
sp500,Real Estate,2025-04-22,94.98954025003586,3
sp500,Real Estate,2025-04-23,95.27837429486736,3
sp500,Real Estate,2025-04-24,95.4913842113191,3
sp500,Real Estate,2025-04-25,94.94687964588408,3
sp500,Real Estate,2025-04-28,95.6723325426254,3
sp500,Real Estate,2025-04-29,95.85362523637423,3
sp500,Real Estate,2025-04-30,95.95452261469559,3
sp500,Real Estate,2025-05-01,95.95351155839708,3
sp500,Real Estate,2025-05-02,96.9523954765899,3
sp500,Real Estate,2025-05-05,96.8444725256472,3
sp500,Real Estate,2025-05-06,96.25620729691684,3
sp500,Real Estate,2025-05-07,96.42988253228177,3
sp500,Real Estate,2025-05-08,96.16348005393981,3
sp500,Real Estate,2025-05-09,97.05923284366966,3
sp500,Real Estate,2025-05-12,97.8258244212922,3
sp500,Real Estate,2025-05-13,96.71176808670664,3
sp500,Real Estate,2025-05-14,95.473137283241,3
sp500,Real Estate,2025-05-15,97.03838737883925,3
sp500,Real Estate,2025-05-16,98.32228268368551,3
sp500,Real Estate,2025-05-19,98.36501290992528,3
sp500,Real Estate,2025-05-20,97.57452278987591,3
sp500,Real Estate,2025-05-21,94.94450458749313,3
sp500,Real Estate,2025-05-22,94.88655534900698,3
sp500,Real Estate,2025-05-23,94.80387430844124,3
sp500,Real Estate,2025-05-27,96.49759827619212,3
sp500,Real Estate,2025-05-28,96.67956354463651,3
sp500,Real Estate,2025-05-29,97.65628014529301,3
sp500,Real Estate,2025-05-30,97.61869811040562,3
sp500,Real Estate,2025-06-02,97.68437373957501,3
sp500,Real Estate,2025-06-03,97.37165053973668,3
sp500,Real Estate,2025-06-04,97.23475022702843,3
sp500,Real Estate,2025-06-05,96.97490125811132,3
sp500,Real Estate,2025-06-06,97.51954810523216,3
sp500,Real Estate,2025-06-09,98.07496728719241,3
sp500,Real Estate,2025-06-10,98.83350410072707,3
sp500,Real Estate,2025-06-11,98.59328153620781,3
sp500,Real Estate,2025-06-12,98.8490961871112,3
sp500,Real Estate,2025-06-13,97.99505803211856,3
sp500,Real Estate,2025-06-16,97.73877299543047,3
sp500,Real Estate,2025-06-17,97.1746388451834,3
sp500,Real Estate,2025-06-18,97.3118049657123,3
sp500,Real Estate,2025-06-20,97.2531184359162,3
sp500,Real Estate,2025-06-23,98.85664471981018,3
sp500,Real Estate,2025-06-24,99.03079988761995,3
sp500,Real Estate,2025-06-25,96.7013151909313,3
sp500,Real Estate,2025-06-26,96.30588182651526,3
sp500,Real Estate,2025-06-27,96.66873267428213,3
sp500,Real Estate,2025-06-30,97.05146252112067,3
sp500,Real Estate,2025-07-01,97.84357592815078,3
sp500,Real Estate,2025-07-02,98.421104984565,3
sp500,Real Estate,2025-07-03,98.32998208296183,3
sp500,Real Estate,2025-07-07,97.4515871658334,3
sp500,Real Estate,2025-07-08,97.54054789001614,3
sp500,Real Estate,2025-07-09,97.10374615608744,3
sp500,Real Estate,2025-07-10,97.92722518916445,3
sp500,Real Estate,2025-07-11,98.2915751171534,3
sp500,Real Estate,2025-07-14,99.44002540651272,3
sp500,Real Estate,2025-07-15,97.57881088663773,3
sp500,Real Estate,2025-07-16,98.42453933158798,3
sp500,Real Estate,2025-07-17,97.025853572595,3
sp500,Real Estate,2025-07-18,97.26380302924126,3
sp500,Real Estate,2025-07-21,97.67916344210053,3
sp500,Real Estate,2025-07-22,99.47671232392781,3
sp500,Real Estate,2025-07-23,99.81060010209147,3
sp500,Real Estate,2025-07-24,99.6907141829411,3
sp500,Real Estate,2025-07-25,99.79824244645461,3
sp500,Real Estate,2025-07-28,97.71147075513286,3
sp500,Real Estate,2025-07-29,99.3116597699046,3
sp500,Real Estate,2025-07-30,98.14234162451069,3
sp500,Real Estate,2025-07-31,96.78697167405923,3
sp500,Real Estate,2025-08-01,96.39525163109224,3
sp500,Real Estate,2025-08-04,97.31580948168532,3
sp500,Real Estate,2025-08-05,97.88693403576227,3
sp500,Real Estate,2025-08-06,97.06907574151451,3
sp500,Real Estate,2025-08-07,97.43674540784994,3
sp500,Real Estate,2025-08-08,97.18181928382725,3
sp500,Real Estate,2025-08-11,96.44857605508503,3
sp500,Real Estate,2025-08-12,97.00701613918066,3
sp500,Real Estate,2025-08-13,97.8634144406126,3
sp500,Real Estate,2025-08-14,97.48703267229371,3
sp500,Real Estate,2025-08-15,98.27101460715623,3
sp500,Real Estate,2025-08-18,97.29828437244215,3
sp500,Real Estate,2025-08-19,100.13170594724782,3
sp500,Real Estate,2025-08-20,100.55627952030176,3
sp500,Real Estate,2025-08-21,99.73288472887474,3
sp500,Real Estate,2025-08-22,101.20106233815001,3
sp500,Real Estate,2025-08-25,100.40231757238882,3
sp500,Real Estate,2025-08-26,100.18772788664967,3
sp500,Real Estate,2025-08-27,101.0361552251255,3
sp500,Real Estate,2025-08-28,100.69473239666394,3
sp500,Real Estate,2025-08-29,101.58113633302797,3
sp500,Real Estate,2025-09-01,95.36526396594402,3
sp500,Real Estate,2025-09-02,101.83701744739399,3
sp500,Real Estate,2025-09-03,100.57150058431361,3
sp500,Real Estate,2025-09-04,101.51514783449834,3
sp500,Real Estate,2025-09-05,102.79524684707386,3
sp500,Real Estate,2025-09-08,102.45820486716141,3
sp500,Real Estate,2025-09-09,102.12737843497655,3
sp500,Real Estate,2025-09-10,101.74782336539725,3
sp500,Real Estate,2025-09-11,103.94493135464533,3
sp500,Real Estate,2025-09-12,104.08905921634293,3
sp500,Real Estate,2025-09-15,103.59900389436577,3
sp500,Real Estate,2025-09-16,103.20622919245024,3
sp500,Real Estate,2025-09-17,102.96434341057031,3
sp500,Real Estate,2025-09-18,103.07675660649906,3
sp500,Real Estate,2025-09-19,102.39005632393956,3
sp500,Real Estate,2025-09-22,102.46609724375007,3
sp500,Real Estate,2025-09-23,103.08866109801818,3
sp500,Real Estate,2025-09-24,102.20247115916573,3
sp500,Real Estate,2025-09-25,102.09845293155621,3
sp500,Real Estate,2025-09-26,103.03079782809054,3
sp500,Real Estate,2025-09-29,103.1881081593373,3
sp500,Real Estate,2025-09-30,103.54852053648442,3
sp500,Real Estate,2025-10-01,104.00474862211215,3
sp500,Real Estate,2025-10-02,103.49796177836113,3
sp500,Real Estate,2025-10-03,104.08976993233625,3
sp500,Real Estate,2025-10-06,103.49689878895192,3
sp500,Real Estate,2025-10-07,102.87402197437277,3
sp500,Real Estate,2025-10-08,102.34476972193151,3
sp500,Real Estate,2025-10-09,101.50324838026259,3
sp500,Real Estate,2025-10-10,99.88854400049976,3
sp500,Real Estate,2025-10-13,100.8147525758837,3
sp500,Real Estate,2025-10-14,102.03638096930176,3
sp500,Real Estate,2025-10-15,105.04181136134838,3
sp500,Real Estate,2025-10-16,104.36493885679062,3
sp500,Real Estate,2025-10-17,105.80839080380464,3
sp500,Real Estate,2025-10-20,107.45735269582488,3
sp500,Real Estate,2025-10-21,106.6607541945705,3
sp500,Real Estate,2025-10-22,106.94260550898129,3
sp500,Real Estate,2025-10-23,106.83889541920747,3
sp500,Real Estate,2025-10-24,106.99409789988546,3
sp500,Real Estate,2025-10-27,107.52152991349043,3
sp500,Real Estate,2025-10-28,105.72809619879517,3
sp500,Real Estate,2025-10-29,103.6838897304182,3
sp500,Real Estate,2025-10-30,103.7940959844311,3
sp500,Real Estate,2025-10-31,103.88638722697576,3
sp500,Real Estate,2025-11-03,104.00358505861729,3
sp500,Real Estate,2025-11-04,102.77350363165252,3
sp500,Real Estate,2025-11-05,102.74229494294191,3
sp500,Real Estate,2025-11-06,102.75529003110707,3
sp500,Real Estate,2025-11-07,104.05758927790416,3
sp500,Real Estate,2025-11-10,103.54619818333406,3
sp500,Real Estate,2025-11-11,104.78610292443736,3
sp500,Real Estate,2025-11-12,103.99226346911996,3
sp500,Real Estate,2025-11-13,103.12688569724328,3
sp500,Real Estate,2025-11-14,103.00315540965737,3
sp500,Real Estate,2025-11-17,103.03332816331738,3
sp500,Real Estate,2025-11-18,103.45520107467179,3
sp500,Real Estate,2025-11-19,102.41574159057845,3
sp500,Real Estate,2025-11-20,102.22703206580744,3
sp500,Real Estate,2025-11-21,103.74279500208414,3
sp500,Real Estate,2025-11-24,103.90705550656882,3
sp500,Real Estate,2025-11-25,104.62564379226882,3
sp500,Real Estate,2025-11-26,105.24859556923127,3
sp500,Real Estate,2025-11-27,95.72132926427562,3
sp500,Real Estate,2025-11-28,95.72132926427562,3
sp500,Real Estate,2025-12-01,107.76762533431967,3
sp500,Real Estate,2025-12-02,107.68409600165366,3
sp500,Real Estate,2025-12-03,108.21655460194981,3
sp500,Real Estate,2025-12-04,107.92107904643066,3
sp500,Real Estate,2025-12-05,107.99182986730702,3
sp500,Real Estate,2025-12-08,106.63297952348974,3
sp500,Real Estate,2025-12-09,106.5489238178828,3
sp500,Real Estate,2025-12-10,107.07006351211206,3
sp500,Real Estate,2025-12-11,107.80642131953131,3
sp500,Real Estate,2025-12-12,107.97170268010325,3
sp500,Real Estate,2025-12-15,108.4415457093441,3
sp500,Real Estate,2025-12-16,106.93356375416423,3
sp500,Real Estate,2025-12-17,107.39269309610309,3
sp500,Real Estate,2025-12-18,106.47632772609992,3
sp500,Real Estate,2025-12-19,105.94599934199375,3
sp500,Real Estate,2025-12-22,106.11955631867438,3
sp500,Real Estate,2025-12-23,105.6835045914035,3
sp500,Real Estate,2025-12-24,106.76178980058108,3
sp500,Real Estate,2025-12-25,97.60056593395923,3
sp500,Real Estate,2025-12-26,108.89455845043301,3
sp500,Real Estate,2025-12-29,108.89759414101732,3
sp500,Real Estate,2025-12-30,109.26128397157575,3
sp500,Real Estate,2025-12-31,108.16068966726348,3
sp500,Real Estate,2026-01-01,96.82700586460007,3
sp500,Real Estate,2026-01-02,96.82700586460007,3
sp500,Real Estate,2026-01-05,113.45794926976487,3
sp500,Real Estate,2026-01-06,112.80361990163068,3
sp500,Real Estate,2026-01-07,112.22653767548951,3
sp500,Real Estate,2026-01-08,113.61286098286602,3
sp500,Real Estate,2026-01-09,113.90915578512819,3
sp500,Real Estate,2026-01-12,114.33028663849836,3
sp500,Real Estate,2026-01-13,115.10554335251643,3
sp500,Real Estate,2026-01-14,116.72369658329451,3
sp500,Real Estate,2026-01-15,117.41686093591859,3
sp500,Real Estate,2026-01-16,118.4827694022654,3
sp500,Real Estate,2026-01-19,104.8405104175457,3
sp500,Real Estate,2026-01-20,104.8405104175457,3
sp500,Real Estate,2026-01-21,122.54759090953233,3
sp500,Real Estate,2026-01-22,120.13093094166013,3
sp500,Real Estate,2026-01-23,120.29005494961751,3
sp500,Real Estate,2026-01-26,119.78541187677972,3
sp500,Real Estate,2026-01-27,120.83281619723974,3
sp500,Real Estate,2026-01-28,119.36508565283457,3
sp500,Real Estate,2026-01-29,121.41787335283871,3
sp500,Real Estate,2026-01-30,121.7576192854318,3
sp500,Real Estate,2026-02-02,120.64582811027027,3
sp500,Real Estate,2026-02-03,121.8564514358315,3
sp500,Real Estate,2026-02-04,124.01342995680018,3
sp500,Real Estate,2026-02-05,124.94853250956844,3
sp500,Real Estate,2026-02-06,125.76667005743174,3
sp500,Real Estate,2026-02-09,125.95209869251318,3
sp500,Real Estate,2026-02-10,128.03173361876182,3
sp500,Real Estate,2026-02-11,128.01379600332734,3
sp500,Real Estate,2026-02-12,127.08106098442788,3
sp500,Real Estate,2026-02-13,129.06968795339756,3
sp500,Real Estate,2026-02-16,115.416513493966,3
sp500,Real Estate,2026-02-17,115.416513493966,3
sp500,Real Estate,2026-02-18,132.88779394763264,3
sp500,Real Estate,2026-02-19,132.89946020367756,3
sp500,Real Estate,2026-02-20,134.45328575172198,3
sp500,Real Estate,2026-02-23,134.58006167101692,3
sp500,Real Estate,2026-02-24,134.44562953155793,3
sp500,Real Estate,2026-02-25,133.87983602646293,3
sp500,Real Estate,2026-02-26,135.43627727933028,3
sp500,Real Estate,2026-02-27,135.75929175770972,3
sp500,Real Estate,2026-03-02,136.29863270079773,3
sp500,Real Estate,2026-03-03,134.83707361003405,3
sp500,Real Estate,2026-03-04,134.01180396996466,3
sp500,Real Estate,2026-03-05,132.24772658720673,3
sp500,Real Estate,2026-03-06,130.8452145513255,3
sp500,Real Estate,2026-03-09,131.10061184970246,3
sp500,Real Estate,2026-03-10,131.32156328813446,3
sp500,Real Estate,2026-03-11,130.18750172518813,3
sp500,Real Estate,2026-03-12,129.29511992414967,3
sp500,Real Estate,2026-03-13,128.92535379546538,3
sp500,Real Estate,2026-03-16,130.36127645608187,3
sp500,Real Estate,2026-03-17,129.71869625448775,3
sp500,Real Estate,2026-03-18,127.71857233140076,3
sp500,Real Estate,2026-03-19,127.24145238065059,3
sp500,Real Estate,2026-03-20,123.7854650852641,3
sp500,Real Estate,2026-03-23,124.77992944080272,3
sp500,Real Estate,2026-03-24,123.81460723600239,3
sp500,Real Estate,2026-03-25,123.51185639910811,3
sp500,Real Estate,2026-03-26,123.40375885625224,3
sp500,Real Estate,2026-03-27,123.08645019508543,3
sp500,Real Estate,2026-03-30,123.51486318823825,3
sp500,Real Estate,2026-03-31,125.26793888793671,3
sp500,Real Estate,2026-04-01,126.25962878769484,3
sp500,Real Estate,2026-04-02,127.19502316668031,3
sp500,Real Estate,2026-04-03,112.53464914975746,3
sp500,Real Estate,2026-04-06,112.53464914975746,3
sp500,Real Estate,2026-04-07,132.3329553504434,3
sp500,Real Estate,2026-04-08,134.91184868248138,3
sp500,Real Estate,2026-04-09,135.72732326166414,3
sp500,Real Estate,2026-04-10,135.94650350377736,3
sp500,Real Estate,2026-04-13,135.79820862964164,3
sp500,Real Estate,2026-04-14,136.97951962041907,3
sp500,Real Estate,2026-04-15,137.58608614788668,3
sp500,Real Estate,2026-04-16,139.28433664544838,3
sp500,Real Estate,2026-04-17,141.3059946825453,3
sp500,Real Estate,2026-04-20,141.33076834674964,3
sp500,Real Estate,2026-04-21,138.81783225400528,3
sp500,Real Estate,2026-04-22,137.7940803051037,3
sp500,Real Estate,2026-04-23,139.10086565669047,3
sp500,Real Estate,2026-04-24,138.38774941975933,3
sp500,Real Estate,2026-04-27,137.03835377995654,3
sp500,Real Estate,2026-04-28,138.53263400271737,3
sp500,Real Estate,2026-04-29,137.09742893427335,3
sp500,Real Estate,2026-04-30,139.52543025862158,3
sp500,Real Estate,2026-05-01,138.8840003359483,3
sp500,Real Estate,2026-05-04,137.4660994281349,3
sp500,Real Estate,2026-05-05,138.19540817968212,3
sp500,Real Estate,2026-05-06,140.0177380620573,3
sp500,Real Estate,2026-05-07,137.86330394252184,3
sp500,Real Estate,2026-05-08,138.65097553157938,3
sp500,Real Estate,2026-05-11,139.006464681165,3
sp500,Real Estate,2026-05-12,139.03307313345655,3
sp500,Real Estate,2026-05-13,137.33368552739438,3
sp500,Real Estate,2026-05-14,137.60174844534072,3
sp500,Real Estate,2026-05-15,135.61661336295037,3
sp500,Real Estate,2026-05-18,137.15508420391444,3
sp500,Real Estate,2026-05-19,137.60829746128064,3
sp500,Real Estate,2026-05-20,139.02296241737628,3
sp500,Real Estate,2026-05-21,139.0859524648955,3
sp500,Real Estate,2026-05-22,139.38456161442872,3
sp500,Real Estate,2026-05-25,139.38456161442872,3
sp500,Real Estate,2026-05-26,139.38456161442872,3
sp500,Real Estate,2026-05-27,139.7813737557472,3
sp500,Real Estate,2026-05-28,138.9490479732049,3
sp500,Real Estate,2026-05-29,137.5433623589417,3
sp500,Real Estate,2026-06-01,134.05565731127862,3
sp500,Real Estate,2026-06-02,134.97679854852592,3
sp500,Real Estate,2026-06-03,135.2335668959783,3
sp500,Real Estate,2026-06-04,136.68929593598568,3
sp500,Real Estate,2026-06-05,138.08528853669276,3
sp500,Real Estate,2026-06-08,136.26916032684838,3
sp500,Real Estate,2026-06-09,139.76242356104785,3
sp500,Real Estate,2026-06-10,139.86866330709552,3
sp500,Real Estate,2026-06-11,140.13929202851423,3
sp500,Real Estate,2026-06-12,141.6730950978559,3
sp500,Real Estate,2026-06-15,140.82941016945034,3
sp500,Real Estate,2026-06-16,140.21488960442286,3
sp500,Real Estate,2026-06-17,136.18741318722195,3
sp500,Real Estate,2026-06-18,135.78750562210905,3
sp500,Real Estate,2026-06-19,135.78750562210905,3
sp500,Real Estate,2026-06-22,135.78750562210905,3
sp500,Real Estate,2026-06-23,139.36309002200613,3
sp500,Real Estate,2026-06-24,137.90606165035913,3
sp500,Real Estate,2026-06-25,137.91748507204315,3
sp500,Real Estate,2026-06-26,139.23464552827562,3
sp500,Real Estate,2026-06-29,138.57312287663672,3
sp500,Real Estate,2026-06-30,135.83491758760297,3
sp500,Real Estate,2026-07-01,136.36026143908947,3
sp500,Real Estate,2026-07-02,139.28267497257931,3
sp500,Real Estate,2026-07-03,139.28267497257931,3
sp500,Real Estate,2026-07-06,139.28267497257931,3
sp500,Real Estate,2026-07-07,140.97816332976544,3
sp500,Real Estate,2026-07-08,138.78736224939013,3
sp500,Real Estate,2026-07-09,139.0001721175253,3
sp500,Real Estate,2026-07-10,139.05201442921694,3
sp500,Real Estate,2026-07-13,140.3489899754333,3
sp500,Real Estate,2026-07-14,140.04163694879134,3
sp500,Real Estate,2026-07-15,140.11172462278873,3
sp500,Real Estate,2026-07-16,145.1670607287956,3
sp500,Real Estate,2026-07-17,145.02637601681448,3
sp500,Real Estate,2026-07-20,143.62995799547548,3
sp500,Real Estate,2026-07-21,144.30823874992407,3
sp500,Real Estate,2026-07-22,142.41510847127722,3
sp500,Real Estate,2026-07-23,142.16839564146463,3
sp500,Real Estate,2026-07-24,144.65039262083718,3
sp500,Real Estate,2026-07-27,144.32690731358295,3
sp500,Real Estate,2026-07-28,144.64629052610908,3
sp500,Real Estate,2026-07-29,143.82766068590837,3
sp500,Real Estate,2026-07-30,142.69573257347062,3
sp500,Utilities,2023-08-09,100.0,5
sp500,Utilities,2023-08-10,100.06832880346049,5
sp500,Utilities,2023-08-11,100.3659782882133,5
sp500,Utilities,2023-08-14,99.32966978444284,5
sp500,Utilities,2023-08-15,97.68092665969756,5
sp500,Utilities,2023-08-16,98.02917335239194,5
sp500,Utilities,2023-08-17,97.74372872815059,5
sp500,Utilities,2023-08-18,98.01589227960262,5
sp500,Utilities,2023-08-21,97.1642585507385,5
sp500,Utilities,2023-08-22,97.20315669484636,5
sp500,Utilities,2023-08-23,97.62106114175995,5
sp500,Utilities,2023-08-24,97.28085420855575,5
sp500,Utilities,2023-08-25,98.11857701448791,5
sp500,Utilities,2023-08-28,98.15977121322602,5
sp500,Utilities,2023-08-29,98.55760883150802,5
sp500,Utilities,2023-08-30,98.30422708316316,5
sp500,Utilities,2023-08-31,97.07418937202696,5
sp500,Utilities,2023-09-01,96.27622129631021,5
sp500,Utilities,2023-09-05,94.72355595446031,5
sp500,Utilities,2023-09-06,94.50159020471112,5
sp500,Utilities,2023-09-07,95.59113316508835,5
sp500,Utilities,2023-09-08,96.89014853045657,5
sp500,Utilities,2023-09-11,97.40095730754406,5
sp500,Utilities,2023-09-12,97.78140825754356,5
sp500,Utilities,2023-09-13,99.0671908062387,5
sp500,Utilities,2023-09-14,100.67632015830208,5
sp500,Utilities,2023-09-15,100.33081607499925,5
sp500,Utilities,2023-09-18,100.241854229748,5
sp500,Utilities,2023-09-19,99.43907948074508,5
sp500,Utilities,2023-09-20,99.708877986743,5
sp500,Utilities,2023-09-21,98.62922810482321,5
sp500,Utilities,2023-09-22,98.67018553166,5
sp500,Utilities,2023-09-25,98.52014204075557,5
sp500,Utilities,2023-09-26,95.46884436756159,5
sp500,Utilities,2023-09-27,93.03609991020043,5
sp500,Utilities,2023-09-28,90.71793649535762,5
sp500,Utilities,2023-09-29,90.95266240651264,5
sp500,Utilities,2023-10-02,86.39604981437742,5
sp500,Utilities,2023-10-03,87.33187318997494,5
sp500,Utilities,2023-10-04,86.76084852902346,5
sp500,Utilities,2023-10-05,85.34941310526396,5
sp500,Utilities,2023-10-06,86.51582034047495,5
sp500,Utilities,2023-10-09,87.2616079971166,5
sp500,Utilities,2023-10-10,88.64680090036555,5
sp500,Utilities,2023-10-11,90.0868155786532,5
sp500,Utilities,2023-10-12,88.13812426057478,5
sp500,Utilities,2023-10-13,89.36941559078173,5
sp500,Utilities,2023-10-16,90.27242432128699,5
sp500,Utilities,2023-10-17,89.77233904789105,5
sp500,Utilities,2023-10-18,88.56094086660093,5
sp500,Utilities,2023-10-19,87.924394207587,5
sp500,Utilities,2023-10-20,86.92079321616623,5
sp500,Utilities,2023-10-23,86.34156545142824,5
sp500,Utilities,2023-10-24,88.78888579704909,5
sp500,Utilities,2023-10-25,89.57318874149401,5
sp500,Utilities,2023-10-26,90.57418325330185,5
sp500,Utilities,2023-10-27,89.05227946200888,5
sp500,Utilities,2023-10-30,89.5797334732927,5
sp500,Utilities,2023-10-31,90.43707041429357,5
sp500,Utilities,2023-11-01,91.09357821805271,5
sp500,Utilities,2023-11-02,93.12323981979131,5
sp500,Utilities,2023-11-03,94.37085366033166,5
sp500,Utilities,2023-11-06,94.58032824480117,5
sp500,Utilities,2023-11-07,94.06275671380605,5
sp500,Utilities,2023-11-08,93.50869299184411,5
sp500,Utilities,2023-11-09,91.71860786018988,5
sp500,Utilities,2023-11-10,92.08148870056499,5
sp500,Utilities,2023-11-13,90.59006878231607,5
sp500,Utilities,2023-11-14,94.07104188486812,5
sp500,Utilities,2023-11-15,93.80696124153737,5
sp500,Utilities,2023-11-16,94.26923462112356,5
sp500,Utilities,2023-11-17,94.31422118129213,5
sp500,Utilities,2023-11-20,93.87641612689617,5
sp500,Utilities,2023-11-21,94.47549338991185,5
sp500,Utilities,2023-11-22,94.53838777623432,5
sp500,Utilities,2023-11-24,94.83570895175976,5
sp500,Utilities,2023-11-27,95.05189376464584,5
sp500,Utilities,2023-11-28,95.67193587913681,5
sp500,Utilities,2023-11-29,95.34665756899646,5
sp500,Utilities,2023-11-30,95.44157739481656,5
sp500,Utilities,2023-12-01,96.6668702459681,5
sp500,Utilities,2023-12-04,96.14245499771688,5
sp500,Utilities,2023-12-05,95.73234575862021,5
sp500,Utilities,2023-12-06,97.68551832294104,5
sp500,Utilities,2023-12-07,97.46798183189372,5
sp500,Utilities,2023-12-08,97.33091848865439,5
sp500,Utilities,2023-12-11,97.76945471022948,5
sp500,Utilities,2023-12-12,97.33816902842119,5
sp500,Utilities,2023-12-13,101.21105128788588,5
sp500,Utilities,2023-12-14,100.72333264567315,5
sp500,Utilities,2023-12-15,99.24347755902,5
sp500,Utilities,2023-12-18,99.10637306743334,5
sp500,Utilities,2023-12-19,99.20081753756973,5
sp500,Utilities,2023-12-20,97.19440897967239,5
sp500,Utilities,2023-12-21,96.92040756033853,5
sp500,Utilities,2023-12-22,97.19240672044458,5
sp500,Utilities,2023-12-26,97.50724826735228,5
sp500,Utilities,2023-12-27,97.32466974187093,5
sp500,Utilities,2023-12-28,98.15712661715658,5
sp500,Utilities,2023-12-29,98.02857741059704,5
sp500,Utilities,2024-01-02,99.75917132552102,5
sp500,Utilities,2024-01-03,100.49964223657966,5
sp500,Utilities,2024-01-04,100.13851346578807,5
sp500,Utilities,2024-01-05,100.72384002445138,5
sp500,Utilities,2024-01-08,101.41801442999012,5
sp500,Utilities,2024-01-09,100.58858569824831,5
sp500,Utilities,2024-01-10,100.17750866497566,5
sp500,Utilities,2024-01-11,98.03491477531117,5
sp500,Utilities,2024-01-12,98.99335931765748,5
sp500,Utilities,2024-01-16,98.01580516972997,5
sp500,Utilities,2024-01-17,96.35791562853146,5
sp500,Utilities,2024-01-18,95.06395858291935,5
sp500,Utilities,2024-01-19,94.73714626281037,5
sp500,Utilities,2024-01-22,94.25479993158025,5
sp500,Utilities,2024-01-23,94.63681680628987,5
sp500,Utilities,2024-01-24,93.58369254732035,5
sp500,Utilities,2024-01-25,95.13146752758884,5
sp500,Utilities,2024-01-26,95.38251746076469,5
sp500,Utilities,2024-01-29,95.81817192187081,5
sp500,Utilities,2024-01-30,95.83891090687325,5
sp500,Utilities,2024-01-31,95.68197505854192,5
sp500,Utilities,2024-02-01,97.49009652318867,5
sp500,Utilities,2024-02-02,95.44952907628584,5
sp500,Utilities,2024-02-05,93.29099729095655,5
sp500,Utilities,2024-02-06,93.67302180501449,5
sp500,Utilities,2024-02-07,93.45959392969357,5
sp500,Utilities,2024-02-08,92.40291535873347,5
sp500,Utilities,2024-02-09,92.6910909484948,5
sp500,Utilities,2024-02-12,94.03143975809508,5
sp500,Utilities,2024-02-13,92.77926781656481,5
sp500,Utilities,2024-02-14,93.27614462620505,5
sp500,Utilities,2024-02-15,94.5025775497088,5
sp500,Utilities,2024-02-16,94.37756486973579,5
sp500,Utilities,2024-02-20,94.09091660017344,5
sp500,Utilities,2024-02-21,95.44333734474415,5
sp500,Utilities,2024-02-22,94.58220827791848,5
sp500,Utilities,2024-02-23,95.89873371527479,5
sp500,Utilities,2024-02-26,93.59812320510792,5
sp500,Utilities,2024-02-27,95.09727736783573,5
sp500,Utilities,2024-02-28,95.04959547572896,5
sp500,Utilities,2024-02-29,95.67715651891439,5
sp500,Utilities,2024-03-01,94.10984864916628,5
sp500,Utilities,2024-03-04,95.52219009250553,5
sp500,Utilities,2024-03-05,95.21796763647255,5
sp500,Utilities,2024-03-06,96.09789875468243,5
sp500,Utilities,2024-03-07,97.02303333089152,5
sp500,Utilities,2024-03-08,97.53246613113936,5
sp500,Utilities,2024-03-11,97.78338302185453,5
sp500,Utilities,2024-03-12,96.89983798684598,5
sp500,Utilities,2024-03-13,98.3341352599032,5
sp500,Utilities,2024-03-14,97.62567246311752,5
sp500,Utilities,2024-03-15,97.80525396032954,5
sp500,Utilities,2024-03-18,98.26135513124912,5
sp500,Utilities,2024-03-19,99.1631368994438,5
sp500,Utilities,2024-03-20,99.27113978235172,5
sp500,Utilities,2024-03-21,99.01615338102248,5
sp500,Utilities,2024-03-22,98.94113995941105,5
sp500,Utilities,2024-03-25,99.19600582953596,5
sp500,Utilities,2024-03-26,97.6990873939776,5
sp500,Utilities,2024-03-27,100.77651218822635,5
sp500,Utilities,2024-03-28,101.72751395752633,5
sp500,Utilities,2024-04-01,100.86633459192964,5
sp500,Utilities,2024-04-02,100.84848895710483,5
sp500,Utilities,2024-04-03,100.27620901901047,5
sp500,Utilities,2024-04-04,100.34338108282998,5
sp500,Utilities,2024-04-05,100.36574083017614,5
sp500,Utilities,2024-04-08,100.86850642550642,5
sp500,Utilities,2024-04-09,101.90677271331032,5
sp500,Utilities,2024-04-10,100.10563341927907,5
sp500,Utilities,2024-04-11,100.00295168127865,5
sp500,Utilities,2024-04-12,99.16747420531154,5
sp500,Utilities,2024-04-15,98.11574302977529,5
sp500,Utilities,2024-04-16,96.57321091036874,5
sp500,Utilities,2024-04-17,99.16705445725815,5
sp500,Utilities,2024-04-18,100.17924415901291,5
sp500,Utilities,2024-04-19,102.12296000408998,5
sp500,Utilities,2024-04-22,103.14734023611261,5
sp500,Utilities,2024-04-23,103.69827011941322,5
sp500,Utilities,2024-04-24,104.58399288115953,5
sp500,Utilities,2024-04-25,104.84832854656285,5
sp500,Utilities,2024-04-26,103.35629508931903,5
sp500,Utilities,2024-04-29,104.97778084257266,5
sp500,Utilities,2024-04-30,104.26578047187711,5
sp500,Utilities,2024-05-01,105.97182889829917,5
sp500,Utilities,2024-05-02,106.20469446080156,5
sp500,Utilities,2024-05-03,107.13637621922263,5
sp500,Utilities,2024-05-06,107.45727479604548,5
sp500,Utilities,2024-05-07,109.03698619264901,5
sp500,Utilities,2024-05-08,109.71290616225977,5
sp500,Utilities,2024-05-09,110.92635497939622,5
sp500,Utilities,2024-05-10,110.84235539138476,5
sp500,Utilities,2024-05-13,111.25175662779708,5
sp500,Utilities,2024-05-14,111.11838589049299,5
sp500,Utilities,2024-05-15,112.43702732783285,5
sp500,Utilities,2024-05-16,112.3379671417772,5
sp500,Utilities,2024-05-17,112.63442323905247,5
sp500,Utilities,2024-05-20,112.51874709349192,5
sp500,Utilities,2024-05-21,113.23729336794159,5
sp500,Utilities,2024-05-22,112.07501063982221,5
sp500,Utilities,2024-05-23,110.04951699265479,5
sp500,Utilities,2024-05-24,110.70237626206875,5
sp500,Utilities,2024-05-28,110.64876450347818,5
sp500,Utilities,2024-05-29,109.66742590339426,5
sp500,Utilities,2024-05-30,111.1579504745015,5
sp500,Utilities,2024-05-31,113.46455704076313,5
sp500,Utilities,2024-06-03,112.69723803238972,5
sp500,Utilities,2024-06-04,112.79518515869856,5
sp500,Utilities,2024-06-05,111.42472422224836,5
sp500,Utilities,2024-06-06,110.86530457981918,5
sp500,Utilities,2024-06-07,109.78262261513191,5
sp500,Utilities,2024-06-10,110.5822469381439,5
sp500,Utilities,2024-06-11,109.1957768753343,5
sp500,Utilities,2024-06-12,108.39253744893911,5
sp500,Utilities,2024-06-13,108.66307003591808,5
sp500,Utilities,2024-06-14,108.76572184985011,5
sp500,Utilities,2024-06-17,107.45808044039988,5
sp500,Utilities,2024-06-18,106.7480287762246,5
sp500,Utilities,2024-06-20,107.87891100916431,5
sp500,Utilities,2024-06-21,107.3512511113587,5
sp500,Utilities,2024-06-24,108.82775045365247,5
sp500,Utilities,2024-06-25,107.30996233436309,5
sp500,Utilities,2024-06-26,107.51624277229045,5
sp500,Utilities,2024-06-27,108.148200644073,5
sp500,Utilities,2024-06-28,106.68359042333364,5
sp500,Utilities,2024-07-01,105.52231484473644,5
sp500,Utilities,2024-07-02,106.2580683530328,5
sp500,Utilities,2024-07-03,106.99995892993626,5
sp500,Utilities,2024-07-05,107.34969156721621,5
sp500,Utilities,2024-07-08,107.21960931895931,5
sp500,Utilities,2024-07-09,107.58269210397916,5
sp500,Utilities,2024-07-10,108.56122986638262,5
sp500,Utilities,2024-07-11,111.29226183009575,5
sp500,Utilities,2024-07-12,112.09000674485623,5
sp500,Utilities,2024-07-15,110.19780464354163,5
sp500,Utilities,2024-07-16,111.36725018229394,5
sp500,Utilities,2024-07-17,112.13515805281122,5
sp500,Utilities,2024-07-18,111.95382621452998,5
sp500,Utilities,2024-07-19,111.93050837990748,5
sp500,Utilities,2024-07-22,112.92454621448688,5
sp500,Utilities,2024-07-23,111.81279135065121,5
sp500,Utilities,2024-07-24,114.45923961690639,5
sp500,Utilities,2024-07-25,113.63452215426966,5
sp500,Utilities,2024-07-26,114.44799926092635,5
sp500,Utilities,2024-07-29,115.09386767711783,5
sp500,Utilities,2024-07-30,115.80940531396145,5
sp500,Utilities,2024-07-31,116.47756009710524,5
sp500,Utilities,2024-08-01,120.53057432152485,5
sp500,Utilities,2024-08-02,121.7495294258359,5
sp500,Utilities,2024-08-05,118.02218103144453,5
sp500,Utilities,2024-08-06,118.59700812059981,5
sp500,Utilities,2024-08-07,119.8449612194124,5
sp500,Utilities,2024-08-08,118.62292692841282,5
sp500,Utilities,2024-08-09,118.74156092276706,5
sp500,Utilities,2024-08-12,119.04936850049366,5
sp500,Utilities,2024-08-13,119.6879065529302,5
sp500,Utilities,2024-08-14,119.56649794252829,5
sp500,Utilities,2024-08-15,118.9974391320671,5
sp500,Utilities,2024-08-16,119.68296144795185,5
sp500,Utilities,2024-08-19,120.16284860699831,5
sp500,Utilities,2024-08-20,119.96850548775507,5
sp500,Utilities,2024-08-21,120.59438598203735,5
sp500,Utilities,2024-08-22,120.00806269298911,5
sp500,Utilities,2024-08-23,120.20693310271919,5
sp500,Utilities,2024-08-26,120.95476503044762,5
sp500,Utilities,2024-08-27,119.8714104560076,5
sp500,Utilities,2024-08-28,120.03672286447807,5
sp500,Utilities,2024-08-29,120.5819007334891,5
sp500,Utilities,2024-08-30,121.13368946952406,5
sp500,Utilities,2024-09-03,122.72553681268738,5
sp500,Utilities,2024-09-04,123.94528024574643,5
sp500,Utilities,2024-09-05,123.87466321139678,5
sp500,Utilities,2024-09-06,123.057560860856,5
sp500,Utilities,2024-09-09,124.30176241204165,5
sp500,Utilities,2024-09-10,124.72611301925309,5
sp500,Utilities,2024-09-11,124.41979811552982,5
sp500,Utilities,2024-09-12,124.26477372425144,5
sp500,Utilities,2024-09-13,125.88382054743109,5
sp500,Utilities,2024-09-16,126.43990284985358,5
sp500,Utilities,2024-09-17,126.00650318489484,5
sp500,Utilities,2024-09-18,124.79303765097767,5
sp500,Utilities,2024-09-19,123.67484439014586,5
sp500,Utilities,2024-09-20,124.6075003789084,5
sp500,Utilities,2024-09-23,125.71954962656133,5
sp500,Utilities,2024-09-24,124.41823631090799,5
sp500,Utilities,2024-09-25,124.48310407505585,5
sp500,Utilities,2024-09-26,123.66747073079108,5
sp500,Utilities,2024-09-27,124.76216384692597,5
sp500,Utilities,2024-09-30,125.09844004451212,5
sp500,Utilities,2024-10-01,125.81347274766317,5
sp500,Utilities,2024-10-02,126.10778461102822,5
sp500,Utilities,2024-10-03,125.32163942736754,5
sp500,Utilities,2024-10-04,124.28519589395175,5
sp500,Utilities,2024-10-07,120.96951619626117,5
sp500,Utilities,2024-10-08,121.15412174401139,5
sp500,Utilities,2024-10-09,120.9209798702517,5
sp500,Utilities,2024-10-10,120.73236400604293,5
sp500,Utilities,2024-10-11,121.99594088089245,5
sp500,Utilities,2024-10-14,123.18911356231865,5
sp500,Utilities,2024-10-15,124.33787766099013,5
sp500,Utilities,2024-10-16,127.49967156492563,5
sp500,Utilities,2024-10-17,127.15463655071153,5
sp500,Utilities,2024-10-18,127.54404663333831,5
sp500,Utilities,2024-10-21,127.02749699239114,5
sp500,Utilities,2024-10-22,126.94031305734477,5
sp500,Utilities,2024-10-23,128.3929020015131,5
sp500,Utilities,2024-10-24,126.83152464978262,5
sp500,Utilities,2024-10-25,124.75126637092981,5
sp500,Utilities,2024-10-28,125.59602281575015,5
sp500,Utilities,2024-10-29,122.42229511462787,5
sp500,Utilities,2024-10-30,121.99602591908945,5
sp500,Utilities,2024-10-31,123.56219774320824,5
sp500,Utilities,2024-11-01,121.13894002034556,5
sp500,Utilities,2024-11-04,121.0329234648135,5
sp500,Utilities,2024-11-05,122.5138472917236,5
sp500,Utilities,2024-11-06,119.12844283233026,5
sp500,Utilities,2024-11-07,118.32830635589215,5
sp500,Utilities,2024-11-08,120.49915279493138,5
sp500,Utilities,2024-11-11,119.59672190730697,5
sp500,Utilities,2024-11-12,117.9325610839544,5
sp500,Utilities,2024-11-13,117.662715458528,5
sp500,Utilities,2024-11-14,117.60642472460412,5
sp500,Utilities,2024-11-15,119.81159602752369,5
sp500,Utilities,2024-11-18,120.2248416927545,5
sp500,Utilities,2024-11-19,120.52111396062006,5
sp500,Utilities,2024-11-20,120.51798333821935,5
sp500,Utilities,2024-11-21,121.50882806658163,5
sp500,Utilities,2024-11-22,120.6816892370624,5
sp500,Utilities,2024-11-25,121.46204649976518,5
sp500,Utilities,2024-11-26,122.9618678135068,5
sp500,Utilities,2024-11-27,123.86137729172563,5
sp500,Utilities,2024-11-29,123.26061667752357,5
sp500,Utilities,2024-12-02,120.99272472891175,5
sp500,Utilities,2024-12-03,119.42956472953993,5
sp500,Utilities,2024-12-04,118.7479303215973,5
sp500,Utilities,2024-12-05,119.66714046143639,5
sp500,Utilities,2024-12-06,117.82683197421461,5
sp500,Utilities,2024-12-09,117.20854010230522,5
sp500,Utilities,2024-12-10,116.53557320808791,5
sp500,Utilities,2024-12-11,115.17778482557273,5
sp500,Utilities,2024-12-12,114.5052966413422,5
sp500,Utilities,2024-12-13,114.5671857906409,5
sp500,Utilities,2024-12-16,113.20618154899273,5
sp500,Utilities,2024-12-17,113.58877543813138,5
sp500,Utilities,2024-12-18,111.44803026845065,5
sp500,Utilities,2024-12-19,111.79912475580372,5
sp500,Utilities,2024-12-20,113.60666465456578,5
sp500,Utilities,2024-12-23,114.01015599541454,5
sp500,Utilities,2024-12-24,114.17924940424864,5
sp500,Utilities,2024-12-26,113.68181025807264,5
sp500,Utilities,2024-12-27,113.89303173705656,5
sp500,Utilities,2024-12-30,113.30564262502179,5
sp500,Utilities,2024-12-31,113.31098671264257,5
sp500,Utilities,2025-01-02,113.38965540915422,5
sp500,Utilities,2025-01-03,113.73536334346399,5
sp500,Utilities,2025-01-06,111.9527692468782,5
sp500,Utilities,2025-01-07,112.01833316410334,5
sp500,Utilities,2025-01-08,113.60219117815377,5
sp500,Utilities,2025-01-10,111.39116472132969,5
sp500,Utilities,2025-01-13,111.73439171247455,5
sp500,Utilities,2025-01-14,112.3601061481172,5
sp500,Utilities,2025-01-15,112.91914299938321,5
sp500,Utilities,2025-01-16,115.57308954986398,5
sp500,Utilities,2025-01-17,115.61568830157847,5
sp500,Utilities,2025-01-21,116.59008980897008,5
sp500,Utilities,2025-01-22,113.47554062032262,5
sp500,Utilities,2025-01-23,113.87309679666542,5
sp500,Utilities,2025-01-24,115.78493417448936,5
sp500,Utilities,2025-01-27,119.54624206234108,5
sp500,Utilities,2025-01-28,116.59163564597867,5
sp500,Utilities,2025-01-29,115.82136436470134,5
sp500,Utilities,2025-01-30,117.17980978115037,5
sp500,Utilities,2025-01-31,116.9249842686969,5
sp500,Utilities,2025-02-03,117.56139738069665,5
sp500,Utilities,2025-02-04,115.46982323643893,5
sp500,Utilities,2025-02-05,116.13444883317258,5
sp500,Utilities,2025-02-06,116.5729200985914,5
sp500,Utilities,2025-02-07,116.70092655972857,5
sp500,Utilities,2025-02-10,117.9724355337698,5
sp500,Utilities,2025-02-11,119.08388119487722,5
sp500,Utilities,2025-02-12,118.96609827627951,5
sp500,Utilities,2025-02-13,118.2452026302934,5
sp500,Utilities,2025-02-14,116.97395490910179,5
sp500,Utilities,2025-02-18,117.1545270891213,5
sp500,Utilities,2025-02-19,117.9265266225404,5
sp500,Utilities,2025-02-20,119.51350973094894,5
sp500,Utilities,2025-02-21,121.36251983130765,5
sp500,Utilities,2025-02-24,121.29483095745321,5
sp500,Utilities,2025-02-25,122.5549897551021,5
sp500,Utilities,2025-02-26,121.6499090459711,5
sp500,Utilities,2025-02-27,120.21529463040588,5
sp500,Utilities,2025-02-28,121.49256434051627,5
sp500,Utilities,2025-03-03,123.01090347116155,5
sp500,Utilities,2025-03-04,120.35714245159188,5
sp500,Utilities,2025-03-05,119.1303243347998,5
sp500,Utilities,2025-03-06,118.54468370336997,5
sp500,Utilities,2025-03-07,121.75289797526918,5
sp500,Utilities,2025-03-10,124.8595214208567,5
sp500,Utilities,2025-03-11,121.93344924834793,5
sp500,Utilities,2025-03-12,119.99253391172078,5
sp500,Utilities,2025-03-13,120.97375795413984,5
sp500,Utilities,2025-03-14,122.41022104259149,5
sp500,Utilities,2025-03-17,122.1978795743134,5
sp500,Utilities,2025-03-18,121.68302344512125,5
sp500,Utilities,2025-03-19,121.17980436564903,5
sp500,Utilities,2025-03-20,121.7916266754312,5
sp500,Utilities,2025-03-21,120.87637780782234,5
sp500,Utilities,2025-03-24,119.96601935005089,5
sp500,Utilities,2025-03-25,117.6879236075512,5
sp500,Utilities,2025-03-26,119.41612719646513,5
sp500,Utilities,2025-03-27,120.44695866244648,5
sp500,Utilities,2025-03-28,121.89076138929632,5
sp500,Utilities,2025-03-31,123.790287118335,5
sp500,Utilities,2025-04-01,123.46305218770381,5
sp500,Utilities,2025-04-02,122.87689186626287,5
sp500,Utilities,2025-04-03,124.86091259900051,5
sp500,Utilities,2025-04-04,118.42075455797314,5
sp500,Utilities,2025-04-07,115.38259695819804,5
sp500,Utilities,2025-04-08,114.17362708453224,5
sp500,Utilities,2025-04-09,117.15976968734346,5
sp500,Utilities,2025-04-10,117.3103451166277,5
sp500,Utilities,2025-04-11,118.35912594514618,5
sp500,Utilities,2025-04-14,120.75979680042536,5
sp500,Utilities,2025-04-15,120.5206651068808,5
sp500,Utilities,2025-04-16,119.18169164020927,5
sp500,Utilities,2025-04-17,120.51746843273095,5
sp500,Utilities,2025-04-21,118.19655734400587,5
sp500,Utilities,2025-04-22,120.99955096484341,5
sp500,Utilities,2025-04-23,120.53221355907723,5
sp500,Utilities,2025-04-24,119.97537933741573,5
sp500,Utilities,2025-04-25,119.37806787644685,5
sp500,Utilities,2025-04-28,120.08983329438827,5
sp500,Utilities,2025-04-29,121.44254055476564,5
sp500,Utilities,2025-04-30,121.48512115273265,5
sp500,Utilities,2025-05-01,120.95414650685731,5
sp500,Utilities,2025-05-02,121.38519208679178,5
sp500,Utilities,2025-05-05,120.54884742735818,5
sp500,Utilities,2025-05-06,121.30681192058246,5
sp500,Utilities,2025-05-07,121.992977168168,5
sp500,Utilities,2025-05-08,120.76027563589136,5
sp500,Utilities,2025-05-09,121.46330632100258,5
sp500,Utilities,2025-05-12,118.69149474717106,5
sp500,Utilities,2025-05-13,117.5622996732289,5
sp500,Utilities,2025-05-14,117.1341294615131,5
sp500,Utilities,2025-05-15,120.47518512299469,5
sp500,Utilities,2025-05-16,121.71255228751528,5
sp500,Utilities,2025-05-19,122.06919240808942,5
sp500,Utilities,2025-05-20,123.45628172636273,5
sp500,Utilities,2025-05-21,121.18654490329368,5
sp500,Utilities,2025-05-22,118.58623445827949,5
sp500,Utilities,2025-05-23,119.79920575855635,5
sp500,Utilities,2025-05-27,120.14470226474508,5
sp500,Utilities,2025-05-28,118.35157975874114,5
sp500,Utilities,2025-05-29,119.58466528424607,5
sp500,Utilities,2025-05-30,121.46523772733111,5
sp500,Utilities,2025-06-02,121.14951598321532,5
sp500,Utilities,2025-06-03,121.11186404874366,5
sp500,Utilities,2025-06-04,119.74797092233551,5
sp500,Utilities,2025-06-05,120.22505984108392,5
sp500,Utilities,2025-06-06,120.21438747346707,5
sp500,Utilities,2025-06-09,120.11034394497766,5
sp500,Utilities,2025-06-10,120.89351427084671,5
sp500,Utilities,2025-06-11,121.02767823761833,5
sp500,Utilities,2025-06-12,122.12317108279214,5
sp500,Utilities,2025-06-13,122.14073859669476,5
sp500,Utilities,2025-06-16,120.54937819848897,5
sp500,Utilities,2025-06-17,119.16204204797576,5
sp500,Utilities,2025-06-18,119.16208794899904,5
sp500,Utilities,2025-06-20,119.64660946492205,5
sp500,Utilities,2025-06-23,121.17114565226062,5
sp500,Utilities,2025-06-24,121.49169509230194,5
sp500,Utilities,2025-06-25,120.01369077891006,5
sp500,Utilities,2025-06-26,120.49811389756859,5
sp500,Utilities,2025-06-27,121.07702357069084,5
sp500,Utilities,2025-06-30,121.63528173632065,5
sp500,Utilities,2025-07-01,123.84880398415233,5
sp500,Utilities,2025-07-02,122.78251351466598,5
sp500,Utilities,2025-07-03,123.12435733399147,5
sp500,Utilities,2025-07-07,123.34210959724939,5
sp500,Utilities,2025-07-08,122.17043650759982,5
sp500,Utilities,2025-07-09,123.48321667770188,5
sp500,Utilities,2025-07-10,125.11807580842796,5
sp500,Utilities,2025-07-11,124.22978816331293,5
sp500,Utilities,2025-07-14,124.39056348146028,5
sp500,Utilities,2025-07-15,123.61680034717568,5
sp500,Utilities,2025-07-16,124.53674940315938,5
sp500,Utilities,2025-07-17,124.90714342805538,5
sp500,Utilities,2025-07-18,126.12809241220795,5
sp500,Utilities,2025-07-21,126.78054646447605,5
sp500,Utilities,2025-07-22,128.44945151296855,5
sp500,Utilities,2025-07-23,126.0403179010094,5
sp500,Utilities,2025-07-24,125.97970076371736,5
sp500,Utilities,2025-07-25,126.25798823456353,5
sp500,Utilities,2025-07-28,124.56452923126993,5
sp500,Utilities,2025-07-29,125.99228866973414,5
sp500,Utilities,2025-07-30,126.5390957893757,5
sp500,Utilities,2025-07-31,126.75802514656031,5
sp500,Utilities,2025-08-01,127.87280229326004,5
sp500,Utilities,2025-08-04,129.07867843827142,5
sp500,Utilities,2025-08-05,128.43209131707454,5
sp500,Utilities,2025-08-06,128.54115376506167,5
sp500,Utilities,2025-08-07,129.9934249278239,5
sp500,Utilities,2025-08-08,129.37493325361817,5
sp500,Utilities,2025-08-11,129.15702653632394,5
sp500,Utilities,2025-08-12,128.47788152313854,5
sp500,Utilities,2025-08-13,129.7062597352711,5
sp500,Utilities,2025-08-14,128.77965906873095,5
sp500,Utilities,2025-08-15,129.28650363874388,5
sp500,Utilities,2025-08-18,128.2375920355091,5
sp500,Utilities,2025-08-19,130.19871714878616,5
sp500,Utilities,2025-08-20,130.7401958400178,5
sp500,Utilities,2025-08-21,130.33989044959404,5
sp500,Utilities,2025-08-22,130.90494592011828,5
sp500,Utilities,2025-08-25,128.97365236661543,5
sp500,Utilities,2025-08-26,128.5885043516235,5
sp500,Utilities,2025-08-27,128.68091394793214,5
sp500,Utilities,2025-08-28,127.01532556071172,5
sp500,Utilities,2025-08-29,126.90817634163113,5
sp500,Utilities,2025-09-01,116.30761273517855,5
sp500,Utilities,2025-09-02,128.6208279149361,5
sp500,Utilities,2025-09-03,127.54829855543682,5
sp500,Utilities,2025-09-04,126.82526938995977,5
sp500,Utilities,2025-09-05,126.37397874066639,5
sp500,Utilities,2025-09-08,125.3821647297777,5
sp500,Utilities,2025-09-09,126.21703342057617,5
sp500,Utilities,2025-09-10,127.10659727092144,5
sp500,Utilities,2025-09-11,127.87053728087979,5
sp500,Utilities,2025-09-12,128.17701630393032,5
sp500,Utilities,2025-09-15,128.35993565274867,5
sp500,Utilities,2025-09-16,126.02778642586676,5
sp500,Utilities,2025-09-17,126.69899243543392,5
sp500,Utilities,2025-09-18,126.47863942327933,5
sp500,Utilities,2025-09-19,127.0179801460392,5
sp500,Utilities,2025-09-22,127.70833468799314,5
sp500,Utilities,2025-09-23,129.21672478844226,5
sp500,Utilities,2025-09-24,130.1945176219885,5
sp500,Utilities,2025-09-25,129.18712717880481,5
sp500,Utilities,2025-09-26,130.57437638022057,5
sp500,Utilities,2025-09-29,130.8888709548105,5
sp500,Utilities,2025-09-30,131.83982430126449,5
sp500,Utilities,2025-10-01,132.61134721230138,5
sp500,Utilities,2025-10-02,132.2636229412983,5
sp500,Utilities,2025-10-03,133.84193460193185,5
sp500,Utilities,2025-10-06,135.34080520222165,5
sp500,Utilities,2025-10-07,136.53164469689548,5
sp500,Utilities,2025-10-08,136.53663837506642,5
sp500,Utilities,2025-10-09,135.86632310472294,5
sp500,Utilities,2025-10-10,137.21374378964143,5
sp500,Utilities,2025-10-13,137.37723516988177,5
sp500,Utilities,2025-10-14,138.7655302278389,5
sp500,Utilities,2025-10-15,139.45016190426148,5
sp500,Utilities,2025-10-16,137.85447356340094,5
sp500,Utilities,2025-10-17,137.73578966599806,5
sp500,Utilities,2025-10-20,138.33447255374566,5
sp500,Utilities,2025-10-21,137.40087666172818,5
sp500,Utilities,2025-10-22,137.28659700002407,5
sp500,Utilities,2025-10-23,136.3168190078936,5
sp500,Utilities,2025-10-24,136.76751336132017,5
sp500,Utilities,2025-10-27,137.16153459814686,5
sp500,Utilities,2025-10-28,134.71866116711712,5
sp500,Utilities,2025-10-29,135.08248033487743,5
sp500,Utilities,2025-10-30,135.8875679897486,5
sp500,Utilities,2025-10-31,134.5732854202361,5
sp500,Utilities,2025-11-03,134.13998294236328,5
sp500,Utilities,2025-11-04,134.48992022244352,5
sp500,Utilities,2025-11-05,134.28919931734166,5
sp500,Utilities,2025-11-06,134.4563687293022,5
sp500,Utilities,2025-11-07,136.08281108007745,5
sp500,Utilities,2025-11-10,135.931606717984,5
sp500,Utilities,2025-11-11,136.71168485007655,5
sp500,Utilities,2025-11-12,137.09379576526234,5
sp500,Utilities,2025-11-13,135.71222787750975,5
sp500,Utilities,2025-11-14,135.1620685878969,5
sp500,Utilities,2025-11-17,137.234965957073,5
sp500,Utilities,2025-11-18,136.54152636142263,5
sp500,Utilities,2025-11-19,134.6240721468658,5
sp500,Utilities,2025-11-20,134.6639180237523,5
sp500,Utilities,2025-11-21,134.94193773669204,5
sp500,Utilities,2025-11-24,135.31414757667937,5
sp500,Utilities,2025-11-25,135.3886349485442,5
sp500,Utilities,2025-11-26,136.9303702041344,5
sp500,Utilities,2025-11-27,127.59384929034836,5
sp500,Utilities,2025-11-28,138.62386435274877,5
sp500,Utilities,2025-12-01,135.74765308360966,5
sp500,Utilities,2025-12-02,135.00670995633993,5
sp500,Utilities,2025-12-03,134.15386159372903,5
sp500,Utilities,2025-12-04,133.22643155602728,5
sp500,Utilities,2025-12-05,131.78149535306432,5
sp500,Utilities,2025-12-08,130.02112304369956,5
sp500,Utilities,2025-12-09,129.79587757776605,5
sp500,Utilities,2025-12-10,129.01492233481912,5
sp500,Utilities,2025-12-11,129.35510978067543,5
sp500,Utilities,2025-12-12,130.0990186819747,5
sp500,Utilities,2025-12-15,131.499992343164,5
sp500,Utilities,2025-12-16,130.55579813629421,5
sp500,Utilities,2025-12-17,131.41358029267772,5
sp500,Utilities,2025-12-18,131.87609691110598,5
sp500,Utilities,2025-12-19,129.87281333164017,5
sp500,Utilities,2025-12-22,129.4000300223695,5
sp500,Utilities,2025-12-23,130.16628873609292,5
sp500,Utilities,2025-12-24,131.1962126429498,5
sp500,Utilities,2025-12-25,122.89616005280206,5
sp500,Utilities,2025-12-26,132.76113856269302,5
sp500,Utilities,2025-12-29,132.96499842910262,5
sp500,Utilities,2025-12-30,133.06171411968103,5
sp500,Utilities,2025-12-31,132.3925692655537,5
sp500,Utilities,2026-01-01,123.43700312349604,5
sp500,Utilities,2026-01-02,125.93962031353449,5
sp500,Utilities,2026-01-05,134.2212330168747,5
sp500,Utilities,2026-01-06,134.78868321060125,5
sp500,Utilities,2026-01-07,132.0904746190117,5
sp500,Utilities,2026-01-08,133.86723455191992,5
sp500,Utilities,2026-01-09,134.12853561889156,5
sp500,Utilities,2026-01-12,134.54931391956495,5
sp500,Utilities,2026-01-13,135.43178054732735,5
sp500,Utilities,2026-01-14,137.021958785508,5
sp500,Utilities,2026-01-15,137.59478225580725,5
sp500,Utilities,2026-01-16,138.67754105823803,5
sp500,Utilities,2026-01-19,128.81427453227465,5
sp500,Utilities,2026-01-20,140.15459940779246,5
sp500,Utilities,2026-01-21,140.0758184487765,5
sp500,Utilities,2026-01-22,138.6993795274082,5
sp500,Utilities,2026-01-23,138.27517138200488,5
sp500,Utilities,2026-01-26,139.63074332549982,5
sp500,Utilities,2026-01-27,141.49629855415583,5
sp500,Utilities,2026-01-28,141.19057300571635,5
sp500,Utilities,2026-01-29,141.87602571718782,5
sp500,Utilities,2026-01-30,141.77581564813713,5
sp500,Utilities,2026-02-02,140.06992539130985,5
sp500,Utilities,2026-02-03,143.21258371317126,5
sp500,Utilities,2026-02-04,144.01726267312708,5
sp500,Utilities,2026-02-05,144.5478405157516,5
sp500,Utilities,2026-02-06,143.9092770857397,5
sp500,Utilities,2026-02-09,143.74109644896643,5
sp500,Utilities,2026-02-10,145.74939421473164,5
sp500,Utilities,2026-02-11,146.97051178167692,5
sp500,Utilities,2026-02-12,149.13626000935466,5
sp500,Utilities,2026-02-13,152.47223218386534,5
sp500,Utilities,2026-02-16,142.40806414576215,5
sp500,Utilities,2026-02-17,152.90012847751797,5
sp500,Utilities,2026-02-18,149.38177209876204,5
sp500,Utilities,2026-02-19,151.71640904807214,5
sp500,Utilities,2026-02-20,152.21046714952053,5
sp500,Utilities,2026-02-23,153.18542300046983,5
sp500,Utilities,2026-02-24,153.92631678847488,5
sp500,Utilities,2026-02-25,153.8250657331977,5
sp500,Utilities,2026-02-26,152.83526438301166,5
sp500,Utilities,2026-02-27,154.4333560814358,5
sp500,Utilities,2026-03-02,154.05439007000004,5
sp500,Utilities,2026-03-03,153.33076841795017,5
sp500,Utilities,2026-03-04,154.02333876028686,5
sp500,Utilities,2026-03-05,153.20582186459956,5
sp500,Utilities,2026-03-06,153.54159160200552,5
sp500,Utilities,2026-03-09,153.3114725351919,5
sp500,Utilities,2026-03-10,152.53761560949474,5
sp500,Utilities,2026-03-11,152.1594226761975,5
sp500,Utilities,2026-03-12,153.63185155613067,5
sp500,Utilities,2026-03-13,154.8508993910313,5
sp500,Utilities,2026-03-16,155.5120065577605,5
sp500,Utilities,2026-03-17,154.71822621345706,5
sp500,Utilities,2026-03-18,152.11524208998418,5
sp500,Utilities,2026-03-19,151.16771164874717,5
sp500,Utilities,2026-03-20,147.10929921064863,5
sp500,Utilities,2026-03-23,148.33282539009724,5
sp500,Utilities,2026-03-24,149.29919840768616,5
sp500,Utilities,2026-03-25,149.60959564788146,5
sp500,Utilities,2026-03-26,150.39726488186912,5
sp500,Utilities,2026-03-27,150.94118396160272,5
sp500,Utilities,2026-03-30,152.7040208871607,5
sp500,Utilities,2026-03-31,152.65247522142545,5
sp500,Utilities,2026-04-01,153.01714575747013,5
sp500,Utilities,2026-04-02,154.17549429482676,5
sp500,Utilities,2026-04-03,143.76952147931829,5
sp500,Utilities,2026-04-06,155.82175792755365,5
sp500,Utilities,2026-04-07,156.13369950599443,5
sp500,Utilities,2026-04-08,157.03571483480826,5
sp500,Utilities,2026-04-09,158.6300716557135,5
sp500,Utilities,2026-04-10,157.92683858103555,5
sp500,Utilities,2026-04-13,155.55346082258495,5
sp500,Utilities,2026-04-14,155.67855528505652,5
sp500,Utilities,2026-04-15,153.89862594274894,5
sp500,Utilities,2026-04-16,154.42682838209927,5
sp500,Utilities,2026-04-17,153.97005074951753,5
sp500,Utilities,2026-04-20,153.42716254120015,5
sp500,Utilities,2026-04-21,151.03226559459847,5
sp500,Utilities,2026-04-22,150.58377960499072,5
sp500,Utilities,2026-04-23,155.58231188251804,5
sp500,Utilities,2026-04-24,154.89166735244814,5
sp500,Utilities,2026-04-27,154.83290177047968,5
sp500,Utilities,2026-04-28,156.0783036459529,5
sp500,Utilities,2026-04-29,154.25044748749877,5
sp500,Utilities,2026-04-30,158.85947070381894,5
sp500,Utilities,2026-05-01,158.00569942478046,5
sp500,Utilities,2026-05-04,156.0098400353862,5
sp500,Utilities,2026-05-05,156.83525498072868,5
sp500,Utilities,2026-05-06,153.56433681958256,5
sp500,Utilities,2026-05-07,152.17892224467252,5
sp500,Utilities,2026-05-08,151.4978356359506,5
sp500,Utilities,2026-05-11,153.1250487698093,5
sp500,Utilities,2026-05-12,153.6744966220719,5
sp500,Utilities,2026-05-13,152.335800153789,5
sp500,Utilities,2026-05-14,153.15608732842696,5
sp500,Utilities,2026-05-15,149.7909921781745,5
sp500,Utilities,2026-05-18,152.6833592803888,5
sp500,Utilities,2026-05-19,154.15506755721432,5
sp500,Utilities,2026-05-20,152.99337356344654,5
sp500,Utilities,2026-05-21,154.32702581482448,5
sp500,Utilities,2026-05-22,154.47760824652423,5
sp500,Utilities,2026-05-25,144.69746010710264,5
sp500,Utilities,2026-05-26,155.03405026233733,5
sp500,Utilities,2026-05-27,154.1766184807757,5
sp500,Utilities,2026-05-28,152.89530106837282,5
sp500,Utilities,2026-05-29,151.94078001966008,5
sp500,Utilities,2026-06-01,147.32198081590474,5
sp500,Utilities,2026-06-02,150.45657536180212,5
sp500,Utilities,2026-06-03,149.40455324987295,5
sp500,Utilities,2026-06-04,151.18372220647416,5
sp500,Utilities,2026-06-05,152.66061002642857,5
sp500,Utilities,2026-06-08,149.85096518446167,5
sp500,Utilities,2026-06-09,151.69441525809464,5
sp500,Utilities,2026-06-10,152.867289246009,5
sp500,Utilities,2026-06-11,152.26647549416973,5
sp500,Utilities,2026-06-12,153.84375853284502,5
sp500,Utilities,2026-06-15,154.03546824088997,5
sp500,Utilities,2026-06-16,154.69056521995512,5
sp500,Utilities,2026-06-17,152.78572284918098,5
sp500,Utilities,2026-06-18,153.4033585760325,5
sp500,Utilities,2026-06-19,151.02072990440294,5
sp500,Utilities,2026-06-22,153.15211471444,5
sp500,Utilities,2026-06-23,155.81223450095106,5
sp500,Utilities,2026-06-24,157.54216459582332,5
sp500,Utilities,2026-06-25,158.34812917908414,5
sp500,Utilities,2026-06-26,159.72883706772706,5
sp500,Utilities,2026-06-29,159.35016644089666,5
sp500,Utilities,2026-06-30,157.5750967054597,5
sp500,Utilities,2026-07-01,156.04029895792746,5
sp500,Utilities,2026-07-02,160.34268673415284,5
sp500,Utilities,2026-07-03,158.62978952345154,5
sp500,Utilities,2026-07-06,159.82722466212542,5
sp500,Utilities,2026-07-07,159.67518457545614,5
sp500,Utilities,2026-07-08,158.2837439129295,5
sp500,Utilities,2026-07-09,156.71788900552295,5
sp500,Utilities,2026-07-10,157.88164176334126,5
sp500,Utilities,2026-07-13,159.0347575615396,5
sp500,Utilities,2026-07-14,159.22403416373817,5
sp500,Utilities,2026-07-15,157.38145909091728,5
sp500,Utilities,2026-07-16,158.87595532857182,5
sp500,Utilities,2026-07-17,157.6241328941183,5
sp500,Utilities,2026-07-20,156.71228366361638,5
sp500,Utilities,2026-07-21,156.136384016347,5
sp500,Utilities,2026-07-22,158.990983718743,5
sp500,Utilities,2026-07-23,160.32479685695898,5
sp500,Utilities,2026-07-24,160.8353594562983,5
sp500,Utilities,2026-07-27,158.9854981815459,5
sp500,Utilities,2026-07-28,159.3693493377303,5
sp500,Utilities,2026-07-29,157.89771037460866,5
sp500,Utilities,2026-07-30,155.6964136390881,5
