date,laspeyres_p,paasche_p,fisher_p,laspeyres_q,paasche_q,fisher_q,nominal_fisher_product,nominal_sqrt_fisher,link_laspeyres_p,link_paasche_p,link_fisher_p,link_laspeyres_q,link_paasche_q,link_fisher_q,n_items,universe,freq,n_tickers
2025-07-28,100.0,100.0,100.0,100.0,100.0,100.0,10000.0,100.0,1.0,1.0,1.0,1.0,1.0,1.0,,portfolio,D,7
2025-07-29,99.94010249378915,99.78965267468348,99.86484925201404,76.6228357516629,76.5074877433004,76.5651400255186,7646.166166607762,87.44235910934563,0.9994010249378916,0.9978965267468348,0.9986484925201404,0.7662283575166291,0.7650748774330041,0.765651400255186,7.0,portfolio,D,7
2025-07-30,100.04055964415362,100.16545755765478,100.10298912160668,78.43032153249,78.52823965239533,78.47926532096102,7856.009042695844,88.63413023602051,1.0010051735775505,1.003765970447822,1.0023846215297605,1.0235893877209818,1.0264124724089096,1.024999958137665,7.0,portfolio,D,7
2025-07-31,100.3128444753144,100.60001780723309,100.45632852394532,51.81044561794225,51.95876738445298,51.88455350051221,5212.131751765673,72.19509506722511,1.0027217443817718,1.0043384242449864,1.0035297587558492,0.660592033866387,0.6616571008652186,0.6611243528888434,7.0,portfolio,D,7
2025-08-01,99.41928632608932,100.32854888143672,99.87288284576854,76.9763437096477,77.68034903466243,77.3275452007729,7722.924862587663,87.88017331905795,0.9910922857995024,0.9973015022093084,0.9941920465664073,1.4857301996065122,1.495038334144659,1.4903770001607417,7.0,portfolio,D,7
2025-08-04,98.67672372296698,100.186433981646,99.42871349261316,64.47520211536909,65.4616442102369,64.96655094169157,6459.540580184709,80.37126713064009,0.9925310004671852,0.998583504880962,0.9955526531276632,0.8375976177638093,0.8427053305466828,0.8401475925947565,7.0,portfolio,D,7
2025-08-05,98.13195540329168,98.99741161908554,98.56373360443187,73.84768486194237,74.49897054786494,74.17261286726966,7310.729655394223,85.502804956295,0.9944792621894832,0.9881319025410338,0.9913005020602468,1.1453656978042903,1.138055290951809,1.1417046432685134,7.0,portfolio,D,7
2025-08-06,97.9892918090164,99.1174290497169,98.55174619717396,56.46458968364461,57.11465873942618,56.78869403889375,5596.624961790022,74.81059391416447,0.9985462065472048,1.001212328975763,0.999878379127702,0.7646087997098985,0.7666503083117171,0.7656288735643697,7.0,portfolio,D,7
2025-08-07,97.65828632007856,98.78776092962237,98.22140012127971,109.58586956588974,110.8532935798006,110.21775978119548,10825.742683939894,104.04682928345242,0.9966220238678428,0.99667396417305,0.9966479936820878,1.9407892659783568,1.9408904128368485,1.9408398387486945,7.0,portfolio,D,7
2025-08-08,98.31622364158326,99.40506315957876,98.85914434539102,92.50377660391776,93.5282440193604,93.01459988046835,9195.343755812011,95.89235504362176,1.006737137689968,1.0062487723595253,1.0064929254044823,0.8441213905621183,0.843711909669438,0.8439166252800014,7.0,portfolio,D,7
2025-08-11,98.14662657608368,99.06225046164468,98.60337572236315,70.89997770056694,71.56141371047457,71.22992795373088,7023.511348698585,83.80639205155288,0.9982749839322772,0.9965513557656136,0.9974127975239776,0.7664549524734121,0.7651315863009391,0.765792983523741,7.0,portfolio,D,7
2025-08-12,97.15406659600605,98.19378603257114,97.67254285377436,69.44091568417477,70.18405564999772,69.81149683802033,6818.666416597674,82.5752167214696,0.9898869679508726,0.9912331445628748,0.9905598275741618,0.9794208395585928,0.9807527829725472,0.9800865850007328,7.0,portfolio,D,7
2025-08-13,97.18687177851828,98.15264960056405,97.66856695709144,78.38173401722169,79.1606390172698,78.77022376561428,7693.374874076972,87.71188559184537,1.0003376614449777,0.999581068887664,0.9999592936093732,1.1287543265372648,1.1279006076827134,1.1283273863670389,7.0,portfolio,D,7
2025-08-14,96.50160303216391,97.7924868454166,97.14490076727913,75.41166422785548,76.42043189205418,75.91437248631703,7374.694181993533,85.87603962685711,0.9929489576749004,0.9963305855051988,0.9946383344598227,0.9621076284340224,0.9653842217643316,0.9637445326066992,7.0,portfolio,D,7
2025-08-15,96.96929701637094,97.97107966822568,97.46890131402284,88.4335241860714,89.34712439869361,88.8891505554407,8663.927843375566,93.0802226220778,1.0048464892759466,1.001826242777642,1.0033352295816318,1.1726770001901896,1.169152308964947,1.170913328322147,7.0,portfolio,D,7
2025-08-18,97.91911443476796,98.69180699109728,98.30470152813288,104.89185993771582,105.71957534201928,105.30490439409688,10351.967195910262,101.74461752795705,1.0097950325270135,1.0073565313897967,1.0085750449922204,1.1861096897712085,1.1832454156024863,1.1846766870431231,7.0,portfolio,D,7
2025-08-19,98.39020907792045,99.34699666964966,98.86744546912443,82.39341502069163,83.19464308871581,82.79305982693768,8185.5383276617185,90.47396491622172,1.0048110590651462,1.0066387443753209,1.005724486542798,0.7855081897643572,0.7869369775613286,0.7862222590990628,7.0,portfolio,D,7
2025-08-20,98.75680767507303,99.28945930160774,99.02277534189228,78.02382473677933,78.44465159553367,78.2339552088966,7746.943370758231,88.01672210868928,1.0037259662377815,0.9994208444143184,1.0015710922036145,0.9469667535589468,0.9429050799807276,0.94493373445104,7.0,portfolio,D,7
2025-08-21,99.28291346621462,99.30174284703128,99.29232771028236,88.30782417749253,88.32457209103052,88.31619773726105,8769.120847854221,93.64358412541792,1.005327286326149,1.00012371449608,1.0027221249602367,1.131805887181348,1.1259476623905278,1.1288729746750412,7.0,portfolio,D,7
2025-08-22,99.68745614160044,99.7695458277766,99.72849253836074,94.48995269412111,94.5677623891789,94.5288495356968,9427.219665580564,97.09387038109338,1.004074645487952,1.0047109241724583,1.0043927344452137,1.0700065772677507,1.070684636792963,1.0703455533368669,7.0,portfolio,D,7
2025-08-25,99.50348172964335,99.3228327320353,99.41311619745404,92.00452759832856,91.83749298409067,91.92097235025358,9138.150305238718,95.5936729351829,0.9981544878455344,0.9955225505735744,0.9968376505762844,0.9736964087193666,0.9711289625966594,0.9724118383091248,7.0,portfolio,D,7
2025-08-26,99.24904133670871,99.17645903403331,99.21274354787882,93.23066429994402,93.1624833260655,93.19656757800443,9246.287158659114,96.15761622804048,0.9974428995999762,0.9985262834941802,0.9979844445356966,1.0133269169857433,1.014427553485202,1.013877085882973,7.0,portfolio,D,7
2025-08-27,98.75472760379358,98.83005394400926,98.79238359463172,92.8352184451894,92.90602960955876,92.8706172784408,9174.909646841958,95.78574866253308,0.9950194608808548,0.9965071843318668,0.9957630447640606,0.9957584142757756,0.9972472425878864,0.9965025503831908,7.0,portfolio,D,7
2025-08-28,99.0508606799164,99.36867180520755,99.20963898193536,51.970545497043865,52.137296370615616,52.05385416203049,5164.244079033359,71.86267514526132,1.0029986724008892,1.0054499399697123,1.004223558255419,0.5598149750434167,0.561183128691697,0.5604986344170062,7.0,portfolio,D,7
2025-08-29,99.06974789718348,99.41847292378678,99.24395724114652,75.50555967945994,75.7713388791329,75.6383325419787,7506.647440587755,86.64091089426377,1.00019068201061,1.0005011752464283,1.0003459165819302,1.452852937319174,1.4533039523284017,1.4530784273252022,7.0,portfolio,D,7
2025-09-01,99.8255297736862,99.95698770629062,99.8912371149857,106.63978316652248,106.78021463190252,106.70997579805186,10659.391494977584,103.244329117766,1.007628785704462,1.0054166470945158,1.0065221086687062,1.412343456816096,1.4092428114835556,1.4107922823236303,7.0,portfolio,D,7
2025-09-02,99.83969720105382,99.8357819135292,99.83773953809852,110.20576877998604,110.20144697930212,110.20360785845835,11002.479097531512,104.89270278494836,1.0001419218851104,0.998787420514136,0.9994644417425164,1.033439542988334,1.0320399463439314,1.0327395075697343,7.0,portfolio,D,7
2025-09-03,99.72755007542592,99.57700570281212,99.65224946075313,63.54335249892464,63.44743021738366,63.495373244466656,6327.45677416122,79.54531271018563,0.9988767281074374,0.9974079813293673,0.9981420845643784,0.5765882603276613,0.5757404458518612,0.5761641971469563,7.0,portfolio,D,7
2025-09-04,99.88555133758236,99.89206930782098,99.88881026953764,89.76249790837832,89.76835530498953,89.76542655890789,8966.561662306864,94.69193029137628,1.0015843291250706,1.0031640196728666,1.0023738632099588,1.4126182264289158,1.4148461962513703,1.4137317724442315,7.0,portfolio,D,7
2025-09-05,100.39212804755776,100.4392734093686,100.41569796160854,57.99438319136458,58.02161805760092,58.00799902613005,5824.913709565158,76.32112230284064,1.0050715714454368,1.0054779534085074,1.0052747418920014,0.6460870022864131,0.6463482355276697,0.6462176057066107,7.0,portfolio,D,7
2025-09-08,100.44305371486575,100.04981980019798,100.24624394137628,100.92529950229738,100.53017759844764,100.7275448084707,10097.558028485864,100.48660621438992,1.0005072675348,0.9961224967490226,0.9983124748055126,1.7402599001574566,1.7326331282013954,1.7364423269124898,7.0,portfolio,D,7
2025-09-09,100.49632296444524,100.13537878616832,100.31568853704702,77.20354227514026,76.92625681528891,77.06477483330147,7730.80594935513,87.92500184449887,1.000530342792352,1.0008551638187977,1.0006927401261174,0.7649572768756842,0.7652056193768902,0.7650814380499094,7.0,portfolio,D,7
2025-09-10,101.66322438527762,100.9334854313787,101.29769778923112,89.2145884055424,88.57420580102402,88.89382044825255,9004.73935909726,94.89330513317186,1.0116113842418415,1.0079702763886746,1.0097891891737496,1.1555763605716018,1.1514170774447472,1.1534948443116646,7.0,portfolio,D,7
2025-09-11,102.18072432229492,101.16747516849252,101.67283752593092,71.75447901961158,71.04294398567674,71.39782513292462,7259.219474444673,85.20105324727314,1.0050903356660823,1.002318256781818,1.003703339215866,0.8042908710561724,0.8020726050343587,0.8031809722306534,7.0,portfolio,D,7
2025-09-12,102.44774483937942,101.2207972307522,101.83242316244204,74.76414947610374,73.86874963538914,74.31510101825279,7567.686814250346,86.99245262808921,1.0026132180883969,1.000527067243409,1.0015695995154106,1.0419440082014888,1.0397760212510636,1.0408594502689257,7.0,portfolio,D,7
2025-09-15,102.68084092399108,101.25780563182892,101.96684084737662,94.28465906440206,92.9779849453477,93.62904256194878,9547.057681606482,97.70904605821552,1.002275268088889,1.0003656205255165,1.0013199890639952,1.261094518229456,1.2586917391221644,1.2598925558743737,7.0,portfolio,D,7
2025-09-16,102.00110727413572,100.41962428252836,101.2072767584949,58.27149423781528,57.368019957041305,57.817992393039766,5851.601557742928,76.49576169790669,0.9933801316415152,0.9917223038355368,0.9925508716111092,0.6180379164123865,0.617006488049425,0.6175219868854798,7.0,portfolio,D,7
2025-09-17,102.10394656068964,100.2825768037383,101.18916376241654,61.54947361835396,60.45153026179519,60.99803166527169,6172.339815362247,78.56424005463457,1.0010082173547148,0.9986352520259936,0.9998210306940518,1.0562535665751205,1.0537496379875564,1.055000859431687,7.0,portfolio,D,7
2025-09-18,103.25005047602444,101.40455857371389,102.32314396672405,91.5973885384262,89.96017637202918,90.77509145208342,9288.392751244071,96.37630803908226,1.011224873806945,1.0111882024349197,1.0112065379546964,1.4881912574328175,1.4881372892041278,1.4881642730738285,7.0,portfolio,D,7
2025-09-19,103.66004230814008,101.60938643998854,102.62959269759072,95.7807575556338,93.885973720281,94.82863326430918,9732.224007985253,98.652034991607,1.003970863260845,1.002019907873528,1.0029949112095924,1.045671269497521,1.0436392802523722,1.0446547808146849,7.0,portfolio,D,7
2025-09-22,103.31356056297282,102.41324521577329,102.86241787966284,89.1573960339698,88.38044311967354,88.76806953448114,9130.898262826768,95.55573380403068,0.9966575187752936,1.0079112649327877,1.0022685969607048,0.930848724830592,0.9413593917978595,0.936089306349741,7.0,portfolio,D,7
2025-09-23,103.00378180726338,101.6283104054651,102.31373471067,84.20406689953771,83.07963938917565,83.63996361259143,8557.517048268772,92.50684865602533,0.9970015673255144,0.9923356123648418,0.9946658538628294,0.9444428689623816,0.9400228880577096,0.9422302867598382,7.0,portfolio,D,7
2025-09-24,102.29121068177732,100.38839536035276,101.3353368761924,86.2372119151706,84.63303217171637,85.43135683351728,8657.215324514676,93.0441579279144,0.9930820877351922,0.9877995113746804,0.9904372776808082,1.0241454491510322,1.018697635112065,1.021417910094071,7.0,portfolio,D,7
2025-09-25,102.60768832968428,100.58345646704798,101.59053082001898,85.81138872488094,84.11851219621524,84.96073416012874,8631.206082185998,92.90428452006935,1.0030938889646297,1.0019430642953802,1.0025183114961995,0.9950621874150044,0.9939205773171732,0.994491218554498,7.0,portfolio,D,7
2025-09-26,104.29950585419812,102.4883438815948,103.3899590031134,73.20527536664969,71.93406502052044,72.56688664997061,7502.687435724038,86.6180549061455,1.0164882140125595,1.0189383769603393,1.0177125581347963,0.8530951014130818,0.8551514184265017,0.8541226410920724,7.0,portfolio,D,7
2025-09-29,104.40082464378042,102.22463005770194,103.30699723121116,91.4296594766834,89.52384378376105,90.4717334430654,9346.36311630563,96.6765903220921,1.0009714215686116,0.9974268895963668,0.9991975838591856,1.248949054815471,1.244526411210361,1.2467357719156331,7.0,portfolio,D,7
2025-09-30,105.49650910720788,103.29886306761102,104.39190317441503,94.91735807889336,92.94009117370044,93.92352162168496,9804.855174931015,99.019468666172,1.0104949790115736,1.0105085536558334,1.010501766310909,1.038146249501229,1.0381601956032085,1.0381532225288004,7.0,portfolio,D,7
2025-10-01,104.97395364560067,102.9593209969811,103.96175734239786,74.0774085075515,72.65573426816565,73.36312771276192,7626.959681153498,87.3324663636239,0.9950467037627172,0.996713012510044,0.9958795096273078,0.7804411122144789,0.7817480416753162,0.7810943036001317,7.0,portfolio,D,7
2025-10-02,105.204228940438,102.83404704721148,104.01238689899684,58.08380324534698,56.77521346594001,57.425781040994416,5972.992555612988,77.28513799957265,1.002193642202091,0.9987832675220022,1.0004870017388436,0.7840960478446796,0.781427839630495,0.7827608068433659,7.0,portfolio,D,7
2025-10-03,105.04234063042388,102.61695787520812,103.82256712095628,96.4852563771912,94.25745304050484,95.36484951004836,9901.023489236892,99.50388680467157,0.9984611995958284,0.9978889368041336,0.9981750271895512,1.66113875101525,1.6601866780659624,1.660662646311601,7.0,portfolio,D,7
2025-10-06,105.76456007267522,103.23313802886952,104.49118349671971,97.18977733687169,94.86358844511,96.0196388160093,10033.20569881238,100.16589089511648,1.0068755078944058,1.0060046620599563,1.0064399907872097,1.007301850936959,1.0064306363587472,1.0068661494179985,7.0,portfolio,D,7
2025-10-07,105.41986789763158,102.66931396139512,104.03550122410492,88.87984420953876,86.56084296036231,87.71268002383324,9125.232629989026,95.52608350596724,0.9967409482457376,0.9945383422586968,0.9956390361620406,0.9144978684483483,0.9124770038659056,0.9134868773241934,7.0,portfolio,D,7
2025-10-08,106.3245117175547,103.07074138047624,104.68498578901132,84.28802447479504,81.70862044672323,82.98830158531472,8687.629172112856,93.207452342143,1.008581340860734,1.0039099065104502,1.006242912825568,0.948336771114064,0.9439443708298798,0.9461380220370096,7.0,portfolio,D,7
2025-10-09,106.27646649872334,102.61785391292942,104.43113957794546,85.21329229234114,82.27978844215961,83.7336949039856,8744.40517989522,93.51152431596452,0.9995481265979476,0.9956060521009056,0.9975751421356884,1.0109774528862376,1.0069903027650406,1.0089819083464986,7.0,portfolio,D,7
2025-10-10,105.4722016610706,101.62618025814882,103.53133331620808,80.75187364998028,77.80727375073984,79.26590148966434,8206.504467736155,90.58975917694092,0.9924323336656812,0.9903362464038468,0.9913837360640332,0.9476440996193988,0.9456426082747668,0.9466428249769188,7.0,portfolio,D,7
2025-10-13,105.59406399747256,102.34181745483497,103.95522315854792,86.02242599274291,83.37297651676772,84.68734086159716,8803.691417971348,93.82798845744988,1.001155397673347,1.0070418586516614,1.0040943145303187,1.0652684836219144,1.071531908235957,1.0683956060556472,7.0,portfolio,D,7
2025-10-14,106.40130870312238,102.90155033233069,104.63679860804326,80.67445491560584,78.02090579726062,79.33658706558933,8301.526483031561,91.11271307030408,1.0076447924730805,1.0054692489484345,1.0065564329409002,0.9378305015765512,0.9358056897677068,0.9368175486256856,7.0,portfolio,D,7
2025-10-15,107.70081074217164,103.97261688645192,105.82029641640624,78.22852371326172,75.52054872737236,76.86261143727677,8133.624325631685,90.1866083497527,1.0122132148080534,1.0104086532288592,1.0113105315157451,0.9696814660241234,0.9679527295365488,0.968816712190212,7.0,portfolio,D,7
2025-10-16,106.1438482671501,103.95815339031174,105.04531621921258,55.65288054338091,54.50688651856648,55.07690300125272,5785.57069214149,76.06293901856206,0.9855436327331948,0.9998608912945224,0.992676450327222,0.7114141735228264,0.7217490793841451,0.7165629943005237,7.0,portfolio,D,7
2025-10-17,105.85150531710394,103.3876458108973,104.61232212447564,68.28151149435453,66.69215241354097,67.48215298587058,7059.464725811039,84.0206208368579,0.9972457852732984,0.994512142041688,0.9958780256909946,1.2269178311647266,1.2235546125134824,1.2252350678529569,7.0,portfolio,D,7
2025-10-20,106.8432111507192,103.77536544781604,105.29811623568608,83.53870157051625,81.14001059259638,82.33062085471869,8669.259284516369,93.10885717543938,1.009368840156258,1.0037501544200735,1.0065555767932808,1.2234454062637905,1.216635056092776,1.2200354791874686,7.0,portfolio,D,7
2025-10-21,105.70268959071554,102.52584136275703,104.1021478385266,93.66201192221368,90.84704100941822,92.2437891574385,9602.77657605354,97.99375784229086,0.9893252781555324,0.9879593381370716,0.9886420722429397,1.121181083274944,1.119633092797594,1.1204068206920563,7.0,portfolio,D,7
2025-10-22,106.1003696914672,102.58051756540756,104.32560010290754,53.71494855117143,51.932969125380325,52.81644407454348,5510.107223378403,74.23009647965172,1.0037622514837747,1.0005332919186398,1.002146471221012,0.5734977014563994,0.5716528413952016,0.5725745283988519,7.0,portfolio,D,7
2025-10-23,106.20189496660082,102.30352726521434,104.23448784991018,107.67720919237746,103.72468692690366,105.6824716433244,11015.758306454574,104.95598270920328,1.0009568795606356,0.9972997767337586,0.9991266548871276,2.0046041576266056,1.997280122314672,2.000938788953067,7.0,portfolio,D,7
2025-10-24,106.2410082595651,102.22931611974448,104.21586068467438,73.68550870596049,70.90312193331074,72.28092838707005,7532.819162945818,86.79181506885207,1.0003682918555887,0.9992745983696388,0.99982129556522,0.6843185225418782,0.6835703633723882,0.683944340656758,7.0,portfolio,D,7
2025-10-27,105.87165472717813,101.87882564039948,103.85605351740816,60.20969088049905,57.93895084462152,59.06340931824958,6134.092599076713,78.32044815421266,0.9965234372448292,0.9965715267141722,0.9965474816894244,0.8171171229985501,0.8171565548145692,0.8171368386687066,7.0,portfolio,D,7
2025-10-28,106.01506671589078,101.45493995655777,103.70994276418806,55.98282779250982,53.57478524735063,54.76557291331048,5679.734432287398,75.36401284623449,1.0013545834253958,0.9958393151748932,0.9985931416776236,0.9297976284851144,0.9246764821652615,0.9272335197959672,7.0,portfolio,D,7
2025-10-29,106.2649260524029,101.76919802041016,103.9927704316566,101.61453102927123,97.31554628824006,99.4418101099173,10341.229330069018,101.69183511997912,1.0023568285551496,1.0030975136744151,1.0027271027244864,1.8151017916759584,1.8164430494483872,1.8157722967187016,7.0,portfolio,D,7
2025-10-30,106.19334195931005,101.68918705252128,103.91686395495503,62.43221236304343,59.78417105962135,61.09384636395711,6348.680921088256,79.67861018547109,0.9993263619921255,0.9992137997601904,0.999270079291219,0.6144024061387353,0.6143332010133912,0.6143678026016166,7.0,portfolio,D,7
2025-10-31,106.32270963498478,101.846465500999,104.06052171122442,71.62680311234183,68.6112755889323,70.1028268181468,7294.936732127971,85.41040177945524,1.00121822774656,1.0015466585291557,1.0013824296731246,1.1472731848077375,1.1476495261681876,1.1474613400590312,7.0,portfolio,D,7
2025-11-03,104.95311144420964,100.60298164673728,102.75502880341082,98.80347787738,94.7082400393216,96.7341899202692,9939.924471531876,99.69916986380515,0.9871184792460884,0.9877906037470736,0.9874544843102324,1.3794204625105686,1.3803597036548756,1.379890003169296,7.0,portfolio,D,7
2025-11-04,104.84504611963024,100.41282620897212,102.60500667551314,81.14120921891295,77.71104540683747,79.40760790992665,8147.618139684554,90.26415755816124,0.9989703466329646,0.9981098429226196,0.9985400020841344,0.8212383912195196,0.8205309841527292,0.8208846114840723,7.0,portfolio,D,7
2025-11-05,106.17084062147477,101.48827854481335,103.8031591346295,57.319441039740894,54.79142261870346,56.04117877307989,5817.251398274233,76.2709079418505,1.0126452755844253,1.010710308398283,1.01167732938126,0.7064159086549635,0.7050660859322657,0.7057406745792962,7.0,portfolio,D,7
2025-11-06,107.1324139482835,101.80511778261034,104.43480272562576,100.86187114399144,95.84638573107632,98.32215318647737,10268.25467158852,101.33239694978364,1.0090568495189465,1.003121929372928,1.006085013175534,1.759645057844538,1.7492954398734375,1.7544626172943332,7.0,portfolio,D,7
2025-11-07,107.37187282748172,101.5764026521627,104.43394365741958,59.745186159735134,56.52039892831595,58.11042725531048,6068.701085889674,77.9018683080815,1.0022351674005388,0.997753402427803,0.9999917741195106,0.5923465972036379,0.5896977595681037,0.5910206944420603,7.0,portfolio,D,7
2025-11-10,106.45839204053571,100.91673185723344,103.65053305944444,94.15514115282608,89.25392306396797,91.67178259710774,9501.829132699717,97.47732624923458,0.9914923642208076,0.9935056688590536,0.9924985060360736,1.5759452301494594,1.5791453131314148,1.5775444602109725,7.0,portfolio,D,7
2025-11-11,105.9432139010609,100.07435927546192,102.96698136165732,65.95840421181536,62.30455729324685,64.10545354481305,6600.745040329354,81.24496932321013,0.995160755957326,0.991652795663625,0.9934052273769294,0.7005289716974271,0.6980595939586138,0.6992931928306976,7.0,portfolio,D,7
2025-11-12,106.21218029874258,100.34457873726062,103.2367012687024,68.87884428107373,65.07369111389521,66.94923925653436,6911.61861329372,83.13614504710763,1.0025387789153994,1.002700186778662,1.002619479598977,1.0442769970583252,1.0444451247380664,1.0443610575149171,7.0,portfolio,D,7
2025-11-13,105.44583904022248,99.50067619348684,102.43013368287536,79.69283838110415,75.19966059232944,77.41365769616107,7929.491306698131,89.04769119240616,0.9927848081419228,0.9915899537932844,0.9921872011027576,1.1570002257282626,1.155607731866804,1.1563037691814455,7.0,portfolio,D,7
2025-11-14,105.85332241911036,99.4680580419984,102.6110345836277,92.42122097886195,86.84620532022281,89.5903584827962,9192.959372637804,95.87992163449972,1.0038643855707996,0.9996721816098512,1.0017660906439156,1.1597180230535724,1.1548749640112257,1.1572939601229948,7.0,portfolio,D,7
2025-11-17,105.37874383508397,98.8109521036438,102.04202080432664,87.32537044281315,81.88276574791541,84.56029122359269,8628.702996257765,92.8908122273552,0.9955166396936757,0.9933937994639732,0.994454653131508,0.9448627654766182,0.94284793959614,0.9438548149110328,7.0,portfolio,D,7
2025-11-18,106.07893247067472,99.47355977836256,102.72316696026532,94.83744435520308,88.93206191438993,91.83729892151356,9433.818190294432,97.12784456732494,1.006644495940154,1.006705812064474,1.006675153535472,1.0860239570046757,1.0860901082430034,1.0860570321201843,7.0,portfolio,D,7
2025-11-19,104.88974251117988,98.90617909736822,101.85403113420496,59.39278399027816,56.00465011922052,57.67384231158845,5874.313330433758,76.64406911453591,0.9887895745950912,0.9942961659132484,0.9915390475996854,0.6262587988751479,0.6297464481722368,0.628000202410983,7.0,portfolio,D,7
2025-11-20,105.2341022731369,99.13822931084248,102.14069983348897,77.30648963085596,72.82837341404745,75.03403157344783,7664.028496240069,87.54443726611115,1.0032830642321418,1.0023461649776788,1.0028145051903374,1.3016141766230398,1.30039868580579,1.3010062892648853,7.0,portfolio,D,7
2025-11-21,105.46692011879011,99.50354390016682,102.44184846075076,101.71428479467342,95.96309241742716,98.79684869429668,10120.93180234086,100.60284191980296,1.002212380213488,1.0036849012925064,1.002948370510019,1.3157276352912468,1.3176607950839854,1.3166938604063727,7.0,portfolio,D,7
2025-11-24,105.02835318000405,99.5247707479323,102.239536248326,79.47029430941829,75.30597769975684,77.3601202885451,7909.262822415567,88.9340363551299,0.9958416635444356,1.0002133275553158,0.9980251018947374,0.7813090803306716,0.7847389637276954,0.7830221440353586,7.0,portfolio,D,7
2025-11-25,104.90075480078956,99.51527365797725,102.17253701914689,77.31991761078427,73.3504041497282,75.30901144998994,7694.512760249454,87.71837185133712,0.9987851053991508,0.9999045756158624,0.9993446837530994,0.9729411257713289,0.9740316292310092,0.9734862248028472,7.0,portfolio,D,7
2025-11-26,104.43517462508753,98.92551816894688,101.6430212304378,101.02042384962624,95.69091841754124,98.31956640008144,9993.497774970916,99.96748358826942,0.9955617080488484,0.9940737188639276,0.9948174352506304,1.3065252391776516,1.3045724768224856,1.3055484928967898,7.0,portfolio,D,7
2025-11-27,104.60485169136533,99.03470532684116,101.78168137249592,51.76516335376732,49.00869908082207,50.368078320245466,5126.547698936144,71.59991409866456,1.001624711854861,1.0011037309676538,1.001364187529843,0.5124227495899468,0.5121562201647571,0.5122894675439064,7.0,portfolio,D,7
2025-11-28,104.43451961046652,100.01035534367372,102.19850006917233,82.02689393214436,78.55198492309081,80.27063806552042,8203.538809891596,90.5733890825092,0.99837166175235,1.0098515971104542,1.0040952231389355,1.5845964470654894,1.6028171813650431,1.5936807744609864,7.0,portfolio,D,7
2025-12-01,104.2780599113626,100.24636356268024,102.24234106027406,85.72125896818586,82.40702309651502,84.04780644165344,8593.24449157543,92.69975453891682,0.9985018392415884,1.0023598378207486,1.0004289788115486,1.0450384606675174,1.0490762668467082,1.047055417362572,7.0,portfolio,D,7
2025-12-02,104.87678091954,100.96884493424368,102.9042634192951,70.16186587896335,67.5474828090417,68.84226484732739,7084.162556230257,84.16746732693254,1.005741581773638,1.007207058150411,1.0064740532362306,0.8184885140919694,0.8196811421027812,0.8190846110316771,7.0,portfolio,D,7
2025-12-03,105.7889192580522,102.03545357734522,103.8952374267103,85.56578044805957,82.52984603633482,84.03410430508073,8730.7432187173,93.4384461488808,1.0086972381352168,1.0105637401695164,1.009630057827413,1.219548245704719,1.221804908254666,1.2206760554935914,7.0,portfolio,D,7
2025-12-04,106.60248497006508,102.73394102192673,104.65033876536422,57.79626331024459,55.69886957015833,56.73787563664895,5937.637906202418,77.0560698855218,1.0076904624578715,1.0068455367236842,1.007267910997235,0.6754600145945991,0.6748936566007429,0.6751767762129709,7.0,portfolio,D,7
2025-12-05,105.21127768816189,101.429072097408,103.30286670801048,103.85317530894034,100.11979169359049,101.96939873633193,10533.731205955266,102.63396711593714,0.9869495792495468,0.9872985606164936,0.9871240545109472,1.796883904958818,1.7975192758172505,1.7972015623099284,7.0,portfolio,D,7
2025-12-08,104.89806094467431,101.2493005874009,103.0575339488716,103.90081096434912,100.286738819248,102.07778157997824,10519.88444060411,102.56648790225836,0.9970229736738307,0.9982276135797196,0.9976251118003112,1.0004586827053394,1.001667473761516,1.0010628957803958,7.0,portfolio,D,7
2025-12-09,104.53422970065007,100.84945084650778,102.67531183285136,98.43806614560798,94.96817398095814,96.68755551809744,9927.42491317678,99.636463772942,0.9965315732173916,0.996050839476684,0.9962911773513824,0.9474234631275829,0.9469664194796904,0.9471949137368588,7.0,portfolio,D,7
2025-12-10,104.758451492738,101.15212853671444,102.9394984964498,106.04477246388775,102.39416774557232,104.20348468361496,10726.654454913814,103.56956336160646,1.002144960485479,1.003001282482612,1.0025730300583704,1.077274032456388,1.0781945514304947,1.0777341936637417,7.0,portfolio,D,7
2025-12-11,105.22572548626106,101.86100768292368,103.52969831018176,82.81903905531543,80.17080171718376,81.48416262385837,8436.030773505847,91.84786755012794,1.0044604896966758,1.0070080497213851,1.0057334630763943,0.780981816746492,0.7829625796304249,0.781971571020513,7.0,portfolio,D,7
2025-12-12,104.27199850068216,101.404464401336,102.82823620007582,108.42232030459856,105.44065020069596,106.92109216232784,10994.507319637924,104.85469622118946,0.990936370538938,0.9955179779586628,0.9932245324621316,1.3091472871616217,1.3152001469644263,1.3121702269420097,7.0,portfolio,D,7
2025-12-15,104.5947745707387,101.66095313956605,103.1174305162776,60.06803138351171,58.38315870679773,59.21960325321738,6106.5733236651695,78.14456682114995,1.0030955201271456,1.0025293633741303,1.0028124017963227,0.5540190545153276,0.553706360835893,0.5538626856084676,7.0,portfolio,D,7
2025-12-16,103.38134099991628,100.62635480093844,101.99454641918057,79.8219034800696,77.69474745426504,78.75114368822038,8032.187180471751,89.62247028771162,0.9883987170888564,0.98982305096818,0.9891106276458296,1.3288583234971838,1.3307732773495653,1.3298154557281985,7.0,portfolio,D,7
2025-12-17,103.54597534997129,100.36637480103752,101.94377946257538,102.65323440595245,99.50104737633772,101.0648521493055,10302.932998926586,101.50336447097006,1.001592495787563,0.9974163826125352,0.9995022581266598,1.2860283948450753,1.280666333781559,1.283344563850732,7.0,portfolio,D,7
2025-12-18,103.81512476845548,100.7973842998994,102.2951270952239,79.29338814452547,76.9884555364267,78.13242276735969,7992.566117244824,89.40115277357907,1.0025993228377494,1.004294361530107,1.0034464842730055,0.7724392573053458,0.7737451772264989,0.7730919415182324,7.0,portfolio,D,7
2025-12-19,104.33856275173376,101.73776849204744,103.02995943913038,80.64332735870961,78.6331721740385,79.63190720361261,8204.472169248802,90.57854143917754,1.0050420204613315,1.0093294503491297,1.007183454039042,1.0170246125909472,1.0213631592704653,1.0191915773649776,7.0,portfolio,D,7
2025-12-22,104.75638785595208,102.19766493349424,103.46911725604772,97.41433812517164,95.03494814200737,96.217288321869,9955.517887434416,99.77734155325253,1.0040045127438884,1.00452041015115,1.0042624283199566,1.207965262790595,1.2085859633344926,1.2082755732052084,7.0,portfolio,D,7
2025-12-23,105.6576282449006,102.92741688952384,104.28358811395591,77.73576653893481,75.72706091068069,76.72484035586112,8001.1416497796445,89.44910088860394,1.0086032022236946,1.0071405932464743,1.0078716324204515,0.7979910148242138,0.7968338215697707,0.7974122082842209,7.0,portfolio,D,7
2025-12-24,104.56247011938562,102.56462684949466,103.5587308258276,79.20043582256022,77.68717721744245,78.44015740324544,8123.163146458243,90.12859228046472,0.989634840912986,0.9964752827672866,0.9930491719623588,1.0188416394259368,1.0258839612047497,1.0223567366113555,7.0,portfolio,D,7
2025-12-25,102.76842365120064,101.4133585942568,102.08864285465695,53.71385497413297,53.00560466374355,53.3585547192252,5447.302435971653,73.80584283084676,0.9828423480610528,0.9887751918902092,0.985804306798206,0.6782015075582778,0.6822954129918192,0.6802453804996764,7.0,portfolio,D,7
2025-12-26,102.89858907745062,101.5105188866255,102.2021974810408,82.2415009189114,81.13208846828654,81.68491126467481,8348.37743229359,91.36945568565892,1.0012665896938515,1.0009580620710674,1.0011123139970182,1.531104050500872,1.5306322601727032,1.5308681371619604,7.0,portfolio,D,7
2025-12-29,102.38363354415112,100.5991618611645,101.48747569450236,51.22870933626999,50.33583048442595,50.78030749302744,5153.565222457979,71.7883362563723,0.9949955044290072,0.9910220434743432,0.9930067865060236,0.6229058171832316,0.620418276353154,0.621660802550051,7.0,portfolio,D,7
2025-12-30,103.8575233606404,101.33402098168602,102.58801319517342,84.88202449877821,82.81958372586156,83.84446275573121,8601.43685152718,92.74393161564362,1.0143957560937087,1.0073048234888444,1.0108440720703693,1.6569229558684508,1.6453405641431935,1.6511216039257692,7.0,portfolio,D,7
2025-12-31,103.6749310902704,100.77648096885974,102.215432885482,111.36367988318672,108.2502746647438,109.7959422521232,11222.839766370158,105.9379052387301,0.9982418965476776,0.9944979977363472,0.9963681886597944,1.311981901242114,1.3070613228757533,1.309519300898831,7.0,portfolio,D,7
2026-01-01,103.879305103587,101.15034516417856,102.50574406657822,55.34290916105697,53.88902398267384,54.61112852753678,5597.954364030694,74.81947850680793,1.0019712963506933,1.0037098357843466,1.0028401893226973,0.4969565411192239,0.497818819855845,0.4973874936300819,7.0,portfolio,D,7
2026-01-02,104.17817404085132,101.38828837609528,102.77376490208418,110.67633578717916,107.71242971488331,109.18432597940682,11221.284249200078,105.93056333844392,1.002877078711359,1.0023523717247875,1.0026146908931453,1.9998286585385825,1.998782344796494,1.999305433220491,7.0,portfolio,D,7
2026-01-05,103.49076872590652,101.04721211591642,102.26169204294402,107.23367080981308,104.70173923420752,105.96014268703073,10835.66348028754,104.09449303535486,0.993401637902818,0.9966359402487036,0.9950174749399516,0.9688942992837598,0.9720488109993884,0.9704702734256544,7.0,portfolio,D,7
2026-01-06,103.32112491239616,101.24551977505048,102.27805725324694,57.45890914331183,56.30462431428721,56.87883870845939,5817.457121922008,76.2722565676538,0.9983607831345844,1.0019625247939206,1.0001600326571565,0.535828986449783,0.5377620727802744,0.5367946594452938,7.0,portfolio,D,7
2026-01-07,103.2874817522624,101.00493608387136,102.1398330361436,71.27932819510566,69.70412935147624,70.48732873785171,7199.56398844794,84.85024448077884,0.9996743825605626,0.9976237596318964,0.9986485447532396,1.240527000213726,1.2379823185107182,1.2392540062068529,7.0,portfolio,D,7
2026-01-08,103.11485113489276,100.67438609202262,101.88731194302667,74.35807683494268,72.5982111592086,73.47287501830748,7485.953736341306,86.52140623187597,0.998328639497827,0.9967273877429684,0.9975276923252112,1.0431927280713122,1.0415195173465153,1.0423557869749789,7.0,portfolio,D,7
2026-01-09,103.88204895522652,101.40461016033476,102.6358547339162,100.3101864263045,97.91793146142162,99.1068411330586,10171.915349669913,100.85591380613192,1.007440226232108,1.007253325266316,1.0073467714145614,1.3490153416550748,1.348765071451783,1.3488902007491042,7.0,portfolio,D,7
2026-01-12,104.33786995128152,101.87523418055432,103.09919948858489,88.59080284582095,86.49983740683483,87.53907722785567,9025.20878616133,95.001098868178,1.0043878706729348,1.0046410515209854,1.0045144531204022,0.883168559465359,0.8833911839826257,0.8832798647101231,7.0,portfolio,D,7
2026-01-13,103.9034189908084,101.26758223512265,102.5770345991835,95.5295536794025,93.10614633354128,94.3100662922699,9674.04693311346,98.35673303395888,0.9958361143401144,0.9940353320380622,0.9949353157736284,1.0783236025714475,1.0763736571623248,1.0773481887042289,7.0,portfolio,D,7
2026-01-14,105.13719597430318,101.98568373800742,103.54945107404572,84.1758482736592,81.65265737650186,82.90465426298759,8584.73144041591,92.6538258271935,1.0118742674252512,1.0070911291356548,1.0094798653388832,0.8811498120901269,0.876984609415487,0.8790647438001309,7.0,portfolio,D,7
2026-01-15,104.03975986364549,101.51867413087987,102.77148669865792,67.07460807060528,65.44925986085097,66.25695022922335,6809.325279176268,82.51863595077337,0.989561866278744,0.9954208317284292,0.9924870255967702,0.7968391105788792,0.8015570094560824,0.7991945786185308,7.0,portfolio,D,7
2026-01-16,103.94484365937775,101.18493407154222,102.5556051747095,63.30851793938006,61.62757081875982,62.46239006586183,6405.868213863222,80.03666793328682,0.9990876929705326,0.99671252543244,0.99789940253972,0.943852223075819,0.941608368830812,0.942729628359986,7.0,portfolio,D,7
2026-01-19,103.2735640716496,101.20449408671004,102.23379482540363,81.01105648537056,79.38801241858664,80.19542853743863,8198.682987031822,90.546579101763,0.9935419635635998,1.0001933095608284,0.9968620891197744,1.2796233290904273,1.288189869629267,1.2838994545818478,7.0,portfolio,D,7
2026-01-20,103.15605826463408,101.1579382620874,102.15211291644508,95.2705869358427,93.42520753095587,94.34338533292669,9637.376151448816,98.17013879713534,0.9988621889050522,0.9995399826357244,0.9992010282989292,1.1760195591702625,1.1768175658354534,1.1764184948383083,7.0,portfolio,D,7
2026-01-21,103.20083497242469,101.2017981841806,102.19642886773612,55.85343054155513,54.771529775616216,55.30983487569912,5652.467605560615,75.18289436807162,1.0004340676499657,1.000433578647872,1.0004338231488887,0.5862610102231032,0.5862607236646277,0.5862608669438479,7.0,portfolio,D,7
2026-01-22,102.83263659639684,100.49886891293964,101.65905599243604,44.11011734225036,43.10904638098657,43.60670928169005,4433.016900513209,66.58090492410875,0.9964322151450978,0.9930541820021648,0.9947417646462424,0.789747682721696,0.7870703366802497,0.7884078732053684,7.0,portfolio,D,7
2026-01-23,103.42087102228294,100.81980709463296,102.11205739786794,40.34693079371338,39.33219416230071,39.83633160610106,4067.7697794826927,63.77907007383137,1.005720308701165,1.0031934506842195,1.0044560851073183,0.9146865441472662,0.912388407173125,0.9135367529974996,7.0,portfolio,D,7
2026-01-26,104.04492417013876,101.261356892189,102.6437051124576,78.4001069633097,76.30262864736643,77.34425801270082,7938.901211597499,89.10051184812296,1.0060341122801155,1.0043795937552389,1.0052065126111225,1.9431492165824304,1.9399535233785992,1.9415507124871727,7.0,portfolio,D,7
2026-01-27,104.4625030903308,101.45959149015992,102.95009902658924,95.233251990059,92.49564731218094,93.85446866540003,9662.326843190853,98.29713547805372,1.0040134482630714,1.00195765298881,1.002985023911558,1.2147081895516674,1.2122209804809052,1.213463947769569,7.0,portfolio,D,7
2026-01-28,105.11620146335426,102.30266895657066,103.69989373320357,96.7532964211141,94.163604814781,95.44966824837668,9898.120454226197,99.4892981894344,1.0062577322358262,1.0083094900543976,1.0072830887362303,1.0159612782225875,1.0180328215550571,1.0169965224422468,7.0,portfolio,D,7
2026-01-29,104.71547929545434,102.22134177716016,103.46089502038814,87.14017134620093,85.06464657978208,86.09615484135308,8907.585237700314,94.38000443791212,0.9961878172696376,0.9992050336492686,0.9976952848820624,0.9006429193577808,0.9033707529262872,0.9020058049580212,7.0,portfolio,D,7
2026-01-30,104.31317876561732,102.21175670956625,103.2571220284236,97.16712264017524,95.20966015024509,96.18341189804134,9931.622299466186,99.65752505188048,0.996158156057311,0.9999062322267808,0.9980304346688248,1.115066921938196,1.1192623960524892,1.117162689498454,7.0,portfolio,D,7
2026-02-02,104.913178003127,103.13807447967103,104.02183985483768,64.63501346337266,63.541405945983065,64.08587698393656,6666.330832579875,81.64760151149497,1.0057519025362829,1.009062732115415,1.0074059572007394,0.6651942725805108,0.6673840222274915,0.6662882478308256,7.0,portfolio,D,7
2026-02-03,105.59623412034944,104.0313074519939,104.81085009457178,82.63119827076724,81.40661136301144,82.01661931638185,8596.231592432858,92.7158648367843,1.0065106798804828,1.0086605550552423,1.0075850440718526,1.278427803184301,1.2811584847873163,1.2797924156821592,7.0,portfolio,D,7
2026-02-04,105.02820975104818,103.69337595544684,104.3586586711566,73.52672298717818,72.59225066821035,73.05799275847448,7624.234129481469,87.3168605109086,0.994620789519313,0.996751636552266,0.9956856430130356,0.8898179443827575,0.8917242648082261,0.8907705946358363,7.0,portfolio,D,7
2026-02-05,104.21705166231236,102.48350748031176,103.34664481061117,93.62270121447833,92.0653832285558,92.84077695820696,9594.782800240988,97.95296218206464,0.9922767598280638,0.9883322491529744,0.990302540551672,1.2733152983141185,1.2682535998139692,1.2707819288867304,7.0,portfolio,D,7
2026-02-06,103.458936556838,101.8760357087013,102.6644354927678,110.251806560032,108.56497617185576,109.4051404281076,11232.016982058654,105.9812105142164,0.9927256135787564,0.9940724923790576,0.9933988247117888,1.1776183033584813,1.1792160350035048,1.178416898399689,7.0,portfolio,D,7
2026-02-09,103.20183926659566,101.76193470438209,102.47935806209676,80.19670464290995,79.07777496384179,79.6352746124086,8160.971821378424,90.33809728668425,0.997514982283806,0.9988800015280782,0.9981972585756428,0.7273958327317106,0.7283912155856193,0.7278933540123611,7.0,portfolio,D,7
2026-02-10,102.65109226457396,101.20014134848348,101.9230349172899,66.90461752102391,65.9589352692208,66.43009360433868,6770.756749993848,82.28460822045547,0.9946633993547443,0.9944793369197368,0.994571363879253,0.8342564425674169,0.8341020634354018,0.8341792494300972,7.0,portfolio,D,7
2026-02-11,101.87237390327876,100.47331773850732,101.1704274576328,96.52048520568952,95.19492877974469,95.85541567872951,9697.733378346144,98.47707031764372,0.9924139300993688,0.9928179585493532,0.9926159237676956,1.4426580523438344,1.4432453827702496,1.442951687674109,7.0,portfolio,D,7
2026-02-12,101.99143112090908,100.24724693028097,101.11557832673712,99.5304667428052,97.82836819716528,98.67574751351457,9977.655276652116,99.88821390260271,1.0011686899310244,0.9977499418421244,0.9994578541153376,1.0311848985290666,1.0276636523728453,1.0294227698541072,7.0,portfolio,D,7
2026-02-13,101.90503421260276,99.93397258855828,100.91469117843216,54.73740292048542,53.67866431026782,54.20544877209868,5470.126123024663,73.96030099333468,0.9991529003235196,0.9968749830911512,0.9980132918030116,0.5499562567302262,0.5487024397880453,0.5493289905371604,7.0,portfolio,D,7
2026-02-16,102.5853930158456,100.07489365483946,101.3223681947903,90.63121791951023,88.413264583415,89.51537214040283,9069.90949510357,95.23607244686002,1.0066764003221216,1.0014101417429022,1.0040398183019488,1.655745670856291,1.6470839153593289,1.65140911417893,7.0,portfolio,D,7
2026-02-17,102.80979500613977,100.38138842177354,101.58833577765816,69.21207455057504,67.57725894233243,68.38978201339899,6947.604138938023,83.3522893443127,1.0021874653271494,1.0030626539358731,1.0026249641377958,0.763667046955525,0.7643339408486103,0.7640004211358375,7.0,portfolio,D,7
2026-02-18,102.37424786083784,99.9778267988541,101.1689419797094,86.80565139405749,84.77366683107725,85.78364279007084,8678.640380236793,93.15922058624577,0.9957635637219596,0.9959797166659642,0.9958716343294892,1.2541980854890626,1.2544703374757993,1.2543342040959282,7.0,portfolio,D,7
2026-02-19,103.30502593153636,100.92812687385276,102.10966048285904,89.34905680628877,87.29326438948488,88.31517898267815,9017.832941404193,94.9622711470413,1.009091916083855,1.0095051083367772,1.0092984910659473,1.029299997999962,1.0297214648438913,1.0295107098541203,7.0,portfolio,D,7
2026-02-20,102.66758055026489,100.3793920871258,101.51703956820056,64.44284306024011,63.00658276042592,63.72066638534285,6468.733410752959,80.42843658031006,0.9938294833622718,0.9945631133389328,0.9941962306812494,0.7212481626969379,0.7217805772425157,0.7215143208602999,7.0,portfolio,D,7
2026-02-23,104.07683149460428,101.3524167445033,102.70559088525113,81.89080967286267,79.74715746356168,80.81187594531107,8299.831469508785,91.1034108555151,1.0137263480524843,1.0096934703144342,1.0117078996994593,1.2707510374164046,1.2656956459103574,1.2682208226858651,7.0,portfolio,D,7
2026-02-24,105.6021770230483,103.00475029262748,104.29537801176488,81.56645349755848,79.56021752219654,80.55709020800025,8401.732174771229,91.66096320010622,1.0146559566287632,1.0163028529678724,1.0154790709328567,0.996039162677718,0.9976558419470868,0.9968471745726674,7.0,portfolio,D,7
2026-02-25,107.3576564921012,104.4508819324655,105.89429589360633,82.48524826633282,80.25190945250125,81.36091613936529,8615.656927836837,92.82056306571748,1.0166235159022314,1.0140394655171698,1.0153306686482413,1.0112643706986943,1.0086939421716856,1.0099783387072392,7.0,portfolio,D,7
2026-02-26,107.237473347216,103.87241124980804,105.54153179157646,87.9343226648089,85.17498446870559,86.54365700177713,9133.95012681235,95.57170149585258,0.998880534944482,0.9944617922610602,0.9966687147872036,1.0660611989780504,1.0613452695367724,1.0637006207444148,7.0,portfolio,D,7
2026-02-27,106.33348124767852,103.271049408699,104.79107879837848,60.52105730382296,58.77803515650682,59.64317927402153,6250.073099089804,79.05740382209501,0.9915701846442192,0.994210572048214,0.9928895006500382,0.6882529536790681,0.6900856574632267,0.689168696358611,7.0,portfolio,D,7
2026-03-02,106.02013127996295,103.04501533336044,104.5219883727279,86.56142867253236,84.13235898835802,85.33825163209428,8919.723744838688,94.44428910653458,0.9970531391990668,0.9978112542030632,0.9974321246738156,1.4302696041475882,1.4313571177454447,1.430813257623653,7.0,portfolio,D,7
2026-03-03,106.72345291807272,103.83072333723766,105.26715211086082,92.98211976244528,90.46184777937847,91.7133270803882,9654.400752364356,98.25681020857718,1.006633849907736,1.007624900644979,1.0071292533727512,1.0741749667072018,1.075232512996531,1.074703609769014,7.0,portfolio,D,7
2026-03-04,107.35637897891448,104.79514268207495,106.0680303056781,102.96181568739146,100.50542192639442,101.72620472606329,10789.898165765697,103.8744346110519,1.005930524580456,1.0092883812598024,1.0076080541627443,1.1073291935099216,1.1110255250535073,1.1091758195283727,7.0,portfolio,D,7
2026-03-05,107.32090304918098,104.97389954375748,106.14091433387055,81.74695777477264,79.95923151638313,80.84815348833294,8581.296933456766,92.635289892442,0.9996695498667996,1.001705774305063,1.000687144165706,0.7939541200688366,0.7955713232559892,0.7947623103215885,7.0,portfolio,D,7
2026-03-06,108.74251116952034,106.64810635333902,107.69021727314023,84.91590943444652,83.28041023751638,84.0941839451011,9056.120940455356,95.1636534631545,1.013246330211067,1.0159487912410423,1.0145966609482586,1.0387653772805212,1.0415359009603884,1.0401497166813658,7.0,portfolio,D,7
2026-03-09,109.76842440567916,107.9934731850368,108.8773318814272,84.55807828464556,83.19077739571405,83.87164161733878,9131.720559811118,95.5600364159156,1.009434334604978,1.0126150090958057,1.0110234210529636,0.9957860529059376,0.998923722379048,0.9973536537567498,7.0,portfolio,D,7
2026-03-10,108.99102307079548,107.29936833433987,108.14188795101468,61.37519853047524,60.42259122053617,60.89703220918208,6585.5200337147,81.1512170809206,0.9929178054700816,0.993572714811129,0.9932452061627166,0.7258348318166548,0.7263135784045349,0.7260741656521105,7.0,portfolio,D,7
2026-03-11,109.611765453932,107.4389085738306,108.51989885371783,60.285215925354606,59.09016952089855,59.68470179730463,6476.9778021578095,80.47967322347804,1.0056953533020174,1.0013004758709847,1.0034955086309794,0.9822406667315396,0.977948286018148,0.9800921265306808,7.0,portfolio,D,7
2026-03-12,109.1425526418448,106.91530963709704,108.02319107620356,95.12822788225807,93.18697147056255,94.15259665940798,10170.663939259954,100.84970966373652,0.9957193207303606,0.9951265426679784,0.9954228875739756,1.577969431179383,1.577030024217563,1.5774996577709286,7.0,portfolio,D,7
2026-03-13,109.7248362671249,107.47194470315873,108.59254825200291,60.38064685359787,59.14089973206087,59.75755836147935,6489.225539790827,80.55572940387808,1.0053350742784155,1.0052063176728483,1.0052706939142142,0.634729019953279,0.6346477280973046,0.6346883727237937,7.0,portfolio,D,7
2026-03-16,108.05051299754103,106.18185007033811,107.1121065572329,72.14195841892014,70.89431044897192,71.51541369906036,7660.166612618347,87.5223777820184,0.984740708425322,0.9879959868932876,0.986367004747559,1.19478611406465,1.1987357441324047,1.1967592997434164,7.0,portfolio,D,7
2026-03-17,108.25252695358296,106.46731183117392,107.35620868715358,63.906920541600165,62.85301811374856,63.37777871143077,6803.998037472601,82.48635061313236,1.0018696251451071,1.0026884233100737,1.002278940614339,0.8858495380801829,0.8865735164881632,0.8862114533536354,7.0,portfolio,D,7
2026-03-18,109.896835137448,107.3270984795232,108.6043666128798,43.89972060396512,42.87320586250264,43.38342723621712,4711.629636485319,68.64131144205594,1.0151895593584626,1.0080755927200702,1.0116263226970268,0.6869321856212525,0.6821184908720316,0.6845211068969276,7.0,portfolio,D,7
2026-03-19,109.92588077806488,107.83330576091856,108.87456596000436,95.92402706879363,94.09799464433232,95.00662390266343,10343.80494072786,101.70449813419198,1.0002642991545712,1.0047164908822346,1.0024879234192092,2.1850714708222903,2.19479725743186,2.189928964933193,7.0,portfolio,D,7
2026-03-20,109.2862208314218,107.93811757497848,108.61007758687524,78.79091300659384,77.81898547909547,78.30344127268485,8504.54283194563,92.22007824734064,0.9941809886614916,1.000971979977061,0.9975707056023876,0.8213887116111953,0.8269994039005021,0.8241892834010036,7.0,portfolio,D,7
2026-03-23,110.69043706285944,108.89812455343244,109.79062347097376,94.95807492733908,93.42050266654186,94.1861512747982,10340.756270791546,101.68950914814933,1.0128489778560803,1.008894049664958,1.0108695796037364,1.2051906914619994,1.2004847157977592,1.2028354021734908,7.0,portfolio,D,7
2026-03-24,110.52281681054028,108.76423689879984,109.64000105027476,73.47480556529207,72.30571378121596,72.88791574283428,7991.431158596689,89.39480498662486,0.998485684429776,0.9987705237791592,0.9986280939488532,0.7737604792590228,0.7739812109479467,0.7738708372335542,7.0,portfolio,D,7
2026-03-25,111.15501281280346,109.21625809438594,110.18137123782728,70.27713643232772,69.05136958288745,69.66155698098967,7675.405870727482,87.6093937356462,1.0057200496739684,1.0041559726659663,1.0049377068803955,0.9564793794503778,0.954991880611599,0.9557353406396204,7.0,portfolio,D,7
2026-03-26,111.15564590312894,109.44121971864148,110.29510173281425,79.6247235849138,78.39661942576463,79.00828533621142,8714.226868892652,93.35002340060043,1.0000056955625252,1.0020597814664292,1.0010322116498391,1.1330103590886516,1.1353376464410223,1.1341734058251445,7.0,portfolio,D,7
2026-03-27,111.76784165656385,110.24982629442232,111.00623913969274,66.79081695312561,65.88367331787171,66.33569449982039,7363.6759671446625,85.8118637901815,1.0055075542808545,1.00738850113202,1.0064475882945485,0.8388200793174274,0.8403892132142038,0.839604279697197,7.0,portfolio,D,7
2026-03-30,111.11459112576615,109.24205878409354,110.1743468123658,94.42901641463368,92.8376737706366,93.62996432971585,10315.620162091553,101.56584151225032,0.9941552908142848,0.9908592372051676,0.992505895760687,1.413802386650021,1.409115021907155,1.411456758472158,7.0,portfolio,D,7
2026-03-31,110.3851799965942,108.96360930083928,109.67209137128594,78.04516506235069,77.04007797003078,77.54099303972983,8504.082873673497,92.21758440597702,0.9934355054382876,0.9974510780339226,0.9954412669045798,0.8264955839384983,0.829836367511371,0.8281642911522525,7.0,portfolio,D,7
2026-04-01,110.21670090969464,109.07063628408686,109.64217116307611,87.33062966071914,86.42254091772365,86.87539879174126,9525.207344184591,97.59716873037144,0.9984737164272892,1.0009822268547668,0.999727184848618,1.1189755264269123,1.1217867789716245,1.120380270952021,7.0,portfolio,D,7
2026-04-02,110.32461809703562,108.50562548475754,109.41134170178996,58.44238727593213,57.47881022003598,57.95859631701887,6341.3277861974575,79.63245435246522,1.0009791364325935,0.9948197716766072,0.9978947018392874,0.6692083579722454,0.6650904915507774,0.6671462476501305,7.0,portfolio,D,7
2026-04-03,110.89344267284996,108.45588543467896,109.6678919008829,56.79377874726147,55.545390356282645,56.166116211867376,6159.619561215498,78.48324382449732,1.0051559170167623,0.9995415901262596,1.0023448227130989,0.971790876356798,0.9663629108474588,0.9690730932242204,7.0,portfolio,D,7
2026-04-06,110.31058985978385,107.8397390053101,109.06816776677276,98.8869755345437,96.672002626626,97.7732169799814,10663.945632669687,103.26638190945631,0.9947440281497474,0.9943189212194488,0.9945314519708996,1.7411585866579078,1.7404144971625286,1.7407865021531048,7.0,portfolio,D,7
2026-04-07,110.83908807819412,108.89216786281084,109.8613152332138,50.161885197787726,49.28077736817076,49.7193794892889,5462.236423272552,73.90694435080206,1.004791001653441,1.0097591932918988,1.0072720343862116,0.5072648336814076,0.509773005929201,0.5085173734180056,7.0,portfolio,D,7
2026-04-08,110.70683731145404,109.04043218876612,109.87047550043803,83.67502417418078,82.41551308786367,83.04288079031528,9123.960799358132,95.51942629307472,0.998806821952137,1.001361570155735,1.0000833802799902,1.6680996705815807,1.6723663361100676,1.6702316409279667,7.0,portfolio,D,7
2026-04-09,110.57903124397876,108.90519212433468,109.7389203635078,84.1965404873728,82.92205416188223,83.55686740500174,9169.440417981665,95.75719512382172,0.9988455449493534,0.9987597255282582,0.9988026343170804,1.0062326401257609,1.0061461860157144,1.0061894121421957,7.0,portfolio,D,7
2026-04-10,109.4401911268906,107.58837219850894,108.5103313810987,91.23157697169576,89.68786291781224,90.4564269093871,9815.456859487727,99.07298753690498,0.9897011205083228,0.9879085661561262,0.9888044371282366,1.0835549351980565,1.0815923920881367,1.0825732189185966,7.0,portfolio,D,7
2026-04-13,108.4778492665128,106.94986280407336,107.7111465742264,76.51216594063726,75.43443851001707,75.97139117402833,8182.965650193655,90.45974602105431,0.9912066869541372,0.9940652564827592,0.9926349427128236,0.8386588117881033,0.8410774441034832,0.8398672573053447,7.0,portfolio,D,7
2026-04-14,108.51539878875968,107.51127155358184,108.01216832803404,89.64726931126307,88.81773483339624,89.23153811419945,9638.091914960296,98.17378425506628,1.0003461492138788,1.0052492704038056,1.0027947131135606,1.1716733961082322,1.1774162648748552,1.1745413205583664,7.0,portfolio,D,7
2026-04-15,109.28628004280368,108.0115898703413,108.6470655767498,96.4328539738423,95.3080832229777,95.86881908090984,10415.865873449176,102.05814947102056,1.0071038881361405,1.0046536359353735,1.0058780159545315,1.075692039642826,1.0730749146187528,1.0743826802381904,7.0,portfolio,D,7
2026-04-16,107.78674994945465,106.46149615780868,107.12207366181136,71.0298153487153,70.15649342227323,70.59180386771136,7561.940413837117,86.95941820088908,0.986278880635687,0.9856488205164524,0.9859638002476824,0.7365727801438123,0.7361022386541848,0.736337471812753,7.0,portfolio,D,7
2026-04-17,107.81522717567236,106.76302282584686,107.28783509760169,107.01243397541997,105.96806434912529,106.48896886374584,11424.970931167203,106.8876556538088,1.0002641996927366,1.00283226029053,1.0015474068987276,1.5065847130539596,1.5104526919739492,1.5085174627823017,7.0,portfolio,D,7
2026-04-20,107.41682606703873,106.6836137270356,107.04959215204944,63.91056011784008,63.474315508400046,63.69206431917836,6818.209508690143,82.57245005866147,0.996304778841819,0.9992562115917156,0.997779403924634,0.5972255535512808,0.5989947622264368,0.5981095037240267,7.0,portfolio,D,7
2026-04-21,107.19044375953524,106.53236486735804,106.8608977357238,109.4361487047042,108.7642826597676,109.09969849140198,11658.491723488009,107.97449570842184,0.9978924874640942,0.9985822671880562,0.9982373177465488,1.71233280545379,1.7135164324123195,1.7129245166976146,7.0,portfolio,D,7
2026-04-22,107.63613785320246,107.13491235278812,107.38523266676596,68.8389289428922,68.51836907057091,68.67846197849728,7375.05261875657,85.878126544287,1.0041579648151011,1.0056560040338944,1.0049067052790337,0.6290328173795932,0.6299712313177989,0.629501849484119,7.0,portfolio,D,7
2026-04-23,108.37515014663362,107.98576561583334,108.18028268735075,68.64111066751069,68.39448783345044,68.51768828867176,7412.262888152293,86.09449975551453,1.0068658380741888,1.007941886023516,1.0074037183776652,0.9971263603542464,0.9981919996228618,0.9976590377071074,7.0,portfolio,D,7
2026-04-24,107.66399989886662,107.15846716839708,107.41093612096024,79.94132745122212,79.56596560713561,79.75342569803952,8566.390113079871,92.55479519225284,0.9934380690886722,0.9923388194479312,0.992888292142719,1.1646275340509615,1.1633388614721292,1.163983019421649,7.0,portfolio,D,7
2026-04-27,108.63468661142116,108.31897430036474,108.47671559920454,47.86275470135061,47.723656763374905,47.79315512829079,5184.444496440264,72.00308671466983,1.0090158893731085,1.0108298220629075,1.009922448465062,0.5987235417194576,0.5997998817611907,0.5992614700871165,7.0,portfolio,D,7
2026-04-28,108.84580514905744,108.90464283814742,108.87522001901388,73.25740903766471,73.29700906313745,73.27720637535032,7978.071966494953,89.32005355179179,1.00194338055571,1.0054068877734998,1.0036736401688426,1.530572352025478,1.5358632182475294,1.533215502903144,7.0,portfolio,D,7
2026-04-29,107.79710118971046,108.24492984309327,108.0207834426738,84.46155425187408,84.81243849352614,84.6368145374972,9142.535014432731,95.61660428206352,0.990365233112008,0.9939422876944318,0.9921521483383376,1.1529421441652248,1.157106402806551,1.1550223967867874,7.0,portfolio,D,7
2026-04-30,107.38419763172608,107.83618484195932,107.60995393048124,97.84330255565958,98.25513150570502,98.04900080856928,10551.04845993986,102.7182966172038,0.9961696228059256,0.996223887791082,0.9961967549290124,1.158435970333669,1.158499074557383,1.1584675220158482,7.0,portfolio,D,7
2026-05-01,106.65272534719354,107.20909565441094,106.93054864514112,77.3505120553717,77.75402287064227,77.55200502507505,8292.678445862015,91.06414467759534,0.9931882688452812,0.9941847980947454,0.9936864085474932,0.7905550000355899,0.7913482143792929,0.790951507771991,7.0,portfolio,D,7
2026-05-04,106.65272534719354,107.20909565441094,106.93054864514112,41.33548172499428,41.55111460818082,41.44315792190072,4431.53961417607,66.56981008066697,1.0,1.0,1.0,0.5343918304691261,0.5343918304691261,0.5343918304691261,7.0,portfolio,D,7
2026-05-05,106.84985487102414,107.51194186718809,107.18038713034689,46.81679736098612,47.10689408383303,46.96162172059487,5033.364796282264,70.94621058437346,1.0018483308625157,1.002824818276178,1.0023364556562304,1.1326055825950967,1.1337095172546432,1.1331574154916877,7.0,portfolio,D,7
2026-05-06,107.6569266487884,108.05069312932804,107.85363018728118,50.27660206997509,50.46049400583883,50.36846411581281,5432.421701848218,73.70496388879258,1.00755332591456,1.005011082980954,1.0062814016160957,1.0739009266762043,1.071191276504828,1.0725452458922191,7.0,portfolio,D,7
2026-05-07,108.7626636575979,108.84237750902231,108.80251328304458,37.809736560106174,37.83744790535273,37.82358969489979,4115.301620191762,64.1506166781876,1.010270932333195,1.0073269717830196,1.0087978781438856,0.7520344455156796,0.7498429940256734,0.750937920360874,7.0,portfolio,D,7
2026-05-08,110.63992451389473,109.91126440401152,110.27499261793928,44.75062621835475,44.455904431794686,44.60302189791793,4918.597910530683,70.13271640632982,1.0172601588924557,1.0098205030012375,1.013533504791972,1.183574134329517,1.1749181536502535,1.1792382018127776,7.0,portfolio,D,7
2026-05-11,107.98859803362532,107.88270431458484,107.93563818780224,42.75148171720471,42.70955957471969,42.73051550482976,4612.14546110758,67.91277833447532,0.9760364399025196,0.9815436561445592,0.9787861746838472,0.9553270050033382,0.9607173697308468,0.9580183962115,7.0,portfolio,D,7
2026-05-12,108.09326376448666,108.24708710065538,108.17014808951916,23.524854228617688,23.55833153732598,23.541586932172624,2546.496944715401,50.46282735554362,1.0009692294628063,1.0033775829813092,1.0021726827733104,0.5502699154202755,0.5515938766849388,0.550931498345995,7.0,portfolio,D,7
2026-05-13,107.64852684853336,107.04959144670455,107.34864143982028,34.1408623782254,33.95090928062236,34.04575335288301,3654.765369227197,60.454655480179504,0.9958856185809846,0.9889373868061936,0.9924054217895772,1.4512677547941386,1.4411423502903982,1.4461961910628496,7.0,portfolio,D,7
2026-05-14,108.6350901489411,107.21363364282584,107.92202164518572,43.37222084364876,42.80470876796174,43.08753046801484,4650.093395806697,68.19159329277105,1.0091646707046529,1.0015323944155636,1.005341289816759,1.270390313025924,1.2607823965525635,1.2655772372376115,7.0,portfolio,D,7
2026-05-15,106.89016982247482,105.77352984292692,106.33038402842844,48.58107106745008,48.0735635361844,48.32665110078448,5138.591370354287,71.68396871235777,0.9839377836012844,0.9865679041837484,0.9852519662577292,1.1200964608793853,1.1230905412015388,1.121592501957354,7.0,portfolio,D,7
2026-05-18,105.3763371275962,104.3508896422028,104.86235991289416,35.63735969179543,35.29056228093304,35.46353707304618,3718.7901883380337,60.98188409960809,0.985837493780833,0.9865501302373408,0.98619374763904,0.7335647178778012,0.7340949928617264,0.7338298074718135,7.0,portfolio,D,7
2026-05-19,106.11768935080224,104.85284916317994,105.4833734530938,36.75686200901125,36.31874884876145,36.53714876360583,3854.061707942678,62.08108977734426,1.0070352817664214,1.0048103041833016,1.0059221778025549,1.0314137278097388,1.0291348876689317,1.0302736776748542,7.0,portfolio,D,7
2026-05-20,106.80482020300744,105.95347139886913,106.37829413297013,30.129767164390543,29.88960065134726,30.009443651319334,3192.353423506841,56.50091524485989,1.0064751772905052,1.010496827167532,1.0084839975304192,0.8197045535879527,0.8229799097929708,0.8213405990018396,7.0,portfolio,D,7
2026-05-21,106.02591949618972,105.74388702534723,105.8848093588672,31.401898927100586,31.31836883195367,31.360106068421835,3320.5588525287,57.62429047310431,0.9927072513643368,0.9980219206529546,0.9953610388460816,1.0422217588263851,1.0478015145559332,1.045007912602309,7.0,portfolio,D,7
2026-05-22,105.09484033400167,104.7808506515791,104.93772805473054,41.536558851898114,41.412460933471415,41.47446347772409,4352.235969641265,65.97147845577864,0.9912183816314698,0.9908927466082524,0.9910555507454636,1.322740352369298,1.3223058057614705,1.3225230612177985,7.0,portfolio,D,7
2026-05-25,103.83840919615534,103.73797621218866,103.7881805558912,51.33197941667043,51.28233089156643,51.30714914867882,5325.075659651116,72.97311600617803,0.9880447876046696,0.990047089397487,0.9890454317989448,1.2358264823934662,1.2383309210710958,1.2370780679594773,7.0,portfolio,D,7
2026-05-26,103.50711999139824,103.7448097191752,103.62589670583048,37.86598208986533,37.95293605956032,37.90943414361545,3928.399106742778,62.67694238508112,0.9968095697216308,1.000065872761703,0.9984363937281534,0.7376684577561425,0.740078217969648,0.7388723554637733,7.0,portfolio,D,7
2026-05-27,102.59771859202868,104.0696753598472,103.33107599620448,33.79416088839444,34.2790015311988,34.03571789809719,3516.947352713657,59.30385613696345,0.9912141174496484,1.0031313917443327,0.9971549514262548,0.8924675664873171,0.9031976202685364,0.8978165637913997,7.0,portfolio,D,7
2026-05-28,103.19825796713336,104.9606886096788,104.07574270477048,40.52329328859621,41.21535432950469,40.86785890510946,4253.352768303035,65.21773354159922,1.0058533404382284,1.008561699138108,1.0072066094481913,1.1991211565342546,1.202349907770587,1.200734446896865,7.0,portfolio,D,7
2026-05-29,103.71551019698728,104.62615389724002,104.16983695581344,47.67743102879509,48.09604876618212,47.88628245966913,4988.306236243763,70.6279423191966,1.0050122186172818,0.9968127618361688,1.000904093966544,1.176543838361038,1.16694492983533,1.1717345547966107,7.0,portfolio,D,7
2026-05-31,119.36840329985638,120.0499237875761,119.7086785441741,42.33750432353944,42.579225547898375,42.45819291641026,5082.614167397086,71.29245519265756,1.150921429910912,1.1474179190939653,1.1491683393432963,0.8879988583690559,0.8852957080714955,0.8866462530719413,3.0,portfolio,D,7
2026-06-01,120.23166389542465,122.16866731899034,121.196295932049,30.49062707378497,30.9818491621689,30.735256772312,3724.999275324639,61.032772141896345,1.007231902008438,1.0176488536149615,1.0124269802821853,0.7201800758206794,0.7276282920485881,0.7238946045777822,3.0,portfolio,D,7
2026-06-02,118.9435474615658,120.9136164331569,119.9245365843319,34.42034774785084,34.99045399183458,34.70423020690884,4161.888725079515,64.51270204447738,0.9892863793769068,0.9897269004125548,0.9895066153801422,1.1288829076737663,1.1293855898879166,1.1291342208070407,3.0,portfolio,D,7
2026-06-03,118.42939898267986,119.62030204870584,119.02336105888988,40.43246583221711,40.83904686648902,40.63524784038648,4836.543775423796,69.54526421995818,0.9956773739319312,0.9893038152145088,0.9924854783590652,1.1746675579342938,1.1671482420896644,1.1709018640700724,3.0,portfolio,D,7
2026-06-04,117.60741179964526,119.033321118114,118.31821843916282,56.29257409088152,56.975082996812745,56.63280039811037,6700.69204832513,81.85775496753578,0.993059264083956,0.9950929656543348,0.9940755947953932,1.392261711775859,1.395112946271142,1.3936865998839632,3.0,portfolio,D,7
2026-06-05,117.4085575066642,118.93720102184014,118.1704074878918,49.36258150958419,50.00527563443693,49.682889352513726,5871.0472799623885,76.62275954285639,0.9983091687000148,0.999192494207748,0.998750733798895,0.8768933079857176,0.8776692021183066,0.8772811692739718,3.0,portfolio,D,7
2026-06-06,119.7463043741219,119.74037789177753,119.74334109628464,65.59002212163126,65.58677594121588,65.58839901134064,7853.77403477418,88.62152128447232,1.019911213604043,1.0067529491449012,1.013310723402168,1.328739707604157,1.311597128684728,1.3201405929911396,3.0,portfolio,D,7
2026-06-07,119.45936503769649,119.35104142701474,119.40519094854707,60.16672270331883,60.11216459777343,60.1394374637018,7180.96101389152,84.74055117764765,0.997603772927063,0.9967484947716244,0.9971760421528104,0.9173151762587398,0.9165287321281164,0.9169218698767646,3.0,portfolio,D,7
2026-06-08,118.85509981079846,117.68658521907528,118.26939939225711,53.80120983574742,53.27226746099439,53.53608540129755,6331.680666224046,79.57185850678647,0.9949416671794016,0.9860541124062387,0.9904879214440572,0.894202100736654,0.8862144262721757,0.890199304468223,3.0,portfolio,D,7
2026-06-09,120.5284032353405,119.21144623698623,119.86811612067488,51.972609085148825,51.40472890570455,51.68788910899959,6195.729893750128,78.71295886796614,1.014078516001465,1.012956965444043,1.013517585585392,0.9660119027772568,0.9649435129327424,0.96547756007104,3.0,portfolio,D,7
2026-06-10,121.83879268813682,118.8150484207628,120.31742206666604,25.85749883179632,25.21577822593473,25.534622691944048,3072.2599757397,55.42797105920169,1.0108720386035288,0.996674834265198,1.003748335758767,0.4975216616397482,0.4905342127606564,0.4940155833815646,3.0,portfolio,D,7
2026-06-11,124.82395701333272,121.55421614002802,123.17823772993432,28.82511970387004,28.07005093078525,28.44508003457917,3503.814830746402,59.1930302548062,1.0245009348774232,1.023054047072934,1.0237772353673198,1.1147682879685372,1.1131939168910858,1.1139808243006994,3.0,portfolio,D,7
2026-06-12,124.57130405149049,121.00101833687008,122.77318374051484,72.7022533810735,70.61856469656017,71.65283514263103,8797.04669449506,93.79257270431953,0.9979759257125996,0.9954489624405898,0.9967116432505916,2.522183919025064,2.515797526363257,2.5189886987671146,3.0,portfolio,D,7
2026-06-13,125.2527045303038,121.93523862481472,123.5828402947028,54.54332832607815,53.09868381502982,53.81615877230359,6650.753754831963,81.55215358794618,1.0054699634398276,1.0077207638479848,1.006594734530133,0.750228855221114,0.7519082842194365,0.7510681003086337,3.0,portfolio,D,7
2026-06-14,124.16604205260404,121.67173447857265,122.91256119648524,75.8693689959935,74.34526837560392,75.10345264696471,9231.15771953738,96.07891402143022,0.9913242394104406,0.997838982814042,0.9945762769603032,1.3909926534446375,1.4001339211078554,1.3955558025746089,3.0,portfolio,D,7
2026-06-15,124.69122476091196,122.26431199869074,123.47180571963388,61.32023911460808,60.12673996360488,60.72055724176221,7497.276846942772,86.58681681955268,1.0042296806729605,1.0048702973016506,1.0045499379209477,0.8082344683510716,0.8087500560201786,0.8084922210858732,3.0,portfolio,D,7
2026-06-16,126.38938146889936,123.69745399696164,125.03617356570706,56.227665188085616,55.030089926274805,55.62565479744782,6955.219027959792,83.39795577806323,1.013618895084586,1.0117216706563257,1.012669838567238,0.9169511730539016,0.9152348848380089,0.916092627015448,3.0,portfolio,D,7
2026-06-17,124.11366660617908,121.09698057735709,122.59604510094545,34.34557510985638,33.51077730378947,33.9256085999496,4159.145441996444,64.49143696644109,0.9819944141171364,0.9789771467756448,0.980484619809008,0.610830540357099,0.6089537078475556,0.6098914021504004,3.0,portfolio,D,7
2026-06-18,125.77068200790184,123.34899301219896,124.55395206950357,59.20925445647312,58.06919226016569,58.63645266055934,7303.401914209023,85.45994333141711,1.0133507892163125,1.0185967678475951,1.015970392576253,1.7239267144920056,1.7328512476372522,1.728383220828836,3.0,portfolio,D,7
2026-06-19,126.38755410849558,123.8290398870389,125.1017564981651,46.97367715199003,46.022770064063394,46.49579274116735,5816.70534169467,76.267328140526,1.0049047368651065,1.0038917778176957,1.0043981296422924,0.7933502555165949,0.7925505465595069,0.7929503002224046,3.0,portfolio,D,7
2026-06-20,129.35088034721852,126.63670092855877,127.98659597542436,58.62791839652351,57.397724299324,58.00956038763723,7424.446168044507,86.16522597918784,1.023446345327477,1.022673688208203,1.023059943825022,1.2481015315625497,1.2471592696273333,1.2476303116405538,3.0,portfolio,D,7
2026-06-21,129.62543125373531,127.11938808876266,128.36629425872206,66.35785968757176,65.07496589810589,65.71328219043725,8435.370518364109,91.84427319307451,1.002122528318167,1.0038115898208388,1.0029667035083158,1.1318474457641092,1.1337551565414992,1.132800899564166,3.0,portfolio,D,7
2026-06-22,130.98780287979736,129.34937065848828,130.16600887497444,63.82744873203253,63.02907707980717,63.42700675531464,8256.040324225349,90.86275542941316,1.0105100643668854,1.0175424268732989,1.014020149344072,0.9618672005478628,0.9685610466319388,0.9652083207699628,3.0,portfolio,D,7
2026-06-23,132.3803932690775,130.36111973230652,131.36687671235867,66.4689160977342,65.45502786262985,65.96002391733956,8664.962329893375,93.0857794181978,1.010631450857742,1.0078218322104515,1.0092256638101096,1.041384504914043,1.0384893908529065,1.0399359404077928,3.0,portfolio,D,7
2026-06-24,133.3910932710205,130.99703671776075,132.1886452878844,28.88066615796053,28.36232609205005,28.620322697826328,3783.281685127752,61.50838711206588,1.0076348164330395,1.004878118466304,1.006255523432479,0.4344988282266426,0.433310121746093,0.4339040679198817,3.0,portfolio,D,7
2026-06-25,133.5144358561352,132.10286653065432,132.80677580537315,56.32809672503151,55.73257300514367,56.02954366197016,7441.103043592637,86.26182842713594,1.0009246688222586,1.0084416399072915,1.0046761241568256,1.9503738735439624,1.9650212335992248,1.9576838547045985,3.0,portfolio,D,7
2026-06-26,135.01418818041063,134.25834712392012,134.6357372445364,41.34261249125637,41.11116686080373,41.22672726023245,5550.590818860822,74.50228733979127,1.0112328851532686,1.0163166829749724,1.0137715973305728,0.7339607566197817,0.7376506169383118,0.7358033738228523,3.0,portfolio,D,7
2026-06-27,135.4408719580134,134.61416949906203,135.02688804403658,40.14748513169136,39.90243336704112,40.0247717085506,5404.420368478585,73.51476292880625,1.0031602884360022,1.0026502812135287,1.0029052524055313,0.9710921180944292,0.9705984143467588,0.97084523483771,3.0,portfolio,D,7
2026-06-28,134.03866352417836,132.6477724398818,133.34140443726062,46.6210685441771,46.13729149900556,46.37854923795939,6184.180891152148,78.6395631419208,0.9896470805779388,0.9853923471318232,0.9875174224097778,1.1612450541111397,1.156252579250326,1.1587461279148636,3.0,portfolio,D,7
2026-06-29,131.61788088395423,131.4902544174161,131.55405217366862,60.06777410880637,60.00952793654752,60.038643959275525,7898.326899854847,88.8725317511257,0.9819396689240528,0.9912737469979732,0.986595669431148,1.2884255119954504,1.3006729694533752,1.2945347568167522,3.0,portfolio,D,7
2026-06-30,130.44042896599905,131.22937831920555,130.83430895945668,21.32325687239994,21.45222739059812,21.387644917916017,2798.2377431057776,52.89837183794769,0.9910540124939916,0.9980160043087116,0.9945289164239366,0.3549866328286967,0.3574803556742045,0.3562313121599374,3.0,portfolio,D,7
2026-07-01,133.20410880721184,132.91348523818684,133.0587176761192,51.32154841510056,51.20957550599255,51.26553138949748,6821.32586767137,82.59131835532939,1.0211872949446767,1.012833307149294,1.0170017232815578,2.4068344119387,2.387144913839399,2.3969694459698707,3.0,portfolio,D,7
2026-07-02,133.14397246999786,134.63722378134355,133.88851637306374,31.84126516819754,32.19837492003428,32.01932219479131,4287.019543931719,65.47533538617209,0.9995485399230364,1.0129688762586255,1.0062363346907068,0.6204268217057292,0.6287569190310203,0.6245779830412711,3.0,portfolio,D,7
2026-07-03,131.4792335043305,133.0312146632374,132.25294755154803,21.64416041108417,21.8996481277604,21.771529505837343,2879.348949852487,53.65956531553798,0.9874967004905724,0.988071581743884,0.9877840992952794,0.6797518973178851,0.6801476218023083,0.6799497307715964,3.0,portfolio,D,7
2026-07-04,133.70119809746456,135.2193662953101,134.45813950692198,56.27915000811724,56.91819600740455,56.5977710806013,7610.030999736324,87.23549162890254,1.0168997379579403,1.0164484075230908,1.016674047695719,2.6002001897609386,2.599046143360358,2.5996231025214094,3.0,portfolio,D,7
2026-07-05,133.51787819445315,134.57910886109755,134.0474433341945,47.32197620572408,47.6981021076246,47.50966694258353,6368.549387312419,79.80319158600375,0.9986288836179478,0.9952650463335682,0.9969455462180752,0.8408438329096785,0.8380114875991412,0.8394264656628377,3.0,portfolio,D,7
2026-07-06,135.34796852231946,136.86782286753345,136.10577423898417,71.17308931645705,71.97230876718773,71.57158346857145,9741.305781499996,98.69805358516447,1.013706706192567,1.017006458326293,1.015355241797921,1.504017689520074,1.5089134700745852,1.5064635909796475,3.0,portfolio,D,7
2026-07-07,135.70778767005604,137.17652122250195,136.4401781565102,35.50148894531258,35.88571323244444,35.69308408664466,4869.970751737096,69.78517573050236,1.002658474683181,1.0022554487132251,1.0024569414442246,0.4988049456088977,0.4986044472816021,0.498704686369252,3.0,portfolio,D,7
2026-07-08,136.47287565025297,137.93730322608954,137.2031356445813,42.92292494596403,43.3835110853484,43.15260351599671,5920.672513622132,76.94590641237603,1.0056377603181998,1.0055460074129858,1.0055918828191202,1.2090457674066466,1.2089354558550385,1.2089906103727022,3.0,portfolio,D,7
2026-07-09,135.0301847907071,137.3900232003746,136.2049933781656,27.51912329751992,28.00005786973072,27.75854904087773,3780.8529883002366,61.48864113232815,0.9894287355441742,0.9960324001345894,0.9927250768597496,0.6411287984722369,0.6454078328203124,0.6432647576081386,3.0,portfolio,D,7
2026-07-10,135.82487556951608,138.21028701255273,137.01239008172615,28.88919185381716,29.39655553472777,29.141769553068382,3992.783497676776,63.188475987926594,1.0058852824651074,1.005970330254489,1.0059278054609853,1.04978605391912,1.049874813526965,1.049830432785002,3.0,portfolio,D,7
2026-07-11,136.57759504761125,139.14383626394851,137.85474428770564,49.928090909970535,50.86622080383441,50.39497292925639,6947.186106548488,83.34978168266842,1.005541838156958,1.0067545569260776,1.006148014829002,1.7282619452497243,1.7303462898482556,1.729303803514232,3.0,portfolio,D,7
2026-07-12,136.90301573063667,138.12738483303585,137.51383762599613,51.35743760916736,51.81674421721738,51.5865797300609,7093.868548680098,84.22510640349526,1.002382679845197,0.9926949589848558,0.9975270589092096,1.0286281064055542,1.0186867315550858,1.0236453505487,3.0,portfolio,D,7
2026-07-13,136.55592244051542,137.226788243616,136.89094437601153,57.181362686390926,57.46228071700729,57.32164961396704,7846.814748846785,88.58224849735292,0.9974646775436696,0.9934799562700152,0.9954703231271989,1.1133998374596474,1.108951972669754,1.1111736795483682,3.0,portfolio,D,7
2026-07-14,134.66571569834187,135.33397159398913,134.99943015807008,75.41268107638153,75.78690378388,75.59956087716493,10205.897638617596,101.02424282625232,0.986158002462347,0.9862066534249376,0.9861823276436325,1.318833227007541,1.3188982901169313,1.3188657581610193,3.0,portfolio,D,7
2026-07-15,133.91189973062274,136.01008600358972,134.956915344365,58.726360057934144,59.6465086241388,59.18464616486151,7987.377282157412,89.37212810578818,0.9944023171464984,1.004995895721061,0.9996850741247184,0.778733221252979,0.7870292312538792,0.7828702373156033,3.0,portfolio,D,7
2026-07-16,134.00254218925872,135.31076755120588,134.65506614101625,12.293740137052042,12.413760118596604,12.35360437369302,1663.475414019581,40.785725615950255,1.0006768812840257,0.9948583338711704,0.9977633661633528,0.2093393856681078,0.2081221584455453,0.2087298847623671,3.0,portfolio,D,7
2026-07-17,134.93579141951403,136.23642532517647,135.58454879306208,43.44818499624007,43.86697812704045,43.6570793902853,5919.225410754722,76.93650245985141,1.0069644143686265,1.006840976447941,1.0069026935167251,3.53417141666203,3.5337381831089933,3.5339547932466564,3.0,portfolio,D,7
2026-07-18,134.46060458933857,136.87892357880682,135.66437564793586,62.20505646224298,63.32383522828399,62.76195301120882,8514.561169710732,92.27437981211648,0.9964784226247422,1.0047160533763038,1.0005887607075024,1.431706674689083,1.4435422254274215,1.4376122701688283,3.0,portfolio,D,7
2026-07-19,135.2351328413818,137.17998170554338,136.20408602214366,48.690442131046304,49.39067105147898,49.039306792058,6679.353960771761,81.72731465533272,1.005760261560691,1.0021994483801098,1.0039782763281084,0.7827409040388906,0.7799696729268591,0.7813540598919849,3.0,portfolio,D,7
2026-07-20,136.20609192175309,138.60320687871442,137.39942189387827,61.78027819285783,62.86756016983732,62.32154809212287,8562.944679389215,92.53618038037456,1.0071797842762509,1.0103748750763502,1.008776064702936,1.268837896903489,1.2728630494676134,1.2708488795811437,3.0,portfolio,D,7
2026-07-21,134.8502466857839,138.217639155737,136.5235611038542,27.667814048803606,28.35871666839685,28.011135275884712,3824.179938425572,61.83995422399318,0.9900456343997588,0.997218190461388,0.9936254405007576,0.4478421732325927,0.4510866429647581,0.4494614805537087,3.0,portfolio,D,7
2026-07-22,132.55897664335708,136.79080582548045,134.6582683478659,75.27217038685833,77.67516847352792,76.46423030520435,10296.540843451228,101.47187217870392,0.9830087812314816,0.9896769085409648,0.986337209922547,2.7205680309288183,2.739022692098393,2.7297797662286745,3.0,portfolio,D,7
2026-07-23,132.43276343785988,136.75241908793743,134.57526060397544,61.73859062197935,63.752363081943095,62.73739750340208,8442.901618635533,91.88526333768398,0.9990478713045834,0.9997193763329972,0.99938356741915,0.8202047357566059,0.8207560322662217,0.8204803377080749,3.0,portfolio,D,7
2026-07-24,133.01487782018532,137.52850621044576,135.25286485089714,51.489400047435296,53.23660322996764,52.35571373665338,7081.260274195838,84.15022444530875,1.0043955465944692,1.0056751253665883,1.005035132340674,0.8339905321567986,0.8350530185295377,0.8345216062527022,3.0,portfolio,D,7
2026-07-25,134.42057554619535,138.60065776151922,136.49461596482357,74.85989413304296,77.18781536708812,76.01494383830783,10375.63056679746,101.86083922095604,1.0105679736661513,1.0077958496068653,1.009180959791834,1.453889423144905,1.449901208641313,1.4518939464880414,3.0,portfolio,D,7
2026-07-26,134.93753454022666,136.63022060458917,135.7812399121121,38.90536698261264,39.39340444931722,39.14862522228814,5315.648873536869,72.90849657986968,1.0038458323209132,0.9857833491647604,0.9947735956640568,0.5197090836579197,0.5103578105167369,0.5150122231960281,3.0,portfolio,D,7
2026-07-27,136.6709889795059,134.40307014343577,135.53228588932336,73.2509107838888,72.03538493186626,72.64060541410177,9845.147300157572,99.22271564595265,1.0128463473501694,0.9836994301019332,0.9981665064853592,1.882797065418396,1.828615372010956,1.8555084629829084,3.0,portfolio,D,7
2026-07-28,125.45294428893196,123.37117772297852,124.40770669753849,73.2509107838888,72.03538493186626,72.64060541410177,9037.051132689196,95.06340585466732,0.917919342105177,0.917919342105177,0.917919342105177,1.0,1.0,1.0,3.0,portfolio,D,7
2025-07-28,100.0,100.0,100.0,100.0,100.0,100.0,10000.0,100.0,1.0,1.0,1.0,1.0,1.0,1.0,,fertilizer,D,8
2025-07-29,101.1267981319872,100.65607203480351,100.8911605514692,97.47228830247376,97.01857325657366,97.24516616860409,9811.177672770937,99.05138905018411,1.011267981319872,1.0065607203480351,1.008911605514692,0.9747228830247376,0.9701857325657366,0.9724516616860408,8.0,fertilizer,D,8
2025-07-30,100.3127701805449,100.4297865689678,100.37126132202404,79.66818289798636,79.7611170579957,79.7146364347483,8001.058604782262,89.44863668487218,0.9919504229691932,0.9977518945329252,0.994846929834057,0.8173418751672463,0.8221221399232579,0.8197285230253885,8.0,fertilizer,D,8
2025-07-31,100.26573916421896,100.5825943324383,100.42404178181988,71.2031536514608,71.42816657627483,71.31557136960085,7161.797918915152,84.62740642909453,0.9995311562402144,1.001521538267589,1.0005258523117138,0.8937464250017491,0.8955261562389876,0.8946358480600657,8.0,fertilizer,D,8
2025-08-01,100.89452198758066,101.16578065074371,101.03006028038,85.3824290953346,85.61198292162524,85.49712896651364,8637.780093286297,92.9396583450052,1.0062711632966856,1.0057980838750082,1.0060345957781385,1.1991383066160428,1.198574554342007,1.1988563973415467,8.0,fertilizer,D,8
2025-08-04,99.81084452353906,99.85464952295396,99.83274462063054,66.6775291626683,66.70679260733608,66.69215927996123,6658.061305594784,81.59694421726088,0.9892593032535998,0.9870397764999592,0.9881489167043288,0.7809279950119344,0.7791758855580276,0.7800514483484272,8.0,fertilizer,D,8
2025-08-05,100.02313793528836,99.6631174533036,99.8429654211684,89.41850812453424,89.09665765015521,89.25743781870085,8911.727277714637,94.40194530683485,1.0021269573738478,0.998081891323385,1.000102379240165,1.341059113129199,1.335645953997746,1.3383497967731828,8.0,fertilizer,D,8
2025-08-06,98.7590748355098,98.36466287743878,98.56167156802212,72.12740986755819,71.83935620764048,71.98323895053622,7094.7883558452095,84.23056663613993,0.9873622931066572,0.9869715637133945,0.9871669090782572,0.8066273009957342,0.8063080939548055,0.8064676816821488,8.0,fertilizer,D,8
2025-08-07,98.27082671199857,98.3111530315499,98.29098780366496,91.11251261451174,91.14990145534838,91.13120511746747,8957.376170734286,94.64341588686604,0.9950561695284768,0.9994560053953976,0.9972536609814864,1.2632162000800304,1.2688017580766422,1.266005898679954,8.0,fertilizer,D,8
2025-08-08,97.5545275498168,97.04230065721733,97.29807702602406,94.82495551297684,94.3270607096988,94.57568046526048,9202.031842697554,95.92722159375592,0.9927109683906394,0.9870935053124094,0.9898982521202836,1.040745697730586,1.034856420068724,1.037796881357523,8.0,fertilizer,D,8
2025-08-11,99.14311158983492,97.6435299937811,98.39046391901418,94.4915867047515,93.0623613946706,93.77425121361104,9226.49208056537,96.0546307085992,1.01628406266646,1.006195538775276,1.0112272197599337,0.9964843768560512,0.9865924019521772,0.991526053550904,8.0,fertilizer,D,8
2025-08-12,98.38349228912509,97.3920888603271,97.88653545514713,77.61588361515173,76.83375389648805,77.22382857735704,7559.173034019664,86.94350484090036,0.992338153518396,0.9974249073802433,0.9948782794206372,0.8214052311098383,0.8256157779044718,0.8235078134769285,8.0,fertilizer,D,8
2025-08-13,99.1929259593435,97.35213222843043,98.26821889155678,84.81970360413489,83.24564399108961,84.02898815087298,8257.379000846016,90.87012160686272,1.0082273321609654,0.9995897343165728,1.003899243492835,1.092813734166867,1.0834514750280169,1.0881225354774924,8.0,fertilizer,D,8
2025-08-14,98.58986502232652,96.49413500122336,97.53637139660653,99.67664656845837,97.55781477404317,98.61154001040356,9618.211790446045,98.07248233039708,0.993920323136106,0.9911866621966344,0.9925525515450944,1.175159100221133,1.1719269633433973,1.1735419190499807,8.0,fertilizer,D,8
2025-08-15,98.54285419410547,96.25987816939548,97.39467716045417,85.98145657588782,83.98949474833873,84.97963929986432,8276.564534822128,90.97562604798128,0.9995231677392966,0.9975723205164242,0.9985472677102556,0.862603824827066,0.8609202137508875,0.8617616081332765,8.0,fertilizer,D,8
2025-08-18,97.7790473449838,95.62820968384872,96.69764858668012,85.07283914230513,83.20149889779064,84.13196617297386,8135.363299900685,90.19624881280087,0.9922489879619566,0.993437884011912,0.9928432580291248,0.9894324024066662,0.990617923671178,0.9900249855862614,8.0,fertilizer,D,8
2025-08-19,98.26631363486334,95.63328970245962,96.94086259073435,70.73598209950094,68.84062725346361,69.78186997436667,6764.714668509571,82.24788549567442,1.0049833405326638,1.0000531225945537,1.0025152008100406,0.8314755074904426,0.8273964792152515,0.8294334858512205,8.0,fertilizer,D,8
2025-08-20,97.21182596373676,95.58376945169526,96.39436062807894,91.20494362792172,89.6774874678121,90.43799085116532,8717.712304586134,93.36869017280972,0.9892690828410964,0.999482186057612,0.9943625221805314,1.2893712778261572,1.3026826024932847,1.2960098501858195,8.0,fertilizer,D,8
2025-08-21,97.83518544831009,96.48544851125015,97.15797315795308,64.29833914663068,63.411277473060665,63.85326792486001,6203.854091091134,78.76454844085082,1.0064123832506329,1.009433390885579,1.0079217552240467,0.7049874336740033,0.7071036361920916,0.7060447420812783,8.0,fertilizer,D,8
2025-08-22,98.82398646115097,97.18208026094165,97.99959481535512,77.76814044885508,76.47606555333445,77.11939708612589,7557.669666844816,86.93485875553498,1.010106803685299,1.007220070595518,1.008662404433178,1.2094891016003833,1.206032563936662,1.207759596217956,8.0,fertilizer,D,8
2025-08-25,97.04218416177554,95.53866233895666,96.28748862270068,80.14361559898548,78.90191152921922,79.52033996169098,7656.813829334611,87.50322182259697,0.9819699410721924,0.9830892905608496,0.9825294564137712,1.030545608219765,1.0317203292080055,1.031132801425869,8.0,fertilizer,D,8
2025-08-26,96.16615439138356,94.6832731284254,95.42183325607245,61.93446867860273,60.97943971112434,61.455099046599656,5864.15821396005,76.57779191097148,0.9909726911243922,0.9910466695933372,0.991009679668557,0.7727935433872133,0.7728512342637253,0.7728223882871442,8.0,fertilizer,D,8
2025-08-27,95.64741836552054,93.77795214432902,94.70807263486252,100.125581036762,98.16858737374348,99.14225562470428,9389.571946888602,96.89980364731709,0.9946058358146272,0.9904384274625948,0.9925199443685548,1.6166374423319083,1.609863715357077,1.613247023644491,8.0,fertilizer,D,8
2025-08-28,95.41041356023491,94.14183234209776,94.77400042774308,50.44711334896251,49.77636622487287,50.11061752808112,4749.18368704083,68.9143213493453,0.9975220992961892,1.0038802318609892,1.0006961158753036,0.5038384079932621,0.5070498369846791,0.5054415719344856,8.0,fertilizer,D,8
2025-08-29,96.14120899461768,94.60801942014372,95.37153331911404,66.5787343198754,65.51698543603705,66.04572633248162,6298.882189503359,79.3654974753095,1.007659493414955,1.0049519652045005,1.0063048187126653,1.3197729245541587,1.3162267639235326,1.317998651592564,8.0,fertilizer,D,8
2025-09-01,98.47753548812396,96.48567656572703,97.47651839339066,70.12057524391831,68.70227925640299,69.40780461898572,6765.631143587427,82.2534567272855,1.024300989325369,1.0198467017605013,1.0220714190180136,1.0531977809464843,1.0486178324470634,1.0509053117165978,8.0,fertilizer,D,8
2025-09-02,98.29944103731356,95.8295273954398,97.0566276863237,57.09992143666677,55.6652044798042,56.3779992776687,5471.858485592517,73.9720115015978,0.998191522057009,0.9931995173414132,0.995692391213929,0.8143105106887889,0.810238103921658,0.8122717551312253,8.0,fertilizer,D,8
2025-09-03,99.20353120548758,96.6049501356049,97.89561882628888,58.20246542744819,56.67788436624597,57.4351164822301,5622.6462703879,74.9843068274149,1.0091973073156215,1.0080916890778906,1.0086443467073338,1.019309028156971,1.018192332102349,1.0187505271223791,8.0,fertilizer,D,8
2025-09-04,98.39649303260322,96.51493342091764,97.45117225510158,100.15959001677244,98.24431607264816,99.19733070660044,9666.896161935198,98.32037511083446,0.991864824134005,0.999068197700419,0.9954599952835892,1.720882256124108,1.733380085922133,1.7271198664198966,8.0,fertilizer,D,8
2025-09-05,97.42029498457391,95.9230216815473,96.66875952461588,92.60896006831,91.18563319834615,91.89454098949082,8883.331284538046,94.2514259018825,0.9900789345438782,0.9938671486536812,0.9919712332609242,0.924614009031007,0.9281517429559756,0.9263811872245904,8.0,fertilizer,D,8
2025-09-08,96.47053566182252,94.98710259248122,95.72594563680812,110.99517581274708,109.28839650227262,110.13848003337876,10543.110152195894,102.67964818889814,0.9902509089825504,0.990243019114085,0.9902469640404598,1.1985360350756027,1.1985264856860671,1.1985312603713243,8.0,fertilizer,D,8
2025-09-09,96.8630551068602,95.36592184861536,96.11157340996424,91.46155247698988,90.04790584037544,90.7519766476882,8722.315265673646,93.39333630229538,1.0040688013427608,1.003988112552073,1.004028456136847,0.8240137628259526,0.8239475435848572,0.8239806525401909,8.0,fertilizer,D,8
2025-09-10,98.60515819360664,96.87744564870844,97.73748438333892,67.70952941116053,66.5231553358497,67.11372097221192,6559.526255429329,80.99090230037771,1.0179852172205857,1.015849726724107,1.0169169114154375,0.7403059272167402,0.738752941726072,0.7395290268195118,8.0,fertilizer,D,8
2025-09-11,98.6257196075078,97.49594840012249,98.05920696078732,60.09905980430459,59.41061679341409,59.75384683581484,5859.414833576354,76.5468146533633,1.0002085227008184,1.0063843833543755,1.0032917010242106,0.8876012036556628,0.8930817621845034,0.8903372659154988,8.0,fertilizer,D,8
2025-09-12,98.4073863772994,97.85823568352092,98.13242689910946,70.79471578429965,70.39965430853049,70.59690870063197,6927.845982367871,83.23368297971604,0.9977862444900044,1.0037159214238482,1.0007466911123544,1.1779671098819584,1.1849675715929373,1.1814621558108305,8.0,fertilizer,D,8
2025-09-15,97.95785896487756,97.53089204628624,97.74414237072624,73.70835164441482,73.38708055796377,73.54754067896081,7188.841287141126,84.7870349000431,0.9954319748855202,0.9966549198956202,0.9960432596986272,1.0411561205922848,1.042435240325765,1.0417954841456454,8.0,fertilizer,D,8
2025-09-16,97.76527394963828,97.19571735293144,97.48007967652134,73.08248235198438,72.6567216677896,72.86929105624178,7103.304298134072,84.28110285309556,0.9980340013831016,0.9965633996949836,0.99729842947311,0.9915088415563847,0.9900478546820336,0.9907780788255092,8.0,fertilizer,D,8
2025-09-17,97.89900517398648,97.75927026908138,97.82911277261962,64.36091067133195,64.26904594077328,64.31496190410004,6291.875661082938,79.32134429699826,1.0013678806282185,1.0057981249740005,1.0035805581741062,0.8806612556118844,0.8845574706030981,0.8826072131600765,8.0,fertilizer,D,8
2025-09-18,98.74481886168896,98.38487239146768,98.56468131651344,88.69664599909794,88.37332731751151,88.53483906826584,8726.408198172425,93.41524606921732,1.0086396555940411,1.00639941481421,1.0075189125511488,1.3781135952541108,1.3750527337678446,1.3765823137745152,8.0,fertilizer,D,8
2025-09-19,97.71463199429274,97.22570231795832,97.46986058462348,90.14292523332928,89.69188171652254,89.91712065902192,8764.209214805634,93.6173553076866,0.9895671805440324,0.9882180050110032,0.9888923626874598,1.0163059066996292,1.0149202755971118,1.015612854841135,8.0,fertilizer,D,8
2025-09-22,97.27662808787606,96.7978920134916,97.0369648179847,83.11734144557958,82.70828872100331,82.91256282375555,8045.583441697713,89.69717633068342,0.9955175197667196,0.9955998229452984,0.9955586705055052,0.9220617284211224,0.9221379587330838,0.9220998427893548,8.0,fertilizer,D,8
2025-09-23,97.19211590385518,96.65018715396852,96.920772757948,62.52402601531421,62.175401366686486,62.34947002632267,6042.958815999709,77.73647030834182,0.9991312179946809,0.998474090122722,0.9988026000168632,0.752238039955252,0.7517432935460723,0.7519906260629869,8.0,fertilizer,D,8
2025-09-24,96.78857669987192,96.59952837332514,96.69400633510344,94.58238889527696,94.39764971477526,94.4899741566427,9136.61415970617,95.58563783176932,0.9958480253235517,0.999475854293353,0.9976602908087528,1.512736701761825,1.5182475326223372,1.515489612289422,8.0,fertilizer,D,8
2025-09-25,98.12335327029449,98.137085494104,98.13021914199034,116.40660064179154,116.42289158008126,116.41474582596965,11423.804519261506,106.88219926284032,1.0137906415812012,1.015916818090837,1.014853173028218,1.2307428687456676,1.2333240491882562,1.2320327830017257,8.0,fertilizer,D,8
2025-09-26,97.58200769679392,96.93225233574462,97.25658740411464,107.53210249447145,106.81609385999244,107.17350023682062,10423.328893187245,102.0947055100667,0.994483009849762,0.9877229576128816,0.9910972201477348,0.9237629301225893,0.917483601466119,0.920617912073064,8.0,fertilizer,D,8
2025-09-29,97.81488321946318,97.54661052065414,97.68065477120962,76.95803257455485,76.7469630684195,76.85242536067153,7506.995229985911,86.64291794478018,1.002386459637035,1.0063380161928104,1.004360294540594,0.715674954635166,0.7184962517821931,0.7170842156955889,8.0,fertilizer,D,8
2025-09-30,98.59891706403728,98.1369142510722,98.36764442214728,80.80605222019692,80.42742104916594,80.61651434560211,7930.056617701122,89.05086533942902,1.008015486179286,1.0060515042733655,1.0070330164406325,1.0500015335230173,1.047955747479745,1.0489781417732174,8.0,fertilizer,D,8
2025-10-01,97.21203060893949,96.7809805768767,96.99626614567444,78.22712031925776,77.88025170113939,78.05349332553357,7570.897412203078,87.0109039845184,0.9859340599633865,0.9861832452697004,0.9860586447451408,0.9680849165368016,0.9683295906445956,0.9682072458617984,8.0,fertilizer,D,8
2025-10-02,98.36539650925536,98.24428668305508,98.30482294550792,76.3664191592634,76.27239499954727,76.31939259989126,7502.564376841018,86.61734454969753,1.01186443584288,1.0151197693746865,1.0134907955927728,0.976214116633713,0.9793547572526838,0.9777831759763784,8.0,fertilizer,D,8
2025-10-03,102.01776087343406,101.47015373319796,101.74358888570806,81.2218024964074,80.78582312762799,81.00351949503123,8241.588785797896,90.7831966048668,1.0371305814218423,1.032835161809967,1.0349806432397148,1.063580083898107,1.05917512001698,1.0613753167520183,8.0,fertilizer,D,8
2025-10-06,101.67428844176608,100.3373873625116,101.00362599525432,91.42445807727366,90.22233059207588,90.82140541110984,9173.291264507105,95.777300361344,0.9966332094654174,0.9888364575295234,0.9927271791907698,1.125614739728505,1.1168089535900354,1.1212032017532378,8.0,fertilizer,D,8
2025-10-07,101.21495335488558,100.04045791136608,100.62599207511104,88.31225744782675,87.28748452108611,87.79837586766257,8834.798674267033,93.99360975229663,0.995482288650158,0.9970406898270856,0.9962611845226128,0.9659587741081668,0.9674709570044344,0.966714569877406,8.0,fertilizer,D,8
2025-10-08,100.72832163245424,99.768888221413,100.24745713323036,111.15293921736044,110.09421172252816,110.62230888829517,11089.605168258337,105.30719428537796,0.9951920965598324,0.9972854013703764,0.996238199156356,1.2586354649922469,1.2612829012838904,1.2599584877860934,8.0,fertilizer,D,8
2025-10-09,101.0413999453534,99.96010344232415,100.49929746269255,84.71973056547077,83.81310072416235,84.26519632213349,8468.593030930282,92.02495873908492,1.0031081458305395,1.0019165816550628,1.0025121867094098,0.7621906461672656,0.7612852611670227,0.7617378191520418,8.0,fertilizer,D,8
2025-10-10,101.17218597326332,99.87592742044464,100.5219672670276,88.41355838167945,87.28076847371318,87.8453374918014,8830.386139911854,93.97013429761527,1.0012943806002357,0.999157903813814,1.00022557176923,1.0436005614223964,1.0413738153055965,1.0424865938243535,8.0,fertilizer,D,8
2025-10-13,99.11575316744106,98.11206304499012,98.6126311560322,91.87296403368194,90.94261760968683,91.40660718341782,9013.846039402706,94.94127679467296,0.9796739312683654,0.982339444338482,0.9810057824880862,1.0391275468980483,1.0419548223510031,1.0405402243681834,8.0,fertilizer,D,8
2025-10-14,99.31097862631756,98.3106051493522,98.80952589061268,85.59355452116286,84.73135858948886,85.16136542518336,8414.754141859583,91.73196902857576,1.0019696713452473,1.0020236258233712,1.0019966482211486,0.9316511709558324,0.931701338894204,0.9316762545873444,8.0,fertilizer,D,8
2025-10-15,99.23229629798966,98.50810369319808,98.86953693345852,91.32186212942813,90.65539949904272,90.988020608978,8995.943464101636,94.84694757398172,0.9992077177224892,1.0020089240987362,1.0006073406617928,1.0669245206640994,1.0699155661867168,1.0684189967446391,8.0,fertilizer,D,8
2025-10-16,100.72179056702954,100.07816188161397,100.39946046355628,93.61887058991788,93.02063072276822,93.31927126712564,9369.204486071663,96.7946511232499,1.01501017637007,1.0159383657745134,1.0154741650214,1.0251528867998143,1.0260903513391997,1.0256215119588783,8.0,fertilizer,D,8
2025-10-17,101.81646639897336,100.67249268577892,101.2428637921829,44.89655589346904,44.392114111391855,44.64362252809869,4519.848194801924,67.22981626333605,1.0108683118695685,1.0059386662683516,1.0084004767030872,0.4795673736562263,0.4772286939624696,0.4783966047088676,8.0,fertilizer,D,8
2025-10-20,100.23387886152332,98.64118512202636,99.4343431631058,102.88515369842716,101.25033179944558,102.06446957292586,10148.71349227468,100.74082336508214,0.9844564676675326,0.9798226157954316,0.9821368088442324,2.29160459306843,2.280817974683094,2.2862049222973897,8.0,fertilizer,D,8
2025-10-21,100.96856747299503,97.53124154149688,99.23502276065445,70.35841171318026,67.96316337863858,69.1504174269714,6862.143247274262,82.8380543426405,1.007329743394314,0.988747665803524,0.9979954571417602,0.6838538815756842,0.6712389201178967,0.6775170411047196,8.0,fertilizer,D,8
2025-10-22,102.24114378170113,98.04886689435664,100.12306576298384,90.50750816322,86.79635509343467,88.63250993375277,8874.158620835447,94.20275272429912,1.0126036878659928,1.005307277388031,1.0089488869718033,1.2863779320684297,1.2771088156958206,1.2817349949818608,8.0,fertilizer,D,8
2025-10-23,102.2910328084406,98.16016948208556,100.20431685797824,83.11054065376851,79.75425149533238,81.41510278329017,8158.144756321674,90.3224487949794,1.000487954505341,1.0011351746456063,1.000811512256194,0.9182723327647924,0.9188663672510028,0.918569301987982,8.0,fertilizer,D,8
2025-10-24,101.85062597865154,97.90795537361838,99.85983448360462,84.06236008182591,80.80827899101541,82.41926137824453,8230.373799492445,90.7214076141483,0.995694570504398,0.9974305860534072,0.9965622002606748,1.0114524514047214,1.0132159411682864,1.0123338122857526,8.0,fertilizer,D,8
2025-10-27,102.91648714100224,97.76843870222758,100.30944254901266,103.67845312868144,98.49228992401984,101.05210667979168,10136.48048945326,100.68008983633884,1.0104649446393597,0.9985750221127754,1.0045023914543123,1.2333516811538636,1.2188390985900168,1.2260739175523052,8.0,fertilizer,D,8
2025-10-28,103.50534738925764,98.00299812486178,100.71660422245472,75.15434331125886,71.15913479242063,73.1294608616919,7365.350966608516,85.82162295487376,1.005721728992252,1.0023991323350123,1.0040590562871796,0.72487909535051,0.7224843167654557,0.7236807154691044,8.0,fertilizer,D,8
2025-10-29,103.99644980883409,98.9830340831325,101.4587804773574,97.56064806611396,92.85748667816858,95.18002194847756,9656.848952700644,98.26926759013035,1.0047447057757268,1.0100000609881556,1.0073689562970514,1.2981371903158978,1.3049271460234098,1.3015277403519958,8.0,fertilizer,D,8
2025-10-30,102.6191868217596,98.4381382127784,100.50692362043176,69.58896937097558,66.75368220294992,68.15658402693698,6850.208585024894,82.76598688486047,0.9867566345812177,0.9944950579116776,0.990618289984886,0.7132893307946991,0.7188831465394826,0.7160807765292511,8.0,fertilizer,D,8
2025-10-31,102.92874019040256,98.81523769170484,100.85101847389724,85.83380671575507,82.40349582547441,84.10116368627905,8481.688012601184,92.09608033245054,1.003016525254489,1.0038308270125074,1.003423593530382,1.2334398323702571,1.2344412039315624,1.2339404165713532,8.0,fertilizer,D,8
2025-11-03,101.91308193138276,98.5122422891356,100.1982346134746,111.18662368478334,107.47632594528966,109.31573449372254,10953.243611746311,104.65774511113028,0.9901324133848234,0.9969337178187582,0.9935272457303784,1.2953709958709625,1.3042690102968202,1.2998123890592157,8.0,fertilizer,D,8
2025-11-04,101.5668379266124,98.32218545447496,99.93134380485924,78.17677092125487,75.67933713074281,76.91791860381103,7686.51096875162,87.6727492939033,0.9966025558426004,0.9980707287719344,0.9973363721462266,0.7031130933779214,0.7041489040969546,0.7036308081361156,8.0,fertilizer,D,8
2025-11-05,104.14612541339406,100.36789679268334,102.23955969608532,77.79495799073011,74.97270093929522,76.37079363227834,7808.116314604733,88.36354629939166,1.0253949767407875,1.0208062028803826,1.0230980171319763,0.9951160309382778,0.9906627592386704,0.9928868983786362,8.0,fertilizer,D,8
2025-11-06,103.60334987145544,99.79458732820724,101.6811366293757,74.95744496584537,72.20178977633907,73.56671586794855,7480.347287543337,86.48900096280069,0.9947883270761718,0.9942879199146684,0.994538092022603,0.9635257464214728,0.9630410652378693,0.9632833753459302,8.0,fertilizer,D,8
2025-11-07,104.24081878697648,100.55094402952837,102.3792593030516,57.7762299449888,55.73109009540448,56.74444709781721,5809.454463435723,76.219777377238,1.0061529759058174,1.0075791355179775,1.0068658032041926,0.7707870775386587,0.7718796205474101,0.7713331556035867,8.0,fertilizer,D,8
2025-11-10,103.3875486511944,100.08254314087591,101.72162404382156,93.8098753576227,90.81104078785012,92.2982796015408,9388.730897519456,96.8954637613106,0.9918144336766404,0.9953416559817194,0.993576479614065,1.623675955439513,1.629450287665166,1.6265605591756882,8.0,fertilizer,D,8
2025-11-11,102.4936113132288,98.63149121656096,100.544008891601,63.805317222127776,61.40103275248639,62.59163180920153,6293.213585164174,79.32977741784086,0.991353529998264,0.9855014483167912,0.9884231581702508,0.6801556550298002,0.6761406126368438,0.6781451623953848,8.0,fertilizer,D,8
2025-11-12,102.17722578066972,98.75994853396338,100.4540569586022,73.44782214201265,70.99138853356045,72.20916062818804,7253.703134676858,85.16867460913583,0.9969131194763722,1.0013023965856946,0.9991053476583,1.151123845781004,1.15619209239906,1.153655185861006,8.0,fertilizer,D,8
2025-11-13,102.26535934918216,99.78462616103522,101.01737796974376,83.49029519939832,81.46500386411684,82.47143275725986,8331.047894546426,91.27457419537176,1.0008625558957889,1.010375437029713,1.0056077477425691,1.1367293510482632,1.1475336029750296,1.142118701281036,8.0,fertilizer,D,8
2025-11-14,102.32320826138634,98.98154031139528,100.63850537103434,77.46036589290375,74.93066782638418,76.18501786067486,7667.146329163874,87.56224260012915,1.0005656745604996,0.9919518078030988,0.9962494314708614,0.9277768836234992,0.9197896553392192,0.923774637029916,8.0,fertilizer,D,8
2025-11-17,102.35419109220793,99.5740248411749,100.95453811698547,71.87523633863648,69.92294592217769,70.89237098341555,7156.9065686487,84.59850216551531,1.0003027937781468,1.0059858083428048,1.003140276624598,0.9278969381323444,0.9331685937217392,0.930529032795682,8.0,fertilizer,D,8
2025-11-18,101.2086102092722,98.81976595653018,100.00705561942102,87.35304874028765,85.29123969053127,86.31598819341949,8632.20783210459,92.90967566461843,0.9888076797763592,0.992425144149312,0.9906147607107416,1.2153427688046583,1.2197889915201523,1.2175638506097095,8.0,fertilizer,D,8
2025-11-19,101.38223395944983,98.83953316219294,100.10281052743848,76.1403153502114,74.23069042892764,75.17943986172328,7525.673224037041,86.75063817654048,1.0017155037483336,1.000200032913167,1.0009574815239222,0.8716389003958726,0.8703202192659473,0.8709793102670493,8.0,fertilizer,D,8
2025-11-20,102.81126454576749,100.07322502025283,101.43300651910762,89.5681839409258,87.18283026453307,88.36745881615137,8963.377026175656,94.67511302436166,1.0140954734425087,1.0124817653280034,1.0132882981472788,1.1763568817511751,1.1744849705797429,1.1754205535274629,8.0,fertilizer,D,8
2025-11-21,104.40980098628904,101.6510280595905,103.02118039390508,89.1301377367227,86.77509243811815,87.9447323102772,9060.17013203076,95.18492597061132,1.0155482616382951,1.015766485381263,1.0156573676488456,0.9951093548520308,0.995323186627714,0.995216264996896,8.0,fertilizer,D,8
2025-11-24,104.05651513627036,101.16528047225646,102.60071412386168,67.02476203982133,65.16246331587263,66.08705317741855,6780.578850344767,82.34427029456735,0.99661635357331,0.9952214198261794,0.995918642472978,0.7519876412376092,0.7509351068953557,0.751461189787437,8.0,fertilizer,D,8
2025-11-25,103.70138050707132,101.14525924136186,102.41534560345356,79.17487698436719,77.22330617807611,78.19300331215892,8008.163457986746,89.48834258151587,0.9965870985710604,0.9998020938527414,0.9981933018498844,1.181278001961829,1.185088811080376,1.1831818722835243,8.0,fertilizer,D,8
2025-11-26,103.9221304682995,100.59919881734388,102.24716653532468,68.31977437837531,66.13523543902677,67.21863107543204,6872.91456584625,82.90304316396504,1.002128708028271,0.994601225721169,0.9983578723760784,0.8628971332897029,0.8564154879165576,0.8596502017844815,8.0,fertilizer,D,8
2025-11-27,105.18963468617343,102.0718904552748,103.61903719258092,102.19379980153496,99.16484993669869,100.66793343354296,10431.11433855055,102.13282693899424,1.0121966727602894,1.014639198475177,1.0134171997498074,1.4958158268432675,1.499425371035739,1.4976195114800013,8.0,fertilizer,D,8
2025-11-28,106.71923908556582,102.55089853818448,104.61431001319136,94.53421009930892,90.84180388981856,92.66961840171956,9694.568188281635,98.4609983104053,1.0145413985318597,1.004692850115474,1.0096051155036374,0.9250483912223508,0.916068586276356,0.9205475392310148,8.0,fertilizer,D,8
2025-12-01,105.31989485354596,102.419576383446,103.85961205227588,55.20399449258723,53.68377682551871,54.43857933687484,5653.969730604863,75.19288351037525,0.986887610481388,0.9987194441334944,0.9927859012708652,0.5839578543534134,0.5909589476077713,0.5874479713608562,8.0,fertilizer,D,8
2025-12-02,103.05136104628816,100.52398414282054,101.77982798036722,61.05858219771424,59.56109542181734,60.30519082632056,6137.851948626125,78.34444427415465,0.9784605386246124,0.981491895323521,0.9799750448628496,1.1060536970003714,1.1094803485120075,1.1077656977993888,8.0,fertilizer,D,8
2025-12-03,102.05232533952687,99.70972180865331,100.87422351389084,85.1309833949269,83.17680800868054,84.14822316264322,8488.386671605238,92.13244092937752,0.9903054583984336,0.991899820315415,0.9911023187556272,1.3942509034891055,1.3964956053882902,1.3953728030641808,8.0,fertilizer,D,8
2025-12-04,100.21599104728762,97.36662138965949,98.78103288329577,85.96304868018382,83.5189227475174,84.73217347537681,8369.931614344317,91.48733034876642,0.9820059534544676,0.9765007827071231,0.9792494994491152,1.0097739418960654,1.0041131025225345,1.0069395441850852,8.0,fertilizer,D,8
2025-12-05,100.07365763266434,97.10410264026731,98.57769890979,84.24235309123111,81.74257136933572,82.9830498347749,8180.278101228538,90.44488985690975,0.99857973350225,0.9973038116590126,0.9979415686638344,0.9799833112555794,0.9787311507411116,0.9793570308790652,8.0,fertilizer,D,8
2025-12-08,99.83922683221412,96.1978940819117,98.00164982297642,82.23676073283275,79.23742450361186,80.7231634661912,7911.003198616553,88.94382046334952,0.9976574174863208,0.9906676594117472,0.994156395481084,0.97619258858752,0.9693532167662684,0.9727668918763132,8.0,fertilizer,D,8
2025-12-09,99.40582018323168,95.84922217890946,97.611323854455,87.50815611673208,84.37723950809671,85.92843910821037,8387.588698099338,91.58377966703132,0.995658954273446,0.9963754725991676,0.996017149004874,1.064100231294674,1.0648660028601833,1.064483048217,8.0,fertilizer,D,8
2025-12-10,98.46528298198008,95.46919615644636,96.95566726915274,78.47683422077807,76.08895290872712,77.27367044117139,7492.120279960377,86.55703483807874,0.9905384091241544,0.9960351684257414,0.9932829864465328,0.8967945126862618,0.9017710623423008,0.8992793450356993,8.0,fertilizer,D,8
2025-12-11,97.80435766671528,95.14161765583464,96.46380047562468,107.73105464448152,104.79805864655506,106.2544370023558,10249.706810645082,101.24083568721213,0.9932877325362914,0.9965687518718086,0.994926889707616,1.3727752363379349,1.3773097754711658,1.3750406366842318,8.0,fertilizer,D,8
2025-12-12,97.16656240751898,94.61464804465248,95.88211566239124,90.15329185906022,87.78556910902657,88.9615536785401,8529.821979311808,92.3570353536308,0.9934788666434508,0.9944612082055572,0.9939699160683556,0.8368366220545328,0.8376640773956958,0.8372502475032425,8.0,fertilizer,D,8
2025-12-15,98.19218735562204,95.70041338741784,96.93829440086004,64.6476358286853,63.0071051469472,63.82209952798109,6186.805473324422,78.65624878752115,1.0105553281158757,1.0114756580001538,1.0110153883356905,0.7170856936622036,0.7177387557708329,0.7174121504060095,8.0,fertilizer,D,8
2025-12-16,98.25731409629144,95.77521679723378,97.00832726877734,101.23518407822024,98.67786222100028,99.94834439043106,9695.821702599402,98.46736364196718,1.0006632578662653,1.0007816414492707,1.0007224479071986,1.5659533837631907,1.5661386440602307,1.5660460111722176,8.0,fertilizer,D,8
2025-12-17,99.08397833399296,95.6047360574985,97.32881174733564,70.98802730838668,68.49534837190156,69.73055041172417,6786.791614060799,82.38198598031488,1.0084132590566377,0.9982199910849984,1.0033036800817143,0.7012189285252564,0.69413084992152,0.6976658876842795,8.0,fertilizer,D,8
2025-12-18,96.40360448601729,93.3338387630572,94.8563043623115,72.17507593825566,69.87681566729826,71.01664929515292,6736.37690033256,82.07543420739582,0.9729484635857004,0.9762470209313112,0.9745963467483532,1.0167218145774386,1.020168775372831,1.0184438366804072,8.0,fertilizer,D,8
2025-12-19,96.1177007204752,93.07652559056666,94.58489113392126,71.70715837777507,69.43833562129754,70.56362894498469,6674.253161775791,81.69610248828148,0.997034304193641,0.997243088081443,0.9971386906730676,0.9935169093430412,0.9937249566710592,0.9936209275618536,8.0,fertilizer,D,8
2025-12-22,96.80434909577828,93.74040610127088,95.26005981841212,85.0486988835098,82.35683258235545,83.69194378968847,7972.499571724908,89.28885468928867,1.007143828557655,1.0071326309882318,1.0071382297573814,1.1860559086088371,1.1860427218692675,1.1860493152207257,8.0,fertilizer,D,8
2025-12-23,95.74954389713002,92.07057626649215,93.8920427079023,76.10998366076788,73.18562334676805,74.63348174328749,7007.490055280196,83.7107523277637,0.9891037416345352,0.9821866588355213,0.9856391323591696,0.8948988598287061,0.8886405784678966,0.8917642291931441,8.0,fertilizer,D,8
2025-12-24,96.71227500872212,93.00013044381107,94.8380418994872,97.43155382140324,93.69180090031487,95.54338146644812,9061.147214733695,95.19005838181684,1.0100546809144746,1.0100961046950374,1.0100753925924042,1.280141567966541,1.2801940683948876,1.2801678179115803,8.0,fertilizer,D,8
2025-12-25,96.4192508382541,92.82050370459612,94.60276650091448,80.29608824765107,77.29912120099837,78.78335520540641,7453.123356655668,86.33147373151733,0.9969701449951248,0.9980685323949788,0.9975191875131492,0.8241281709910703,0.8250361339861766,0.8245820275167118,8.0,fertilizer,D,8
2025-12-26,97.7937912894789,93.86582680861216,95.80968153655346,63.17644971245233,60.63891796094043,61.89468112186114,5930.109687092043,77.00720542320727,1.0142558715119103,1.0112617693537067,1.0127577139684103,0.7867936171137261,0.7844709877524099,0.785631444110084,8.0,fertilizer,D,8
2025-12-29,96.84300593565791,92.95692979038245,94.88007432253912,75.72759979268768,72.68883394429118,74.19266086568409,7039.405177123046,83.90116314523326,0.990277651154698,0.9903170616066388,0.990297356184618,1.198668176786792,1.1987158806348177,1.1986920284734983,8.0,fertilizer,D,8
2025-12-30,96.13762425558076,92.9872594255513,94.54932155869686,81.011966560743,78.3572592883228,79.67355690100118,7533.080751157891,86.79332204241229,0.9927162351760764,1.000326276214557,0.996513991307407,1.0697812525753072,1.0779820645957248,1.0738738302598356,8.0,fertilizer,D,8
2025-12-31,95.72213817087209,92.5439530520943,94.11963164468544,63.59882468685696,61.48720409360704,62.534102005500216,5885.686645988864,76.71822890284201,0.9956782156005424,0.995232611691154,0.9954553887121792,0.7850546948415378,0.7847033529766422,0.784879004249833,8.0,fertilizer,D,8
2026-01-01,96.26365167773636,92.57240928888189,94.39999026882244,79.80917827659783,76.74888483520165,78.26407497915427,7388.127916430554,85.9542198872781,1.0056571396879752,1.0003074888833805,1.002978747570915,1.2548844836293152,1.2482090536814865,1.2515423180182634,8.0,fertilizer,D,8
2026-01-02,97.69060889003116,93.81551611653848,95.73345754101426,102.90026394768717,98.8185198195178,100.83874142584357,9653.64137078031,98.25294586311551,1.0148234269885363,1.0134284808746563,1.0141257140852928,1.289328698399345,1.2875564254999272,1.2884422572259628,8.0,fertilizer,D,8
2026-01-05,97.83789971800978,93.69229898828986,95.74266422429498,59.0973391416105,56.59325868837007,57.831747352431776,5536.965568268136,74.41078932700644,1.0015077276071072,0.9986866018186634,1.0000961699652056,0.5743166914679114,0.5726989110111347,0.5735072307993951,8.0,fertilizer,D,8
2026-01-06,97.31652739968784,93.39915798374535,95.3377245220009,81.5359487209407,78.25380908491118,79.87802303991755,7615.3889559417,87.26619595205065,0.9946710597853732,0.9968712369350532,0.9957705406928572,1.3796889996275843,1.3827408228215767,1.3812140683409375,8.0,fertilizer,D,8
2026-01-07,95.94493827922835,92.47691828041695,94.19496916857,106.72177533654944,102.86421643022474,104.77524419459318,9869.300896539098,99.34435513172905,0.9859058974142568,0.990125824223288,0.9880136078434808,1.3088922985591056,1.3144946889244642,1.3116905026834944,8.0,fertilizer,D,8
2026-01-08,95.87848568367858,92.7316064002687,94.29191904226302,70.1084044996093,67.80733889412387,68.94827295321707,6501.264971408597,80.63042212098729,0.9993073882088872,1.002754072308935,1.0010292468329125,0.6569268949895269,0.6591926837854174,0.6580588142096171,8.0,fertilizer,D,8
2026-01-09,95.78551336009645,92.78277527592542,94.27218975275257,59.04577187981115,57.19477185158931,58.11290262469071,5478.430583318074,74.01642103829442,0.9990303108886296,1.0005517954195235,0.9997907637291632,0.8422067553989223,0.843489403719186,0.8428478355668402,8.0,fertilizer,D,8
2026-01-12,95.79188049072862,91.55049503598173,93.64717870472025,84.23966991082274,80.50978269238543,82.3536126627036,7712.183482003515,87.8190382662183,1.0000664727933153,0.986718652936614,0.9933701439451916,1.4266842015766052,1.4076423436270469,1.417131290009142,8.0,fertilizer,D,8
2026-01-13,96.25823711738958,91.95206786511324,94.08051845092253,86.95506925561283,83.06508272800342,84.98782278265953,7995.698429407734,89.41866935605637,1.0048684358660869,1.0043863534432411,1.0046273657380396,1.0322342115972754,1.0317390005309213,1.0319865763599818,8.0,fertilizer,D,8
2026-01-14,95.67254290546992,91.55211013741284,93.58965319525416,75.04752352971231,71.81537075397921,73.41366171533923,6870.759139732306,82.89004246429306,0.993915386054646,0.9956503672295104,0.9947824983987048,0.8630609367822232,0.8645674981043313,0.8638138889977326,8.0,fertilizer,D,8
2026-01-15,96.74785937633564,92.40405209459848,94.55101394407048,78.63006192108821,75.09971160907078,76.84461577805631,7265.736337957741,85.23928869927143,1.0112395514764168,1.009305541466023,1.0102720836758596,1.047736930186078,1.0457331184203291,1.046734544804761,8.0,fertilizer,D,8
2026-01-16,97.62975937758294,93.18762559558206,95.38283631694424,83.71323368912104,79.90429893662629,81.78659578223794,7801.037478417283,88.32348203290721,1.0091154471730153,1.008479860820188,1.0087976039407234,1.064646671309177,1.0639761088906123,1.064311337289461,8.0,fertilizer,D,8
2026-01-19,98.08766030791732,92.7867492763774,95.40039383617452,45.66167971546184,43.19400436300168,44.41070583599908,4236.798827296807,65.09069693356192,1.0046901778028914,0.9956981807762288,1.000184074199387,0.5454535406556132,0.5405717206437131,0.5430071445233574,8.0,fertilizer,D,8
2026-01-20,97.04413083999908,92.05960900751498,94.51901788319876,80.54438236357835,76.40734461693573,78.44859705700395,7414.884348142811,86.10972272712769,0.9893612564042982,0.9921633177740008,0.9907612964943384,1.7639382270973407,1.768934039428475,1.7664343671253686,8.0,fertilizer,D,8
2026-01-21,97.8639585496777,93.43876427525817,95.6257672072072,73.08207820879782,69.77746639005471,71.41065925987336,6828.699078497845,82.63594301814341,1.0084479885860416,1.014981111506031,1.0117092765963362,0.9073516496644596,0.9132298307169346,0.9102859954013384,8.0,fertilizer,D,8
2026-01-22,98.84027576737988,94.37077842237808,96.57967572760928,101.8457719515212,97.24036789125438,99.51643247592185,9611.264778093057,98.03705818767236,1.009976269427182,1.0099745983837534,1.009975433905122,1.3935806759701683,1.3935783702389333,1.393579523104074,8.0,fertilizer,D,8
2026-01-23,98.82128497866836,94.378986204348,96.5745965132534,48.49786421457228,46.31774681573402,47.3952718717216,4577.179257647462,67.65485391047314,0.999807863863551,1.000086973765684,0.9999474090763132,0.4761892740884459,0.47632220877169,0.4762557367919008,8.0,fertilizer,D,8
2026-01-26,99.28234814288234,94.12454103015348,96.66905115570712,90.0802839070436,85.40053229214698,87.70920245156287,8478.765378616405,92.08021165601436,1.0046656260775548,0.9973040060671596,1.0009780485330917,1.8574072356773383,1.8437972087005028,1.8505897104874416,8.0,fertilizer,D,8
2026-01-27,98.82087289510083,93.51478859023538,96.1312282096088,88.69714321064208,83.93464207410616,86.28303986520743,8294.49459590103,91.07411594905014,0.9953518902764328,0.9935218548399324,0.994436451587468,0.9846454669500284,0.9828351161439352,0.9837398751044052,8.0,fertilizer,D,8
2026-01-28,99.64996466488338,94.07046814119674,96.820033186729,82.19006964042698,77.5881692846918,79.85597683819323,7731.658327632531,87.92984890031673,1.0083898446299158,1.0059421569501297,1.007165257221288,0.9266371685189252,0.924387920975334,0.9255118614613642,8.0,fertilizer,D,8
2026-01-29,97.82209211264548,91.78557275556368,94.75577424466904,106.06012133451527,99.51524009528563,102.73557533366623,9734.788983213066,98.66503424827393,0.9816570677331906,0.9757108109401188,0.978679423316466,1.290425008745184,1.282608431320728,1.2865107835551544,8.0,fertilizer,D,8
2026-01-30,97.16506530493166,91.35330199861218,94.2143808264763,67.1180868904856,63.10353255085413,65.07986156135253,6131.458861275624,78.30363249093637,0.9932834516874038,0.9952904280708398,0.9942864334916964,0.632830568605462,0.6341092328213511,0.633469578089042,8.0,fertilizer,D,8
2026-02-02,97.00615404221456,91.5378086457866,94.23232336189078,58.3490247693267,55.059824984697,56.68057067308758,5341.141864002892,73.0831161350068,0.9983645226582372,1.0020197041939134,1.0001904437014506,0.8693487474476576,0.8725315803885488,0.8709387099671883,8.0,fertilizer,D,8
2026-02-03,96.70579045523668,91.73924321406744,94.1897872955535,73.2237735927568,69.46319908100156,71.31870415631406,6717.493574677728,81.96031707282329,0.9969036646185646,1.0022005613992824,0.999548604291821,1.2549271197288214,1.261594985096806,1.2582566355524851,8.0,fertilizer,D,8
2026-02-04,98.13551797356892,93.06936530255652,95.56887762989425,115.62766427637806,109.65849620845724,112.60353362414504,10761.393325619598,103.73713571146833,1.0147843010392852,1.0144989433299043,1.014641612152848,1.5791000463791418,1.5786560028797931,1.5788780090191237,8.0,fertilizer,D,8
2026-02-05,97.40635845576774,92.7782801002966,95.0641594311922,76.95698949358905,73.30052411469666,75.10650880029823,7139.93712691179,84.49814865967059,0.9925698714098848,0.99687238436285,0.9947188016515518,0.6655586271261456,0.6684436377401596,0.6669995725977245,8.0,fertilizer,D,8
2026-02-06,95.61186809991396,90.5460846757056,93.04450711878278,100.84259560757846,95.49967365201977,98.13477961837148,9130.902200801744,95.555754409673,0.9815772770453312,0.9759405388612732,0.9787548501507422,1.3103760460377578,1.302851170649027,1.306608191299418,8.0,fertilizer,D,8
2026-02-09,95.35083496832696,89.59449450941796,92.42786300698616,68.91821756828764,64.75761714694886,66.80553530761725,6174.692865520824,78.5792139533148,0.997269866840022,0.9894905431891856,0.9933725898401568,0.6834236777926443,0.6780925491212847,0.6807528948188599,8.0,fertilizer,D,8
2026-02-10,95.6444599338468,89.05583299565136,92.29137040280604,106.4509644640354,99.11791357379322,102.71902207280394,9480.079313535158,97.36569885506476,1.0030794168254258,0.9939877833262404,0.9985232526238348,1.5445983401784644,1.5305985294189175,1.5375825012076778,8.0,fertilizer,D,8
2026-02-11,94.98570567361756,88.16279029041962,91.5106816163593,78.98201621041633,73.30866136637569,76.09248241714161,6963.274931873465,83.44623977072582,0.9931124681901612,0.9899721031717784,0.9915410424285672,0.741956793046253,0.7396106185366528,0.7407827769544932,8.0,fertilizer,D,8
2026-02-12,94.33694374390636,87.508279704068,90.8584814949529,52.4195292970792,48.62509478934332,50.486677261266,4587.142831684397,67.7284492047795,0.9931698993536938,0.992576113072243,0.992872961823838,0.6636894297231928,0.6632926298616888,0.6634910001292414,8.0,fertilizer,D,8
2026-02-13,93.15915588115826,85.98895165005099,89.50228014315887,85.71776353858249,79.12030282748022,82.352992713483,7370.780624469677,85.85325051778574,0.9875150941295554,0.98263789370383,0.9850734754809946,1.6352257391093872,1.6271495854198363,1.6311826640384837,8.0,fertilizer,D,8
2026-02-16,93.75211409752538,86.09356821603984,89.84127130919988,88.47925629562928,81.25144655050825,84.78836927157546,7617.494887592237,87.27826125440536,1.0063650020307564,1.0012166279967525,1.0037875143012982,1.032216108342629,1.0269354849118175,1.0295724111273703,8.0,fertilizer,D,8
2026-02-17,95.25002966100053,86.57350974097014,90.8082010100648,91.78564887780188,83.42470648549487,87.50537593320374,7946.205767203653,89.14149296036976,1.0159774057139337,1.0055746501727745,1.010762644904446,1.0373691271898262,1.0267473383829009,1.0320445679633932,8.0,fertilizer,D,8
2026-02-18,95.95214728188398,86.79576307212412,91.25919045082512,79.41952241696487,71.8407898757426,75.53516546608607,6893.278051004138,83.0257673918413,1.0073713113096376,1.0025672209873318,1.004966395498908,0.8652716779580588,0.8611452518353617,0.8632059991804961,8.0,fertilizer,D,8
2026-02-19,95.4905985176294,86.20013767372042,90.7265272054741,94.20593526044554,85.04046173333796,89.50595640832644,8120.564589132007,90.11417529518876,0.9951898026534136,0.9931376212694996,0.9941631824398216,1.186181084870414,1.1837350602690448,1.1849574414252524,8.0,fertilizer,D,8
2026-02-20,94.95200371767277,85.94643706073258,90.33707107999145,88.68837020239924,80.27686756652136,84.37786765158636,7622.449427619466,87.30664022638523,0.994359708617208,0.9970568421369798,0.995707362141167,0.941430812795476,0.9439843802617884,0.9427067319034532,8.0,fertilizer,D,8
2026-02-23,94.18180703514852,85.48157774703255,89.72630305786079,81.48050934947317,73.95358736560922,77.62587176174321,6965.082494824809,83.45706977137893,0.9918885684096322,0.9945912904641812,0.993239010133616,0.918728229682463,0.9212316026696936,0.919979064679336,8.0,fertilizer,D,8
2026-02-24,94.76927329991614,85.25732880830739,89.88756918871103,95.92113536556978,86.29357905539399,90.98009715180535,8177.979777528556,90.43218330621326,1.0062375769085463,0.9973766401529373,1.0017973116617347,1.1772279791988067,1.1668612994901617,1.1720331776891373,8.0,fertilizer,D,8
2026-02-25,95.1428107455325,85.47401999188602,90.1789249644721,42.77780995013813,38.43055880140579,40.545963309362186,3656.3913828872114,60.4681021935302,1.003941545952708,1.0025416135669207,1.0032413355749936,0.4459685530942217,0.4453466784213025,0.445657507286555,8.0,fertilizer,D,8
2026-02-26,93.88563590192808,85.20690289099039,89.44106585430701,52.21767472402596,47.39070355822165,49.74567662969273,4449.306339403409,66.70312091201887,0.9867864441490296,0.9968748737812848,0.991817832043842,1.2206719975821798,1.233151560535937,1.2268959119342542,8.0,fertilizer,D,8
2026-02-27,95.04907494461364,87.15554911465799,91.01678042887532,85.00958866474161,77.94981049951431,81.40320219167222,7409.057380086771,86.07588152372749,1.012392087793929,1.0228695816600752,1.0176173501457937,1.6279849517241662,1.644833367028396,1.6363874753908445,8.0,fertilizer,D,8
2026-03-02,94.85959083847496,87.76299119582748,91.24232261180605,108.01666214670382,99.93576068787786,103.89767706063668,9479.86536898385,97.36460018396753,0.9980064602811854,1.0069696317370491,1.0024780285774553,1.2706409223163853,1.282052644483344,1.2763340294156844,8.0,fertilizer,D,8
2026-03-03,94.49960863944796,87.20205423187379,90.77753024547432,107.44543524306148,99.14816374299292,103.2134565205342,9369.46267103274,96.79598478776246,0.9962051048729488,0.993608502213626,0.9949059564352696,0.9947116778810796,0.9921189678302968,0.9934144770175838,8.0,fertilizer,D,8
2026-03-04,93.92444498176891,86.51013022593769,90.14108922556773,76.08224431905126,70.07637750960684,73.01758743398727,6581.88486392274,81.12881648294113,0.9939135868818938,0.9920652785988704,0.9929890026949888,0.7081012250258854,0.7067844210534795,0.7074425166592547,8.0,fertilizer,D,8
2026-03-05,94.22347724856846,86.6469188299366,90.35581876686804,87.47537283933602,80.4414329778256,83.88470862717325,7579.471530028399,87.06016040663145,1.0031837533547052,1.0015811859679515,1.0023821493965197,1.1497475346876942,1.147910834386349,1.1488288174819603,8.0,fertilizer,D,8
2026-03-06,94.76469958762782,87.25964803437417,90.93478065129769,88.74679973794396,81.71834599812435,85.16009445281021,7744.014509310088,88.00008243922325,1.0057440285039745,1.007071563682953,1.006407577202343,1.0145346839612006,1.0158738223951176,1.0152040323738316,8.0,fertilizer,D,8
2026-03-09,93.53371602588167,85.29020263071281,89.31690541353868,80.36677161985011,73.28371551427011,76.74357059838573,6854.498236233246,82.79189716532196,0.9870101043204608,0.977430055609604,0.9822084000624252,0.9055737430212828,0.8967841262469037,0.901168218418448,8.0,fertilizer,D,8
2026-03-10,93.17223553159326,85.6745617686086,89.34478411284483,123.4976212742702,113.55962988084552,118.42442384521432,10580.604582138709,102.86206580726788,0.9961352920674252,1.0045064863963329,1.000312132391702,1.536675155478897,1.5495888695590596,1.5431185038933453,8.0,fertilizer,D,8
2026-03-11,93.15103035356827,85.58139022121529,89.28602734021159,94.42487422122652,86.75171897340596,90.5070171452968,8081.012007315971,89.89444925753742,0.9997724088307638,0.9989124946136878,0.9993423592298456,0.7645886070268727,0.7639309767426307,0.764259721150033,8.0,fertilizer,D,8
2026-03-12,92.95900403101174,85.39197334554835,89.09518951349108,95.5180220534806,87.74268268288742,91.54784268094794,8156.472393210323,90.31319058260716,0.9979385485933148,0.9977867048528036,0.9978626238348208,1.0115769053575114,1.011422986440018,1.011499942971054,8.0,fertilizer,D,8
2026-03-13,94.4544556251202,85.33972545331608,89.78149759772445,94.5206190653206,85.39950420895424,89.84438772512065,8066.363680711945,89.81293715669221,1.0160872161841317,0.9993881404752076,1.0077030879891606,0.9895579601972752,0.973294884515878,0.9813927351432632,8.0,fertilizer,D,8
2026-03-16,95.22759411359036,85.73641200520554,90.35746921637018,91.93988198969394,82.7763808941322,87.23789710292468,7882.595601978385,88.78398280083174,1.0081853045825455,1.004648322335024,1.0064152596476663,0.9726965703235272,0.9692840919965552,0.9709888320440164,8.0,fertilizer,D,8
2026-03-17,95.32596949188526,85.78570546429984,90.43011413201754,72.60801618484983,65.34137469549547,68.87893430818217,6228.729890780652,78.92230287301969,1.0010330553786495,1.0005749419405527,1.000803972447185,0.7897336239020719,0.7893722096773543,0.78955289611025,8.0,fertilizer,D,8
2026-03-18,94.87622959023574,85.35483278727368,89.98969225506652,98.2835073815936,88.42016988379628,93.22148046161816,8388.972338302716,91.59133331436286,0.995282084157688,0.9949773371368328,0.995129698981602,1.3536178585485323,1.353203392121039,1.3534106094690888,8.0,fertilizer,D,8
2026-03-19,94.3785293130921,84.64222624647033,89.37789900712532,90.07836922096976,80.78568041912429,85.30558216530234,7624.433707514424,87.31800334131802,0.9947542152624196,0.9916512455413116,0.9932015186116302,0.9165156150892464,0.9136566976210811,0.9150850398736692,8.0,fertilizer,D,8
2026-03-20,95.25956256481798,85.15716567842182,90.06683269542796,84.45303595392318,75.49668485912275,79.84938472405096,7191.78117477396,84.80437002167966,1.0093351025719328,1.0060837179595443,1.007708098936715,0.9375506759758586,0.9345305314931844,0.936039385667886,8.0,fertilizer,D,8
2026-03-23,94.8970178423119,84.00887739619435,89.28713197980582,111.1400844949006,98.38827335595988,104.56998141956784,9336.753732134795,96.62687893197624,0.9961941382812942,0.9865156587460444,0.9913430872132608,1.3159986877859269,1.3032131614726257,1.3095903215904294,8.0,fertilizer,D,8
2026-03-24,94.54117018209315,83.62302436144374,88.9146702029344,99.14580273745209,87.6958880631584,93.24526378747386,8290.87187764886,91.05422493025164,0.9962501702549806,0.9954069968947344,0.995828494334932,0.8920796055540262,0.8913245966405224,0.8917020211885127,8.0,fertilizer,D,8
2026-03-25,92.76505277229658,82.48391503269885,87.47356589778396,99.34537823578928,88.334943951429,93.67853766093896,8194.395737292181,90.52290172819352,0.981213291454129,0.9863780419634032,0.9837922774513884,1.002012949543267,1.007287181900825,1.00464660461954,8.0,fertilizer,D,8
2026-03-26,92.92125449366222,82.11036213619168,87.3487141097329,74.83257862304227,66.12620722573361,70.34482640012196,6144.530130323044,78.38705333358975,1.0016838423166647,0.9954712031265844,0.9985726912265476,0.7532567689805599,0.7485849231091732,0.7509172128062964,8.0,fertilizer,D,8
2026-03-27,93.29210691900832,82.23991154728732,87.591863897735,70.2450191399324,61.92318248017281,65.95297672224709,5776.944160705551,76.0062113297693,1.0039910398042613,1.0015777474087957,1.0027836676301456,0.9386956915353806,0.9364393495121682,0.9375668417618376,8.0,fertilizer,D,8
2026-03-30,92.19471338340544,80.82604184328133,86.32342533551638,85.90768846399783,75.31427961139985,80.43678057795802,6943.578422450672,83.32813703936188,0.9882370162723884,0.9828079860811496,0.9855187627506188,1.2229719561021748,1.2162533738558212,1.2196080385682622,8.0,fertilizer,D,8
2026-03-31,93.56589752643502,81.20139234534457,87.1646783690984,97.13569513801924,84.2994499081422,90.49025177653132,7887.553691640086,88.81190061945576,1.0148726981483995,1.0046439302668195,1.009745362053374,1.130698507604786,1.119302346687816,1.1249859967832705,8.0,fertilizer,D,8
2026-04-01,93.50778723285438,80.79031312873839,86.91676138995152,109.06926381149822,94.23535982205196,101.38136574737416,8811.739976051922,93.870868623082,0.9993789372504632,0.9949375348779996,0.997155763277218,1.1228546175175118,1.117864469160078,1.1203567650329764,8.0,fertilizer,D,8
2026-04-02,93.42419929589502,81.62871536084718,87.32752929139635,75.77260975968284,66.20576725128508,70.82784597721448,6185.2207942217065,78.64617469541481,0.999106085819877,1.010377509377551,1.0047259917980829,0.6947200990614442,0.7025575895959205,0.6986278538967992,8.0,fertilizer,D,8
2026-04-03,93.45524678747942,82.09369838277314,87.59044949113446,75.31743935106397,66.16094185818812,70.59088273858994,6183.087149049058,78.6326086878024,1.0003323281528598,1.0056963167908557,1.0030107367272558,0.9939929426997108,0.9993229382430262,0.996654377450632,8.0,fertilizer,D,8
2026-04-06,95.37047773529866,83.9719362975755,89.48990826376935,96.42586733442825,84.90118725963112,90.48022225454932,8097.06678924508,89.98370290916617,1.020493562573052,1.0228791972076203,1.0216856835838837,1.280259501189031,1.283252397488711,1.2817550757880871,8.0,fertilizer,D,8
2026-04-07,96.09237080862935,84.38676515256395,90.0495659533177,92.33843563840142,81.09012002931208,86.53169840721307,7792.141882772929,88.27310962446565,1.0075693557427103,1.004940089192637,1.0062538637082827,0.9576106307465132,0.9551117321991665,0.9563603652936682,8.0,fertilizer,D,8
2026-04-08,95.37736481208162,84.15488831776608,89.5905769810842,88.18148400291712,77.80570319364017,82.83128860222871,7420.902937960373,86.14466285243894,0.9925591803955832,0.99725221325431,0.9949029296546368,0.9549813508671192,0.9594967076817168,0.9572363668678908,8.0,fertilizer,D,8
2026-04-09,94.47128300947126,83.55465337588426,88.84545742935566,84.25365267254706,74.51772136937143,79.23629354156252,7039.784744706822,83.90342510712433,0.9905000331640996,0.9928674976120776,0.991683058901542,0.9554574140503224,0.9577411206465708,0.9565985858564868,8.0,fertilizer,D,8
2026-04-10,95.15457483764584,84.15695438385468,89.4869779019655,98.12611775224912,86.78505715180478,92.2815297728298,8257.995215540792,90.87351217786616,1.0072327992846892,1.0072084675554918,1.007220633346617,1.164651200745178,1.164623066258646,1.1646371334169554,8.0,fertilizer,D,8
2026-04-13,94.89655538382112,83.89158116407228,89.2245598373717,97.71846352150392,86.38623794705524,91.87780168021696,8197.756413742689,90.54146240117116,0.9972884177742904,0.9968466869823734,0.997067527915835,0.9958456093027702,0.9954045175766616,0.9956250390126096,8.0,fertilizer,D,8
2026-04-14,94.5088468924718,83.45305151981786,88.80907424805216,87.92369243604992,77.6382389156286,82.6210665611035,7337.5004346783,85.65921103231281,0.9959144092240104,0.9947726620696687,0.9953433719361928,0.8997654001866437,0.8987338812371002,0.8992494928064152,8.0,fertilizer,D,8
2026-04-15,94.00837805417189,83.21575670396531,88.44760209463213,104.03930901576156,92.0950877560648,97.88518424096117,8657.709826704287,93.04681524213652,0.9947045292080504,0.9971565471659692,0.9959297835668188,1.183290943922005,1.1862078409087409,1.1847484947264493,8.0,fertilizer,D,8
2026-04-16,92.76804167457496,83.063922992512,87.7819882995541,77.62845814986619,69.50803480801696,73.45612003892931,6448.124269787934,80.30021338569365,0.9868061080802588,0.9981754211285556,0.9924744845613128,0.7461454606364771,0.7547420443544732,0.7504314428024621,8.0,fertilizer,D,8
2026-04-17,92.62785200350535,82.7757935368396,87.563371070346,70.87574489446109,63.33727814320472,67.00057289297835,5866.796026153629,76.59501306321208,0.998488815021434,0.996531232269172,0.997509543433192,0.9130124001385084,0.9112223977867302,0.9121169598594412,8.0,fertilizer,D,8
2026-04-20,92.35094686197874,82.28290190476747,87.17169208783665,79.05695669322616,70.43821458809887,74.62325964630269,6505.035812478183,80.65380221959894,0.997010562854074,0.9940454617103396,0.9955269083668024,1.1154303466009063,1.1121130660026002,1.113770471268958,8.0,fertilizer,D,8
2026-04-21,91.77249680827406,82.22017219249989,86.86512815918684,87.39274790493629,78.29629824860298,82.71957842451731,7185.446781119603,84.7670146998206,0.993736392821514,0.9992376336904089,0.9964832169560168,1.1054403250564837,1.1115599494742416,1.108495914230889,8.0,fertilizer,D,8
2026-04-22,90.80466929394224,81.37269392492425,85.9594122909757,81.89024143079841,73.38421694831338,77.52065043011103,6663.629551386517,81.63105751726188,0.9894540570651168,0.9896925748879308,0.9895733087902508,0.937037035611658,0.9372629177858066,0.937149969893157,8.0,fertilizer,D,8
2026-04-23,91.4371405905652,81.9201888842278,86.54795103416838,75.74184760874533,67.85849188277267,71.69189320379434,6204.786462548821,78.77046694382877,1.006965184737093,1.0067282393256964,1.0068467050612264,0.9249190903015128,0.9247014508660272,0.9248102641815212,8.0,fertilizer,D,8
2026-04-24,90.99305904450368,82.21118720618001,86.49073598698705,91.39331690453088,82.57281560077377,86.8711891475011,7513.553085432132,86.68075383516305,0.995143313283931,1.003552217419365,0.9993389208352405,1.2066422960347538,1.2168383544895234,1.2117296010102214,8.0,fertilizer,D,8
2026-04-27,89.97998034794561,81.63578987523947,85.70639864480992,92.2833927309434,83.72559794773835,87.90041090372793,7533.627657957503,86.79647261241382,0.9888664178653168,0.9930009850180428,0.990931545058246,1.0097389596587492,1.0139607973711118,1.011847676615538,8.0,fertilizer,D,8
2026-04-28,90.10524375909915,82.07049238258026,85.99407957273395,90.23712322412952,82.19061205795816,86.11994187260349,7405.805134191887,86.05698771274699,1.001392125344651,1.005324901100426,1.0033565863514609,0.9778262432030446,0.9816664684707498,0.97974447431111,8.0,fertilizer,D,8
2026-04-29,90.27841288420328,82.53324290107147,86.31900242296122,97.7807093220433,89.39190195851744,93.49226481987904,8070.159033515272,89.83406388177745,1.001921854021805,1.0056384518364292,1.0037784327926025,1.0835973691135643,1.087616939699648,1.0856052940465448,8.0,fertilizer,D,8
2026-04-30,90.83274175421174,82.74060313528065,86.69230552462362,88.67006439101264,80.77059511876257,84.62820965896121,7336.614607756569,85.65404023019912,1.0061402150558347,1.0025124450090703,1.004324692028219,0.906825743091876,0.9035560643540662,0.905189427403484,8.0,fertilizer,D,8
2026-05-01,90.63197760700317,82.20624849513834,86.31636503448887,87.97562828520232,79.79685041949729,83.78650279630719,7232.146360329274,85.04202702387376,0.997789738112807,0.993541808738466,0.995663507991168,0.9921683139560152,0.9879443168911468,0.9900540627522906,8.0,fertilizer,D,8
2026-05-04,90.63197760700317,82.20624849513834,86.31636503448887,35.39370434919421,32.10327890570592,33.70836635359654,2909.583654893321,53.94055667949044,1.0,1.0,1.0,0.4023126067875721,0.4023126067875721,0.4023126067875721,8.0,fertilizer,D,8
2026-05-05,90.8224367603556,81.10685474252752,85.82728112718338,29.78088169807311,26.59512045865255,28.14295890849319,2415.433645990015,49.14706141764749,1.0021014564437545,0.9866263967431156,0.994333821783273,0.8414174849926698,0.8284238048321482,0.8348953673185188,8.0,fertilizer,D,8
2026-05-06,90.91081568340635,81.10780563549113,85.86953341327585,42.69854043258541,38.09431135659054,40.33077601176154,3463.1849183253016,58.84883107016911,1.000973095704137,1.0000117239531312,1.0004922943560317,1.4337567593019955,1.43237972604094,1.4330680772727926,8.0,fertilizer,D,8
2026-05-07,91.33307389814986,81.4733080722145,86.26243485368535,41.01383720032516,36.58623158979687,38.73682674403421,3341.532993445747,57.80599444214888,1.0046447522395354,1.0045063780712546,1.00457556277287,0.9605442430773448,0.9604119430673798,0.960478090794422,8.0,fertilizer,D,8
2026-05-08,91.26321063438648,81.62898289660332,86.31177822269366,34.66151279249227,31.00245997528694,32.780972576056044,2829.3840349087523,53.191954606958674,0.9992350715816124,1.0019107463299617,1.0005720145633727,0.8451175300470902,0.8473805207074913,0.846248268931956,8.0,fertilizer,D,8
2026-05-11,91.3556184793953,80.55170096061934,85.78374240393512,29.11592917245761,25.672614984477992,27.34011776784869,2345.3376198903816,48.428685919508304,1.001012542122576,0.9868027029401,0.9938822275518858,0.8400074557266342,0.8280831587216776,0.83402399682975,8.0,fertilizer,D,8
2026-05-12,90.67746695961264,79.88429994313125,85.1099639800481,45.76857236946705,40.32082595293346,42.95842921503906,3656.19036313142,60.46643997401716,0.9925767946069388,0.9917146253955038,0.992145616348674,1.571942701823925,1.5705772854581417,1.5712598453236044,8.0,fertilizer,D,8
2026-05-13,90.44463933290274,79.64122323121777,84.87120660847646,47.47011613086513,41.79991366513998,44.54488473376413,3780.578115590064,61.48640594139541,0.9974323540950522,0.9969571403631684,0.9971947189211876,1.037177121183994,1.0366829715723849,1.0369300169422786,8.0,fertilizer,D,8
2026-05-14,91.07629733755252,80.42463995318721,85.5849193587404,47.15507357211632,41.64014046319616,44.311893291703015,3792.429814003512,61.582707101941466,1.006983918663491,1.009836824325199,1.0084093625952133,0.9933633497360675,0.996177666699894,0.9947695129653232,8.0,fertilizer,D,8
2026-05-15,90.76555432472108,80.20932322865049,85.32434403415711,53.66024027800268,47.4194377923069,50.44341806205237,4304.051556985372,65.6052708018599,0.9965881022624388,0.9973227517753012,0.9969553593491038,1.137952636123825,1.138791494572858,1.13837198807972,8.0,fertilizer,D,8
2026-05-18,91.16684259559716,80.65831877975963,85.75175947011151,34.463396401668675,30.490905838755644,32.41635658995302,2779.759613199016,52.723425658800046,1.0044211515465484,1.0055977975257215,1.0050093023367783,0.6422519955766298,0.6430043724327399,0.6426280738961111,8.0,fertilizer,D,8
2026-05-19,91.7720485026046,81.00169420782564,86.21885762194798,33.41287981278811,29.491549086664183,31.3910430716415,2706.499873198295,52.02403168919432,1.0066384432078237,1.00425716074003,1.0054470970009577,0.969517903092404,0.9672244321839324,0.9683704886616008,8.0,fertilizer,D,8
2026-05-20,91.77240316533172,80.81694007374603,86.12064100455994,44.730021358981645,39.39031049621452,41.97534311750882,3614.943455666203,60.12439983622459,1.0000038646051048,0.9977191324714076,0.9988608452942082,1.3387059603842386,1.3356473876791526,1.3371757995333746,8.0,fertilizer,D,8
2026-05-21,92.16956620089069,80.96944073600885,86.38818338272127,46.50648024011316,40.85517433633984,43.58933766392153,3765.603695642212,61.36451495483536,1.0043276957109148,1.0018869888184787,1.003106599939812,1.0397151359905354,1.0371884309027244,1.0384510149659618,8.0,fertilizer,D,8
2026-05-22,92.62404236541325,81.44618445564377,86.8554824954696,44.15013985234111,38.82210646745612,41.400500358095485,3595.860434156245,59.96549369559335,1.004930870169574,1.0058879463079076,1.0054092943554338,0.9493330741091076,0.9502372000142134,0.949785029478947,8.0,fertilizer,D,8
2026-05-25,93.49412772930252,82.35539906138332,87.74819769683403,49.179445609879245,43.32029152190062,46.15699211068055,4050.192868819205,63.64112560930397,1.009393731278286,1.0111633787612817,1.010278167545854,1.1139136993531282,1.115866589006839,1.1148897165841851,8.0,fertilizer,D,8
2026-05-26,93.33255496973052,82.3242642494448,87.65576945303681,39.69895517575058,35.01658427089331,37.28433731981953,3268.187276315357,57.16806168058663,0.9982718405583736,0.9996219457097728,0.998946665045856,0.8072265696255793,0.8083182970546411,0.8077722489025033,8.0,fertilizer,D,8
2026-05-27,93.26934042514318,82.24246953436806,87.5825375768792,41.84049422225451,36.893855533785214,39.28940250624885,3441.065571376672,58.660596411702734,0.9993226956595388,0.9990064324798712,0.9991645515564512,1.0539444687403778,1.053610918996812,1.0537776806713814,8.0,fertilizer,D,8
2026-05-28,92.30670100168504,82.03698776476128,87.02047862819836,45.15316394587781,40.12958450438624,42.56733146682453,3704.22955816824,60.86238212696115,0.9896789296560884,0.9975015126519164,0.9935825226782512,1.0791737713714988,1.0877037361312898,1.0834303591166687,8.0,fertilizer,D,8
2026-05-29,92.3164575696706,82.1217071000552,87.07000108562751,43.292255909424384,38.51137763611941,40.8319043891828,3555.2339594943846,59.62578267406126,1.0001056972882756,1.0010326968066752,1.0005690896925623,0.9587867632336023,0.9596754641680888,0.9592310107812544,8.0,fertilizer,D,8
2026-05-31,98.54093302775844,87.11716189486225,92.6531511382642,48.60338062967032,42.96882979340016,45.69934780344405,4234.188578952604,65.07064298862124,1.06742541494717,1.0608298946917982,1.0641225448836968,1.122680710641594,1.1157437731622497,1.1192068674502171,8.0,fertilizer,D,8
2026-06-01,98.2250059810286,86.22324330742866,92.02868351539036,54.781797901362,48.08820566709677,51.32600086012962,4723.464289267523,68.72746386465546,0.996793951132563,0.9897388922229536,0.9932601577474472,1.1271190849617572,1.1191416172679418,1.123123268211314,8.0,fertilizer,D,8
2026-06-02,98.78597724969448,86.52318953629216,92.4514890799666,55.12564539467464,48.28262874535272,51.59080413154111,4769.646664793869,69.06262856852372,1.0057110840876329,1.0034787166123411,1.004594280265951,1.006276674123251,1.004043051213054,1.0051592422353948,8.0,fertilizer,D,8
2026-06-03,99.1687660976244,86.20328489349039,92.45903631581636,42.63403458988952,37.059993529547455,39.74942824796111,3675.193829911173,60.62337692599426,1.0038749310234831,0.9963026716361676,1.0000816345515349,0.7733974683588583,0.7675637075397336,0.7704750665760501,8.0,fertilizer,D,8
2026-06-04,101.27656676599986,87.0365932817716,93.88699244616652,59.87256936228995,51.45419749822853,55.50400894254084,5211.104468320291,72.18798008200736,1.0212546828131397,1.009666782296183,1.015444203046554,1.4043374017548054,1.388402765294731,1.3963473536349005,8.0,fertilizer,D,8
2026-06-05,103.03844874747313,88.48368026614604,95.48414085119636,47.88049193834259,41.11709940472083,44.370113213465736,4236.642139658091,65.0894933123472,1.0173967388284806,1.0166261905459657,1.017011391710578,0.7997066511145848,0.7991009753118085,0.7994037558511999,8.0,fertilizer,D,8
2026-06-06,103.72084821774446,88.33151151573668,95.7173928748986,51.73796981763211,44.0614703338413,47.74569113807835,4570.09307674701,67.60246354051759,1.0066227653712427,0.9982802619652388,1.0024428352354948,1.0805647085718528,1.0716094026998026,1.0760777397247698,8.0,fertilizer,D,8
2026-06-07,103.77453029284524,87.8492077713269,95.4804182702822,63.3793170840793,53.6530763301172,58.31376627575007,5567.822794924093,74.61784501661846,1.0005175630167245,0.9945398449983066,0.9975242262926431,1.22500587687304,1.217686925188901,1.221340918641419,8.0,fertilizer,D,8
2026-06-08,104.95179771834924,88.32560719859343,96.28048223839124,57.74523607522961,48.59738613394943,52.97421575581841,5100.383039170781,71.41696604568679,1.011344473660173,1.0054229222932392,1.0083793513120591,0.91110536894275,0.905770730366679,0.9084341338084326,8.0,fertilizer,D,8
2026-06-09,104.66706873919432,87.67289055785743,95.79386443078256,71.6603228123168,60.02525641488926,65.58528227874797,6282.667639264988,79.26328052298231,0.9972870500044312,0.9926101086486911,0.994945831218379,1.2409737613499203,1.2351540111528032,1.2380604666439905,8.0,fertilizer,D,8
2026-06-10,104.8361210164799,87.74794839465518,95.91222308366083,58.97614378042418,49.36309709653339,53.955955295149685,5175.035620960429,71.93772043205448,1.001615142941538,1.0008561122636674,1.0012355556755288,0.8229957871510942,0.8223721154198831,0.8226838921852653,8.0,fertilizer,D,8
2026-06-11,106.02316634543456,88.66394261256787,96.95582466491824,47.47758938321131,39.70406096664715,43.41719824471013,4209.550260456111,64.88104700493135,1.0113228657970668,1.0104389246093013,1.0108807985854638,0.8050304129747194,0.8043267805705699,0.8046785198632759,8.0,fertilizer,D,8
2026-06-12,106.0323113521055,88.5157572850829,96.8789468151844,52.59355661765297,43.90509301328167,48.05335571213886,4655.358492327438,68.23018754427866,1.000086254796816,0.9983286855612492,0.9992070837414924,1.1077554126252824,1.1058086237114015,1.1067815901269855,8.0,fertilizer,D,8
2026-06-13,106.5981639903416,88.47351837485397,97.11392598657108,60.69393904666245,50.37428535798879,55.29388578348379,5369.806331487159,73.27896240727729,1.0053366057102826,0.999522809141282,1.0024254926288054,1.1540185328765271,1.147344918338976,1.1506768874731446,8.0,fertilizer,D,8
2026-06-14,106.66498916643508,88.28248569563297,97.03942693725408,41.36243578371764,34.23408818534481,37.62984552427038,3651.578645412593,60.42829341800572,1.0006268886216425,0.9978407925588356,0.9992328695543904,0.6814920308915452,0.679594518156587,0.6805426131854593,8.0,fertilizer,D,8
2026-06-15,105.79900580098769,88.02684239075074,96.50467557969242,51.722729825175705,43.0343229775191,47.17894297857437,4552.988586340127,67.47583705549808,0.991881278269328,0.9971042579638776,0.9944893392877576,1.250475917221887,1.2570605866447926,1.2537639291701328,8.0,fertilizer,D,8
2026-06-16,105.9850420585625,87.93382541921892,96.53843890091774,50.32347076713314,41.75245116646857,45.83806557580648,4425.135292926254,66.5216903943838,1.0017583932492218,0.9989433112786336,1.0003498620250522,0.972946921734949,0.9702128040513108,0.9715789011344144,8.0,fertilizer,D,8
2026-06-17,104.0746891444861,87.7241457390975,95.55031762512452,68.48334227538092,57.72433958582995,62.8741258824066,6007.642698466014,77.5089846305963,0.9819752591783584,0.9976154832441122,0.9897644784083636,1.3608628584518898,1.3825377426508654,1.3716574879981809,8.0,fertilizer,D,8
2026-06-18,104.76191028257344,88.02008023460066,96.02682827523864,54.014775705495936,45.38276248139941,49.51100621405895,4754.384891451711,68.95204776837096,1.0066031534058515,1.0033734668261498,1.0049870127275098,0.7887286734384998,0.7861980372061264,0.7874623387474098,8.0,fertilizer,D,8
2026-06-19,105.7706756814605,88.27045542324639,96.62518156685154,52.60800421854229,43.90378014851562,48.05923689846793,4643.732491278794,68.14493738553726,1.0096291237546748,1.0028445235221144,1.0062311054354296,0.9739558024896048,0.9674109231783772,0.970677846672832,8.0,fertilizer,D,8
2026-06-20,106.3288791687983,87.60946065216305,96.51640148558924,52.39699701743514,43.17239760613912,47.56158101455832,4590.472648490489,67.75302685851378,1.005277488148217,0.9925117099723352,0.9988742056729067,0.9959890666022876,0.9833412398681294,0.9896449482757916,8.0,fertilizer,D,8
2026-06-21,107.2244869323026,88.06564535396214,97.17403788790874,45.19901331479349,37.1228661550298,40.962384227782536,3980.480276929616,63.09104751808783,1.0084229963722509,1.0052070255701069,1.006813726912702,0.8626260260631632,0.8598750176837741,0.861249423463114,8.0,fertilizer,D,8
2026-06-22,108.64584227363186,89.26430774036623,98.4794186590517,47.9614056247802,39.40548098074762,43.47346612771055,4281.241671350911,65.43119799721622,1.013255883819026,1.013611010077611,1.013433431392948,1.0611162082399397,1.0614881086009182,1.061302142130313,8.0,fertilizer,D,8
2026-06-23,108.85475336813144,88.8962313441344,98.37061216807648,49.46107382598752,40.39238457961119,44.69732336169389,4396.903061364294,66.30914764468244,1.00192286322355,0.9958765557528052,0.9988951347148798,1.031268228728319,1.025044830675858,1.028151820938042,8.0,fertilizer,D,8
2026-06-24,107.87288207737326,88.12390020731777,97.49963638528205,75.92948550352973,62.02858655900816,68.62797289689274,6691.2024033060325,81.79977019103436,0.9909799869975578,0.9913119923630196,0.991145975778759,1.5351362117745886,1.5356505243396363,1.535393346522125,8.0,fertilizer,D,8
2026-06-25,107.62018344788264,88.00925858241591,97.32200446842305,56.47461037457239,46.1836100679376,51.07055300540569,4970.288587796928,70.50027367178747,0.9976574406410188,0.9986990858934732,0.9981781273916032,0.7437770715823835,0.7445536426015907,0.7441652557935017,8.0,fertilizer,D,8
2026-06-26,106.91012688987016,87.63496429249764,96.79393138260362,38.59505005462824,31.636627247563155,34.94305670915632,3382.2758334045043,58.15733688370285,0.993402198962462,0.9957471032486,0.994573960033974,0.683405335577235,0.6850184990091646,0.6842114418744925,8.0,fertilizer,D,8
2026-06-27,105.6291570433515,87.01836822060972,95.87323339927042,26.52020789564856,21.84761556890525,24.070797803803163,2307.7452159506665,48.03899682498238,0.9880182552973844,0.992964040359166,0.9904880608713588,0.6871401347610976,0.6905797953095044,0.6888578181397552,8.0,fertilizer,D,8
2026-06-28,105.96736268995468,87.2687193460248,96.16462985125084,67.31313139805434,55.43528330950669,61.08618918791048,5874.330772278892,76.64418289915349,1.0032018209372282,1.0028769917263949,1.0030393931825254,2.5381826440772017,2.537360799610795,2.537771688575229,8.0,fertilizer,D,8
2026-06-29,105.3640703797582,86.95525674283856,95.71812676469592,65.35774268970862,53.93868398622348,59.37432634559401,5683.199295715991,75.3869968609706,0.9943068101830408,0.9964080760490672,0.9953568886268728,0.9709508580609244,0.9730027658571276,0.97197627049462,8.0,fertilizer,D,8
2026-06-30,105.67082694209546,87.5906652239091,96.20695414895292,50.096362226579686,41.52493000862484,45.609735091813874,4387.9736927240265,66.2417820769039,1.002911396277988,1.0073073038350022,1.0051069468321157,0.7664946824191341,0.7698543408888279,0.768172674942668,8.0,fertilizer,D,8
2026-07-01,105.65935967489663,87.11735217088781,95.94145947893686,45.11104690182732,37.19457482835412,40.96200934494556,3929.9549597439272,62.68935284196135,0.9998914812391398,0.994596307131458,0.997240379634044,0.9004854823149754,0.8957167374063894,0.8980979447148226,8.0,fertilizer,D,8
2026-07-02,106.1621554717887,87.43008116079099,96.34192165979982,40.7308304897075,33.54396677079398,36.963138726217366,3561.0998154615463,59.67495132349541,1.004758648911361,1.003589743973046,1.004174026359802,0.9029014684218648,0.901851060956954,0.902376111849073,8.0,fertilizer,D,8
2026-07-03,105.71643056008485,87.64271819346986,96.25630021976252,52.51008686714428,43.5327481379168,47.81117428266664,4602.126745611748,67.83897659614087,0.9958014707809668,1.0024320809251888,0.9991112753559176,1.2891975497630312,1.2977817571599743,1.293482532335787,8.0,fertilizer,D,8
2026-07-04,105.31673675691124,87.32652383174397,95.90070136492184,63.70917472639541,52.82636868902235,58.01313948555024,5563.500765045309,74.58887829325032,0.996219189381858,0.996392234651738,0.9963057082598356,1.2132749825302314,1.213485730826418,1.2133803521027968,8.0,fertilizer,D,8
2026-07-05,106.49746208447124,88.19117513665496,96.91303488334728,51.35201017544827,42.52490185550253,46.73049531937045,4528.794123002245,67.29631582042397,1.0112111841281728,1.009901359483597,1.0105560595909855,0.8060379120587253,0.8049938489211255,0.8055157113331192,8.0,fertilizer,D,8
2026-07-06,105.55835888588622,88.19221094102691,96.48536186102385,39.24210196909189,32.78610780950832,35.86914810572402,3460.8477346274403,58.828970198597226,0.991181919454192,1.0000117449888877,0.9955870433441876,0.7641784972977319,0.7709860900070706,0.7675747466527655,8.0,fertilizer,D,8
2026-07-07,105.2710298591658,87.75882499205528,96.11691779361202,50.2737309396353,41.91051955254506,45.90204988369228,4411.963555229128,66.42261328214306,0.9972780078266372,0.9950858931378708,0.9961813475090396,1.2811171781580968,1.2783011571867815,1.2797083930846744,8.0,fertilizer,D,8
2026-07-08,103.80220619013603,86.83528553286912,94.9404772131583,49.618087423690085,41.50779590502014,45.3821269442054,4308.60078903099,65.639932884114,0.9860472185843075,0.9894763921546378,0.9877603172525794,0.9869585267754952,0.9903908695996954,0.9886732086953792,8.0,fertilizer,D,8
2026-07-09,104.66577281462229,87.15837207727539,95.51177084910758,69.51745484838341,57.88929878989164,63.437502432164415,6059.028195540593,77.83975973460217,1.0083193474992662,1.003720682697404,1.006017387448629,1.4010506744198368,1.3946608709929174,1.3978521216107174,8.0,fertilizer,D,8
2026-07-10,105.86336161193437,87.4929258649571,96.24081903915892,54.46631099608293,45.01478922978725,49.51554816027704,4765.4169101179805,69.0319991751505,1.0114420288992962,1.0038384584258306,1.0076330716472957,0.783491155061318,0.7776012176821794,0.7805406307290467,8.0,fertilizer,D,8
2026-07-11,105.39652576527136,86.83440079591753,95.66631675150263,47.81120523139212,39.390836912828846,43.39727396825238,4151.657357598572,64.43335593928484,0.9955902038292124,0.9924733907052558,0.9940305756601832,0.8778124377623181,0.8750643418932879,0.8764373127361852,8.0,fertilizer,D,8
2026-07-12,105.62264926141064,86.83652789816962,95.77005862620678,49.9223812586029,41.04315015027327,45.265569585017104,4335.08625290573,65.84137189416492,1.0021454549331432,1.0000244960779667,1.0010844138065187,1.0441565113657627,1.041946639547186,1.0430509902103873,8.0,fertilizer,D,8
2026-07-13,105.83489171585714,87.21720419041816,96.07613315102104,52.30548277422673,43.10429100873371,47.482531007230186,4561.937971398132,67.5421199800401,1.0020094407395637,1.0043838267312453,1.003195931267087,1.047736134686347,1.0502188757664528,1.0489767707009456,8.0,fertilizer,D,8
2026-07-14,106.2376052797407,87.17213305252413,96.2338748187306,46.91381771237251,38.494632374819446,42.49623708208848,4089.5775596248,63.94980500067847,1.0038051115029698,0.9994832311089036,1.001641840304518,0.8969196960646172,0.8930580105590817,0.8949867705160358,8.0,fertilizer,D,8
2026-07-15,105.15902789148404,86.7136368987062,95.49199841454298,29.310758949693746,24.169513162598097,26.616287762202344,2541.6425087892458,50.41470528317354,0.9898474990525566,0.9947403357269956,0.99229090166446,0.6247788046028848,0.6278670991649251,0.6263210483974995,8.0,fertilizer,D,8
2026-07-16,104.95138636016492,86.15903563182786,95.09211448387926,47.81786576027383,39.255710122197534,43.32579228297462,4119.941199877395,64.18676810587517,0.9980254521605756,0.993604220896349,0.995812382845652,1.6314100171320696,1.62418290588265,1.6277924506249648,8.0,fertilizer,D,8
2026-07-17,104.72256118466224,85.63806470685142,94.70077861875966,58.92694390926552,48.188178157523694,53.28772908820652,5046.389435478685,71.03794363210893,0.997819703165069,0.9939533802675944,0.9958846654399937,1.2323206603298655,1.227545699912717,1.229930862894954,8.0,fertilizer,D,8
2026-07-18,105.46320243494772,85.97386993417796,95.2212142801387,60.7664015338454,49.53692455016564,54.865113213837134,5224.322701838854,72.27947635282683,1.0070724134504263,1.0039212145729357,1.0054955795397855,1.0312159006143649,1.0279891551042453,1.0296012637922625,8.0,fertilizer,D,8
2026-07-19,103.68747303947195,84.20109146983727,93.43767121280838,56.859070282969824,46.17332872953409,51.23838935243034,4787.595777786248,69.19245463044543,0.983162568986362,0.9793800317968944,0.9812694778068763,0.9356991503158322,0.9320992199016058,0.9338974505115551,8.0,fertilizer,D,8
2026-07-20,103.34211535165406,84.03316319232083,93.18886652377095,38.79281413090721,31.54457279550661,34.98146293817568,3259.8828805518947,57.09538405643573,0.9966692438566184,0.9980056282574842,0.9973372122206392,0.6822625473446452,0.6831773593860384,0.6827198001397841,8.0,fertilizer,D,8
2026-07-21,101.97956979278224,83.557128614961,92.30991295236883,58.614533162947644,48.02591436847726,53.056729548964775,4897.662086202315,69.98329862333094,0.9868151957772946,0.9943351581771313,0.9905680409668044,1.5109636791275731,1.52247788168868,1.5167098540942765,8.0,fertilizer,D,8
2026-07-22,102.41469245911088,83.99788639362914,92.7502975856082,58.85719848069871,48.273154492973326,53.3031203146904,4943.880271429012,70.31273192977935,1.0042667631096382,1.005274927297935,1.004770718757655,1.004140019627495,1.0051480565804354,1.0046439116737913,8.0,fertilizer,D,8
2026-07-23,102.71713604163502,84.36991884084884,93.09262286237934,47.82060226937272,39.278941059572645,43.339850230151406,4034.620332387489,63.51866129246971,1.0029531268928518,1.0044290691491484,1.0036908267216629,0.8124851930398069,0.8136808433617099,0.8130827984230953,8.0,fertilizer,D,8
2026-07-24,102.88621323647808,84.74810464548914,93.37778946806982,76.0618817969191,62.6527123050212,69.03247929490071,6446.100318058127,80.28760999094523,1.0016460466223915,1.004482472068673,1.0030632567535671,1.590567207172835,1.5950713184960503,1.5928176707651611,8.0,fertilizer,D,8
2026-07-25,103.31058854961717,84.68708137785316,93.53647534355434,63.86829794560938,52.35494078118711,57.8257810733032,5408.819745584796,73.54467856741775,1.0041247053399047,0.9992799453404742,1.0016993963595464,0.8396886382082172,0.8356372590271915,0.8376604992886973,8.0,fertilizer,D,8
2026-07-26,102.7177995800588,84.6494548704578,93.24701464360632,44.46093978028088,36.640137647182186,40.36155291205441,3763.594315429029,61.348140276857855,0.994262069572146,0.999555699561454,0.9969053708846218,0.6961347211435644,0.6998410675377599,0.6979854342285468,8.0,fertilizer,D,8
2026-07-27,103.62452388601902,85.05028177943241,93.87915080445424,42.13037620306929,34.57869076904854,38.16822304888731,3583.2003675445385,59.85983935448322,1.0088273338181617,1.0047351386915369,1.0067791570943472,0.947581774278077,0.9437380149063884,0.9456579416568476,8.0,fertilizer,D,8
2026-07-28,102.99545654729296,84.53397200631598,93.3092441323292,42.13037620306929,34.57869076904854,38.16822304888731,3561.448042565821,59.67786895127725,0.9939293584652026,0.9939293584652026,0.9939293584652026,1.0,1.0,1.0,8.0,fertilizer,D,8
2025-07-28,100.0,100.0,100.0,100.0,100.0,100.0,10000.0,100.0,1.0,1.0,1.0,1.0,1.0,1.0,,Materials,D,13
2025-07-29,101.0850308429685,100.72348723799612,100.90409711237788,97.45833839644582,97.10976612313658,97.28389614128514,9816.343703710718,99.07746314733092,1.010850308429685,1.0072348723799611,1.0090409711237789,0.9745833839644582,0.9710976612313658,0.9728389614128514,13.0,Materials,D,13
2025-07-30,100.1920736050053,100.2034153597106,100.19774432188105,81.74372108964175,81.75297448863769,81.74834765821139,8191.000037393707,90.504143758138,0.9911662762476636,0.9948366374859852,0.9929997610532092,0.8387555383626655,0.8418615114876679,0.8403070898752706,13.0,Materials,D,13
2025-07-31,99.91630567034088,100.16896906002076,100.0425576006729,69.1309441131978,69.30575901006797,69.21829637348613,6924.775401964934,83.21523539571906,0.99724760727329,0.9996562362713268,0.9984511954609516,0.8457034154022358,0.8477460232312445,0.8467241033774382,13.0,Materials,D,13
2025-08-01,100.35130027125658,100.61002081124182,100.4805772710642,82.86338503609137,83.07701913613384,82.97013332716892,8336.886892971095,91.3065544907434,1.0043535897168867,1.0044030776732542,1.0043783333902727,1.1986439082968043,1.198702969605532,1.1986734385874078,13.0,Materials,D,13
2025-08-04,99.52412062582394,99.91110302773949,99.71742410226946,72.57766186044637,72.85986759846804,72.71862783192834,7251.3142516514945,85.1546490313447,0.9917571606626252,0.9930531990962054,0.992404968308094,0.8758713131117558,0.877015910730698,0.8764434250718063,13.0,Materials,D,13
2025-08-05,100.03328384637872,99.89866222305488,99.9659503732764,86.37051655858905,86.254281854505,86.31237964025628,8628.299059717254,92.8886379473682,1.0051159780900658,0.9998754812597638,1.0024923053643269,1.1900426983258818,1.1838380263035035,1.1869363079807642,13.0,Materials,D,13
2025-08-06,98.7395079115642,98.5686936094702,98.65406379103108,70.52351749306705,70.40151541227297,70.46249004765487,6951.410988036237,83.37512211706941,0.9870665454030144,0.9866868225861212,0.9868766657312148,0.8165230486404206,0.8162089336159253,0.8163659760203276,13.0,Materials,D,13
2025-08-07,98.31737219722076,98.4852017503697,98.40125119331296,89.81248017858353,89.96579172545171,89.88910326670694,8845.20023008888,94.0489246620549,0.9957247537153868,0.9991529576375304,0.9974373828304364,1.2735110693735991,1.2778956702651902,1.275701486080233,13.0,Materials,D,13
2025-08-08,98.0402144117394,97.6174614478662,97.82860957142604,93.92096317197246,93.51597256899367,93.71824910679692,9168.326001586483,95.75137597751002,0.9971809886769004,0.991189130071511,0.9941805453188602,1.0457451234529944,1.0394614527972594,1.0425985542288552,13.0,Materials,D,13
2025-08-11,99.40247299885728,98.14967860240552,98.77408960411704,91.21789717723516,90.06825505071518,90.6412534564098,8953.007290732907,94.62033233260654,1.0138948960413,1.0054520691958742,1.0096646577809192,0.9712197798718492,0.9631323139399008,0.9671675935080616,13.0,Materials,D,13
2025-08-12,98.65539379858164,97.88594539376297,98.269916506366,80.9574498437941,80.32603398053503,80.64112392030547,7924.596514627933,89.02020284535378,0.9924842996583774,0.9973129488308268,0.9948956948145842,0.8875171687689188,0.8918351303165079,0.8896735299350919,13.0,Materials,D,13
2025-08-13,99.01880148640332,97.59610018852308,98.30487714459797,83.75332281400932,82.54995578390407,83.14946238582371,8173.997684477769,90.4101636127143,1.0036836068848265,0.9970389497279314,1.0003557613507252,1.0345350918983962,1.0276861895597629,1.0311049541918231,13.0,Materials,D,13
2025-08-14,98.7523048138467,97.11531611705487,97.93039007011298,99.12110343619948,97.4780012701846,98.29611918410588,9626.177294077805,98.11308421448082,0.9973086255483185,0.9950737368548592,0.996190554473364,1.1834886080438545,1.1808365049323415,1.1821618127607347,13.0,Materials,D,13
2025-08-15,98.929788999101,96.97145436943735,97.94572741934375,88.67973131737142,86.9242985953866,87.79762778338518,8599.402518936447,92.73296349700276,1.0017972662571153,0.998518650266822,1.0001566148079244,0.8946604531541684,0.8917324674564698,0.8931952605264373,13.0,Materials,D,13
2025-08-18,98.30947121066146,96.33463510398224,97.3170439149511,81.20835019288023,79.5770406135509,80.38855752816002,7823.176783227522,88.44872403391426,0.9937297168556058,0.9934329203413924,0.9935813075163448,0.9157487171701924,0.91547521118306,0.9156119539641224,13.0,Materials,D,13
2025-08-19,98.7023926651048,96.27971078297152,97.48352588711376,78.39972008797449,76.4753738153779,77.4315691481765,7548.302375536103,86.88096670465922,1.0039967812826638,0.999429859043412,1.001710717521467,0.965414515893564,0.9610230944219752,0.963216302532264,13.0,Materials,D,13
2025-08-20,97.87574954332412,96.2190973042681,97.04388836519938,90.38039141235824,88.85060616423843,89.61223444568913,8696.31967570353,93.2540598349666,0.9916248927765564,0.9993704439054656,0.9954901352006544,1.1528152308572008,1.1618198346926167,1.1573087751095832,13.0,Materials,D,13
2025-08-21,98.44871228598184,97.10660492274953,97.77535583728792,68.75704907717628,67.8197149089797,68.28677372959436,6676.763600391454,81.71146553814498,1.0058539806369922,1.0092238198377077,1.0075374913805584,0.7607518401140132,0.7633005314968411,0.7620251202527553,13.0,Materials,D,13
2025-08-22,99.18932005286412,97.68586647471406,98.43472291016909,75.8672192332215,74.7172683901298,75.29004835608373,7411.155047824333,86.08806565270434,1.0075227775933822,1.0059652126899643,1.0067436939219985,1.103410053972276,1.1017042535552863,1.102556823876631,13.0,Materials,D,13
2025-08-25,97.63515200280771,96.165204663335,96.8973909591266,78.86782756408282,77.68043192921472,78.27187815874088,7584.340779052638,87.08812076886628,0.984331296461876,0.9844331440539285,0.9843822189407142,1.0395507883534945,1.039658349440895,1.0396045675061143,13.0,Materials,D,13
2025-08-26,96.87492271670664,95.44966646696756,96.15965402559908,62.58734892213843,61.66654292091213,62.125239948133405,5973.941579669834,77.29127751350623,0.9922135699027824,0.9925592817186584,0.9923864107565216,0.7935726246711191,0.7938491250551356,0.7937108628227759,13.0,Materials,D,13
2025-08-27,96.36541506186704,94.65131840273366,95.5045212753426,97.76904300181404,96.02997935674506,96.89560971062062,9253.96881909526,96.19755100362616,0.994740561947806,0.991635926098179,0.99318703091338,1.5621214939690649,1.557246033394548,1.5596818586377452,13.0,Materials,D,13
2025-08-28,96.25161677280406,95.38735297608883,95.81851044358127,65.86655137824809,65.27512156460584,65.57016965249134,6282.835985634639,79.26434246011657,0.9988190961561272,1.0077762738625933,1.0032876890438878,0.673695367735429,0.6797369113463314,0.6767093973433584,13.0,Materials,D,13
2025-08-29,97.01473413450336,95.88821905403854,96.4498319239519,66.69012082611712,65.915728899995,66.30179427950831,6394.796914515013,79.96747410363174,1.0079283588918886,1.0052508646306104,1.006588721505354,1.0125036066202946,1.0098139585194814,1.0111578882728909,13.0,Materials,D,13
2025-09-01,99.0917264295694,97.3374048875602,98.21064859007066,77.05851816018932,75.69427289699058,76.37334942671475,7500.676182193757,86.60644423017122,1.0214090397051074,1.0151132834441838,1.0182562958482615,1.1554712632940942,1.1483491749265375,1.1519047147464487,13.0,Materials,D,13
2025-09-02,98.42618518233668,96.44343667868056,97.42976731039018,63.41378794090259,62.13634746184648,62.77181820982861,6115.843641833714,78.2038595072757,0.9932835840971468,0.9908157792997224,0.9920489143398304,0.822930280194046,0.8208857167622898,0.8219073627255578,13.0,Materials,D,13
2025-09-03,98.85991747137328,96.76483071058868,97.80676448068512,62.36433802907232,61.042683082439,61.69997181486193,6034.674611761111,77.6831681367406,1.004406675807186,1.0033324614196288,1.0038694249273314,0.9834507613264124,0.9823989593195992,0.9829247196347922,13.0,Materials,D,13
2025-09-04,98.09855661593708,96.619264326227,97.35610084476768,98.47790136393108,96.99288868668216,97.73257453423513,9514.862382173766,97.5441560636708,0.9922985890044196,0.9984956684852055,0.995392306060728,1.5790739463637653,1.588935541311182,1.5839970693583665,13.0,Materials,D,13
2025-09-05,97.04085398685508,95.87722470691943,96.45728465724642,95.38268280298374,94.23893686559332,94.80908512764636,9145.026912250494,95.62963406941644,0.9892179593098094,0.9923199620232864,0.9907677466566334,0.9685694098058736,0.9716066625256936,0.970086847496638,13.0,Materials,D,13
2025-09-08,96.38771415802846,95.16109802942756,95.772442361175,109.88211142225208,108.48376754313205,109.18070082519216,10456.50237673341,102.257040719617,0.9932694344495868,0.9925307946732816,0.9929000458751772,1.1520132186805587,1.1511565298943804,1.1515847946238122,13.0,Materials,D,13
2025-09-09,96.52253675642672,95.14581722996252,95.83170477873864,100.19930333602812,98.7701413799046,99.48215597114608,9533.544601779304,97.63987198772487,1.0013987529383386,0.9998394217828352,1.0006187836093827,0.9118800325103408,0.9104600957063428,0.9111697875105756,13.0,Materials,D,13
2025-09-10,98.33114236354852,96.76749571948284,97.54618597237176,68.26825590638859,67.18266464121673,67.72328508127514,6606.148161198015,81.27821455468873,1.01873765099736,1.01704413853108,1.0178905425672182,0.6813246562947085,0.6801920469345957,0.6807581160677466,13.0,Materials,D,13
2025-09-11,98.48985235471106,97.2094251546938,97.84754432775576,57.17254328381698,56.429265902802015,56.79968879581967,5557.710067251698,74.55005075284456,1.0016140358725394,1.0045669202445011,1.0030893914752277,0.8374689308338803,0.8399378947554057,0.8387025042812677,13.0,Materials,D,13
2025-09-12,98.21534076677275,97.4443220917386,97.82907185508444,68.08116396649646,67.54670724694104,67.81340908312988,6634.122869931749,81.45012504552555,0.997212793182493,1.0024164008445786,0.9998112116885688,1.1908017390187928,1.1970155231735344,1.193904588577971,13.0,Materials,D,13
2025-09-15,97.82073887009172,97.13053514238462,97.47502610656473,82.11438555754327,81.53500274297002,81.8241813382302,7975.814212092276,89.30741409363657,0.9959822783935752,0.9967798334205806,0.9963809761065284,1.206124877623313,1.2070907090243463,1.2066076966861383,13.0,Materials,D,13
2025-09-16,97.19310704686772,96.5528798065988,96.87246452282562,70.68851054680584,70.22287351346897,70.45530735852238,6825.179262533234,82.61464314837433,0.9935838572630544,0.994052793645798,0.9938182977957828,0.8608541617506166,0.8612604544190515,0.8610572841210204,13.0,Materials,D,13
2025-09-17,97.26222228347842,96.80235674305108,97.03201708254451,70.18188611547089,69.85005912006635,70.01577603885711,6793.771976649995,82.42434092335829,1.0007111125337045,1.0025838373433502,1.0016470372721993,0.9928330017506946,0.9946909835107912,0.9937615584099484,13.0,Materials,D,13
2025-09-18,97.55975582396351,97.40561946129856,97.48265717821911,84.74079266501879,84.60690920620515,84.67382447410233,8254.229403177618,90.85278973800207,1.003059086390376,1.0062319011493568,1.0046442412434984,1.2074453588436482,1.2112646756786996,1.209353509516346,13.0,Materials,D,13
2025-09-19,96.71977797687438,96.7161216618885,96.71794980210356,94.08314463011943,94.07958798825344,94.08136629237951,9099.35686237968,95.39054912505578,0.9913901194196836,0.9929213755507812,0.992155452074747,1.1102462187488742,1.1119610546103431,1.1111033058528554,13.0,Materials,D,13
2025-09-22,96.45805166069296,96.43990226511704,96.4489765359946,87.013891802006,86.99751940472329,87.0057052182528,8391.611221092928,91.60573792668735,0.9972939731494832,0.997144019093972,0.9972189933031116,0.9248616438586778,0.9247225807960128,0.9247921097134424,13.0,Materials,D,13
2025-09-23,96.24551251253,96.13488485866866,96.19018278158964,71.95409670419112,71.87139037642281,71.91273165031204,6917.298801766921,83.17029999805773,0.9977965639518556,0.9968372281671348,0.9973167807093486,0.8269265425791734,0.8261314905091506,0.8265289209474228,13.0,Materials,D,13
2025-09-24,96.21159023701998,96.18259197207811,96.19709001187128,91.9596923042216,91.9319755653668,91.94583289040531,8844.921562774794,94.04744314852368,0.9996475443412948,1.0004962518390654,1.000071808058597,1.278032753051922,1.2791178114668118,1.278575167155486,13.0,Materials,D,13
2025-09-25,97.58472239536592,97.77499671807897,97.67981322638546,107.52869946619892,107.73836292540577,107.6334801443594,10513.618237406896,102.53593632189104,1.0142720035596875,1.016556059816553,1.0154133894729165,1.1693025147416962,1.17193568682531,1.1706183604063165,13.0,Materials,D,13
2025-09-26,97.1307995245118,96.7939966537583,96.9622518516998,111.54760350049702,111.16081009131528,111.354038852931,10797.13835996186,103.90927946993888,0.9953484227888147,0.98996675942471,0.9926539440342436,1.037375175690295,1.0317662815080928,1.0345669275357587,13.0,Materials,D,13
2025-09-29,97.07583521003794,97.1992781952888,97.13753709365132,73.92317048102599,74.01717221506874,73.97015641580042,7185.278812663003,84.7660239285942,0.999434120642032,1.0041870524571914,1.0018077678540265,0.6627051425689895,0.6658567183368477,0.6642790614312182,13.0,Materials,D,13
2025-09-30,97.7769143601486,97.54902802899508,97.6629047259336,82.6656116708226,82.47294489380783,82.56922208632379,8063.950069911094,89.79949927427822,1.007221973919604,1.0035982760386717,1.0054084924119064,1.118263883068172,1.1142406880145257,1.1162504729905718,13.0,Materials,D,13
2025-10-01,96.5616660681197,96.33099363331564,96.44626088776272,79.59248936956715,79.40235394561913,79.49736481378041,7667.223586719513,87.5626837569493,0.9875712145348268,0.987513618328238,0.9875424160116362,0.9628246590191244,0.9627685060580484,0.962796582129212,13.0,Materials,D,13
2025-10-02,97.41208949611595,97.38803730173431,97.40006265648717,83.21400901493121,83.19346249416104,83.20373512032046,8104.049013972974,90.02249171164378,1.0088070500709498,1.0109730381526254,1.009889463416673,1.0455007711663404,1.04774554355326,1.046622555542842,13.0,Materials,D,13
2025-10-03,100.1192636939368,99.96506768669774,100.04213598232865,81.72511175393588,81.59924500803032,81.66215413101753,8169.656328185136,90.38615119687935,1.0277909468098287,1.02646146751042,1.0271259920556683,0.9821076129053202,0.9808372264077528,0.9814722141130604,13.0,Materials,D,13
2025-10-06,99.89828761413064,99.09935375102248,99.49801879130118,88.48952810331306,87.78183548694642,88.13497148284863,8769.255048771267,93.6443006742603,0.9977928715049116,0.9913398354474336,0.994561119815319,1.082770353006601,1.0757677412126505,1.079263367721677,13.0,Materials,D,13
2025-10-07,99.58178269224082,98.91526463837558,99.2479641512319,83.2923764171487,82.734886170133,83.01316330385598,8238.887455661457,90.76831746629138,0.9968317282563204,0.9981423782731276,0.9974868379983144,0.9412681726577116,0.9425057668386994,0.9418867664807792,13.0,Materials,D,13
2025-10-08,99.14561089822872,98.59754007679815,98.87119572442089,105.56646039225193,104.98289551087676,105.27427359432542,10408.593309290782,102.02251373736476,0.995619963991204,0.9967879117268804,0.9962037666965452,1.2674204402999516,1.2689072333404048,1.268163618930968,13.0,Materials,D,13
2025-10-09,99.43925928483912,98.80744721364466,99.12284985184124,85.32514364394132,84.78300911761491,85.0536444341221,8430.759626595378,91.81916807832326,1.002961789069128,1.002128928740849,1.002545272418084,0.8082599655885003,0.807588785821124,0.8079243060073391,13.0,Materials,D,13
2025-10-10,99.45844722455112,98.6711302913879,99.06400660518838,88.67168708387679,87.96975856315842,88.3200254990711,8749.335589410384,93.53788317794232,1.000192961410312,0.998620378057516,0.9994063604230424,1.0392210700974671,1.0375871236313718,1.0384037754840585,13.0,Materials,D,13
2025-10-13,97.90072185104572,97.5800017490467,97.7402302506904,100.44817017569164,100.1191047022688,100.283502466614,9801.732621432531,99.00370003910224,0.9843379278786804,0.9889417650419232,0.9866371611661764,1.1328099586136795,1.138108212839844,1.1354559953978811,13.0,Materials,D,13
2025-10-14,98.55593135154722,98.11765154408472,98.33654727492646,89.66734893151317,89.26859679263698,89.46775071069983,8797.94969734407,93.79738640998517,1.0066925911077385,1.0055098358823635,1.006101039691707,0.8926727960766039,0.8916240018136524,0.8921482448270601,13.0,Materials,D,13
2025-10-15,98.81727290795384,98.53513810501204,98.6761046715257,92.83471211503826,92.56965821871064,92.7020904366319,9147.481179194332,95.64246535506253,1.0026517080486452,1.004254958759788,1.0034530132083033,1.0353234842031995,1.036978977430795,1.036150900187382,13.0,Materials,D,13
2025-10-16,100.3637799180872,99.80105288322952,100.08202089869005,91.5298188654181,91.01662273417212,91.27286010967808,9134.772292980017,95.5760027045493,1.0156501688887316,1.0128473436234329,1.0142477880723442,0.9859439080502218,0.9832230612662608,0.9845825447924412,13.0,Materials,D,13
2025-10-17,101.25320769508689,100.36414615727328,100.8076968093332,61.57007970252817,61.02945890650883,61.29917331478389,6179.428478179503,78.60934090920432,1.0088620394501442,1.0056421576504064,1.007250811925328,0.6726778274636207,0.6705309104333022,0.6716035110669668,13.0,Materials,D,13
2025-10-20,100.8854038957976,98.9399646294586,99.90794909855202,102.72999877505464,100.7489889784902,101.73467213466743,10164.102445188237,100.81717336440371,0.9963674849650502,0.9858098575801868,0.9910746129585426,1.6685052101830615,1.6508255321881158,1.65964182929905,13.0,Materials,D,13
2025-10-21,101.63629336212676,98.18446761513776,99.89547214031464,76.21776936555628,73.62922102351169,74.91231531954928,7483.401107970501,86.50665354740352,1.0074429941035352,0.9923640864725364,0.9998751154602816,0.7419231994000941,0.7308184605131022,0.7363498967233798,13.0,Materials,D,13
2025-10-22,102.53631849582096,98.2533919466369,100.37201347953072,96.57586585415083,92.54190651228087,94.53737223562648,9488.906400353717,97.41101785914012,1.008855351803193,1.0007019881369557,1.0047703997889583,1.2671043335177248,1.2568638541310913,1.2619737066243877,13.0,Materials,D,13
2025-10-23,102.4486356312378,98.26745061112535,100.33626583678428,93.38159937160891,89.57046277578242,91.45618114954137,9176.37170423748,95.7933802735736,0.9991448604175632,1.000143085792866,0.999643848504108,0.966924795814247,0.9678908307761726,0.967407692712195,13.0,Materials,D,13
2025-10-24,101.99088968831174,98.07136835609352,100.01192984633448,85.21089228408893,81.93622813452126,83.55751976773381,8356.7488051443,91.41525477262698,0.9955319469107062,0.9980046062677684,0.9967675098555352,0.912501958174812,0.914768391223214,0.9136344719129228,13.0,Materials,D,13
2025-10-27,103.20800623200314,98.30353586341532,100.72592487547244,105.0637989806326,100.07114087469596,102.5370870886316,10328.14293103928,101.62747134037764,1.0119335810032737,1.0023673321909692,1.007139098607886,1.2329855510766754,1.2213296017288124,1.2271437373159904,13.0,Materials,D,13
2025-10-28,104.0295220695956,98.859082312204,101.41135579991716,77.63960541542404,73.78078827773174,75.6856082034229,7675.38014245045,87.60924690037263,1.007959807262876,1.0056513374001177,1.006804910704887,0.7389758048796243,0.7372833729368223,0.7381291038431912,13.0,Materials,D,13
2025-10-29,104.4963618064664,99.60238903828927,102.02003372736895,101.53797181076942,96.78255200105237,99.1317509018033,10113.424570455112,100.56552376662248,1.0044875697550402,1.0075188511636983,1.0060020687293905,1.3078115385501132,1.311758172557543,1.3097833690569465,13.0,Materials,D,13
2025-10-30,103.39529095781512,99.1664287009672,101.25878603254104,71.93112036534177,68.98914112056283,70.44477421246204,7133.152319090359,84.45799144598668,0.9894630700091692,0.9956229931678194,0.992538252860588,0.708415965796478,0.7128262242951878,0.7106176736678679,13.0,Materials,D,13
2025-10-31,103.93812137133108,99.75740359453478,101.82630859703016,84.01522215027954,80.63586597055513,82.30820246364488,8381.14042412994,91.54856866237692,1.0052500496733203,1.0059594249919963,1.0056046747815712,1.1679954618190571,1.1688196817762802,1.1684074991198443,13.0,Materials,D,13
2025-11-03,103.39580516352264,99.5428020276848,101.45101361684664,105.9965537506916,102.04663476371232,104.00284422461256,10551.19396562195,102.71900489014654,0.9947823166259572,0.9978487655139638,0.996314361333978,1.261635106565494,1.2655241378690656,1.263578126014234,13.0,Materials,D,13
2025-11-04,103.29009621606356,99.93514224745309,101.59877193207323,85.43201241821788,82.65710485583833,84.03310543171611,8537.66031350079,92.39946056931711,0.9989776282771634,1.0039414223005214,1.0014564498663818,0.8059885854322926,0.8099934412068541,0.8079885320273718,13.0,Materials,D,13
2025-11-05,104.97642447571327,101.3883818543352,103.1668057586664,81.0638034778666,78.29308249568187,79.666398519742,8218.927861578733,90.65830277243631,1.0163261369814416,1.0145418275713634,1.0154335903552214,0.9488691789329804,0.9472033000941938,0.948035873605523,13.0,Materials,D,13
2025-11-06,104.96498088716857,101.91568008967324,103.42909364736472,87.47979368472355,84.93844892008929,86.19975630725321,8915.562667482911,94.4222572674627,0.9998909889663146,1.0052007757269033,1.0025423670605047,1.0791474114412698,1.0848780787852352,1.082008951187773,13.0,Materials,D,13
2025-11-07,105.79202756358438,103.16678542762972,104.47116065023016,62.08643600190808,60.54575347963117,61.31125548054307,6405.25802097512,80.03285588416247,1.0078792628686783,1.0122758866629322,1.010075182582749,0.7097231644791834,0.7128191560996489,0.7112694757744239,13.0,Materials,D,13
2025-11-10,105.67969996234396,103.20764791691003,104.43635988331977,95.81885994454603,93.57747196935831,94.69153436604894,9889.23916095643,99.44465375753704,0.9989382224367246,1.0003960818310944,0.9996668863761656,1.5433139042093074,1.5455662303523845,1.544439656697276,13.0,Materials,D,13
2025-11-11,104.65272631792884,101.8253634538964,103.2293654623734,70.74552396544918,68.8342190783815,69.78332820561523,7203.6886905182055,84.87454677651131,0.9902822051464846,0.986606763249498,0.9884427758465072,0.7383256699817996,0.735585367180266,0.7369542448837498,13.0,Materials,D,13
2025-11-12,104.676193099763,102.18711514489335,103.42416640812036,85.82472327575911,83.78391131687496,84.79817806846756,8770.180879658612,93.64924388193752,1.0002242347873758,1.0035526678101254,1.0018870690997126,1.21314704401192,1.2171840174647766,1.215163854303586,13.0,Materials,D,13
2025-11-13,104.8622350194918,103.05284846705764,103.95360511007144,82.6957516879723,81.2688454140423,81.9791940697629,8522.032767570043,92.3148567001544,1.0017773088055608,1.0084720399527545,1.0051191004997986,0.9635423049634164,0.9699815171755284,0.9667565499293088,13.0,Materials,D,13
2025-11-14,105.18406852342832,102.72596964401448,103.94775336760114,81.55782598857554,79.6518605369228,80.59920955776572,8378.10675673423,91.53199854004188,1.0030691078048897,0.9968280466973444,0.9999437081334108,0.98623961115088,0.9801032625862788,0.9831666494449456,13.0,Materials,D,13
2025-11-17,105.24989957538348,103.1394791881514,104.18934603312512,76.23485536270836,74.7062306930012,75.46667272097046,7862.823278093797,88.67256214914396,1.000625865236811,1.004025365207745,1.0023241739979665,0.9347337847552138,0.9379094247066704,0.9363202584125002,13.0,Materials,D,13
2025-11-18,104.20903012881766,102.38269694703207,103.29182712500962,82.10173458198808,80.6628465896148,81.37911047270163,8405.797010533357,91.68313372989252,0.9901104946345312,0.9926625357518166,0.9913856940053144,1.0769579635373667,1.0797338567527497,1.0783450169267663,13.0,Materials,D,13
2025-11-19,104.56675966148232,102.7143985279714,103.63644062128002,83.67473401409777,82.19246732010883,82.93028904430832,8594.599976246049,92.70706540628954,1.0034328074277483,1.0032398207004738,1.003336309424107,1.0191591498050367,1.0189631384852584,1.0190611394324227,13.0,Materials,D,13
2025-11-20,105.5348194414828,103.77094722651638,104.64916711958124,82.62158521347564,81.24067681484688,81.92822164711195,8573.720158958713,92.59438513732198,1.009257815611141,1.0102862764489366,1.0097719150930902,0.9874137777307463,0.988419978906886,0.987916750215823,13.0,Materials,D,13
2025-11-21,107.24427265192644,105.56413685136684,106.40088850546906,88.74440112704592,87.35409242574413,88.04650258993412,9368.226105368072,96.78959709270453,1.0161980019437231,1.0172802665175271,1.0167389902290014,1.0741067349137672,1.0752506730689868,1.074678551783723,13.0,Materials,D,13
2025-11-24,107.04187019524238,105.4042063712692,106.21988220868036,73.84652879809332,72.71672988372427,73.27945201392826,7783.734761236106,88.22547682634595,0.9981126968212004,0.9984849923007204,0.998298827205946,0.8321260593372544,0.8324364418935216,0.8322812361465213,13.0,Materials,D,13
2025-11-25,107.54220623335765,106.12402271498227,106.83076119324504,89.11813884482522,87.94291769096726,88.52857814967241,9457.575391085184,97.25006627805034,1.004674208673696,1.0068291045347626,1.005751079476482,1.2068020026843322,1.209390436445506,1.2080955263263395,13.0,Materials,D,13
2025-11-26,107.47720182730129,105.54614845954644,106.5072988113067,70.00861017879409,68.75075865159477,69.37683375548247,7389.13916337752,85.96010216011565,0.9993955451693514,0.994554727189452,0.99697219809795,0.7855708286356256,0.7817657232295381,0.7836659664655327,13.0,Materials,D,13
2025-11-27,108.620208997674,106.87496991570052,107.7440558400486,101.94233334296044,100.30439003665089,101.12004531683408,10895.083809165217,104.37951814970798,1.0106348802438063,1.0125899568629295,1.011611946247299,1.4561399388248275,1.4589568464976377,1.4575477121546083,13.0,Materials,D,13
2025-11-28,109.56787761400592,107.00897359271548,108.28086683346712,98.97677509706932,96.6652210784502,97.8141699672918,10591.40311265444,102.91454276560938,1.0087246068211135,1.0012538359273522,1.0049822794328018,0.9709094529363556,0.9637187469374876,0.9673074182355816,13.0,Materials,D,13
2025-12-01,108.2759380418522,106.6554322807712,107.4626306092483,57.2398093165847,56.38313291702457,56.80985633534144,6104.936606329262,78.13409375125089,0.988208774320654,0.9966961526676268,0.9924433905255188,0.5783155620138967,0.5832825114139649,0.5807937270677467,13.0,Materials,D,13
2025-12-02,106.21348224718156,104.87776262470472,105.5435094104,60.29863665127354,59.54033299264522,59.9182852326345,6323.986101305592,79.52349402098471,0.9809518547521292,0.9833325915234512,0.9821415017670048,1.0534388107020227,1.0559954708488246,1.054716366099298,13.0,Materials,D,13
2025-12-03,105.4078400083072,104.13274753404356,104.76835396098345,78.5511694758544,77.60095547815406,78.07461690749888,8179.749099533025,90.44196536748318,0.9924148778306748,0.9928963483581632,0.992655583903294,1.3027022473184782,1.3033342539038169,1.3030182122931568,13.0,Materials,D,13
2025-12-04,103.65677855866149,102.00819563255084,102.8291833374745,90.5544545745994,89.11425423487495,89.83146824504921,9237.296517644683,96.11085535799108,0.983387749435832,0.9795976582602108,0.9814908743891204,1.1528084836780776,1.1483654252164726,1.150584809804185,13.0,Materials,D,13
2025-12-05,103.11378233079668,101.37038269344896,102.23836645722513,85.31542441950036,83.87295109895105,84.59111312852554,8648.457223058782,92.99708179861764,0.9947615946065936,0.993747434359104,0.9942543851747768,0.9421449758633011,0.94118445830103,0.9416645946136756,13.0,Materials,D,13
2025-12-08,103.05603927199468,100.59833591075696,101.81977242321987,84.6581116557634,82.63916616705464,83.64254752522604,8516.465153916868,92.28469620645056,0.9994400063939392,0.992383901863854,0.9959057049861962,0.992295499105708,0.9852898352122984,0.9887864626883645,13.0,Materials,D,13
2025-12-09,102.71504612667016,100.0917359388657,101.39490753415126,89.0367300817019,86.76275981230181,87.89239117552468,8911.840876197777,94.40254697939974,0.996691187166387,0.9949641316896068,0.9958272850257156,1.051721191747612,1.0498987808869145,1.0508095912432236,13.0,Materials,D,13
2025-12-10,102.15523253595065,99.82508080054404,100.98343597887546,78.0109438242156,76.23152115911898,77.11610023061677,7787.448770579032,88.2465227109773,0.9945498384917322,0.9973358925607552,0.9959418913110878,0.8761658671947091,0.8786202896730627,0.8773922201822087,13.0,Materials,D,13
2025-12-11,101.01658070954008,99.24186812172503,100.1252924134745,104.33975369931758,102.50665785506088,103.41914442276764,10354.87207648096,101.75889187919137,0.9888537102002108,0.994157653826654,0.9915021354038648,1.3375014912578096,1.344675487205581,1.3410836921666325,13.0,Materials,D,13
2025-12-12,100.61377036903892,99.05746874987524,99.83258693501936,91.86215706664618,90.44122608216672,91.14892273450111,9099.632752925443,95.39199522457557,0.996012433427544,0.9981419195815256,0.997076608003836,0.8804137810347064,0.8822961159268886,0.8813544459611171,13.0,Materials,D,13
2025-12-15,101.45088652586244,100.0230376777533,100.73443227326896,71.74731580139982,70.73752351934009,71.2406305344853,7176.384471681087,84.71354361423613,1.0083200952886773,1.0097475631071915,1.0090335767702443,0.7810323433766856,0.7821380423909156,0.781584997356417,13.0,Materials,D,13
2025-12-16,101.56447894659308,100.20321059645023,100.88154872425486,96.18824668480896,94.89903595655234,95.54146681278976,9638.37113946123,98.17520633775734,1.0011196789364842,1.0018013142060074,1.0014604385776136,1.3406528956576276,1.34156570989662,1.3411092251147496,13.0,Materials,D,13
2025-12-17,102.32402257172926,100.17575243944508,101.2441897283678,77.89910913774058,76.26363463931746,77.07703418015618,7803.601872235623,88.33799789578448,1.007478437668504,0.999725975277222,1.0035947208255516,0.8098609946909785,0.8036291820101658,0.8067390710170484,13.0,Materials,D,13
2025-12-18,100.63847884053187,98.10562766219248,99.36398308048372,74.86459315467249,72.98041450678015,73.91650046038066,7344.637901113832,85.7008628959699,0.9835273898657002,0.9793350713436972,0.9814289920939802,0.961045562437659,0.9569490734599128,0.958995130606761,13.0,Materials,D,13
2025-12-19,100.7756144556153,98.0887058212238,99.42308384017224,76.20787105247324,74.17599471169787,75.18506926363776,7475.131444927813,86.458842491256,1.0013626558813624,0.9998275140644636,1.0005947905655177,1.0179427662823934,1.016382206280928,1.0171621869996004,13.0,Materials,D,13
2025-12-22,101.93716875223492,98.96889960813569,100.44206997357992,78.5483776694681,76.26115772203156,77.39631915188866,7773.846503951526,88.16941932411444,1.0115261445231,1.008973446836133,1.0102489894102034,1.0307121375347603,1.0281110218803018,1.0294107581453056,13.0,Materials,D,13
2025-12-23,101.12363612234934,97.88031348792906,99.48875918763297,82.9015858114273,80.2426961590991,81.5613067659772,8114.433207868966,90.0801488002155,0.9920192738346212,0.989000725232706,0.990508849666303,1.055420726323305,1.0522092577138689,1.0538137686614637,13.0,Materials,D,13
2025-12-24,101.65266216567288,98.62839870839308,100.12911311824136,101.9857241399598,98.95155177192098,100.45718322863766,10058.68866304016,100.29301402909456,1.0052314776605091,1.0076428568095697,1.006436445039994,1.2302023313756911,1.2331533772958898,1.2316769705134585,13.0,Materials,D,13
2025-12-25,101.73860212837064,98.84791476001244,100.282843353128,85.15125583125796,82.73186285276336,83.93284231558107,8417.024078116208,91.744340850628,1.0008454275654652,1.0022256880826823,1.0015353200492756,0.8349330903843061,0.8360845420944656,0.8355086178810364,13.0,Materials,D,13
2025-12-26,102.50204278532397,99.322180751569,100.8995858313056,67.63837432944752,65.54006786929672,66.58095556629452,6717.990840891678,81.96335059581007,1.00750394285927,1.0047979362307038,1.0061500298311834,0.7943320820010539,0.792198623472765,0.7932646355041238,13.0,Materials,D,13
2025-12-29,101.67980878512137,98.54136774184106,100.09828884358976,79.34292857521416,76.8939359334132,78.108834754027,7818.560702444816,88.42262551205329,0.991978364744158,0.9921385837099068,0.9920584709925812,1.1730460609351292,1.1732355249731956,1.1731407891293208,13.0,Materials,D,13
2025-12-30,101.78981575625532,98.80597958272364,100.28680101260468,72.96619245674162,70.82728334407919,71.88878346218033,7209.496122109904,84.90875174038247,1.001081895928487,1.002685286869326,1.0018832706452103,0.9196306938377296,0.9211036277998896,0.9203668661626528,13.0,Materials,D,13
2025-12-31,101.4214158687096,98.39302285845174,99.8957441030722,77.5283011330359,75.21334463950433,76.36205099677655,7628.243905559739,87.33981855694309,0.9963807785208304,0.995820529020451,0.9961006143821126,1.0625235951430374,1.061926154559926,1.0622248328482222,13.0,Materials,D,13
2026-01-01,102.12100284011282,98.66346617038585,100.37734858523284,84.37658541134499,81.51982597878421,82.93590633384835,8324.886380304915,91.2408153202552,1.006897822963829,1.0027486025337706,1.0048210710724947,1.0883327014551458,1.0838479045109175,1.0860879880943652,13.0,Materials,D,13
2026-01-02,102.90805993786458,99.47918312332476,101.17909734438686,99.29977712948092,95.99112760587887,97.6314374454834,9878.260713168982,99.38943964611624,1.0077071031018372,1.008267669732282,1.0079873474489438,1.1768641341123696,1.1775187993024037,1.1771914211979546,13.0,Materials,D,13
2026-01-05,103.26048051074442,99.45667061572256,101.34073020152532,55.43162538508,53.38968868195803,54.40107740150321,5513.044907618033,74.24988153268686,1.0034246158473168,0.9997736962960956,1.0015974925788111,0.558225073484309,0.556193994315452,0.5572086084656935,13.0,Materials,D,13
2026-01-06,102.82040858513032,98.98890638684657,100.88646985642218,78.35278686265194,75.43304671342528,76.87905717123147,7756.056683895601,88.06847724297043,0.9957382347686412,0.9952968038646364,0.9955174948493088,1.4135033262752097,1.4128766916544386,1.4131899742321492,13.0,Materials,D,13
2026-01-07,101.73642842262794,98.33879732177972,100.0231873861984,107.06441062713286,103.48884406773315,105.26144639228126,10528.585377037423,102.608895213999,0.9894575388542158,0.993432505835288,0.9914430302551732,1.3664403643333172,1.3719297917382751,1.3691823269610883,13.0,Materials,D,13
2026-01-08,102.2989613459736,99.26735656920351,100.77175930085735,75.73509272328415,73.49070171629708,74.60445770048179,7518.022454163944,86.70653063157322,1.0055293166082933,1.0094424507184627,1.0074839838063614,0.7073787851599208,0.7101316318520056,0.7087538719775038,13.0,Materials,D,13
2026-01-09,102.22470378304516,99.16518279002692,100.68332253308904,71.53316010218195,69.39221767896852,70.45455710651451,7093.59889708114,84.22350560907056,0.9992741122495143,0.998970721265199,0.9991224052414892,0.9445180236795252,0.9442312572663912,0.9443746295881128,13.0,Materials,D,13
2026-01-12,101.74546943066557,97.96313563686849,99.83639227392558,78.65450090611297,75.73056160467657,77.17868569984512,7705.241540715748,87.77950524305629,0.9953119516648667,0.9878783347205272,0.9915881772883977,1.099553001625519,1.0913408468227854,1.0954392287664931,13.0,Materials,D,13
2026-01-13,102.23058061362416,98.41456377920169,100.30442660214123,86.61871311746032,83.38544900560441,84.9867065227678,8524.54286657068,92.3284510135997,1.0047678897711427,1.0046081430468554,1.0046880132340066,1.1012556448721724,1.101080557686702,1.1011680977995504,13.0,Materials,D,13
2026-01-14,101.85187718935931,98.14389464479125,99.98069765833154,71.23959520184448,68.64607230585099,69.93081154444991,6991.731326027407,83.61657327364837,0.9962955954862848,0.9972497044744548,0.9967725358214372,0.822450399433194,0.8232380244332224,0.8228441176940485,13.0,Materials,D,13
2026-01-15,103.21841503414204,99.58222876265368,101.38402151447964,89.75017191489258,86.58844594891366,88.15513547013799,8937.522151116336,94.53846916000036,1.0134169136838007,1.0146553601023085,1.014035947828087,1.2598355122681668,1.261375094602949,1.2606050683982726,13.0,Materials,D,13
2026-01-16,103.5541942657992,100.11760310704038,101.8214010980631,80.85788966934295,78.17450720739939,79.50487833291207,8095.298105988147,89.9738745747239,1.0032530942423996,1.0053762036764886,1.0043140879307202,0.9009218360720032,0.9028283895234888,0.90187460899364,13.0,Materials,D,13
2026-01-19,103.86062085165555,99.72036146572428,101.76943870033692,56.80451271923072,54.540079722195664,55.66078199493176,5664.566541246025,75.2633147107276,1.002959093912409,0.996032249784372,0.9994896711578724,0.7025228206118765,0.6976709117909647,0.7000926630170097,13.0,Materials,D,13
2026-01-20,102.6295491265429,98.70206637284316,100.64665205411956,88.75994522281927,85.36323192680638,87.04502162597323,8760.79000463264,93.59909190068372,0.988146886519473,0.9897884937648254,0.9889673495250038,1.5625509483997435,1.5651468124287853,1.5638483417983453,13.0,Materials,D,13
2026-01-21,103.51874921713872,99.9444434443187,101.71589736397615,78.33152848254258,75.6268895976419,76.96732980014173,7828.80101833052,88.48051208221231,1.0086641722404863,1.0125871434827158,1.0106237543726906,0.8825098785933493,0.8859422012335149,0.8842243744951356,13.0,Materials,D,13
2026-01-22,104.89414672568404,101.137780847543,102.99884088538212,94.5463920585483,91.16058977962008,92.8380571834226,9562.212279943353,97.78656492557324,1.01328645795034,1.0119400074891525,1.0126130089263736,1.2070030279010766,1.205399167738118,1.2062008312421884,13.0,Materials,D,13
2026-01-23,104.84741992150622,101.13706780044376,102.97553407146272,49.88808934266761,48.12264410570435,48.99741593748362,5045.535074283976,71.03192996310867,0.9995545337310382,0.9999929497454534,0.999773717706733,0.5276572511807132,0.5278886876669011,0.5277729567377539,13.0,Materials,D,13
2026-01-26,105.11669357452132,100.43166970376652,102.74748196149804,98.68702216082778,94.28856708357227,96.46272808338558,9911.302413704552,99.55552427517296,1.002568243006997,0.9930253258076548,0.9977853757980376,1.978168004851292,1.959338869170647,1.968730926677103,13.0,Materials,D,13
2026-01-27,104.95298640740108,99.89246259272154,102.3914658001131,81.0973339741254,77.18705944139306,79.1180430622454,8101.012400379775,90.00562427081863,0.9984426149496018,0.9946311047836262,0.9965350376029812,0.8217629045687801,0.818625861319736,0.8201928831398293,13.0,Materials,D,13
2026-01-28,105.667095165769,100.42823659996073,103.01436809561288,87.0406643508931,82.72528377482118,84.85554583158715,8741.340433249266,93.49513588015832,1.0068040823116355,1.0053635078496723,1.0060835372424084,1.0732863842190414,1.0717506842922706,1.0725182593915754,13.0,Materials,D,13
2026-01-29,104.04483351665095,98.29450846868876,101.12880781076066,105.27443283030702,99.45615058069173,102.32394560349952,10347.89862937503,101.72462154943132,0.9846474283543704,0.9787537031067136,0.9816961427836736,1.2094856308300552,1.2022461095620065,1.205860437296366,13.0,Materials,D,13
2026-01-30,104.07876256390942,98.2003371464747,101.09683265841616,71.98240752867521,67.91680179316442,69.92006081747797,7068.696687930851,84.07554155597721,1.0003261002599713,0.9990419472696784,0.9996838175685376,0.6837596327372707,0.6828818669998847,0.6833206089258416,13.0,Materials,D,13
2026-02-02,103.7964652056698,98.2284666322563,100.97409380133747,57.5034804503394,54.41879643456522,55.93988020103385,5648.478710654774,75.15636174439776,0.997287656470106,1.0002864499919144,0.9987859277699292,0.7988546427463139,0.8012567582362552,0.8000547989662291,13.0,Materials,D,13
2026-02-03,103.46195062245604,98.20807008222984,100.80078619521962,77.31501170807698,73.38889362276564,75.32637764878208,7592.958088235253,87.13758137701122,0.9967772064053344,0.9997923560172958,0.9982836428672602,1.3445275155970258,1.3485945745053485,1.3465595095677367,13.0,Materials,D,13
2026-02-04,104.72260300766143,99.14143065175496,101.89381082163598,114.58240061662045,108.47575211450022,111.48727320180032,11359.86312464429,106.58265864878906,1.012184695703309,1.0095039090855122,1.0108434137041304,1.4820200900862075,1.478094937254245,1.480056212468129,13.0,Materials,D,13
2026-02-05,104.03566564636222,98.9954077897097,101.48425072559549,74.89857928964172,71.26993760824044,73.06173466951499,7414.615399647992,86.10816105136604,0.9934404097914852,0.9985271257325488,0.9959805203796191,0.6536656492321519,0.6570126154369721,0.655336995616242,13.0,Materials,D,13
2026-02-06,102.5647546442122,97.3863309358512,99.9420088758258,100.00291133595177,94.95383332895408,97.44567602210026,9738.91661791159,98.68594944525584,0.9858614736301116,0.9837459444858638,0.9848031409923912,1.33517768006291,1.3323125642525504,1.3337443528118074,13.0,Materials,D,13
2026-02-09,102.44829832124776,96.79655194463346,99.58233794248842,68.90600706217641,65.10468208048236,66.97838220813087,6669.863891891242,81.66923467188388,0.9988645580699876,0.9939439243110386,0.996401203684186,0.6890400103522207,0.6856456427086668,0.687340731187913,13.0,Materials,D,13
2026-02-10,102.98018173303949,96.95134848051238,99.92030567300333,108.45709506207346,102.10762344356571,105.23448209774776,10515.061618547152,102.5429744962918,1.0051917251970737,1.001599194731311,1.0033938521378165,1.5739860671974313,1.56836067976402,1.5711708558552313,13.0,Materials,D,13
2026-02-11,102.29786900782088,96.09235409200755,99.14657357446772,70.8437335835348,66.54626532042846,68.66138573710589,6807.541132708878,82.50782467565654,0.9933743297619402,0.9911399438794036,0.9922565078907216,0.6531959346964683,0.6517267083119233,0.6524609079496329,13.0,Materials,D,13
2026-02-12,101.66071490081076,95.7608539291484,98.66669584996424,65.22599348438123,61.44061489765911,63.30501676005691,6246.096834441424,79.03225186239744,0.9937715798658384,0.9965501920939336,0.995159916200805,0.9207023710498058,0.9232766797928478,0.921988626947354,13.0,Materials,D,13
2026-02-13,100.23273356242156,94.24781745433864,97.19421986795552,96.83637943568002,91.05426029620664,93.90082480616788,9126.617411993053,95.53333141889824,0.985953459605488,0.984199843540146,0.9850762613531944,1.4846286620205804,1.4819881026235595,1.4833077947373006,13.0,Materials,D,13
2026-02-16,101.01964122575696,94.66273256407165,97.78954586801346,93.5918424446227,87.70234623695255,90.59925038891107,8859.659551514056,94.12576454677038,1.007850805174792,1.004402384277323,1.0061251173255643,0.966494647879598,0.9631877295104035,0.9648397719181704,13.0,Materials,D,13
2026-02-17,102.4945867624442,95.30015814408598,98.83192969568935,95.70061885835295,88.98308095847439,92.28074509695352,9120.284111687944,95.50017859505785,1.0146005818154815,1.006733648636045,1.0106594607677473,1.022531626246999,1.0146031979356809,1.0185596977990918,13.0,Materials,D,13
2026-02-18,102.78018345263742,95.21312802566383,98.92432848181076,85.96135628453867,79.63256482171099,82.7364688422869,8184.64962117949,90.46905338942976,1.002786456331154,0.9990867788667196,1.0009349082468175,0.8982319791658879,0.8949180446884392,0.8965734807988486,13.0,Materials,D,13
2026-02-19,102.17231244433628,94.5861597972614,98.3060866463299,97.1000082593862,89.89046717075489,93.42571971743313,9184.316897537712,95.83484177238314,0.9940857178117292,0.9934151073344272,0.9937503560047464,1.129577434050456,1.1288154208270231,1.1291963631602673,13.0,Materials,D,13
2026-02-20,101.83744683371584,94.1685468989842,97.92795509063583,87.44920805980995,80.86381882595335,84.0920740439999,8234.964850459246,90.7467071053228,0.9967225405532162,0.9955848413851212,0.9961535285495148,0.9006096871403368,0.8995816950460984,0.9000955443355114,13.0,Materials,D,13
2026-02-23,101.3342907354386,93.89432417693568,97.54339928746144,81.1437825451423,75.1862036823028,78.10821315323727,7618.940623236371,87.28654319674007,0.9950592231647478,0.9970879584417642,0.9960730743042832,0.9278961393183216,0.929787941924055,0.9288415589841242,13.0,Materials,D,13
2026-02-24,101.91777592724505,94.04074700984026,97.90007038700048,105.19466969964888,97.06437596391744,101.0477855726033,9892.585320008391,99.46147656257872,1.0057580231486474,1.00155944285438,1.0036565375222153,1.2963983980057434,1.2909865269173613,1.293689632540458,13.0,Materials,D,13
2026-02-25,102.1743817307394,94.23487678826828,98.12436126321396,54.01624500074526,49.81888909907392,51.8751319925119,5090.214192210146,71.34573702899246,1.0025177727943904,1.002064315571714,1.002291018538872,0.513488422512016,0.5132561622566195,0.513372279249399,13.0,Materials,D,13
2026-02-26,101.45410445247242,94.20970297580746,97.7648251987594,68.64601171447877,63.74429510759191,66.14976665633024,6467.12037409485,80.41840817931458,0.9929505100391492,0.9997328609818488,0.9963359143455708,1.270840128067615,1.279520604741402,1.2751729801069012,13.0,Materials,D,13
2026-02-27,102.2646798756019,95.84090299380368,99.00070334926896,86.31039778267339,80.88879240915078,83.55563325709336,8272.066461245813,90.95090137676378,1.0079895774301493,1.0173145649171094,1.0126413374953311,1.257325744453539,1.2689573595977686,1.2631281632661278,13.0,Materials,D,13
2026-03-02,101.77323405300872,96.12875112151592,98.91073696577875,100.0669920361275,94.5171396234633,97.25248509924384,9619.314972919625,98.07810649130428,0.9951943738229954,1.0030033954055175,0.9990912551078266,1.159385133273198,1.1684825154191665,1.1639249360962467,13.0,Materials,D,13
2026-03-03,101.55517252876214,95.72536552868918,98.59719068840074,101.03783354305922,95.23772455210955,98.09492015550936,9671.883548136202,98.34573477348268,0.9978573784524428,0.9958036946478498,0.996830007671599,1.0097019155585412,1.0076238545888814,1.0086623499173917,13.0,Materials,D,13
2026-03-04,101.48385492298904,95.30241028780304,98.34457778372224,66.52745026012184,62.47522194444453,64.46950612808429,6340.226360091542,79.62553836610175,0.9992977452157557,0.9955815761209144,0.997437929996638,0.6584409812366957,0.6559923836720924,0.6572155421084102,13.0,Materials,D,13
2026-03-05,101.78694487688004,95.33870897729103,98.510080272551,87.7845875358054,82.22340550540189,84.95850597839491,8369.269243767687,91.48371026454755,1.0029865829803268,1.0003808790289606,1.0016828837192502,1.3195243045174332,1.316096252983595,1.3178091640659422,13.0,Materials,D,13
2026-03-06,102.74007115041638,96.51702242312176,99.57994653030234,90.73688875277894,85.24088243558498,87.94596333400622,8757.654326356269,93.58233982090997,1.0093639343895158,1.0123592343390275,1.0108604749360808,1.0336312022400211,1.0366985156067865,1.0351637228221862,13.0,Materials,D,13
2026-03-09,101.9234403029283,95.23082721227902,98.52032040330162,84.33973151502626,78.80171994946608,81.52371374919228,8031.74239903747,89.61998883640562,0.992051486451742,0.9866739029183456,0.989359041012557,0.9294977232999214,0.9244592230613652,0.9269750498903156,13.0,Materials,D,13
2026-03-10,101.4340127814882,95.73358465138038,98.54258799699656,106.17287603675264,100.20613142498078,103.14636770098598,10164.310015744972,100.81820279961836,0.9951980867209206,1.0052793560007691,1.0002260203134112,1.258871401764381,1.2716236585856364,1.265231464041442,13.0,Materials,D,13
2026-03-11,101.558971699749,95.84965141322942,98.66302263415092,81.9089982523662,77.3043365711385,79.57336720980017,7850.948930096118,88.60558069385989,1.001231923245805,1.0012123933546593,1.001222158252613,0.7714682064750013,0.7714531583230745,0.7714606823623467,13.0,Materials,D,13
2026-03-12,101.26977758740588,95.562596095813,98.37480801657551,94.17789478658446,88.87038497617476,91.48565879923164,8999.884120644343,94.86771906525604,0.9971524513540948,0.9970051501159992,0.9970787980148942,1.149786919581376,1.1496170708921707,1.1497019921002458,13.0,Materials,D,13
2026-03-13,102.5803088621344,95.62398502134836,99.04109206848456,89.19992996314599,83.1509756727762,86.1223618253638,8529.652766701196,92.35611927046956,1.0129409909446816,1.0006423949122711,1.0067729133641286,0.947142959239862,0.9356432482549516,0.9413755440550768,13.0,Materials,D,13
2026-03-16,102.95614331315085,95.55791257782278,99.18807459603129,103.8393379467639,96.3776425412045,100.03894538802638,9922.67037765586,99.61260150029142,1.0036638069741195,0.9993090390082484,1.001484056006219,1.1641190524439466,1.159068089837925,1.1615908257472338,13.0,Materials,D,13
2026-03-17,103.89774611709402,96.18357411133954,99.9662771321142,75.41881684256097,69.81914074431037,72.56498458554317,7254.051359166005,85.1707189071808,1.0091456689580844,1.0065474591966126,1.007845726809925,0.7263029438922896,0.7244329587586714,0.7253673487268535,13.0,Materials,D,13
2026-03-18,103.43224609469252,95.88808193361636,99.58875281931114,99.34908398961188,92.10273841393916,95.6573190841123,9526.393105625635,97.603243315095,0.995519633102754,0.9969278311764423,0.9962234833222394,1.3172983633117192,1.319161728890866,1.318229716859469,13.0,Materials,D,13
2026-03-19,103.5486047935524,95.7550536655973,99.57561051283764,93.25698954560563,86.23803339924436,89.67886807463007,8929.828038631515,94.4977673737931,1.0011249750755034,0.9986126715089458,0.9998680342297552,0.9386799132980104,0.936324314394031,0.9375013740012376,13.0,Materials,D,13
2026-03-20,103.8229487203304,95.89526632517584,99.78040548224467,90.55940023357,83.64449199992589,87.03329838834628,8684.217803646385,93.18915067563596,1.0026494217601964,1.0014642846952828,1.0020566780193694,0.9710735964652124,0.9699257821973803,0.9704995196406564,13.0,Materials,D,13
2026-03-23,103.2578614999565,94.7306478905206,98.90239693597182,103.47109651807509,94.92627359035502,99.106637601973,9801.884011099844,99.00446460185442,0.9945572031295692,0.9878553084079662,0.9912005915186516,1.1425770958200183,1.1348777584833574,1.1387209198915451,13.0,Materials,D,13
2026-03-24,102.46929219033412,93.7613236367998,98.0186536731235,104.96155585765295,96.04179162193704,100.40266866968724,9841.33440819144,99.20349997954428,0.9923631063226822,0.9897675749579896,0.9910644909504016,1.0144045959667347,1.011751414960161,1.013077136900954,13.0,Materials,D,13
2026-03-25,101.35474393482792,93.1498761747804,97.16574420677178,110.52212583522652,101.57514030862455,105.95423747505608,10295.12233612485,101.46488228015076,0.9891230998899072,0.993478681418919,0.9912984984552426,1.0529772061031062,1.0576139677659202,1.0552930403038672,13.0,Materials,D,13
2026-03-26,101.6676523716532,92.88767971726712,97.17855900920006,67.95096760901497,62.082752660318455,64.95062059056694,6311.807715744574,79.4468861299458,1.003087259901978,0.997185219473386,1.0001318860111956,0.6148177760380814,0.6112002648648778,0.6130063519720741,13.0,Materials,D,13
2026-03-27,102.11552646890998,93.1756609843967,97.54322977793151,72.01582789812298,65.7110881937149,68.7912670210176,6710.122365746163,81.9153365722571,1.004405276278236,1.003100317157304,1.003752584648811,1.059820491630037,1.058443535086929,1.0591317895892198,13.0,Materials,D,13
2026-03-30,101.50934130050166,92.02333662284836,96.6500299268431,91.08160480020852,82.57006765383687,86.72147525482508,8381.633178678827,91.551259842117,0.9940637316442484,0.9876327750254292,0.9908430359224122,1.2647442577353538,1.2565621712186843,1.2606465763790815,13.0,Materials,D,13
2026-03-31,103.0521559733592,92.74032938511876,97.76037483978858,96.35556285732297,86.71382517981267,91.40765521941988,8936.046637476644,94.53066506418244,1.0151987457813394,1.007791423225708,1.0114883038710485,1.0579036575901697,1.0501847418043535,1.0540371338336298,13.0,Materials,D,13
2026-04-01,103.47277987968675,92.53936552881832,97.85348946036258,98.33425623945708,87.94380215481229,92.99402333356385,9099.7896821476,95.39281777024726,1.004081660420926,0.9978330478484078,1.000952478145942,1.0205353310536316,1.014184323808217,1.017354871540419,13.0,Materials,D,13
2026-04-02,103.11567989785064,92.73389646286006,97.78710949478312,80.96507619964456,72.81343633522343,76.78115277357666,7508.206993405412,86.64991052162381,0.9965488509900734,1.0021021425090837,0.9993216392594118,0.8233659285781727,0.8279541542568962,0.8256568542923174,13.0,Materials,D,13
2026-04-03,102.87790206859036,92.97596676710909,97.80169939116176,78.97303998823982,71.37193307605307,75.07635130221169,7342.594741444162,85.68894176872628,0.9976940671923438,1.0026103756391385,1.0001492006099169,0.9753963522927742,0.9802027849292284,0.9777966153179238,13.0,Materials,D,13
2026-04-06,104.63720460665957,94.90764810081389,99.65375553917532,92.349930451291,83.76289040167984,87.95167481631164,8764.714701405761,93.62005501710496,1.0171008788349536,1.0207761360367822,1.018936850377274,1.1693855328988625,1.1736110651847294,1.1714963938813667,13.0,Materials,D,13
2026-04-07,105.00080446830636,95.15328151669944,99.95584578729088,94.59733564942866,85.72550425074849,90.05223095140154,9001.246909779795,94.8749013690122,1.0034748621488276,1.0025881308914604,1.0030313985306536,1.0243357540948343,1.0234305888879556,1.023883071464835,13.0,Materials,D,13
2026-04-08,104.19024121346185,94.80056572968296,99.3845753150272,91.90098592007246,83.61882413237805,87.66214906812789,8712.265456338499,93.33951712076993,0.9922804090983016,0.9962931831525474,0.9942847717633309,0.9714965573729404,0.9754252816967004,0.9734589375740894,13.0,Materials,D,13
2026-04-09,103.58309962952958,94.28251814933245,98.8234560758995,81.92834243726041,74.57211128468354,78.16373500288374,7724.410432785729,87.88862516154028,0.9941727595899472,0.9945353956871136,0.9943540611070776,0.8914849129966311,0.8918100925053367,0.8916474879270606,13.0,Materials,D,13
2026-04-10,103.70336595703633,94.71797523855903,99.1088938939074,104.18695442042076,95.15966312089348,99.57105746269394,9868.377368974292,99.33970691004826,1.0011610612922075,1.0046186408442854,1.0028883610161203,1.2716839047513462,1.2760757538111762,1.2738779366034698,13.0,Materials,D,13
2026-04-13,104.07259342134223,94.82648890165773,99.34202849265588,91.3543201196289,83.23814308989829,87.20185760634934,8662.809422942475,93.07421459750532,1.0035604192872474,1.001145650155901,1.00235230754364,0.8768306994654156,0.8747208676448365,0.8757751482053011,13.0,Materials,D,13
2026-04-14,103.7133520930517,94.52459409055632,99.01243612984516,91.1859625468747,83.10710166581792,87.05286359378744,8619.3160965,92.84027195403944,0.9965481658861318,0.9968163451520968,0.9966822464991736,0.9981570923790608,0.9984257046203104,0.998291389465182,13.0,Materials,D,13
2026-04-15,103.68740977018622,94.54573371695332,99.0111217688834,104.43099030100748,95.2237559283286,99.72116691944976,9873.504600796789,99.36551011692532,0.9997498651587096,1.0002236415464187,0.999986725294184,1.145252924728673,1.145795654277934,1.1455242573613216,13.0,Materials,D,13
2026-04-16,102.19057989491849,93.66041066617606,97.83256962368282,87.69640708750849,80.37611206639846,83.9565140050852,8213.681501764198,90.62936335296745,0.985564015162638,0.9906360338433916,0.9880967700987004,0.8397546248937797,0.8440762631427243,0.8419126710871869,13.0,Materials,D,13
2026-04-17,101.30256874247156,93.19649016770232,97.1650341005999,73.90731150887416,67.99336004863154,70.88869050595616,6887.902030358103,82.99338546148182,0.9913102445121648,0.9950467812902588,0.9931767556995528,0.842763278034016,0.8459398980689989,0.8443500941649683,13.0,Materials,D,13
2026-04-20,100.84140631923631,92.43562096142723,96.54707666077832,76.00863339053605,69.67282074232077,72.77180696593689,7025.905225883671,83.82067302213501,0.995447672956768,0.9918358598601092,0.9936401253234598,1.0284318538824075,1.0247003632779437,1.026564413117809,13.0,Materials,D,13
2026-04-21,99.88415167245536,92.03303817423698,95.8782662748569,92.8505114726273,85.55225752810051,89.12671243304132,8545.314666857734,92.4408711926588,0.9905073254953368,0.9956447224240722,0.9930727018460506,1.221578488269311,1.2279143662707237,1.2247423301548614,13.0,Materials,D,13
2026-04-22,99.7159403324238,91.6440727233891,95.59484759915556,82.6326946240964,75.94369215408105,79.2176238118422,7572.796675460291,87.02181723832416,0.998315935639288,0.9957736323980582,0.9970439737104876,0.8899541134833365,0.887687763576976,0.8888202161765636,13.0,Materials,D,13
2026-04-23,100.37393450576948,92.18033921044912,96.18993362420645,86.87824616137047,79.78631345475173,83.25680140763377,8008.466201164029,89.49003408851753,1.006598685938799,1.0058516221630465,1.0062250847194836,1.0513785924153565,1.0505982944952748,1.0509883710395735,13.0,Materials,D,13
2026-04-24,100.31045506054517,92.6157449562272,96.38634510308266,102.39400871649488,94.53947139018264,98.3883908679228,9483.297396332597,97.38222320491865,0.9993675704201804,1.0047234122754098,1.002041913030563,1.178592032420923,1.1849083796031974,1.181745985966999,13.0,Materials,D,13
2026-04-27,100.69449836619806,92.74467857184614,96.63787500212496,88.81996665244024,81.8076398571934,85.24172595642781,8237.579257942662,90.76111093382816,1.0038285471381931,1.0013921349515664,1.002609600963428,0.8674332391689246,0.8653278747408842,0.8663799174320966,13.0,Materials,D,13
2026-04-28,100.57031569083262,93.01718912810512,96.72005001698156,95.08041055023266,87.93959201358128,91.44032213564893,8844.112530528872,94.04314185802636,0.9987667382291946,1.0029382877859443,1.0008503396298274,1.0704846458937554,1.0749557396728724,1.0727178633430017,13.0,Materials,D,13
2026-04-29,100.56806553807182,93.2730411269113,96.85189369850488,98.63215193167456,91.47755516959953,94.98751559982006,9199.720763558846,95.91517483463628,0.9999776260744004,1.0027505883719383,1.0013631473670677,1.0373551329962492,1.0402317440302866,1.0387924427793351,13.0,Materials,D,13
2026-04-30,100.20070659661738,92.50439318785332,96.27567481308157,98.72797395382167,91.14477962746015,94.86063160809483,9132.771321264468,95.5655341703507,0.9963471611043828,0.9917591628859606,0.9940505150346668,1.0009715089884028,0.9963622164855368,0.9986642034911222,13.0,Materials,D,13
2026-05-01,99.99282338453274,91.99930086170816,95.91282418198976,86.6749551701068,79.74607584791121,83.13836388280457,7974.035277869722,89.29745392714018,0.9979253318749388,0.9945398017462864,0.996231128664678,0.8779168831181272,0.874938489882368,0.8764264213027866,13.0,Materials,D,13
2026-05-04,99.99282338453274,91.99930086170816,95.91282418198976,60.16335654539552,55.3538399289388,57.70851590364708,5534.986739670062,74.39749148775154,1.0,1.0,1.0,0.6941261916700152,0.6941261916700152,0.6941261916700152,13.0,Materials,D,13
2026-05-05,100.1169740174873,91.39273401608504,95.65544405247157,50.88512712712174,46.45097331938358,48.617524438574286,4650.530888903712,68.19480104013583,1.0012415954340754,0.9934068320091376,0.99731652016596,0.8457827164069046,0.8391644261539148,0.8424670722731539,13.0,Materials,D,13
2026-05-06,100.76678862966428,91.85630833505564,96.20844664736993,59.1053291926572,53.87883663256308,56.43160794878196,5429.197342565686,73.68308722200561,1.0064905538601625,1.0050723323244604,1.0057811931184493,1.1615442965289182,1.1599075925085065,1.1607256560354149,13.0,Materials,D,13
2026-05-07,101.12423713440218,91.96509860825266,96.43599141269624,58.165932203364335,52.89766175060281,55.46928706141854,5349.235690723341,73.13846929436889,1.0035472848703313,1.0011843527697653,1.0023651225360737,0.984106391045876,0.9817892340799492,0.9829471297674732,13.0,Materials,D,13
2026-05-08,100.80801377051144,91.6723795920232,96.13173515696172,70.09971456559573,63.74699195620489,66.84793146048186,6426.207642949772,80.16363042521073,0.9968729221317096,0.9968170640747488,0.9968449927119796,1.2051679034474605,1.2051003739400343,1.2051341382207468,13.0,Materials,D,13
2026-05-11,100.19238404329684,90.53192942151357,95.23974926878448,63.2042682692632,57.11017268157498,60.080002289199385,5722.004354091347,75.64393137649144,0.9938930477430488,0.987559500739644,0.9907212130653752,0.9016337464558416,0.8958881184669936,0.8987563410951103,13.0,Materials,D,13
2026-05-12,99.67627175334889,89.91495160510713,94.66988513186163,62.88328036958871,56.72510630406882,59.7248755855839,5654.147111201956,75.1940630050136,0.994848787211961,0.993184969984084,0.9940165304791534,0.9949214205232626,0.9932574818210907,0.9940891030278918,13.0,Materials,D,13
2026-05-13,99.4706792336791,89.64801411433274,94.431715307428,80.03678004256035,72.13319987556527,75.98229433365806,7175.138386921197,84.70618859871571,0.9979373975766416,0.9970312224384354,0.9974842071044884,1.2727831559065312,1.271627407605074,1.2722051505118297,13.0,Materials,D,13
2026-05-14,99.5650852259024,89.71743379613262,94.51308873463614,92.37264101480328,83.23637032014048,87.68559377091285,8287.436304819545,91.03535744324589,1.0009490836189177,1.0007743582776003,1.0008617171354266,1.1541274019979717,1.1539259379000093,1.1540266655526683,13.0,Materials,D,13
2026-05-15,100.05474430274232,89.90592404104866,94.84468483383188,76.84434548172695,69.0498180372133,72.84289994709154,6908.761887864247,83.11896226412026,1.004917979789089,1.0021009321927814,1.0035084674899026,0.831895078862281,0.8295630596533292,0.8307282509530667,13.0,Materials,D,13
2026-05-18,100.3390910499802,90.07334000101844,95.06774986049696,60.9878203547151,54.74812080961525,57.7838087762917,5493.376678731287,74.11731699630855,1.0028419116876408,1.0018621237894552,1.0023518980220754,0.7936539763907231,0.7928785674729745,0.7932661771876489,13.0,Materials,D,13
2026-05-19,100.14380071459964,90.00510334983427,94.93920756548768,54.19409954741895,48.707413698205606,51.37756734857992,4877.745530716652,69.8408586052366,0.9980536963875496,0.999242432320336,0.9986478874781628,0.8886052859770566,0.889663662933455,0.8891343169760002,13.0,Materials,D,13
2026-05-20,101.20598265615406,90.26836985642682,95.5808509801458,68.68730937474346,61.264080288095,64.86959870623137,6200.29144708216,78.7419294091919,1.0106065670962654,1.0029250175467193,1.0067584660870013,1.267431509119239,1.2577978512201724,1.2626054921229033,13.0,Materials,D,13
2026-05-21,101.37272912893354,90.28245238583284,95.66701934734286,69.46205123695245,61.862834189323856,65.55241687475679,6271.204333422442,79.19093592970373,1.0016475950176382,1.0001560073526132,1.0009015233314356,1.0112792576861929,1.0097733271831262,1.0105260119091783,13.0,Materials,D,13
2026-05-22,101.56325623210654,90.5023606275234,95.87342928060764,65.8387447633904,58.66847955546544,62.150294054883325,5958.561821839827,77.19172120013795,1.001879470986035,1.0024357805518038,1.0021575871671653,0.9478376119184554,0.9483639138794954,0.9481007263794182,13.0,Materials,D,13
2026-05-25,101.29304742184162,90.3861264432092,95.68430483673154,73.02235030271818,65.15953025043085,68.97899711874267,6600.2073876418,81.24166041903501,0.997339502293552,0.9987156778728394,0.9980273528829082,1.1091090901739398,1.1106394906455477,1.1098740266269551,13.0,Materials,D,13
2026-05-26,100.8435046720788,90.15357307451173,95.34884512957731,76.12745308509658,68.0575504292641,71.97949692371004,6863.161904683717,82.84420260153222,0.9955619584837772,0.9974271121260672,0.99649409892535,1.042522635460322,1.0444757684362542,1.043498744984683,13.0,Materials,D,13
2026-05-27,100.34946117039652,89.70702113620635,94.87914014270832,81.16104529590919,72.55360936551376,76.73673680901572,7280.715605796726,85.32710944240831,0.995100889211568,0.9950467638377872,0.9950738261566704,1.0661205912824374,1.066062603015997,1.0660915967549454,13.0,Materials,D,13
2026-05-28,99.89181227493556,89.48564518718389,94.54566764447576,63.76139149083981,57.11908839821987,60.34892341176249,5705.729255590419,75.5362777451366,0.9954394484023802,0.9975322338628732,0.996485291732925,0.7856157009605891,0.7872673585467376,0.7864410961592017,13.0,Materials,D,13
2026-05-29,100.3733675690533,90.06327579536841,95.07867419080654,79.03138577767632,70.91348697539938,74.86248156448595,7117.825493785021,84.36720626988321,1.0048207684208623,1.0064550085879835,1.0056375565333682,1.2394865282861691,1.241502428767918,1.240494069027496,13.0,Materials,D,13
2026-05-31,108.03941435931716,96.33002062372454,102.0168565160099,88.39387869869041,78.8136830299428,83.4664431825496,8514.984158055855,92.27667179767516,1.0763753072745106,1.069581577763113,1.0729730655612597,1.1184655036589106,1.111406114570055,1.1149302218982984,11.0,Materials,D,13
2026-06-01,107.56409916924709,95.29420711478696,101.24344692052776,101.71998860337422,90.1167372436387,95.74274638528068,9693.325661683715,98.45468836822204,0.9956005389987652,0.989247240868103,0.9924188058533174,1.150758288932073,1.1434148713669638,1.1470807037491888,11.0,Materials,D,13
2026-06-02,107.7822041576465,95.45691157642696,101.43252107578157,90.12314876824296,79.81723430313646,84.81379888538925,8602.877442959343,92.7516977901717,1.0020276745687822,1.0017073908956922,1.0018675199334357,0.8859925173571385,0.8857093226460628,0.8858509086849046,13.0,Materials,D,13
2026-06-03,107.7297087944759,94.95742748966532,101.14215743859836,82.16456317813174,72.42324923658906,77.14029191975675,7802.135550207474,88.32969800813017,0.999512949622984,0.9947674392716788,0.9971373713863794,0.9116921046491928,0.9073635521062292,0.9095252533611672,13.0,Materials,D,13
2026-06-04,109.46559487557964,95.86186422280107,102.43815691933828,121.76647036699129,106.63406034085617,113.94934466071663,11672.760849210254,108.04055187386936,1.0161133460818634,1.0095246549642911,1.012813642832631,1.4819828117749876,1.4723733257604714,1.4771702546737775,13.0,Materials,D,13
2026-06-05,110.20697446192432,96.44195974141616,103.09498821126172,100.20871870674898,87.69250097319528,93.74194985551674,9664.325215255183,98.30729990827328,1.006772717831455,1.006051369053984,1.0064119788141117,0.8229582281947607,0.8223685817916515,0.8226633521643563,13.0,Materials,D,13
2026-06-06,110.9707203356098,96.36306541452105,103.409278030537,108.61468681525209,94.31716887934142,101.21378245639714,10466.44417055586,102.30564095178651,1.0069301047180943,0.9991819501894544,1.0030485460518337,1.0838845982364302,1.075544292073174,1.079706391987756,11.0,Materials,D,13
2026-06-07,110.9948358949442,95.86001689074568,103.15021494730344,134.95954810558803,116.55699525709552,125.42120796915783,12937.22456096908,113.74192086020474,1.000217314614715,0.9947796542003784,0.9974947791129825,1.242553397360959,1.2357982819247382,1.2391712366168042,11.0,Materials,D,13
2026-06-08,112.11314067730626,96.2935748115391,103.90271940217352,119.434617502439,102.58196502282684,110.688019926051,11500.78627555867,107.2417189136703,1.0100752865964011,1.004522823329851,1.0072952291495902,0.8849660448551382,0.8801013169270255,0.8825303289477978,11.0,Materials,D,13
2026-06-09,112.21997381647188,96.16918384537418,103.8850484577996,154.7640106085055,132.62815952174287,143.26920774266017,14883.528588856809,121.99806797181998,1.000952904704303,0.9987082111510726,0.999829927989608,1.2958053020544484,1.292899385308422,1.294351528181425,13.0,Materials,D,13
2026-06-10,112.84503936916084,96.5608876382152,104.38590502101096,119.78152100384938,102.4963973201302,110.80241138359774,11566.209990787218,107.54631556119074,1.0055700026602323,1.0040730697420788,1.0048212574441335,0.7739623736351173,0.7728102213717825,0.7733860829510609,13.0,Materials,D,13
2026-06-11,113.88534913764929,97.2272919319387,105.2272022215596,154.13985454820528,131.59375415700902,142.4213541756067,14986.600636504929,122.41977224494796,1.0092189233510316,1.0069013894758334,1.0080594904108875,1.2868416869013688,1.2838866301417229,1.2853633093105188,13.0,Materials,D,13
2026-06-12,114.82582043854607,97.76145358428548,105.95064471290598,129.63394028235325,110.3689256254341,119.6142078248022,12673.202435861318,112.57531894630064,1.008258053454796,1.0054939476533062,1.006875052040471,0.8410150681815511,0.8387094534422139,0.8398614696312809,13.0,Materials,D,13
2026-06-13,115.4218636641767,97.69796777941184,106.19077887134272,146.45345584787313,123.96442542497144,134.7405599872695,14308.205010609025,119.61690938412104,1.0051908466523836,0.9993506049414566,1.002266471894413,1.1297462341180529,1.1231823153346372,1.126459493713512,11.0,Materials,D,13
2026-06-14,115.47794406044024,97.45396406207529,106.08385084652842,104.25376663760127,87.98167398892349,95.77275660868658,10159.942827236777,100.79654174244658,1.0004858732521138,0.9975024688549562,0.99899305734499,0.7118559683964966,0.7097332455444949,0.7107938145554341,11.0,Materials,D,13
2026-06-15,114.6208424657628,97.19473258990392,105.54876660903872,127.25425646992844,107.90745524502856,117.18226395136833,12368.443428521745,111.21350380471674,0.9925777896233686,0.9973399596961882,0.9949560255098222,1.2206202286415189,1.2264764962145829,1.2235448586925175,11.0,Materials,D,13
2026-06-16,114.33229656855433,96.92656874686163,105.27030542056272,106.5933234944759,90.36576197390414,98.14472425407872,10331.725097643775,101.64509381983854,0.9974826053359828,0.9972409632096652,0.9973617769546524,0.8376405351884246,0.8374376151185106,0.8375390690079998,13.0,Materials,D,13
2026-06-17,112.87580895589338,96.587750970654,104.41465666295584,141.99555201449806,121.50549478919883,131.35158851489751,13715.031016916875,117.11119082699516,0.9872609257718564,0.9965043869747156,0.9918718887136452,1.332124258437789,1.3445965832091058,1.3383458918775126,13.0,Materials,D,13
2026-06-18,113.2589184856664,96.55291490901506,104.57283929985655,149.9293106661965,127.8143228689988,138.43089727736222,14476.111975120552,120.31671527730695,1.0033940800364294,0.9996393325107082,1.0015149466746929,1.0558732899667758,1.0519221627856847,1.0538958747473524,13.0,Materials,D,13
2026-06-19,113.91857536002942,96.59902867890884,104.9019719941619,171.18404683641327,145.1581763330622,157.63490747955285,16536.212649722354,128.5932060791796,1.0058243260944304,1.0004776010122247,1.0031474013377562,1.141765049647553,1.1356956957151016,1.1387263290196927,13.0,Materials,D,13
2026-06-20,114.27442936428112,95.7900156477919,104.6248028765024,169.34682203441184,141.95419590212023,155.04674117979496,16221.734732580137,127.36457408785276,1.0031237575007157,0.9916250396905536,0.9973578273850284,0.9892675466204096,0.9779276613148508,0.9835812616561874,11.0,Materials,D,13
2026-06-21,115.2560813430156,96.3204004642865,105.36371249582868,144.08706770440546,120.41467921947655,131.72015046036404,13878.524063013092,117.80714775858506,1.0085903030467571,1.0055369530207068,1.0070624708387597,0.8508401041923686,0.8482643183193012,0.8495512350538151,11.0,Materials,D,13
2026-06-22,116.56713145227162,97.32260130808238,106.5111095611921,156.76241852841974,130.88188898925551,143.2388266480977,15256.526358532135,123.51731197905876,1.011375105712246,1.0104048658328355,1.0108898693694837,1.0879700796605685,1.0869263601217642,1.0874480946724987,11.0,Materials,D,13
2026-06-23,116.71316137270132,97.39825960363098,106.61922336304484,130.4745813520118,108.88229739247453,119.19048690616346,12707.997146198311,112.72975271062344,1.0012527538304354,1.000777396971841,1.0010150471842625,0.8323077850981089,0.8319126369074105,0.8321101875470184,13.0,Materials,D,13
2026-06-24,115.39548154568212,96.3573568990837,105.44763439659954,173.48057353242524,144.85948076142105,158.52541059432895,16716.129538921625,129.29087183139274,0.9887101008016446,0.9893129229538258,0.9890114659487254,1.3296120342734508,1.3304227062666032,1.3300173085049412,13.0,Materials,D,13
2026-06-25,115.05631328629048,95.8324026751713,105.005347221808,147.6511308834449,122.9811926535347,134.75278168813125,14149.762630266712,118.95277479011035,0.997060818544638,0.994552006812908,0.9958056225981506,0.8511104608254447,0.8489688904524021,0.8500390012107741,13.0,Materials,D,13
2026-06-26,115.09011307818436,96.49046346433938,105.38073045427822,141.3774789652417,118.52954266809115,129.45040720414025,13641.57846877606,116.79716806830574,1.000293767381628,1.006866787963134,1.003574896349586,0.957510302287115,0.9638021888600083,0.9606510944147878,13.0,Materials,D,13
2026-06-27,113.70030606648334,95.74689829611624,104.3381600431255,105.1912158968487,88.58140315146741,96.52971305951228,10071.732650120375,100.35802235058428,0.9879241841498856,0.992293899919986,0.990106631386418,0.7440450676214876,0.7473360746823674,0.7456887555964749,11.0,Materials,D,13
2026-06-28,113.72535590217868,95.87446095950152,104.41914189720605,247.4202843650455,208.58397149664077,227.17373426892743,23721.28639394532,154.01716266035197,1.0002203145845598,1.0013322902950943,1.0007761479984607,2.352100241979023,2.354715144215746,2.353407329915824,11.0,Materials,D,13
2026-06-29,113.06318629090116,95.50776015769232,103.91540635986505,234.57244901190077,198.15016659966628,215.5935292428781,22403.48919983112,149.677951615564,0.9941774672321352,0.9961751982943182,0.9951758314788977,0.948072829250374,0.9499779162218968,0.9490248946986946,11.0,Materials,D,13
2026-06-30,113.3144214319979,95.97899614527988,104.28712489001866,230.0496235864065,194.85544431494463,211.72251089200435,22079.9319354228,148.59317593827382,1.002222077312153,1.0049340073184576,1.0035771262719826,0.980718854901563,0.983372598967438,0.982044830545388,13.0,Materials,D,13
2026-07-01,113.3805214008932,95.82723644963728,104.23503265729116,255.64465545550243,216.0663978497769,235.023870774476,24497.72084542048,156.51747776341298,1.0005833323601707,0.9984188238912932,0.9995004921961133,1.1112587426576788,1.108854815986301,1.110056128582176,13.0,Materials,D,13
2026-07-02,113.18806097028228,95.65163733233769,104.05106130299666,203.63429951661217,172.08488244092837,187.19611238820352,19477.954165787614,139.56344136552244,0.9983025264989704,0.9981675448045306,0.9982350333702164,0.7965521483474034,0.7964444455660927,0.7964982951362971,13.0,Materials,D,13
2026-07-03,113.3294153807712,96.21430220524816,104.42179188363716,246.23229570123863,209.0460665634984,226.87858620249733,23691.068511291007,153.91903232313737,1.001248845587399,1.0058824384882776,1.0035629677967526,1.2091887088066484,1.2147846086088223,1.2119834290789175,13.0,Materials,D,13
2026-07-04,112.76275122325588,95.8557993616228,103.96616592296267,276.92094434626347,235.40112486021135,255.31843215181755,26544.478480286554,162.92476325066903,0.9949998492835118,0.9962739131770596,0.9956366774362368,1.1246329144502651,1.1260729691305031,1.1253527114451278,11.0,Materials,D,13
2026-07-05,113.99769775278494,96.75243006075188,105.0216848032494,228.43675130397935,193.87944879179585,210.44997369114577,22101.81080384364,148.66677774083772,1.010951724005776,1.0093539535959266,1.0101525228993136,0.8249168434812962,0.8236130940620082,0.824264711002173,11.0,Materials,D,13
2026-07-06,113.00243737954294,96.52367461412877,104.43854889946756,190.28877604272768,162.53960823675288,175.86774323290803,18367.371901469072,135.52627753121928,0.9912694695343732,0.99763566200374,0.9944474714448324,0.8330042121353388,0.8383539836205212,0.8356748169092658,11.0,Materials,D,13
2026-07-07,113.87789282542322,96.81667542774689,105.00132850623729,156.92770222281956,133.41675047518075,144.69548745591663,15193.218411728836,123.26077401886148,1.0077472262207927,1.0030355331455152,1.0053886195537958,0.8246818624109644,0.8208260861613977,0.8227517155564515,13.0,Materials,D,13
2026-07-08,113.40224689561774,96.77630011075216,104.7599631481604,176.64822632941858,150.74976231311825,163.1860230908079,17095.36176528789,130.74923236978444,0.9958231934398832,0.9995829714580022,0.9977013113880504,1.1256663025537588,1.1299163094304407,1.1277893040066274,13.0,Materials,D,13
2026-07-09,114.43881133824748,97.313088548243,105.52911532422966,197.50356245846672,167.94723256349224,182.12681498431317,19219.68166211422,138.6350664951484,1.009140598806511,1.005546693114704,1.007342043209594,1.1180613955905594,1.1140795845147244,1.1160687143099584,13.0,Materials,D,13
2026-07-10,115.61153641719616,97.93228603968902,106.40536665928455,156.40036045909957,132.48370631386948,143.94616848824637,15316.64483719101,123.76043324581168,1.0102476167415133,1.0063629415187971,1.0083034083282392,0.7918862754285214,0.7888412586005796,0.790362300579652,13.0,Materials,D,13
2026-07-11,115.2162971222189,97.21715336747027,105.83477891394108,130.07643137876994,109.75583050919346,119.48492271265428,12645.660378843102,112.45292516801464,0.9965813161279076,0.9926976822339374,0.9946376036918276,0.83168882090132,0.828447765864649,0.8300667115179976,11.0,Materials,D,13
2026-07-12,115.55997353241642,97.35648605636976,106.06843522878596,136.27089441602217,114.80493657590674,125.07826106311784,13266.8554321025,115.1818363810132,1.0029828801895355,1.0014332109517012,1.0022077460475909,1.0476217172595592,1.046003078317469,1.0468120849348903,11.0,Materials,D,13
2026-07-13,115.8168232668652,97.75621552172028,106.40401466259,149.81645744174114,126.45390789755442,137.64038837084033,14645.48990237548,121.01855189339972,1.0022226531090088,1.0041058329192272,1.003163801116517,1.09940173273073,1.1014675123655997,1.100434137802598,11.0,Materials,D,13
2026-07-14,115.19744044616176,96.99145998361398,105.70320683521696,145.08570336437035,122.1561359137707,133.12816718982873,14072.074192059812,118.6257737258637,0.9946520479216022,0.9921769113705472,0.9934137087816156,0.9684230013300744,0.9660131343092576,0.9672173172829588,13.0,Materials,D,13
2026-07-15,113.8261879278328,95.93190912521628,104.49671533767297,124.50447936158488,104.93149790249116,114.29978790435642,11943.952399797929,109.2883909653625,0.9880965018578703,0.9890758334952716,0.9885860464060958,0.8581443689796405,0.8589949012185658,0.8585695297778362,13.0,Materials,D,13
2026-07-16,113.35358161098895,95.40486803721303,103.99270885567826,112.0586726043624,94.31499843502124,102.80473496542348,10690.94287224445,103.39701578016869,0.9958480001355796,0.994506091947828,0.9951768198611216,0.9000372772044812,0.898824474255238,0.8994306713101538,13.0,Materials,D,13
2026-07-17,113.63158854183706,95.67569670151488,104.26783493024176,130.68027086135567,110.03037201402452,119.91162920154328,12502.925959802871,111.81648339937574,1.002452564152778,1.002838730034155,1.0026456285021417,1.166177216133366,1.1666264522055891,1.1664018125417412,13.0,Materials,D,13
2026-07-18,114.26975566377432,95.91034266229391,104.68835380141005,140.35121173185124,117.80136162956263,128.58290651704476,13461.132810270015,116.02212207277547,1.0056161066665217,1.0024525137403608,1.0040330641894466,1.0740045976852612,1.0706258596903375,1.0723138979366806,11.0,Materials,D,13
2026-07-19,112.38623960474166,93.97510012224927,102.76919829997068,128.49397872492094,107.44406573481592,117.49857657286064,12075.234515780605,109.88737195774866,0.983516932821886,0.9798223790435328,0.9816679178556966,0.9155174161974162,0.9120783006964196,0.913796240539058,11.0,Materials,D,13
2026-07-20,111.9994572465874,93.78944421206344,102.49081347716096,85.66579995651252,71.73738126438947,78.39285779201595,8034.54776590311,89.63563892728779,0.9965584544912744,0.9980244138080796,0.997291164790474,0.6666911617695743,0.6676718790728324,0.6671813402216382,11.0,Materials,D,13
2026-07-21,111.27000568586185,93.56194988081128,102.0325374339882,129.5804690736365,108.95839609487936,118.82289373469033,12123.801352999591,110.1081348175492,0.993487008074338,0.9975744143366736,0.9955286134666608,1.5126277830758237,1.5188510393669257,1.5157362173214717,13.0,Materials,D,13
2026-07-22,111.587245190899,93.88936451910104,102.35651195410396,117.40877903417896,98.78759560399745,107.69647618927708,11023.435652482613,104.99255046184282,1.0028510783573856,1.0034994422273888,1.0031752079117446,0.906068482955246,0.9066542748846508,0.9063613315944276,13.0,Materials,D,13
2026-07-23,111.4952041249582,94.01274127253188,102.38149138651886,112.79169630311812,95.105943304528,103.57200719222284,10603.856562235032,102.97502882852248,0.9991751649950374,1.0013140652731305,1.0002440434119726,0.9606751490898584,0.9627316336938924,0.9617028416992448,13.0,Materials,D,13
2026-07-24,110.62839086368028,93.8346448961448,101.88609214277167,138.4206121367261,117.407917486224,127.48206073068202,12988.648986156682,113.96775415071002,0.992225555636398,0.9981056144733532,0.995161242163616,1.227223427553855,1.2344961146148914,1.2308543996263748,13.0,Materials,D,13
2026-07-25,111.09944269775568,93.75437855092316,102.05909664249432,121.04519125565194,102.14737722514748,111.19554313227287,11348.516682751284,106.52941698306287,1.0042579651606418,0.9991445979754012,1.0016980187980928,0.8744737462661165,0.8700211996957777,0.8722446318716487,11.0,Materials,D,13
2026-07-26,110.5762597858354,93.79096329709893,101.8383715654555,85.69086885452319,72.68313425682219,78.91945847214761,8037.029135631104,89.64947928254298,0.9952908592589108,1.0003902190675384,0.9978372816897252,0.7079246020896518,0.7115516446067737,0.7097358063917076,11.0,Materials,D,13
2026-07-27,111.43378345902585,94.15832712710372,102.4325077109108,85.53485812639241,72.27448357433424,78.62561731833296,8053.819152235264,89.74307300418937,1.007755043214984,1.0039168360904995,1.0058341088562424,0.9981793774504067,0.9943776408837298,0.996276695766756,11.0,Materials,D,13
2026-07-28,112.49310709494318,95.00661984856096,103.38080025494452,80.69395649556184,68.1504871438901,74.1574840777409,7666.460048850161,87.55832369826504,1.0095063059247815,1.0090092161504969,1.0092577304336825,0.9434043413776718,0.9429398007914838,0.9431720424845528,13.0,Materials,D,13
2025-07-28,100.0,100.0,100.0,100.0,100.0,100.0,10000.0,100.0,1.0,1.0,1.0,1.0,1.0,1.0,,defensive,W,54
2025-08-04,100.89652987167857,100.60482098500249,100.75056985321808,104.32918162987288,104.0275483679581,104.17825583196854,10496.01864138517,102.4500787768617,1.0089652987167856,1.006048209850025,1.0075056985321809,1.0432918162987288,1.0402754836795811,1.0417825583196854,54.0,defensive,W,54
2025-08-11,101.48561603709858,101.00227812954203,101.24365865142835,110.3730509617392,109.84738553657213,110.10990455831795,11147.929591243697,105.58375628496884,1.0058385175998543,1.0039506769223194,1.0048941539380734,1.0579307652705268,1.0559451535667126,1.056937493135964,54.0,defensive,W,54
2025-08-18,101.5394097525237,100.8960969033724,101.21724223620139,112.22331286893181,111.51231110795186,111.86724711999192,11322.894250041223,106.40908913265456,1.0005300624613191,0.99894872444329,0.9997390807920334,1.0167637108068528,1.0151567155034873,1.015959895421971,54.0,defensive,W,54
2025-08-25,101.84048768669581,101.1324750373684,101.48586393566438,105.58177478429556,104.84775206127314,105.21412331418725,10677.74620277382,103.33318055094317,1.0029651337830887,1.0023427876919992,1.0026539124513603,0.9408185526264666,0.9402347688747393,0.9405266154563691,54.0,defensive,W,54
2025-09-01,101.48359102679719,101.099852427609,101.29154000523941,102.72334044276623,102.33491399503608,102.52894327697565,10385.314559634702,101.90836354114761,0.9964955326903325,0.9996774269615437,0.998085211842428,0.9729268204918023,0.9760334578773937,0.9744789011909247,54.0,defensive,W,54
2025-09-08,102.51740916572534,102.12829413416131,102.32266668314192,115.94851171860337,115.50841760030339,115.72825545961587,11841.623709215773,108.81922490633616,1.010187047270087,1.0101725342011625,1.0101797907095613,1.1287455335742875,1.128729317209436,1.1287374253627396,54.0,defensive,W,54
2025-09-15,103.86393820229449,103.4683921627836,103.66597652791454,106.90203701500103,106.494920954424,106.69828481179744,11060.981888868533,105.17120275469199,1.0131346377900794,1.0131217116665228,1.0131281747076861,0.9219785181412478,0.9219667550371177,0.9219726365704226,54.0,defensive,W,54
2025-09-22,103.40717827869668,103.38245111020082,103.394813955252,107.02255768580613,106.99696599226213,107.0097610739932,11064.254337641496,105.18675932664479,0.9956023242378101,0.9991693980085475,0.9973842664513028,1.0011273935854768,1.0047142627398444,1.0029192246411942,54.0,defensive,W,54
2025-09-29,103.69264859273561,103.88130389158674,103.78693337692117,102.44660624260977,102.63299452933288,102.53975803582962,10642.287035750265,103.16146100046404,1.0027606431080591,1.0048253139292873,1.0037924476738154,0.9572431126470522,0.9592140634787265,0.9582280813142575,54.0,defensive,W,54
2025-10-06,102.9385776962626,103.02964265379113,102.9841001093637,112.34966247032891,112.4490529755231,112.3993467370169,11575.34557659203,107.58877997538605,0.9927278268352976,0.9918015927227442,0.992264601704322,1.0966655372093748,1.0956423272185123,1.0961538128239208,54.0,defensive,W,54
2025-10-13,102.52232893159712,102.89220348407278,102.70709970635394,109.17454662387904,109.56842069009515,109.37130635196594,11233.209666505549,105.98683723229762,0.9959563384886307,0.9986660230378535,0.9973102604895746,0.97173898188356,0.9743827786077045,0.9730599823490457,54.0,defensive,W,54
2025-10-20,102.04462976697056,102.2297687552558,102.13715731208251,108.05101866117761,108.24705500648848,108.14899241566518,11046.030651502013,105.10009824687137,0.9953405353779536,0.9935618569105723,0.9944507984754615,0.9897088836414212,0.9879402689635907,0.9888241808837205,54.0,defensive,W,54
2025-10-27,101.7301889826185,102.0222102220713,101.87609496989832,115.47005976106351,115.80152193869564,115.63567208557785,11780.51071129835,108.53806111820107,0.9969185954707258,0.9979696859758979,0.9974440022705302,1.068662389228835,1.0697891220389724,1.0692256072172917,54.0,defensive,W,54
2025-11-03,102.82311788135397,103.03409058181985,102.92855017774497,106.70486555801861,106.92380283694453,106.81427810301514,10994.238783425799,104.8534156974669,1.0107434077304447,1.0099182360149423,1.010330737629447,0.9240911954043995,0.923336766623405,0.9237139039929276,54.0,defensive,W,54
2025-11-10,102.99902928065478,103.16497019797141,103.08196634794437,104.37601947869672,104.54417885397547,104.46006532855941,10767.948938902631,103.76872813570874,1.001710815650463,1.0012702554602317,1.001490511329796,0.9781748838992198,0.9777446749944171,0.9779597557904641,54.0,defensive,W,54
2025-11-17,102.79051757268549,102.93056620738447,102.86051805482326,116.34368911228307,116.50220348890828,116.42291932265523,11975.32179498321,109.43181345012616,0.9979755954068156,0.9977278722599625,0.9978517261460298,1.1146591879375987,1.114382500929444,1.114520835847354,54.0,defensive,W,54
2025-11-24,104.20632592341843,104.40491679456154,104.30557409602548,115.44339570941466,115.66340159023328,115.5533462902665,12052.858123523083,109.7855096245542,1.0137737252828967,1.0143237392108244,1.0140486949563294,0.9922617770698371,0.9928001198813818,0.9925309119763713,54.0,defensive,W,54
2025-12-01,103.39201769311144,103.80596783053475,103.59878600922505,94.65272166352933,95.03168232233384,94.84201271626837,9825.517380076888,99.12374781088984,0.9921856161505452,0.9942632111358763,0.9932238704122395,0.8199059035112063,0.8216227520180281,0.8207638788584115,54.0,defensive,W,54
2025-12-08,102.71739026712198,103.08074417501263,102.89890683797438,114.88563863687942,115.29203667377139,115.0886582727106,11842.497125711117,108.82323798578646,0.9934750530936354,0.993013661250131,0.9932443303805862,1.2137594843312998,1.2131957875134456,1.213477603190609,54.0,defensive,W,54
2025-12-15,102.50380174694722,102.98092152499424,102.74208467670852,105.60046542919221,106.09199910666133,105.84594694166087,10874.833243366518,104.28246853314567,0.9979206196767723,0.9990316072044563,0.9984759589184673,0.919178991231141,0.9202023155064705,0.9196905110393374,54.0,defensive,W,54
2025-12-22,102.7384625663633,103.26340093860749,103.00059733713437,112.48735773706954,113.06210772839249,112.77436658456917,11615.82712252759,107.77674666887839,1.0022892889377448,1.0027430266638726,1.002516132130658,1.0652164957785641,1.06569872073693,1.065457580975935,54.0,defensive,W,54
2025-12-29,102.27599922981103,102.89953421958782,102.58729298792552,107.40944634182812,108.06427786174511,107.73636458716955,11052.381999357925,105.13030961315545,0.9954986348345095,0.9964763244701189,0.995987359686313,0.9548579369504736,0.9557957129310414,0.955326709872304,54.0,defensive,W,54
2026-01-05,102.71839813535463,103.13889678253689,102.92843272366422,115.55390101082152,116.02694439870282,115.79018113655324,11918.101869174614,109.17005939896988,1.0043255398028383,1.0023261773220302,1.00332536053738,1.0758262419775806,1.0736845393733623,1.0747548571946415,54.0,defensive,W,54
2026-01-12,103.61017787661928,103.84591755924701,103.7279807480813,107.71132555905282,107.95639640270048,107.8337913601921,11185.38143420262,105.7609636595782,1.0086817917476627,1.0068550352850956,1.007767999601856,0.9321305868242886,0.9304424671542709,0.9312861444876915,54.0,defensive,W,54
2026-01-19,103.06429591005755,103.26662181010491,103.16540926041371,111.49541688057047,111.71429394534185,111.60480175581375,11513.755048565865,107.3021670264206,0.9947313866480203,0.9944215837968632,0.9945764731597939,1.035131786763157,1.034809401460786,1.0349705815594068,54.0,defensive,W,54
2026-01-26,102.8243591233983,103.35645051767297,103.0900615275253,114.30161780411265,114.89310125904237,114.59697792018902,11813.809504660743,108.69134972324497,0.9976719698656009,1.0008698716583684,0.9992696415065032,1.0251687558292022,1.0284547948291722,1.0268104608162112,54.0,defensive,W,54
2026-02-02,102.49246730390038,102.86737696982115,102.67975102578595,111.85584315480097,112.26500333887685,112.06023650361723,11506.317184082107,107.26750292647866,0.9967722451924099,0.9952680887801175,0.996019883045372,0.9786024494114931,0.977125711714926,0.9778638017981722,54.0,defensive,W,54
2026-02-09,101.79581476515212,102.75532668546911,102.27444549547411,106.84396989135901,107.85106495672359,107.34633639294444,10978.787030559024,104.77970715056911,0.9932028903481986,0.9989107306159376,0.9960527219216762,0.9551934604211434,0.9606828641974063,0.9579342302162586,54.0,defensive,W,54
2026-02-16,101.48371614995267,102.40663977595538,101.94413353839202,111.36128753507293,112.37404078443501,111.86651807968946,11404.135257590808,106.7901458824306,0.99693407223156,0.9966066293518675,0.9967703373459336,1.0422795750504892,1.041937238445687,1.0421083926907273,54.0,defensive,W,54
2026-02-23,101.74942143044676,102.87142813360322,102.30888668301455,108.46219796100118,109.65822749552304,109.0585731553092,11157.661202757781,105.62983102683532,1.0026182060588076,1.0045386545117063,1.003577970913698,0.9739668098471052,0.9758323784572127,0.9748991479078666,54.0,defensive,W,54
2026-03-02,102.70590033877622,103.52484137598678,103.11455785169092,102.20951211278908,103.02449512336919,102.61619454172907,10581.223528593493,102.86507438675915,1.0094003375634255,1.0063517465854073,1.0078748894137868,0.9423514739166514,0.9395053839218341,0.9409273528234631,54.0,defensive,W,54
2026-03-09,103.15295378698633,103.76773138526593,103.45988594699274,111.0028454369126,111.66440732355358,111.33313499107476,11518.513448297741,107.3243376326998,1.0043527533153938,1.0023462002554246,1.0033489751834896,1.0860324361437121,1.083862698767301,1.0849470250604636,54.0,defensive,W,54
2026-03-16,102.64700141847291,103.17678992419926,102.91155475311196,103.71940925754943,104.25473274567901,103.98672652163606,10701.435700028229,103.44774381313606,0.9950951247643551,0.9943051519660514,0.9947000599424427,0.9343851398520895,0.933643362684005,0.9340141776297987,54.0,defensive,W,54
2026-03-23,102.64942730718735,103.34372717544883,102.99599220527973,108.96992310965072,109.70697352721504,109.33782725961365,11261.35800417339,106.11954581590231,1.0000236333130137,1.0016179729120498,1.0008204856332248,1.0506222884384497,1.052297297570522,1.0514594594615325,54.0,defensive,W,54
2026-03-30,103.53604310510191,104.450665647342,103.99234885711446,111.9351059878053,112.92392464586966,112.42842822789245,11691.696329732047,108.128147721729,1.0086373185040896,1.0107112303973116,1.0096737419631718,1.0272110211105763,1.0293231233642282,1.0282665299443021,54.0,defensive,W,54
2026-04-06,102.82083337421759,103.59139417012544,103.20539462145074,103.60313867412982,104.37956222931284,103.99062582939129,10732.393575653956,103.59726625569786,0.9930921666558351,0.9917734226786287,0.9924325756239528,0.9255643058525072,0.9243352332700797,0.9249495654124265,54.0,defensive,W,54
2026-04-13,101.83722635238028,102.50396892074943,102.17005375842629,107.93361672922428,108.64027321830032,108.28636853686729,11063.624094716492,105.18376345575629,0.9904337769928643,0.9895027452995742,0.9899681516957328,1.0417987148894727,1.040819398912855,1.04130894177446,54.0,defensive,W,54
2026-04-20,101.25970861236205,102.06430399171973,101.6612103111363,112.43946617426217,113.33289433222366,112.885296379552,11476.05585627659,107.12635462983229,0.9943290114950705,0.9957107521429769,0.9950196419736342,1.0417464880875975,1.043194121064976,1.042470053293171,54.0,defensive,W,54
2026-04-27,101.00469381507129,101.99408170538784,101.49818221821545,113.78817176070855,114.90277975513925,114.34411763864662,11605.720087668418,107.72984771022568,0.9974815768207769,0.9993119799617936,0.9983963589217373,1.0119949483249602,1.013851983858399,1.0129230405188436,54.0,defensive,W,54
2026-05-04,100.99518915691867,101.8191698070402,101.40634257511931,147.25539429037414,148.4567940454928,147.8548739211999,14993.42199625427,122.44762960651492,0.9999058988469387,0.9982850779631228,0.9990951597251398,1.2941186417868253,1.2920209098670894,1.2930693504361535,54.0,defensive,W,54
2026-05-11,102.12548917412867,102.86446117060535,102.49430918680922,138.77873052432747,139.7829224884825,139.27992149600058,14275.3993373256,119.47970261649299,1.011191622359891,1.0102661548463427,1.010728782678302,0.9424356315984496,0.941573091263494,0.9420042627085164,54.0,defensive,W,54
2026-05-18,101.50724862087334,102.2418027294339,101.87386362116118,140.37571187522857,141.3915364325978,140.88270859072182,14352.265841550987,119.80094257371678,0.9939462659297407,0.9939468069527071,0.9939465364411871,1.0115073927025233,1.0115079432843295,1.011507667993389,54.0,defensive,W,54
2026-05-25,101.91712634762662,102.8064094399254,102.36080216681931,146.6969092085901,147.9769205837807,147.33552485346377,15081.382511669895,122.80628042437364,1.004037915836771,1.0055222687337158,1.0047798181825018,1.0450305629721763,1.0465755187144612,1.0458027555495686,54.0,defensive,W,54
2026-06-01,102.46301377455174,103.3421219090926,102.90162904766267,156.22423908386375,157.56460566426978,156.8929910048553,16144.544360559896,127.06118353202875,1.005356189351956,1.0052108858979287,1.0052835349996765,1.0649456755883426,1.0647917597059386,1.0648687148662697,51.0,defensive,W,54
2026-06-08,102.79011442566647,103.7068539902394,103.2474667407516,148.77448400881661,150.10133782595528,149.43643827423608,15428.93369057557,124.21325891617033,1.0031923778060488,1.0035293651263293,1.00336085731868,0.9523137054868419,0.9526336019003098,0.9524736402635828,51.0,defensive,W,54
2026-06-15,103.91863215850042,104.8373061779855,104.37695845922208,142.46418338310286,143.723612431222,143.09251230544393,14935.561212731045,122.21113375110733,1.0109788547190501,1.0109004578217413,1.0109396555104502,0.9575847923939713,0.9575105359678519,0.9575476634611019,51.0,defensive,W,54
2026-06-22,104.26730891462014,105.15580577576789,104.71061495850267,143.3579913913076,144.57959312532688,143.9674965630068,15074.92509914856,122.77998655786114,1.0033552862357535,1.0030380368343466,1.0031966489942408,1.0062739138145422,1.0059557415766633,1.0061148151183141,51.0,defensive,W,54
2026-06-29,103.97278397272842,104.56556500197156,104.26875323382501,146.04899621225536,146.88166675339752,146.46473975437473,15271.695806905298,123.57870288567241,0.9971752896957098,0.994386988246232,0.9957801630249925,1.018771222970071,1.015922534974041,1.01734588188991,51.0,defensive,W,54
2026-07-06,105.22107468414828,105.40746614203123,105.31422917724609,144.3414776812616,144.59716807920472,144.46926631321338,15214.669421578352,123.34775807276901,1.0120059371666654,1.0080514186486134,1.010026742537878,0.9883085911216248,0.9844466724494058,0.9863757417347833,51.0,defensive,W,54
2026-07-13,105.59863387338184,105.87030243357789,105.73438090208695,141.47880466598644,141.84278042733916,141.66067564910148,14978.40383792909,122.38628941972664,1.0035882468447213,1.0043909251259586,1.0039895057688144,0.980167356873008,0.980951302930381,0.9805592515571943,51.0,defensive,W,54
2026-07-20,106.26680412944968,106.72890726213235,106.49760505746238,151.7055276720936,152.36522192145821,152.03501698776657,16191.365194067748,127.24529537105782,1.0063274517061367,1.0081099686013757,1.0072183158293817,1.0722844883390916,1.074183835528445,1.073233741764459,51.0,defensive,W,54
2026-07-27,105.43506914117582,106.2541838797062,105.84383413263167,51.21067262267462,51.608523328867285,51.40921311140922,5441.348225453111,73.76549481602568,0.9921731438609871,0.9955520636854248,0.9938611678217746,0.337566293123905,0.3387159003743691,0.3381406081965041,51.0,defensive,W,54
