ticker,ret_21d,ret_63d,ret_126d,ret_252d,mom_12_1,resid_mom_63,beta_est,trail_ann_ret,trail_ann_vol,trail_sharpe,trail_n,ret_21d_z,ret_63d_z,ret_126d_z,mom_12_1_z,resid_mom_63_z,momentum_score,momentum_quintile
SNDK,-0.2660286365060889,0.07900592190132683,1.2226117645065075,28.841101676084904,41.20735486152825,0.18577895013803464,2.4622908811582356,3.7449697638847823,1.137247785993458,3.2578386254216856,252,-0.33979228220032137,0.1424741541851026,3.9675559107761913,21.542443992253784,1.176809368606707,5.297898228724293,5
DELL,0.07097448774636317,1.0093575889656723,2.7016195789360022,2.2178957027342636,2.2701819007597113,0.660777342269592,1.1617891534347993,1.460768635414749,0.7016892767958891,2.024783165993898,252,-0.20658866409190696,5.6772933302830575,9.164680003117038,1.0121309960103306,4.117220664390125,3.9529472659417286,5
MU,24.07511034303581,0.23222108381414497,1.0819665624898702,5.56539365973812,7.160259098811263,-0.0692171166842729,1.8151124948314092,1.8052944435971399,1.74845859058517,1.0096289686828301,252,9.281269208392514,1.0539770258893866,3.473339071120909,3.590510673264895,-0.40170821731596446,3.3994775522703486,5
DDOG,0.05150562458360075,0.9481248942699354,1.1169963927337396,0.9557793782659156,0.8832594662439817,0.7493447471049071,1.0989859354607243,0.9569982726997115,0.64743844211897,1.4163482009170048,252,-0.21428391326649593,5.313009689156765,3.5964313042618463,0.28085161651328666,4.665484831027252,2.7282987055385304,5
PANW,-0.017870222696078852,0.887784870963042,0.9316273127235211,0.969124861014059,1.0680818410529906,0.5941777551257994,0.9904995592592563,0.6768747487175507,0.41597405806938614,1.5310443917426153,252,-0.2417053619177183,4.954036700868356,2.945058064514782,0.37830248197188365,3.7049452091968327,2.3481274189268273,5
FTNT,0.04204804687499997,0.8868930999735372,1.0036918907687804,0.6298298782512084,0.6675226487853387,0.5566712682762693,1.10131663812408,0.5801530175013352,0.45256168486557485,1.1935456216576923,252,-0.21802210878655703,4.948731404658188,3.1982876628369947,0.16710056448642285,3.4727665335962516,2.31377281135826,5
HPE,0.19269948539983117,0.7262468052010242,1.3065467289347557,1.426258730795074,1.2235640888013126,0.4686679578581209,1.2457184480144297,0.9851654180953783,0.5124605838341402,1.844367055557359,252,-0.1584757270452641,3.993019468674208,4.262497169073792,0.46028324659618614,2.9279943147711625,2.2970636944140166,5
LLY,24.76322674287855,0.12919854737687642,0.05505264029067192,0.6371740752435668,0.7196933730815263,0.04109728446782875,1.1138246304175083,0.5887099993810462,1.6065277302736372,0.34155028204062515,252,9.553253613113126,0.4410785591810908,-0.13516051471823423,0.19460850144221134,0.28117769684389726,2.066991571172418,5
CRWD,2.0902875981676106,0.6969257095481871,1.0082933736962705,0.8695100896348837,0.8638000254895597,0.3839528041445113,1.7232962666785132,0.8045713570517357,1.636141613534835,0.4673014552816746,252,0.5915636171325576,3.8185833191742993,3.2144569335802857,0.2705912822609087,2.4035769714077446,2.0597544247111594,5
DVA,0.017410907471499648,0.5759974257772826,1.185842399897512,0.7026430741161707,0.7021231512573791,0.45003161241725026,0.6784559159756446,0.5724958573190327,0.4282128116756699,1.2435308865124457,252,-0.22776016719674919,3.099160537829914,3.8383510825088116,0.1853442912791721,2.8126286176357485,1.9415448724113795,5
NTAP,0.1894354970088128,0.6361106115457897,0.9129688254033386,0.7864162613743158,0.6410323311237562,0.4212459817410277,1.4419942846937615,0.673435695433684,0.41049118854834943,1.543116425163107,252,-0.15976584880336928,3.4567840312963476,2.8794935198029195,0.1531330760529362,2.6344351858289903,1.7928159928355647,5
HUM,-0.07143036254036705,0.5806153764371884,0.901407045362244,0.49568159978670034,0.6117801906668583,0.4703463942351508,0.8439960122234669,0.6069761195722484,0.5017411564657086,1.130017165755463,252,-0.2628755051603886,3.126633506140243,2.838866279692565,0.13770936771141676,2.9383844410621704,1.7557436178892012,5
TDG,25.031910052692048,0.037117839316761714,-0.004962937261218325,-0.03229504278707385,0.03660311166635166,-0.06835639461451427,1.4322588953987303,-0.030489956945193852,1.5904380385303896,-0.044321095973238044,252,9.659453189368957,-0.10672512276206379,-0.34605081628908385,-0.1655629184415421,-0.3963800373928893,1.7289468588966752,5
WDC,-0.028181822711328852,0.21418843222806783,1.0948620353896112,5.674666785920526,6.564009752115736,0.16365011759847095,1.5336549751313546,2.0251567543738567,0.7646326801703937,2.596222743097348,252,-0.24578111769465627,0.9466977364251694,3.5186528093145264,3.2761276613344052,1.0398239172037236,1.7071042013166333,5
IRDM,-0.6274442228417701,0.19435015390277988,1.4386479249677535,0.9873663386839695,1.1575761170587082,0.3023266123680989,-0.4007740986923146,0.8957505212222404,1.6985857825111645,0.5038017685259977,252,-0.4826451529191793,0.8286764685727219,4.726691003502557,0.42548992158443116,1.8982814160815886,1.4792987313644237,5
STX,0.00369443693436744,0.13322735260619734,1.0241211049838514,4.28620429958546,4.6548615991007445,0.24006947925712538,1.1572325245351363,1.7633924976744908,0.7217611529081424,2.3877601208246584,252,-0.23318172970385162,0.46504660183572594,3.270074410918304,2.2694955368838317,1.5128873169118866,1.456864427369179,5
MRVL,-0.2268874569420385,0.1496621280579582,1.4041015135040693,1.3639903187465743,2.3544590823741953,0.20440067675192877,1.4140554931840184,1.086476981039116,0.7792108642675849,1.342995880868199,252,-0.32432136706703324,0.56281985634313,4.605297468208027,1.0565676303476497,1.2920845699326933,1.4384896315528934,5
BAX,0.23598239782442665,0.6275160897680485,0.3962787065885489,0.2975577882899054,0.037042958131609405,0.4236024915511654,0.738470154816861,0.12979794363728048,0.48891661662154484,0.1836671951503548,252,-0.14136775349156253,3.4056537698813987,1.0638826497531126,-0.16533100161462888,2.649022831132923,1.3623720991322485,5
AMAT,6.477438555540308,0.1984807644311588,0.5947829859950051,1.7455304132768301,2.6915094800388677,0.04051616378333213,1.6862447049784923,1.0776331534541614,1.6748651197902422,0.6195323678267974,252,2.3256258220635417,0.853250168143341,1.76141200887553,1.2342834128092088,0.27758035029870304,1.290430352438065,5
VLO,4.063460654442271,0.3258538369244366,0.5483340891411825,1.3393206611338897,1.0101505959149528,0.1514505249308212,1.3950111768947082,0.8541912724994449,1.6068063594870583,0.5067139968000622,252,1.3714786129737582,1.611014085930302,1.598194020068099,0.34775720853499703,0.9643040403406905,1.1785495935695693,5
AMD,2.068613162896056,0.13971088580709257,1.3040816601421752,1.6541187895272844,2.1099656632106383,-0.11644512662064212,1.6649966375434053,1.248838290068663,1.5294178874104747,0.790391102405243,252,0.5829965950759164,0.5036182357238187,4.253835099620063,0.9276541515492005,-0.6940666256699229,1.114807491259815,5
COST,18.651770463117245,-0.04542673158211108,-0.049207319064273336,-0.021371478801323618,-0.0182738255123418,-0.12382833593827518,1.2026950026045033,0.03209720843742647,1.5802608864074572,-0.0050009410664713875,252,7.1376436979784215,-0.5977967143629848,-0.5015223022244584,-0.1944977539954464,-0.7397713531728507,1.0208111148445362,5
MPC,3.6696019446776607,0.2758247951212365,0.5524319566207652,0.9621339042064836,0.6893828896360403,0.09640866535345398,1.7209976958617557,0.7275090408456776,1.6004632426371346,0.42956877891981254,252,1.2158022960834223,1.3133828678255388,1.6125936233680815,0.1786267630445555,0.6235750856258504,0.9887961271894895,5
SATS,-0.011852143666642778,0.21761111654713572,0.8294431472377137,0.11933865881542816,0.14925162552345972,0.27596475021284295,-0.017709978395231515,0.24703201425763877,0.6361048491424395,0.3254683792094143,252,-0.23932666022893884,0.9670598634289108,2.5859904631668584,-0.1061669974696142,1.735091985247197,0.9885297308288827,5
FLEX,-0.1564006918298807,0.259051315958281,0.8314562207218661,1.3151193965083015,1.7998786876979325,0.09460648695522142,1.6007226992758798,0.744267775658597,0.6386932944788545,1.1026697504836784,252,-0.2964608178138936,1.2135946077432527,2.593064254530278,0.7641553102299135,0.6124189516115858,0.9773544612602272,5
GEN,0.05099364853622257,0.4548381524205982,0.1809333313725836,-0.030947473856940744,-0.05802598069968112,0.3825469207672184,1.055563103627087,0.16524532847123063,0.33948471861691143,0.3689277354853861,252,-0.21448627655926034,2.378363560432451,0.3071749252974587,-0.21545778078253777,2.3948740464471037,0.930093694967043,5
BLK,14.827821791834706,0.03825186786703827,0.06102097168291132,-0.024605061414361362,-0.09040621584424946,-0.10749571739823699,1.4664837418867107,0.03206514804865723,1.5898305221988056,-0.004991004915648819,252,5.6261924329327915,-0.09997859541276724,-0.11418823954357846,-0.23253083236437067,-0.6386665561032453,0.9081656419017661,5
BBY,0.07757408920982112,0.4181242824677027,0.3280335964936498,0.36378393181830004,0.28432409372073963,0.25703475950368104,1.2426715778191084,0.30414835499520454,0.3727677362554288,0.7086137809260514,252,-0.20398011025444268,2.1599465482017433,0.8240743793718871,-0.034947650033699026,1.6179085180347892,0.8726003370640555,5
UNH,5.527652407766791,0.13729893761713763,0.5216141096235012,0.5708070607791216,0.4117448190639359,0.05630710641319774,1.2393527700595786,0.5034144274333947,1.6107987020315064,0.2876923273211891,252,1.9502140166290254,0.4892691486354478,1.5043019878939745,0.032237180671394756,0.37533197819698194,0.8702708624053649,5
PYPL,0.013441729046301809,0.2474527796772601,0.43232071444968057,-0.16361722529433398,-0.3430521187661061,0.4079449939421641,0.44117078992503134,0.33485578459777576,1.0885212800476032,0.2708773728198324,252,-0.2293290218722867,1.1445929567595687,1.19053160019404,-0.3657428523903329,2.552097276023974,0.8584299917429927,5
DXCM,0.21277198122258767,0.4084760523434927,0.18305041866093053,0.06982799620466662,-0.08703332028406596,0.35589966011058344,1.135439781285066,0.10846629817472386,0.42784380372759223,0.1600263871492604,252,-0.15054188644960753,2.1025475978936443,0.3146142134773528,-0.2307524135350433,2.2299178959960653,0.8531570814764823,5
IQV,0.12555550240987023,0.47705519015940157,0.012535345827219935,0.25382009521595994,0.12891205626675428,0.3732346021563974,1.1091574796034336,0.5843320604290194,0.44968498709423443,1.2104741675864554,252,-0.18501501058547465,2.5105364697376333,-0.28456314345443967,-0.1168913950387358,2.3372274369284587,0.8522588715174884,5
QQQ,13.840507122383555,0.004983761281083909,0.1483953398382496,0.21028802758726006,0.2580128897987115,-0.14664419634881445,1.4179169701955825,0.19812231190454144,1.5796220672574752,0.10010135663594007,252,5.235947130388094,-0.29789617948657077,0.19283882911888703,-0.048820697580614816,-0.8810097547874534,0.8402118655304683,5
TRV,4.642191786324106,0.24732623282274657,0.2522832668972359,0.4169361454470908,0.29736049396695186,0.12296129042201653,1.2352566545516244,0.37316876678215505,1.581378542486558,0.21068248862051767,252,1.6002274735359237,1.143840108152067,0.557893322647626,-0.02807397747229591,0.7879454076682861,0.8123664669063213,5
LITE,0.042769610975467165,-0.20049900881239124,0.9382145207254966,5.899254706306435,5.85461190390081,-0.02643899672274605,1.294183067387259,2.2315198839240393,0.9197843623063818,2.382645295717737,252,-0.21773690386718847,-1.5203478787024054,2.968205026332244,2.9020851010954205,-0.13689623219999444,0.7990618225316153,5
CVS,0.006719394854211247,0.284244901363885,0.4271200284736709,0.7407496441799102,0.6755560455761118,0.2389783799346579,0.8001973837537945,0.5712453771560196,0.3098358069287811,1.71460291314274,252,-0.2319860869618364,1.363475501768624,1.1722567742472654,0.17133631500441152,1.5061330187379331,0.7962431045592795,5
HEI,6.756029342543002,0.21288944768132945,0.10042609558357363,0.15555028893622302,0.18728393311920755,0.07409460976916535,1.2759482270820655,0.14450605499617508,1.6011888450567298,0.0652677885677329,252,2.4357414207920285,0.9389698579967587,0.024278451969342457,-0.08611379073843146,0.48544303679860074,0.7596637953636598,5
MRNA,-0.2946965952679963,0.2399162969470734,0.2764919777097725,0.9030785549549674,1.9632314583668729,0.24037950878091732,0.7196841277245276,0.7403589169951342,0.6916135843257659,1.012644824895818,252,-0.35112355943800144,1.0997571483098556,0.6429609422915952,0.8502859472439555,1.514806511437353,0.7513373979689515,5
CRL,-0.005115123854879777,0.38442511881293284,0.0904123867615938,0.35292381120369676,0.3865555544788397,0.3226856351612823,0.8831468074073984,0.5864992274242352,0.46684480743410534,1.1706229109153645,252,-0.23666379051167574,1.959464532832835,-0.010908980351609858,0.018955695479897495,2.0243111070949604,0.7510317129088815,5
DOC,-0.0039378852412238485,0.3415273789722826,0.3010994722734317,0.37112556216417825,0.3816076005754472,0.24179114993191464,0.896820278458891,0.19907491695426027,0.299378752655021,0.5313500558857791,252,-0.23619847600438817,1.70425863436813,0.729429858548316,0.016346799286278507,1.5235450790930423,0.7474763790582757,5
DAL,-0.018283852086895425,0.3235102937529106,0.389342890592397,0.7256829273560426,0.8075207996524012,0.17353698218832192,1.3924855183682718,0.556120569324405,0.39887565679545356,1.2939385007119537,252,-0.24186885278011003,1.5970719518481387,1.0395107052224826,0.2409170652141987,1.101027173470383,0.7473316085950185,5
LMT,8.794878540229762,0.1363136250668393,-0.057955211376603866,0.3633461516327978,0.26270835473160803,0.08474230719572347,1.1511421262211754,0.355602290133749,1.5903683185278694,0.19844603696952887,252,3.241615522142702,0.483407357883732,-0.5322617489333004,-0.04634493066162512,0.5513561226232454,0.7395544646109509,5
CNC,-0.07515476337971605,0.17660288980123462,0.4487534340641197,1.4073647509091916,1.5492089324869251,0.21299661961620192,0.8304156282136221,0.8428172235060225,0.5078621228181236,1.580777906907479,252,-0.26434760921932804,0.7230949974474449,1.2482749617758224,0.631985249030069,1.345296555309303,0.7368608308686623,5
AXON,-0.055557390008876606,0.4015808668415297,0.1660325298282861,-0.2536367094125779,-0.1617843143251072,0.2863604733824749,1.1829403860638865,-0.08332272510453753,0.5924579814144677,-0.20815438220632945,252,-0.2566015651901878,2.061526974950666,0.2548146105340576,-0.27016619701616984,1.7994452595786121,0.7178038165713957,5
UAL,-0.04436699834959701,0.3770536468004164,0.2451622279054948,0.44270187183238874,0.5667494439888139,0.20188624523383952,1.6242086903616315,0.40315792141428486,0.47816265906836486,0.7594861592116977,252,-0.2521784588454833,1.9156104010079458,0.5328705182071019,0.11396611021590508,1.2765193323219188,0.7173575805814776,5
TECH,0.018651677163411984,0.31378864954469887,0.12937914825939933,0.3262906753747281,0.2998604859095244,0.33518848125378153,0.8516589421346699,0.48358296895876185,0.4947087842997503,0.8966547250351418,252,-0.22726974144010792,1.5392362487568574,0.12601733809307128,-0.026755812511506005,2.101708231988057,0.7025872529772744,5
ALL,3.6330887539266827,0.2155292518077483,0.2827195228379784,0.28799046325031585,0.22530731718186425,0.10273126527913816,1.331184427372709,0.29608786546733445,1.5860515286792638,0.16146251293650205,252,1.2013701179619234,0.9546744985292457,0.6648440753664688,-0.06606528909787196,0.6627142586170973,0.6835075322753726,5
HPQ,-0.4383846678979033,0.28022921948836355,0.4175283778363983,0.05716621427079027,-0.11145802017468465,0.24944258536334443,0.41582800569821965,0.2065672384702918,1.6200135018233808,0.10281842607040907,252,-0.40791760606823524,1.339585532161886,1.1385524231776163,-0.24363076847105655,1.5709102229424186,0.6794999607485257,5
PSX,3.0563698836232573,0.22724181596473136,0.3464796956278715,0.7631806754836594,0.4837706072441692,0.06483504853513469,1.6777473793707813,0.5932963020232428,1.5960548049992083,0.34666497684803327,252,0.9734166224973938,1.024354520602946,0.8888926077036626,0.07021405117072993,0.428123014462607,0.6770001632874678,5
CSCO,1.123474627200288,0.2643696814260206,0.3734340389662756,0.700220091601077,0.757403708906613,0.10793402264989396,1.487686045643453,0.5883270225825123,1.6006211147517924,0.3425714040187088,252,0.20942180152576725,1.245234462024619,0.9836081770134046,0.21449194286366585,0.6949212024628225,0.6695355171780559,5
CW,11.941233811433243,-0.0035484352160929378,0.14043461799848078,0.5059780290840963,0.6291939652031227,-0.18619370154334702,1.2351787174496318,0.3437850971961822,1.6030380638253203,0.18950585394788547,252,4.48524169596069,-0.3486556572825557,0.16486544124206542,0.14689108827535532,-1.1258354505014716,0.6645014235388168,5
FFIV,-0.006811459786097318,0.254207828098417,0.4707739446903332,0.2933442919560938,0.3630094940710944,0.16368755438445723,1.2428976278828334,0.3499725330031124,0.34862996104262084,0.8891161622371794,252,-0.23733428305997692,1.1847798805438454,1.3256534077749642,0.006540618748812556,1.0400556644058516,0.6639390576826993,5
GRMN,0.25414541977912064,0.24722934106568717,0.505217884732637,0.39858889433282707,0.13948919477762112,0.12944896671204933,0.9515819773428793,0.3922983771398152,0.3426596026803516,1.0281292991180377,252,-0.13418865019537043,1.143263682727184,1.4466868660721748,-0.11131441171610193,0.8281064628689009,0.6345107899513576,5
DLTR,0.04401444031242807,0.36801517916707027,0.1013691516299875,0.14055474263442624,0.058751724128758065,0.2628048456446316,0.8315532152879276,0.1931830089737866,0.40883587208812594,0.37468094027905524,252,-0.21724487349809765,1.861839030728749,0.02759228118067478,-0.15388467085166554,1.6536274315038588,0.6343858398127039,5
PAYX,0.1228068153474704,0.30021901303787324,0.17275648582093317,-0.14511762871010747,-0.21847285140688055,0.2864462004170375,0.9299958103052759,0.05367407854737749,0.2708281142516739,0.05048987836864863,252,-0.18610145470248873,1.4585081896696446,0.2784420946786937,-0.30005623065473397,1.7999759408292384,0.6101537079640708,5
REGN,10.100595188748617,0.05850951639462121,-0.027184461934764648,0.3539168152374772,0.12570597917507476,-0.05193899445069246,1.4596934853601586,0.3798863816250223,1.6031822805790314,0.2120073217764504,252,3.7577121672195433,0.020537576592290142,-0.42413561078625284,-0.11858185588057929,-0.294750411506223,0.5881563731277557,5
ADP,0.11681183205796764,0.27268940253043916,0.11366717245814661,-0.10148904294602501,-0.1807169376744835,0.325140665772203,0.8967946826888732,0.051780811541931926,0.26581467896994515,0.04431964249522859,252,-0.18847102758532958,1.2947298878283093,0.07080661697428875,-0.28014875747566476,2.0395086316748876,0.5872850702832982,5
MSFT,-0.0751860771895475,0.18160480077131513,0.22215069692461853,-0.05837807979933296,-0.2505735706859785,0.361165909698138,0.5305609041018364,0.3250314864236372,0.8900814075277794,0.3202308058712499,252,-0.2643599862938004,0.7528522104824827,0.45200969996423723,-0.3169819025536272,2.2625178795542653,0.5772075802307116,5
SOLV,0.12048039746544625,0.31622393161277484,0.13940490525356708,0.22897976735051095,0.08657463814090827,0.2320337562713095,1.0986671644033763,0.30520500783405413,0.29703488925052024,0.8928412702737399,252,-0.1870209929999604,1.5537241530265684,0.16124710680017085,-0.13921454742712874,1.4631432945558378,0.5703758027910976,5
RVTY,0.00924704626885231,0.32454947732561723,0.05608250521134894,0.30895618166944483,0.282911843959504,0.25904815454410485,1.0974527139108468,0.3202807008400329,0.40024745704394044,0.7002685361452848,252,-0.23098700923965237,1.603254230409375,-0.13154164554196024,-0.03569228369408961,1.6303721592129614,0.5670810902293268,5
WST,-0.0505914586976679,0.1548380347848166,0.503541065249747,0.4548715119760067,0.49845998871884567,0.15097483355871388,0.6946323216233814,0.6281412529634833,0.4169961630175922,1.4104236564370278,252,-0.2546387346692596,0.5936121995179492,1.4407946464043593,0.0779592873156392,0.961359339249021,0.5638173475635417,5
BEN,-0.18972473863296857,0.14309808680699998,0.3286578949978147,0.449238674173114,0.4320973730639419,0.2662239959075861,0.5739261569245752,0.8504987265861111,1.1425591616810054,0.7093713426564748,252,-0.30963245713929116,0.5237692664697969,0.8262681181507855,0.042968424676039695,1.6747932043184914,0.5516333112951645,5
BAYRY,0.853213968663926,0.20818507119552243,0.015714778808234353,0.7643439675164672,0.8472968169845259,0.2744044863128119,1.1465596911030058,0.9246062927312652,1.3840979353625111,0.6391211706414233,252,0.10259876352200542,0.910982727853391,-0.27339085106733896,0.26188967373909877,1.7254333891928681,0.5455027406480049,5
RTX,3.3883653069803064,0.22631587844940326,0.09462877561800576,0.4139793862125791,0.3218396480458694,0.0948462948736657,1.292213777389031,0.3560958732365491,1.588403539046179,0.19900224688894969,252,1.1046409002683792,1.0188459619609458,0.0039070983023009095,-0.015166910602551415,0.613903449083351,0.5452260998024852,5
HST,0.07344754280813182,0.23170029893474853,0.4194973286558572,0.7256823447508152,0.6203066842507778,0.09013742324915396,1.3716041600253603,0.5237722507808388,0.2402639059712164,2.013503646439489,252,-0.20561116608579905,1.0508787886967768,1.1454711707600227,0.14220511223335994,0.5847538360647169,0.5435395483338155,5
GD,6.691985592534953,0.106252616514384,0.07188258856205243,0.2323731293928719,0.22263646892057443,0.0036643403025963875,1.1898022806936268,0.2529461220253586,1.582806587234313,0.13453704561430083,252,2.410427533161977,0.3045693415947078,-0.07602132100965935,-0.06747354107407476,0.049454276973047814,0.5241912579291998,5
ZBRA,0.08922822438587352,0.28157471669472645,0.23848835775412813,-0.1415845718703751,-0.1937417479461353,0.19162461413570872,1.1081454455045265,-0.046378993806258095,0.43173024275119537,-0.2000763098174663,252,-0.19937370497313192,1.347590122257008,0.5094190320050487,-0.2870163190180274,1.2129961362565533,0.5167230533054902,5
VTRS,0.04550887944986126,0.16942981905079524,0.355122306503473,1.0764461776514218,0.9820796737233695,0.1316069844107135,0.9656955096868213,0.750352716792649,0.3304522815474041,2.1496378038798545,252,-0.21665418253465188,0.6804211882347256,0.9192621032290406,0.3329563184121557,0.8414653704415715,0.5114901595565684,5
SJM,0.01578086604520479,0.23157735466970708,0.1503081146161407,0.14636637577235834,0.07460704758074099,0.26346153783273196,0.4525815501197771,0.286558861465122,0.2860833823443903,0.8618426538606557,252,-0.22840445622561417,1.0501473725024146,0.19956017824525,-0.14552467118107149,1.6576925929017279,0.5066942032485413,5
GSAT,0.24405032349247002,0.0311088859874169,0.4660883678402965,2.137342055216963,2.002620729959699,0.09760021115875618,1.0249017086705257,1.656159193846137,1.1463204163531502,1.4098668843286504,252,-0.1381788308606611,-0.14247340085187463,1.309188637206302,0.8710546372387209,0.6309511837419542,0.5061084452948883,5
WSM,0.040358344597122287,0.31514376088061735,0.16127978573349178,0.27905549838355825,0.20544934936310777,0.1508028612920756,1.2252365784147452,0.36004130651822264,0.34415630328938296,0.9299301028611896,252,-0.2186899793217,1.547298034932246,0.23811381923410485,-0.07653575379234713,0.9602947689183394,0.4900961779941285,5
WDAY,0.21909165348708415,0.3001339290462699,-0.06015488326414187,-0.28038626328508454,-0.3790387690794944,0.3283914657264957,1.1260106884362482,-0.08592419829815678,0.49291990474851705,-0.2554658415800881,252,-0.14804397723064217,1.45800201063544,-0.5399912332879034,-0.3847174501446338,2.059632255384517,0.48897632107135564,5
CAT,11.856486681832333,-0.109174269561374,0.13922488305738168,0.9919119914451289,1.3954452882535735,-0.290247664118161,1.3598279495053769,0.6805219171944293,1.6141783124480078,0.39680988912745063,252,4.45174460505928,-0.9770415828652244,0.16061452211480046,0.5509106485002768,-1.7699669928273407,0.48325223999635847,5
GL,0.028502411203691125,0.21552130564290084,0.3269980300731026,0.32980015589447786,0.3000190879929574,0.13683574561388412,1.0095908946386676,0.47859539587133604,0.21805835963026868,2.0113670331878195,252,-0.22337614722462534,0.9546272254526972,0.8204354755466755,-0.02667218675834677,0.8738332873849592,0.47976953088027197,5
KHC,-0.2301856805771999,0.15471259323120035,0.09928471947316386,0.009778468466386192,-0.04282117054816037,0.36851030998398826,-0.9710787801858378,0.26358973563067545,1.5585595057570683,0.14345922295861718,252,-0.32562502062368415,0.5928659265321377,0.020267740718218335,-0.2074407757530843,2.307982365158856,0.4776100472064887,5
DGX,0.0843790469126171,0.21410833123271966,0.25617598089011473,0.41606703374242926,0.26612004481762375,0.17447442195424825,0.6364743654555105,0.42246865485506957,0.25171446597728414,1.5194544078749344,252,-0.20129038745410413,0.9462212020771669,0.5715720317657293,-0.044546056732522564,1.106830263591334,0.4757574106495207,5
SWK,0.0526659005171799,0.2450535018619482,0.2567902367679713,0.49519511675993044,0.4448999016965034,0.12250440050918388,1.1613617810512953,0.4488902779893137,0.38982190106880826,1.048915612150636,252,-0.21382530341621725,1.1303192478695987,0.5737304814983982,0.049718784293433654,0.7851170943879108,0.46501206092662484,5
DE,8.853924769512934,0.03632287552089952,0.05455802522358533,0.2931363789301258,0.31587002717328594,-0.11419743643511286,1.366672385423902,0.28931720370238534,1.5971120458487624,0.15610501739712898,252,3.2649540932423746,-0.11145449662939451,-0.13689855548888566,-0.01831449877251257,-0.6801526130744419,0.46362678585542794,5
ARE,0.0019018347401813518,0.2894724728045628,-0.007786896582693381,-0.26875423081908656,-0.30393448813222745,0.2858382369764342,0.9710176624852318,-0.18930330316749355,0.4495854717181434,-0.5100327247924276,252,-0.2338902723876156,1.3945752070505881,-0.35597400052262335,-0.3451173898947857,1.7962124279462766,0.4511611944383681,5
GE,-0.0358307377945466,0.2704378483112131,0.1881853522545638,0.34789072974282154,0.41288529707675914,0.12647846779092245,1.1281533958369225,0.28834883026663494,0.31294560890660467,0.7935846460167205,252,-0.24880442249620283,1.2813350115575766,0.33265799041462063,0.032838517871509064,0.8097180036099171,0.4415490201914841,5
GPN,0.08692610102025089,0.18563776117979658,0.1998105077785315,0.08302220723458698,0.004956696750473499,0.22778561453223772,0.9869940316395704,0.20780457600068847,0.4112257319882535,0.40805952290330344,252,-0.20028364063712042,0.7768449729996301,0.3735079272853916,-0.18224905033115277,1.4368457656324218,0.440933194989834,5
WTW,0.19043045437199857,0.3340299679124321,0.08073870102585645,0.09236094233875236,-0.07471799690808412,0.13974953950326383,0.6888772484407463,0.17146160174834923,0.29976691686698864,0.43854606479700636,252,-0.1593725826550689,1.6596552698832905,-0.044901596691049234,-0.22425894150476494,0.8918707220538831,0.42459857421725805,5
AKAM,0.03843773565876729,0.13141420559877237,0.2096757055815519,0.540034076830235,0.5155956913100495,0.2129197033958167,1.341388536096305,0.7563470664349671,0.5659756968502339,1.265685205957746,252,-0.21944911786122465,0.45425988410194,0.40817350286760196,0.08699438952920806,1.3448204161749477,0.4149598149624946,5
SEDG,-0.4673923356698739,0.07633583914132958,0.21687086059659655,0.702765833835681,0.8932136014137477,0.2579056841802453,-0.3658893995780311,0.9743692287965325,1.683935004736054,0.5548725017109487,252,-0.41938315645054813,0.12658938094829683,0.4334567455333886,0.2861001103073307,1.6232998557722793,0.41001258722214945,5
CPAY,0.0867048694872612,0.24672868788420765,0.2173663765994982,0.18563690910626418,0.1268963169121302,0.12141319838978598,1.1176513863543684,0.21830332061099356,0.37165983363990635,0.47974869617938865,252,-0.20037108445740923,1.1402852124051273,0.435197952125873,-0.11795422925915992,0.7783621598638972,0.40710400213566567,5
CB,5.804540776691578,0.08255336793083545,0.05599484956404055,0.2675079547195627,0.30811499272197973,-0.01800001950101779,1.3047984237364718,0.2577680740347572,1.5797903496179184,0.1378461857849845,252,2.059656718784184,0.16357850967279897,-0.13184966100476692,-0.02240347782454555,-0.0846559207406745,0.39686523377739924,5
GWW,0.017334606349641568,0.19188512139497527,0.270081131575316,0.3257238035630272,0.48221529322620804,0.10566939367756716,0.8627302487977003,0.36418845569655567,0.2518260735450951,1.2873506350346302,252,-0.22779032592456447,0.8140115739131005,0.6204337030352387,0.06939398435107767,0.6809023326702194,0.3913902536090143,5
STM,-0.06497837759302605,-0.1026994948970732,0.7469615597501964,1.0290073007406844,1.8127306826971643,0.009835414402697543,0.7102170524006979,1.0799986471404006,1.56246546734113,0.6656138448359958,252,-0.2603252981233671,-0.9385220549903882,2.2961562639667363,0.7709317518638821,0.08765545047518523,0.39117922263840965,5
LRCX,5.100404287586363,-0.01872577540291598,0.26381817929137674,1.728746155259639,2.5387215941549215,-0.1967317624450478,1.7327245660624948,1.0268119725384839,1.685389035493838,0.5855099040972086,252,1.7813402248376498,-0.4389482170554188,0.5984261518333559,1.1537232981241434,-1.1910698467106118,0.38069432220582367,5
PRU,0.09048252763907816,0.2659573842426195,0.13889151473816308,0.2537041772671611,0.1963650534022654,0.11931350714680534,1.5372334072855423,0.2717241601791428,0.2285337250529438,1.0139604564948121,252,-0.19887792995056314,1.2546799741963606,0.1594430904925122,-0.08132560948152408,0.7653643140800155,0.3798567678673602,5
AIZ,0.009481872736200936,0.22283295144202264,0.19366811422205576,0.5291590327967839,0.5203681334044166,0.10654809117335177,0.9925479093202032,0.44860124809184354,0.24143701772690504,1.6923719980422465,252,-0.23089419189516086,0.9981254410312334,0.3519240105369105,0.08951074401782295,0.6863417869609743,0.379001558130356,5
STT,0.061778651462408574,0.19827042289783403,0.4011467128532207,0.6635507290576899,0.6621325159682605,-0.0034579789064448398,1.3182591928498149,0.4929155845398122,0.2425809855827554,1.8670696033811855,252,-0.210223403880366,0.8519988108411615,1.080988463794772,0.16425852164121071,0.005364553299541747,0.378477389139264,5
MNST,-0.0436475635536,0.21032148617276158,0.1557701073414972,0.5887658951130319,0.649779769423463,0.1303030813791881,0.6894615643654448,0.38988225598772475,0.2640386643602993,1.325117504420814,252,-0.25189409555350356,0.9236926213299491,0.2187532167864903,0.15774531758339486,0.8333937405876296,0.37633816014679206,5
TGT,0.2832387496403823,0.15614707282950446,0.3158773515055553,0.47689422889603894,0.26389870139026583,0.10240902033739517,1.1487094539476175,0.7885811749799866,1.2460349275080764,0.6007706192289979,252,-0.1226892410758319,0.6013998879033982,0.7813582333964221,-0.04571729933613315,0.6607194462505583,0.3750142054276827,5
VEEV,0.09110717577112726,0.22552444971882402,0.03128680335474865,-0.26002817023610636,-0.31754046439867245,0.25644325760548087,0.98435482535131,-0.16445241371729846,0.39411551009481566,-0.5187626685083052,252,-0.19863103196877685,1.0141376187939508,-0.21867190830879107,-0.35229138148505906,1.6142469080340895,0.3717580410130827,5
NOW,0.08568473134406007,0.26623514335327103,-0.013503134793683258,-0.38804179405649497,-0.4098121959176726,0.24487847371436106,1.211146449046781,-0.28380113105535243,0.5440175333860227,-0.5952034836818216,252,-0.20077430354312606,1.256332410050881,-0.376060438899796,-0.40094328363263154,1.5426567263618016,0.36424222206742585,5
IP,0.06238716452250981,0.3169003911709394,0.04766960648361196,-0.07609683073265838,-0.12890947925173935,0.13824105086681762,1.1601849475905257,-0.07154539500561496,0.44875298085764914,-0.24856747423143863,252,-0.2099828834357811,1.5577485251719938,-0.1611039495661692,-0.25283235887552835,0.882532633547388,0.36327239336838063,5
LH,0.08254931191892267,0.21765036749171762,0.15021170940871076,0.2071301303150599,0.09901666411142429,0.1542176283783488,0.7639139155506671,0.31844980655435806,0.24444347849860995,1.139117346327329,252,-0.20201360722211167,0.9672933739265459,0.19922141747517627,-0.13265426921331355,0.9814334082890727,0.3626560646510739,5
HWM,0.05066373841173388,0.18673599149909093,0.36677206743574287,0.5839799109150008,0.5116581145164782,0.025063955926467582,1.3512274234564297,0.37374853163157684,0.31233619346104485,1.0685554175878837,252,-0.21461667660326578,0.7833785306275567,0.9601985016850997,0.08491823253393231,0.18192561276743635,0.35916084020215183,5
MET,0.06628915592429374,0.2061056706162876,0.23553880446813746,0.3023571228135815,0.25897481365074637,0.09941151102212432,1.3801484872490983,0.2507232006383716,0.23885279857519529,0.8822304025549529,252,-0.20844058505591148,0.898612022658597,0.499054519867445,-0.048313506219271614,0.6421637829139185,0.3566152468329554,5
PM,3.537133592772703,0.11856211704803754,0.052738924720518776,0.18612798254058194,0.1520026083729189,0.0707271461001979,1.1863814787319233,0.30103665749125497,1.591159110722857,0.1640544026880298,252,1.1634429483837823,0.3778006389780246,-0.1432907401404071,-0.10471649311472433,0.46459722263502407,0.3515667153483399,5
ABBV,2.0630949435328816,0.2046805997355694,0.1146433883397402,0.23538380230051725,0.26182678776829693,0.034606194459782774,1.4798879222893664,0.21288722020044326,1.5880881918983123,0.10886499948959603,252,0.5808154675676145,0.8901340353371078,0.07423696739438629,-0.046809752432382855,0.24099550949805248,0.34787444547295565,5
BAC,-0.20701296673149994,0.15972590352611094,0.10583259530371003,0.32439928743314583,0.30389504618853547,0.22403548628852757,0.7958356994720834,0.5241353525669405,0.9258994265106617,0.5228811453004673,252,-0.3164657900305401,0.6226909560755967,0.04327649219375698,-0.02462851925850674,1.4136311197912887,0.3477008517543191,5
JNJ,3.0451758508333935,0.1305856084242969,0.06380336136312148,0.48127858099515874,0.504809951829648,0.049968949152343525,1.028991233887396,0.43111877817266864,1.5786838965246142,0.24774990042889217,252,0.9689920769619729,0.4493304195855613,-0.10441112795551111,0.08130741765655339,0.33609649969223426,0.3462630571881621,5
MMM,2.380318627322187,0.20999247139984978,0.031612603279051354,0.14714148126229576,0.06389552049263303,0.07124715537721979,1.193865982585772,0.22592173353924005,1.5883133276808352,0.11705608100053683,252,0.7062010779359065,0.9217352568850851,-0.21752707146658037,-0.15117251325754094,0.4678162675357989,0.34541060352653374,5
EXPE,0.11593283565985057,0.19312498971591263,0.13702039915085318,0.6768439655488738,0.5099425833667439,0.13195220904950555,1.2234664740727779,0.7109676718407426,0.4825902580013063,1.3903464910784138,252,-0.18881845908405287,0.8213877599312482,0.15286812868129698,0.08401368839832345,0.8436024354175846,0.3426107106688801,5
INCY,0.015830895639728615,0.22495092971384145,0.18626960574091544,0.5851248504734421,0.5295675135338744,0.0713903910378341,1.3411572841421766,0.5765627882517625,0.3435794075996293,1.5616849449749777,252,-0.22838468156323424,1.0107256514338345,0.32592619882855633,0.09436127987001454,0.46870294791494566,0.33426627929682334,5
JPM,4.644668829889083,0.12310599884135764,0.102593153556237,0.21979711559251625,0.18482856648215384,-0.05552144171920654,1.567089188882719,0.17822763294885213,1.5831772023836244,0.08731027249554707,252,1.6012065480350075,0.40483295909300654,0.031893333438763515,-0.08740842621774673,-0.3169270516578169,0.3267194725382428,5
URI,0.0063535811229971095,0.16710751354628006,0.4197744119746758,0.26266174455830194,0.2900062942475905,0.004144107271650143,1.5487877402833512,0.3254599501574783,0.4378610231186651,0.6519419064165379,252,-0.23213067824020972,0.6666054006200198,1.1464448210529883,-0.03195160932367607,0.05242420747916777,0.32027842831765807,5
WAT,-0.01182476671702104,0.22038616382748777,0.011019074885701086,0.2979809530412314,0.30512217228056526,0.18037097822828532,0.9047611134429435,0.3381400541815548,0.3669431600816708,0.8124965570013556,252,-0.2393158392350668,0.9835690883226936,-0.2898912074198918,-0.023981495326373493,1.1433320727797727,0.31474252382422685,5
GPC,-0.037112510571922,0.2290766833162723,-0.06307812350205311,0.025949097013341582,0.03874136290345276,0.2336608574304543,0.8269479434843402,0.3691733402294817,0.2958086993062899,1.1127912769348443,252,-0.24931105510359483,1.035270456331798,-0.5502632833203159,-0.1644354876646205,1.4732156373405405,0.30889525351676145,4
NUE,2.2138050713237236,0.10633091078272305,0.34831267508150976,0.8147133570461706,0.5605573283443099,-0.07401452723535719,1.4760801393649112,0.5708527890781128,1.5962241322494726,0.3325678257538999,252,0.6403850467869548,0.3050351274186306,0.8953335619611922,0.11070120774292153,-0.4314059182105221,0.3040098051398354,4
HRL,0.017657169531650307,0.19275338475875348,0.04850440598406247,-0.058058542641349464,-0.10201821692938995,0.20558863536342348,0.47527258972687214,0.024010472889906764,0.302578253056026,-0.052844270692291244,252,-0.22766282982788158,0.8191770192880811,-0.15817052585215116,-0.23865346527947348,1.2994384620258579,0.2988257320708866,4
XYZ,0.038183362132692134,0.13967412784150057,0.3542941572826881,0.05928027536919278,0.06605429515441208,0.061203529246983246,1.7570493707473174,0.28851737738142424,0.46572819929138753,0.5336103284266385,252,-0.21954966136241433,0.5033995563791845,0.916352048106002,-0.1500342611420281,0.4056426008177995,0.2911620565597087,4
AMCR,0.010888926188151071,0.2251067903773134,0.05886337706471778,0.0022396508807194238,-0.011643008465983318,0.15395781684690454,0.6506255570299098,0.07226751520616581,0.33051053215778,0.09762931001170595,252,-0.2303380409363606,1.0116528928410606,-0.1217698674851752,-0.19100153845047788,0.979825081241048,0.289673705442019,4
CASY,0.0781259335403528,0.028470672979648226,0.41849245447195815,0.6592234880969854,0.5482296369203055,0.08661805382348442,0.7657233616760262,0.5759307407498698,0.3279159058325414,1.6343542085560085,252,-0.2037619886520911,-0.1581685755508191,1.141940117184807,0.10420121444061059,0.5629676705014293,0.2894356875847873,4
ROST,0.18205037867078167,0.10461298810415243,0.3427873467464122,0.8644657053332825,0.5566586693011635,0.04705008999790734,1.0038962259960083,0.663597823338225,0.25999668095999634,2.3984837846225164,252,-0.16268488548876103,0.2948149152977567,0.8759179667707733,0.10864557081976643,0.3180277092064595,0.28694425532119894,4
MGM,-0.05435239153989213,0.15688314066304798,0.3279665980840074,0.22194787334033195,0.31132870120602063,0.04006997434926196,1.456453264405106,0.2536731171571974,0.3875697543560409,0.5513152529464583,252,-0.25612527834198756,0.6057788797451183,0.8238389519147067,-0.020708993196128386,0.27481827683965065,0.285520367392272,4
TMO,0.09826340615675688,0.22642586992069358,-0.004475907080139452,0.23368710702121231,0.12190505194478929,0.15977999841837265,0.9556369189772155,0.37317143408697473,0.325803004939223,1.0226162099061251,252,-0.19580246537463109,1.0195003197979409,-0.3443394282469872,-0.12058596197714488,1.015866484206693,0.2749277896811741,4
CTAS,0.1308099836921004,0.2125031990220667,0.07699279956545624,-0.06968612657622975,-0.18766815301507123,0.14632023214162895,0.9397099671544995,0.04102739936365796,0.23029128891348277,0.0044613036320446135,252,-0.18293812800574022,0.9366719994968914,-0.05806441742630693,-0.28381390868708795,0.9325456783800903,0.26888024475156935,4
A,0.06389158075400769,0.2164463100577918,0.043147501002264166,0.2207622934314859,0.15989428282292373,0.13411777856506799,1.1878872988207616,0.2873378380810361,0.3319700913962673,0.7450606078419062,252,-0.20938824893314534,0.9601302329226238,-0.17699429383340673,-0.10055546820707889,0.8570080914594694,0.26604006268169245,4
BNY,0.05677449540759105,0.1582020711243599,0.2971924159518111,0.547747880509579,0.5225729272637807,0.012620393777598035,1.1865404578187055,0.42930510859096815,0.21142995656397498,1.841295883127003,252,-0.2122013430865957,0.6136254197875989,0.7157007515475802,0.09067326056905148,0.10489547685871287,0.26253871313526955,4
BXP,0.02120601885710749,0.20492875325748794,0.1213266202208032,0.13011195475745763,0.13102284772438444,0.10304041152321805,1.0745372527261745,0.1381267611353567,0.288176135470259,0.34050967119546166,252,-0.22626011413697783,0.891610342544752,0.09772135002232459,-0.11577844291613032,0.6646279853227022,0.2623842241673341,4
HSIC,0.0055536660330759435,0.1755715312235009,0.1514308399156401,0.28470069034459256,0.27419827109713224,0.10225103155114305,0.7647747615608953,0.3190378580058356,0.2770775136968378,1.0070750754286857,252,-0.23244685211661925,0.7169592711027111,0.20350535192599878,-0.04028666907384764,0.6597414387048525,0.2614945081086191,4
SCHW,0.4790144319485514,0.14810928035496174,0.010235484802794126,0.08873975879691565,0.05722353292760829,0.19700223339908596,1.618133733024878,0.3270546052764123,1.5126886031532973,0.18976450584609972,252,-0.04530708244172875,0.5535817031282017,-0.2926446850274229,-0.1546904366865227,1.2462855382595763,0.26144500744642074,4
XLV,-0.15663820126196448,0.11569676823026831,0.03283991190622326,0.22671642581552742,0.20981425491672456,0.2354590037635015,0.2553775928806441,0.38696451566413537,0.611729937687951,0.5671857698766496,252,-0.29655469562514125,0.36075419498890243,-0.2132143997059695,-0.0742342801515904,1.4843468114176501,0.2522195261847703,4
STLD,4.00997817635595,0.056121481096262915,0.265939396438426,1.023008963717249,0.8176395039290301,-0.15820725074739023,1.6605419365527547,0.6837509200597198,1.60447035830912,0.4012233175427063,252,1.3503391662629753,0.006330751334204014,0.6058799520313412,0.24625233098002428,-0.9525892302773694,0.2512425940662351,4
BRO,0.02285712105887283,0.2460505572487548,-0.0017346974485757949,-0.2093692151758907,-0.25150029458448564,0.15349229488500254,0.6096409253222523,-0.22277810220618,0.316288452699749,-0.830817881472372,252,-0.22560750064079801,1.1362508987387183,-0.33470702030474003,-0.31747053411700804,0.9769433324648693,0.2470818352282083,4
RCL,0.09223765850756571,0.22503488066641886,0.007365129520990221,0.035528137309441155,-0.06857480603735011,0.14597137634999996,1.5672020691786501,0.08165589578405652,0.47149026757422,0.08834942871328563,252,-0.19818419815666685,1.0112250898275372,-0.3027309012347356,-0.22101983548392184,0.9303861352588975,0.2439352580422221,4
CAH,-0.028040499203917046,0.19209974171831878,0.08576762399425242,0.5117594293009402,0.5383989182462339,0.08484738883097408,0.6990502393249094,0.4215791770977805,0.30428028636187227,1.2540384448172195,252,-0.24572525826441277,0.8152883864596618,-0.027230333251742476,0.09901779417637983,0.5520066158299354,0.23867144098996435,4
LYV,-0.0358003794784616,0.13687206105598348,0.2369199548772054,0.21807723344201824,0.2542082527141152,0.07644341753296656,1.3632742007699727,0.22519416112517743,0.311205290893606,0.5950868013631911,252,-0.2487924230895173,0.486729587886384,0.5039077802735654,-0.05082675976346971,0.49998300365893494,0.23820023779317948,4
HMC,-0.27463645412545534,0.19971677685702893,-0.09673977046261983,-0.10842103886425047,-0.11260857435198124,0.24662908971515818,0.22725970838090945,0.15154167887318692,1.12908460215391,0.09878947836185462,252,-0.3431946021445663,0.8606034147905877,-0.6685478215761975,-0.24423741850707312,1.5534936705464408,0.2316234486218383,4
JBHT,-0.05744667698119499,0.08515869936481901,0.33411509095205094,0.8883064180618052,1.0093220253851491,-0.0011838173531737856,1.0046376979256801,0.6108111173498146,0.3876565974577104,1.4724658914442559,252,-0.2573483234314241,0.17907806633657572,0.8454443011930138,0.3473203300709783,0.01944243320491735,0.22678736147481224,4
FITB,0.4348715242512615,0.12248274513351065,0.04543445550017533,0.35681881747036925,0.40899239903462004,0.14604803121382737,1.4250674032770083,0.8302690243883729,1.3854682411058525,0.5703985128938042,252,-0.06275497712266956,0.4011251175360062,-0.16895810484020246,0.030785918538010826,0.9308606565019345,0.22621172212261592,4
SW,0.0008709104128361567,0.17918164279683846,0.12674354905200103,0.06744819615289366,0.06050231507991177,0.09590718212913171,0.30118421316398436,0.06933286424656371,0.4411337667935671,0.06649426195544517,252,-0.23429775481289866,0.7384364344929928,0.11675603737181187,-0.15296164081577185,0.6204707236703795,0.21768075998130273,4
CDW,0.1167804811970341,0.10143468173210746,0.19142262031540547,-0.12935235298278291,-0.18995979585490552,0.14546744782685972,1.0914681835891782,0.0609310005291136,0.42049388255479175,0.04977718201735365,252,-0.18848341930459456,0.2759066339690232,0.3440335109955282,-0.28502221789907933,0.9272666360221534,0.2147402287566062,4
F,0.08233536001027919,0.23251416678372072,0.06634360276150364,0.37064867846526917,0.3412211361225408,0.045519921978718784,1.2040779289318597,0.3190982128395261,0.3732933484431877,0.7476645753359913,252,-0.20209817370319616,1.0557206259683913,-0.09548490752375093,-0.004947678278007986,0.3085554175048438,0.21234905679365598,4
AJG,-0.017687356578626967,0.1955235793709471,0.000766372238912405,-0.12700860717302376,-0.11115885332953379,0.16079467167619615,0.6330926823470383,-0.14675406503541688,0.3059606900625364,-0.6103858145869836,252,-0.2416330823846188,0.8356573748395181,-0.3259184463684473,-0.24347302746157867,1.0221476774870424,0.20935609922238313,4
FDS,0.07429332385106968,0.18631214213680614,0.06688975288715193,-0.3217812671191166,-0.3445345408868723,0.1444881375492224,0.9340154842407036,-0.22961222095740141,0.4569095189873857,-0.5900779251763516,252,-0.20527686326502628,0.7808569791957706,-0.09356577636815484,-0.3665244856681919,0.9212043523383721,0.20733884124655394,4
CF,-0.18827821559007463,0.003831166908041528,0.30462654924522736,0.4342511949388823,0.3381896165537286,0.14077991877776652,0.41674941815607014,0.6809838732000719,0.95830556640468,0.6688721172776666,252,-0.3090607054577064,-0.3047531580507166,0.741823746211939,-0.006546100579099541,0.8982491412398783,0.20394258467285895,4
TER,-0.030751324111003675,0.036057784514492486,0.48527173585267125,2.3385068539869036,2.6529526240271872,-0.20020603964542055,1.6346277194328127,1.405879081311318,0.7531312271700387,1.813600382026034,252,-0.2467967370125203,-0.11303156779249836,1.376597573857398,1.213953628649777,-1.2125768751424668,0.2036292045119379,4
VRSN,0.1677651630464405,0.10206501191817408,0.23393318846201216,0.12755613690614975,-0.011396593200325378,0.0922830176492461,1.2433327407816603,0.16014672504402927,0.294494857099571,0.40797563063522946,252,-0.16833124977942457,0.27965657468995886,0.49341250395172737,-0.19087161164412994,0.598035838940325,0.20238041123169132,4
IFF,-0.049445355862147045,0.1312855866605318,0.1542676909169074,0.14899127327540018,0.22009903325111857,0.10342564012440307,0.8684029150478108,0.1839736888276805,0.35389283342362926,0.40682849504142415,252,-0.25418572686776125,0.45349470831843275,0.21347383656903265,-0.06881144890200694,0.6670126892483306,0.20219681167320552,4
ZBH,0.09831940498573566,0.16194549597898766,0.10930117768174052,0.05925423196144641,0.0009300591598278007,0.1062367171997646,0.757470580543249,0.07588474060563477,0.3282296231351949,0.10932815954535025,252,-0.1957803313168346,0.6358956864009251,0.0554648341803642,-0.18437216620660907,0.6844142698065686,0.19912445857288286,4
SPG,0.010373357719316578,0.14063809590648946,0.22092754849738339,0.4608145018587171,0.46689007188115506,0.029252570153112636,1.144340967330723,0.36598926453498326,0.19499995261647743,1.671740224348328,252,-0.23054182416710572,0.5091343651833456,0.44771164683857156,0.06131349039052079,0.2078546449278128,0.19909446463462904,4
IVZ,0.5748101247107604,0.11928142197482439,0.15061192454675454,0.4588584951282213,0.3505498116386052,0.06057318285663687,1.7300631409378848,0.7164531096676429,1.5340323181174513,0.44096405380675363,252,-0.007442944228074075,0.38207990545669285,0.20062774387572282,-2.8969146809281833e-05,0.4017405294063294,0.19539525307277233,4
SPCX,-0.07920812950007883,-0.011613253014541192,0.0019898546720744648,-0.001846164664173644,0.4977330395168509,0.2996730592568735,0.356019282558236,0.3997253307124494,0.8851977647127864,0.40637848970299517,252,-0.26594973986410486,-0.39663462027343965,-0.3216192195706531,0.07757599049374718,1.8818549656525787,0.19504547528762567,4
V,0.007428278256801146,0.11445996653195545,0.13827235704040963,0.06435193280698703,0.06106323968335148,0.13153069764260195,0.9145910370049171,0.09409529401686312,0.21944297060478984,0.24651185621382746,252,-0.23170589420620116,0.35339625282660925,0.1572674161271986,-0.1526658833993946,0.840993127843723,0.19345700383838701,4
ROK,0.002936144185298417,0.16472610127014242,0.12935421425111993,0.3641276566724525,0.421482521875169,0.05631884671811724,1.1883092664338015,0.3223605322362749,0.3027904263789535,0.9325279389213258,252,-0.23348145196306044,0.6524379768395558,0.125929721831762,0.037371556677080746,0.37540465491709946,0.19153249166048752,4
MRK,0.9841662440758605,0.12621653344621997,0.056675263033590495,0.5856113176489486,0.5558542930183819,0.06015391062013191,1.080446823201515,0.48813689677019945,1.591489331737567,0.2815833495289155,252,0.15435886789223163,0.42333805473413416,-0.12945873838701502,0.1082214492003335,0.399145083104511,0.19112094330883905,4
PFG,0.03752138477188849,0.14697357889902585,0.23512037564432897,0.5322781017702101,0.5448970547146725,-0.0015284280390184678,1.5864926119854974,0.33879719663843777,0.22702577650309388,1.3161377586318521,252,-0.21981131406893004,0.5468252233806338,0.4975841919219609,0.10244405154035865,0.017309168818993432,0.18887026431860335,4
WAB,0.12012279195971987,0.10980271316962309,0.27921544575549984,0.5367485821340263,0.40509383490200035,0.015408811591798565,1.1275141012960428,0.3207415911385285,0.27388761728302063,1.0250247671782304,252,-0.18716233990089465,0.32568946610248656,0.652531007613143,0.028730331658109343,0.12215678842114884,0.1883890507787986,4
BDX,0.06771888731691367,0.1384027402778254,0.06933797488361892,0.23400984977234152,0.14929543640324172,0.12993228823666392,0.6829693197561919,0.29366545143228484,0.27064498352673433,0.9372627126755068,252,-0.20787547043021595,0.49583585706332667,-0.08496290531020483,-0.10614389740851136,0.8310983973554462,0.18559039625396817,4
BMY,0.11354085699955796,0.15478794257877415,0.06506319647862435,0.41647508985846327,0.22670348535443674,0.10684492065062803,0.5879912297199779,0.45762461928999776,0.46968587996617694,0.8891572795845423,252,-0.1897639108886789,0.5933141925251184,-0.09998416052012768,-0.06532913473948578,0.6881792684395702,0.18528325096327927,4
TTWO,-0.034824913492739085,0.139239929644148,0.11715840763075192,0.10497016715886254,0.1715024096338036,0.10614956633377637,0.9429352201390158,0.08572329708256243,0.310759443013968,0.14713405532943777,252,-0.2484068610893781,0.5008164379799697,0.08307455920593523,-0.09443487807159143,0.6838747745260917,0.1849848065102054,4
LUV,-0.08019898068252485,0.19767382551556256,-0.018889717347380985,0.5224176044271165,0.7370675584966748,0.08153304380415524,1.1078477685524366,0.26802081913255504,0.45055801839648324,0.5060853648639334,252,-0.2663413830062911,0.8484495522664707,-0.3949884916741513,0.20376934794196008,0.5314896252118229,0.18447573014796223,4
CSX,0.017999612990413638,0.10717603180597335,0.3264561205451899,0.42017523130124657,0.4138665397839605,-0.008040497719101918,1.0798096036932046,0.3914200328669294,0.23071131321888216,1.523202429754832,252,-0.22752747586697686,0.3100628951017574,0.8185312455379448,0.03335589544086733,-0.023002890260446017,0.1822839339906293,4
INTC,1.0167361745876162,-0.19953988696128333,0.788100391611587,2.7912823457861506,3.975570016509905,-0.34280108012414234,1.2423153292001061,1.7589876123416017,1.4311722359666053,1.2011046393592226,252,0.16723243574217103,-1.5146419008430037,2.440715077051888,1.9113270375848463,-2.0952915846907882,0.18186821296902264,4
CVX,3.0730845145305024,0.05992784238793569,0.09574310405898467,0.3058787378715484,0.11875125098619099,-0.008457495618470597,1.1772874633765826,0.3019872021871619,1.5840224024928669,0.16539362181674808,252,0.9800232357658332,0.028975437439603752,0.007822766043127592,-0.12224885930338666,-0.02558425759543696,0.1737976644699482,4
AMGN,0.009755429522990244,0.15412321642177096,0.1211258794404908,0.3187254378432629,0.27140391404795006,0.06876695911141564,0.8755447506718927,0.31812704155017424,0.27493011486095964,1.0116281429949259,252,-0.23078606603181975,0.5893596243646244,0.09701596176440026,-0.04176004324255712,0.45246295847931156,0.17325848706679187,4
EOG,0.1258963247116509,0.05969581408325997,0.3233566583701939,0.2601308155998372,0.13980795780946043,0.045197322462169856,0.994404256655077,0.25948544322660794,0.26921602104015785,0.8152763062859033,252,-0.18488029740193984,0.02759506187240667,0.8076399646496254,-0.1111463382706598,0.3065584101924232,0.1691533602083711,4
D,-0.005313507334198331,0.1255322967146446,0.12493447341930763,0.17233875979313273,0.18284033047694548,0.09812371350824164,0.6566070936681024,0.4950200915981277,0.8320710540936664,0.5468524465062163,252,-0.2367422034263239,0.4192674148707545,0.11039907937347684,-0.08845675881083087,0.6341918520206163,0.16773187680553855,4
MTB,0.034766378541625675,0.15003083168597153,0.1312244956246491,0.3488651749825995,0.33547742133575786,0.04515744154487264,0.9552939598776022,0.2506220712379661,0.21953352148011784,0.9594073370569113,252,-0.2209002558957937,0.5650133364892607,0.132501752277439,-0.007976153469378883,0.3063115329363114,0.1549900424675677,4
FRT,0.013148150563079275,0.07898941927323322,0.24324964127413518,0.3956997755979579,0.3881415658358862,0.04176902369385106,0.8017701609861069,0.3273357329616683,0.17199644428313823,1.6705911227365846,252,-0.22944506149729246,0.14237597726377055,0.5261498302137376,0.019791948014424562,0.2853360048313267,0.1488417397651934,4
KVUE,-0.028744311498599906,0.11830605286782125,0.1330992129069657,-0.05990123261855895,-0.05189127160953688,0.10611587692286525,0.49931124763496615,-0.02632241479782882,0.3270589082937321,-0.20278430923601254,252,-0.2460034466174997,0.3762772699282921,0.13908937017857467,-0.21222314693049976,0.6836662249266987,0.1481612542971132,4
ABT,0.12727030805150497,0.20211924042800522,-0.009915300836564334,-0.1342571598430835,-0.23680191483128987,0.11233807685119085,0.7006365345730511,-0.02060782277211215,0.2671729547247204,-0.22684864504552474,252,-0.18433721771241107,0.8748960762789845,-0.36345305568251807,-0.3097205534706268,0.7221838857376517,0.14791382703021605,4
AAPL,-0.006852834140925745,0.09515745959788369,0.1834610933850429,0.48254090134627314,0.5510445041566856,0.0441500849591876,1.173404362129059,0.4097082837241013,0.2549560366168469,1.4500864095236403,252,-0.23735063665839615,0.23856237945636344,0.31605729408989386,0.10568540296821587,0.3000756324943374,0.14460601447008287,4
MRSH,0.07905095807675067,0.1593076989277813,0.028986820983288197,-0.01856303930350023,-0.10348118936109307,0.11911537900236618,0.828060045280604,0.024234220683489238,0.2592137768831797,-0.060821533122508195,252,-0.20339636410377104,0.6202029862978125,-0.22675387628628088,-0.23942484336483172,0.7641378294359156,0.1429531463957689,4
CMG,0.04987282905025148,0.1265918524866494,-0.044121435547071486,-0.1335121769172567,-0.20084667976451154,0.20142205397859617,0.8968156556939552,-0.20115756093093984,0.414212399946999,-0.5822074881432748,252,-0.21492929088178014,0.4255708910858745,-0.4836508836286853,-0.2907625199606383,1.2736458210997095,0.14197480354289604,4
USB,0.02419567388731858,0.1325876227579652,0.14815703598917485,0.46227116510733124,0.4869010047872764,0.029299800029272037,0.9513635416974207,0.3417632356185115,0.2260284687303389,1.33506738028884,252,-0.22507842519031449,0.4612407409372443,0.19200144701499214,0.07186460863229541,0.20814701488876014,0.14163507725659552,4
PSA,-0.012619838239438352,0.08938359235655247,0.20151885774399236,0.2465503528277353,0.2099589505499948,0.0661169039883893,0.7578772694576504,0.27312478831002385,0.23763959252525704,0.981001464582324,252,-0.23963009864638793,0.20421266820319534,0.37951094273738983,-0.07415798682019677,0.4360581618583639,0.14119873746647288,4
KMB,0.904731118995461,0.12043350431871547,0.07839082918226259,-0.13788476062232224,-0.10829650522014878,0.07099247251134112,0.9932274829294926,-0.09656823816489157,1.5900780412097002,-0.08588775810084966,252,0.12296139616530097,0.3889338378729511,-0.05315184473235333,-0.2419638038040448,0.46623968877663396,0.1366038548556976,4
MA,0.06385980693167159,0.15818700852779255,0.06687484363709695,0.017609024535629736,-0.0435187944753368,0.08909758232637716,1.0414903494237404,0.09609330547879047,0.22083315755798308,0.25400762321691805,252,-0.20940080783183712,0.6135358098569951,-0.09361816637036005,-0.20780861030524944,0.5783168458647502,0.13620501424285975,4
WELL,-0.012284986556286626,0.07858552617415238,0.24647532651062498,0.4342126431009772,0.42124802126433103,0.025209126313547776,0.739938188785426,0.40295385783835336,0.2254221311891908,1.6101074722505213,252,-0.23949774540537735,0.1399731490118041,0.537484649606383,0.037247912083181636,0.18282426980092298,0.13160644701938287,4
PNC,0.011123863928628852,0.14297175674165175,0.13839312981337826,0.3586240184541716,0.39575381731978965,0.02135491820036798,1.1414627396019623,0.2554434402346648,0.21757078810478167,0.9902222725364568,252,-0.23024517961013022,0.5230177075776488,0.15769180272067726,0.023805642221965496,0.15896533204444493,0.12664706099092124,4
TRGP,0.031419213725551565,0.05007793515664738,0.3352315966316981,0.6314215644354542,0.6445652591958606,-0.02469346118395206,1.339854314981287,0.5000237437660264,0.2807164278858869,1.6387489226424226,252,-0.22222325390922537,-0.02962332403577059,0.8493676195895213,0.15499587485413827,-0.1260907379067849,0.12528523571837574,4
ALLE,0.13913783826877757,0.1868045290867293,-0.024071411447903923,-0.027188827108740043,-0.14461116250712847,0.10709129593254053,1.0187051960733948,0.2130149812045783,0.2612827103234065,0.6621753922807463,252,-0.17964646605704226,0.7837862723103779,-0.41319658157485006,-0.26111134903554356,0.6897044202588983,0.12390725918036807,4
COO,-0.005390753543607185,0.18345096743804779,-0.09314321034020179,0.04399491445667136,0.024551965519056695,0.14295130192167077,0.875363474597063,0.16756061137643896,0.3121743731024397,0.4086197406555857,252,-0.23677273570878046,0.7638353677455287,-0.6559097752593285,-0.17191709835636856,0.9116907857371537,0.12218530883164098,4
AMZN,0.1753410119619927,0.06322221291908492,0.19189301121326507,0.2183161781944467,0.13694995884567818,0.07289104865494458,1.216647457828016,0.3737268110452068,0.34942042640662313,0.9550867259741892,252,-0.1653368250599721,0.0485742040506337,0.34568642982681036,-0.1126532687642657,0.47799255958847947,0.11885261992833715,4
IEX,0.038235684787844004,0.08503184877279724,0.17454487632590854,0.4376068714424921,0.43160291583453714,0.044170141263862275,0.9581046398434397,0.2891013621713674,0.2592256462580827,0.9609441263514658,252,-0.2195289803465017,0.17832341074334512,0.2847263666678219,0.04270771335801043,0.30019978825106,0.11728565973474714,4
EXPD,-0.001074225259309225,0.1427876295550261,0.04804175096166996,0.45508592014521576,0.46037078947770094,0.05967393901937689,0.9509245991182688,0.4241645210013093,0.3066327532987702,1.2528489434623293,252,-0.2350665877719884,0.5219223038508061,-0.15979626138908348,0.057876083458367034,0.3961738858543855,0.11622188480049736,4
DASH,0.05536172692528285,0.15241130351401666,-0.009676452813934922,-0.19024975268871758,-0.24115159217948834,0.13844735061197996,1.694938908054989,0.04085732048898494,0.474118644299127,0.0018082404041551339,252,-0.21275975296427985,0.5791751653852085,-0.36261376139299184,-0.31201399777078587,0.8838097033460255,0.1151194713206353,4
PKG,0.03690179956984574,0.14016341786072783,0.1237229566577589,0.30626416581649574,0.2654874008400774,0.028071268497866522,0.9548355189642527,0.25054455269285025,0.28361168958811633,0.7423690927500907,252,-0.2200562108805593,0.5063104253301025,0.1061418990609114,-0.04487962945716033,0.2005419617938217,0.10961168916942321,4
IRM,0.06486854076959214,-0.012399136940879907,0.37454745754990015,0.32509157308801795,0.27850189703096295,0.02695769902202504,0.7960002032411229,0.33971260568165285,0.3292378377971959,0.9103224820297539,252,-0.20900209640381265,-0.40130997646365524,0.987520647582769,-0.03801750619627259,0.19364856526944563,0.10656792675769484,4
AON,-0.0007272960730195788,0.14667266222290154,0.024317356151852376,0.008951124349177109,0.012424488406601153,0.09376854027312695,0.7532849957651352,0.07459086915568003,0.25734735907387113,0.13441314991598874,252,-0.2349294607855734,0.5450350192584915,-0.2431620304130083,-0.17831152512238863,0.6072317595492337,0.09917275249735098,4
HON,3.3447422309951156,0.08173269376559067,-0.01103612856090963,0.15920234151622537,0.09676024320019838,-0.04723203075781026,1.3311691955733087,0.17248647600564504,1.5888387750523083,0.08338572678734081,252,1.087398473904721,0.15869618047629433,-0.3673915614244944,-0.13384400704059268,-0.26561260927223157,0.09584929532873934,4
FIX,0.002331554820876436,-0.06479635823651253,0.529595524480073,1.4872381085251116,1.5845703012791938,-0.1283892221354313,1.1406301722913623,1.1154234478199125,0.58932684880628,1.8248336216112553,252,-0.23372042153044803,-0.7130298942839969,1.532348089501664,0.6506301560450785,-0.7680048830438028,0.09364460933769891,4
MTD,0.09464775397743308,0.13037960037330065,0.042985952722510046,0.16097363755128358,0.08213131957028086,0.08152322522216496,0.8996246986811733,0.2737383074496128,0.3281441538981229,0.7123037380765901,252,-0.19723158551461745,0.44810484290155056,-0.1775619625425205,-0.14155736571773536,0.531428844649465,0.09263655475522846,4
AFL,0.8861785552220665,0.12581739060690778,0.09556981235186157,0.23190342117469176,0.16758324355380516,-0.0033957705497877234,1.403709841950126,0.24513503732035258,1.5766809239936186,0.13010561249181626,252,0.11562832284354743,0.42096348657970906,0.007213831798625478,-0.0965013276925667,0.005749645454876974,0.09061079179683844,4
BIIB,-0.0709328251777086,0.07339888755872748,0.11618207775527423,0.5686718225479126,0.5798409362270489,0.060418129958215945,1.0280205304614671,0.4888303008155419,0.35543891957416185,1.2627494517293403,252,-0.26267884889200166,0.10911696001960615,0.0796438082197584,0.12086883100433163,0.4007806960647577,0.08954628928329043,4
UNP,0.024517319495958922,0.09144025186862104,0.24283872568777642,0.332324572066204,0.31725915223156,-0.012804770448512226,0.9654665640552719,0.28511378310113034,0.22722822712350288,1.0787118581350648,252,-0.22495129177303647,0.2164480829491272,0.5247059032290738,-0.017582058020688452,-0.052495456091849926,0.08922503605852523,4
XBI,1.8222714366042454,0.06808708577750067,0.17165336737834314,0.647676563074508,0.7814953998061778,-0.10470108138045801,1.4108311034884187,0.4381056630203882,1.5900540022695528,0.25037241656708187,252,0.48562773742532417,0.0775161542177157,0.2745658180432645,0.22719471292032,-0.6213667516188449,0.0887075341975559,4
EBAY,-0.0519853168032437,0.049023039192010565,0.2007978891255735,0.2018290448994855,0.25495375128641795,0.0600788730108399,1.120317845348782,0.4963641975005628,0.39341545783930437,1.160005760848804,252,-0.25518967004472326,-0.03589907826995565,0.376977512325427,-0.050433682458061596,0.3986805732501078,0.08682713096055886,4
GLW,-0.2607347899239417,-0.07934429363871931,0.41380058174723033,1.3255896830034235,2.173721708464086,-0.09113479388119713,1.2608799473600756,1.1430703652488123,0.6827662860993853,1.6155899723031235,252,-0.3376998401198004,-0.7995780187054253,1.1254532233780385,0.9612706538508641,-0.537386541021366,0.08241189547646219,4
APH,-0.020323235282392882,0.13484365141797028,0.12303885232164369,0.5242145443331601,0.6100759685992725,-0.014559314790460316,1.1011618952614866,0.44578176297126504,0.43935182240906034,0.9235918511644644,252,-0.24267493794906017,0.4746622364117712,0.10373800701097613,0.13681078648935693,-0.0633567181244763,0.08183587476771356,4
SCHD,-0.6848242386273953,0.06431604359634102,0.07979889694706865,0.26765464029370145,0.22297759033335907,0.14531928805200825,-0.7948836644203089,0.24955485736611768,1.5720148110492442,0.13330336068923543,252,-0.5053251376425186,0.05508158746510612,-0.04820399872861541,-0.06729367877690065,0.9263494736006156,0.0721216491835374,4
CFG,0.088878464886462,0.10649756484815387,0.07355752898839008,0.5100627099774933,0.5285860122957433,0.030756326795238494,0.9183286839649226,0.5751487188623168,0.5731764625845088,0.9336543870787694,252,-0.19951195066712288,0.30602658059679466,-0.07013570420761912,0.09384376598565178,0.21716344068346574,0.06947722647823404,4
KIM,0.0025671617235802913,0.09764328008435386,0.23101898827257505,0.25186485667900116,0.2645304001029847,-0.02280851138335031,1.1396498559021042,0.2158789204204976,0.18683536631417053,0.9413577519619639,252,-0.23362729571162635,0.2533509453115377,0.48317221998117243,-0.045384225019091465,-0.11442221907074851,0.06861788509824876,4
KDP,-0.0702702764624582,0.0718640857863384,0.14635307318374013,-0.019840612560216186,-0.015041813320382125,0.07784301715422202,0.5314024001283267,-0.004082119476220614,0.29236193226674106,-0.1507792725764365,252,-0.2624169703523288,0.09998616509328219,0.18566245511356805,-0.19279361841335205,0.5086470299042574,0.06781701226908535,4
BF.B,0.11227253686008476,0.12458081485031403,0.08728318913623001,0.011184947336501994,-0.06235455868184392,0.052838132382821194,0.6926536273998039,0.20566227529030878,0.39356666030854587,0.42092558134988856,252,-0.19026522621586572,0.41360688858285766,-0.02190474941368683,-0.21774010006884006,0.35385777829932535,0.06751091823675807,4
KO,0.060856235979791284,0.10122049187374138,0.11159849675475697,0.28174164584882977,0.22010156018399152,0.035060737935143,0.7935944237590263,0.5792376485096078,0.947695028593593,0.56899913183026,252,-0.21058799717592191,0.2746323823313054,0.06353744352406357,-0.06881011653196419,0.24380929748452565,0.060516201926401704,4
INVH,-0.001965324989896322,0.07891876975182788,0.1656225351454963,0.0381294031806485,0.033248147993509836,0.04483543150711185,0.8430283699992827,0.05112151547437993,0.2139761856980775,0.05197548240285252,252,-0.23541880322539982,0.1419556713303268,0.2533739195364374,-0.16733188236616672,0.30431817471011086,0.0593794159970617,4
EIX,-0.03781322425663991,0.041772423050872254,0.18301385810946869,0.4564441724780437,0.4688128586675038,0.03419975027473373,0.6729979920428201,0.4726273980397907,0.2502103158407478,1.7290550015337758,252,-0.24958801870228417,-0.07903421810705354,0.3144857424030435,0.06232731372557786,0.23847947345957113,0.05733405855577095,4
SYY,-0.029588613486409288,0.1190495846597388,-0.004289460019163305,0.063513031472054,0.08437453713543963,0.09769561576494265,0.7970435639747259,0.16266795579549875,0.27216871834588796,0.4507055643316258,252,-0.2463371648279816,0.38070066611882,-0.34368426706183886,-0.14037458958815394,0.6315417726499326,0.05636928345815564,4
SHEL,0.22958301307800277,0.056281284853833435,0.23480198121476814,0.3048964104870715,0.11820376705561197,0.0011227210942185394,0.8776811634864204,0.5610250764963586,0.7779155082916218,0.669770779657781,252,-0.14389716981012726,0.00728145087409386,0.4964653774406622,-0.1225375298873175,0.03372073775756249,0.05420657327497476,4
XLE,-0.0848241372944395,0.04131559895977266,0.1219304981954723,0.4204355789636287,0.2806336914425267,0.08277037884469453,0.39924299706116506,0.6368659167133783,0.7660980755205634,0.7790985720827037,252,-0.2681695191590099,-0.08175194176901014,0.09984333257060299,-0.03689347989479601,0.5391491752021789,0.05043551338999316,4
SYF,0.4700735906603857,0.03339989468085536,0.03745468484481007,0.0794217705289777,0.09101698454647078,0.11713895866485734,1.4835582571033097,0.605817296186705,1.2109103272243036,0.4672660588201388,252,-0.04884103308731571,-0.12884380325136505,-0.1969984288464353,-0.13687224172774407,0.7519030749990678,0.048069513617241544,4
CINF,-0.07751390200206942,0.09914114678878239,0.11360056709396948,0.22780265008130796,0.325924854828219,0.024405838067099932,0.9070791663872764,0.22979170119236847,0.21607038071092785,0.8783790752249536,252,-0.2652800806936321,0.2622620072813297,0.07057257064980897,-0.013012913085050133,0.17785162595043366,0.04647864202057801,4
NTRS,0.02033992259428108,0.09999011140375091,0.21756468040724486,0.4167523499095771,0.4579853719909195,-0.054048489972841875,1.115277440432997,0.3419958117849462,0.24812506017490024,1.217111288847943,252,-0.22660244673728996,0.2673126411406566,0.4358947770424071,0.05661832990549151,-0.307808949312841,0.04508287040768486,4
FANG,2.7181234076731458,0.02333385319867798,0.2030507325872699,0.4364468986189858,0.2618755842879128,-0.1292146210645628,1.766705924471427,0.3848858999406267,1.5981938392806478,0.21579729033110337,252,0.8397215580705607,-0.18872838388392657,0.3848938376597669,-0.046784023604513135,-0.7731143999915435,0.043197717650068856,4
GM,0.149736805966026,0.15572666936028456,0.04496134314792255,0.6531577347072852,0.4955690420533181,-0.02401562189274069,1.2611105420884667,0.5341609735205786,0.35701280368678684,1.3841547653683426,252,-0.17545712553202658,0.5988988366713639,-0.17062058666098,0.07643498456365132,-0.12189466831661311,0.041472288145079104,4
RF,0.17877624100344414,0.11709503210402916,0.028652022193613735,0.2462604153609944,0.23830647467230048,0.04209001882367401,1.144358339112622,0.4598150451034625,0.6997397032482539,0.599958874928268,252,-0.1639790188426931,0.36907270289909605,-0.22793033447597266,-0.059211253438040866,0.28732308041149296,0.04105503531077648,4
VZ,-0.12115065553662441,0.01629673367728013,0.05675393995137212,0.16421110262329686,-0.0011203321680786082,0.1611008602613709,0.0784654878620892,0.6031701298074994,1.0873143210235794,0.517946024363351,252,-0.2825279132358421,-0.2305933962769578,-0.1291822735158191,-0.18545327129272088,1.0240430952177164,0.03925724817927532,4
IBKR,-0.046972526327801134,0.08287549516476944,0.16482037364894797,0.333749721904264,0.5159850401678889,-0.014779045575255684,1.0112251370734846,0.33104330805333837,0.3904193433125915,0.7454633409910556,252,-0.253208318003464,0.1654948989851835,0.250555183354663,0.08719968059962625,-0.06471693090065915,0.03706490280706991,4
ROP,0.0820313684582088,0.10009447604653876,0.0642469995488788,-0.27952903491546277,-0.32387454633963064,0.08751182459298208,0.9743225416623611,-0.16710465093519034,0.2853830751127137,-0.7257075453875222,252,-0.20221832919047836,0.26793352402468634,-0.10285221617628489,-0.35563113819833536,0.5685004337907502,0.035146454850067586,4
SMG,0.23043513132873428,0.08204482917293521,0.03490509604281633,0.12451646105497405,0.1276277789876179,0.07267180041587172,1.0089998506025664,0.47097838742068354,1.0770531211374768,0.40014589713599913,252,-0.1435603621490546,0.16055312672497582,-0.20595749536327806,-0.11756855294491454,0.4766353339442884,0.0340204100424034,4
ITW,0.047477567186555936,0.12514266118076978,0.10716537296361062,0.14439590840182848,0.11450940290837375,8.249006748938838e-05,0.9824853883644791,0.18247371612803664,0.2163311867924415,0.6585907387672806,252,-0.2158760404030764,0.4169494072818774,0.047959774336302545,-0.1244854487139185,0.027281332673488805,0.030365805034934773,4
FSLR,0.047980556374690675,0.1116385326971312,0.04356596648682287,0.3469066959040197,0.26683696261434964,0.03473081504109654,1.2685422998788396,0.307536428541733,0.5468775153044606,0.4892072192669847,252,-0.21567722924998226,0.3366110664869616,-0.17552383706475735,-0.044168049146450776,0.24176695582513943,0.028601781370182128,4
ABNB,0.016350049937112532,0.06850911746552879,0.17001631913221282,0.14315385021380278,0.15333533017422463,0.014533213863250585,1.51530464843255,0.16049510103112585,0.30523536774304894,0.39476126872872797,252,-0.22817948100041613,0.08002689199839783,0.26881335156047587,-0.10401379197755416,0.11673652280713029,0.026676698677606737,4
WRB,0.0006949861711935679,0.09642220873344476,0.06259511303868548,0.07728058960667816,0.0524773217450496,0.0575419213899621,0.6917508115885692,0.11720608187312087,0.22375332858853642,0.3450499814243942,252,-0.2343672905050432,0.24608658564233737,-0.10865682322175214,-0.15719296046302741,0.3829759280840267,0.025769087907308263,4
ESS,-0.045687577443485505,0.09061591353118703,0.1526302042599521,0.137867752886063,0.20707644670559655,0.0010120228837238688,0.8678984789827243,0.07693780807368045,0.21569138198595922,0.17125305486746323,252,-0.25270043001027437,0.21154395497349918,0.207719829543024,-0.07567783794544403,0.033035475925199516,0.02478419849720086,3
TROW,-0.04934631761216879,0.10280715436112642,0.09529603283853327,0.16900261738961553,0.21629284141184502,0.020670466910037783,1.3663086971700087,0.15752697036491692,0.25260548561151186,0.4652589791563929,252,-0.25414658107866067,0.284071705408873,0.006251790833847546,-0.07081833085675919,0.15472833179594087,0.02401738322064831,3
XOM,1.5218178052487588,0.04866640706290304,0.053106407668110256,0.4882829416918768,0.3098992722897387,-0.012967811778913367,1.1229407102002,0.4238257212339964,1.5871097238205958,0.2418394364757754,252,0.366870646199125,-0.03802074303057832,-0.14199943223667652,-0.021462684869807878,-0.05350474070740353,0.022376609070931752,3
ANET,0.13657097377660987,0.05292414331881945,0.28291229921435646,0.475734414352029,0.4738453621593841,-0.07496498485251239,1.1760105562284082,0.47326038910849555,0.5564418309683198,0.7786265607575478,252,-0.18066104311269776,-0.012690751039083568,0.6655214772979082,0.06498079018487528,-0.43728959352383245,0.019972175961433948,3
KLAC,-0.24086181224920244,0.03717413455609475,0.2554860730933599,1.0473418607651626,1.6483546385338599,-0.12058596955693432,1.4752411316682408,0.7369921800664531,0.5895278163910675,1.1822888771105895,252,-0.3298448609271446,-0.10639021287667959,0.5691477467842526,0.6842615758046912,-0.7196999363203016,0.019494862492963595,3
SNA,-0.003809865170644522,0.08657367461365095,0.13614881240399535,0.31335178728025004,0.3374270069373322,-0.003980406908681701,1.002603467586645,0.19910721895319594,0.2060261697370699,0.7722670336309615,252,-0.23614787488123987,0.18749599303912157,0.14980543730369456,-0.006948199985092324,0.002130535617676895,0.019267178218832164,3
RJF,0.08502398573519954,0.1339252338372663,0.07188088145852434,0.07042554750983476,0.03467196185340393,0.00584676929739132,1.3504751405801128,0.1282897149081551,0.2537789562604873,0.34790006314602206,252,-0.2010354693882342,0.4691984151307433,-0.07602731964522261,-0.16658115133026263,0.06296429926963473,0.017703754807331717,3
AMP,0.11648542513644977,0.17325834304934262,0.04280144305377709,0.06801189690628995,0.025436748015045252,-0.01710341940499227,1.55784544670162,0.04737228806173022,0.2552314782057323,0.028884713255422585,252,-0.18860004295579016,0.7031977240259445,-0.17821031587458977,-0.17145058113914416,-0.079105642900105,0.01716622823126308,3
HOOD,-0.19045507479249613,0.2389356176909141,-0.08262968378891,-0.1144104858454561,0.17667668925216895,-0.003954113060004365,2.118678886151941,0.12909220949590205,0.7060696208321394,0.12618048825114767,252,-0.30992112929656057,1.0939229218073985,-0.6189660203973839,-0.0917066476424805,0.002293304020562447,0.015124485698307188,3
BKNG,0.046597346214123814,0.14157631056736886,-0.029920209199307157,-0.11522829416677371,-0.15265938512574995,0.06778099267380831,1.2389726929830156,-0.07253670976222837,0.34924898396561294,-0.3222248737402447,252,-0.21622395592618304,0.5147159626374751,-0.433748824374711,-0.2653549167334405,0.44635947076560795,0.009149547273749692,3
ADM,0.0173850640520401,0.04937396747084177,0.17713299602648647,0.48737449279113587,0.49275422893453613,-0.01473836649333192,0.8710042577192761,0.38769229476810807,0.2708154072010704,1.2838719124645648,252,-0.22777038204856678,-0.033811346677837494,0.2938208279130615,0.07495082457050668,-0.06446511271775125,0.008544962207882534,3
MS,-0.017948972274331898,0.1047492603925646,0.15546595942352814,0.499905524003311,0.6240664837049896,-0.06470123649268358,1.6522720329418847,0.40812842681712835,0.27209914756700193,1.3529201767399146,252,-0.2417364884206879,0.2956256221538581,0.21768446349344425,0.1441875329827001,-0.37375329084523207,0.008401567872816495,3
BRK.B,0.023612315486324587,0.08010980141987933,0.07288323869464208,0.07466388349773512,0.0760786503454407,0.04885454800771142,0.671504660542448,0.12511723655794516,0.14682287643476538,0.5797273464790308,252,-0.22530900302201473,0.1490413198533978,-0.07250511043839082,-0.1447487426000247,0.32919795483820735,0.007135283726234976,3
ARES,0.15171080196291453,0.14278396584070974,-0.07902237813127777,-0.24752436490907292,-0.30903597452029097,0.09884154082690286,1.1699599413516297,-0.18368321000965426,0.4282084817159877,-0.5223698725286197,252,-0.17467688526125655,0.5219005077956456,-0.6062902150643678,-0.34780723880596737,0.6386354619173604,0.006352326116282869,3
TPR,0.06702026791600879,0.0810874090410445,0.21919581222549334,0.44272025394652625,0.3861731639008017,-0.06935071887617972,1.3414276780397072,0.42343066500108795,0.40875166289860737,0.9380528565487442,252,-0.2081516062437568,0.154857272680567,0.44162645363511854,0.018754073285552647,-0.40253526305071174,0.0009101860613539347,3
GOOG,0.052529682625063634,-0.02114806610463915,0.1088527174410483,0.9493962009739843,0.9265174089634376,0.046022668402615936,0.8814437259244796,0.8043692717602843,0.3155141552295342,2.422614830717219,252,-0.21387914480454634,-0.4533588334928416,0.05388897805667118,0.30366013177192686,0.3116675991210975,0.0003957461304615051,3
GS,-0.009843278935326882,0.09926863887747928,0.09123195513903126,0.4252560415937765,0.5171634221738981,-0.02476186145880662,1.3058003329448948,0.3637583741738677,0.3108283387130058,1.0415986377381132,252,-0.23853263776669836,0.26302047924661026,-0.008029077677570278,0.0878210033504301,-0.12651416026809964,-0.004446878623065587,3
PCAR,0.10761506786905084,0.14378985642210673,0.0830430902033259,0.37413722814087524,0.3380655234936718,-0.056149544423355964,1.1569594864015353,0.3248670201455166,0.2775027381956783,1.0265376911151252,252,-0.192106134136852,0.5278847207293849,-0.03680414352311205,-0.006611530839436991,-0.32081523384282434,-0.005690464322568112,3
VTR,-0.007728019496682559,0.0491107236967836,0.1965341168983552,0.4015646935728827,0.4010739889172079,-0.029482853547294526,1.035839197508658,0.3560966780531285,0.2150064899885213,1.4701727285999795,252,-0.2376965618071938,-0.03537742834375535,0.3619949320103408,0.026610796776939782,-0.15573880332846873,-0.008041412938427472,3
BALL,0.02429406736638695,0.0625860373617293,0.14934306989279333,0.15051422297954287,0.11777250537974027,0.005462685964984691,0.8429368209436541,0.20209219613687812,0.26941763022786525,0.601639157763304,252,-0.22503953425291068,0.04478948822879041,0.19616908244916081,-0.12276492023221623,0.0605866849706419,-0.009251839767306754,3
ENPH,-0.245403596192589,0.07430167329887682,-0.22771084992605384,0.193668455225259,0.2787026131442598,0.20695243829061424,0.287598411661047,0.7581027059518468,1.3428149613172453,0.5347741324295479,252,-0.33164004325747987,0.11448778484142141,-1.1287705099477663,-0.037911675076136415,1.3078808938293398,-0.01519070992212428,3
EG,0.0019119198691495143,0.05859161386730949,0.1368722259879671,0.12156946803088808,0.1393242744950145,0.010744318268691499,0.8119643387195503,0.09865909359442548,0.24421082149139198,0.24019858430595026,252,-0.2338862861466256,0.02102598832113466,0.15234745914381348,-0.11140136885150449,0.09328189308766811,-0.015726462889102764,3
XLF,0.05593613587575552,0.10435658202966502,0.060525778530432284,0.09291344417456515,0.08675600751178503,0.00706712473185523,1.0535774885801141,0.2915752728388641,0.6417478115292641,0.3920157861378108,252,-0.2125327124861046,0.2932895122612695,-0.11592831166355148,-0.13911891721905525,0.07051873937682254,-0.020754337946123864,3
COF,0.05401717089903668,0.13140559201172675,-0.004435914380360062,0.020386877380805357,0.009979051410242246,0.022353010427166108,1.5913595977925827,0.08157284137469278,0.3219040010362532,0.12914670597713632,252,-0.21329120123450804,0.45420864041802683,-0.34419889685728566,-0.1796009250230549,0.16514388276488193,-0.023547699986387966,3
ERIE,-0.05204125980004903,0.1432745427723392,-0.12660270411922514,-0.2995262312371578,-0.2556427222179771,0.10919451313634732,0.6253178288661473,-0.19569463127017728,0.36238809770959174,-0.6503928599196344,252,-0.2552117820343341,0.5248190328057655,-0.7734839621838023,-0.3196547023401494,0.7027240930114886,-0.024161464148206368,3
FCX,0.03348486159874864,0.11426299176466559,0.04848621438810241,0.5788952233995348,0.5365093831487064,-0.03615676984641045,1.4078778690367844,0.375144661583103,0.5014107908696472,0.6684033684273685,252,-0.22140678738222166,0.3522244166728208,-0.15823444977514858,0.09802150338226617,-0.19705275132936714,-0.025289613686330085,3
NDSN,0.03333560339214037,0.06253599919945341,0.09946193003178272,0.4191693895749202,0.42182199880582116,-0.0061829870283297,1.0654465361720846,0.38995743892351464,0.21492388113699062,1.6282854984386534,252,-0.22146578307609452,0.044491802751453445,0.02089044551709088,0.037550551891970006,-0.011504229406721788,-0.026007442464460396,3
APA,0.1506564046568184,-0.07213462354906974,0.41932872664296483,0.9836484859362429,0.8070062396160551,-0.09981231538171137,1.141726823543786,0.7700359377505133,0.4557298700583521,1.6019049566732124,252,-0.17509364559962823,-0.7566864738432045,1.1448787157542604,0.24064575433571792,-0.5911035275673934,-0.02747183538404958,3
HII,4.350838096253054,0.026382888602053844,-0.17290076008411726,0.24158640890587035,0.12325466682922293,-0.0723880989451958,1.4896456843166848,0.2863381387447905,1.611957755632865,0.15281922735504727,252,1.4850672187080507,-0.1705891573778283,-0.936171907261699,-0.11987435366316357,-0.42133774072741237,-0.03258118806441048,3
ELV,-0.09646085492156087,0.017270478106907294,0.1032955903010897,0.361846883898824,0.5173095202900457,0.02985330859407103,0.7612836735451818,0.31890411476136293,0.3731099420632487,0.7475118814016588,252,-0.272769039992168,-0.2248004262286263,0.03436164421738349,0.08789803616572191,0.21157343245818436,-0.03274727067590093,3
DVY,1.5719600733057781,0.05839025939904463,0.05627434668725528,0.20736919658959274,0.1881906367752164,-0.06182125091467829,1.332559346005594,0.1999577702114541,1.5721173392232421,0.10174671204280888,252,0.38668984384060906,0.019828096586644688,-0.13086752878164573,-0.08563571520193948,-0.3559251418124356,-0.03318208907375342,3
PWR,0.008482873926523915,-0.09179051612487743,0.42050559951260813,0.6609290469208817,0.7071486176210477,-0.06966002620866715,1.3009569291770575,0.5066417201071839,0.4277685202726963,1.0908743818028184,252,-0.2312890554627618,-0.8736226980724642,1.1490141599924675,0.18799405728817756,-0.40444998695163564,-0.03447070464124331,3
DHR,0.0011625450794585657,0.13372081349533027,-0.09089273557449151,0.012487319174468547,-0.010358684806258789,0.06393711561136833,0.9586767041254464,0.1319362045435487,0.31617792095088587,0.2907736386748833,252,-0.2341824834994765,0.4679822839960487,-0.6480017733475268,-0.19032435608931386,0.4225644859378048,-0.03639236860049273,3
EW,-0.06066552863084429,0.05554885805738263,0.08954026521710667,0.117702677743446,0.19979828700717883,0.021550222177363458,0.679739741069341,0.13440648552740075,0.24986573800180162,0.3778288543374444,252,-0.2586206044728495,0.002924120176901139,-0.013973550968535168,-0.07951537635111391,0.16017433407388734,-0.03780221550834202,3
EXR,-0.0011383298052364266,0.0617664043422923,0.10560314092463252,0.16194381595656115,0.09797290558224803,0.0100281621562868,1.0275000862768235,0.1238362836843615,0.25367987119422397,0.3304806301331422,252,-0.23509192568977075,0.03991335298451489,0.0424702064730444,-0.13320460935531817,0.08884862856016233,-0.03941286940547345,3
PCG,-0.0008797296375142594,0.03857433986179459,0.11112568076500473,0.227929955613019,0.20384566108570779,0.01875426860078553,0.6549560206988373,0.3235729603929949,0.2673715604451298,1.0605950757099687,252,-0.23498971156917337,-0.0980601550600308,0.06187600309919792,-0.07738132679572365,0.1428663734255094,-0.0411377633800441,3
SHW,-0.007943764818639565,0.10247375322275665,-0.009243578460864321,0.06668785461418758,0.026151208670325943,0.04070326238618712,0.9047192621608194,0.12815053251840547,0.2721925970623542,0.3238535267666072,252,-0.23778183715156453,0.2820882457351728,-0.3610926729258782,-0.17107386912435066,0.2787385581039786,-0.04182431507252841,3
XLP,-0.2015640692382269,0.012556655376629422,-0.02458628123019524,0.0631260693513711,0.0537976044916022,0.142743434383775,0.14251475139757133,0.2441374220068505,0.6099362010479294,0.3346865158292337,252,-0.3143120626358287,-0.252843753675541,-0.415005795916964,-0.15649681803744414,0.9104040107362686,-0.04565088390590184,3
DG,1.0921266288159193,0.09699910052090721,-0.12537921789277995,0.12981104160410184,0.046636757123316164,0.03604468740882013,1.3160851727887795,0.1583847131662538,1.608500795257189,0.07359941226968733,252,0.1970312137099504,0.2495186123058203,-0.7691847220566917,-0.16027250144253788,0.24990029946433673,-0.046601419603824454,3
MDLZ,0.01329833156000948,0.014133153801038745,0.07364803330874525,-0.012768605858028526,-0.042305412815028975,0.07856086862532093,0.5316945158961827,-0.005703654233796263,0.23461554862342243,-0.19480232449194768,252,-0.22938570106196532,-0.2434648983250239,-0.06981767871837567,-0.2071688333677938,0.5130907893132983,-0.04734926443197207,3
FAST,-0.010960196491629048,0.0703034922257384,0.11447100175621894,0.058820954928228364,0.080325569694214,-0.007712289531504893,1.0527938098809735,0.14587367362512704,0.25434874064412727,0.4162539722312228,252,-0.23897410981523878,0.09070193046342526,0.07363121368729027,-0.14250947927220253,-0.020971163252175205,-0.0476243216377802,3
UAN,0.9395950466003828,-0.0021213062335273536,0.27560078681401423,0.5243953419702745,0.3520720585706103,-0.11436551740691665,1.5843445158680896,0.4927704342146314,1.618895367541943,0.27967862734828713,252,0.13674168769448736,-0.34016542596562416,0.6398293633844163,0.0007736624670247326,-0.6811930948871914,-0.04880276146137743,3
NOC,5.677822032221675,-0.020534357341681297,-0.2245709969107268,-0.05046410704118787,-0.047301503453535454,-0.08229409997403207,1.0729450284887565,0.005065058978167336,1.5892492730782484,-0.021982039956618314,252,2.009569956879561,-0.44970777642484416,-1.117737298633288,-0.20980311050623643,-0.4826594584505432,-0.05006753742707017,3
GOOGL,2.545813624210598,-0.05440488818382305,0.16660364842046294,0.8588405918183639,0.8023807828078473,-0.1448532968294841,1.3361288285691284,0.7889510657732313,1.5775941902839006,0.47474253542886813,252,0.7716145141266743,-0.65120928413025,0.25682147903470237,0.23820690043847192,-0.869923441099904,-0.05089796632606112,3
NSC,0.03496948951355994,0.06185496593517681,0.1568535261135735,0.22371982000798796,0.18712903691235372,-0.03975789410252714,1.0291703075905805,0.2637943323307824,0.20425370606601653,1.095668404951488,252,-0.2208199743957359,0.04044022085600444,0.22256027023645733,-0.08619546250263077,-0.2193450087677302,-0.05267199091472702,3
EMR,0.09349154775035196,0.11069128313320697,0.04280877073975464,0.06194305198930983,0.014689537426022303,-0.013368769213263038,1.06246114606336,0.057329391638948346,0.3142951152915412,0.05513732411295525,252,-0.19768858677556514,0.33097571886889193,-0.17818456692792192,-0.1771172379724868,-0.055986811780948505,-0.05560029691760608,3
COHR,-0.1426985208091882,-0.13265551276199739,0.34692251112299455,1.6560410092724798,2.265881984794503,-0.1315996969352738,1.1469929228521394,1.1754028054316024,0.8073064844270766,1.4064086283629527,252,-0.29104490732361205,-1.1167354639494846,0.8904486286088351,1.0098637892793176,-0.7878788795091852,-0.059069366578825847,3
SYK,0.03376307223611663,0.1483938953488373,-0.08165923724780633,-0.13171418808592927,-0.13169691544917672,0.03438656227822352,0.8845074221466482,-0.04816011996435776,0.2763320414105564,-0.31903690760701586,252,-0.22129682204117068,0.5552749257897767,-0.6155559430131449,-0.2543020839027692,0.23963590711145005,-0.05924880321117162,3
VLTO,0.022258211676575712,0.08124461098517188,-0.04129230602239797,-0.09268030996040733,-0.11242987383825997,0.07229094775434483,0.83493252526678,0.006894652738836049,0.2283083377971259,-0.1450027956954479,252,-0.22584422514244176,0.15579249359291472,-0.4737095316834252,-0.24414319550113012,0.47427771866277674,-0.06272534801426113,3
ANDE,-0.012320103812770267,0.025422417267716657,0.04935775550226418,0.8406145162947811,0.7966684155512114,-0.0031213277702539684,0.6053025976802789,0.8786212222950032,0.8338976991430276,1.0056643916356045,252,-0.23951162582750113,-0.17630316354084855,-0.15517191874746575,0.23519495378671088,0.007448545203497067,-0.0656686418251215,3
J,0.07913046497368748,0.0738988367688842,0.02621431629209514,-0.017101409586404714,-0.06298540764653604,0.028987384493046067,1.0900327734566602,0.05353114516125679,0.3258616238957914,0.041524205886802945,252,-0.20336493826355057,0.1120912422973839,-0.2364962527539032,-0.21807272634120797,0.2062130500861116,-0.06792592499503325,3
DPZ,0.16243662775184275,0.0792099702892044,-0.10714328692011177,-0.20280255108985668,-0.3311283073054986,0.11688919270557765,0.8269176642172293,-0.1409684185395813,0.28569687526755044,-0.6334280638180146,252,-0.17043740289605594,0.14368807250229151,-0.7051050091033992,-0.35945581194080883,0.7503569336644152,-0.06819064355471147,3
CHD,0.016024359589309478,0.04673054765174256,0.04745539948198352,0.08235338047262264,0.050170286227045446,0.036202898151536114,0.45902248167576354,0.10119601849496773,0.22907840303855107,0.26714006070956064,252,-0.22830821313845368,-0.049537497576662946,-0.16185665713001712,-0.15840938573678312,0.2508796810005747,-0.06944641451626843,3
ACGL,-0.015459826309587088,0.07247924828263397,0.04768848175129725,0.16918435511313068,0.15693179043856542,0.0005053885688409629,0.6552959618977637,0.17032191546634823,0.21534670034236236,0.6051725671169325,252,-0.24075263033557534,0.103645870666398,-0.1610376232712845,-0.10211749470451219,0.029899226862064598,-0.0740725301565819,3
SO,1.6868009624761862,0.012592820191355658,0.059406238848839665,0.029613349989201065,0.05376066796909873,-0.0485853744264056,0.9484914575460436,0.0870705599257876,1.5769610266673322,0.029848905033033116,252,0.43208177300511885,-0.2526286030855728,-0.11986229131854131,-0.1565162934721079,-0.27399029449419027,-0.07418314187305868,3
KEYS,0.019515071324365252,-0.09200935834283519,0.47915214091043334,0.9521992447220753,1.0149358819268923,-0.16229087624753585,1.0766005093123432,0.6618989764380424,0.42855180961664424,1.4511640424394765,252,-0.22692847687068363,-0.8749246273830381,1.355093769753469,0.35028033520627977,-0.9778683443697215,-0.07486946873273889,3
ES,-0.03486030542174845,0.022904940851107503,0.06272921309424428,0.13668513489045808,0.16831871292177092,0.03769403952401625,0.5534851414581894,0.17485418178805634,0.2522538780371454,0.5345970608554867,252,-0.24842085007837142,-0.19128005587016494,-0.10818560554275851,-0.09611353846249855,0.2601103836890087,-0.07677793325295695,3
MCD,5.5977124379410945,-0.04984752900961065,-0.17029506727211208,-0.11110048772472758,-0.07331207506868964,-0.10460047640655604,1.1427804359943858,-0.04555786151703278,1.5776748727976886,-0.054230350620538915,252,1.9779058949304593,-0.6240967848004109,-0.9270156954023755,-0.22351764435306612,-0.6207439705598483,-0.08349364003704829,3
DUK,1.9410283131997912,-0.0004375435137575767,0.03851810696081781,0.036193349596399305,0.05556976949507875,-0.04965513327721959,0.9804772412775695,0.10008297054808746,1.5755920779038142,0.03813358253744366,252,0.5325674970280605,-0.3301484372082578,-0.19326164216720887,-0.1555624127009545,-0.28061248745484885,-0.08540349650064191,3
UDR,-0.06052641950306714,0.06081264975158662,0.052142868322611946,0.01867492245048874,0.09820336318455758,0.0056049551895392385,0.8431348928583445,0.033248988496594745,0.2081831321514186,-0.032428234860521835,252,-0.25856562029674457,0.03423930586361673,-0.14538523824632174,-0.13308309650916095,0.06146738276215502,-0.08826545328529109,3
VRTX,-0.10700889462257412,0.11232069429647695,0.003479484543226441,0.032098865545241884,0.1459762864559353,-0.019001427645624576,1.0987759876295773,0.053798689120402754,0.34771182135233086,0.03968426804339436,252,-0.2769382507531746,0.3406693610382793,-0.3163847703564542,-0.10789397791302884,-0.09085499818781621,-0.09028052723443891,3
SPLV,0.18500083426748204,0.04313266339554245,0.027571385760317924,0.05729504594179491,0.05752869866082477,0.021761841110525343,1.1578994970974132,0.656025781957472,1.215846523775028,0.5066640977389159,252,-0.161518690482645,-0.07094191859246367,-0.23172761099320952,-0.15452953265722977,0.16148433156393885,-0.09144668423232183,3
PH,0.01748898167405022,0.11302552001274724,0.05122082420909391,0.35024532447609724,0.3758749450592771,-0.07760897751685496,1.1888769206687335,0.32150742938212207,0.25675854495265,1.0963897206772073,252,-0.2277293076423052,0.3448624882484764,-0.1486252330792186,0.013324155290906883,-0.4536568613398636,-0.09436495170440083,3
VYM,1.4974991819306411,0.03867005265830015,0.05472119631188832,0.2086209710888911,0.19812169429955406,-0.08749908176288684,1.3245987064662998,0.18972826375108565,1.57142668751111,0.09528173661619009,252,0.3572584842330469,-0.097490743470574,-0.13632518435053229,-0.0803993895045454,-0.5148801722462578,-0.09436740106777253,3
JCI,0.036587165077101025,0.008503830578543425,0.23062863632031871,0.3977597214992743,0.34819758011073376,-0.07947872855582809,1.039871800557434,0.24656553609785814,0.29528758896515367,0.699540190028896,252,-0.22018057308909453,-0.27695469280095053,0.48180055208613415,-0.0012692248159994896,-0.46523129436189514,-0.09636704659636111,3
AEP,2.51536085381418,-0.027462907900053457,0.07565274813970202,0.16040617212858188,0.242424007950657,-0.10709412087559776,0.9584960450071088,0.16781954871175742,1.579126468032653,0.08094319948357319,252,0.7595777734963737,-0.49092689372276604,-0.06277325904419208,-0.05704021120386838,-0.6361805288427811,-0.09746862386344678,3
CPB,-0.6133559363571526,0.07802806300040044,-0.20235153247556026,-0.2706490119213043,-0.25872298002151506,0.19095539556146512,-0.17868593536448296,-0.13041295531897723,1.5968647077320572,-0.10671721561246461,252,-0.4770766267019174,0.13665670645220018,-1.0396597436614379,-0.3212788227373716,1.2088534320123905,-0.09850101092722725,3
IR,0.07358233744437714,0.10968388584072253,0.005496099522253273,0.023359214921742533,0.0764331956259574,-0.03040273360852516,1.221482478659278,0.0589264709981665,0.35031167718482004,0.05402751957988867,252,-0.20555788725258553,0.3249825422564546,-0.30929853444192756,-0.14456180233120544,-0.16143319254665234,-0.09917377486318325,3
VIG,0.09315173427417034,0.04494888249063855,0.05035350082333956,0.1569158682289047,0.15963381940514343,-0.0020162513664301724,0.7733756187910716,0.31601366847325385,0.586703663461791,0.47044817624737606,252,-0.19782290121140247,-0.06013692449033782,-0.15167294332116435,-0.10069280215005644,0.01428936655012438,-0.09920724092456734,3
DRI,0.011738864581085862,0.061401167075837204,0.044945736162867345,0.049062200680545676,0.02208392300771811,-0.0008122934488189685,0.9699493895179061,0.046177299223024715,0.26003973622592136,0.023755212617420533,252,-0.23000209488434906,0.037740494808659694,-0.1706754284523809,-0.17321841741455668,0.02174230011628975,-0.10288262916526744,3
EVRG,-0.056620878466849156,0.014847415173326217,0.10182925281791211,0.21637839052402952,0.24894129305558277,-0.0034418888756021847,0.5596230272216756,0.2706891764809345,0.16104063440576755,1.4324904849770794,252,-0.25702191889086257,-0.23921563680377883,0.0292090427321342,-0.05360385738268329,0.005464156391305778,-0.10303364279077694,3
SBUX,0.36716851214454516,-0.015683911957086738,0.06029434652499255,0.1488160922925459,0.14920143934372776,0.030544392153257063,1.3853825885092712,0.24479599835114152,1.561538439699173,0.13115014856156537,252,-0.08951522211878633,-0.4208516577358957,-0.11674154661706224,-0.10619345902035443,0.21585148884200053,-0.10349007933001964,3
USMV,0.5004354996040898,0.04699829280697343,0.02897399756932173,0.06816009471597262,0.06279638057550008,-0.01596731114034134,1.4559793913478583,0.1546287823104734,1.5563375549219571,0.07365290514770201,252,-0.03684020629097424,-0.0479446364339993,-0.2267989368147115,-0.15175205421569268,-0.0720727231472161,-0.10708171138051877,3
L,-0.002231329508465163,0.04142510326649562,0.10253151817508477,0.2871518377251354,0.2911600148566196,-0.04217167361586284,1.0135961066878576,0.2501333071204135,0.16446217691332657,1.2776999007568537,252,-0.23552394398451043,-0.081100482156294,0.03167675126712002,-0.031343289730534345,-0.23428717418158096,-0.11011562775715995,3
MCK,0.08035100299711107,0.044715374532715124,0.023960349041207918,0.2298317083002781,0.12682017846957327,0.0065632811917368025,0.6772434282091134,0.28389753481214264,0.3045515317359231,0.8008415962380593,252,-0.20288250926198106,-0.06152610276457493,-0.24441652700035932,-0.11799437459940626,0.06739976621562202,-0.1118839494821399,3
CPT,-0.05850746789212424,0.06655361085571676,0.03275256708181029,0.052078436607841505,0.13804771748559186,-0.011682894873312626,0.9183526609183688,0.06686654145380833,0.2032107611728246,0.13221022990489734,252,-0.2577676109015499,0.06839325294970748,-0.21352132296010595,-0.11207445610895386,-0.04555064181789597,-0.11210415576775963,3
WM,1.4856192735651819,0.025875838450440725,0.001480105347517524,0.011983815370955275,0.025748160733366277,-0.04593412631159838,1.1113700897660834,0.06643053440136992,1.5809903726265269,0.01671770736811029,252,0.3525628399995229,-0.173605684355468,-0.3234104410029288,-0.17128638327648518,-0.2575781128240163,-0.11466355629187508,3
AWK,-0.03225919382174025,0.047200864117978636,0.04001271991000199,-0.030715125870340865,-0.0626236177700934,0.015496920662762039,0.49783652989922306,0.05666293536202727,0.22752342194672676,0.07323613199668205,252,-0.24739273653493343,-0.04673950549655844,-0.18800968278528635,-0.2178819662310756,0.12270221533587876,-0.115464335142395,3
NWSA,0.04035288241625001,0.05621190527193631,0.029626932263248973,-0.04755318177578449,-0.07725804026361804,0.007592134315075071,1.0248970586261494,-0.015904094991919582,0.2614650693381288,-0.21381095047776322,252,-0.21869213829947376,0.006868700025239529,-0.2245045725825364,-0.22559822428129528,0.07376873797569485,-0.11763149943247422,3
ODFL,-0.03347111696582494,0.02342770399191907,0.2178165486007655,0.41869122736898046,0.5358078218227966,-0.12018277003984831,0.9798811418214763,0.3281927670741216,0.39664948292397284,0.726567862763004,252,-0.24787176042534842,-0.18817004966632703,0.4367798232496479,0.09765159276699113,-0.7172039859462933,-0.12376287600426594,3
CLX,0.0068887328216058474,0.12421076362084693,-0.12080453569336536,-0.18490005090294304,-0.17438417978683196,0.03290096475590314,0.5973815798458622,-0.1785389990070898,0.28896914629386733,-0.7562710476531168,252,-0.2319191545558235,0.4114053913281089,-0.7531096270900357,-0.27680969889290863,0.23043952285419797,-0.1239987132712922,3
EQR,-0.03981095097237353,0.03953493103500483,0.10024003806356307,0.10877150927994772,0.16468953914604478,-0.038391586755451464,0.9777507945901522,0.10634835414735677,0.20460359805056208,0.32427755317851553,252,-0.2503776387603113,-0.09234543595531755,0.023624659602342002,-0.09802708451291385,-0.21088707370225632,-0.12560251466569142,3
RL,-0.05846014441247149,0.03767564676760626,0.06643231723660947,0.2685670683543677,0.36363492222996796,-0.03546999254139388,1.1365623441895132,0.2616807630756215,0.3524293875411009,0.6290075995713289,252,-0.25774890585623256,-0.10340663203989776,-0.09517317141836075,0.006870386805452822,-0.1928013522113695,-0.12845193494408153,3
AME,0.029451895856778876,0.049514574371980036,0.08168663163983836,0.3148521993559521,0.30858081959802064,-0.05785899077748191,0.9562954495246081,0.246333637759905,0.2280743705759158,0.9046770017994008,252,-0.2230008545877685,-0.032974852478641375,-0.04157063860974042,-0.022157862366617518,-0.33139732307190867,-0.1302203062229353,3
BX,1.6173879307902892,0.05068563591054187,0.03138776594281434,-0.22745682722567262,-0.2592372420880976,-0.08524137529996259,1.6776868436198031,-0.16915042472299802,1.6054247701923685,-0.13027731265036901,252,0.40464562687162137,-0.02600800962826517,-0.218317133240166,-0.32154997650602535,-0.5009041552825898,-0.13242672955708498,3
VRSK,0.02097157855185472,0.06468202582154703,-0.11104291678655143,-0.3037669456702151,-0.30304124655385833,0.08667332903142386,0.6708033098483237,-0.313030571090698,0.3406772850714478,-1.0362609617974954,252,-0.22635277884731064,0.057258877526371856,-0.7188080200897902,-0.3446464124767884,0.5633098439666331,-0.13384769798417687,3
CCL,0.01811181641779558,0.07237597344395086,-0.043247870943354694,-0.03521337959865578,-0.04346606100353423,0.01799287556163562,1.399201784952472,0.09977800295395689,0.47322466551943043,0.12632055619573876,252,-0.22748312641910573,0.10303147121102285,-0.4805812422083362,-0.20778080564971946,0.1381530760124369,-0.13493212541074034,3
CAG,-0.6445045196013588,0.05814439030984864,-0.2111880188782902,-0.18331441759909328,-0.2325011958107167,0.18437600877664645,-0.19575984222838286,-0.02603080142676062,1.5952379447549665,-0.04139244659009359,252,-0.4893883938295458,0.01836537985503958,-1.0707105034527138,-0.30745292331447166,1.1681246557851843,-0.13621235699130146,3
ETN,0.07977017319407609,0.013979943755185298,0.2317017094838354,0.13148195477650448,0.09684951071916115,-0.09944848957005632,1.0482118217158483,0.09025701678794118,0.37396152921925396,0.1343908740903545,252,-0.20311208764182867,-0.24437637076042704,0.48557125183264505,-0.13379693916264093,-0.5888513146251825,-0.1369130920714868,3
MO,0.46017234489228676,-0.014696742502927629,0.07488121967364436,0.1096965376361887,0.16614469534069043,-0.01348545287141471,0.8471187020805203,0.4086588739647915,1.1915839746868384,0.3093855588832329,252,-0.052754592532846,-0.4149788199495363,-0.06548435302203,-0.09725982767676404,-0.05670912569220798,-0.13743734377467684,3
OMC,0.010747819407133319,0.04413090907924411,0.052906136647650426,0.14721852567134341,0.16874657179190877,-0.029656617946105305,0.8680067803090202,0.2137653132796875,0.3611493474013522,0.48114530603478783,252,-0.23039381470348186,-0.06500318644610978,-0.14270316979321604,-0.09588794230709714,-0.1568144676034053,-0.13816051617066205,3
AXP,-0.027247404735531222,0.07390885408739511,-0.022084551465868962,0.15609935003044617,0.22281664161405557,-0.02047671829559875,1.4134236204837551,0.10920391682368047,0.2680429667313519,0.2581821775351435,252,-0.24541178030207902,0.11215083701683255,-0.40621490251947273,-0.06737854183531979,-0.09998757918936678,-0.14136839336588114,3
NWS,0.04673516220903218,0.038474188824881406,0.019178287096298652,-0.048640747489475666,-0.09101249043604254,0.008197044281150003,1.0191479860246935,-0.020137522603936864,0.2693024870993748,-0.22330845604758795,252,-0.21616948287286722,-0.09865597049115946,-0.26122033905766134,-0.2328505013640621,0.0775133487504742,-0.14627658900705515,3
ECL,-0.02073334381603298,0.07217925900927424,-0.010649472683864292,0.07137350329431658,0.09859472982918205,-0.02046252123023608,0.8817816819324111,0.05584383431292306,0.22104081491444244,0.07167832021907664,252,-0.24283703715991814,0.10186118381991303,-0.3660328812644355,-0.13287674152497847,-0.099899694236384,-0.1479570340731606,3
STE,0.05905137463719301,0.08102914428350849,-0.11514831579236429,0.02859899418031886,-0.05224424409057837,0.03662916659605887,0.8631010568277748,0.1789215235607734,0.2597454813162191,0.5348371138424066,252,-0.2113013854020738,0.15451064579880028,-0.7332340886160152,-0.21240925791298285,0.2535184363523266,-0.149783129955989,3
MAS,-0.11278240259847394,0.03574717119884263,0.12123629087111132,0.09802853264868494,0.19941791040562773,-0.06548580007997787,1.189205302759446,0.21099696091088405,0.3500965425308161,0.4884280195250217,252,-0.2792202834591727,-0.11487945886065214,0.09740393936705345,-0.07971593664074152,-0.3786100223048652,-0.15100435237967563,3
FDX,-0.01945685730955471,-0.028868976460313833,0.19117186346095338,0.7374157633846761,0.8061531435303106,-0.10139206325173929,1.1038897769688054,0.601981915398635,0.29211412155976196,1.9238437101154053,252,-0.24233249400024673,-0.4992918330309248,0.3431523699515945,0.2401959443386272,-0.6008827364204485,-0.15183174983227968,3
MKC,-0.34036583946426435,0.0710745418172325,-0.2227921564434876,-0.2430172998142629,-0.23310430860653497,0.14513134232447844,0.2515308824222443,-0.05091184239216351,1.0676186998365578,-0.0851538497837114,252,-0.36917475281110074,0.09528903469057218,-1.111486584770572,-0.30777092520132326,0.9251860217881938,-0.15359144126084598,3
PHM,-0.044774449707010056,0.07336482721740634,0.02509170187882437,0.13976954027712662,0.13428039376238798,-0.047987839415967945,1.4245496996732105,0.24119951259222527,0.3526295668919408,0.5705690375472131,252,-0.25233950778273273,0.10891432929730784,-0.2404410367886442,-0.11406084416217688,-0.2702913373536568,-0.15364367935798057,3
HIG,0.0377221379615853,0.05830452276123621,0.06873472765856303,0.17011133558013158,0.13858201185893693,-0.06426637244479817,1.3941842030214633,0.19225858448008148,0.19546173111344933,0.7789687710875127,252,-0.21973196450422278,0.019318034849953685,-0.08708267145098418,-0.1117927399523146,-0.3710613256097409,-0.15407013333346176,3
CL,-0.11495199100799292,0.03733306085126342,-0.02531898776060837,0.10104955767255208,0.11883978221533065,0.020117805845245904,0.6992270582979505,0.4304888551549779,0.9912458202116339,0.39393745445666284,252,-0.2800778334495328,-0.10544473350879566,-0.4175804724836963,-0.12220217964726447,0.15130716055710505,-0.1547996117064368,3
VUG,1.004163549941715,0.015094144343723803,0.11773216224604388,0.13229375164951374,0.13044325735170337,-0.11312391043255672,1.3546895540822346,0.19169736680822203,1.569685054720517,0.09664191319909826,252,0.16226298895835273,-0.2377478033038633,0.0850906904968817,-0.11608404218941965,-0.6735071000863495,-0.1559970532248796,3
VNQ,1.0110104689992663,0.028670282319805063,0.09421393647918053,0.1533775796264396,0.1264184913955917,-0.11453253926075624,1.509464022693046,0.16393372500890846,1.573955423743782,0.07874030175144472,252,0.1649692973742892,-0.15698106587814398,0.0024493842444031407,-0.1182061712124705,-0.6822270203779046,-0.15799911516996534,3
OKE,0.00148010077089622,-0.014895305380419166,0.1394529306158916,0.13026766510583343,0.1531830402884622,-0.037722041556828394,0.9509969287535622,0.20496289403699464,0.26725473290462326,0.6172496638099423,252,-0.23405696665999842,-0.4161601040390991,0.16141586437206806,-0.10409408951286868,-0.20674234753542847,-0.1599275286750653,3
PGR,-0.09460856560681319,0.05535783738308786,0.011789499346104737,-0.07490450577517327,0.023359688091734165,-0.01608423406316393,0.8117577340605361,-0.0832812005330007,0.25867432027363757,-0.47658847775298374,252,-0.272036905419068,0.0017877059278097278,-0.28718399283628465,-0.17254574771378212,-0.07279651819304929,-0.16055509164687487,3
MAA,-0.054478272749269974,0.04576648584800469,0.013342048090474679,-0.02257970687923927,0.04117616099930088,-0.01185683491665554,0.8869075319757792,0.003637189899390769,0.19636085867689795,-0.18518359690228506,252,-0.2561750340603602,-0.0552728640484714,-0.2817284513542331,-0.16315169731238346,-0.04662739339581058,-0.16059108803425173,3
EA,0.023049537414295163,0.03982637400192979,0.03146994251005797,0.3821671407624456,0.31154860465429257,-0.04513358002148808,1.05459772234493,0.3624168224936901,0.20530330377846043,1.5704414715196453,252,-0.22553144628734847,-0.09061159252903003,-0.21802837085954768,-0.020593045214323827,-0.25262244267179845,-0.1614773795124097,3
GEHC,0.05817379766684483,0.13680435707801597,-0.12102160556780106,-0.025911822528264628,-0.07048357586851461,-0.021791184629705224,1.2517407528241888,0.04489796326968509,0.36010705760741585,0.013601408709475474,252,-0.21164825585877448,0.48632680548826657,-0.7538723945772288,-0.22202626813148663,-0.10812459969461347,-0.16186894255476733,3
PLD,1.8396513234264704,0.010464834261259437,0.06284846932564903,0.39819692688500874,0.35793173221240226,-0.1562626429687489,1.5032806425839953,0.3431259367183239,1.5830060824033145,0.19148753759563525,252,0.4924972992792994,-0.26528835073726226,-0.10776654796419229,0.0038632790152789394,-0.9405514070491139,-0.16344914549119802,3
FE,-0.000412125659731144,0.04455081482340617,0.04518148315177095,0.18194178144802176,0.1495307535039534,-0.04654489189086328,0.5878269384956443,0.24246728376298599,0.15891528908816951,1.2740579268660104,252,-0.23480488674946062,-0.06250509626449555,-0.16984703096605636,-0.10601982230588779,-0.2613589719555327,-0.16690716164828662,3
REG,-0.016983695844232205,0.021445492107795783,0.11321921572603233,0.16028721971273585,0.17919907041397765,-0.06575400321204071,1.0311376623262993,0.21315181000000383,0.1639925105227229,1.0558519376774331,252,-0.24135495393714487,-0.1999625629016218,0.06923253014250588,-0.09037667756992446,-0.38027029638609544,-0.16854639213045614,2
DVN,-0.27827479428567126,-0.042270435815221497,0.024042483852276808,0.3431596207767815,0.22909570121590672,0.05838350638503901,0.21859066381281533,0.6484097637182581,1.3467502077222853,0.4517614032874305,252,-0.3446326899199391,-0.5790193778412575,-0.24412791134785133,-0.06406779662333541,0.38818564261544053,-0.16873242662338855,2
TDY,0.013035210062002145,0.03162431786663955,0.06493636964300387,0.19883124691512277,0.20248210456039706,-0.05333928311106177,1.0880918207485313,0.20457437195551864,0.25744482882128344,0.6392607406760736,252,-0.22948970228039448,-0.13940700956126126,-0.10042982064208777,-0.07810028608639699,-0.30341870315207553,-0.1701691043444432,2
AVB,-0.034981457141928796,0.029820870436863878,0.07516900338510757,0.04471234238443467,0.09558097198935744,-0.04675663938295056,0.9254662238323559,0.02166646219171442,0.2095407753505565,-0.08749389123722592,252,-0.24846873642216682,-0.15013602286964134,-0.0644731023405685,-0.1344657986403685,-0.2626697652716811,-0.17204268510888526,2
MDT,0.037504447957974696,0.08860913945518467,-0.14724374079756297,-0.012451872320165758,-0.04006413421629573,0.0280200267488041,0.8409504171752216,0.04647155959799032,0.23426017322392578,0.027625522123234547,252,-0.21981800850209754,0.19960531711089197,-0.8460150387374851,-0.20598707959254828,0.20022475689322675,-0.17439801056560245,2
PPG,-0.10404532613911,0.05127064674172055,-0.016936223010468154,0.09271763608916594,0.21931036417158145,-0.02494233098797091,1.0535650334705657,0.037722902003772374,0.3050039154318816,-0.007465799227538721,252,-0.27576687275664963,-0.022527681402649373,-0.3881240570284579,-0.06922728862076799,-0.12763133171728724,-0.17665544630516244,2
SPR,-0.09805311556773022,-0.015788328026508647,0.05807635879157602,0.12319874150346766,0.2650343018199812,-0.008084271871301618,-0.0015823092483096622,0.1498467728716465,0.25957789108146034,0.42317461018733116,252,-0.27339839581642594,-0.4214728465656559,-0.12453539149968845,-0.0451185339279661,-0.023273868044210163,-0.17755980717078929,2
OXY,0.13678181655244792,-0.04859797308213276,0.23644015459737155,0.2915294851349495,0.1476475700751001,-0.08461926862052976,1.0485530945102228,0.31154441288142554,0.34895903656629707,0.778155555314975,252,-0.18057770554526142,-0.6166629655750049,0.5022217975698173,-0.10701276407037212,-0.4970530906522911,-0.17981694565462245,2
UPS,-0.04137364120805043,0.0027869523061394563,0.029693945039897196,0.3158880374451438,0.391552301345268,-0.026128160265966975,0.7570754117687019,0.19267057404292387,0.31099264664202675,0.49091377462264524,252,-0.25099530660489466,-0.3109653670542281,-0.22426909464075998,0.021590318626116427,-0.13497204246841882,-0.17992229842843704,2
AES,0.01997611180585701,0.04140421469054312,0.027618778888978568,0.18903430699088242,0.14240576637616442,-0.048127848374217984,1.1807926158224054,0.20848116188586685,0.34450614659207623,0.4890512507614631,252,-0.22674624633390336,-0.08122475182209479,-0.23156107504365564,-0.10977659776503829,-0.27115804328186394,-0.18409334284931117,2
KEY,-0.016724596925539625,0.04523163878033887,0.07274841873174753,0.31653770233407164,0.3836251950851166,-0.09636325885592142,1.4243894677117503,0.22845321764070448,0.23858624078737586,0.7898746257067308,252,-0.24125254268058935,-0.0584547595737812,-0.07297885781852759,0.017410611670006276,-0.5697526242038734,-0.18500563452135305,2
PNW,-0.08065282000537832,-0.02027666089871638,0.09487925195202918,0.15353477249626057,0.21359330422584044,-0.030949719800393006,0.5717784985750259,0.19458935291060508,0.17095050291771002,0.9042930571840396,252,-0.26652076721816764,-0.4481746967683794,0.004787253618191827,-0.07224170957584373,-0.1648192342761585,-0.1893938308440715,2
GDDY,0.004858211442746896,0.025126789436366703,-0.11520090119759185,-0.4495605803099296,-0.4528663645269776,0.09593859485325545,0.9850093537380697,-0.41530813908790964,0.4554798914890825,-0.9996229199040788,252,-0.23272173700935553,-0.17806190343229952,-0.7334188698414742,-0.42364435538821754,0.6206651797577575,-0.18943633718271788,2
COP,0.134870615365686,-0.02801939498546513,0.1577291344663676,0.2879640725741277,0.15365665325111055,-0.06938562861766494,0.9549549248626829,0.34455890862699523,0.29547805006410793,1.0307327686808447,252,-0.1813331255835014,-0.4942375293680014,0.2256370932399358,-0.10384436870309016,-0.4027513669363173,-0.1913058594701949,2
IYR,0.6753175971433254,0.02320278691182409,0.08512181661731866,0.13666127564378083,0.10865733581472159,-0.10936179634296087,1.3911446605431184,0.1488621960231039,1.5740669512433207,0.06915982572222615,252,0.0322835687075162,-0.18950811935761888,-0.02949965261904315,-0.12757105457515422,-0.6502182575379944,-0.1929027030764589,2
HAS,0.16718654112005593,-0.010011795775642929,0.06333501048697987,0.28651337563939894,0.08000836026839497,-0.030395366723901578,0.9090599719830451,0.31102926184979995,0.30362623228864055,0.8926411259227021,252,-0.16855995547549862,-0.38710728072072625,-0.10605687830132887,-0.14267673355139698,-0.16138758887489105,-0.19315768738476838,2
C,0.8549886048974946,0.032601850176029235,0.07900615737878303,0.40233342138155703,0.5600407880448834,-0.1700707338299826,1.6640935486361141,0.3287515581149535,1.5906547783252785,0.1815299976145457,252,0.10330020499279889,-0.13359150477656231,-0.05098962695119403,0.11042885273571326,-1.0260284676332059,-0.19937610832649003,2
CDNS,-0.09422737385920987,-0.008681854384590237,0.14043739941946987,-0.07293522726416624,0.052665455720872556,-0.06344692637743111,1.2782463696929207,0.19314910637778127,0.40238421041849853,0.3806041649062198,252,-0.2718862358367415,-0.3791952347977992,0.1648752149497445,-0.1570937634973729,-0.3659886590224737,-0.20185773564092857,2
LNT,-0.08549872408491443,-0.03647669129523734,0.09077125389730334,0.12324776883154454,0.19696869020333496,-0.021535497570726484,0.5236447330042909,0.1892555673784615,0.16483676826597535,0.90547496743947,252,-0.2684361558598379,-0.5445514133007017,-0.009647947773722616,-0.08100733130363746,-0.10654180461812299,-0.2020369305712045,2
TXN,-0.08274388668892996,-0.038519117434099415,0.2535158427824782,0.515444720454364,0.7127816732325651,-0.15712358422314132,1.2662423892728316,0.18742101064977446,0.43578600992307526,0.3382876166121008,252,-0.26734728076629244,-0.5567021513058347,0.5622245031636005,0.19096418547252775,-0.9458809438040937,-0.2033483374480185,2
IBM,2.37923307708773,0.014589192651944582,-0.22945433408714455,-0.02319932456417928,0.2728090917538075,-0.05571974048184375,1.1996832264791557,0.13520781611629173,1.6384396383190458,0.05810883348377119,252,0.7057720041129595,-0.24075184618958367,-1.1348969843651542,-0.04101913844842468,-0.31815459249007483,-0.20581011147605555,2
EQIX,0.023422656479562542,-0.05019955182807567,0.2622012610272271,0.3357786314095559,0.3236892318070528,-0.126984189557624,1.0266544249608422,0.33672498464007516,0.2406987458737785,1.2327649799873766,252,-0.22538396750777012,-0.6261910279936458,0.592744420618704,-0.014191684857011964,-0.7593072248387114,-0.20646589691568704,2
WFC,0.012863974349674567,0.07790088528782957,-0.03267467381096656,0.09773570747537574,0.14899540241291875,-0.0691436818850272,1.1859298965064176,0.06343253676248495,0.26603819573940984,0.0880795958541142,252,-0.2295573847877362,0.1359001047635821,-0.4434278093368542,-0.10630209563561555,-0.40125362943359993,-0.20892816288604474,2
RSG,-0.03202351878325094,0.021466825004624823,-0.0162557429231055,-0.07737021283543832,-0.06123028121405816,-0.004871687495276128,0.6836229321190218,-0.04614941416380214,0.1983538387039943,-0.43432189024767953,252,-0.2472995837848091,-0.1998356498958939,-0.38573290032063834,-0.2171473048925821,-0.003386812541701456,-0.21068045028712495,2
HBAN,0.1330795122073678,0.04147175170059758,-0.09152024652700919,0.060028956821045254,0.12015084845988855,-0.007493387476657002,1.023488171306077,0.18582288333490227,0.5077559552479084,0.28719088733032233,252,-0.18204107575940146,-0.08082296274428803,-0.6502068004323873,-0.12151089678533962,-0.019616080613144567,-0.21083956326691217,2
ED,-0.051232533093561905,-0.012979390879096608,0.030785617671694743,0.07965301060053287,0.10743046122883859,-0.014484335591625675,0.4720044742305483,0.1379520536245714,0.17215944646519413,0.568961248631655,252,-0.2548921252845519,-0.4047620051297425,-0.2204330377380771,-0.128217945896224,-0.06289256985186253,-0.2142395367800916,2
CMI,-0.025600728621576807,-0.01620671401851337,0.12117668198291676,0.7819629302721209,0.9365484641891899,-0.13582076221976094,1.1863718820799882,0.6264651794068129,0.36241639261129127,1.6182082029490992,252,-0.24476091625825752,-0.4239618954850452,0.09719447814181098,0.3089491830257196,-0.814008795417001,-0.21531758919855465,2
NVDA,-0.08346869277703495,-0.00285692423185846,0.11777935597282418,0.13872480104920704,0.08512307242502493,-0.07129930382507368,1.323279866945937,0.5849000116494154,0.9624348742538071,0.5661681909353982,252,-0.26763376711141684,-0.34454174166170193,0.08525652576297316,-0.13997991111985825,-0.4145977063966978,-0.21629932010534034,2
WY,0.050857497090471604,0.051032601609496187,-0.013471193413159943,0.033309364694960486,-0.03397559162832431,-0.047396602721008464,1.196676601681854,0.09384631253812226,0.27484194310697874,0.1959173768363414,252,-0.21454009168404575,-0.023943852092996567,-0.3759481992505928,-0.20277678784517475,-0.2666313690566294,-0.21676805998588783,2
TJX,0.012965124278617735,-0.0003711275277937798,0.049429475830182534,0.2701375710383498,0.21555326831301946,-0.05315434091829577,0.9723941717509816,0.2696564989587126,0.19644171993227616,1.1690821025079974,252,-0.22951740433789164,-0.329753317292074,-0.15491989881863336,-0.07120828385149224,-0.30227384430268917,-0.21753454972055608,2
VAL,0.44663109301902937,-0.16928885988403652,0.23521865929129993,0.6532274195164751,0.6264100921990663,-0.05958990980509489,0.6419563613351498,1.0791213066355287,1.3983815643138005,0.7430885340264306,252,-0.05810689823397661,-1.3346734322615161,0.49792955338967765,0.14542324200483497,-0.34211233589129947,-0.21830797419845588,2
HD,-0.061972598642168086,0.044331585419212116,-0.09100762237041116,-0.06221344902541448,-0.03662980291242157,0.008386871974975382,1.1025335543808759,0.04587856863890771,0.25135601324700224,0.02338741995056616,252,-0.25913723604715777,-0.06380932901137347,-0.6484054770529032,-0.2041762676809497,0.07868845061276022,-0.21936797183592477,2
XLU,-0.47510464768090277,-0.02388756193742736,0.03644849069968803,0.06140341023611473,0.08767265193370166,0.013239204266274682,-0.318740303950005,0.07704819210305214,1.5751358660109476,0.023520632665725003,252,-0.42243151947723767,-0.4696565568214847,-0.2005341206677819,-0.13863560023794905,0.10872613687987379,-0.22450633206491594,2
CI,-0.02634043458890878,-0.003839247032354831,0.03376872490388294,0.07112477792975236,0.09913797820642944,-0.03785492467369763,0.924326478818554,0.018029559676800422,0.3395256848009955,-0.0647092143738021,252,-0.2450532919191763,-0.350385745886966,-0.20995061951473473,-0.1325903042114419,-0.2075649419364491,-0.22910898069375357,2
JBL,-0.0750365844346218,-0.07798843141548883,0.33167740403151624,0.4164184113457736,0.5495127360427827,-0.17166168830979908,1.5224354502271733,0.35082776432618645,0.44346169999199675,0.7009123095225497,252,-0.2643008978925244,-0.7915117653746149,0.8368784496128571,0.10487775114285666,-1.035877049441108,-0.22998670239050675,2
AVY,0.016769497701905944,0.04801570189533111,-0.07441848586285449,0.034814390834890574,0.023980397417350918,-0.025193170756349168,1.004483668354105,0.06282132978587451,0.25307973242687337,0.09017446623256829,252,-0.22801369037161437,-0.04189189795721754,-0.5901124780751998,-0.17221846774542285,-0.12918412031739443,-0.2322841308933698,2
KMI,-0.016999437314329513,-0.022244945661982873,0.053295707014493265,0.15746032760113993,0.16223082290010704,-0.042312107993830714,0.9139476832249401,0.20318538522555774,0.20375553755864634,0.8008880994392046,252,-0.24136117589955533,-0.45988435520982046,-0.14133424833152522,-0.09932348613274666,-0.23515651361121567,-0.23541195583697266,2
TFC,0.008532784958748874,0.02018829470084138,0.020659478199655856,0.2295478633100836,0.2511350713566243,-0.07572470242500977,1.0545056926801748,0.1793551995317315,0.24281810231581005,0.5739077861274349,252,-0.2312693276632328,-0.20744184257885226,-0.25601554304947527,-0.05244714897937603,-0.44199251919427923,-0.23783327629304313,2
GIS,-0.38414782172845874,0.041096448241837,-0.2244094893880011,-0.23247421158160753,-0.24039313521563999,0.1098326661679448,0.01614135665910524,-0.018610287795734703,1.0606182076136665,-0.055260495600584374,252,-0.386479988358948,-0.08305570639804909,-1.1171697731413583,-0.31161408792428325,0.7066744903467874,-0.23832901309517024,2
MSI,0.03257935194804973,0.004216660912110148,0.09031301367147582,0.005408673576816181,-0.020858557794377064,-0.07965000236726227,1.2457304325236809,0.08621666543135142,0.24429856672861636,0.18918107482264548,252,-0.22176469849053182,-0.3024597891220379,-0.011258170041984645,-0.19586059979873943,-0.46629154100305314,-0.23952695969126933,2
O,0.7203701065819803,0.00019071086554478534,0.02556753483292651,0.1529656704013913,0.13497893486010581,-0.09777142878328081,1.1829660458029794,0.4533937286694413,1.4151368466386958,0.29212279339016217,252,0.050090991933648674,-0.3264108458123048,-0.2387689949741472,-0.11369252601562484,-0.5784697037337831,-0.24145021572044226,2
AEE,-0.05077374811628177,-0.03179288502688471,0.07180939067828684,0.11036131486936696,0.13808036540726576,-0.04494072283340814,0.5649021586999917,0.16573403307422097,0.17356252768298377,0.7244307556057104,252,-0.25471078625678156,-0.5166866588546681,-0.0762785329604787,-0.11205724191491576,-0.25142858714787025,-0.24223236142694288,2
MCO,-0.024800734547159475,0.0520359626632958,-0.06795968772172101,-0.0647311589924493,0.003335792149190775,-0.036881052576905216,1.0762461629218123,0.05772431533687039,0.27557717305797585,0.06431706639628512,252,-0.24444471116249156,-0.01797468774609606,-0.5674167390132672,-0.1831037009457445,-0.2015363225526942,-0.24289523228405874,2
EXC,-0.047932371187244804,-0.010458153474358634,0.036348768553394084,0.050951726961938615,0.09128350804752317,-0.0433212170120837,0.6302680514650492,0.13158243001588565,0.1931715901874148,0.4740988564986834,252,-0.2535877056082058,-0.3897627380469287,-0.2008845369157475,-0.1367317124986967,-0.24140326224257985,-0.2444739910624317,2
JKHY,0.06458092820649641,0.01965721327542047,-0.12042482763877549,-0.0653398601286338,-0.11168185091560623,0.026410392627202975,0.8382536735682901,-0.004707423458834015,0.2732845338628716,-0.16359295137158128,252,-0.20911577794342084,-0.21060133566254205,-0.7517753610643176,-0.24374878718735962,0.19026054136821188,-0.24499614409788567,2
AIG,-0.010517685991839554,0.0038978653585772793,0.062279305696469,0.036072180384548735,0.07373602180977601,-0.07390626524502847,1.3028844167575186,-0.030925560157272547,0.2430859919052666,-0.2917714821877233,252,-0.23879920342600672,-0.30435635770509445,-0.10976654686942908,-0.14598393492175762,-0.43073573745930305,-0.2459283560763182,2
MAR,-0.06998258546517233,-0.02094645389255323,0.10436454818300755,0.32630329331171204,0.5003313868100936,-0.10670128486557522,1.1638176414341972,0.29331634004353613,0.2709565819749674,0.9348964258300949,252,-0.2623032578108777,-0.4521594083968349,0.038117883168667106,0.0789460150524629,-0.6337487323137923,-0.246229500060075,2
NDAQ,0.10335459037921324,0.026555421747661123,-0.02939505155763744,-0.016936781964053904,-0.10121496468918811,-0.0378642412372347,1.0492465898428418,0.0997016655993862,0.2773285149675459,0.2152741689990758,252,-0.1937901274760078,-0.16956272855889262,-0.43190345925549334,-0.23822993633136796,-0.2076226148235916,-0.24822177328907066,2
GEV,-0.10474253879187778,-0.06201679627550161,0.3734489273678916,0.5126426737419167,0.7588058287356731,-0.242187244562801,1.5753329132565197,0.6032658385417141,0.5364201055876899,1.050046097591015,252,-0.2760424525399102,-0.6964938107925791,0.9836604937557369,0.21523123533818236,-1.472455668827888,-0.24922004061329162,2
ETR,-0.058465844159924174,-0.06914028197765076,0.14389513605633364,0.22917054597333153,0.3019223519884955,-0.06989887284120584,0.6002832349174706,0.30699976623638614,0.20583079826757955,1.2971808324295915,252,-0.25775115873440596,-0.7388726301795796,0.17702544580389729,-0.02566865715997948,-0.4059285337170783,-0.25023910679742917,2
AVGO,0.07808291874188167,-0.07612505803475644,0.17726078138021562,0.3327962784851808,0.30487661617795214,-0.09114050587076884,1.219701348995045,0.4208706137145849,0.46966070307004554,0.8109484383618563,252,-0.20377899065111194,-0.780426242464282,0.2942698561967763,-0.024110969123812883,-0.5374219002961261,-0.25029364926771136,2
CIEN,-0.09441125800024541,-0.28529390066875393,0.5193003292810474,3.120799518503337,3.8948437325550653,-0.38168556050011293,1.5867197333240857,1.6058383953347364,0.7147300847934229,2.1908108090725014,252,-0.27195891775312736,-2.024807009691729,1.4961715348667268,1.8687626768315286,-2.3360005370202637,-0.25356645055337296,2
TKO,-0.04963478030741886,-0.002470615972646306,-0.08067345632789957,0.11684551377014785,0.17920554989257376,-0.0011722874036437236,0.7755131065623482,0.24114332153958806,0.3276930836266862,0.6138161944508237,252,-0.25426059864090683,-0.3422435285916709,-0.6120919817557167,-0.0903732611502536,0.019513807749336053,-0.2558911124778424,2
EL,0.002747621066170325,0.06260474237143288,-0.26675096468087367,-0.08752036188061874,-0.05376839188772309,0.05772465466356928,0.8629623000790287,0.025436861421118007,0.4649560712389176,-0.031321536548769416,252,-0.23355596747866775,0.04490076749023694,-1.2659545863133734,-0.21321289179157601,0.3841071129274508,-0.2567431130331859,2
ALGN,-0.06264902065319888,-0.03325692709435857,0.060909084272356084,0.340671374919735,0.37994428284420145,-0.06931596248661138,1.292465861512053,0.16329045399858666,0.5322584240071798,0.2316364540938173,252,-0.2594045981359732,-0.5253964923472414,-0.1145814036305786,0.015469785598893372,-0.4023201084687589,-0.2572465633967317,2
FTV,-0.04988028609559014,0.009377943039159842,0.12949782401093524,0.24741196417323996,0.37231998173352254,-0.15074820143239315,1.0583602791487028,0.1730829824968375,0.26980068971864296,0.49326405590593864,252,-0.25435763708624326,-0.27175445016114097,0.1264343559083029,0.01144973801255327,-0.9064150258485922,-0.2589286038350241,2
CNP,-0.06007622211405883,-0.02746108786314716,0.06808001997069102,0.10442698288121277,0.15924897247039782,-0.0625794123655799,0.674129093394965,0.17111261513661058,0.17278184898575724,0.7588332681138193,252,-0.2583876755930808,-0.49091606601586035,-0.08938326585277435,-0.10089571950191278,-0.36061843452918485,-0.26004023229856266,2
CRM,0.1357834723550997,0.029006186512842813,-0.10676429949512367,-0.26349314080334163,-0.33376394681373234,0.008336153864819656,1.1620872127661308,-0.09417066452646128,0.4077916625219305,-0.32901767460546294,252,-0.1809723103712532,-0.15498271510953246,-0.7037732753168137,-0.3608454994793424,0.07837448722578232,-0.2644398626102319,2
PG,1.0872504265167606,-0.01378782187296601,-0.07671587156444482,-0.030587426113762195,-0.011649051525813414,-0.055966566486716975,0.9854698592348702,0.02187417246744039,1.5800337287485542,-0.011471797850110418,252,0.19510384941528014,-0.4095714976322274,-0.5981853215467808,-0.19100472476063687,-0.3196825344470264,-0.2646680457942783,2
DLR,0.10343336835605443,-0.04085708519367004,0.1678858740956357,0.11508455723468125,0.037771306573567864,-0.11513848129038354,0.9543122867364596,0.1410184417142839,0.2641658658143603,0.38240535507064155,252,-0.1937589897482322,-0.5706111163207545,0.2613271252410606,-0.1649469670187223,-0.6859780199981571,-0.2707935935689611,2
DTE,-0.08146178924210778,-0.04135944218153287,0.06977101776138461,0.05644484967701757,0.12916418986249267,-0.05700353808698909,0.5599424521287688,0.11239046108388828,0.17212360468938923,0.420572536895928,252,-0.266840519830283,-0.5735997228747078,-0.08344122465977445,-0.11675845314173179,-0.32610176250622835,-0.2733483366025451,2
XEL,-0.048072260681036094,-0.04809370428086335,0.041144621674976234,0.09512057237946325,0.12764540345844932,-0.039298441175795326,0.5443662558343589,0.15234991475379578,0.19517978214030549,0.5756227080581161,252,-0.25364299823123326,-0.6136629853202473,-0.18403226368342723,-0.1175592601310031,-0.21650082950729005,-0.2770796673746402,2
NTR,0.34990841966804553,-0.0851914564995997,-0.008735334070300582,0.1950564487350488,0.14820186498597177,-0.0030969375381252953,1.310247183995431,0.708643945598549,1.2469422923232845,0.5362268564592043,252,-0.09633743414383952,-0.834363777976742,-0.3593067397203699,-0.10672050227663876,0.007599529533646267,-0.2778257849167888,2
HLT,-0.07198626727015878,-0.014701649008754814,0.05213930720918958,0.17287058415826562,0.30388606992278655,-0.09454986070138142,1.0481281234178828,0.17859274918027523,0.23228551906779743,0.5966482531346433,252,-0.26309523167329885,-0.41500800958126516,-0.14539775173555577,-0.024633252153356305,-0.5585270358530703,-0.2813322561993093,2
CBOE,0.17992691298200625,-0.09956632498445483,0.11345644271261635,0.2244140783610633,-0.0064161577880299525,-0.03755213097122505,0.5220723909359046,0.24522996589659773,0.32151675639337063,0.6383181026045875,252,-0.16352420504492657,-0.9198822980809895,0.07006612823123863,-0.18824558900054916,-0.20569053975363943,-0.2814553007297732,2
TAP,0.05329318279630946,0.006209664320854458,-0.10827972836867772,-0.10311668396388574,-0.15938940156811854,0.005619102061605415,0.6888516227402078,-0.0513986939584099,0.2753334622108844,-0.33195636020588554,252,-0.21357736426330676,-0.2906030752844051,-0.7090983803177056,-0.26890343691416624,0.06155495700053658,-0.28412545995580946,2
UHS,0.07743317353029466,0.022906218199405304,-0.150396072718065,0.029260843995317254,-0.02609661816126274,-0.0003548373738122496,0.8437376417463693,0.020518867662771445,0.33111083522997625,-0.058835683597299814,252,-0.2040358084869228,-0.19127245670943518,-0.8570921000019759,-0.1986224597553863,0.02457411814463785,-0.28528974136181645,2
COR,0.04563083313778038,0.02221735454816387,-0.13343887929871212,0.0919348148925192,0.04319015382515512,-0.015086486349962978,0.6233801483991511,0.1270647349701477,0.3094380545892233,0.2813640199675036,252,-0.21660597920565153,-0.1953706228992575,-0.7975057762527692,-0.1620897839801383,-0.06662010013598438,-0.28763845249476017,2
PTC,0.1375752235005192,0.03775726086125597,-0.09251909865154251,-0.3404171166663399,-0.4107774126759669,-0.024014592357293103,1.3871787843606813,-0.19425908644086787,0.3319906665918044,-0.7056194948061557,252,-0.18026410407242677,-0.10292109601458208,-0.6537166929363024,-0.4014522112370308,-0.12188829512101994,-0.29204847987627236,2
BA,1.9770772368659526,-0.009568116462928544,-0.06295520359053375,-0.023414411667323165,-0.0030604490245459415,-0.1483788315277167,1.4092398531020747,-0.09013010823128564,1.6009245938053853,-0.08128434576794613,252,0.5468161692678158,-0.38446775756514545,-0.5498313518407435,-0.1864762322137075,-0.8917477719230877,-0.2931413888549737,2
APD,-0.07492915753068996,-0.02861955197155286,0.07995296444211619,0.036521224681208775,0.12543423975461065,-0.09312223138314914,0.9851153436163721,0.06954921454294904,0.26578364390806164,0.11117770118755141,252,-0.26425843640995617,-0.49780796462690635,-0.04766261694378216,-0.11872513529537314,-0.5496894956780729,-0.2956287297908181,2
NCLH,-0.022497552412791166,0.027910666317712884,-0.11953552410920043,-0.24354462095213558,-0.21387754167829243,-0.01549653172684823,1.8361496525292056,-0.1291251202977738,0.5265514928639969,-0.32119388623869527,252,-0.24353435701031254,-0.1615001497511456,-0.7486504142223424,-0.2976332723383288,-0.06915842885024921,-0.3040953244344757,2
GILD,-0.01359795538975117,-0.009981005616182315,-0.07660318577830783,0.18317009418452956,0.17499937405269272,-0.03740258397726519,0.8762735455120944,0.27943692990967084,0.27444757425702554,0.872432305360562,252,-0.24001670854398033,-0.3869241048625527,-0.5977893520270235,-0.09259104174251698,-0.20476478994569433,-0.30441719942435363,2
ADBE,0.15679044582581292,0.013800771259309785,-0.13326513838381815,-0.2894126298355759,-0.3730016820643852,0.00623789737351815,1.3172021281685304,-0.16961278105757294,0.3813363796473344,-0.5496794752481418,252,-0.1726691087970437,-0.24544229819529725,-0.7968952635253775,-0.381534289257976,0.06538552307205728,-0.30623108734072746,2
HONA,-0.18128664285764562,,,,,,,1.1975439248083108,1.1714318164691246,0.9881445155701216,31,-0.3062972213318737,,,,,-0.3062972213318737,2
TPL,-0.02573676491198096,-0.08369859888165132,0.1418701317957225,0.23703580067956587,0.3007763197302369,-0.1062663243280685,0.6561832229747954,0.3137745943606597,0.4787414212509597,0.5718631858619668,252,-0.24481468586682148,-0.8254825159083062,0.16990973057424208,-0.0262729229342191,-0.6310561697727584,-0.31154331278157266,2
WBD,-0.010951624365255541,-0.028920978834087285,-0.04901962006502991,0.9886105073909397,1.0295261127812143,-0.1140528066180718,1.0362284553291334,0.8006992383186793,0.4575833164031603,1.6624278269106612,252,-0.2389707216025913,-0.4996012039341577,-0.5008627418208154,0.35797329243325887,-0.6792573023643862,-0.3121437354577384,2
ARKK,0.14454417168300826,-0.07772059620102567,0.042394444336087744,-0.047436810693390674,0.08570313324294832,-0.05227313871216742,1.6025881138414697,0.5325740623980788,1.3437893789052777,0.36655600210157624,252,-0.17750956251030697,-0.78991836845437,-0.17964047927238833,-0.1396740637959957,-0.29681888495189745,-0.31671227179699163,2
ORLY,-0.0034903317607341,-0.06967001901232206,-0.08611935563598339,-0.08528277219545066,-0.1501211104771243,0.04214724395232271,0.7794753144865569,0.1585096984043871,0.2446507573953353,0.48440356231101006,252,-0.2360215763301478,-0.7420241252556724,-0.6312284692187138,-0.2640165665389049,0.287677324588881,-0.3171226825509116,2
PFE,-0.4328178187071561,-0.030036966205736038,-0.054624534551906634,0.06033002985913227,-0.007672531070580413,-0.0004233854217809514,0.06717173175566338,0.4595995423206847,1.514244750733282,0.27710153336671045,252,-0.40571725716845497,-0.5062404012651788,-0.5205579968634626,-0.1889080340310825,0.024149781014470784,-0.3194547816627416,2
EFX,0.017056996766807497,0.010111838538916729,-0.12570804356393683,-0.2638124767918013,-0.2759826471154794,-0.008605716814015039,0.9016415246615949,-0.19058389354373995,0.3895295894962435,-0.5919547571262584,252,-0.22790005369322267,-0.26738838189996,-0.7703401911496044,-0.33037928742717015,-0.026501800233208018,-0.32450194288063305,2
WMB,-0.035548243038255656,-0.05929440612091241,0.06410929396704046,0.21397184740760533,0.2465559981018246,-0.09627078184041217,1.1560811474644381,0.2398014483869182,0.23035412746039502,0.8673664786895134,252,-0.24869276381731645,-0.6802978520321823,-0.1033361034080085,-0.05486154632785546,-0.5691801581376547,-0.33127368474460345,2
CTSH,0.3160275330465512,0.06140860174557772,-0.31839098026111046,-0.21366467226829444,-0.4015584349939504,0.03673671908708037,1.2092783922062431,-0.06749946205129476,0.3917362489955081,-0.27441795934623203,252,-0.10972916958461618,0.037784724914440654,-1.4474137824599662,-0.39659134222869563,0.25418422504704224,-0.332353068862359,2
HSY,-0.02948278870749077,-0.023094167851102965,-0.07933943027565937,-0.021846675753476097,-0.032718689167089865,-0.028476239185988256,0.5702992221682751,0.13882863610379992,0.2782340668955827,0.35519962456965737,252,-0.24629533660022038,-0.4649365214212717,-0.607404312854804,-0.20211406379582245,-0.1495074975229893,-0.3340515464390216,2
IPI,-0.28395842527138726,-0.1181310635664089,0.010340636908239054,0.18515877299033812,0.21256202267213453,0.006487773174635652,0.14155258669650939,0.4423053988804121,1.486341947741746,0.27066813225021974,252,-0.34687919790994615,-1.0303270629373504,-0.29227518830452764,-0.0727854710118927,0.0669323443672867,-0.33506691515928605,2
CARR,-0.10353827054430587,-0.06774902053832577,0.05805327941134464,-0.07384659204572086,0.05981934083982621,-0.06759141242432576,1.0945710947377887,-0.14255409941438757,0.3769500951609084,-0.4842924879391816,252,-0.27556645431851245,-0.7305957809343478,-0.12461649073518039,-0.15332175106135787,-0.3916445218409115,-0.335148999778062,2
APO,0.0798837033534987,-0.014064491774238519,-0.040058135053644195,-0.10450723878550983,-0.10244112810460315,-0.06331788105910056,1.280846759036011,-0.11499273872496307,0.3593698742971002,-0.43129029395721313,252,-0.20306721379078332,-0.411217453596217,-0.4693727461619423,-0.2388764526752324,-0.3651898219780274,-0.33754473764044046,2
CMS,-0.07551785016176027,-0.047506007421473706,0.020562989263150033,0.003404754341008509,0.06123594957085654,-0.07234578204427382,0.6552087097552721,0.08452889824833465,0.1719051573087203,0.25903177627397345,252,-0.2644911226456884,-0.6101666774592142,-0.25635459803733024,-0.1525748190570604,-0.42107578385443195,-0.340932600210745,2
ADSK,0.140447271976595,-0.031634994038237996,-0.06426227039103338,-0.21935928688478046,-0.30125917122507295,-0.022537036303662196,1.3319681053554389,-0.030102395640684843,0.35194193438591337,-0.19918739084901368,252,-0.17912890020971875,-0.5157473387001158,-0.5544242879245842,-0.3437067817460286,-0.11274169045410101,-0.3411497998069096,2
WEC,-0.08036693515611848,-0.06167075959441459,0.004292426874490607,0.03555146482307059,0.09357152565652527,-0.06437476662317361,0.46788848668928146,0.09195271822848283,0.15925723093049998,0.3262188970945693,252,-0.26640776857351633,-0.6944351801414865,-0.31352815111869414,-0.13552531475376906,-0.3717323246526261,-0.3563257478480184,2
IDXX,0.015041260007254698,-0.0022380775421588783,-0.1555201147183426,0.05966574653006829,0.05497255788419042,-0.03570275246601699,0.891390309759096,0.25168696819407677,0.4283198731523878,0.49422635152575023,252,-0.22869679238851567,-0.3408601181998749,-0.875097604685588,-0.15587730308369702,-0.19424222006040834,-0.35895480768361676,2
CTVA,0.050158212069414176,-0.05653171873632301,0.06502901996354327,0.0813480702730709,0.21554972195450484,-0.12898768433363086,1.4259269467309772,0.21019667466020409,1.3591797217750206,0.12522013971628104,252,-0.21481649059014044,-0.6638621582455104,-0.10010425426688634,-0.07121015373173176,-0.7717095798108563,-0.36434052732902505,2
AMT,0.04294407598165684,-0.03742675127900319,-0.01517408648010865,-0.13695894494992467,-0.20616568671895064,-0.06551339071578384,0.997015094653693,-0.1406398218577829,0.2604645345983655,-0.6935294363062835,252,-0.21766794495142375,-0.5502034805810055,-0.38193203956473826,-0.2935670604370066,-0.37878081828760035,-0.3644302687643549,2
SRE,-0.05577041637835767,-0.06519513436753077,0.024191987871859055,0.10691821904651788,0.18117933899713679,-0.08807415299894894,0.6716511649668367,0.24323454760478447,0.19410147440762635,1.0470530851196835,252,-0.25668576584331326,-0.715402280828855,-0.24360256527834973,-0.08933254594100914,-0.5184400705246688,-0.3646926456832392,2
BR,0.09572767677273064,0.02285863504236696,-0.18993533348990776,-0.3496234614891198,-0.39608378096172403,-0.016434090143607215,0.7818346431153893,-0.26488029174902605,0.2737048157328233,-1.1139018176670836,252,-0.1968047359893186,-0.1915555369460366,-0.9960301385612624,-0.39370473407815015,-0.07496225346263106,-0.37061147980747977,2
ATO,-0.023689730067726344,-0.07894004769072427,0.04978696759291479,0.1322299397785156,0.140574944886656,-0.09505855472331663,0.5400511882307006,0.16354294458910423,0.16049043230451626,0.7697838607269281,252,-0.24400557631255976,-0.7971730912956826,-0.15366369919968417,-0.11074193077105102,-0.5616760352454335,-0.3734520665648823,2
YUM,-0.08957075218060451,-0.04831443778460365,-0.026343837035195272,0.060415933920106024,0.16388226198625344,-0.07913487077986603,0.7852171561506943,0.12041729450339456,0.2278735114284223,0.3529032137140457,252,-0.2700456628238704,-0.6149761662093235,-0.42118171705049945,-0.09845273567104836,-0.463102690759587,-0.37355179450286574,2
MOS,-0.2336813153191577,-0.06658218235314273,-0.2245888308182078,-0.29804053446521805,-0.3248469365389245,0.09866547221769624,0.5449043894799082,0.22192762363319962,1.116241461460632,0.1629823205054061,252,-0.32700670275570337,-0.7236540635264209,-1.1177999656654198,-0.35614384812635436,0.6375455337493497,-0.3774118092649097,2
LIN,-0.12745136023849535,-0.057965260563853094,0.050584194029087204,0.05025521317401127,0.19239008918676315,-0.1176807312949241,0.9192294304072564,0.08583477278824014,0.18872573002506232,0.24286446147090487,252,-0.28501832534933097,-0.6723905406600745,-0.1508623044551399,-0.08342147965616035,-0.701715464069307,-0.3786816228380025,2
XYL,0.002624428982268334,0.030548205177843624,-0.13471062568194492,-0.17046974407075188,-0.14918051250229114,-0.08102849314476904,1.048269665002215,-0.05402858524807552,0.2574147589731036,-0.36528047429440613,252,-0.23360466029519417,-0.1458089856703427,-0.8019745990021581,-0.2635206196234363,-0.47482489589531884,-0.38394675209729,2
SPGI,-0.06627799751302799,0.02135261779318043,-0.17359363330755062,-0.20561007585886304,-0.126422212408836,-0.049363696157411666,0.9791889429405295,-0.06748462240556152,0.3025105007151122,-0.3553087319331921,252,-0.26083898497981395,-0.20051508788297862,-0.9386066125332411,-0.2515209034485657,-0.27880838661305807,-0.3860579950915315,2
DD,1.892868159032715,-0.0719592854972737,-0.0016379210372629016,0.5303601966297402,0.5660951277301001,-0.24261457577475679,1.4349241312078103,0.40312890849661287,1.596526025405665,0.2274494137383978,252,0.5135317483300516,-0.7556433581636867,-0.3343669551516708,0.113621110397776,-1.4751010030932041,-0.3875916915361468,2
NI,-0.06140198365199645,-0.06647761431739274,0.026751504171991458,0.07842362910248757,0.126755909345448,-0.10213099912771627,0.6142164059188069,0.16466802844455664,0.1865166183637585,0.6684017195798598,252,-0.2589116951670654,-0.7230319706233124,-0.23460861426715218,-0.11802826163161621,-0.6054570158971263,-0.3880075115172545,2
FIS,0.0828947420055397,-0.016289002392800844,-0.16424426036983308,-0.4115364747815544,-0.45628376275727645,-0.002566682981729688,0.9087637767070517,-0.37899970502277947,0.32382122644591776,-1.293922914261946,252,-0.20187707276877995,-0.4244514429197409,-0.9057536073842222,-0.4254462390373345,0.010881996407417152,-0.38932927314053206,2
RMD,0.02590274554836136,0.05209006479747669,-0.16302449587301404,-0.20142162667080965,-0.21010725011672016,-0.08923858571100682,0.814639215175881,-0.1753117169899524,0.2739810629339888,-0.7858634997770931,252,-0.22440368924498566,-0.017652825013612237,-0.9014674451398086,-0.2956453194398438,-0.5256483288186599,-0.39296352153138203,2
CBRE,0.030971849485271763,0.02929975919067407,-0.14304588288169573,-0.06276492108960718,-0.0869819356716266,-0.09027939081341946,1.7274013615827097,0.2021322671178606,0.31822629339567365,0.5094873380442824,252,-0.22240007878451332,-0.15323620167341853,-0.8312640764383488,-0.23072532008946536,-0.5320912876381826,-0.39394339292478575,2
LYB,0.1574212446607821,-0.16780814101955188,0.28905646874928337,0.14848762603116406,0.06819047771436337,-0.17605641211033715,1.316468724238132,0.24422216467528335,0.45787911808557585,0.44601764223088025,252,-0.1724197796927428,-1.3258643856873107,0.6871116347033394,-0.14890792111171555,-1.0630819741714035,-0.40463248519196665,2
IT,0.1120891869009033,0.0355192105452411,-0.2767520363433037,-0.5523401481298847,-0.5887563246596869,0.007886118250673011,1.0905898464525192,-0.5433710591784887,0.5640159379416407,-1.0343166211002546,252,-0.19033769699190725,-0.11623563528470354,-1.3010976125901423,-0.4952947399033572,0.07558860452541495,-0.40547541604893905,2
MSCI,-0.05060429977511183,-0.024101318620480705,-0.053014182607379,0.034250615171586674,0.11699983145794213,-0.11240780556127995,1.0447288733873317,0.10218167384224186,0.3154954967743491,0.19709211217907135,252,-0.25464381022450777,-0.47092823142611673,-0.5148993392104056,-0.12317232622120608,-0.6690741527598992,-0.4065435719684271,2
TT,-0.03925714625638366,-0.053604725843663714,0.09732494245394951,0.05589248131128888,0.11699470616368002,-0.17588249072993228,1.1885637282885906,-0.01613938373821422,0.2935748868380002,-0.19122679171530405,252,-0.25015874229738094,-0.646448983245016,0.013381229191500262,-0.12317502862323987,-1.0620053381238037,-0.41368137261958804,2
EXE,0.043320108601133,-0.04891704955542531,-0.14827528347766106,-0.06767401144120377,-0.10028283468526555,-0.028905908941299824,0.8003072941161207,-0.08409285371027297,0.31325257203738205,-0.3961431279021209,252,-0.21751931456245593,-0.6185612053971508,-0.8496398034363001,-0.23773845430330698,-0.15216730821477942,-0.4151252171827986,1
KKR,0.10453970130886714,0.0016723523845989519,-0.08942239410446873,-0.2881795456605537,-0.3222896012692422,-0.09621625461541616,1.4035205076216126,-0.26499964503358475,0.37044423202052884,-0.8233348468405431,252,-0.19332170136263008,-0.31759631021025625,-0.6428351021485846,-0.3547954478823046,-0.5688426149565368,-0.4154782353120624,1
RKLB,1.1878033408538586,-0.18381576972838365,-0.04466265722571283,0.613875125474665,1.1027783007751322,-0.13908386991916677,2.070986182938923,1.0738065087778157,1.8169154607849056,0.5689898793261478,252,0.23484832368612796,-1.421096472088646,-0.48555269658594075,0.3965968039216265,-0.8342086085061226,-0.42188252991459096,1
FDXF,-0.0661427690883093,,,,,-0.09855245657004728,1.4684792311771784,-0.05283125959026183,0.8624702391661775,-0.10763415985229777,44,-0.26078553468767324,,,,-0.5833045473134069,-0.4220450410005401,1
PEG,-0.06383238065611108,-0.03837471003026438,-0.056657736109379075,-0.12088462677887624,-0.061924809991907526,-0.0938006983293456,0.6432718779878089,-0.032534589214836984,0.19194976745483922,-0.37788318358813583,252,-0.25987233217927724,-0.5558430472743036,-0.5277025167881264,-0.2175135074725309,-0.5538894506788873,-0.4229641708786251,1
PPL,-0.046896166192992084,-0.05737900153169806,-0.014946401742298776,0.016422694995104292,0.04476406107519315,-0.11220673316414018,0.588796451369465,0.04809617031264091,0.17740436092835296,0.04563681676298053,252,-0.25317813595023114,-0.6689027866760664,-0.3811319722325812,-0.16125991355007663,-0.6678294421301076,-0.4264604501078127,1
TEL,0.017904191746342946,-0.027373785500112713,-0.09161452161766859,-0.012928287461682064,0.0016160060269396759,-0.10065782006252694,1.1362021129716857,0.18303574688548463,0.35165158999864254,0.40675415938269116,252,-0.2275651920008638,-0.4903966895153953,-0.6505380761296443,-0.18401048859085642,-0.5963375063666717,-0.4297695905206863,1
UBER,-0.03923146791579768,-0.048056449392446465,-0.10668333029301258,-0.18507120072671834,-0.16672425362560817,-0.05698532103422821,1.2884778094496288,-0.14866780243377953,0.3426985598333648,-0.5505357318265889,252,-0.25014859269452294,-0.6134413496978124,-0.7034887555279906,-0.27277086736868655,-0.32598899238194734,-0.433167711534192,1
ADI,-0.04738040869571336,-0.09408299180919166,0.16251351904574718,0.6209455159260531,0.7773195706594807,-0.24758690219077523,1.350565276938518,0.3208950303774917,0.347892248446966,0.8074196295877297,252,-0.2533695373016205,-0.8872610230494249,0.24244906686301565,0.2249929331586792,-1.5058814962531335,-0.4358140113164968,1
Q,-0.06338624769207446,-0.07324465934455471,0.3819615070834588,,,-0.28445614966077026,2.3924206073433414,0.3570963639910578,0.5754205245702599,0.5510689147347919,182,-0.25969599397737203,-0.7632902642425831,1.0135730694001135,,-1.7341154303540762,-0.43588215479347947,1
PEP,2.450183085421269,-0.1005675174980113,-0.16987080838540547,-0.028993219993813657,-0.009553296355008789,-0.14610096901296746,1.0455136782584007,0.05017592135866811,1.5817542287049449,0.006433313832199837,252,0.7338156545563004,-0.9258385614157816,-0.9255248810469806,-0.1898997007861571,-0.8776469817318755,-0.43701889408489886,1
EME,0.04475882497432493,-0.10422484814604316,0.1234941679153454,0.2916857651022535,0.2621777700718275,-0.18063071464661767,1.133894534763588,0.3682367699867989,0.4485017975238369,0.7318516264572024,252,-0.21695064853965249,-0.9475966390553173,0.10533795233821458,-0.046624690806186066,-1.0913985560184525,-0.43944651641627874,1
ICE,0.135160463961711,-0.020835657044136924,-0.12524350878284995,-0.1727818836857805,-0.259834742735483,-0.08135220682690202,1.090434941557571,-0.12593459679964636,0.24268345285189497,-0.6837491178309263,252,-0.18121856023108868,-0.4515002592353132,-0.7687078502796217,-0.32186501928837224,-0.4768288002943885,-0.44002409786575686,1
SWKS,-0.037244273975502895,-0.12459147151425531,0.10264688053455795,-0.08428451804997772,-0.046922855843847255,-0.11815921137085106,1.4730261575578534,-0.10306665498857903,0.4500340843533081,-0.3179018211346449,252,-0.24936313581391523,-1.068761120789888,0.03208212606765724,-0.20960346185814352,-0.7046774282430158,-0.44006460412746107,1
FICO,-0.17725424923484523,0.009724718772633922,-0.28540776882653174,-0.27225209671348494,-0.06846860781926378,-0.02042728510151784,1.0063712964096179,-0.19467486603049267,0.5364866624643791,-0.4374290778311274,252,-0.30470338026174776,-0.2696914227625938,-1.3315132164744221,-0.22096384059546006,-0.09968156989613551,-0.4453106859980719,1
TDW,0.6935567210876421,-0.11019340122735033,0.09593064069552493,0.30220265292246173,0.21680944552790749,-0.2016743644805447,1.2516340235902554,0.5802482891088176,1.3615796718183877,0.39678051919453,252,0.039492752022656105,-0.9831045692471516,0.008481755916237814,-0.0705459422011011,-1.2216663352387498,-0.4454684677496218,1
DHI,-0.08683864310043332,-0.031616510213801075,-0.02141628596764067,0.025503662785947734,0.05591054559190489,-0.1472738197364803,1.3571276977901292,0.17624766637222455,0.3948779835006588,0.34503738386315286,252,-0.26896577130846405,-0.5156373753071722,-0.40386666697464424,-0.15538273247772597,-0.8849073505516708,-0.44575197932393545,1
MPWR,0.0412487644048527,-0.15165226038547397,0.19737344524042522,0.8990503183421545,0.7254516589023277,-0.22239330501084964,1.3271952716934285,0.6399049586243881,0.5384321426921719,1.1141700338037972,252,-0.21833803261411922,-1.2297503235473441,0.3649442697389174,0.19764465946893803,-1.349924046804014,-0.4470846947515243,1
CME,0.11859677444943562,-0.08119012886190258,-0.05766292363382852,-0.011942756707347457,-0.13131060760819324,-0.08009889435911256,0.9439184963987698,0.06001326490179115,0.2342544336140659,0.08543387885141589,252,-0.18776551250980608,-0.8105592041548251,-0.5312346714188657,-0.2540983962622647,-0.46907034426910243,-0.4505456257229728,1
VRT,-0.14086777235895198,-0.21339973580824678,0.3874218794263815,0.7752705936488982,1.2517186532227589,-0.3091006855857357,1.296044662644708,0.6422761970772968,0.6379871559549337,0.9440255833611805,252,-0.2903212869774839,-1.597096482149931,1.0327604140373032,0.4751282385638254,-1.8866739926850378,-0.45324062184226477,1
TSN,0.00679235065417938,-0.061091079466428555,-0.07740756723772257,0.17311319010185722,0.15733916956622185,-0.11289135742937015,0.7722351678584859,0.17244333999511552,0.2574127236587648,0.5145174570728951,252,-0.2319572505036009,-0.6909865651693611,-0.600615888994152,-0.1019026968554914,-0.672067513155603,-0.45950598293564165,1
NEE,0.020601156692647393,-0.08930010410854106,-0.022420847920577747,0.22836656404966704,0.19310367442797371,-0.12208226813695956,0.6597742593605109,0.4896330901980739,0.7639585983046691,0.58855688148006,252,-0.2264991915311168,-0.858806816430743,-0.40739662339334787,-0.08304522921891587,-0.7289625639827387,-0.46094208491137245,1
VICI,-0.03346818056411083,-0.06502455633197102,-0.03288860806263949,-0.1416757815240025,-0.14139046205168238,-0.11294576201520584,0.9675208400887532,-0.12927768365752745,0.18258761320279293,-0.9271038746178107,252,-0.24787059978527004,-0.7143874832897521,-0.44417955847752744,-0.2594131777665592,-0.6724042971561042,-0.46765102329504254,1
DIS,-0.02130656026715605,-0.04805818664346484,-0.1300872142059002,-0.17059799732915704,-0.15240997795939482,-0.07478597165190523,1.1433025444098277,-0.12039244314833608,0.25502551521908384,-0.6289270428903881,252,-0.2430636062916383,-0.6134516848974907,-0.7857282729607871,-0.2652234123945422,-0.4361814372734554,-0.46872968276358273,1
ULTA,0.13998653556449314,-0.01135452377835322,-0.18760815458971447,0.02116456607099093,-0.10879802169787556,-0.09169500878207323,1.0840242670166598,-0.04374940903279145,0.33518114170038804,-0.2498631295541485,252,-0.1793110105602456,-0.39509539635568286,-0.9878526039928957,-0.24222823723558537,-0.540854473228905,-0.4690683442746629,1
NVR,-0.0907056740610076,-0.0025487002644227763,-0.19608798453763998,-0.18690469322354386,-0.13749052858293254,-0.07893086773869727,1.0153466326255378,-0.10957794927079134,0.2865487097085548,-0.5219983346737986,252,-0.27049425124890486,-0.3427080652295641,-1.0176500993755124,-0.25735686887996817,-0.4618398383866875,-0.47000982462412744,1
TXT,-0.08183783453864024,-0.10316598794182508,-0.03512727853929409,0.0930556062875163,0.21617227454980847,-0.11203503600258027,1.275906615204588,0.043261982675845356,0.27403767568283754,0.011903409513736607,252,-0.2669891552299752,-0.9412973008904211,-0.45204608099047416,-0.0708819018668343,-0.6667665747990434,-0.47959620275534964,1
AOS,-0.031158298174433607,0.006889084668486145,-0.1684415615517706,-0.12774880220038598,-0.09873468929292317,-0.12161729874557965,0.910005402338335,-0.08503890823687776,0.26232687827715767,-0.476653056133919,252,-0.24695759729488534,-0.2865610889024503,-0.9205026133614979,-0.23692216726827992,-0.7260842358173071,-0.48340554052888407,1
VMC,-0.07905933911965157,-0.05901019535439378,-0.06732834045364056,0.023956571034889462,0.116812670019379,-0.1353823512035035,0.8979134669748634,0.12681064627943106,0.2605613077553417,0.3331678330419777,252,-0.2658909290828796,-0.6786070341874156,-0.5651982313992016,-0.1232710103993923,-0.8112948731685184,-0.48885241564748155,1
ICL,-0.9184760058791501,-0.08594026688347489,-0.05598713278656808,-0.15316492353986777,-0.1687933797431933,-0.038284445916903095,-0.43079840869032354,-0.14712308213824732,1.613791350215287,-0.11595246319376062,252,-0.5976781709990999,-0.8388185774022232,-0.5253460663005884,-0.2738618507039566,-0.2102238332847602,-0.48918569973812576,1
MTSI,2.558248104369869,-0.1836609352340961,0.07224322252796878,1.0168261609623355,1.6617923827785552,-0.3977398443199028,1.8176272410327792,0.6947958758404638,1.6609548751870764,0.394228576358351,252,0.7765293580177695,-1.4201753355351874,-0.07475407992107644,0.6913468640865351,-2.435382341825086,-0.4924871070354091,1
FOXA,0.03930597094008448,-0.07340170202342144,-0.1895033358777034,0.06276433390153224,0.015533814169602644,-0.0540751788024445,0.8553257689449113,0.10552771217778634,0.3443931278269394,0.1902700921799885,252,-0.21910593979396675,-0.764224537659,-0.9945121308967207,-0.17667207812951058,-0.3079741627900543,-0.49249776985385035,1
T,-0.28620816015934425,-0.06488334527309159,-0.10942915190279945,-0.1406044680793861,-0.26339780397768486,-0.06504750712775616,0.5012122812534403,0.05607435417448381,0.9285987327534371,0.017310333955357544,252,-0.3477684265410615,-0.7135473948541295,-0.7131373696206741,-0.3237437063363736,-0.3758968309153288,-0.4948187456535136,1
QCOM,-0.15540425185616136,-0.1559244768853416,-0.008054072740953155,0.03568777922713107,0.2849075768645515,-0.09172569766564848,1.2569857462917555,0.05715613453467905,0.513670520872241,0.033399102805329345,252,-0.29606696564999546,-1.2551664609553874,-0.35691283778598604,-0.03463999822799246,-0.5410444484823257,-0.49676614222033744,1
TTMI,1.239664306775246,-0.2760264811910679,0.20911947130107866,1.7966917569688712,2.5739234956061168,-0.3936689194830361,1.5731910105390592,1.3460939809852621,1.6857430050665858,0.7747883141497433,252,0.25534685263789836,-1.9696735662273956,0.40621893673763976,1.1722841231636019,-2.4101818494173295,-0.509201100621117,1
VST,0.020787814142396943,-0.005628998211902769,-0.023577166326086085,-0.256742936664617,-0.24035227774068513,-0.20490343039610953,1.014250826138745,-0.12419299309980326,0.49270647858203725,-0.3332470755658322,252,-0.2264254134386772,-0.36103327788985196,-0.41145984076451686,-0.31159254509810264,-1.2416554174130034,-0.5104332989208304,1
BKR,0.14456235779808546,-0.12309012169220401,0.08566486841348442,0.3641018568821892,0.24498258169124365,-0.21325720336682136,1.1867967982988936,0.4535413738253098,0.3428087497996195,1.2063326098503475,252,-0.1775023742792394,-1.0598293371651633,-0.02759140876413782,-0.055691157954133506,-1.293368283840324,-0.5227965124005995,1
EQT,0.013666564283992821,-0.08831786449036616,-0.07101995331136457,0.0037926174926978806,-0.0004607087275251276,-0.13069433695480764,0.8276212347871538,-0.06353851450270054,0.32378713499837997,-0.3197734045338725,252,-0.2292401536542097,-0.8529633070711563,-0.5781702859991114,-0.1851054731691163,-0.7822743748257766,-0.525550718943874,1
DOW,-0.40994027811231915,-0.2022292472458328,-0.022090504945808442,0.3690810198942591,0.2311461932892489,-0.041712170216517075,-0.7019272428452422,0.5613474064405192,1.4697025158183108,0.3547298863744816,252,-0.3966746965470536,-1.530641359328771,-0.4062358226077406,-0.06298663841741103,-0.23144268247746388,-0.525596239875688,1
OTIS,-0.01599669372038448,-0.06063750070328322,-0.14845430938041027,-0.1430721509795133,-0.11714373230846953,-0.1078365253972176,0.7503543836220145,-0.2956043980483213,0.24392168387177915,-1.3758694705663659,252,-0.24096483217115577,-0.6882881485114437,-0.8502688872202082,-0.2466286607379336,-0.6407762804865194,-0.533385361825452,1
PLTR,0.5638132397412323,-0.0648777420686284,-0.07939656932105232,-0.3088609122887702,-0.2519049802114596,-0.1699905230088884,2.022954143656487,-0.12009467766290949,1.6467920816838917,-0.09721608419394884,252,-0.011789565254548212,-0.7135140604445633,-0.6076050952350781,-0.317683911770163,-1.0255319337326783,-0.5352249132874062,1
ASTS,0.044202881408613504,-0.10299941635347976,-0.37714902293307984,0.30721652630678165,0.6772045823335093,-0.010655821286951694,1.5672425848944915,0.9168201425760477,1.75284465910569,0.5002269528113265,252,-0.21717039040282105,-0.9403063383823665,-1.6538851994531731,0.1722055351619531,-0.03919268603327926,-0.5356698158219374,1
ASIX,-0.6686274209490238,-0.1956147068625651,0.10296324065309004,0.047931183410188316,0.062482488459144614,-0.09673987441957453,-0.7858906162663554,0.2766777926455587,1.6400872420296182,0.14430805055996196,252,-0.4989231948671002,-1.4912903415895271,0.03319379213043132,-0.15191755938481022,-0.5720840103219694,-0.5362042628065951,1
FOX,0.033425604841888834,-0.08220622308253,-0.19885911467682615,0.032393211708073855,-0.00607117088147846,-0.07378015433233097,0.8708409905589908,0.06549153266930241,0.3317853706075216,0.07683139441207332,252,-0.22143020916630335,-0.8166041202614375,-1.027387645769026,-0.1880636885534303,-0.4299550654436501,-0.5366881458387694,1
DECK,-0.057264329035978,-0.02165937369233739,-0.1729931060548524,-0.07040593955955754,0.02244798963790151,-0.15150766833960458,1.084603658015239,-0.047762182876606274,0.4610113303178154,-0.1903688198207713,252,-0.25727624871071814,-0.4564006886767061,-0.9364964041741939,-0.1730264568457531,-0.9111163998105481,-0.546863239643584,1
SLB,0.08996227481727614,-0.13127360011792433,0.028100407449410003,0.4950777274762612,0.4211452259958117,-0.2064569419117631,1.149675531220862,0.3941770914326368,0.3516603773972584,1.0071566607930222,252,-0.19908356471537092,-1.1085142322659403,-0.2298686678970827,0.03719371146005575,-1.2512722137736365,-0.5503089934383949,1
DOV,-0.04407848547937521,-0.0930018734971122,0.018715712070416446,0.13959922358101973,0.24013447155367085,-0.21413761265556486,1.0668811396823032,0.08104009988585448,0.26403601944035926,0.15543371685742544,252,-0.252064421451113,-0.8808292676421288,-0.26284579349277193,-0.0582474097566184,-1.2988183347466375,-0.5505610454178539,1
TMUS,-0.008224463039254726,-0.09713726074458384,-0.0980862018210763,-0.24760861428349723,-0.21915850878000176,-0.10904886820525878,0.8578317033266182,-0.1965998836280397,0.2927611567996964,-0.8081669242409726,252,-0.23789278573302197,-0.9054313847212762,-0.6732790818058242,-0.30041775562966067,-0.6482811195474034,-0.5530604254874373,1
GNRC,-0.1959550742025492,-0.21666539382609173,0.20893835999247767,0.04345365118388256,0.33145685615524223,-0.20386214368878575,1.3053227774005773,0.2923754285065425,0.5656436774640922,0.4461738698079299,252,-0.31209505519899344,-1.616524433170624,0.4055825249917771,-0.010096067559211531,-1.2352094772854503,-0.5536685016445004,1
HCA,-0.015663806761951893,-0.06513697417261799,-0.1695536510323844,0.14921811808995966,0.176288979142583,-0.13651487004645993,0.9797062881997813,0.13435725588543868,0.3069228753314053,0.30742985769162623,252,-0.24083325550585724,-0.7150562760077914,-0.924410413561165,-0.09191107465390291,-0.8183055731070444,-0.5581033185671522,1
NKE,-0.43064472712556867,-0.028875971933001954,-0.32891477222480536,-0.4319417418243884,-0.4214721414702778,-0.007952035450155619,0.5205995407693427,-0.38386198803111304,1.1767155824053679,-0.3602076783624137,252,-0.4048583225167644,-0.4993334502792738,-1.4843936092220034,-0.40709119611604,-0.02245527692286595,-0.5636263710113896,1
PODD,0.029730055427218627,-0.03239258675973966,-0.3379070531502859,-0.4127253859166876,-0.43922641459111045,-0.036286990962828815,1.1127861473670368,-0.3599518225378052,0.3986832186070841,-1.0031819847726557,252,-0.2228909094313957,-0.5202543857352125,-1.5159918194457531,-0.4164524505799617,-0.19785886698788088,-0.5746896864360408,1
KR,-0.0024046614000868827,-0.13846889630509762,-0.06636795982836985,-0.1541868222389079,-0.16668924134984886,-0.11217740241924815,0.6135721305504623,-0.11613234395532479,0.2820614936261388,-0.5535400878301806,252,-0.23559245502620718,-1.151320264355005,-0.5618235248988596,-0.27275240652714644,-0.6676478742447781,-0.5778273050103991,1
WYNN,0.015640695702752172,-0.07844893871840697,-0.08907389840453372,-0.09835218490262454,-0.10337658757743129,-0.1672948051994453,1.4553107413955866,-0.022525319263999477,0.34148421676733426,-0.18309870908792333,252,-0.22845985985668615,-0.7942514010856649,-0.641610514029077,-0.23936969022465113,-1.0088444686203002,-0.5825071867632758,1
AZO,-0.0503960036508887,-0.1652759882380368,-0.190110679841495,-0.203884683948802,-0.2335275499495726,-0.015597053674753694,0.7226983633531785,0.0787841705188409,0.2647624648896488,0.14648666507545124,252,-0.25456147924479944,-1.3108001811847674,-0.9966462926744776,-0.30799408668390615,-0.0697806959483945,-0.5879565471472691,1
TYL,-0.026328198174490502,-0.07682561519071351,-0.16154571948826635,-0.47015702853928154,-0.4515430303867235,-0.10498574757588434,0.9188663888238514,-0.4307749858459431,0.39830254551593497,-1.1819532442006668,252,-0.24504845536261083,-0.784593975288343,-0.8962711342742562,-0.42294660406134527,-0.6231289379976305,-0.5943978213968372,1
META,0.019300050658444645,-0.02307897265549541,-0.16928140957770677,-0.22929076300464168,-0.19700080527294983,-0.17744298871672926,1.0475803620205968,-0.05868969609839747,0.40134522343325624,-0.24589727331041622,252,-0.22701346578801854,-0.4648461226365856,-0.9234537772207514,-0.2887347146257316,-1.0716653832596077,-0.595142692706139,1
HUBB,-0.038000430165651355,-0.07558916545662553,-0.034154121374560975,0.08404071256807488,0.1753812666913761,-0.23571092958211065,0.7058893995672014,0.05345722998221558,0.3089733079610969,0.04355466843080825,252,-0.24966201357834625,-0.7772381270206598,-0.44862647867524263,-0.09238968209550227,-1.4323649442281319,-0.6000562491195766,1
ACN,0.22489184794694927,-0.06445580294836217,-0.35644965368433834,-0.36478608716175476,-0.45913196115970567,-0.03022888016309999,0.8886181548508107,-0.260670297997312,0.43376569832007644,-0.6931629198937876,252,-0.14575139644374227,-0.7110038733651287,-1.5811491465605858,-0.4269480020116569,-0.16035697704106924,-0.6050418790844365,1
CCI,0.011227162238679478,-0.12207184685740258,-0.08601153896324332,-0.22745967267900336,-0.26530617436262693,-0.13599880914499476,1.0113989818744962,-0.18013196752556215,0.2943379163697401,-0.747888584116488,252,-0.2302043499926786,-1.0537714482165887,-0.630849609403379,-0.32474992836885397,-0.8151109700744512,-0.6109372612111903,1
TSCO,0.0012594146061226663,-0.05237407821315421,-0.3671069718852268,-0.4299674371787824,-0.46468169136440496,-0.028005727900952102,0.826090495360671,-0.3905810636130058,0.30382626595881346,-1.4171949954826326,252,-0.23414419491842928,-0.639127652671324,-1.6185981746463127,-0.42987419540176214,-0.14659486303783784,-0.6136678161351332,1
CMCSA,0.03152584998475083,-0.08516507309206567,-0.15416474344641817,-0.17385955013649013,-0.1957268028733461,-0.14339549069955526,1.0477694872603733,-0.15576740113744647,0.3109809014653925,-0.629515832692486,252,-0.22218110493633855,-0.8342068186299492,-0.8703349302611109,-0.2880629743314842,-0.8608990955810293,-0.6151369847479824,1
ON,-0.11499668629020743,-0.21644177119843178,0.34797135047036254,0.4323989084930213,0.6664907242164531,-0.3692345420261584,1.5903543239594269,0.2479577234273654,0.6263366298833535,0.33202229201586797,252,-0.28009549967537734,-1.6151940643954625,0.8941341725174073,0.16655646400924948,-2.2589242437710775,-0.6187046342630521,1
LEN,-0.04004715432243022,-0.04265182050633276,-0.21804933375035285,-0.23452991626144282,-0.23361892093465475,-0.14331981874662267,1.4171401597554092,-0.14238283450306144,0.37922635021022116,-0.4809339709699997,252,-0.25047100033049463,-0.5812882997732121,-1.0948206565423972,-0.30804226365156634,-0.8604306589107945,-0.619010575841693,1
WMT,-0.010262845747881277,-0.15726866873216072,-0.06722297332092686,0.13918833864951763,0.13285741156003583,-0.15984797673090873,0.7398487147368753,0.21860274071013253,0.24370556177783106,0.7328628013543321,252,-0.23869847545023448,-1.263163285246147,-0.5648279790863843,-0.11481113669193523,-0.9627459156370263,-0.6288493584223454,1
NEM,-0.02699920364657382,-0.12870128750077003,-0.15592347054234623,0.5366170894671085,0.5856223985562035,-0.18773964209017763,0.48175750971354314,0.5367260828366893,0.4778043397214709,1.0396014467475296,252,-0.24531367651404765,-1.093211110119377,-0.8765149672243544,0.12391720925493359,-1.1354053798355719,-0.6453055848876834,1
LOW,-0.07528723946226257,-0.09839217281212531,-0.20848503452398315,-0.04559982519953243,0.002537645629693941,-0.13536140399361588,1.0920586928385903,0.08482111246581236,0.2688010306996589,0.166744570692858,252,-0.2643999716226356,-0.9128970685284132,-1.061212416308118,-0.18352453781232037,-0.8111652023873347,-0.6466398393317644,1
CEG,0.1395611897531348,-0.1128825477468185,-0.025831759945871502,-0.21207075345811155,-0.27469385679002123,-0.2253496805848452,1.0986348753579627,-0.12091422346057645,0.46712998241707354,-0.34447419244630156,252,-0.17947913244678854,-0.999102756008352,-0.41938231602496334,-0.329699749937511,-1.3682250774524443,-0.6591778063740118,1
FISV,0.040703175595036,-0.12359189540731075,-0.14545740662715811,-0.6133475560913495,-0.6273211611527535,-0.11444406705288578,0.9534053979249238,-0.7677519215411237,0.509555028487608,-1.585210382357688,252,-0.21855368166374822,-1.0628144737309932,-0.8397379925559787,-0.5156287319127243,-0.6816793455148007,-0.663682845075649,1
STZ,-0.03728341194753082,-0.13398344797992612,-0.14979103738544253,-0.1909284286225339,-0.19697083961077144,-0.13449800324205394,0.7223353238523122,-0.18044536849969073,0.29027271063254817,-0.7594422776405916,252,-0.24937860546124002,-1.1246355748097143,-0.854966050583432,-0.28871891470044475,-0.8058204404581669,-0.6647039172025996,1
BG,-0.0102385529519472,-0.14931711283447957,-0.06381576436643044,0.3582860862649233,0.43388342732646845,-0.2247404703795504,0.7873396273767801,0.41764053119810784,0.31916224325470893,1.1832243292535392,252,-0.23868887349678206,-1.2158581364294936,-0.5528552987717212,0.043910153369976716,-1.3644538466465528,-0.6655892003949146,1
NRG,0.01781271114084726,-0.09281476862195137,-0.08277039753904636,-0.15833462636637285,-0.1514194109174266,-0.2253787486293595,1.007285761239843,-0.028513027131125912,0.46773458789843947,-0.14647842794555604,252,-0.22760135056071634,-0.8797161491433472,-0.6194604781100629,-0.2647011184047895,-1.3684050191277257,-0.6719768230693284,1
APTV,-0.04228218525346461,-0.06761448237889278,-0.25544552441083956,-0.17832164878508783,-0.09017519948280495,-0.1577960432573909,1.4414915390349319,-0.14587446396433734,0.39945865099279493,-0.46531590566977105,252,-0.25135441708592793,-0.7297953907043865,-1.2262281052030766,-0.23240902490257861,-0.9500437076639584,-0.6779661291119857,1
SBAC,-0.02476155248094225,-0.17157174961571553,-0.009768731061420066,-0.18015829935230432,-0.19137026919598032,-0.21394381099033685,1.0976054431748292,-0.12978731384908448,0.3368828272972149,-0.5039951582313503,252,-0.24442922408652845,-1.3482547287874675,-0.3629380203309942,-0.2857659149105264,-1.2976186325686556,-0.7078013041368345,1
LVS,-0.00276656870550418,-0.12376551056283269,-0.10148746741410641,-0.08780015953755205,-0.09082165048464896,-0.21866521723614563,1.4826198668758748,0.07203576282037683,0.3513856851494217,0.09116980051920463,252,-0.23573550225346473,-1.0638473396096304,-0.6852308775877858,-0.23274987762493637,-1.3268458394121547,-0.7088818872975944,1
LHX,-0.08895287339251567,-0.11824683367372069,-0.19125719619570214,0.017616484888863138,0.10024434481730204,-0.1880981912465218,0.9369695933675286,0.08763713878114088,0.2743067469812175,0.1736637516407962,252,-0.26980144048822163,-1.0310157988558768,-1.0006750663622022,-0.13200695285122135,-1.1376249283790458,-0.7142248373873137,1
CPRT,-0.025158315973240697,-0.12067932797578773,-0.2790784169364279,-0.3546217079407974,-0.3575038266419104,-0.10762546069529681,0.8270078743209986,-0.2888332394233032,0.2744442142202306,-1.1981788005901541,252,-0.24458604854572216,-1.04548711823483,-1.3092723419665004,-0.373362770927292,-0.639469713887664,-0.7224355987124017,1
NXPI,-0.19494432573519727,-0.25207789732078867,-0.018473045028736368,0.047768861990337586,0.3600220698830803,-0.19949982441548053,1.5396988836246717,0.011845301221062976,0.4897336215574816,-0.057489822098384186,252,-0.3116955474699554,-1.8271993965794104,-0.3935243359579256,0.0049654465170155876,-1.2082051482613476,-0.7471317963503247,1
LULU,0.026006939315359245,-0.09035783447652401,-0.3036676095344959,-0.3940557379149827,-0.4018517648869482,-0.14928434999874346,1.2389137691273502,-0.4218971433062372,0.445556580749236,-1.0366744949194182,252,-0.22436250568985025,-0.8650994330090807,-1.3956769464695016,-0.396746005601932,-0.8973532577202064,-0.7558476296981141,1
APP,-0.22608432477151186,-0.11326088283372959,-0.1378326255503175,0.044023499237412,0.43415871184387345,-0.2782229356046748,1.9632195953072114,0.33735379148272604,0.7229595589862431,0.4113007260042111,252,-0.32400392160960395,-1.0013535353299323,-0.8129450756784175,0.04405530199982303,-1.6955295881213666,-0.7579553637478995,1
MLM,-0.0970979534761438,-0.11798243725006685,-0.16764066004075195,-0.05351909061575477,0.05308955583334285,-0.24136900541176423,1.0316985599329218,-0.009933768498065043,0.27406769676398834,-0.1821950163687667,252,-0.27302085911921714,-1.0294428598828662,-0.9176883046757032,-0.1568701492134204,-1.467390473487828,-0.768882529275807,1
TRMB,0.07786570856202468,-0.164425610948148,-0.1542899488254964,-0.318512354453542,-0.36507742487622086,-0.2189856675523471,1.2628559634620908,-0.20747241582824238,0.30710734684291335,-0.8058173090688889,252,-0.20386484499418697,-1.3057411430837809,-0.8707748927046827,-0.37735608452545305,-1.3288295423995855,-0.8173133015415377,1
CRH,-0.09964657732288207,-0.15836213466088056,-0.2034198043623623,0.02157549539593151,0.13766901684074928,-0.23337643321166782,0.9335911958689349,0.1049033289403507,0.3281885682492642,0.19776230868302408,252,-0.2740282263901764,-1.269668498709982,-1.0434135720766116,-0.1122741327207698,-1.417913570052292,-0.8234595999899664,1
LII,-0.2530919637851453,-0.18913922416188078,-0.13542518572832563,-0.29353482233833617,-0.052646505904905605,-0.221003891778014,0.9932881707568304,-0.27213034390789226,0.4138264517976139,-0.7542542110395176,252,-0.33467894203014764,-1.4527666014866791,-0.8044855101658708,-0.21262135756805783,-1.3413230779754513,-0.8291750978452412,1
NFLX,-0.061769502682373245,-0.208629138818188,-0.12739727617175267,-0.3716267205949164,-0.34386331570350115,-0.20107014969474538,0.937596711884113,-0.39991843465617005,0.34759866680927154,-1.2655929859982882,252,-0.2590569604807876,-1.5687153950440953,-0.776276029620501,-0.36617057032052513,-1.217926027880506,-0.837628996669283,1
HAL,-0.03413228250148781,-0.23258685148293423,-0.04160740369079763,0.45417905403609926,0.5632240237791786,-0.32162811602392954,1.277795250918017,0.4519171696723717,0.356921746058326,1.1540825803453811,252,-0.24813309225042937,-1.7112438734319468,-0.47481676158978775,0.11210727006795648,-1.9642233035412395,-0.8572619521490894,1
CHTR,0.045809065611571054,-0.1645219749567154,-0.30387636323795475,-0.4673113735765978,-0.4883070716983795,-0.1819240281955805,0.7816455574241823,-0.768852059848543,0.5171935429216418,-1.563925286613815,252,-0.2165355311632899,-1.3063144288437638,-1.3964104915468343,-0.44233109496661993,-1.099404633157566,-0.8921992359356148,1
BLDR,-0.1610579642985065,-0.06167456542074723,-0.3789335480412097,-0.44112322357619194,-0.36756793314544867,-0.2382439671799853,1.798293812987704,-0.39926526981628063,0.5067694821522617,-0.8667950326264929,252,-0.2983016480575709,-0.6944578216450303,-1.6601558887236192,-0.37866924905176574,-1.4480453601807228,-0.8959259935317417,1
TSLA,-0.2203304340523824,-0.19742682780755705,-0.22159514201055697,-0.046397215059449604,0.2698753391637023,-0.24985283618285747,1.2789873790329434,0.47246301360452103,1.1313047611683127,0.3822692420722344,252,-0.3217296428067335,-1.5020709551046276,-1.107280364568373,-0.04256601138111257,-1.5199084445885143,-0.8987110836898722,1
CHRW,-0.23002376625641674,-0.1726982223298419,-0.24502519222200492,0.28764762840250313,0.6823453930159271,-0.2975900612578479,0.8294922434285206,0.4705155276216374,0.4709781812879711,0.914088050627565,252,-0.32556102248301494,-1.3549563051915505,-1.1896118284394024,0.17491611850273156,-1.8154190782349977,-0.9021264231692468,1
INTU,0.17967137035591496,-0.18599006596750045,-0.3469367480718265,-0.5834791983375713,-0.6469965977403729,-0.13995334749463353,1.1370481942602833,-0.4849587677645224,0.46596179269036775,-1.1266133318217322,252,-0.1636252106437672,-1.4340317275891332,-1.5477214996850213,-0.5260029537877577,-0.8395909881661041,-0.9021944759743568,1
SMCI,0.182660292166394,-0.17945756897684784,-0.17277487927615287,-0.3748076613608917,-0.40070528600014477,-0.26652115036524465,1.3627029425304933,0.061172420425099405,1.541207327950706,0.013737554994143256,252,-0.16244381150901996,-1.3951687998472455,-0.9357295714109669,-0.39614150433489415,-1.623091318710715,-0.9025150011625683,1
ECHO,-0.1728078907933729,-0.31839585260217906,-0.2584349215753238,1.5762503433988355,2.6498328927473724,-0.34165244395037114,0.8688500097925077,1.0594546882936844,0.7117879716165786,1.4322448944709587,252,-0.30294591574825164,-2.221736111679056,-1.2367326257833882,1.2123086951641513,-2.0881811126638286,-0.9274574141420746,1
LXU,-0.8472203758307819,-0.27809393203368193,0.05072461478862578,0.3198959093634881,0.40600530970013793,-0.33712495061542935,0.22385779693153657,0.4158938826885227,1.6555820460964277,0.22704636328644334,252,-0.5695137207314903,-1.9819731804210776,-0.15036887628975576,0.029210922863660057,-2.060154296648923,-0.9465598302455174,1
PNR,-0.1230100332577515,-0.14939730861007627,-0.35951399143097296,-0.3364962778331295,-0.24347003104697407,-0.22005670628692586,0.9857498374446066,-0.31919242426659356,0.3245946957694322,-1.1065874733878491,252,-0.2832628495674672,-1.2163352346412002,-1.5919170028049745,-0.313236435662209,-1.3354596583021774,-0.9480422361956056,1
CSGP,-0.003000005086262969,-0.13853690104201,-0.5136585390664697,-0.6857863317545025,-0.6966173231938195,-0.11682892350204122,1.0259038817314108,-0.8358185379817495,0.4186721566876643,-2.0918958282557187,252,-0.23582777015330744,-1.1517248360188745,-2.133569544734536,-0.5521663587603364,-0.6964424667339066,-0.9539461952801924,1
ISRG,-0.12264970024705768,-0.18353792048083617,-0.25873624834246556,-0.22309752310227438,-0.10409423963651787,-0.2733526537506838,1.0717434121785028,-0.24453232476647324,0.36478258700535915,-0.7800052275036172,252,-0.28312042459483594,-1.4194434999945102,-1.2377914657610416,-0.23974808496353706,-1.665380787589937,-0.9690968525807724,1
BKSY,-0.47082747386718915,-0.4130091257996057,0.04065640838662432,0.3086956097285487,0.4947715868668183,-0.255697364915664,-0.8330557691156262,0.9541209031079558,1.7865751758468449,0.5116610347362843,252,-0.42074092676083774,-2.784606451299024,-0.18574780907699462,0.07601451221462346,-1.55608818453954,-0.9742337718923546,1
ORCL,1.1283179830215238,-0.27693453173625193,-0.01423903911580271,-0.4227485962451708,-0.4164071240062571,-0.38819697965464195,1.4838423864676065,-0.21674986241265082,1.6989126929849765,-0.15112598985975156,252,0.21133618294465215,-1.9750757122634315,-0.37864635227011856,-0.4044205760899647,-2.3763085691119907,-0.9846230053581706,1
SNPS,-0.10933643395722081,-0.20379024060285789,-0.16287733943824878,-0.38534973116280036,-0.2851047093507256,-0.32475500530918266,1.0422851707768768,-0.25597836312308175,0.5657238877629645,-0.5231851960387701,252,-0.2778582323152219,-1.5399279724150745,-0.9009503483097581,-0.33518905605237337,-1.9835798755367,-1.0075010969258256,1
MCHP,0.07976797660586787,-0.2718201636915516,-0.008215421975561243,0.1606717666828681,0.3691355621893966,-0.4223327646872986,1.2870822203653436,0.32854080450426104,1.1238452489881492,0.2567442490539048,252,-0.20311295586374048,-1.9446494731008244,-0.35747980706517535,0.009770696495642628,-2.587621385246026,-1.0166185849560248,1
BSX,0.06701376975588968,-0.14752210768978158,-0.48503152417244766,-0.5409359344634126,-0.5768902672929801,-0.20505611433134768,0.9284005701931171,-0.7332784971395606,0.35933204275082375,-2.151988704430084,252,-0.20815417470195977,-1.2051793477006916,-2.032976331266688,-0.48903815132114753,-1.2426005860184048,-1.0355897182017784,1
LDOS,0.08020951534977594,-0.20937273485477215,-0.3717982271086462,-0.25584101735541254,-0.3099119728012256,-0.24027231502834662,0.6566489756369633,-0.17472185452430156,0.3061111648663428,-0.7014505812555235,252,-0.20293843357005534,-1.573139173436994,-1.6350828985991457,-0.34826912439046737,-1.4606015646308796,-1.0440062389255085,1
CVNA,-0.06370255414562509,-0.16061152411519908,-0.19934677196781925,-0.1768971708451016,-0.04317802100417256,-0.40694320792453564,2.2271577609096203,0.06302245105664994,0.6245326255265529,0.03686348817604103,252,-0.25982101704396066,-1.2830504964287153,-1.0291012374289885,-0.20762893146644756,-2.4923544805744937,-1.0543912325885212,1
PSKY,-0.22723772695084443,-0.27254042213999186,-0.2766065034310212,-0.3506738316837983,-0.21159280930940794,-0.2993828617690531,1.3115491306522602,-0.2507561410911221,0.6746815607741621,-0.4309531458922554,252,-0.32445981454460876,-1.9489344122408303,-1.3005862206980423,-0.2964286067943484,-1.8265171597476062,-1.139385242805087,1
COIN,-0.09451293082820422,-0.21652289496527777,-0.23056386920380134,-0.6033460597619733,-0.46337667607146094,-0.3917746831093276,2.598731405284128,-0.8015685453035045,0.6931412990540871,-1.2141370690968385,252,-0.27199910488366946,-1.6156766833838214,-1.1387958087187628,-0.42918610301107873,-2.3984558433457264,-1.1708227086686118,1
TTD,-0.029581179202790242,-0.23535478455340308,-0.3888888923825853,-0.7868560252696499,-0.7756738027975273,-0.28385299656793295,1.635469555333597,-1.127219415395946,0.6288055766836689,-1.856248510949729,252,-0.24633422635826177,-1.727710774689756,-1.6951382325755817,-0.5938502856412267,-1.7303816952580333,-1.1986830429045718,1
FMC,-0.7361621719014146,-0.29361555355625324,-0.2887951218781917,-0.7119635955495034,-0.6854116941017621,-0.2605155288412194,0.22330220507278697,-0.7526701775835052,1.6646220832250889,-0.4761862680854036,252,-0.5256169330775811,-2.0743139279991873,-1.3434161246147938,-0.5462579926647406,-1.5859143563041709,-1.2151038669320946,1
ROL,-0.11687412563368338,-0.29827154227575736,-0.39126471386207107,-0.3227310051520459,-0.25074045264417466,-0.3861931985879091,0.8425346364923286,-0.3211080407911556,0.26911385533072824,-1.3418411339221865,252,-0.2808375750311617,-2.1020131911495645,-1.70348669357063,-0.317069894017174,-2.3639044418970374,-1.3534623591331136,1
ZTS,0.04547274815985314,-0.31498456048095524,-0.37076182062606133,-0.45708531776107586,-0.4820439923690648,-0.3808843288244762,0.8608555097822771,-0.4981733426592529,0.3622964555466236,-1.4854502008507666,252,-0.2166684637629541,-2.201441758784093,-1.6314410428580537,-0.43902877563592047,-2.331040624084539,-1.3639241330251122,1
ALB,-0.1261433961499585,-0.3874438525306759,-0.30225283677374803,0.7695483789499404,0.9972246586967946,-0.49725199224997274,1.2133059286947214,0.6345568917993973,0.6091349065518056,0.9760676746717216,252,-0.2845013403826917,-2.6325143234077,-1.3907055396058357,0.3409417795585287,-3.0513984140651935,-1.4036355675805783,1
