ticker,metric,overall_slope,recent_vs_early_pct,latest_value,is_recovery,is_deteriorating,strong_trend,trend_direction
CMG,roe,0.0,0.0,0.6030756323113761,false,false,0.0,flat
CMG,roic,0.0,0.0,0.1897149218365679,false,false,0.0,flat
CMG,debt_to_equity,0.0,0.0,2.178851860851001,false,false,0.0,flat
CMG,ev_ebitda,-3.728916923272345,-0.3505178620949068,19.744821194899753,false,false,1.0,declining
CMG,pb_ratio,-3.575520283486139,-0.37553163180089927,16.856164764167332,false,false,1.0,declining
CMG,earnings_stability,0.0,0.0,7.909208426873412,false,false,0.0,flat
CMG,mktcap_to_assets,-0.9778863592659854,-0.3755316318008992,4.610074139013924,false,false,1.0,declining
KKR,roe,0.0,0.0,0.09711441308679164,false,false,0.0,flat
KKR,roic,0.0,0.0,0.03478889751506465,false,false,0.0,flat
KKR,debt_to_equity,0.0,0.0,1.7915346568467176,false,false,0.0,flat
KKR,ev_ebitda,-0.737317843160653,-0.12310032072416875,11.963065960338492,false,false,1.0,declining
KKR,pb_ratio,-0.23913619877386938,-0.16030130442899326,2.7180672675287316,false,false,1.0,declining
KKR,earnings_stability,0.0,0.0,1.216136711870196,false,false,0.0,flat
KKR,interest_coverage,0.0,0.0,3.1907011583873484,false,false,0.0,flat
KKR,mktcap_to_assets,-0.017697180737404544,-0.16030130442899324,0.2011495036573921,false,false,1.0,declining
DVA,roic,0.0,0.0,0.06268707364296776,false,false,0.0,flat
DVA,ev_ebitda,-0.08690545255176307,-0.05071961714667704,8.28561510660025,false,false,1.0,declining
DVA,earnings_stability,0.0,0.0,6.366952480744994,false,false,0.0,flat
DVA,interest_coverage,0.0,0.0,3.3757953362869957,false,false,0.0,flat
DVA,mktcap_to_assets,-0.013450730742214242,-0.11642205713108023,0.5637114721992289,false,false,1.0,declining
UDR,roe,0.0,0.0,0.1776908227256904,false,false,0.0,flat
UDR,roic,0.0,0.0,0.058451355908430834,false,false,0.0,flat
UDR,debt_to_equity,0.0,0.0,2.0399777723558477,false,false,0.0,flat
UDR,ev_ebitda,-0.018681661227212265,-0.014423786033080439,13.174590670548872,false,false,1.0,declining
UDR,pb_ratio,-0.009058410855894927,-0.021634855708338875,4.348556833083329,false,false,0.0,declining
UDR,earnings_stability,0.0,0.0,1.4254114377807983,false,false,0.0,flat
UDR,interest_coverage,0.0,0.0,3.8466424728583135,false,false,0.0,flat
UDR,mktcap_to_assets,-0.002593170537348949,-0.02163485570833904,1.2448706112949914,false,false,0.0,declining
LIN,roe,0.0,0.0,0.1836332520873308,false,false,0.0,flat
LIN,roic,0.0,0.0,0.10915031672394926,false,false,0.0,flat
LIN,debt_to_equity,0.0,0.0,0.6823886324742001,false,false,0.0,flat
LIN,ev_ebitda,0.38156056673618877,0.0511833900554495,18.69494427346505,false,false,1.0,improving
LIN,pb_ratio,0.13275371271239403,0.056883630760556796,5.924668419368202,false,false,1.0,improving
LIN,earnings_stability,0.0,0.0,12.50267841193293,false,false,0.0,flat
LIN,interest_coverage,0.0,0.0,20.630901287553648,false,false,0.0,flat
LIN,mktcap_to_assets,0.05931506325049166,0.0568836307605569,2.647173286929897,false,false,1.0,improving
REGN,roe,0.0037214081632653082,-5.851752021563342,0.18,false,true,0.0,improving
REGN,roic,0.0024520918367346937,-6.254515599343186,0.16,false,true,0.0,improving
REGN,pb_ratio,-16.739594599604548,-0.527193761721449,2.4,false,false,1.0,declining
REGN,interest_coverage,1.2254858578059409,-1.8272940865018696,25.0,false,true,0.0,improving
REGN,mktcap_to_assets,-7.1756309350186385,-0.08154105105666729,3.5,false,false,1.0,declining
KIM,roe,0.0,0.0,0.05937314285065242,false,false,0.0,flat
KIM,roic,0.0,0.0,0.03299534283709387,false,false,0.0,flat
KIM,debt_to_equity,0.0,0.0,0.7994400950398435,false,false,0.0,flat
KIM,ev_ebitda,0.03523094283156506,0.002405880835727175,15.67233598651241,false,false,1.0,improving
KIM,pb_ratio,0.005004175283945036,0.003791562876891387,1.4428593825422311,false,false,0.0,improving
KIM,earnings_stability,0.0,0.0,11.59052884202484,false,false,0.0,flat
KIM,interest_coverage,0.0,0.0,2.5544806333797876,false,false,0.0,flat
KIM,mktcap_to_assets,0.002654415254696171,0.0037915628768913703,0.7653504799660564,false,false,0.0,improving
CRH,roe,0.0,0.0,0.15897649261493654,false,false,0.0,flat
CRH,roic,0.0,0.0,0.0871419449005656,false,false,0.0,flat
CRH,debt_to_equity,0.0,0.0,0.824339504888704,false,false,0.0,flat
CRH,ev_ebitda,0.38856256745583306,0.146921760551274,10.649248599080014,false,false,1.0,improving
CRH,pb_ratio,0.133551710828069,0.1885436454802089,2.9617409060536715,false,false,1.0,improving
CRH,earnings_stability,0.0,0.0,1.6428085906339414,false,false,0.0,flat
CRH,interest_coverage,0.0,0.0,7.025821596244131,false,false,0.0,flat
CRH,mktcap_to_assets,0.05482161787390075,0.18854364548020885,1.2157644944152206,false,false,1.0,improving
GWW,roe,0.0,0.0,0.4534351145038168,false,false,0.0,flat
GWW,roic,0.0,0.0,0.26553419758605273,false,false,0.0,flat
GWW,debt_to_equity,0.0,0.0,0.7076335877862595,false,false,0.0,flat
GWW,ev_ebitda,0.3121847756739186,0.0369301398643094,42.115792915914376,false,false,1.0,improving
GWW,pb_ratio,0.2290943748202497,0.03762644921143528,30.375558974426735,false,false,1.0,improving
GWW,earnings_stability,0.0,0.0,5.242370926751574,false,false,0.0,flat
GWW,interest_coverage,0.0,0.0,32.45679012345679,false,false,0.0,flat
GWW,mktcap_to_assets,0.09504284736024299,0.037626449211435306,12.601704504327781,false,false,1.0,improving
STX,roe,0.0,0.0,2.171689497716895,false,false,0.0,flat
STX,roic,0.0,0.0,0.45097667362033,false,false,0.0,flat
STX,debt_to_equity,0.0,0.0,3.815525114155251,false,false,0.0,flat
STX,ev_ebitda,5.285182690743035,2.5537024725793294,28.372385447243918,false,false,1.0,improving
STX,pb_ratio,15.633522132709304,2.9591180499496996,81.15630727271511,false,false,1.0,improving
STX,earnings_stability,0.0,0.0,4.079196218581131,false,false,0.0,flat
STX,interest_coverage,0.0,0.0,10.07457627118644,false,false,0.0,flat
STX,mktcap_to_assets,1.9251806944800596,2.959118049949699,9.993944721505066,false,false,1.0,improving
VTR,roe,0.0,0.0,0.017934592402050076,false,false,0.0,flat
VTR,roic,0.0,0.0,0.009530151153505546,false,false,0.0,flat
VTR,debt_to_equity,0.0,0.0,0.8818791132660118,false,false,0.0,flat
VTR,ev_ebitda,1.2624122695313873,0.272078182821543,24.398556279485824,false,false,1.0,improving
VTR,pb_ratio,0.2058068911784332,0.3816844044287212,3.1093178801797983,false,false,1.0,improving
VTR,earnings_stability,0.0,0.0,12.282712483410586,false,false,0.0,flat
VTR,interest_coverage,0.0,0.0,1.3561663443432235,false,false,0.0,flat
VTR,mktcap_to_assets,0.10166434579560327,0.3816844044287211,1.5359386964598223,false,false,1.0,improving
EFX,roe,0.0,0.0,0.15784667366786906,false,false,0.0,flat
EFX,roic,0.0,0.0,0.07021213936815168,false,false,0.0,flat
EFX,debt_to_equity,0.0,0.0,1.2481393543673804,false,false,0.0,flat
EFX,ev_ebitda,-1.4329596732646024,-0.2707616332725133,12.535575538733145,false,false,1.0,declining
EFX,pb_ratio,-0.6248792913343495,-0.3198662234741534,4.257157855014424,false,false,1.0,declining
EFX,earnings_stability,0.0,0.0,16.607897738672477,false,false,0.0,flat
EFX,interest_coverage,0.0,0.0,5.242110009017132,false,false,0.0,flat
EFX,mktcap_to_assets,-0.22843782001892185,-0.3198662234741536,1.5562939488669632,false,false,1.0,declining
CASY,roe,0.0,0.0,0.18079423157365188,false,false,0.0,flat
CASY,roic,0.0,0.0,0.10419563428622765,false,false,0.0,flat
CASY,debt_to_equity,0.0,0.0,0.7351420989194829,false,false,0.0,flat
CASY,ev_ebitda,2.0878857998222022,0.5435701985919381,22.082414662690276,false,false,1.0,improving
CASY,pb_ratio,0.7838661329166411,0.6231962593197552,7.687722135553472,false,false,1.0,improving
CASY,earnings_stability,0.0,0.0,3.655367081760338,false,false,0.0,flat
CASY,mktcap_to_assets,0.3466427512927367,0.6231962593197552,3.399678899669623,false,false,1.0,improving
NFLX,roe,0.0,0.0,0.45269363425082976,false,false,0.0,flat
NFLX,roic,0.0,0.0,0.3070001145713993,false,false,0.0,flat
NFLX,debt_to_equity,0.0,0.0,0.4745715482316096,false,false,0.0,flat
NFLX,ev_ebitda,-0.43390626782384234,-0.08023798825102223,8.64110474666376,false,false,1.0,declining
NFLX,pb_ratio,-0.5037989175587106,-0.08133891992605742,9.860201196922443,false,false,1.0,declining
NFLX,earnings_stability,0.0,0.0,3.2582950731962126,false,false,0.0,flat
NFLX,interest_coverage,0.0,0.0,20.461683330363645,false,false,0.0,flat
NFLX,mktcap_to_assets,-0.2598880504558375,-0.08133891992605737,5.086450916941204,false,false,1.0,declining
ADBE,roe,0.0,0.0,0.6276263240145858,false,false,0.0,flat
ADBE,roic,0.0,0.0,0.38901146208900605,false,false,0.0,flat
ADBE,debt_to_equity,0.0,0.0,0.6133877409272444,false,false,0.0,flat
ADBE,ev_ebitda,-2.3921095532074745,-0.43469144022798284,10.382190465244651,false,false,1.0,declining
ADBE,pb_ratio,-2.10405121406016,-0.43973276484665513,8.945647821096852,false,false,1.0,declining
ADBE,earnings_stability,0.0,0.0,22.96027409917117,false,false,0.0,flat
ADBE,interest_coverage,0.0,0.0,35.9080459770115,false,false,0.0,flat
ADBE,mktcap_to_assets,-0.8096235553918726,-0.439732764846655,3.442220011472073,false,false,1.0,declining
UNP,roe,0.0,0.0,0.35456876118608815,false,false,0.0,flat
UNP,roic,0.0,0.0,0.14139115003279196,false,false,0.0,flat
UNP,debt_to_equity,0.0,0.0,1.507715377545591,false,false,0.0,flat
UNP,ev_ebitda,0.33892177221217956,0.11526305310617803,14.3630549636309,false,false,1.0,improving
UNP,pb_ratio,0.21817689472256985,0.14074729900311292,7.816404752866057,false,false,1.0,improving
UNP,earnings_stability,0.0,0.0,19.03374721283984,false,false,0.0,flat
UNP,interest_coverage,0.0,0.0,8.400778210116732,false,false,0.0,flat
UNP,mktcap_to_assets,0.06333812114139228,0.1407472990031129,2.2691513313392595,false,false,1.0,improving
PFG,roe,0.0,0.0,0.12837236881114736,false,false,0.0,flat
PFG,roic,0.0,0.0,0.09456786827960251,false,false,0.0,flat
PFG,debt_to_equity,0.0,0.0,0.3574628586487466,false,false,0.0,flat
PFG,pb_ratio,0.09644449066608093,0.28158573173876955,1.9004017150592776,false,false,1.0,improving
PFG,earnings_stability,0.0,0.0,3.9792658585562926,false,false,0.0,flat
PFG,mktcap_to_assets,0.003319910773820858,0.28158573173876944,0.06541756905800981,false,false,0.0,improving
CPB,roe,-0.010158863074641627,-0.8288916434252659,0.2,false,false,1.0,declining
CPB,roic,-0.016262424616905583,-0.9274908481453711,0.09,false,false,1.0,declining
CPB,debt_to_equity,-0.02112770833333333,0.0896651062297442,1.5,true,false,0.0,declining
CPB,interest_coverage,-0.14548446613939692,-0.6864700611632708,5.0,false,false,1.0,declining
PWR,roe,0.0,0.0,0.1376721295894912,false,false,0.0,flat
PWR,roic,0.0,0.0,0.08169876911488075,false,false,0.0,flat
PWR,debt_to_equity,0.0,0.0,0.6851187732816819,false,false,0.0,flat
PWR,ev_ebitda,3.7571355412179326,1.0754885900854865,37.115878329703044,false,false,1.0,improving
PWR,pb_ratio,1.2008423989547843,1.2287106730646755,11.23027279281636,false,false,1.0,improving
PWR,earnings_stability,0.0,0.0,3.699572530967718,false,false,0.0,flat
PWR,interest_coverage,0.0,0.0,6.963780153480835,false,false,0.0,flat
PWR,mktcap_to_assets,0.4090811192870262,1.2287106730646757,3.825724814499106,false,false,1.0,improving
CHTR,roe,0.0,0.0,0.2904672015101463,false,false,0.0,flat
CHTR,roic,0.0,0.0,0.04332142668613961,false,false,0.0,flat
CHTR,debt_to_equity,0.0,0.0,5.7049315714959885,false,false,0.0,flat
CHTR,ev_ebitda,-0.25765068734730884,-0.15195996366188824,5.299403059760852,false,false,1.0,declining
CHTR,pb_ratio,-0.3245559684765475,-0.4965696362405878,1.000616619757742,false,false,1.0,declining
CHTR,earnings_stability,0.0,0.0,15.735056622094424,false,false,0.0,flat
CHTR,interest_coverage,0.0,0.0,2.483629191321499,false,false,0.0,flat
CHTR,mktcap_to_assets,-0.035354989638823484,-0.4965696362405878,0.10900058436770323,false,false,1.0,declining
ESS,roe,0.0,0.0,0.07774494169063621,false,false,0.0,flat
ESS,roic,0.0,0.0,0.034283060535354605,false,false,0.0,flat
ESS,debt_to_equity,0.0,0.0,1.2677363244877535,false,false,0.0,flat
ESS,ev_ebitda,-0.10288926200853184,-0.036616864267904455,19.349585499591353,false,false,1.0,declining
ESS,pb_ratio,-0.025400851370647216,-0.05024112533445542,3.52016217693736,false,false,1.0,declining
ESS,earnings_stability,0.0,0.0,2.1740459247946817,false,false,0.0,flat
ESS,interest_coverage,0.0,0.0,2.6651104033727915,false,false,0.0,flat
ESS,mktcap_to_assets,-0.010482820615310851,-0.050241125334455385,1.452755582841562,false,false,1.0,declining
ROL,roe,0.0,0.0,0.37193418844611453,false,false,0.0,flat
ROL,roic,0.0,0.0,0.2089339463240206,false,false,0.0,flat
ROL,debt_to_equity,0.0,0.0,0.7801520288584824,false,false,0.0,flat
ROL,ev_ebitda,-0.17047397775916298,-0.03636519485854417,24.450740181429726,false,false,1.0,declining
ROL,pb_ratio,-0.10285209385781842,-0.037906078588136674,14.0480219044574,false,false,1.0,declining
ROL,earnings_stability,0.0,0.0,6.703867071726846,false,false,0.0,flat
ROL,interest_coverage,0.0,0.0,21.788395193909114,false,false,0.0,flat
ROL,mktcap_to_assets,-0.043827131167742284,-0.03790607858813664,5.986115358089697,false,false,1.0,declining
RMD,roe,0.0,0.0,0.23407067656965722,false,false,0.0,flat
RMD,roic,0.0,0.0,0.20716420270808225,false,false,0.0,flat
RMD,debt_to_equity,0.0,0.0,0.12987993828011504,false,false,0.0,flat
RMD,ev_ebitda,0.14383554289403624,0.038445581823414544,14.519984953430534,false,false,1.0,improving
RMD,pb_ratio,0.04829240425271432,0.03747562586539899,5.000948571825035,false,false,1.0,improving
RMD,earnings_stability,0.0,0.0,20.58773463285106,false,false,0.0,flat
RMD,mktcap_to_assets,0.035689870078742095,0.03747562586539886,3.6958856689947144,false,false,1.0,improving
LII,roe,0.0,0.0,0.6121646623496763,false,false,0.0,flat
LII,roic,0.0,0.0,0.2390499412986544,false,false,0.0,flat
LII,debt_to_equity,0.0,0.0,1.5608233117483812,false,false,0.0,flat
LII,ev_ebitda,-0.4236904773412307,-0.09222246843724183,18.55379955958865,false,false,1.0,declining
LII,pb_ratio,-0.3833203393521958,-0.10135719204625089,15.264831300596084,false,false,1.0,declining
LII,earnings_stability,0.0,0.0,3.4040283697310953,false,false,0.0,flat
LII,interest_coverage,0.0,0.0,17.01779935275081,false,false,0.0,flat
LII,mktcap_to_assets,-0.10940443216890389,-0.1013571920462509,4.356774293318645,false,false,1.0,declining
BKSY,roe,-0.022876141166525785,18.498529411764704,-0.1,true,false,0.0,declining
BKSY,roic,0.00008645833333333342,1.6229685807150593,-0.08,false,false,0.0,improving
BKSY,debt_to_equity,0.08018757419865452,2.199119911991199,0.4,false,false,1.0,improving
BKSY,pb_ratio,-3.0841016257088842,-0.9174889111975907,10.41,false,false,1.0,declining
BKSY,interest_coverage,1.4467439651760978,-0.9087760324744089,0.0,false,true,0.0,improving
BKSY,mktcap_to_assets,-0.4810466540642721,-0.3226877874297394,1.338,false,false,1.0,declining
MOS,roe,-0.0008735227173670904,0.2298232129131438,0.08,true,false,0.0,declining
MOS,roic,-0.0006100884287194782,-0.12472647702407005,0.06,false,false,0.0,declining
MOS,debt_to_equity,0.0032937906186136165,1.8469750889679715,0.4,false,false,0.0,improving
MOS,pb_ratio,-0.01674779896752448,-0.6910112359550562,0.6,false,false,1.0,declining
MOS,mktcap_to_assets,-0.014967078946603776,-0.759080800593032,0.321,false,false,1.0,declining
CSGP,roe,0.0,0.0,0.009278870398386284,false,false,0.0,flat
CSGP,roic,0.0,0.0,0.008057805999562075,false,false,0.0,flat
CSGP,debt_to_equity,0.0,0.0,0.15153807362581947,false,false,0.0,flat
CSGP,ev_ebitda,-9.45932397958968,-0.5458987325257783,28.962425300770327,false,false,1.0,declining
CSGP,pb_ratio,-0.4698655632826945,-0.5447553375789567,1.446696365166857,false,false,1.0,declining
CSGP,earnings_stability,0.0,0.0,0.5075199349593682,false,false,0.0,flat
CSGP,mktcap_to_assets,-0.36758789308199363,-0.5447553375789567,1.1317877077131384,false,false,1.0,declining
ITW,roe,0.0,0.0,0.970579126664602,false,false,0.0,flat
ITW,roic,0.0,0.0,0.25321160216530664,false,false,0.0,flat
ITW,debt_to_equity,0.0,0.0,2.8330752554970577,false,false,0.0,flat
ITW,ev_ebitda,0.19852036571502724,0.03179264657859295,17.47374894876738,false,false,1.0,improving
ITW,pb_ratio,0.29117140044173656,0.03558643516736831,23.051927848052742,false,false,1.0,improving
ITW,earnings_stability,0.0,0.0,19.076279544335986,false,false,0.0,flat
ITW,interest_coverage,0.0,0.0,14.595959595959595,false,false,0.0,flat
ITW,mktcap_to_assets,0.057808193066057965,0.03558643516736841,4.576652423841755,false,false,1.0,improving
CIEN,roe,0.0,0.0,0.15154422633093897,false,false,0.0,flat
CIEN,roic,0.0,0.0,0.09799219952580092,false,false,0.0,flat
CIEN,debt_to_equity,0.0,0.0,0.5464927521199077,false,false,0.0,flat
CIEN,ev_ebitda,26.13622080290539,3.6964070304962697,102.89079200614658,false,false,1.0,improving
CIEN,pb_ratio,6.606084618204158,3.8711875915527343,25.821121457658833,false,false,1.0,improving
CIEN,earnings_stability,0.0,0.0,1.0980068789192727,false,false,0.0,flat
CIEN,interest_coverage,0.0,0.0,6.4566623544631305,false,false,0.0,flat
CIEN,mktcap_to_assets,3.1635804996259624,3.871187591552734,12.365448074464627,false,false,1.0,improving
EXE,roe,0.0,0.0,0.14327666151468316,false,false,0.0,flat
EXE,roic,0.0,0.0,0.12019189212550782,false,false,0.0,flat
EXE,debt_to_equity,0.0,0.0,0.19206594538897476,false,false,0.0,flat
EXE,ev_ebitda,-0.034492723070333166,-0.03571034683779836,3.6164294815414806,false,false,1.0,declining
EXE,pb_ratio,-0.011879642129066368,-0.040240948687202904,1.0876265370481606,false,false,1.0,declining
EXE,earnings_stability,0.0,0.0,2.8469945521376046,false,false,0.0,flat
EXE,interest_coverage,0.0,0.0,17.211009174311926,false,false,0.0,flat
EXE,mktcap_to_assets,-0.008226323714776232,-0.04024094868720296,0.7531513051767676,false,false,0.0,declining
TPR,roe,0.0,0.0,0.9712778429073857,false,false,0.0,flat
TPR,roic,0.0,0.0,0.14391175959701233,false,false,0.0,flat
TPR,debt_to_equity,0.0,0.0,5.749120750293083,false,false,0.0,flat
TPR,ev_ebitda,3.6184152557435656,0.8329885457278746,28.052009953871615,false,false,1.0,improving
TPR,pb_ratio,5.917572428795163,1.0111405222860441,41.660819326671636,false,false,1.0,improving
TPR,earnings_stability,0.0,0.0,0.47409743690070294,false,false,0.0,flat
TPR,interest_coverage,0.0,0.0,15.419965576592082,false,false,0.0,flat
TPR,mktcap_to_assets,0.6244531871603475,1.0111405222860441,4.396267510247997,false,false,1.0,improving
AVGO,roe,0.0,0.0,0.33432165216498844,false,false,0.0,flat
AVGO,roic,0.0,0.0,0.192119162767533,false,false,0.0,flat
AVGO,debt_to_equity,0.0,0.0,0.7401785816104275,false,false,0.0,flat
AVGO,ev_ebitda,5.719232511481088,0.7888772700581427,47.85844996861157,false,false,1.0,improving
AVGO,pb_ratio,2.7638402588524946,0.8255814391522796,22.61142573718914,false,false,1.0,improving
AVGO,earnings_stability,0.0,0.0,3.429920090344694,false,false,0.0,flat
AVGO,interest_coverage,0.0,0.0,10.691255961844197,false,false,0.0,flat
AVGO,mktcap_to_assets,1.3527942717547314,0.8255814391522799,11.06742949977033,false,false,1.0,improving
AVB,roe,0.0,0.0,0.08546447131112055,false,false,0.0,flat
AVB,roic,0.0,0.0,0.04844444517786374,false,false,0.0,flat
AVB,debt_to_equity,0.0,0.0,0.7641748398054267,false,false,0.0,flat
AVB,ev_ebitda,-0.41804001647952876,-0.09442594763000817,16.090429490833795,false,false,1.0,declining
AVB,pb_ratio,-0.07790710183863123,-0.1245060945525523,2.2411933835149904,false,false,1.0,declining
AVB,earnings_stability,0.0,0.0,2.933037331989783,false,false,0.0,flat
AVB,interest_coverage,0.0,0.0,4.747597573123246,false,false,0.0,flat
AVB,mktcap_to_assets,-0.042000737931115036,-0.12450609455255225,1.208256676636966,false,false,1.0,declining
ACN,roe,0.0,0.0,0.24426509081086864,false,false,0.0,flat
ACN,roic,0.0,0.0,0.19339325752539716,false,false,0.0,flat
ACN,debt_to_equity,0.0,0.0,0.2630486395255575,false,false,0.0,flat
ACN,ev_ebitda,-1.8503436338751502,-0.31238497582197755,9.029436100621925,false,false,1.0,declining
ACN,pb_ratio,-0.7154486330447212,-0.30916688510723045,3.5470015551594916,false,false,1.0,declining
ACN,earnings_stability,0.0,0.0,5.902354921905236,false,false,0.0,flat
ACN,interest_coverage,0.0,0.0,41.0625500810702,false,false,0.0,flat
ACN,mktcap_to_assets,-0.33159718375871833,-0.30916688510723045,1.6439694929225774,false,false,1.0,declining
TT,roe,0.0,0.0,0.34199631214556586,false,false,0.0,flat
TT,roic,0.0,0.0,0.222739185933216,false,false,0.0,flat
TT,debt_to_equity,0.0,0.0,0.5354115204861474,false,false,0.0,flat
TT,ev_ebitda,1.0460163093322907,0.2855534576426089,25.648338190020482,false,false,1.0,improving
TT,pb_ratio,0.526714077064654,0.29780493503147426,12.532510457162779,false,false,1.0,improving
TT,earnings_stability,0.0,0.0,5.215836990909428,false,false,0.0,flat
TT,interest_coverage,0.0,0.0,17.970895861755345,false,false,0.0,flat
TT,mktcap_to_assets,0.1898302577624305,0.29780493503147437,4.51677635758639,false,false,1.0,improving
BIIB,roe,0.0,0.0,0.04428056027164686,false,false,0.0,flat
BIIB,roic,0.0,0.0,0.030680326874510624,false,false,0.0,flat
BIIB,debt_to_equity,0.0,0.0,0.44328841256366724,false,false,0.0,flat
BIIB,ev_ebitda,0.9578119544017054,0.2844127337594254,18.229081598407024,false,false,1.0,improving
BIIB,pb_ratio,0.10870413580542693,0.378347622035954,1.6937462036901774,false,false,1.0,improving
BIIB,earnings_stability,0.0,0.0,1.1943110653100462,false,false,0.0,flat
BIIB,interest_coverage,0.0,0.0,4.55126404494382,false,false,0.0,flat
BIIB,mktcap_to_assets,0.06385393128784875,0.37834762203595407,0.9949240008960896,false,false,1.0,improving
PLTR,roe,0.03852597210481827,-1.0949273212696529,0.08,false,true,0.0,improving
PLTR,roic,0.026751289095519867,-1.0788767944470739,0.05,false,true,0.0,improving
PLTR,pb_ratio,1.0530551563820796,0.6840583970213601,34.07,false,false,1.0,improving
PLTR,interest_coverage,15.624460904480136,-1.0,0.0,false,true,0.0,improving
PLTR,mktcap_to_assets,1.1526001602564102,0.45563287397098273,8.0,false,false,1.0,improving
IT,roe,0.0,0.0,11.684904707812697,false,false,0.0,flat
IT,roic,0.0,0.0,0.22294949713876322,false,false,0.0,flat
IT,debt_to_equity,0.0,0.0,51.41054524801212,false,false,0.0,flat
IT,ev_ebitda,-3.950937516432727,-0.5186096051485477,9.227102073290324,false,false,1.0,declining
IT,pb_ratio,-82.36817094754885,-0.5458798299094139,167.25296382485894,false,false,1.0,declining
IT,earnings_stability,0.0,0.0,2.428891206350111,false,false,0.0,flat
IT,interest_coverage,0.0,0.0,8.475036114120622,false,false,0.0,flat
IT,mktcap_to_assets,-0.681990589667989,-0.5458798299094139,1.3848182630553947,false,false,1.0,declining
FE,roe,0.0,0.0,0.08388094317742559,false,false,0.0,flat
FE,roic,0.0,0.0,0.025883868505176773,false,false,0.0,flat
FE,debt_to_equity,0.0,0.0,2.2406648627754153,false,false,0.0,flat
FE,ev_ebitda,0.5519871859040759,0.12403223664390772,21.922510838011142,false,false,1.0,improving
FE,pb_ratio,0.10984267618995676,0.2874359134471179,2.1266751369958006,false,false,1.0,improving
FE,earnings_stability,0.0,0.0,1.5646418395395194,false,false,0.0,flat
FE,interest_coverage,0.0,0.0,2.5351201478743066,false,false,0.0,flat
FE,mktcap_to_assets,0.024403823646400626,0.2874359134471178,0.47248489199843147,false,false,1.0,improving
FLEX,roe,0.0,0.0,0.17107309486780714,false,false,0.0,flat
FLEX,roic,0.0,0.0,0.09302325581395349,false,false,0.0,flat
FLEX,debt_to_equity,0.0,0.0,0.8390357698289269,false,false,0.0,flat
FLEX,ev_ebitda,1.4740809958468697,0.6636266925845403,13.488214403644115,false,false,1.0,improving
FLEX,pb_ratio,0.5504878680058003,0.7612983783880727,4.662492198561498,false,false,1.0,improving
FLEX,earnings_stability,0.0,0.0,9.877947103746438,false,false,0.0,flat
FLEX,interest_coverage,0.0,0.0,6.316279069767442,false,false,0.0,flat
FLEX,mktcap_to_assets,0.12836398880425373,0.7612983783880726,1.0872103295285742,false,false,1.0,improving
HBAN,roe,0.000972449332674246,-3.8964143426294817,0.15,false,true,0.0,improving
HBAN,debt_to_equity,-0.002412553846153847,0.07730673316708236,0.2,true,false,0.0,declining
HBAN,pb_ratio,0.008254591836734696,2.841059602649006,1.16,false,false,0.0,improving
HBAN,mktcap_to_assets,0.0010370408163265306,4.984375,0.191,false,false,0.0,improving
MLM,roe,0.0,0.0,0.21280097003291182,false,false,0.0,flat
MLM,roic,0.0,0.0,0.1373316192499022,false,false,0.0,flat
MLM,debt_to_equity,0.0,0.0,0.5495409665685086,false,false,0.0,flat
MLM,ev_ebitda,0.5935004584963222,0.14855822990644788,19.603342966199317,false,false,1.0,improving
MLM,pb_ratio,0.10717551151609483,0.17979369372160264,3.0001706291811514,false,false,1.0,improving
MLM,earnings_stability,0.0,0.0,1.1575334574263443,false,false,0.0,flat
MLM,interest_coverage,0.0,0.0,6.025862068965517,false,false,0.0,flat
MLM,mktcap_to_assets,0.05808253724312748,0.17979369372160284,1.6259080067836458,false,false,1.0,improving
SPG,roe,0.0,0.0,0.9659838925881661,false,false,0.0,flat
SPG,roic,0.0,0.0,0.13869212398709424,false,false,0.0,flat
SPG,debt_to_equity,0.0,0.0,5.964951323970308,false,false,0.0,flat
SPG,ev_ebitda,0.3179846134129512,0.10104679173623171,11.142547957150708,false,false,1.0,improving
SPG,pb_ratio,0.5388193163454507,0.1539354976885009,13.027647287148222,false,false,1.0,improving
SPG,earnings_stability,0.0,0.0,1.0056428503174464,false,false,0.0,flat
SPG,interest_coverage,0.0,0.0,6.352491739146577,false,false,0.0,flat
SPG,mktcap_to_assets,0.06604573211545121,0.1539354976885009,1.5968627640474922,false,false,1.0,improving
SPCX,roe,0.08325,-0.8936752136752136,-0.05,false,true,0.0,improving
SPCX,roic,0.030412500000000002,-0.7923076923076924,-0.03,false,true,0.0,improving
SPCX,debt_to_equity,-3.3013333333333335,-0.9247874427730544,0.4,false,false,1.0,declining
KDP,roe,0.0,0.0,0.07252286132773841,false,false,0.0,flat
KDP,roic,0.0,0.0,0.035944121801914926,false,false,0.0,flat
KDP,debt_to_equity,0.0,0.0,1.017655674755552,false,false,0.0,flat
KDP,ev_ebitda,-0.5200268539997289,-0.09840208106440763,14.923175272593104,false,false,1.0,declining
KDP,pb_ratio,-0.08329158193590532,-0.15509090753509686,1.4081060588619492,false,false,1.0,declining
KDP,earnings_stability,0.0,0.0,3.3439492670803133,false,false,0.0,flat
KDP,interest_coverage,0.0,0.0,3.6877113866967304,false,false,0.0,flat
KDP,mktcap_to_assets,-0.028767140433181636,-0.15509090753509694,0.48632987630450775,false,false,1.0,declining
APP,roe,0.0,0.0,1.6767448718691862,false,false,0.0,flat
APP,roic,0.0,0.0,0.6742585501841343,false,false,0.0,flat
APP,debt_to_equity,0.0,0.0,1.486798085706561,false,false,0.0,flat
APP,ev_ebitda,4.1683802713895775,0.8135193899198724,24.766931287302356,false,false,1.0,improving
APP,pb_ratio,8.718749884187574,0.8203465175700505,51.483905744191944,false,false,1.0,improving
APP,earnings_stability,0.0,0.0,4.065542283767998,false,false,0.0,flat
APP,interest_coverage,0.0,0.0,23.357538470531498,false,false,0.0,flat
APP,mktcap_to_assets,2.6735087983426067,0.8203465175700502,15.78697368412517,false,false,1.0,improving
ECL,roe,0.0,0.0,0.21048790971521106,false,false,0.0,flat
ECL,roic,0.0,0.0,0.10927121388243109,false,false,0.0,flat
ECL,debt_to_equity,0.0,0.0,0.9262887473885185,false,false,0.0,flat
ECL,ev_ebitda,0.5199269009233526,0.08375330554651694,21.330609542445558,false,false,1.0,improving
ECL,pb_ratio,0.20323295448481898,0.09457816143459774,7.463540774575827,false,false,1.0,improving
ECL,earnings_stability,0.0,0.0,6.965957607209472,false,false,0.0,flat
ECL,interest_coverage,0.0,0.0,9.347266881028938,false,false,0.0,flat
ECL,mktcap_to_assets,0.08119302865628944,0.0945781614345979,2.981738279225702,false,false,1.0,improving
MNST,roe,0.0,0.0,0.23283096721853414,false,false,0.0,flat
MNST,roic,0.0,0.0,0.2276386513518679,false,false,0.0,flat
MNST,debt_to_equity,0.0,0.0,0.022809465070324574,false,false,0.0,flat
MNST,ev_ebitda,1.9566427132410118,0.3545605159942141,25.39274155380266,false,false,1.0,improving
MNST,pb_ratio,0.6094622778574542,0.34254586599876746,8.120337176968677,false,false,1.0,improving
MNST,earnings_stability,0.0,0.0,10.431731619986863,false,false,0.0,flat
MNST,interest_coverage,0.0,0.0,565.2904347826087,false,false,0.0,flat
MNST,mktcap_to_assets,0.4905042138979728,0.34254586599876713,6.535366909955163,false,false,1.0,improving
IPI,roe,0.0019443540433925044,23.59090909090909,0.05,false,false,0.0,improving
IPI,roic,-0.0008859765218522371,-0.46877912395153776,0.04,false,false,0.0,declining
IPI,debt_to_equity,-0.0062523557702770325,0.02173913043478263,0.3,false,false,0.0,declining
IPI,pb_ratio,-0.36072761121227875,-0.9688891600073202,1.2,false,false,1.0,declining
IPI,interest_coverage,8.655509035139321,-4.894860565466606,3.0,false,true,0.0,improving
IPI,mktcap_to_assets,-0.31960979773673254,-0.9750456886526001,0.836,false,false,1.0,declining
CVX,roe,-0.001025760135135135,-0.38784433756012243,0.14,false,false,0.0,declining
CVX,debt_to_equity,-0.0019304917279411764,0.07816711590296503,0.2,true,false,0.0,declining
HWM,roe,0.0,0.0,0.3158275986961246,false,false,0.0,flat
HWM,roic,0.0,0.0,0.17084639498432602,false,false,0.0,flat
HWM,debt_to_equity,0.0,0.0,0.848605577689243,false,false,0.0,flat
HWM,ev_ebitda,4.546728799595647,0.7887197030828553,37.099871879426495,false,false,1.0,improving
HWM,pb_ratio,2.0955133638121914,0.8259573500760027,16.691085464168857,false,false,1.0,improving
HWM,earnings_stability,0.0,0.0,4.988054853509769,false,false,0.0,flat
HWM,interest_coverage,0.0,0.0,14.561290322580644,false,false,0.0,flat
HWM,mktcap_to_assets,0.8855456336550794,0.8259573500760029,7.053506844198395,false,false,1.0,improving
TGT,roe,0.0029772292048999313,1.3013493253373314,0.25,false,false,0.0,improving
TGT,roic,0.000628581184678915,0.10336871250576823,0.12,false,false,0.0,improving
TGT,debt_to_equity,0.005031144874516039,0.16873589164785535,1.2,false,false,0.0,improving
TGT,ev_ebitda,0.04139951072618212,0.5036086607858861,10.0,false,false,1.0,improving
TGT,pb_ratio,0.056488121649122,1.672616786935055,3.5,false,false,1.0,improving
TGT,earnings_stability,-0.32209229216440816,-0.4481184215853121,0.7,false,false,1.0,declining
TGT,interest_coverage,0.11198276915862214,1.7135461604831752,6.0,false,false,1.0,improving
TGT,mktcap_to_assets,0.011237902506635785,1.6096440872560271,1.273,false,false,1.0,improving
BR,roe,0.0,0.0,0.39041436072087415,false,false,0.0,flat
BR,roic,0.0,0.0,0.17675591461749732,false,false,0.0,flat
BR,debt_to_equity,0.0,0.0,1.2087767844472825,false,false,0.0,flat
BR,ev_ebitda,-0.9888434949036208,-0.15043466449418139,15.171373668687169,false,false,1.0,declining
BR,pb_ratio,-0.6482839430189766,-0.16366759736506203,8.845678494300373,false,false,1.0,declining
BR,earnings_stability,0.0,0.0,3.9822767723789907,false,false,0.0,flat
BR,interest_coverage,0.0,0.0,13.381543921916593,false,false,0.0,flat
BR,mktcap_to_assets,-0.20814912276538775,-0.163667597365062,2.840144721584414,false,false,1.0,declining
WSM,roe,0.0,0.0,0.5821658312849903,false,false,0.0,flat
WSM,roic,0.0,0.0,0.32364463240418534,false,false,0.0,flat
WSM,debt_to_equity,0.0,0.0,0.7987810487088486,false,false,0.0,flat
WSM,ev_ebitda,0.07845049889883454,0.06816132249323133,13.416096983950203,false,false,1.0,improving
WSM,pb_ratio,0.0691384135526692,0.0708814356038205,11.373309578853299,false,false,1.0,improving
WSM,earnings_stability,0.0,0.0,5.037285399513864,false,false,0.0,flat
WSM,mktcap_to_assets,0.0255507571455862,0.0708814356038207,4.203114535879137,false,false,1.0,improving
BKR,roe,0.0,0.0,0.15551537070524413,false,false,0.0,flat
BKR,roic,0.0,0.0,0.0856171012969774,false,false,0.0,flat
BKR,debt_to_equity,0.0,0.0,0.8164054651396424,false,false,0.0,flat
BKR,ev_ebitda,0.9691586876556938,0.4932182099618718,10.948702941043306,false,false,1.0,improving
BKR,pb_ratio,0.24730390462582497,0.49995686944780193,2.7674005897377936,false,false,1.0,improving
BKR,earnings_stability,0.0,0.0,6.205557399789803,false,false,0.0,flat
BKR,interest_coverage,0.0,0.0,14.066914498141264,false,false,0.0,flat
BKR,mktcap_to_assets,0.09356378056425173,0.49995686944780227,1.0470051490022805,false,false,1.0,improving
CAH,roic,0.0,0.0,0.25558842866535175,false,false,0.0,flat
CAH,ev_ebitda,1.6834252264370124,0.3292995759588097,16.582732975526586,false,false,1.0,improving
CAH,earnings_stability,0.0,0.0,4.424193524968587,false,false,0.0,flat
CAH,interest_coverage,0.0,0.0,6.8425655976676385,false,false,0.0,flat
CAH,mktcap_to_assets,0.09713496296769158,0.37578387325117757,0.8690066778907277,false,false,1.0,improving
COIN,roe,0.0,-0.0,-0.07551921245689397,false,false,0.0,flat
COIN,roic,0.0,-0.0,-0.050018647500462705,false,false,0.0,flat
COIN,debt_to_equity,0.0,0.0,0.5098211613217922,false,false,0.0,flat
COIN,pb_ratio,-0.3023021600762551,-0.23715310683431054,2.4902454146977555,false,false,1.0,declining
COIN,earnings_stability,0.0,0.0,0.1154695226104255,false,false,0.0,flat
COIN,interest_coverage,0.0,-0.0,-12.91002996020212,false,false,0.0,flat
COIN,mktcap_to_assets,-0.14943190646441962,-0.2371531068343105,1.2309608366301374,false,false,1.0,declining
STZ,roe,0.0,0.0,0.22098938902078588,false,false,0.0,flat
STZ,roic,0.0,0.0,0.0970972995412307,false,false,0.0,flat
STZ,debt_to_equity,0.0,0.0,1.2759581375066622,false,false,0.0,flat
STZ,ev_ebitda,-0.7400129798963848,-0.20228268968129506,10.332831327437834,false,false,1.0,declining
STZ,pb_ratio,-0.2945674032820751,-0.2643063503788444,2.8487996400293394,false,false,1.0,declining
STZ,earnings_stability,0.0,0.0,3.171643903133892,false,false,0.0,flat
STZ,interest_coverage,0.0,0.0,8.245196443934613,false,false,0.0,flat
STZ,mktcap_to_assets,-0.10999428526034999,-0.2643063503788445,1.0637690279494594,false,false,1.0,declining
FIS,roe,0.0,0.0,0.1671152281404519,false,false,0.0,flat
FIS,roic,0.0,0.0,0.07192306656250842,false,false,0.0,flat
FIS,debt_to_equity,0.0,0.0,1.3235275708831444,false,false,0.0,flat
FIS,ev_ebitda,-0.8950344202239293,-0.1658881906116238,11.773895163300164,false,false,1.0,declining
FIS,pb_ratio,-0.2110840392691847,-0.2534947518974333,1.5004717390821194,false,false,1.0,declining
FIS,earnings_stability,0.0,0.0,0.5699845341141336,false,false,0.0,flat
FIS,interest_coverage,0.0,0.0,3.3654223968565815,false,false,0.0,flat
FIS,mktcap_to_assets,-0.07755702546692496,-0.25349475189743337,0.551307077897963,false,false,1.0,declining
KLAC,roe,0.0,0.0,0.8010573716296815,false,false,0.0,flat
KLAC,roic,0.0,0.0,0.3899981253948048,false,false,0.0,flat
KLAC,debt_to_equity,0.0,0.0,1.0540031335246836,false,false,0.0,flat
KLAC,ev_ebitda,5.159823329916964,0.6860604420178202,32.410859023485415,false,false,1.0,improving
KLAC,pb_ratio,5.364038524645423,0.7153350245062657,32.94610473030799,false,false,1.0,improving
KLAC,earnings_stability,0.0,0.0,25.720491647527332,false,false,0.0,flat
KLAC,interest_coverage,0.0,0.0,19.943051310101268,false,false,0.0,flat
KLAC,mktcap_to_assets,1.853496429034052,0.7153350245062655,11.38423730322562,false,false,1.0,improving
SHW,roe,0.0,0.0,0.6973824162710457,false,false,0.0,flat
SHW,roic,0.0,0.0,0.14876508707754799,false,false,0.0,flat
SHW,debt_to_equity,0.0,0.0,3.687809686875762,false,false,0.0,flat
SHW,ev_ebitda,-0.08899152288740748,-0.020721015857010954,20.594852433222194,false,false,1.0,declining
SHW,pb_ratio,-0.1093053322600251,-0.024213429365318645,21.684304441417957,false,false,1.0,declining
SHW,earnings_stability,0.0,0.0,4.485717403619512,false,false,0.0,flat
SHW,interest_coverage,0.0,0.0,7.763122215766027,false,false,0.0,flat
SHW,mktcap_to_assets,-0.01563329787182549,-0.024213429365318704,3.101378345107631,false,false,1.0,declining
TER,roe,0.0,0.0,0.27166284540825547,false,false,0.0,flat
TER,roic,0.0,0.0,0.26472453470228574,false,false,0.0,flat
TER,debt_to_equity,0.0,0.0,0.02620954915936556,false,false,0.0,flat
TER,ev_ebitda,5.824378887114106,1.373314949746322,40.57299568409662,false,false,1.0,improving
TER,pb_ratio,2.11099219858462,1.3598264788330612,14.756055765749915,false,false,1.0,improving
TER,earnings_stability,0.0,0.0,1.5678956046081216,false,false,0.0,flat
TER,interest_coverage,0.0,0.0,109.66235600956314,false,false,0.0,flat
TER,mktcap_to_assets,1.4968042392690346,1.3598264788330612,10.462817835079456,false,false,1.0,improving
T,roe,-0.0250994546723481,-0.7149521623642882,0.1,false,false,1.0,declining
T,roic,-0.008979967275092532,-0.5890718725017408,0.06,false,false,0.0,declining
T,debt_to_equity,-0.017449161670587222,-0.1444979779803023,1.2,false,false,1.0,declining
T,ev_ebitda,0.7494714208637857,3.2892542119750745,7.0,false,false,1.0,improving
T,pb_ratio,0.0534481300638444,0.6072505331408643,1.45,false,false,1.0,improving
T,earnings_stability,-0.007285770858947146,-0.07193783679348699,0.8,false,false,0.0,declining
T,interest_coverage,0.0831503357727798,0.21496188129073873,4.0,false,false,1.0,improving
T,mktcap_to_assets,0.01730893968392069,0.6792135325515387,0.399,false,false,1.0,improving
CHRW,roe,0.0,0.0,0.3515079034880739,false,false,0.0,flat
CHRW,roic,0.0,0.0,0.17888393591723364,false,false,0.0,flat
CHRW,debt_to_equity,0.0,0.0,0.9650054192161237,false,false,0.0,flat
CHRW,ev_ebitda,2.4384283146934327,0.5519359021088879,23.43455391313847,false,false,1.0,improving
CHRW,pb_ratio,1.2818325281627891,0.6212663974045115,11.447759845442624,false,false,1.0,improving
CHRW,earnings_stability,0.0,0.0,14.179745726852556,false,false,0.0,flat
CHRW,interest_coverage,0.0,0.0,12.05860727957708,false,false,0.0,flat
CHRW,mktcap_to_assets,0.41723455748724236,0.6212663974045114,3.7262285894549283,false,false,1.0,improving
MCD,roe,0.051093435329189744,3.538102643856921,1.2,false,false,1.0,improving
MCD,roic,0.004116401178240301,0.36438589582289127,0.18,false,false,0.0,improving
MCD,debt_to_equity,0.3220055512807047,5.825681969394544,4.0,false,false,1.0,improving
MCD,ev_ebitda,2.5117274806006136,0.6213714057887769,18.0,false,false,1.0,improving
MCD,earnings_stability,-1.7828003163829087,-0.44396853159049654,0.9,false,false,1.0,declining
MCD,interest_coverage,-0.2084214869350776,-0.28505443319764373,10.0,false,false,1.0,declining
MCD,mktcap_to_assets,-0.6021473966350205,-0.14002183470758695,3.818,false,false,1.0,declining
SEDG,roe,-0.038287156249999996,-2.1947431302270015,-0.05,false,false,1.0,declining
SEDG,roic,-0.02658734375,-1.3565062388591802,-0.02,false,false,1.0,declining
SEDG,pb_ratio,0.0032617708333333465,-0.13726590446798068,6.12,false,true,0.0,improving
SEDG,mktcap_to_assets,-0.03158943761814745,-0.5359051218558583,2.0,false,false,1.0,declining
A,roe,0.0,0.0,0.19853973602920527,false,false,0.0,flat
A,roic,0.0,0.0,0.1349622983678534,false,false,0.0,flat
A,debt_to_equity,0.0,0.0,0.4710755405784892,false,false,0.0,flat
A,ev_ebitda,-0.2954312472260973,-0.028379613725925634,17.390602255411878,false,false,1.0,declining
A,pb_ratio,-0.08138670416422392,-0.02959388624064359,4.573485204313129,false,false,1.0,declining
A,earnings_stability,0.0,0.0,4.635892167148817,false,false,0.0,flat
A,interest_coverage,0.0,0.0,16.047619047619047,false,false,0.0,flat
A,mktcap_to_assets,-0.044365565025457646,-0.02959388624064365,2.493100774980337,false,false,1.0,declining
LEN,roe,0.0,0.0,0.07471375266539312,false,false,0.0,flat
LEN,roic,0.0,0.0,0.05845999353427787,false,false,0.0,flat
LEN,debt_to_equity,0.0,0.0,0.2780321746287043,false,false,0.0,flat
LEN,ev_ebitda,-1.137961498657572,-0.21240195953656293,10.425992522226304,false,false,1.0,declining
LEN,pb_ratio,-0.11462950048198527,-0.24203307778479766,0.8689475230184743,false,false,1.0,declining
LEN,earnings_stability,0.0,0.0,3.1719166598615285,false,false,0.0,flat
LEN,mktcap_to_assets,-0.0735387517851033,-0.24203307778479752,0.5574596063042115,false,false,1.0,declining
SBAC,roic,0.0,0.0,0.09543235056631809,false,false,0.0,flat
SBAC,ev_ebitda,-0.42970232188844576,-0.07034103184675028,16.479034002820544,false,false,1.0,declining
SBAC,earnings_stability,0.0,0.0,3.886687193191366,false,false,0.0,flat
SBAC,interest_coverage,0.0,0.0,3.467977381258699,false,false,0.0,flat
SBAC,mktcap_to_assets,-0.07406530063913652,-0.11921856103883803,1.5480830868778914,false,false,1.0,declining
EMR,roe,0.0,0.0,0.12042555287395951,false,false,0.0,flat
EMR,roic,0.0,0.0,0.07115832363213039,false,false,0.0,flat
EMR,debt_to_equity,0.0,0.0,0.6923607348667684,false,false,0.0,flat
EMR,ev_ebitda,0.6353749752044671,0.08344388206497909,16.60601430336325,false,false,1.0,improving
EMR,pb_ratio,0.16085442410239692,0.09876104130200189,3.5999070836471017,false,false,1.0,improving
EMR,earnings_stability,0.0,0.0,11.040500866269879,false,false,0.0,flat
EMR,interest_coverage,0.0,0.0,6.502664298401421,false,false,0.0,flat
EMR,mktcap_to_assets,0.07759521413588111,0.09876104130200183,1.7365736912965004,false,false,1.0,improving
EW,roe,0.0,0.0,0.10581457274267732,false,false,0.0,flat
EW,roic,0.0,0.0,0.09907165651290978,false,false,0.0,flat
EW,debt_to_equity,0.0,0.0,0.06806100217864924,false,false,0.0,flat
EW,ev_ebitda,0.8626078456479125,0.13399098719988406,28.458925628172732,false,false,1.0,improving
EW,pb_ratio,0.13021598948100654,0.12845539158019179,4.464784803129634,false,false,1.0,improving
EW,earnings_stability,0.0,0.0,2.793176876081411,false,false,0.0,flat
EW,mktcap_to_assets,0.10095228893531324,0.12845539158019179,3.4614047574033338,false,false,1.0,improving
HII,roe,0.011353540513693769,15.507246376811594,0.12,false,false,1.0,improving
HII,roic,0.004882588335461897,6.015624999999999,0.08,false,false,0.0,improving
HII,debt_to_equity,0.019375000000000017,0.05798252581413835,0.8,false,false,1.0,improving
HII,pb_ratio,-11022.300366185897,1.4040451552210729,2.5,true,false,0.0,declining
HII,interest_coverage,0.32795799631048667,12.598823529411765,6.0,false,false,1.0,improving
HII,mktcap_to_assets,-1737.3482796474354,2.839924670433144,1.0,true,false,0.0,declining
AOS,roe,0.0,0.0,0.2716216949888702,false,false,0.0,flat
AOS,roic,0.0,0.0,0.1986421027554991,false,false,0.0,flat
AOS,debt_to_equity,0.0,0.0,0.3673923665779901,false,false,0.0,flat
AOS,ev_ebitda,-0.027119784807508946,-0.01102082848729141,9.695554296915253,false,false,1.0,declining
AOS,pb_ratio,-0.01117095430449914,-0.011789797880986037,3.7247500108961415,false,false,1.0,declining
AOS,earnings_stability,0.0,0.0,11.135071700343827,false,false,0.0,flat
AOS,interest_coverage,0.0,0.0,31.42924528301887,false,false,0.0,flat
AOS,mktcap_to_assets,-0.005645707431323079,-0.011789797880986051,1.8824576883165325,false,false,0.0,declining
UBER,roe,0.0,0.0,0.34503656417922507,false,false,0.0,flat
UBER,roic,0.0,0.0,0.2297551789077213,false,false,0.0,flat
UBER,debt_to_equity,0.0,0.0,0.501757504747283,false,false,0.0,flat
UBER,ev_ebitda,1.0190265922172401,0.14622534927919995,25.07059823786482,false,false,1.0,improving
UBER,pb_ratio,0.251720277355105,0.15362666344488296,5.915746338584523,false,false,1.0,improving
UBER,earnings_stability,0.0,0.0,0.8755132138529619,false,false,0.0,flat
UBER,interest_coverage,0.0,0.0,12.085778781038375,false,false,0.0,flat
UBER,mktcap_to_assets,0.10403821632823256,0.15362666344488327,2.44503026845296,false,false,1.0,improving
IBKR,roe,0.0,0.0,0.18585496866606982,false,false,0.0,flat
IBKR,roic,0.0,0.0,0.18545649455065213,false,false,0.0,flat
IBKR,debt_to_equity,0.0,0.0,0.0021486123545210387,false,false,0.0,flat
IBKR,ev_ebitda,0.32161187404690655,0.7424310007052977,2.630643878240787,false,false,1.0,improving
IBKR,pb_ratio,0.5423349381868875,0.5434751589468059,5.344387474533882,false,false,1.0,improving
IBKR,earnings_stability,0.0,0.0,9.24917448205735,false,false,0.0,flat
IBKR,interest_coverage,0.0,0.0,2.1599443671766343,false,false,0.0,flat
IBKR,mktcap_to_assets,0.01384664903507566,0.5434751589468056,0.1364504708376803,false,false,1.0,improving
BDX,roe,0.0,0.0,0.04715730150837063,false,false,0.0,flat
BDX,roic,0.0,0.0,0.027480621091014464,false,false,0.0,flat
BDX,debt_to_equity,0.0,0.0,0.7160202221117189,false,false,0.0,flat
BDX,ev_ebitda,-0.3794475562248215,-0.09246510472339485,15.750509690623984,false,false,1.0,declining
BDX,pb_ratio,-0.07420077149945849,-0.1161463913636733,2.3976734307166656,false,false,1.0,declining
BDX,earnings_stability,0.0,0.0,0.9220757483630766,false,false,0.0,flat
BDX,interest_coverage,0.0,0.0,3.7011494252873565,false,false,0.0,flat
BDX,mktcap_to_assets,-0.035226098084374685,-0.11614639136367327,1.1382722542897108,false,false,1.0,declining
JPM,roe,0.0014937755102040814,9.470198675496688,0.15,false,false,0.0,improving
JPM,roic,0.0019150442176870744,2.3368200836820083,0.12,false,false,0.0,improving
JPM,debt_to_equity,-0.011672373243874084,-0.4242064669237616,1.2,false,false,1.0,declining
JPM,pb_ratio,0.021353071168028974,2.9859013091641486,1.8,false,false,1.0,improving
JPM,mktcap_to_assets,0.0016868571225715989,3.0789473684210518,0.15,false,false,0.0,improving
FITB,roe,0.001212547619047619,-6.011655011655012,0.15,false,true,0.0,improving
FITB,debt_to_equity,-0.0036109523809523805,-0.7083173629743196,0.25,false,false,0.0,declining
FITB,pb_ratio,-402.5996957482993,8.784615384615384,1.59,true,false,0.0,declining
FITB,mktcap_to_assets,-49.765152857142866,16.24242424242424,0.284,true,false,0.0,declining
ABBV,roe,0.0012023430777716496,0.36042853498852157,0.8,false,false,0.0,improving
ABBV,roic,-0.001653838110690464,-0.14639351259069566,0.2,false,false,0.0,declining
ABBV,debt_to_equity,0.146221236704525,-0.219098616688978,3.5,false,true,0.0,improving
ABBV,interest_coverage,-0.5129701099693527,-0.8408308628956845,8.0,false,false,1.0,declining
MTB,roe,0.0,0.0,0.10478335478335478,false,false,0.0,flat
MTB,roic,0.0,0.0,0.06243210428781392,false,false,0.0,flat
MTB,debt_to_equity,0.0,0.0,0.6783569283569284,false,false,0.0,flat
MTB,pb_ratio,0.03744242294796867,0.1468129513642048,1.063656362157991,false,false,1.0,improving
MTB,earnings_stability,0.0,0.0,9.582958727002374,false,false,0.0,flat
MTB,mktcap_to_assets,0.004877335214871188,0.14681295136420477,0.13855429812552775,false,false,0.0,improving
AZO,roic,0.0,0.0,0.25167257918682545,false,false,0.0,flat
AZO,ev_ebitda,-0.243043956537619,-0.05008302295543587,17.271305063211507,false,false,1.0,declining
AZO,earnings_stability,0.0,0.0,4.929125290404618,false,false,0.0,flat
AZO,interest_coverage,0.0,0.0,7.480886082500906,false,false,0.0,flat
AZO,mktcap_to_assets,-0.04967432652885079,-0.05950394780056832,2.9382246054743457,false,false,1.0,declining
DOC,roe,0.0,0.0,0.02838535970053747,false,false,0.0,flat
DOC,roic,0.0,0.0,0.01198285854437008,false,false,0.0,flat
DOC,debt_to_equity,0.0,0.0,1.3688304084899507,false,false,0.0,flat
DOC,ev_ebitda,-0.23212816969492567,-0.08014521267421656,11.2931800647796,false,false,1.0,declining
DOC,pb_ratio,-0.05444667508112123,-0.14008044358296146,1.4296571648162275,false,false,1.0,declining
DOC,earnings_stability,0.0,0.0,0.5147691570503046,false,false,0.0,flat
DOC,interest_coverage,0.0,0.0,2.331077594698806,false,false,0.0,flat
DOC,mktcap_to_assets,-0.019712755572597798,-0.14008044358296132,0.5176162217554298,false,false,1.0,declining
REG,roe,0.0,0.0,0.07927391269339829,false,false,0.0,flat
REG,roic,0.0,0.0,0.04374881855323582,false,false,0.0,flat
REG,debt_to_equity,0.0,0.0,0.8120240800773557,false,false,0.0,flat
REG,ev_ebitda,0.11347909809923928,0.014280043826851422,16.175456618029404,false,false,1.0,improving
REG,pb_ratio,0.019558449976228395,0.020350064852286655,1.9963327806655657,false,false,1.0,improving
REG,earnings_stability,0.0,0.0,3.593492350486691,false,false,0.0,flat
REG,interest_coverage,0.0,0.0,3.6578245321930636,false,false,0.0,flat
REG,mktcap_to_assets,0.010333295050367324,0.020350064852286662,1.0547203723408494,false,false,1.0,improving
PGR,roe,0.0,0.0,0.3607790505321639,false,false,0.0,flat
PGR,roic,0.0,0.0,0.2859369202226345,false,false,0.0,flat
PGR,debt_to_equity,0.0,0.0,0.26174350010924186,false,false,0.0,flat
PGR,pb_ratio,-0.17803047734722294,-0.15255767825467895,3.593932293736796,false,false,1.0,declining
PGR,earnings_stability,0.0,0.0,12.657767072289484,false,false,0.0,flat
PGR,interest_coverage,0.0,0.0,53.34892086330935,false,false,0.0,flat
PGR,mktcap_to_assets,-0.04667347301530722,-0.1525576782546789,0.9422055393549837,false,false,1.0,declining
VTRS,roe,0.0,-0.0,-0.02022827592323489,false,false,0.0,flat
VTRS,roic,0.0,-0.0,-0.010130621811758354,false,false,0.0,flat
VTRS,debt_to_equity,0.0,0.0,0.9967457377351153,false,false,0.0,flat
VTRS,ev_ebitda,0.3518395645452202,0.1370021073612739,11.506378037766344,false,false,1.0,improving
VTRS,pb_ratio,0.059296429610106394,0.28823320542628167,1.0655427295342514,false,false,1.0,improving
VTRS,earnings_stability,0.0,0.0,0.556885230568047,false,false,0.0,flat
VTRS,interest_coverage,0.0,-0.0,-0.7131750367724312,false,false,0.0,flat
VTRS,mktcap_to_assets,0.02359600148490975,0.2882332054262817,0.42401453162771413,false,false,1.0,improving
VZ,roe,-0.044537405360910665,-0.6907179866765359,0.2,false,false,1.0,declining
VZ,roic,-0.014693298963326383,-0.6611659511472983,0.08,false,false,1.0,declining
VZ,debt_to_equity,0.0015655493108039863,0.035151368343398874,1.8,false,false,0.0,improving
VZ,ev_ebitda,0.7709200408917999,3.581563090801022,7.5,false,false,1.0,improving
VZ,pb_ratio,0.060719656608785366,0.48556619249882815,1.85,false,false,1.0,improving
VZ,earnings_stability,-0.5179815416684617,-0.8329231897054911,0.82,false,false,1.0,declining
VZ,interest_coverage,0.008835647985207,-0.008722186455476283,5.0,false,false,0.0,improving
VZ,mktcap_to_assets,0.018705434063300698,0.5829527468735749,0.509,false,false,1.0,improving
ALB,roe,0.0,-0.0,-0.02364272955990422,false,false,0.0,flat
ALB,roic,0.0,-0.0,-0.01985040067746306,false,false,0.0,flat
ALB,debt_to_equity,0.0,0.0,0.1910454576741487,false,false,0.0,flat
ALB,ev_ebitda,5.020941528975155,0.9842960895635072,38.60193077641449,false,false,1.0,improving
ALB,pb_ratio,0.2893295756140598,1.0698636712593173,2.1440125963117183,false,false,1.0,improving
ALB,earnings_stability,0.0,0.0,0.15795488991130444,false,false,0.0,flat
ALB,interest_coverage,0.0,-0.0,-0.4542193487838578,false,false,0.0,flat
ALB,mktcap_to_assets,0.18824478880089296,1.0698636712593173,1.3949462218736997,false,false,1.0,improving
MCHP,roe,-0.012256501482946124,-0.363946633571207,0.2,false,false,1.0,declining
MCHP,roic,-0.01164164977755808,-0.4058094831268689,0.12,false,false,1.0,declining
MCHP,debt_to_equity,-0.013442499999999998,0.05712815234173946,1.2,true,false,0.0,declining
MCHP,pb_ratio,-0.04569061224489797,6.4223784417106025,6.35,true,false,0.0,declining
MCHP,interest_coverage,-45.64184733069698,-0.4875708678587004,8.0,false,false,1.0,declining
MCHP,mktcap_to_assets,0.0288862925170068,2.109523809523809,1.636,false,false,1.0,improving
TTWO,roe,0.0,-0.0,-0.0849354866273605,false,false,0.0,flat
TTWO,roic,0.0,-0.0,-0.04609534409200519,false,false,0.0,flat
TTWO,debt_to_equity,0.0,0.0,0.8426044603947705,false,false,0.0,flat
TTWO,ev_ebitda,1.1862465362979036,0.15303545481531478,30.987987951588135,false,false,1.0,improving
TTWO,pb_ratio,0.41805315997647174,0.15894512727673551,10.518282347118971,false,false,1.0,improving
TTWO,earnings_stability,0.0,0.0,0.5508317918296848,false,false,0.0,flat
TTWO,interest_coverage,0.0,-0.0,-0.2774369461486026,false,false,0.0,flat
TTWO,mktcap_to_assets,0.15642241872297258,0.15894512727673588,3.935612316960099,false,false,1.0,improving
RTX,roe,-0.0027157907907907914,-0.408138101109741,0.12,false,false,0.0,declining
RTX,roic,-0.0023167855355355348,-0.5093529592149647,0.08,false,false,0.0,declining
RTX,debt_to_equity,0.00021649774774774728,0.27970749542961615,0.7,false,false,0.0,improving
RTX,ev_ebitda,-0.018886734693877607,7.296296296296295,13.0,true,false,0.0,declining
RTX,pb_ratio,0.01232078953953954,2174.0,4.34,false,false,1.0,improving
RTX,interest_coverage,-0.14189555180180186,-0.44776806258628615,6.0,false,false,1.0,declining
RTX,mktcap_to_assets,0.004765609359359358,1695.0,1.692,false,false,0.0,improving
LXU,roe,-0.0014015047940340907,0.04566050888811433,0.15,false,false,0.0,declining
LXU,roic,-0.0012799849076704551,-0.4910941475826972,0.1,false,false,0.0,declining
LXU,debt_to_equity,0.00926177038942424,2.2258064516129035,0.8,false,false,0.0,improving
LXU,pb_ratio,-0.009946280991735541,0.2526997840172786,1.44,true,false,0.0,declining
LXU,interest_coverage,-0.1455787020596591,-0.588201986925413,4.0,false,false,1.0,declining
LXU,mktcap_to_assets,-0.0005165289256198353,0.21097954790096873,0.558,true,false,0.0,declining
XOM,roe,-0.0017051632653061225,-0.5679275439531167,0.16,false,false,0.0,declining
XOM,roic,-0.0018464863489911592,-0.601712265028848,0.12,false,false,0.0,declining
XOM,debt_to_equity,0.002207619047619047,1.8992248062015502,0.25,false,false,0.0,improving
XOM,pb_ratio,0.00893358644803239,0.34549564094284785,2.0,false,false,0.0,improving
XOM,mktcap_to_assets,0.006890621519269324,0.6673553719008267,1.211,false,false,0.0,improving
DOV,roe,0.0,0.0,0.14729353723076988,false,false,0.0,flat
DOV,roic,0.0,0.0,0.10349788653621783,false,false,0.0,flat
DOV,debt_to_equity,0.0,0.0,0.4231550243224173,false,false,0.0,flat
DOV,ev_ebitda,0.5878375186877414,0.19513257158964337,16.521389531898233,false,false,1.0,improving
DOV,pb_ratio,0.14645082112730665,0.20730623629466402,3.920828792222256,false,false,1.0,improving
DOV,earnings_stability,0.0,0.0,11.14507997354411,false,false,0.0,flat
DOV,interest_coverage,0.0,0.0,13.403131115459882,false,false,0.0,flat
DOV,mktcap_to_assets,0.08238936144778605,0.20730623629466402,2.205754655731692,false,false,1.0,improving
CDNS,roe,0.0,0.0,0.20093342585837806,false,false,0.0,flat
CDNS,roic,0.0,0.0,0.14490980534679548,false,false,0.0,flat
CDNS,debt_to_equity,0.0,0.0,0.3866102806328935,false,false,0.0,flat
CDNS,ev_ebitda,1.391565151845735,0.17459685489712076,45.932932229985084,false,false,1.0,improving
CDNS,pb_ratio,0.4619524094703735,0.17736442680306896,15.071604028344654,false,false,1.0,improving
CDNS,earnings_stability,0.0,0.0,3.7863556532114506,false,false,0.0,flat
CDNS,interest_coverage,0.0,0.0,15.566544751804766,false,false,0.0,flat
CDNS,mktcap_to_assets,0.2622489487583051,0.17736442680306908,8.556102818180685,false,false,1.0,improving
ADM,roe,0.0,0.0,0.04740396421680407,false,false,0.0,flat
ADM,roic,0.0,0.0,0.03230626699739996,false,false,0.0,flat
ADM,debt_to_equity,0.0,0.0,0.4673302929310647,false,false,0.0,flat
ADM,ev_ebitda,0.8428105624345027,0.2569320325036306,14.263538251465775,false,false,1.0,improving
ADM,pb_ratio,0.11627267275122545,0.37107988757514476,1.5263590308328068,false,false,1.0,improving
ADM,earnings_stability,0.0,0.0,2.418976365153258,false,false,0.0,flat
ADM,interest_coverage,0.0,0.0,2.9108469539375927,false,false,0.0,flat
ADM,mktcap_to_assets,0.04769024118527547,0.3710798875751447,0.6260493424064054,false,false,1.0,improving
RL,roe,0.0,0.0,0.3312099669177166,false,false,0.0,flat
RL,roic,0.0,0.0,0.16084979831817872,false,false,0.0,flat
RL,debt_to_equity,0.0,0.0,1.0591257830646865,false,false,0.0,flat
RL,ev_ebitda,0.901407625721701,0.501873517098273,9.513222733320582,false,false,1.0,improving
RL,pb_ratio,0.46472585025681695,0.5631486580511164,4.54512563596865,false,false,1.0,improving
RL,earnings_stability,0.0,0.0,2.6348940661025964,false,false,0.0,flat
RL,interest_coverage,0.0,0.0,22.728782287822877,false,false,0.0,flat
RL,mktcap_to_assets,0.17061464318363195,0.5631486580511166,1.6686504272939235,false,false,1.0,improving
HOOD,roe,0.0,0.0,0.21856540084388185,false,false,0.0,flat
HOOD,roic,0.0,0.0,0.06437581557198782,false,false,0.0,flat
HOOD,debt_to_equity,0.0,0.0,2.3951476793248947,false,false,0.0,flat
HOOD,ev_ebitda,2.434377907598478,0.2213844858500034,40.92689491757527,false,false,1.0,improving
HOOD,pb_ratio,0.6062833586329118,0.2955917760265228,8.363333217341266,false,false,1.0,improving
HOOD,earnings_stability,0.0,0.0,4.7737065530366865,false,false,0.0,flat
HOOD,mktcap_to_assets,0.10163689195119374,0.29559177602652265,1.4020229690609232,false,false,1.0,improving
CPAY,roe,0.0,0.0,0.3352182598469344,false,false,0.0,flat
CPAY,roic,0.0,0.0,0.08483012620498014,false,false,0.0,flat
CPAY,debt_to_equity,0.0,0.0,2.9516416495352877,false,false,0.0,flat
CPAY,ev_ebitda,-0.37211225302966416,-0.10276945456778556,10.505634174213514,false,false,1.0,declining
CPAY,pb_ratio,-0.27087427226393224,-0.13857442400148798,5.418510143080255,false,false,1.0,declining
CPAY,earnings_stability,0.0,0.0,7.910122963576969,false,false,0.0,flat
CPAY,interest_coverage,0.0,0.0,5.093044240118469,false,false,0.0,flat
CPAY,mktcap_to_assets,-0.03565763568935857,-0.138574424001488,0.7132876040467602,false,false,1.0,declining
MRNA,roe,0.0,-0.0,-0.43115550755939525,false,false,0.0,flat
MRNA,roic,0.0,-0.0,-0.36687342062945094,false,false,0.0,flat
MRNA,debt_to_equity,0.0,0.0,0.17521598272138228,false,false,0.0,flat
MRNA,pb_ratio,0.08770675300607533,0.14814809763868178,2.7209424479584383,false,false,1.0,improving
MRNA,earnings_stability,0.0,0.0,2.2588780845649286,false,false,0.0,flat
MRNA,interest_coverage,0.0,-0.0,-119.6923076923077,false,false,0.0,flat
MRNA,mktcap_to_assets,0.05655741872118785,0.1481480976386818,1.754591021455093,false,false,1.0,improving
EQR,roe,0.0,0.0,0.08324837517522621,false,false,0.0,flat
EQR,roic,0.0,0.0,0.04587699051596186,false,false,0.0,flat
EQR,debt_to_equity,0.0,0.0,0.814599742462658,false,false,0.0,flat
EQR,ev_ebitda,-0.07704207489665232,-0.027076767725713023,15.100172324898155,false,false,1.0,declining
EQR,pb_ratio,-0.01649532209665689,-0.036463095966320934,2.421929671964049,false,false,1.0,declining
EQR,earnings_stability,0.0,0.0,1.9545224845714784,false,false,0.0,flat
EQR,interest_coverage,0.0,0.0,3.859238280821682,false,false,0.0,flat
EQR,mktcap_to_assets,-0.008554527545130012,-0.036463095966320955,1.256020583883188,false,false,0.0,declining
MGM,roe,0.0,0.0,0.16943680321428928,false,false,0.0,flat
MGM,roic,0.0,0.0,0.013161815993531913,false,false,0.0,flat
MGM,debt_to_equity,0.0,0.0,11.873360583186642,false,false,0.0,flat
MGM,ev_ebitda,0.3326926632552673,0.05586988190536262,19.860947080132537,false,false,1.0,improving
MGM,pb_ratio,0.26342908880993,0.22856313108402496,4.866087019207448,false,false,1.0,improving
MGM,earnings_stability,0.0,0.0,0.4466782172247332,false,false,0.0,flat
MGM,interest_coverage,0.0,0.0,2.212712740857736,false,false,0.0,flat
MGM,mktcap_to_assets,0.016618049594434203,0.22856313108402485,0.3069701823034725,false,false,1.0,improving
MS,roe,0.0,0.0,0.15848835377911555,false,false,0.0,flat
MS,roic,0.0,0.0,0.03561905136474475,false,false,0.0,flat
MS,debt_to_equity,0.0,0.0,3.4495388761528094,false,false,0.0,flat
MS,pb_ratio,0.19704652433315215,0.45008489105729627,2.23922847785654,false,false,1.0,improving
MS,earnings_stability,0.0,0.0,6.892108120675688,false,false,0.0,flat
MS,mktcap_to_assets,0.014240168684015623,0.4500848910572959,0.16182468254459764,false,false,1.0,improving
CFG,roe,0.0008312728079008877,2.9858870967741935,0.12,false,false,0.0,improving
CFG,debt_to_equity,0.0011054221598100539,1.8025477707006363,0.3,false,false,0.0,improving
CFG,pb_ratio,0.009815729166666669,1.5925925925925928,1.26,false,false,0.0,improving
CFG,mktcap_to_assets,0.0008740625,1.407142857142857,0.169,false,false,0.0,improving
ARES,roe,0.0,0.0,0.15471147838680788,false,false,0.0,flat
ARES,roic,0.0,0.0,0.034269162771878775,false,false,0.0,flat
ARES,debt_to_equity,0.0,0.0,3.5145975528110625,false,false,0.0,flat
ARES,ev_ebitda,-0.8917009741068942,-0.10118269522021116,16.478154382183572,false,false,1.0,declining
ARES,pb_ratio,-0.49324453332735424,-0.13870820315326737,5.957545462335548,false,false,1.0,declining
ARES,earnings_stability,0.0,0.0,1.5375515022529067,false,false,0.0,flat
ARES,interest_coverage,0.0,0.0,2.899710116240002,false,false,0.0,flat
ARES,mktcap_to_assets,-0.06992528589571236,-0.1387082031532673,0.8445771651645276,false,false,1.0,declining
TRV,roe,0.0007811592608175021,2.8095238095238098,0.14,false,false,0.0,improving
TRV,roic,-0.0003096830769230769,-0.048072346501665864,0.1,false,false,0.0,declining
TRV,pb_ratio,0.025281478364995634,2.4345625451916124,2.38,false,false,1.0,improving
TRV,interest_coverage,-0.11302197916666666,-0.635249489349285,10.0,false,false,1.0,declining
TRV,mktcap_to_assets,0.004978385930309008,3.0132890365448506,0.605,false,false,0.0,improving
EQIX,roe,0.0,0.0,0.1065915727993325,false,false,0.0,flat
EQIX,roic,0.0,0.0,0.04062218453548148,false,false,0.0,flat
EQIX,debt_to_equity,0.0,0.0,1.6239744124600195,false,false,0.0,flat
EQIX,ev_ebitda,0.6784748085859441,0.1448118890613382,28.08508190511909,false,false,1.0,improving
EQIX,pb_ratio,0.21035455232128533,0.18333046625679997,7.151604798701574,false,false,1.0,improving
EQIX,earnings_stability,0.0,0.0,5.439115366009972,false,false,0.0,flat
EQIX,interest_coverage,0.0,0.0,3.9964850615114234,false,false,0.0,flat
EQIX,mktcap_to_assets,0.07365174728514769,0.1833304662567999,2.5040018554612433,false,false,1.0,improving
L,roe,0.0,0.0,0.08736099230111206,false,false,0.0,flat
L,roic,0.0,0.0,0.05912149938490484,false,false,0.0,flat
L,debt_to_equity,0.0,0.0,0.4776518391787853,false,false,0.0,flat
L,pb_ratio,0.06073896660699141,0.20385464050873145,1.173603739188525,false,false,1.0,improving
L,earnings_stability,0.0,0.0,7.137414777243415,false,false,0.0,flat
L,interest_coverage,0.0,0.0,6.015730337078652,false,false,0.0,flat
L,mktcap_to_assets,0.01326369064840479,0.2038546405087312,0.2562822156841892,false,false,1.0,improving
MAS,roic,0.0,0.0,0.2830188679245283,false,false,0.0,flat
MAS,ev_ebitda,0.10042957578348433,0.01739866459087567,14.203546537540353,false,false,1.0,improving
MAS,earnings_stability,0.0,0.0,4.144339562048698,false,false,0.0,flat
MAS,interest_coverage,0.0,0.0,12.980582524271844,false,false,0.0,flat
MAS,mktcap_to_assets,0.024861015149512795,0.02115039516045607,2.970772397832152,false,false,1.0,improving
COO,roe,0.0,0.0,0.02862032552889342,false,false,0.0,flat
COO,roic,0.0,0.0,0.02203923694516361,false,false,0.0,flat
COO,debt_to_equity,0.0,0.0,0.2986078238599813,false,false,0.0,flat
COO,ev_ebitda,-0.8214929312856643,-0.046526204163150967,18.003162941380413,false,false,1.0,declining
COO,pb_ratio,-0.08877097145536747,-0.0530323037456442,1.663670631602639,false,false,1.0,declining
COO,earnings_stability,0.0,0.0,0.8844289401350903,false,false,0.0,flat
COO,interest_coverage,0.0,0.0,5.430719656283566,false,false,0.0,flat
COO,mktcap_to_assets,-0.05859298019785028,-0.05303230374564404,1.0981001872019567,false,false,1.0,declining
HSIC,roe,0.0,0.0,0.12094304960195959,false,false,0.0,flat
HSIC,roic,0.0,0.0,0.05630791161796151,false,false,0.0,flat
HSIC,debt_to_equity,0.0,0.0,1.147887323943662,false,false,0.0,flat
HSIC,ev_ebitda,0.14515340984321115,0.05763671680818048,12.030726095444535,false,false,1.0,improving
HSIC,pb_ratio,0.04435489988472894,0.08417462708970967,2.5706260389631495,false,false,1.0,improving
HSIC,earnings_stability,0.0,0.0,12.21218354351853,false,false,0.0,flat
HSIC,interest_coverage,0.0,0.0,4.4935064935064934,false,false,0.0,flat
HSIC,mktcap_to_assets,0.012815207273843334,0.0841746270897099,0.7427162635574706,false,false,1.0,improving
CI,roe,0.0,0.0,0.15053965274519004,false,false,0.0,flat
CI,roic,0.0,0.0,0.08612311739912482,false,false,0.0,flat
CI,debt_to_equity,0.0,0.0,0.7479587048334115,false,false,0.0,flat
CI,ev_ebitda,-0.11806040482246478,-0.060115053085258975,7.698538540877973,false,false,1.0,declining
CI,pb_ratio,-0.03541535137623682,-0.07991352921168988,1.7091932248973458,false,false,1.0,declining
CI,earnings_stability,0.0,0.0,7.6412621769236875,false,false,0.0,flat
CI,interest_coverage,0.0,0.0,7.075246132208157,false,false,0.0,flat
CI,mktcap_to_assets,-0.009609008515649227,-0.07991352921168986,0.4637438741875255,false,false,0.0,declining
DHI,roe,0.0,0.0,0.1281680975671194,false,false,0.0,flat
DHI,roic,0.0,0.0,0.09847079808148218,false,false,0.0,flat
DHI,debt_to_equity,0.0,0.0,0.30158483595373536,false,false,0.0,flat
DHI,ev_ebitda,0.467887015729467,0.16243622011121814,12.915577355501158,false,false,1.0,improving
DHI,pb_ratio,0.07705172685826352,0.1858994069936893,1.9126238474648436,false,false,1.0,improving
DHI,earnings_stability,0.0,0.0,4.9342307072906975,false,false,0.0,flat
DHI,mktcap_to_assets,0.05026755026253262,0.1858994069936893,1.2477710663462775,false,false,1.0,improving
CSX,roe,0.0,0.0,0.22887373952563556,false,false,0.0,flat
CSX,roic,0.0,0.0,0.09638446125781273,false,false,0.0,flat
CSX,debt_to_equity,0.0,0.0,1.3745916773185627,false,false,0.0,flat
CSX,ev_ebitda,0.8730252387002434,0.34874605511921775,15.87557901278545,false,false,1.0,improving
CSX,pb_ratio,0.41549603392764045,0.46302169156481415,6.252530218980832,false,false,1.0,improving
CSX,earnings_stability,0.0,0.0,7.473699972117362,false,false,0.0,flat
CSX,interest_coverage,0.0,0.0,5.959858323494687,false,false,0.0,flat
CSX,mktcap_to_assets,0.13081910185952314,0.4630216915648142,1.9686117815965676,false,false,1.0,improving
KO,roe,0.0031660352234961,0.6814159292035398,0.38,false,false,0.0,improving
KO,roic,-0.0004511564078664543,-0.370012599748005,0.15,false,false,0.0,declining
KO,debt_to_equity,-0.013601190476190492,0.03130755064456721,1.4,false,false,0.0,declining
KO,interest_coverage,-0.3320617403048428,-0.5861526682806713,10.0,false,false,1.0,declining
DUK,roe,0.0005445306122448979,1.1712907117008442,0.09,false,false,0.0,improving
DUK,roic,-0.00009504081632653055,-0.2435703479576398,0.05,false,false,0.0,declining
DUK,debt_to_equity,0.012490609896655588,0.9946808510638298,1.5,false,false,1.0,improving
DUK,pb_ratio,0.012641972789115647,0.4540412044374009,1.83,false,false,1.0,improving
DUK,interest_coverage,-0.011262142857142856,-0.2352791231200612,3.0,false,false,1.0,declining
DUK,mktcap_to_assets,0.0017441836734693882,0.10313447927199211,0.544,false,false,0.0,improving
SW,roe,0.0,0.0,0.02755599911288534,false,false,0.0,flat
SW,roic,0.0,0.0,0.015434782608695652,false,false,0.0,flat
SW,debt_to_equity,0.0,0.0,0.7853182523841207,false,false,0.0,flat
SW,ev_ebitda,-0.13876000442793007,-0.06182700716844336,8.826614179024016,false,false,1.0,declining
SW,pb_ratio,-0.032905108612677814,-0.09540357795090959,1.3453331583325414,false,false,1.0,declining
SW,earnings_stability,0.0,0.0,1.0639489658034096,false,false,0.0,flat
SW,interest_coverage,0.0,0.0,1.8882063882063882,false,false,0.0,flat
SW,mktcap_to_assets,-0.013129721442849879,-0.09540357795090956,0.5368117706175907,false,false,1.0,declining
ODFL,roe,0.0,0.0,0.22894651071135858,false,false,0.0,flat
ODFL,roic,0.0,0.0,0.22688400479489915,false,false,0.0,flat
ODFL,debt_to_equity,0.0,0.0,0.009090574359016319,false,false,0.0,flat
ODFL,ev_ebitda,0.24261834816421288,0.03795781282155601,23.605744237123478,false,false,1.0,improving
ODFL,pb_ratio,0.0942300424264666,0.037690490833441566,9.224573313189415,false,false,1.0,improving
ODFL,earnings_stability,0.0,0.0,15.42788810126103,false,false,0.0,flat
ODFL,interest_coverage,0.0,0.0,2261.273187183811,false,false,0.0,flat
ODFL,mktcap_to_assets,0.07328792676274516,0.03769049083344148,7.174461944259052,false,false,1.0,improving
AVY,roe,0.0,0.0,0.29984785916105194,false,false,0.0,flat
AVY,roic,0.0,0.0,0.11325649361310873,false,false,0.0,flat
AVY,debt_to_equity,0.0,0.0,1.6475114105629212,false,false,0.0,flat
AVY,ev_ebitda,-0.11976012224742608,-0.006955278099864875,17.540930718212845,false,false,1.0,declining
AVY,pb_ratio,-0.07369893721611868,-0.008073512738888955,9.257855082709813,false,false,1.0,declining
AVY,earnings_stability,0.0,0.0,19.202888409087294,false,false,0.0,flat
AVY,interest_coverage,0.0,0.0,7.698786581013562,false,false,0.0,flat
AVY,mktcap_to_assets,-0.018883167204873916,-0.008073512738889139,2.372050833957847,false,false,1.0,declining
PHM,roe,0.0,0.0,0.14649511350741767,false,false,0.0,flat
PHM,roic,0.0,0.0,0.1245075076189048,false,false,0.0,flat
PHM,debt_to_equity,0.0,0.0,0.17659662705491608,false,false,0.0,flat
PHM,ev_ebitda,0.4023476063829664,0.2060799259460284,10.389976590736849,false,false,1.0,improving
PHM,pb_ratio,0.08063804453351876,0.21602766352017594,2.00838896808533,false,false,1.0,improving
PHM,earnings_stability,0.0,0.0,5.405759733655052,false,false,0.0,flat
PHM,interest_coverage,0.0,0.0,4111.151565074135,false,false,0.0,flat
PHM,mktcap_to_assets,0.05745994100292631,0.21602766352017608,1.4311099963385407,false,false,1.0,improving
AWK,roe,0.0,0.0,0.09669952850407201,false,false,0.0,flat
AWK,roic,0.0,0.0,0.040688237203765826,false,false,0.0,flat
AWK,debt_to_equity,0.0,0.0,1.376596656665238,false,false,0.0,flat
AWK,ev_ebitda,0.035350021609098205,0.00946753633927621,13.894100772653323,false,false,1.0,improving
AWK,pb_ratio,0.009164034748899522,0.01522237568848171,2.241642583497955,false,false,0.0,improving
AWK,earnings_stability,0.0,0.0,4.49567240804073,false,false,0.0,flat
AWK,interest_coverage,0.0,0.0,3.2153846153846155,false,false,0.0,flat
AWK,mktcap_to_assets,0.002932501175374122,0.01522237568848169,0.7173280864813224,false,false,0.0,improving
INTU,roe,0.0,0.0,0.22221144990062533,false,false,0.0,flat
INTU,roic,0.0,0.0,0.16651531112644846,false,false,0.0,flat
INTU,debt_to_equity,0.0,0.0,0.334480585583402,false,false,0.0,flat
INTU,ev_ebitda,-2.0581152488646164,-0.2690861658902941,15.60073083792719,false,false,1.0,declining
INTU,pb_ratio,-0.690794027007543,-0.2726863733255204,5.128724626584316,false,false,1.0,declining
INTU,earnings_stability,0.0,0.0,1.2339161308288418,false,false,0.0,flat
INTU,interest_coverage,0.0,0.0,24.848979591836734,false,false,0.0,flat
INTU,mktcap_to_assets,-0.3623287562455786,-0.27268637332552054,2.6900701836208456,false,false,1.0,declining
CHD,roe,0.0,0.0,0.17510750119445773,false,false,0.0,flat
CHD,roic,0.0,0.0,0.11467997559334762,false,false,0.0,flat
CHD,debt_to_equity,0.0,0.0,0.5269230769230769,false,false,0.0,flat
CHD,ev_ebitda,-1.0263354631464725,-0.15598908166566916,22.450780305381876,false,false,1.0,declining
CHD,pb_ratio,-0.31694788657655154,-0.1645558671063432,6.526474844903763,false,false,1.0,declining
CHD,earnings_stability,0.0,0.0,6.896508718410546,false,false,0.0,flat
CHD,interest_coverage,0.0,0.0,10.879040667361835,false,false,0.0,flat
CHD,mktcap_to_assets,-0.14730959342801805,-0.164555867106343,3.0333452174282076,false,false,1.0,declining
MCO,roe,0.0,0.0,0.9239669421487603,false,false,0.0,flat
MCO,roic,0.0,0.0,0.2650042666160994,false,false,0.0,flat
MCO,debt_to_equity,0.0,0.0,2.4866115702479337,false,false,0.0,flat
MCO,ev_ebitda,-0.14004288015503558,-0.0405229889754749,19.39227303160621,false,false,1.0,declining
MCO,pb_ratio,-0.2017080425902448,-0.04357453030065424,25.929630941721737,false,false,1.0,declining
MCO,earnings_stability,0.0,0.0,6.381257194708285,false,false,0.0,flat
MCO,interest_coverage,0.0,0.0,14.464419475655431,false,false,0.0,flat
MCO,mktcap_to_assets,-0.041578659545859556,-0.04357453030065416,5.3449494786172576,false,false,1.0,declining
PPL,roe,0.0,0.0,0.08116385911179173,false,false,0.0,flat
PPL,roic,0.0,0.0,0.034574694386930255,false,false,0.0,flat
PPL,debt_to_equity,0.0,0.0,1.3474931753112724,false,false,0.0,flat
PPL,ev_ebitda,0.2589961476393114,0.058311440963897086,12.619885913027234,false,false,1.0,improving
PPL,pb_ratio,0.0658914894553438,0.10205564320621843,1.9457742908101112,false,false,1.0,improving
PPL,earnings_stability,0.0,0.0,3.3427200480531933,false,false,0.0,flat
PPL,interest_coverage,0.0,0.0,2.8004750593824226,false,false,0.0,flat
PPL,mktcap_to_assets,0.021372328095408805,0.1020556432062185,0.6311243968917818,false,false,1.0,improving
NCLH,roe,0.0,0.0,0.2336909805934411,false,false,0.0,flat
NCLH,roic,0.0,0.0,0.03230960568323625,false,false,0.0,flat
NCLH,debt_to_equity,0.0,0.0,6.232863900740547,false,false,0.0,flat
NCLH,ev_ebitda,-0.12205750397724531,-0.033395352652028525,8.81459212912982,false,false,1.0,declining
NCLH,pb_ratio,-0.1341531366340352,-0.08212124147956305,3.531340840845384,false,false,1.0,declining
NCLH,earnings_stability,0.0,0.0,0.64554616404497,false,false,0.0,flat
NCLH,interest_coverage,0.0,0.0,1.640862402273239,false,false,0.0,flat
NCLH,mktcap_to_assets,-0.013708263188525608,-0.08212124147956307,0.36084545519613614,false,false,1.0,declining
KMI,roe,0.0,0.0,0.10960766336821473,false,false,0.0,flat
KMI,roic,0.0,0.0,0.054367257331033404,false,false,0.0,flat
KMI,debt_to_equity,0.0,0.0,1.0160601941133698,false,false,0.0,flat
KMI,ev_ebitda,0.4520186751801376,0.13544039812090025,13.413129954047857,false,false,1.0,improving
KMI,pb_ratio,0.10999297343939549,0.20766253479997607,2.250667422980821,false,false,1.0,improving
KMI,earnings_stability,0.0,0.0,5.797573519959996,false,false,0.0,flat
KMI,mktcap_to_assets,0.04697669172938238,0.20766253479997604,0.961233307989338,false,false,1.0,improving
MU,roe,0.0016204325619492126,-3.6568265682656826,0.16,false,true,0.0,improving
MU,roic,0.0015681136362646572,-4.11660777385159,0.12,false,true,0.0,improving
MU,debt_to_equity,-0.006080008291827261,-0.5623441396508728,0.3,false,false,0.0,declining
MU,ev_ebitda,0.1415561993716471,1.1765370999189069,6.5,false,false,1.0,improving
MU,pb_ratio,0.022911023941189355,3.796683774180814,1.8,false,false,1.0,improving
MU,earnings_stability,0.012402961736594862,0.5067230878443975,0.45,false,false,1.0,improving
MU,interest_coverage,0.808906788907118,-6.334283874528562,10.0,false,true,0.0,improving
MU,mktcap_to_assets,0.02174888823615964,6.813513513513515,0.9,false,false,1.0,improving
GD,roe,-0.0004519609148273383,-0.03347517730496463,0.18,false,false,0.0,declining
GD,roic,-0.0019905162544263688,-0.39380757420675544,0.12,false,false,0.0,declining
GD,debt_to_equity,0.004007789535567313,0.48311306901615264,0.7,false,false,0.0,improving
GD,ev_ebitda,0.21136978248089355,0.5618305744888024,13.0,false,false,1.0,improving
GD,pb_ratio,0.027745365793376164,1.5164041994750657,3.82,false,false,1.0,improving
GD,interest_coverage,-0.02419808452792883,-0.6363382985971322,10.0,false,false,1.0,declining
GD,mktcap_to_assets,0.011800210084033614,2.023424878836834,1.864,false,false,1.0,improving
GDDY,roe,0.0,0.0,135.86567164179104,false,false,0.0,flat
GDDY,roic,0.0,0.0,0.2365583014994413,false,false,0.0,flat
GDDY,debt_to_equity,0.0,0.0,573.3432835820895,false,false,0.0,flat
GDDY,ev_ebitda,-2.313421369765134,-0.5022011524787454,9.923637008042684,false,false,1.0,declining
GDDY,pb_ratio,-484.5063979185727,-0.5561707031326576,1677.454843236641,false,false,1.0,declining
GDDY,earnings_stability,0.0,0.0,12.665760871181483,false,false,0.0,flat
GDDY,interest_coverage,0.0,0.0,8.69608493696085,false,false,0.0,flat
GDDY,mktcap_to_assets,-0.4059466355769248,-0.5561707031326576,1.405465754156203,false,false,1.0,declining
NTR,roe,0.00786666666666667,1.702702702702703,0.07,false,false,0.0,improving
NTR,roic,0.004089795918367346,0.9880715705765409,0.05,false,false,0.0,improving
NTR,debt_to_equity,-0.0024489795918367367,-0.01960784313725492,0.6,false,false,0.0,declining
NTR,ev_ebitda,-7.343314285714288,-0.7388482023968043,7.5,false,false,1.0,declining
NTR,pb_ratio,0.0466122448979592,0.24825337680484416,1.33,false,false,1.0,improving
NTR,mktcap_to_assets,0.043292517006802714,0.33230452674897115,0.642,false,false,1.0,improving
PNR,roe,0.0,0.0,0.17373909796495346,false,false,0.0,flat
PNR,roic,0.0,0.0,0.11813565469713457,false,false,0.0,flat
PNR,debt_to_equity,0.0,0.0,0.4706745259115035,false,false,0.0,flat
PNR,ev_ebitda,-0.9541667283170128,-0.16772897893911354,14.908657568616835,false,false,1.0,declining
PNR,pb_ratio,-0.23649938405168972,-0.1853252946994889,3.2490639528753698,false,false,1.0,declining
PNR,earnings_stability,0.0,0.0,8.207517947540703,false,false,0.0,flat
PNR,interest_coverage,0.0,0.0,11.342215988779804,false,false,0.0,flat
PNR,mktcap_to_assets,-0.13210380212523465,-0.1853252946994887,1.8148618155769531,false,false,1.0,declining
DXCM,roe,0.0,0.0,0.3813611047531853,false,false,0.0,flat
DXCM,roic,0.0,0.0,0.24869396487387432,false,false,0.0,flat
DXCM,debt_to_equity,0.0,0.0,0.5334554055085069,false,false,0.0,flat
DXCM,ev_ebitda,-0.636962147507703,-0.10778036761240539,16.48941501311216,false,false,1.0,declining
DXCM,pb_ratio,-0.3788386679557717,-0.10892783865089156,9.695295241833817,false,false,1.0,declining
DXCM,earnings_stability,0.0,0.0,5.92467511750281,false,false,0.0,flat
DXCM,interest_coverage,0.0,0.0,86.33333333333333,false,false,0.0,flat
DXCM,mktcap_to_assets,-0.15384067110424926,-0.10892783865089155,3.9371132165729197,false,false,1.0,declining
AEP,roe,-0.0003208707774332664,0.20554550934297783,0.1,true,false,0.0,declining
AEP,roic,-0.0006048294396904288,-0.6076892899176147,0.05,false,false,0.0,declining
AEP,debt_to_equity,0.007740867523479983,0.1342155009451796,1.5,false,false,0.0,improving
AEP,interest_coverage,-0.005523920291962072,0.015400236926721983,3.0,false,false,0.0,declining
FTNT,roe,0.0,0.0,1.367223260911611,false,false,0.0,flat
FTNT,roic,0.0,0.0,1.035498046875,false,false,0.0,flat
FTNT,debt_to_equity,0.0,0.0,0.32035329765972537,false,false,0.0,flat
FTNT,ev_ebitda,1.3326049203216437,0.24226701225516376,39.39099403153199,false,false,1.0,improving
FTNT,pb_ratio,2.4051495547936588,0.23382609604845048,72.66655134502857,false,false,1.0,improving
FTNT,earnings_stability,0.0,0.0,9.038039838940048,false,false,0.0,flat
FTNT,interest_coverage,0.0,0.0,146.6888888888889,false,false,0.0,flat
FTNT,mktcap_to_assets,0.34354533247757135,0.23382609604845037,10.379501969875664,false,false,1.0,improving
DGX,roe,0.0,0.0,0.14129856306546035,false,false,0.0,flat
DGX,roic,0.0,0.0,0.07640837470321606,false,false,0.0,flat
DGX,debt_to_equity,0.0,0.0,0.8492549228312932,false,false,0.0,flat
DGX,ev_ebitda,0.5095052472478507,0.22773372284691037,12.896539792665768,false,false,1.0,improving
DGX,pb_ratio,0.1527295532263715,0.3041527313553721,3.099907417891961,false,false,1.0,improving
DGX,earnings_stability,0.0,0.0,9.262579732454965,false,false,0.0,flat
DGX,interest_coverage,0.0,0.0,6.219330855018588,false,false,0.0,flat
DGX,mktcap_to_assets,0.0677675967913931,0.304152731355372,1.375459245107502,false,false,1.0,improving
EXC,roe,0.0,0.0,0.09374368644353155,false,false,0.0,flat
EXC,roic,0.0,0.0,0.03379830280074298,false,false,0.0,flat
EXC,debt_to_equity,0.0,0.0,1.7736211192672908,false,false,0.0,flat
EXC,ev_ebitda,0.19635876684950482,0.08642307966872466,10.592377767899533,false,false,1.0,improving
EXC,pb_ratio,0.06172824591915211,0.19340730957480612,1.6172954017479306,false,false,1.0,improving
EXC,earnings_stability,0.0,0.0,2.8030799113905447,false,false,0.0,flat
EXC,interest_coverage,0.0,0.0,2.5185018050541514,false,false,0.0,flat
EXC,mktcap_to_assets,0.015212691982133356,0.19340730957480626,0.3985763150168877,false,false,1.0,improving
AMZN,roe,0.0,0.0,0.20546531678109314,false,false,0.0,flat
AMZN,roic,0.0,0.0,0.13930303988020903,false,false,0.0,flat
AMZN,debt_to_equity,0.0,0.0,0.47495214000914204,false,false,0.0,flat
AMZN,ev_ebitda,0.12968573208760345,0.068506082011446,12.462747578487619,false,false,1.0,improving
AMZN,pb_ratio,0.05529971891165211,0.0718662715460325,5.06972675270539,false,false,1.0,improving
AMZN,earnings_stability,0.0,0.0,4.6647240219210175,false,false,0.0,flat
AMZN,interest_coverage,0.0,0.0,46.584682195025664,false,false,0.0,flat
AMZN,mktcap_to_assets,0.0266603973065728,0.07186627154603237,2.44415219684611,false,false,1.0,improving
LOW,roic,0.0,0.0,0.19963931469792606,false,false,0.0,flat
LOW,ev_ebitda,0.12188509189588165,0.05081288883362853,13.827670233073226,false,false,1.0,improving
LOW,earnings_stability,0.0,0.0,3.735200227540375,false,false,0.0,flat
LOW,interest_coverage,0.0,0.0,6.558804831532104,false,false,0.0,flat
LOW,mktcap_to_assets,0.028059238861671706,0.06690509661214161,2.4232972298995312,false,false,1.0,improving
SYF,roe,-9.78284086863656e-6,-0.0830093757146124,0.18,false,false,0.0,declining
SYF,debt_to_equity,-0.01884824229313143,-0.4231075697211156,1.2,false,false,1.0,declining
SYF,pb_ratio,-0.005951076923076925,-0.03538812785388131,1.68,false,false,0.0,declining
SYF,mktcap_to_assets,-0.0016365230769230775,-0.20208333333333328,0.19,false,false,0.0,declining
DAL,roe,0.0,0.0,0.181113912445565,false,false,0.0,flat
DAL,roic,0.0,0.0,0.09452379243522573,false,false,0.0,flat
DAL,debt_to_equity,0.0,0.0,0.9160669264267706,false,false,0.0,flat
DAL,ev_ebitda,0.9455937595424992,0.3367179119529905,13.588820964597423,false,false,1.0,improving
DAL,pb_ratio,0.24746251538978367,0.48033719277151266,2.8539802377669807,false,false,1.0,improving
DAL,earnings_stability,0.0,0.0,1.4989989595201392,false,false,0.0,flat
DAL,interest_coverage,0.0,0.0,9.149038461538462,false,false,0.0,flat
DAL,mktcap_to_assets,0.06253860327415263,0.4803371927715124,0.7212564600373801,false,false,1.0,improving
PH,roe,0.0,0.0,0.23822109658429735,false,false,0.0,flat
PH,roic,0.0,0.0,0.14386226282501757,false,false,0.0,flat
PH,debt_to_equity,0.0,0.0,0.6558970497638442,false,false,0.0,flat
PH,ev_ebitda,2.1490608921524936,0.3304970314884107,21.626708109092544,false,false,1.0,improving
PH,pb_ratio,0.8280030492975489,0.36740608117546264,7.709153207699842,false,false,1.0,improving
PH,earnings_stability,0.0,0.0,16.178733140940253,false,false,0.0,flat
PH,interest_coverage,0.0,0.0,11.598504313057644,false,false,0.0,flat
PH,mktcap_to_assets,0.39428588113002017,0.3674060811754624,3.6710133710775117,false,false,1.0,improving
IVZ,roe,-0.0005273537414965985,0.6748898678414098,0.15,true,false,0.0,declining
IVZ,roic,-0.0002215170068027211,0.6698039215686272,0.15,true,false,0.0,declining
IVZ,debt_to_equity,-0.0011905254791133096,0.545189504373178,0.4,true,false,0.0,declining
IVZ,pb_ratio,-0.0036565940940940945,0.8430335097001764,1.05,true,false,0.0,declining
IVZ,interest_coverage,-0.015763503401360537,0.3537603081329318,10.0,true,false,0.0,declining
IVZ,mktcap_to_assets,-0.0018752189689689698,-0.04258443465491927,0.327,false,false,0.0,declining
PLD,roe,0.0010086661030176893,-9.88888888888889,0.08,false,true,0.0,improving
PLD,roic,0.0009454116805411029,-2.042752867570386,0.05,false,true,0.0,improving
PLD,debt_to_equity,-0.0022186021505376345,0.5463917525773195,0.6,true,false,0.0,declining
PLD,pb_ratio,0.02851751105619147,2.5790980672870436,2.5,false,false,1.0,improving
PLD,interest_coverage,0.17033784794484905,-3.461841457410143,5.0,false,true,0.0,improving
PLD,mktcap_to_assets,0.017223026144640996,2.9482758620689666,1.526,false,false,1.0,improving
BLK,roe,-0.009578745947884227,-0.24283938790310375,0.22,false,false,0.0,declining
BLK,roic,-0.006295157089773649,-0.2214208853644578,0.18,false,false,0.0,declining
BLK,debt_to_equity,-0.005999334889114448,-0.09443905271807057,0.2,false,false,0.0,declining
BLK,pb_ratio,0.07765581099247389,0.29605586999426753,3.5,false,false,1.0,improving
BLK,mktcap_to_assets,0.024812846511404234,0.27847499895351746,1.077,false,false,1.0,improving
KHC,roe,-0.002884242257522633,-0.8059508408796895,0.06,false,false,0.0,declining
KHC,roic,-0.0005613556697603242,0.35317997293640074,0.05,true,false,0.0,declining
KHC,debt_to_equity,-0.010506964591715458,-0.7435239805078225,0.5,false,false,1.0,declining
KHC,pb_ratio,-0.006183324439591226,-0.20786815523657629,0.74,false,false,0.0,declining
KHC,earnings_stability,0.03730265063186606,3.876351231934375,0.7,false,false,1.0,improving
KHC,interest_coverage,-0.052699725643803666,1.1394950791613176,5.0,true,false,0.0,declining
KHC,mktcap_to_assets,-0.0025357041780617344,-0.21229050279329614,0.35,false,false,0.0,declining
HUM,roe,0.0,0.0,0.06656951022745017,false,false,0.0,flat
HUM,roic,0.0,0.0,0.03822474596533174,false,false,0.0,flat
HUM,debt_to_equity,0.0,0.0,0.7415291729558112,false,false,0.0,flat
HUM,pb_ratio,0.07448387525173994,0.12192128220703961,2.4826055322095666,false,false,1.0,improving
HUM,earnings_stability,0.0,0.0,0.551021845376011,false,false,0.0,flat
HUM,interest_coverage,0.0,0.0,3.372159090909091,false,false,0.0,flat
HUM,mktcap_to_assets,0.02502025832596126,0.12192128220703977,0.8339446830257782,false,false,1.0,improving
MSFT,roe,-0.00021692259740259737,-0.31109142800905426,0.35,false,false,0.0,declining
MSFT,roic,-0.00006162969512898453,0.2703252032520327,0.25,true,false,0.0,declining
MSFT,debt_to_equity,-0.000800023245227464,0.9169329073482427,0.3,true,false,0.0,declining
MSFT,ev_ebitda,0.4117406341075687,3.316518298714145,25.0,false,false,1.0,improving
MSFT,pb_ratio,0.13421132467532468,0.5312499999999999,7.59,false,false,1.0,improving
MSFT,interest_coverage,-1.8847090476190487,-0.9299409986443583,30.0,false,false,1.0,declining
MSFT,mktcap_to_assets,0.07910124920854474,2.2876745895613824,6.715,false,false,1.0,improving
WELL,roe,0.0,0.0,0.03214071438398353,false,false,0.0,flat
WELL,roic,0.0,0.0,0.02206950064501344,false,false,0.0,flat
WELL,debt_to_equity,0.0,0.0,0.45634080720560677,false,false,0.0,flat
WELL,ev_ebitda,4.659426890241478,0.3427324037255733,59.6290083599382,false,false,1.0,improving
WELL,pb_ratio,0.2805973786698164,0.39594220515873385,3.2420113422729537,false,false,1.0,improving
WELL,earnings_stability,0.0,0.0,1.581316430530587,false,false,0.0,flat
WELL,interest_coverage,0.0,0.0,0.5233883277024131,false,false,0.0,flat
WELL,mktcap_to_assets,0.18280703312418112,0.39594220515873385,2.1121454435725804,false,false,1.0,improving
PSKY,roe,0.0,0.0,0.013071337035454933,false,false,0.0,flat
PSKY,roic,0.0,0.0,0.005406360424028269,false,false,0.0,flat
PSKY,debt_to_equity,0.0,0.0,1.417770183682187,false,false,0.0,flat
PSKY,ev_ebitda,0.07279548279378643,0.006678095379827273,10.593474434853572,false,false,1.0,improving
PSKY,pb_ratio,0.014335206137520462,0.014888021231617298,0.8341698908447229,false,false,1.0,improving
PSKY,earnings_stability,0.0,0.0,0.2432549254363597,false,false,0.0,flat
PSKY,interest_coverage,0.0,0.0,1.8925339366515836,false,false,0.0,flat
PSKY,mktcap_to_assets,0.003771659500082655,0.014888021231617461,0.21947398337388693,false,false,0.0,improving
CBRE,roe,0.0,0.0,0.15491783758037628,false,false,0.0,flat
CBRE,roic,0.0,0.0,0.0685638998682477,false,false,0.0,flat
CBRE,debt_to_equity,0.0,0.0,1.2594665396522982,false,false,0.0,flat
CBRE,ev_ebitda,0.22093814021100755,0.024874006855989915,21.88934801756529,false,false,1.0,improving
CBRE,pb_ratio,0.05779960634003141,0.03083152338870772,4.6443078821851564,false,false,1.0,improving
CBRE,earnings_stability,0.0,0.0,3.6693578969951304,false,false,0.0,flat
CBRE,mktcap_to_assets,0.015929936465609435,0.03083152338870778,1.2800005774208574,false,false,1.0,improving
NXPI,roe,0.0,0.0,0.2609878059478902,false,false,0.0,flat
NXPI,roic,0.0,0.0,0.1329608938547486,false,false,0.0,flat
NXPI,debt_to_equity,0.0,0.0,0.9628914817089218,false,false,0.0,flat
NXPI,ev_ebitda,0.5341260607449649,0.19684699499135075,15.596109303199526,false,false,1.0,improving
NXPI,pb_ratio,0.23728523305662802,0.22947988862916252,6.216834591753874,false,false,1.0,improving
NXPI,earnings_stability,0.0,0.0,2.742131680848335,false,false,0.0,flat
NXPI,interest_coverage,0.0,0.0,9.097664543524417,false,false,0.0,flat
NXPI,mktcap_to_assets,0.1014368787403901,0.22947988862916258,2.6576297585374986,false,false,1.0,improving
PYPL,roe,0.0029928936354985634,1.654867256637168,0.18,false,false,0.0,improving
PYPL,roic,0.0026138006855073396,0.811320754716981,0.12,false,false,0.0,improving
PYPL,debt_to_equity,-0.05720000000000001,-0.15164369034994699,0.4,false,false,1.0,declining
PYPL,pb_ratio,-0.05366121355397952,-0.1741293532338308,2.47,false,false,1.0,declining
PYPL,interest_coverage,-13.806774849693772,-0.9908088235294118,15.0,false,false,1.0,declining
PYPL,mktcap_to_assets,-0.03475561859732072,-0.5734729493891798,0.606,false,false,1.0,declining
MRSH,roe,0.0,0.0,0.26213528288217086,false,false,0.0,flat
MRSH,roic,0.0,0.0,0.10594968720883802,false,false,0.0,flat
MRSH,debt_to_equity,0.0,0.0,1.474148718961997,false,false,0.0,flat
MRSH,ev_ebitda,-0.7777446018264224,-0.19963615868771042,13.824494830494622,false,false,1.0,declining
MRSH,pb_ratio,-0.36968865121394245,-0.2386901581129253,5.209074569695034,false,false,1.0,declining
MRSH,earnings_stability,0.0,0.0,4.890354352903408,false,false,0.0,flat
MRSH,interest_coverage,0.0,0.0,6.5602910602910605,false,false,0.0,flat
MRSH,mktcap_to_assets,-0.09404816848264615,-0.23869015811292518,1.3251797726564072,false,false,1.0,declining
FTV,roe,0.0,0.0,0.08817608817608817,false,false,0.0,flat
FTV,roic,0.0,0.0,0.05584175383232844,false,false,0.0,flat
FTV,debt_to_equity,0.0,0.0,0.579035079035079,false,false,0.0,flat
FTV,ev_ebitda,0.19059123019557647,0.040408437641049635,17.404710331207987,false,false,1.0,improving
FTV,pb_ratio,0.039001294209905626,0.04796686396308203,3.0442896334957177,false,false,1.0,improving
FTV,earnings_stability,0.0,0.0,3.084023648717465,false,false,0.0,flat
FTV,interest_coverage,0.0,0.0,6.154503105590062,false,false,0.0,flat
FTV,mktcap_to_assets,0.02035051603000898,0.047966863963082036,1.58848228607526,false,false,1.0,improving
AMD,roe,0.04181421843461558,-0.6946542277506293,0.12,false,true,0.0,improving
AMD,roic,0.001400888654069654,-3.7591911764705888,0.1,false,true,0.0,improving
AMD,debt_to_equity,-0.1382802924466352,-0.9822031297944155,0.15,false,false,1.0,declining
AMD,ev_ebitda,6.227102789894826,-20.367231638418083,28.0,false,true,0.0,improving
AMD,pb_ratio,-0.08956295379794904,0.008507965511334285,5.0,false,false,0.0,declining
AMD,interest_coverage,0.5487944808011952,-31.069462647444297,15.0,false,true,0.0,improving
AMD,mktcap_to_assets,0.0831720657764469,6.684497816593885,4.0,false,false,1.0,improving
TMUS,roe,0.0,0.0,0.187683284457478,false,false,0.0,flat
TMUS,roic,0.0,0.0,0.060101079087556346,false,false,0.0,flat
TMUS,debt_to_equity,0.0,0.0,2.122793921620901,false,false,0.0,flat
TMUS,ev_ebitda,-0.3864015431211075,-0.1432413343564095,9.191408005255173,false,false,1.0,declining
TMUS,pb_ratio,-0.22156023432281471,-0.20867847280889615,3.197710922696924,false,false,1.0,declining
TMUS,earnings_stability,0.0,0.0,6.350001898296025,false,false,0.0,flat
TMUS,interest_coverage,0.0,0.0,4.4373446046742915,false,false,0.0,flat
TMUS,mktcap_to_assets,-0.05837467319200932,-0.20867847280889598,0.8425037581562536,false,false,1.0,declining
BBY,roe,0.0,0.0,0.37074278300356794,false,false,0.0,flat
BBY,roic,0.0,0.0,0.1585518102372035,false,false,0.0,flat
BBY,debt_to_equity,0.0,0.0,1.3383068439831334,false,false,0.0,flat
BBY,ev_ebitda,-0.23109983125796998,-0.11292857747406156,6.179695964056598,false,false,1.0,declining
BBY,pb_ratio,-0.18140174883045318,-0.13093495580340866,4.079748372694443,false,false,1.0,declining
BBY,earnings_stability,0.0,0.0,1.8828968200813117,false,false,0.0,flat
BBY,interest_coverage,0.0,0.0,34.91304347826087,false,false,0.0,flat
BBY,mktcap_to_assets,-0.03755954275650016,-0.1309349558034088,0.844718887375216,false,false,1.0,declining
SATS,roe,-0.009327835845081834,-2.1118073878627968,0.0,false,false,0.0,declining
SATS,roic,-0.001802596823853508,-24.575539568345327,0.0,false,false,0.0,declining
SATS,debt_to_equity,0.015120239831469779,9.94055944055944,2.0,false,false,1.0,improving
SATS,pb_ratio,1.0687499999999999,16.8,5.34,false,false,1.0,improving
SATS,interest_coverage,-2.1211788573187897,-51.47390572390573,1.0,false,false,1.0,declining
SATS,mktcap_to_assets,0.31933333333333336,34.02325581395349,1.506,false,false,1.0,improving
GILD,roe,0.0,0.0,0.39192005103125666,false,false,0.0,flat
GILD,roic,0.0,0.0,0.2017115717131038,false,false,0.0,flat
GILD,debt_to_equity,0.0,0.0,0.9429725706995534,false,false,0.0,flat
GILD,ev_ebitda,0.8456823341776031,0.28330986443245715,12.871309680700541,false,false,1.0,improving
GILD,pb_ratio,0.5209676501338194,0.31697281645528474,7.310558878784948,false,false,1.0,improving
GILD,earnings_stability,0.0,0.0,3.776679108370393,false,false,0.0,flat
GILD,interest_coverage,0.0,0.0,11.674626865671641,false,false,0.0,flat
GILD,mktcap_to_assets,0.21767927596746084,0.31697281645528497,3.0546180040980144,false,false,1.0,improving
ICE,roe,0.0,0.0,0.13664512199248757,false,false,0.0,flat
ICE,roic,0.0,0.0,0.08063421063141499,false,false,0.0,flat
ICE,debt_to_equity,0.0,0.0,0.6946296233629996,false,false,0.0,flat
ICE,ev_ebitda,-0.35400517566859513,-0.09437063127145956,11.526974965801406,false,false,1.0,declining
ICE,pb_ratio,-0.09205021047807127,-0.1150622327843702,2.338779589090657,false,false,1.0,declining
ICE,earnings_stability,0.0,0.0,4.38932964055505,false,false,0.0,flat
ICE,interest_coverage,0.0,0.0,7.630597014925373,false,false,0.0,flat
ICE,mktcap_to_assets,-0.015611033589315659,-0.11506223278437033,0.396639687553978,false,false,1.0,declining
AAPL,roe,0.023325529091003668,7.475790832795353,1.5,false,false,1.0,improving
AAPL,roic,0.007271849671551172,2.385959438377535,0.45,false,false,0.0,improving
AAPL,debt_to_equity,0.030711998456790124,8.405109489051094,1.8,false,false,1.0,improving
AAPL,pb_ratio,0.8163488633938812,240.843853820598,38.558,false,false,1.0,improving
AAPL,interest_coverage,-5.925395662247133,-0.9635091645230872,30.0,false,false,1.0,declining
AAPL,mktcap_to_assets,0.167792891708774,118.31791907514453,10.817,false,false,1.0,improving
SNPS,roe,0.0,0.0,0.02537124077588616,false,false,0.0,flat
SNPS,roic,0.0,0.0,0.018714092376998878,false,false,0.0,flat
SNPS,debt_to_equity,0.0,0.0,0.3557291620014364,false,false,0.0,flat
SNPS,ev_ebitda,-0.9958548817629174,-0.1226232965164822,34.62508096402527,false,false,1.0,declining
SNPS,pb_ratio,-0.09515653427821019,-0.13250584160447015,3.0319419328467694,false,false,1.0,declining
SNPS,earnings_stability,0.0,0.0,1.3683662292871763,false,false,0.0,flat
SNPS,interest_coverage,0.0,0.0,2.2617626892064275,false,false,0.0,flat
SNPS,mktcap_to_assets,-0.061852281925945746,-0.13250584160447015,1.9707792915749147,false,false,1.0,declining
IDXX,roe,0.0,0.0,0.703830659024499,false,false,0.0,flat
IDXX,roic,0.0,0.0,0.4115013259171146,false,false,0.0,flat
IDXX,debt_to_equity,0.0,0.0,0.7103970624052521,false,false,0.0,flat
IDXX,ev_ebitda,2.8040100810922763,0.47298168131250706,29.043318137905235,false,false,1.0,improving
IDXX,pb_ratio,2.806125563059216,0.4860029784106971,28.483698276940952,false,false,1.0,improving
IDXX,earnings_stability,0.0,0.0,13.869248743975772,false,false,0.0,flat
IDXX,interest_coverage,0.0,0.0,36.18244406196214,false,false,0.0,flat
IDXX,mktcap_to_assets,1.2898018834614642,0.48600297841069723,13.092189518951768,false,false,1.0,improving
COST,roe,0.003668382668656779,1.9151483602290478,0.28,false,false,0.0,improving
COST,roic,0.00218452292154973,0.6632016632016631,0.16,false,false,0.0,improving
COST,debt_to_equity,0.00025758669824343103,0.8433179723502305,0.4,false,false,0.0,improving
COST,ev_ebitda,1.2830798437432969,3.192069874904656,28.0,false,false,1.0,improving
COST,pb_ratio,0.22364692487123414,14.056080283353014,25.41,false,false,1.0,improving
COST,earnings_stability,-0.38921499573381657,-0.887002000580213,0.88,false,false,1.0,declining
COST,interest_coverage,0.4834223750650075,0.49244821204704187,25.0,false,false,1.0,improving
COST,mktcap_to_assets,0.07033932643862387,6.941331575477919,6.002,false,false,1.0,improving
VST,roe,0.0,0.0,0.40039306771484723,false,false,0.0,flat
VST,roic,0.0,0.0,0.08784790278322227,false,false,0.0,flat
VST,debt_to_equity,0.0,0.0,3.5577988207968554,false,false,0.0,flat
VST,ev_ebitda,0.35048268947937433,0.15657668374852057,10.499737610758435,false,false,1.0,improving
VST,pb_ratio,0.4168596147693757,0.2272305327108189,9.043729368379294,false,false,1.0,improving
VST,earnings_stability,0.0,0.0,0.9108325659266433,false,false,0.0,flat
VST,interest_coverage,0.0,0.0,3.829938900203666,false,false,0.0,flat
VST,mktcap_to_assets,0.05648211639063123,0.227230532710819,1.2253740988384552,false,false,1.0,improving
SNA,roe,0.0,0.0,0.1711055567510304,false,false,0.0,flat
SNA,roic,0.0,0.0,0.14120427287380816,false,false,0.0,flat
SNA,debt_to_equity,0.0,0.0,0.21175905848079055,false,false,0.0,flat
SNA,ev_ebitda,0.481201706199635,0.17424955353859528,13.595900792422505,false,false,1.0,improving
SNA,pb_ratio,0.11980459276891904,0.17047383838556404,3.4454495525603246,false,false,1.0,improving
SNA,earnings_stability,0.0,0.0,36.92003358208598,false,false,0.0,flat
SNA,interest_coverage,0.0,0.0,27.803960396039603,false,false,0.0,flat
SNA,mktcap_to_assets,0.08376158574857608,0.17047383838556407,2.408891942029498,false,false,1.0,improving
MPWR,roe,0.0,0.0,0.18516238330781717,false,false,0.0,flat
MPWR,roic,0.0,0.0,0.18416239832659792,false,false,0.0,flat
MPWR,debt_to_equity,0.0,0.0,0.005429908549767363,false,false,0.0,flat
MPWR,ev_ebitda,7.289395121108825,0.7478374922006029,61.352711502824626,false,false,1.0,improving
MPWR,pb_ratio,1.6991475545069394,0.7204539203612749,14.584842306816418,false,false,1.0,improving
MPWR,earnings_stability,0.0,0.0,6.723307039367959,false,false,0.0,flat
MPWR,mktcap_to_assets,1.4045067233806017,0.7204539203612752,12.055756443891491,false,false,1.0,improving
ES,roe,0.0,0.0,0.10576669822363506,false,false,0.0,flat
ES,roic,0.0,0.0,0.037303177713897476,false,false,0.0,flat
ES,debt_to_equity,0.0,0.0,1.835326765854352,false,false,0.0,flat
ES,ev_ebitda,0.2377179089564797,0.0810414254807703,9.906207351128762,false,false,1.0,improving
ES,pb_ratio,0.08102820121054922,0.1964874552921375,1.557633648818138,false,false,1.0,improving
ES,earnings_stability,0.0,0.0,4.537295923370312,false,false,0.0,flat
ES,interest_coverage,0.0,0.0,2.4792173290631623,false,false,0.0,flat
ES,mktcap_to_assets,0.020700398749159757,0.19648745529213762,0.3979310555328762,false,false,1.0,improving
HON,roe,0.002320179554554554,0.20145891439605243,0.28,false,false,0.0,improving
HON,roic,0.0015708333333333338,1.723404255319149,0.16,false,false,0.0,improving
HON,debt_to_equity,0.012779873623623622,0.029601029601029772,0.8,false,false,1.0,improving
HON,pb_ratio,0.09263768965821781,1.1018276762402088,5.63,false,false,1.0,improving
HON,interest_coverage,-0.27044631410256403,0.8898488120950325,14.0,true,false,0.0,declining
HON,mktcap_to_assets,0.016123366598957863,0.4876971608832806,1.178,false,false,1.0,improving
UPS,roe,0.0,0.0,0.3329949882636554,false,false,0.0,flat
UPS,roic,0.0,0.0,0.1181541924592009,false,false,0.0,flat
UPS,debt_to_equity,0.0,0.0,1.8183086975829474,false,false,0.0,flat
UPS,ev_ebitda,-0.29615047963959285,-0.08434959735609433,9.022007703704768,false,false,1.0,declining
UPS,pb_ratio,-0.21878274030343586,-0.10539404298061586,5.214824570807716,false,false,1.0,declining
UPS,earnings_stability,0.0,0.0,4.321815311935168,false,false,0.0,flat
UPS,interest_coverage,0.0,0.0,7.376060320452403,false,false,0.0,flat
UPS,mktcap_to_assets,-0.04802562819985045,-0.10539404298061594,1.144721131190269,false,false,1.0,declining
FDX,roe,0.0,0.0,0.14007646854362182,false,false,0.0,flat
FDX,roic,0.0,0.0,0.05943155919023998,false,false,0.0,flat
FDX,debt_to_equity,0.0,0.0,1.3569374664265175,false,false,0.0,flat
FDX,ev_ebitda,0.7848419173136497,0.4199304196691127,9.686797726647812,false,false,1.0,improving
FDX,pb_ratio,0.2760723045955557,0.6992366787052051,2.4710535688388617,false,false,1.0,improving
FDX,earnings_stability,0.0,0.0,3.575052903299617,false,false,0.0,flat
FDX,mktcap_to_assets,0.08830730892927366,0.6992366787052051,0.7904164497917205,false,false,1.0,improving
O,roe,-0.0006339491168368175,-0.4226100151745068,0.05,false,false,0.0,declining
O,debt_to_equity,-0.01057279564474124,-0.11365164761264292,1.2,false,false,1.0,declining
O,pb_ratio,0.006355493437044243,0.6148231330713081,1.4,false,false,0.0,improving
O,mktcap_to_assets,0.004236590503970184,0.7186046511627905,0.714,false,false,0.0,improving
BX,roe,0.0028289201078473105,0.3485424588086187,0.317,false,false,0.0,improving
BX,debt_to_equity,0.006804597701149431,-0.09513930053349133,1.602,false,true,0.0,improving
BX,pb_ratio,0.3434038461538461,1.0769160667091955,11.43,false,false,1.0,improving
BX,mktcap_to_assets,0.09376362179487178,1.8177652449770887,4.009,false,false,1.0,improving
WRB,roe,0.0,0.0,0.1927242018368405,false,false,0.0,flat
WRB,roic,0.0,0.0,0.1492018852859386,false,false,0.0,flat
WRB,debt_to_equity,0.0,0.0,0.29170084860183476,false,false,0.0,flat
WRB,pb_ratio,0.067487995903656,0.07984353874666357,2.5025735601489827,false,false,1.0,improving
WRB,earnings_stability,0.0,0.0,9.782231485239267,false,false,0.0,flat
WRB,interest_coverage,0.0,0.0,19.585790514924373,false,false,0.0,flat
WRB,mktcap_to_assets,0.014832325583378199,0.0798435387466634,0.5500087140455863,false,false,1.0,improving
OKE,roe,0.0,0.0,0.1579371114192423,false,false,0.0,flat
OKE,roic,0.0,0.0,0.06304343944723169,false,false,0.0,flat
OKE,debt_to_equity,0.0,0.0,1.5052108959162678,false,false,0.0,flat
OKE,ev_ebitda,-0.24365084733180525,-0.08516137055375579,11.339773623527106,false,false,1.0,declining
OKE,pb_ratio,-0.08625917863001474,-0.1338628558756317,2.517077793541935,false,false,1.0,declining
OKE,earnings_stability,0.0,0.0,6.835502634688207,false,false,0.0,flat
OKE,interest_coverage,0.0,0.0,3.597191011235955,false,false,0.0,flat
OKE,mktcap_to_assets,-0.028275830339299427,-0.1338628558756316,0.8251001895842858,false,false,1.0,declining
WY,roe,0.0,0.0,0.042059540205530245,false,false,0.0,flat
WY,roic,0.0,0.0,0.02666577109081139,false,false,0.0,flat
WY,debt_to_equity,0.0,0.0,0.5772857294204895,false,false,0.0,flat
WY,ev_ebitda,-0.6166638647701257,-0.10595961731114732,20.319233900772005,false,false,1.0,declining
WY,pb_ratio,-0.07271394019378645,-0.1335638730406465,1.850334498523068,false,false,1.0,declining
WY,earnings_stability,0.0,0.0,3.1684721375253577,false,false,0.0,flat
WY,interest_coverage,0.0,0.0,2.2161172161172162,false,false,0.0,flat
WY,mktcap_to_assets,-0.04184786790373453,-0.13356387304064624,1.0648928316297324,false,false,1.0,declining
PNC,roe,0.0,0.0,0.11339525673063322,false,false,0.0,flat
PNC,roic,0.0,0.0,0.055375192834611224,false,false,0.0,flat
PNC,debt_to_equity,0.0,0.0,1.0477627422320712,false,false,0.0,flat
PNC,pb_ratio,0.052112955667773686,0.17249639802086095,1.2847259167515577,false,false,1.0,improving
PNC,earnings_stability,0.0,0.0,9.624546354858296,false,false,0.0,flat
PNC,mktcap_to_assets,0.005498568939209186,0.1724963980208612,0.13555466065448266,false,false,0.0,improving
IEX,roe,0.0,0.0,0.12961576846307385,false,false,0.0,flat
IEX,roic,0.0,0.0,0.08814795961652669,false,false,0.0,flat
IEX,debt_to_equity,0.0,0.0,0.47043413173652693,false,false,0.0,flat
IEX,ev_ebitda,0.2978987422387277,0.08060492999191887,18.73080110248533,false,false,1.0,improving
IEX,pb_ratio,0.0711894748793048,0.08786101174662504,4.160718886217677,false,false,1.0,improving
IEX,earnings_stability,0.0,0.0,17.110291794750637,false,false,0.0,flat
IEX,interest_coverage,0.0,0.0,11.678683385579937,false,false,0.0,flat
IEX,mktcap_to_assets,0.04117278720292259,0.08786101174662511,2.406372481379574,false,false,1.0,improving
SWK,roe,0.0,0.0,0.0692615082377104,false,false,0.0,flat
SWK,roic,0.0,0.0,0.04523682810005322,false,false,0.0,flat
SWK,debt_to_equity,0.0,0.0,0.5310867526900924,false,false,0.0,flat
SWK,ev_ebitda,0.2098645597898924,0.0827225477094028,10.131855934784781,false,false,1.0,improving
SWK,pb_ratio,0.04249389555061668,0.113629774303111,1.5865614441330973,false,false,1.0,improving
SWK,earnings_stability,0.0,0.0,1.3118908794093813,false,false,0.0,flat
SWK,interest_coverage,0.0,0.0,2.8018286200297684,false,false,0.0,flat
SWK,mktcap_to_assets,0.0189461423574223,0.11362977430311097,0.7073773442008408,false,false,1.0,improving
LYB,roe,0.0,-0.0,-0.07938247011952192,false,false,0.0,flat
LYB,roic,0.0,-0.0,-0.0328091552774576,false,false,0.0,flat
LYB,debt_to_equity,0.0,0.0,1.4195219123505975,false,false,0.0,flat
LYB,ev_ebitda,-0.029812744017688148,-0.03942008315640519,30.044589745649056,false,false,1.0,declining
LYB,pb_ratio,-0.0038305218907188155,-0.06013589117544469,2.7032391207059048,false,false,0.0,declining
LYB,earnings_stability,0.0,0.0,0.31154544835628833,false,false,0.0,flat
LYB,interest_coverage,0.0,-0.0,-0.22972972972972974,false,false,0.0,flat
LYB,mktcap_to_assets,-0.0011325295889869126,-0.060135891175444565,0.7992379048202863,false,false,0.0,declining
DLTR,roe,0.0,0.0,0.3668092386655261,false,false,0.0,flat
DLTR,roic,0.0,0.0,0.11588875976324964,false,false,0.0,flat
DLTR,debt_to_equity,0.0,0.0,2.1651839178785286,false,false,0.0,flat
DLTR,ev_ebitda,0.5762891443308091,0.2663843011464345,10.424903735899113,false,false,1.0,improving
DLTR,pb_ratio,0.3979796631465031,0.38408976087218266,5.3213784881591275,false,false,1.0,improving
DLTR,earnings_stability,0.0,0.0,3.0070271409880958,false,false,0.0,flat
DLTR,interest_coverage,0.0,0.0,22.097345132743364,false,false,0.0,flat
DLTR,mktcap_to_assets,0.10096461744634516,0.3840897608721824,1.3499959749109551,false,false,1.0,improving
MSCI,roic,0.0,0.0,0.3546020679931067,false,false,0.0,flat
MSCI,ev_ebitda,-0.17730456175538328,-0.03569824529456753,22.64775343852086,false,false,1.0,declining
MSCI,earnings_stability,0.0,0.0,7.985773058642641,false,false,0.0,flat
MSCI,interest_coverage,0.0,0.0,7.186418875066553,false,false,0.0,flat
MSCI,mktcap_to_assets,-0.06551103697740904,-0.04099195529516145,7.267274681407923,false,false,1.0,declining
DG,roe,0.000771752316986955,1.4110910186859555,0.2,false,false,0.0,improving
DG,roic,-0.00015042402001352165,-0.26847110460863194,0.1,false,false,0.0,declining
DG,debt_to_equity,0.0075825053273032485,0.42146410803127216,1.0,false,false,0.0,improving
DG,ev_ebitda,0.45179113747171323,0.57333206569101,11.0,false,false,1.0,improving
DG,pb_ratio,0.030534882855360674,0.39248846914122554,3.16,false,false,1.0,improving
DG,earnings_stability,-0.19158101217981452,-0.8186038832715659,0.65,false,false,1.0,declining
DG,interest_coverage,-0.1283061981546669,-0.17362201470952807,5.0,false,false,1.0,declining
DG,mktcap_to_assets,-0.007336376582429903,0.5237395986294664,1.551,true,false,0.0,declining
CPT,roe,0.0,0.0,0.096326627261233,false,false,0.0,flat
CPT,roic,0.0,0.0,0.04687408281330735,false,false,0.0,flat
CPT,debt_to_equity,0.0,0.0,1.055008257865822,false,false,0.0,flat
CPT,ev_ebitda,-0.5052209042409048,-0.06764099078412585,13.49486430941233,false,false,1.0,declining
CPT,pb_ratio,-0.14502269168701687,-0.08916188433085141,2.8287647394357665,false,false,1.0,declining
CPT,earnings_stability,0.0,0.0,1.9506098677451984,false,false,0.0,flat
CPT,interest_coverage,0.0,0.0,3.841186674940765,false,false,0.0,flat
CPT,mktcap_to_assets,-0.06449270949235972,-0.08916188433085144,1.2579734967020617,false,false,1.0,declining
CNP,roe,0.0,0.0,0.09530716723549489,false,false,0.0,flat
CNP,roic,0.0,0.0,0.030718882349705736,false,false,0.0,flat
CNP,debt_to_equity,0.0,0.0,2.102559726962457,false,false,0.0,flat
CNP,ev_ebitda,0.3954270419884934,0.15014166787455346,13.410818635625828,false,false,1.0,improving
CNP,pb_ratio,0.13485681628225324,0.3203524708229009,2.4752595637027675,false,false,1.0,improving
CNP,earnings_stability,0.0,0.0,6.456637125478408,false,false,0.0,flat
CNP,interest_coverage,0.0,0.0,2.3089108910891087,false,false,0.0,flat
CNP,mktcap_to_assets,0.03275693029695353,0.32035247082290114,0.6012443955771282,false,false,1.0,improving
EOG,roe,0.0,0.0,0.17785039471981365,false,false,0.0,flat
EOG,roic,0.0,0.0,0.14017952771969194,false,false,0.0,flat
EOG,debt_to_equity,0.0,0.0,0.26873301410638023,false,false,0.0,flat
EOG,ev_ebitda,0.10660029026752729,0.02933311249991398,6.72835844791832,false,false,1.0,improving
EOG,pb_ratio,0.04116327372663837,0.03140098217450655,2.4539264292709055,false,false,1.0,improving
EOG,earnings_stability,0.0,0.0,3.4027904128604547,false,false,0.0,flat
EOG,interest_coverage,0.0,0.0,28.716535433070867,false,false,0.0,flat
EOG,mktcap_to_assets,0.02383518423962944,0.03140098217450657,1.4209216920061665,false,false,1.0,improving
FSLR,roe,0.0,0.0,0.16918186206692068,false,false,0.0,flat
FSLR,roic,0.0,0.0,0.16606013040466228,false,false,0.0,flat
FSLR,debt_to_equity,0.0,0.0,0.018798802907424157,false,false,0.0,flat
FSLR,ev_ebitda,0.7643211591983738,0.47496588403570844,9.779666427622159,false,false,1.0,improving
FSLR,pb_ratio,0.18072018914411864,0.43132782542497766,2.4571454828337873,false,false,1.0,improving
FSLR,earnings_stability,0.0,0.0,6.165426837458695,false,false,0.0,flat
FSLR,interest_coverage,0.0,0.0,48.29010362694301,false,false,0.0,flat
FSLR,mktcap_to_assets,0.13930461093769755,0.4313278254249778,1.894042370830604,false,false,1.0,improving
NOW,roe,0.0,0.0,0.13342921061041865,false,false,0.0,flat
NOW,roic,0.0,0.0,0.07964137536363203,false,false,0.0,flat
NOW,debt_to_equity,0.0,0.0,0.6753755193352509,false,false,0.0,flat
NOW,ev_ebitda,-6.154112691870916,-0.43740468611472755,31.026233742274695,false,false,1.0,declining
NOW,pb_ratio,-1.7209487393375045,-0.4509659141654683,8.20084836193364,false,false,1.0,declining
NOW,earnings_stability,0.0,0.0,5.790455658823433,false,false,0.0,flat
NOW,interest_coverage,0.0,0.0,29.265060240963855,false,false,0.0,flat
NOW,mktcap_to_assets,-0.680205722906215,-0.4509659141654683,3.2413888112790192,false,false,1.0,declining
SYK,roe,0.0,0.0,0.14521954828321512,false,false,0.0,flat
SYK,roic,0.0,0.0,0.0885098933743568,false,false,0.0,flat
SYK,debt_to_equity,0.0,0.0,0.6407154358327168,false,false,0.0,flat
SYK,ev_ebitda,-0.4366295410816978,-0.057689873285318306,21.255120209011903,false,false,1.0,declining
SYK,pb_ratio,-0.12290003358355124,-0.06262374298331339,5.467301340871622,false,false,1.0,declining
SYK,earnings_stability,0.0,0.0,9.246108445064277,false,false,0.0,flat
SYK,interest_coverage,0.0,0.0,18.410526315789475,false,false,0.0,flat
SYK,mktcap_to_assets,-0.061007968540675785,-0.06262374298331332,2.713985818234408,false,false,1.0,declining
TTD,roe,0.0,0.0,0.1763299240346185,false,false,0.0,flat
TTD,roic,0.0,0.0,0.15036976970596036,false,false,0.0,flat
TTD,debt_to_equity,0.0,0.0,0.17264211004260877,false,false,0.0,flat
TTD,ev_ebitda,-10.868569665321193,-0.6560083803937006,12.521625302906662,false,false,1.0,declining
TTD,pb_ratio,-3.266702694980859,-0.6478955029403177,3.948921716741999,false,false,1.0,declining
TTD,earnings_stability,0.0,0.0,1.8348038517374505,false,false,0.0,flat
TTD,interest_coverage,0.0,0.0,820.0267022696929,false,false,0.0,flat
TTD,mktcap_to_assets,-1.3976757273837621,-0.6478955029403177,1.6895666818131572,false,false,1.0,declining
KMB,roe,0.03589782560268098,0.900483759502419,0.55,false,false,1.0,improving
KMB,roic,-0.02297157496101582,-0.5152983944259315,0.16,false,false,1.0,declining
KMB,debt_to_equity,-1.614509524077092,-0.9637920577878758,2.0,false,false,1.0,declining
KMB,pb_ratio,0.7583058490803611,6.49907715023994,20.27,false,false,1.0,improving
KMB,interest_coverage,-0.0029616938022412284,-0.052862132244124824,8.0,false,false,0.0,declining
KMB,mktcap_to_assets,0.028240297538911538,2.4454253611556984,2.141,false,false,1.0,improving
CAG,roe,0.0001279708353929803,0.06482320942883037,0.1,false,false,0.0,improving
CAG,roic,-0.0003246559139784946,0.5193717277486911,0.07,true,false,0.0,declining
CAG,debt_to_equity,-0.0027234358403399,0.2029494382022473,0.9,true,false,0.0,declining
CAG,interest_coverage,0.004012688172043006,0.32146520146520147,4.0,false,false,0.0,improving
CLX,roic,0.0,0.0,0.1710794297352342,false,false,0.0,flat
CLX,ev_ebitda,-1.2722212056817137,-0.2674770565072705,12.72240629678211,false,false,1.0,declining
CLX,earnings_stability,0.0,0.0,2.3063171814414445,false,false,0.0,flat
CLX,interest_coverage,0.0,0.0,11.185567010309278,false,false,0.0,flat
CLX,mktcap_to_assets,-0.259148850318323,-0.3136129730796456,2.078942612660246,false,false,1.0,declining
COR,roe,0.0,0.0,0.7501426010790001,false,false,0.0,flat
COR,roic,0.0,0.0,0.16148129234352418,false,false,0.0,flat
COR,debt_to_equity,0.0,0.0,3.6453839339060923,false,false,0.0,flat
COR,ev_ebitda,0.8654718529347868,0.25274193352537533,14.150932399262151,false,false,1.0,improving
COR,pb_ratio,1.2814558977847545,0.3060515363246409,17.947712304380744,false,false,1.0,improving
COR,earnings_stability,0.0,0.0,1.039130755418708,false,false,0.0,flat
COR,interest_coverage,0.0,0.0,8.398218829516539,false,false,0.0,flat
COR,mktcap_to_assets,0.053322103702838054,0.3060515363246412,0.7468144462694893,false,false,1.0,improving
SPR,roe,-301.66016417538464,-21.473629782833505,-0.1,false,false,1.0,declining
SPR,roic,-264.7133330676923,-2.8440111420612815,-0.05,false,false,1.0,declining
SPR,debt_to_equity,0.1244434153846154,14.85608856088561,2.0,false,false,1.0,improving
SPR,interest_coverage,-0.03260446153846151,-1.0853501695311587,1.0,false,false,1.0,declining
VRTX,roe,0.0,0.0,0.22406375407372212,false,false,0.0,flat
VRTX,roic,0.0,0.0,0.20321429240598826,false,false,0.0,flat
VRTX,debt_to_equity,0.0,0.0,0.10259840201633104,false,false,0.0,flat
VRTX,ev_ebitda,0.11746035064236063,0.014397170512272133,20.803885640992473,false,false,1.0,improving
VRTX,pb_ratio,0.03202664424003588,0.013948952240844047,5.85346856847352,false,false,1.0,improving
VRTX,earnings_stability,0.0,0.0,5.398367259835734,false,false,0.0,flat
VRTX,interest_coverage,0.0,0.0,380.593984962406,false,false,0.0,flat
VRTX,mktcap_to_assets,0.023413657968885546,0.013948952240844083,4.279284147495411,false,false,1.0,improving
HCA,roic,0.0,0.0,0.1523046092184369,false,false,0.0,flat
HCA,ev_ebitda,0.3544589189026316,0.20134615256468583,8.508339512414645,false,false,1.0,improving
HCA,earnings_stability,0.0,0.0,18.203958043947875,false,false,0.0,flat
HCA,interest_coverage,0.0,0.0,5.2620898100172715,false,false,0.0,flat
HCA,mktcap_to_assets,0.08888652826426309,0.3483550628030657,1.334573486267331,false,false,1.0,improving
APA,roe,0.0,0.0,0.237453531598513,false,false,0.0,flat
APA,roic,0.0,0.0,0.1394650655021834,false,false,0.0,flat
APA,debt_to_equity,0.0,0.0,0.7026022304832714,false,false,0.0,flat
APA,ev_ebitda,0.38335978572249363,0.4217586711423667,4.67406810507304,false,false,1.0,improving
APA,pb_ratio,0.3158442844265712,0.5983787289204697,3.193675379628795,false,false,1.0,improving
APA,earnings_stability,0.0,0.0,2.7146776166121667,false,false,0.0,flat
APA,interest_coverage,0.0,0.0,12.570850202429149,false,false,0.0,flat
APA,mktcap_to_assets,0.1127878035432238,0.5983787289204695,1.1404595525683665,false,false,1.0,improving
BXP,roe,0.0,0.0,0.06149292064958684,false,false,0.0,flat
BXP,roic,0.0,0.0,0.014741619300357396,false,false,0.0,flat
BXP,debt_to_equity,0.0,0.0,3.1713816777303427,false,false,0.0,flat
BXP,ev_ebitda,-0.20406238406341157,-0.04627392502574911,12.066826966202859,false,false,1.0,declining
BXP,pb_ratio,-0.07880261676091761,-0.11564231119443848,1.5878675674590013,false,false,1.0,declining
BXP,earnings_stability,0.0,0.0,0.6403078809798138,false,false,0.0,flat
BXP,interest_coverage,0.0,0.0,1.670153804922817,false,false,0.0,flat
BXP,mktcap_to_assets,-0.01619286607775313,-0.11564231119443825,0.3262851911007007,false,false,1.0,declining
VRSN,roic,0.0,0.0,9.860788863109049,false,false,0.0,flat
VRSN,ev_ebitda,0.2949004028519262,0.09303227279596413,20.08819406587957,false,false,1.0,improving
VRSN,earnings_stability,0.0,0.0,52.67676729523961,false,false,0.0,flat
VRSN,interest_coverage,0.0,0.0,15.542819499341238,false,false,0.0,flat
VRSN,mktcap_to_assets,0.1973909008882956,0.09983073747602697,12.614279886452671,false,false,1.0,improving
MAA,roe,0.0,0.0,0.0739455798031947,false,false,0.0,flat
MAA,roic,0.0,0.0,0.036179912736007985,false,false,0.0,flat
MAA,debt_to_equity,0.0,0.0,1.043829689218695,false,false,0.0,flat
MAA,ev_ebitda,-0.28714851386558266,-0.06977772280526569,17.175536860019673,false,false,1.0,declining
MAA,pb_ratio,-0.06630321998771936,-0.09366408384430534,2.9315454740377853,false,false,1.0,declining
MAA,earnings_stability,0.0,0.0,4.241254232282955,false,false,0.0,flat
MAA,interest_coverage,0.0,0.0,3.0950201978689496,false,false,0.0,flat
MAA,mktcap_to_assets,-0.03014235098753526,-0.09366408384430543,1.3327206828074727,false,false,1.0,declining
CRWD,roe,0.009673333333333336,-1.2340276152586005,0.05,false,true,0.0,improving
CRWD,roic,0.005859750000000001,-1.2518891687657432,0.04,false,true,0.0,improving
CRWD,interest_coverage,12.281813750000001,-1.0111099013662956,5.0,false,true,0.0,improving
ANDE,roe,-0.0008417931862834347,0.8140589569160998,0.08,true,false,0.0,declining
ANDE,roic,-0.0017323234573401647,-0.1561181434599156,0.06,false,false,0.0,declining
ANDE,debt_to_equity,-0.015281897407611699,-0.06716417910447767,0.5,false,false,1.0,declining
ANDE,interest_coverage,0.012708475791064147,0.9002375296912114,4.0,false,false,1.0,improving
ACGL,roe,0.0,0.0,0.20142219282288737,false,false,0.0,flat
ACGL,roic,0.0,0.0,0.1810008544785823,false,false,0.0,flat
ACGL,debt_to_equity,0.0,0.0,0.11282454109475773,false,false,0.0,flat
ACGL,pb_ratio,0.008265392820125797,0.017928166738996023,1.3532573702474535,false,false,0.0,improving
ACGL,earnings_stability,0.0,0.0,3.955031943589898,false,false,0.0,flat
ACGL,interest_coverage,0.0,0.0,37.06666666666667,false,false,0.0,flat
ACGL,mktcap_to_assets,0.002454673299280541,0.01792816673899624,0.40189314725763586,false,false,0.0,improving
CBOE,roe,0.0,0.0,0.22985019075090724,false,false,0.0,flat
CBOE,roic,0.0,0.0,0.17750535347293084,false,false,0.0,flat
CBOE,debt_to_equity,0.0,0.0,0.2948915976551596,false,false,0.0,flat
CBOE,ev_ebitda,0.9846810149395514,0.2756229530228345,15.109749177413226,false,false,1.0,improving
CBOE,pb_ratio,0.34932491277179983,0.2686951116192263,5.462643501796378,false,false,1.0,improving
CBOE,earnings_stability,0.0,0.0,5.58777675834757,false,false,0.0,flat
CBOE,interest_coverage,0.0,0.0,33.80113636363637,false,false,0.0,flat
CBOE,mktcap_to_assets,0.1695569724115465,0.2686951116192262,2.6514836464963807,false,false,1.0,improving
WDAY,roe,0.0,0.0,0.12673948825377823,false,false,0.0,flat
WDAY,roic,0.0,0.0,0.08075896262395119,false,false,0.0,flat
WDAY,debt_to_equity,0.0,0.0,0.569355080053868,false,false,0.0,flat
WDAY,ev_ebitda,-3.572814770199003,-0.38755297117573984,16.11597239971161,false,false,1.0,declining
WDAY,pb_ratio,-0.9238102533149604,-0.41223916727082727,3.681340761140455,false,false,1.0,declining
WDAY,earnings_stability,0.0,0.0,2.6995966504663085,false,false,0.0,flat
WDAY,interest_coverage,0.0,0.0,12.258928571428571,false,false,0.0,flat
WDAY,mktcap_to_assets,-0.3836818049160326,-0.4122391672708271,1.5289540927662457,false,false,1.0,declining
WEC,roe,0.0,0.0,0.115730083183866,false,false,0.0,flat
WEC,roic,0.0,0.0,0.04492697208272111,false,false,0.0,flat
WEC,debt_to_equity,0.0,0.0,1.5759600039544113,false,false,0.0,flat
WEC,ev_ebitda,0.3646545414178354,0.07421062550560184,14.395215791168189,false,false,1.0,improving
WEC,pb_ratio,0.1067461833891873,0.1265194825273009,2.641205464310571,false,false,1.0,improving
WEC,earnings_stability,0.0,0.0,1.963133249421553,false,false,0.0,flat
WEC,interest_coverage,0.0,0.0,2.939262713746391,false,false,0.0,flat
WEC,mktcap_to_assets,0.029220153118792978,0.12651948252730078,0.7229900464353757,false,false,1.0,improving
WAT,roe,0.0,0.0,0.02937797541198012,false,false,0.0,flat
WAT,roic,0.0,0.0,0.021534272840571373,false,false,0.0,flat
WAT,debt_to_equity,0.0,0.0,0.3642427413026419,false,false,0.0,flat
WAT,ev_ebitda,-1.2960728764843639,-0.07339997709818484,34.67700457891904,false,false,1.0,declining
WAT,pb_ratio,-0.08395021347908349,-0.08372664784292037,1.912094325166244,false,false,1.0,declining
WAT,earnings_stability,0.0,0.0,1.1482208548361545,false,false,0.0,flat
WAT,interest_coverage,0.0,0.0,6.0735877921725825,false,false,0.0,flat
WAT,mktcap_to_assets,-0.052332422833237364,-0.08372664784292051,1.1919508548547633,false,false,1.0,declining
CTVA,roe,0.004351849972421401,-7.666666666666668,0.08,false,true,0.0,improving
CTVA,debt_to_equity,0.0049220518477661335,1.9739776951672863,0.4,false,false,0.0,improving
CTVA,pb_ratio,0.04857156371204238,1.9967845659163985,2.2,false,false,1.0,improving
CTVA,mktcap_to_assets,0.029642417935862267,1.9713656387665197,1.275,false,false,1.0,improving
CCI,roic,0.0,0.0,0.03787689116205873,false,false,0.0,flat
CCI,ev_ebitda,-0.3303252268810664,-0.04863164826837139,24.161691989217484,false,false,1.0,declining
CCI,earnings_stability,0.0,0.0,0.39990659299961123,false,false,0.0,flat
CCI,interest_coverage,0.0,0.0,2.1128691983122363,false,false,0.0,flat
CCI,mktcap_to_assets,-0.02828562995305359,-0.08497339326297375,1.11887573084695,false,false,1.0,declining
GEV,roe,0.0,0.0,0.796939031529648,false,false,0.0,flat
GEV,roic,0.0,0.0,0.6459901023659413,false,false,0.0,flat
GEV,debt_to_equity,0.0,0.0,0.23367065317387303,false,false,0.0,flat
GEV,ev_ebitda,14.041615046776972,2.5525057760925947,100.69173613054548,false,false,1.0,improving
GEV,pb_ratio,3.5288996584063566,2.239339566037457,26.169161752303182,false,false,1.0,improving
GEV,earnings_stability,0.0,0.0,1.0996407361315588,false,false,0.0,flat
GEV,mktcap_to_assets,0.5222160051431287,2.239339566037457,3.8725825132709057,false,false,1.0,improving
CW,roe,0.0013157332862315642,1.5730337078651688,0.14,false,false,0.0,improving
CW,roic,0.0006073401042126645,0.3651079136690648,0.1,false,false,0.0,improving
CW,debt_to_equity,-0.0014837083766909473,0.28955223880597003,0.5,true,false,0.0,declining
CW,pb_ratio,0.06999386028437693,4.290227464195451,3.0,false,false,1.0,improving
CW,interest_coverage,0.0782981612646825,0.8266532289324751,9.0,false,false,1.0,improving
CW,mktcap_to_assets,0.03574972003885895,4.781882145998241,1.8,false,false,1.0,improving
BKNG,roic,0.0,0.0,0.922085705723704,false,false,0.0,flat
BKNG,ev_ebitda,-0.17471820310976863,0.00645788451598538,13.214954529743864,false,false,0.0,declining
BKNG,earnings_stability,0.0,0.0,1.6069396951312462,false,false,0.0,flat
BKNG,interest_coverage,0.0,0.0,7.416871416871417,false,false,0.0,flat
BKNG,mktcap_to_assets,-0.06178797060191436,0.006430334969246012,4.695966784093763,false,false,0.0,declining
AMGN,roe,0.0,0.0,0.8487486398258978,false,false,0.0,flat
AMGN,roic,0.0,0.0,0.11727030806007849,false,false,0.0,flat
AMGN,debt_to_equity,0.0,0.0,6.237540805223069,false,false,0.0,flat
AMGN,ev_ebitda,0.6388466586643153,0.17198828633609312,14.021000443794888,false,false,1.0,improving
AMGN,pb_ratio,1.158960989472412,0.22459668147914275,20.508500478666853,false,false,1.0,improving
AMGN,earnings_stability,0.0,0.0,2.805581753154091,false,false,0.0,flat
AMGN,interest_coverage,0.0,0.0,4.379323168464113,false,false,0.0,flat
AMGN,mktcap_to_assets,0.11513936146816853,0.2245966814791426,2.0374591304046135,false,false,1.0,improving
CPRT,roe,0.0,0.0,0.17701781026875874,false,false,0.0,flat
CPRT,roic,0.0,0.0,0.17515895337743506,false,false,0.0,flat
CPRT,debt_to_equity,0.0,0.0,0.010612400082787571,false,false,0.0,flat
CPRT,ev_ebitda,-3.1055437073503622,-0.40450225935209966,14.272788570183526,false,false,1.0,declining
CPRT,pb_ratio,-0.6792837989526584,-0.38054805809909686,3.493582907249028,false,false,1.0,declining
CPRT,earnings_stability,0.0,0.0,18.768048472555027,false,false,0.0,flat
CPRT,mktcap_to_assets,-0.6177006058360182,-0.3805480580990969,3.176858158067861,false,false,1.0,declining
EIX,roe,0.0,0.0,0.22488447715214788,false,false,0.0,flat
EIX,roic,0.0,0.0,0.06454993531906532,false,false,0.0,flat
EIX,debt_to_equity,0.0,0.0,2.4838838496206286,false,false,0.0,flat
EIX,ev_ebitda,0.10470484412080436,0.07035240820405583,7.0741178565033085,false,false,1.0,improving
EIX,pb_ratio,0.060467062412853115,0.2015054360545828,1.6152259148487071,false,false,1.0,improving
EIX,earnings_stability,0.0,0.0,1.5756430414333416,false,false,0.0,flat
EIX,interest_coverage,0.0,0.0,3.829571106094808,false,false,0.0,flat
EIX,mktcap_to_assets,0.01102127602951933,0.20150543605458315,0.29440574665318014,false,false,1.0,improving
PM,roe,0.9112551011353255,-0.1073136517247975,0.7,false,true,0.0,improving
PM,roic,-0.06229579392051355,-0.7720797720797721,0.2,false,false,1.0,declining
PM,debt_to_equity,-19.444400773195877,-0.9797102625492026,2.0,false,false,1.0,declining
PM,ev_ebitda,3.700684420146716,1.6139136404079144,12.0,false,false,1.0,improving
PM,pb_ratio,20.492849272349275,63.73124231242312,7.0,false,false,1.0,improving
PM,earnings_stability,-1.411687339581575,-0.8433154502219915,0.85,false,false,1.0,declining
PM,interest_coverage,-0.7817616685228309,-0.26574609251584363,7.0,false,false,1.0,declining
PM,mktcap_to_assets,0.14991855171253798,2.883171657528469,4.603,false,false,1.0,improving
PANW,roe,0.0,0.0,0.030461182593609946,false,false,0.0,flat
PANW,roic,0.0,0.0,0.02833989037963617,false,false,0.0,flat
PANW,debt_to_equity,0.0,0.0,0.07485181437039179,false,false,0.0,flat
PANW,ev_ebitda,-0.12243374595300113,-0.04063336153658877,73.12017143893232,false,false,1.0,declining
PANW,pb_ratio,-0.00882675267646581,-0.040554686067305605,5.282123968817344,false,false,0.0,declining
PANW,earnings_stability,0.0,0.0,1.0571139692178972,false,false,0.0,flat
PANW,interest_coverage,0.0,0.0,13969.0,false,false,0.0,flat
PANW,mktcap_to_assets,-0.0052785759100085735,-0.040554686067305556,3.158816538478327,false,false,0.0,declining
UHS,roe,0.0,0.0,0.20372768024893176,false,false,0.0,flat
UHS,roic,0.0,0.0,0.12078765600634248,false,false,0.0,flat
UHS,debt_to_equity,0.0,0.0,0.6866597712454505,false,false,0.0,flat
UHS,ev_ebitda,0.07680896374436436,0.0561688387222253,5.197509921709255,false,false,1.0,improving
UHS,pb_ratio,0.02876581149366087,0.08507353213706671,1.2758106361374044,false,false,1.0,improving
UHS,earnings_stability,0.0,0.0,8.510338995499312,false,false,0.0,flat
UHS,interest_coverage,0.0,0.0,14.560881498332428,false,false,0.0,flat
UHS,mktcap_to_assets,0.01369368820772968,0.0850735321370667,0.6073373965904242,false,false,1.0,improving
AFL,roe,0.00040002614148193933,0.4039562727745966,0.16,false,false,0.0,improving
AFL,roic,-0.001471821732954545,0.13174224343675411,0.12,true,false,0.0,declining
AFL,pb_ratio,0.023650759828372742,0.7600838135149296,1.5,false,false,1.0,improving
AFL,interest_coverage,0.08405450994318181,0.43616123457782424,12.0,false,false,1.0,improving
AFL,mktcap_to_assets,0.00566056156595349,2.6149425287356323,0.15,false,false,0.0,improving
HMC,roe,0.01595314285714286,4.751196172248804,0.08,false,false,1.0,improving
HMC,roic,0.011561142857142855,4.131428571428571,0.06,false,false,1.0,improving
HMC,debt_to_equity,0.024171428571428576,0.1963788300835655,0.5,false,false,1.0,improving
HMC,ev_ebitda,1.1050285714285715,107.33333333333334,6.5,false,false,1.0,improving
HMC,pb_ratio,0.10100571428571428,29.45,0.6,false,false,1.0,improving
HMC,mktcap_to_assets,0.04035428571428572,29.374999999999996,0.24,false,false,1.0,improving
SHEL,roe,0.016297959183673466,2.468208092485549,0.12,false,false,1.0,improving
SHEL,roic,0.011308843537414967,1.4449877750611249,0.1,false,false,1.0,improving
SHEL,debt_to_equity,-0.013877551020408163,-0.1626794258373206,0.35,false,false,1.0,declining
SHEL,ev_ebitda,-5.9540571428571445,-0.7272375797409627,5.5,false,false,1.0,declining
SHEL,pb_ratio,-0.17555102040816326,-0.33871329298363595,1.48,false,false,1.0,declining
SHEL,mktcap_to_assets,-0.09220408163265306,-0.3965434469515122,0.631,false,false,1.0,declining
GPC,roe,0.0,0.0,0.007239485887355138,false,false,0.0,flat
GPC,roic,0.0,0.0,0.002931084623864267,false,false,0.0,flat
GPC,debt_to_equity,0.0,0.0,1.4698999914273316,false,false,0.0,flat
GPC,ev_ebitda,0.04458150542634949,-0.007578945835697821,30.118640186040757,false,false,0.0,improving
GPC,pb_ratio,0.0073121256600098454,-0.010557218982639172,3.5936039744539015,false,false,0.0,improving
GPC,earnings_stability,0.0,0.0,0.17214977842526688,false,false,0.0,flat
GPC,interest_coverage,0.0,0.0,1.0068076345602621,false,false,0.0,flat
GPC,mktcap_to_assets,0.0015715788778659506,-0.010557218982639146,0.7723652962576811,false,false,0.0,improving
HD,roe,0.0,0.0,1.0099466628225457,false,false,0.0,flat
HD,roic,0.0,0.0,0.1819007931871584,false,false,0.0,flat
HD,debt_to_equity,0.0,0.0,4.55218394118495,false,false,0.0,flat
HD,ev_ebitda,-0.6783416881796528,-0.06098604471970429,25.943755742951897,false,false,1.0,declining
HD,pb_ratio,-1.2249167013092732,-0.06657336022271046,42.411194509742955,false,false,1.0,declining
HD,earnings_stability,0.0,0.0,5.480745955215862,false,false,0.0,flat
HD,interest_coverage,0.0,0.0,8.65656146179402,false,false,0.0,flat
HD,mktcap_to_assets,-0.15749642565581295,-0.06657336022271022,5.453114922784826,false,false,1.0,declining
AJG,roe,0.0,0.0,0.06778548895899053,false,false,0.0,flat
AJG,roic,0.0,0.0,0.04338439174092121,false,false,0.0,flat
AJG,debt_to_equity,0.0,0.0,0.5624395373291272,false,false,0.0,flat
AJG,ev_ebitda,-1.3120845105562953,-0.2064904560932379,17.34350726635507,false,false,1.0,declining
AJG,pb_ratio,-0.21454168390273806,-0.23747715122830518,2.3328658043304027,false,false,1.0,declining
AJG,earnings_stability,0.0,0.0,1.8029504107304408,false,false,0.0,flat
AJG,interest_coverage,0.0,0.0,4.196523645474476,false,false,0.0,flat
AJG,mktcap_to_assets,-0.06514257205894686,-0.2374771512283052,0.7083419687865458,false,false,1.0,declining
PKG,roe,0.0,0.0,0.16153712018832556,false,false,0.0,flat
PKG,roic,0.0,0.0,0.08276100818564552,false,false,0.0,flat
PKG,debt_to_equity,0.0,0.0,0.9518505601813505,false,false,0.0,flat
PKG,ev_ebitda,0.35158346894342407,0.0829983601146494,12.50909421381496,false,false,1.0,improving
PKG,pb_ratio,0.13939804045688342,0.1026734122758388,4.094389985380665,false,false,1.0,improving
PKG,earnings_stability,0.0,0.0,3.8035390430491933,false,false,0.0,flat
PKG,interest_coverage,0.0,0.0,10.910010111223459,false,false,0.0,flat
PKG,mktcap_to_assets,0.05933719277485311,0.10267341227583851,1.7428480849636212,false,false,1.0,improving
ECHO,roe,0.0,-0.0,-2.564482509398346,false,false,0.0,flat
ECHO,roic,0.0,-0.0,-0.4263835769143761,false,false,0.0,flat
ECHO,debt_to_equity,0.0,0.0,5.014496449316411,false,false,0.0,flat
ECHO,pb_ratio,0.7418055644448056,3.6569719219236583,3.2943488891643886,false,false,1.0,improving
ECHO,earnings_stability,0.0,0.0,0.5927195141759289,false,false,0.0,flat
ECHO,interest_coverage,0.0,-0.0,-9.279538898594227,false,false,0.0,flat
ECHO,mktcap_to_assets,0.10096114146232715,3.6569719219236587,0.4483671195889682,false,false,1.0,improving
DE,roe,0.0022357552518094694,4.405405405405405,0.35,false,false,0.0,improving
DE,roic,-0.0013598057801120836,0.13808801213960542,0.15,true,false,0.0,declining
DE,debt_to_equity,-0.05177222973803961,-0.27299610894941634,1.8,false,false,1.0,declining
DE,ev_ebitda,0.7018038022508089,1.7011510802176717,12.0,false,false,1.0,improving
DE,pb_ratio,0.10587756072156354,0.3980590685924164,5.86,false,false,1.0,improving
DE,earnings_stability,-0.2553356936965118,-0.8305739027108414,0.68,false,false,1.0,declining
DE,interest_coverage,0.011292798347925103,8.9304865938431,10.0,false,false,1.0,improving
DE,mktcap_to_assets,0.0369084177100194,0.6971685859949196,1.606,false,false,1.0,improving
BG,roe,0.0,0.0,0.06312292358803986,false,false,0.0,flat
BG,roic,0.0,0.0,0.03069186223712283,false,false,0.0,flat
BG,debt_to_equity,0.0,0.0,1.0566664577195513,false,false,0.0,flat
BG,ev_ebitda,0.5467042206146592,0.2686219236581326,11.796238255605113,false,false,1.0,improving
BG,pb_ratio,0.10681859560307734,0.5760346465416502,1.2853303229938655,false,false,1.0,improving
BG,earnings_stability,0.0,0.0,1.2035748755840459,false,false,0.0,flat
BG,interest_coverage,0.0,0.0,2.708542713567839,false,false,0.0,flat
BG,mktcap_to_assets,0.03642591286511677,0.5760346465416503,0.43830692665386556,false,false,1.0,improving
V,roe,0.0,0.0,0.6422195690488374,false,false,0.0,flat
V,roic,0.0,0.0,0.3826817535063351,false,false,0.0,flat
V,debt_to_equity,0.0,0.0,0.6782079708908977,false,false,0.0,flat
V,ev_ebitda,-0.41058998626029064,-0.06646686636441798,20.50502228602232,false,false,1.0,declining
V,pb_ratio,-0.3393454221539507,-0.06776393219754397,16.620160837563617,false,false,1.0,declining
V,earnings_stability,0.0,0.0,16.00720145621288,false,false,0.0,flat
V,interest_coverage,0.0,0.0,35.73711340206186,false,false,0.0,flat
V,mktcap_to_assets,-0.12620248716071114,-0.06776393219754391,6.181034125634983,false,false,1.0,declining
BRK.B,roe,0.0,0.0,0.06364027662988994,false,false,0.0,flat
BRK.B,roic,0.0,0.0,0.054058852870160864,false,false,0.0,flat
BRK.B,debt_to_equity,0.0,0.0,0.17724060447123893,false,false,0.0,flat
BRK.B,pb_ratio,0.00526638970109046,-0.0040675244974711245,0.9214618301187706,false,false,0.0,improving
BRK.B,earnings_stability,0.0,0.0,2.3156622727979737,false,false,0.0,flat
BRK.B,interest_coverage,0.0,0.0,12.092777451556078,false,false,0.0,flat
BRK.B,mktcap_to_assets,0.0030581387968168644,-0.0040675244974714055,0.5350834883883742,false,false,0.0,improving
APD,roe,0.0,-0.0,-0.003406848269205837,false,false,0.0,flat
APD,roic,0.0,-0.0,-0.0014762289684186873,false,false,0.0,flat
APD,debt_to_equity,0.0,0.0,1.3078047796712715,false,false,0.0,flat
APD,ev_ebitda,0.09788672105807301,0.024112032012780966,48.75857503788967,false,false,1.0,improving
APD,pb_ratio,0.011865868965322064,0.030742363066930983,4.673351804892631,false,false,1.0,improving
APD,earnings_stability,0.0,0.0,0.16021407705065363,false,false,0.0,flat
APD,interest_coverage,0.0,0.0,0.6288426763110307,false,false,0.0,flat
APD,mktcap_to_assets,0.0040732082486287045,0.030742363066930792,1.604225967441905,false,false,0.0,improving
IP,roe,0.0,-0.0,-0.22629659643435981,false,false,0.0,flat
IP,roic,0.0,-0.0,-0.1376124183811753,false,false,0.0,flat
IP,debt_to_equity,0.0,0.0,0.6444489465153971,false,false,0.0,flat
IP,ev_ebitda,-7.6909784028571355,-0.2141142846342691,96.69393102074885,false,false,1.0,declining
IP,pb_ratio,-0.16308530648954214,-0.27035717651336916,1.489390487609072,false,false,1.0,declining
IP,earnings_stability,0.0,0.0,0.7262265043898103,false,false,0.0,flat
IP,interest_coverage,0.0,-0.0,-3.921135646687697,false,false,0.0,flat
IP,mktcap_to_assets,-0.0662833402452967,-0.2703571765133691,0.6053382648217362,false,false,1.0,declining
ASIX,roe,-0.005381070689145223,-0.30963065239903337,0.1,false,false,0.0,declining
ASIX,debt_to_equity,0.0019199999999999992,0.2605042016806723,0.6,false,false,0.0,improving
ASIX,pb_ratio,-0.04955863636363636,-0.5487246566383257,0.68,false,false,1.0,declining
ASIX,mktcap_to_assets,-0.01970727272727273,-0.4202037351443123,0.336,false,false,1.0,declining
TDG,roe,0.0035754240912330725,0.1401123263375702,0.0,false,false,0.0,improving
TDG,roic,-0.0049439426940991755,-0.5683369268903884,0.15,false,false,0.0,declining
TDG,ev_ebitda,4.555793249590753,4.006736869248338,20.0,false,false,1.0,improving
TDG,pb_ratio,1.927980786634181,11.220561998215878,50.0,false,false,1.0,improving
TDG,earnings_stability,0.15385790495515286,0.4846055465176459,0.75,false,false,1.0,improving
TDG,interest_coverage,0.08333052101588781,0.09610942581220246,3.0,false,false,1.0,improving
TDG,mktcap_to_assets,0.1518211297952609,4.966273396686395,3.0,false,false,1.0,improving
TMO,roe,0.0,0.0,0.13186220707449983,false,false,0.0,flat
TMO,roic,0.0,0.0,0.07201295560182557,false,false,0.0,flat
TMO,debt_to_equity,0.0,0.0,0.8310900583444053,false,false,0.0,flat
TMO,ev_ebitda,0.25725671712534504,0.0475665786778766,22.101265457238394,false,false,1.0,improving
TMO,pb_ratio,0.057972298163362586,0.055982509263053176,4.212044550595207,false,false,1.0,improving
TMO,earnings_stability,0.0,0.0,10.827572443018664,false,false,0.0,flat
TMO,interest_coverage,0.0,0.0,6.048979591836734,false,false,0.0,flat
TMO,mktcap_to_assets,0.02657705493876208,0.05598250926305302,1.9309867466394268,false,false,1.0,improving
UAL,roe,0.0,0.0,0.20943882134515182,false,false,0.0,flat
UAL,roic,0.0,0.0,0.06943313809192891,false,false,0.0,flat
UAL,debt_to_equity,0.0,0.0,2.0164101335569264,false,false,0.0,flat
UAL,ev_ebitda,0.49259117219962056,0.1596333466367568,12.117563434904115,false,false,1.0,improving
UAL,pb_ratio,0.16467891975913526,0.2904431092703903,2.6434832061828333,false,false,1.0,improving
UAL,earnings_stability,0.0,0.0,7.17097944935874,false,false,0.0,flat
UAL,interest_coverage,0.0,0.0,5.047016274864376,false,false,0.0,flat
UAL,mktcap_to_assets,0.03251361519254433,0.29044310927039024,0.5219198417107305,false,false,1.0,improving
DHR,roe,0.0,0.0,0.07614917936136627,false,false,0.0,flat
DHR,roic,0.0,0.0,0.05059452355981248,false,false,0.0,flat
DHR,debt_to_equity,0.0,0.0,0.5050873889808105,false,false,0.0,flat
DHR,ev_ebitda,-0.40976879734010574,-0.10262627431809025,20.582040944289986,false,false,1.0,declining
DHR,pb_ratio,-0.059110635549432314,-0.1176952168455154,2.5466381499484516,false,false,1.0,declining
DHR,earnings_stability,0.0,0.0,4.306477610087173,false,false,0.0,flat
DHR,interest_coverage,0.0,0.0,17.30821917808219,false,false,0.0,flat
DHR,mktcap_to_assets,-0.03364942379664493,-0.11769521684551548,1.4497036881401317,false,false,1.0,declining
RSG,roe,0.0,0.0,0.18105175292153589,false,false,0.0,flat
RSG,roic,0.0,0.0,0.0832086546207849,false,false,0.0,flat
RSG,debt_to_equity,0.0,0.0,1.1758764607679466,false,false,0.0,flat
RSG,ev_ebitda,0.002263672036903809,-0.014831407454722109,16.05222201223281,false,false,0.0,improving
RSG,pb_ratio,0.0009687684919203781,-0.017862651985904303,5.703734745969751,false,false,0.0,improving
RSG,earnings_stability,0.0,0.0,25.36107922220277,false,false,0.0,flat
RSG,interest_coverage,0.0,0.0,5.418803418803419,false,false,0.0,flat
RSG,mktcap_to_assets,0.000335429090555063,-0.017862651985904303,1.9748769438357694,false,false,0.0,improving
JCI,roe,0.0,0.0,0.2654650645304851,false,false,0.0,flat
JCI,roic,0.0,0.0,0.1559001611708847,false,false,0.0,flat
JCI,debt_to_equity,0.0,0.0,0.7027889037234831,false,false,0.0,flat
JCI,ev_ebitda,2.357711018058131,0.43244311242658257,26.293594422316385,false,false,1.0,improving
JCI,pb_ratio,0.6473999546692779,0.5008598169393168,6.5646704162153435,false,false,1.0,improving
JCI,earnings_stability,0.0,0.0,2.011678937818592,false,false,0.0,flat
JCI,interest_coverage,0.0,0.0,14.004784688995215,false,false,0.0,flat
JCI,mktcap_to_assets,0.22519276010349093,0.5008598169393167,2.283466718734107,false,false,1.0,improving
IFF,roe,0.0,0.0,0.0603399433427762,false,false,0.0,flat
IFF,roic,0.0,0.0,0.04144976891267332,false,false,0.0,flat
IFF,debt_to_equity,0.0,0.0,0.4557365439093484,false,false,0.0,flat
IFF,ev_ebitda,-0.40357220570434166,-0.09145560515512859,12.917208512767514,false,false,1.0,declining
IFF,pb_ratio,-0.05702029393627208,-0.11626208177328178,1.4091240072925773,false,false,1.0,declining
IFF,earnings_stability,0.0,0.0,0.06194032437917854,false,false,0.0,flat
IFF,interest_coverage,0.0,0.0,5.064356435643564,false,false,0.0,flat
IFF,mktcap_to_assets,-0.032020623225428,-0.11626208177328173,0.7913152634016541,false,false,1.0,declining
TRMB,roe,0.0,0.0,0.0809267011991769,false,false,0.0,flat
TRMB,roic,0.0,0.0,0.06470921985815603,false,false,0.0,flat
TRMB,debt_to_equity,0.0,0.0,0.25062087561200597,false,false,0.0,flat
TRMB,ev_ebitda,0.15936833095718603,0.04965072756060356,19.657546690953676,false,false,1.0,improving
TRMB,pb_ratio,0.023563737999860546,0.05333428483874084,2.6974145261672264,false,false,1.0,improving
TRMB,earnings_stability,0.0,0.0,3.5025131925084745,false,false,0.0,flat
TRMB,interest_coverage,0.0,0.0,8.079182630906768,false,false,0.0,flat
TRMB,mktcap_to_assets,0.014774052258126365,0.05333428483874079,1.6912318059070057,false,false,1.0,improving
SLB,roe,0.0,0.0,0.11893073559868068,false,false,0.0,flat
SLB,roic,0.0,0.0,0.0797746449886808,false,false,0.0,flat
SLB,debt_to_equity,0.0,0.0,0.4908337807777863,false,false,0.0,flat
SLB,ev_ebitda,0.5179982764844804,0.22625653409572014,11.864448641794256,false,false,1.0,improving
SLB,pb_ratio,0.13237027369088333,0.26601911744755286,2.6462307777968523,false,false,1.0,improving
SLB,earnings_stability,0.0,0.0,8.234282940983645,false,false,0.0,flat
SLB,interest_coverage,0.0,0.0,8.65234375,false,false,0.0,flat
SLB,mktcap_to_assets,0.06215195772196378,0.2660191174475529,1.2424875981465664,false,false,1.0,improving
AMAT,roe,0.008367902622037909,-40.994413407821234,0.35,false,true,0.0,improving
AMAT,roic,0.005343295112767051,-36.08888888888889,0.25,false,true,0.0,improving
AMAT,debt_to_equity,0.0034967369931073076,10.214285714285714,0.4,false,false,0.0,improving
AMAT,ev_ebitda,1.0807527048830456,3.169522682765804,16.0,false,false,1.0,improving
AMAT,pb_ratio,0.13703089078874114,8.865260691271237,17.02,false,false,1.0,improving
AMAT,earnings_stability,-2.134855946604577,-0.4875125466951247,0.72,false,false,1.0,declining
AMAT,interest_coverage,0.18425297669104948,0.8427799830806275,20.0,false,false,1.0,improving
AMAT,mktcap_to_assets,0.06540960226263708,5.028818443804035,7.401,false,false,1.0,improving
WTW,roe,0.0,0.0,0.2035639958376691,false,false,0.0,flat
WTW,roic,0.0,0.0,0.10582189465143012,false,false,0.0,flat
WTW,debt_to_equity,0.0,0.0,0.9236472424557752,false,false,0.0,flat
WTW,ev_ebitda,-0.2869824061460267,-0.11784958273436956,10.956883138200274,false,false,1.0,declining
WTW,pb_ratio,-0.10134719467825995,-0.13954375765588856,3.1573800364481976,false,false,1.0,declining
WTW,earnings_stability,0.0,0.0,2.0944919386401564,false,false,0.0,flat
WTW,interest_coverage,0.0,0.0,8.01048951048951,false,false,0.0,flat
WTW,mktcap_to_assets,-0.025496817064905992,-0.13954375765588842,0.7943302372529777,false,false,1.0,declining
NDAQ,roe,0.0,0.0,0.16408074741408074,false,false,0.0,flat
NDAQ,roic,0.0,0.0,0.09264754368611935,false,false,0.0,flat
NDAQ,debt_to_equity,0.0,0.0,0.771021021021021,false,false,0.0,flat
NDAQ,ev_ebitda,0.25079270934237297,0.07081842516826221,15.410685048307633,false,false,1.0,improving
NDAQ,pb_ratio,0.07165207119599838,0.0855012157008111,3.675224915786924,false,false,1.0,improving
NDAQ,earnings_stability,0.0,0.0,12.364710203674816,false,false,0.0,flat
NDAQ,interest_coverage,0.0,0.0,8.258928571428571,false,false,0.0,flat
NDAQ,mktcap_to_assets,0.031416737847833984,0.08550121570081133,1.61144787280837,false,false,1.0,improving
BEN,roe,-0.0020305714285714285,0.23423913043478276,0.16,true,false,0.0,declining
BEN,roic,-0.002118595238095238,0.038085434894493,0.15,false,false,0.0,declining
BEN,debt_to_equity,0.002830062704230328,1.1308016877637133,0.3,false,false,0.0,improving
BEN,pb_ratio,0.003116366366366366,2.217097862767154,1.44,false,false,0.0,improving
BEN,interest_coverage,-2.5943339795918363,-0.9282799722799723,15.0,false,false,1.0,declining
BEN,mktcap_to_assets,-0.004481356356356356,-1.5974432008995057e-16,0.35,false,false,0.0,declining
TECH,roe,0.0,0.0,0.05254054085159766,false,false,0.0,flat
TECH,roic,0.0,0.0,0.04611963330928353,false,false,0.0,flat
TECH,debt_to_equity,0.0,0.0,0.13922286630630354,false,false,0.0,flat
TECH,ev_ebitda,-1.8820367255149526,-0.1438694787925684,31.91897221939263,false,false,1.0,declining
TECH,pb_ratio,-0.23208853680317015,-0.14501680416960083,3.8975709542004005,false,false,1.0,declining
TECH,earnings_stability,0.0,0.0,1.1092743448207194,false,false,0.0,flat
TECH,interest_coverage,0.0,0.0,16.192669075890553,false,false,0.0,flat
TECH,mktcap_to_assets,-0.18974945675540694,-0.14501680416960078,3.186551052507982,false,false,1.0,declining
AIZ,roe,0.0,0.0,0.17040924114901013,false,false,0.0,flat
AIZ,roic,0.0,0.0,0.1238346395275415,false,false,0.0,flat
AIZ,debt_to_equity,0.0,0.0,0.3761031792005997,false,false,0.0,flat
AIZ,pb_ratio,0.04934687109987525,0.10112514222075714,1.9218800659282635,false,false,1.0,improving
AIZ,earnings_stability,0.0,0.0,5.073935955139987,false,false,0.0,flat
AIZ,interest_coverage,0.0,0.0,12.14478417266187,false,false,0.0,flat
AIZ,mktcap_to_assets,0.00809753065500672,0.10112514222075725,0.3153691896210171,false,false,0.0,improving
VEEV,roe,0.0,0.0,0.1289165338919773,false,false,0.0,flat
VEEV,roic,0.0,0.0,0.12712278672968635,false,false,0.0,flat
VEEV,debt_to_equity,0.0,0.0,0.014110351168631751,false,false,0.0,flat
VEEV,ev_ebitda,-2.62258969737318,-0.24065549563320537,23.649521234417193,false,false,1.0,declining
VEEV,pb_ratio,-0.3574239867727164,-0.22927507925535018,3.4686544895777276,false,false,1.0,declining
VEEV,earnings_stability,0.0,0.0,11.688612957793097,false,false,0.0,flat
VEEV,mktcap_to_assets,-0.28596689209699294,-0.2292750792553501,2.7751924348982757,false,false,1.0,declining
RJF,roe,0.0,0.0,0.17084427468767407,false,false,0.0,flat
RJF,roic,0.0,0.0,0.12788896831069813,false,false,0.0,flat
RJF,debt_to_equity,0.0,0.0,0.335879684888995,false,false,0.0,flat
RJF,pb_ratio,0.02516785410223523,0.051515753843762266,2.197182922411849,false,false,1.0,improving
RJF,earnings_stability,0.0,0.0,9.113271080022734,false,false,0.0,flat
RJF,mktcap_to_assets,0.0034399680512354276,0.051515753843762176,0.3003132100620998,false,false,0.0,improving
BA,roe,0.15524023770005052,-1.0,0.0,false,true,0.0,improving
BA,roic,-0.004561649752686972,-0.9241706161137441,0.02,false,false,0.0,declining
BA,debt_to_equity,0.29556524914587606,-0.8150682398195066,5.0,false,true,0.0,improving
BA,ev_ebitda,-39.880935321039296,-1.349830625480874,22.0,false,false,1.0,declining
BA,pb_ratio,8.593114866872927,-0.7237402981397068,27.43,false,true,0.0,improving
BA,earnings_stability,-0.06893284372130166,-0.512891390304675,0.4,false,false,1.0,declining
BA,interest_coverage,-0.13673150256834046,-0.9298393320704413,1.0,false,false,1.0,declining
BA,mktcap_to_assets,0.02628551727435227,0.6860095389507154,0.8,false,false,1.0,improving
NUE,roe,0.003122864471010055,-0.06923076923076922,0.18,false,true,0.0,improving
NUE,debt_to_equity,-0.006127916666666666,-0.27027027027027023,0.3,false,false,0.0,declining
IR,roe,0.0,0.0,0.057689850713997896,false,false,0.0,flat
IR,roic,0.0,0.0,0.03908460785554009,false,false,0.0,flat
IR,debt_to_equity,0.0,0.0,0.4760248056530157,false,false,0.0,flat
IR,ev_ebitda,-0.473190830361891,-0.058784018852870885,22.60914064959591,false,false,1.0,declining
IR,pb_ratio,-0.07865354162524846,-0.06447815791645858,3.407302098324495,false,false,1.0,declining
IR,earnings_stability,0.0,0.0,1.1181276679852512,false,false,0.0,flat
IR,interest_coverage,0.0,0.0,4.555945419103314,false,false,0.0,flat
IR,mktcap_to_assets,-0.043929018859770234,-0.06447815791645856,1.9030222294552464,false,false,1.0,declining
GEN,roe,0.0,0.0,0.3726541554959786,false,false,0.0,flat
GEN,roic,0.0,0.0,0.08950418544752092,false,false,0.0,flat
GEN,debt_to_equity,0.0,0.0,3.163538873994638,false,false,0.0,flat
GEN,ev_ebitda,-0.29816399644007485,-0.08766324088579532,7.411241500658546,false,false,1.0,declining
GEN,pb_ratio,-0.29382457404837714,-0.1314720984856325,4.293804818534829,false,false,1.0,declining
GEN,earnings_stability,0.0,0.0,1.5264809020166659,false,false,0.0,flat
GEN,interest_coverage,0.0,0.0,3.6555360281195077,false,false,0.0,flat
GEN,mktcap_to_assets,-0.0492126475617623,-0.1314720984856326,0.7191689256010289,false,false,1.0,declining
ENPH,roe,0.07561788255763374,-1.0208175033568223,0.1,false,true,0.0,improving
ENPH,roic,0.014401738232123608,1.6845637583892619,0.08,false,false,1.0,improving
ENPH,debt_to_equity,-0.023566533415717995,-0.7661912555529576,0.5,false,false,1.0,declining
ENPH,pb_ratio,0.1696147854203408,0.30523346913193367,4.15,false,false,1.0,improving
ENPH,interest_coverage,1.064809737693137,3.5662100456621006,5.0,false,false,1.0,improving
ENPH,mktcap_to_assets,0.09588206771860619,1.9454269833249114,4.0,false,false,1.0,improving
MAR,roic,0.0,0.0,0.19408141805618145,false,false,0.0,flat
MAR,ev_ebitda,0.8533421912332182,0.19535711356769986,20.905517812068407,false,false,1.0,improving
MAR,earnings_stability,0.0,0.0,5.8778694833428045,false,false,0.0,flat
MAR,interest_coverage,0.0,0.0,5.197352587244284,false,false,0.0,flat
MAR,mktcap_to_assets,0.15144932309498632,0.24435578898478716,3.1017295495877595,false,false,1.0,improving
TRGP,roe,0.0,0.0,0.6797704447632712,false,false,0.0,flat
TRGP,roic,0.0,0.0,0.09574597072969199,false,false,0.0,flat
TRGP,debt_to_equity,0.0,0.0,6.099728997289973,false,false,0.0,flat
TRGP,ev_ebitda,0.47910751489780273,0.11788010656148648,13.881240840240606,false,false,1.0,improving
TRGP,pb_ratio,0.7959462865863166,0.17498330730764178,16.9932350219167,false,false,1.0,improving
TRGP,earnings_stability,0.0,0.0,4.0510943567518645,false,false,0.0,flat
TRGP,interest_coverage,0.0,0.0,4.364050875929926,false,false,0.0,flat
TRGP,mktcap_to_assets,0.09209642892792651,0.1749833073076415,1.966233510760634,false,false,1.0,improving
EXPD,roe,0.0,0.0,0.3660295836488835,false,false,0.0,flat
EXPD,roic,0.0,0.0,0.29345173690429854,false,false,0.0,flat
EXPD,debt_to_equity,0.0,0.0,0.2473246453070212,false,false,0.0,flat
EXPD,ev_ebitda,1.0505923463052953,0.2953579815037507,15.722877528346778,false,false,1.0,improving
EXPD,pb_ratio,0.5231672746068572,0.28041007424968684,8.1585599835561,false,false,1.0,improving
EXPD,earnings_stability,0.0,0.0,12.715715601293637,false,false,0.0,flat
EXPD,mktcap_to_assets,0.24993467297971977,0.2804100742496871,3.8976195959654447,false,false,1.0,improving
GNRC,roe,0.0,0.0,0.0706500038135232,false,false,0.0,flat
GNRC,roic,0.0,0.0,0.045403771285533155,false,false,0.0,flat
GNRC,debt_to_equity,0.0,0.0,0.5560382279529755,false,false,0.0,flat
GNRC,ev_ebitda,1.8841438443427077,0.19867015612921418,24.94886360309814,false,false,1.0,improving
GNRC,pb_ratio,0.3599206634831546,0.22915580975435543,4.3091210404459845,false,false,1.0,improving
GNRC,earnings_stability,0.0,0.0,1.2531898694873842,false,false,0.0,flat
GNRC,interest_coverage,0.0,0.0,4.441048098255586,false,false,0.0,flat
GNRC,mktcap_to_assets,0.17211365159354855,0.22915580975435584,2.060616776631557,false,false,1.0,improving
MCK,roic,0.0,0.0,0.7392114250232847,false,false,0.0,flat
MCK,ev_ebitda,2.6455101800891745,0.35228091657936256,34.3698183133839,false,false,1.0,improving
MCK,earnings_stability,0.0,0.0,4.169600302443345,false,false,0.0,flat
MCK,interest_coverage,0.0,0.0,26.105263157894736,false,false,0.0,flat
MCK,mktcap_to_assets,0.2306381759957728,0.36172506868984167,2.940043317604512,false,false,1.0,improving
ANET,roe,0.0,0.0,0.2758561885060539,false,false,0.0,flat
ANET,roic,0.0,0.0,0.2758561885060539,false,false,0.0,flat
ANET,ev_ebitda,2.703059806104137,0.35842817833562635,35.828217233212484,false,false,1.0,improving
ANET,pb_ratio,0.8492118402343314,0.34998135564449995,11.462866150660107,false,false,1.0,improving
ANET,earnings_stability,0.0,0.0,12.17341101457874,false,false,0.0,flat
ANET,mktcap_to_assets,0.5288668533892573,0.3499813556445,7.138772288253778,false,false,1.0,improving
ABNB,roe,0.0,0.0,0.3296228391828182,false,false,0.0,flat
ABNB,roic,0.0,0.0,0.24749262536873157,false,false,0.0,flat
ABNB,debt_to_equity,0.0,0.0,0.3318491356731273,false,false,0.0,flat
ABNB,ev_ebitda,0.06749896012161616,0.048534585172610924,18.62393106214169,false,false,1.0,improving
ABNB,pb_ratio,0.02291216666254958,0.04436559625130239,6.911502005378635,false,false,1.0,improving
ABNB,earnings_stability,0.0,0.0,1.1719936445159844,false,false,0.0,flat
ABNB,mktcap_to_assets,0.006521444186492837,0.044365596251302465,1.9672069969088735,false,false,0.0,improving
WM,roe,0.0032531375125125113,0.8109380659181455,0.25,false,false,0.0,improving
WM,roic,0.00030407907907907913,0.28686327077747986,0.12,false,false,0.0,improving
WM,debt_to_equity,0.012474099099099098,0.15964437572477785,1.5,false,false,1.0,improving
WM,pb_ratio,0.14160116366366363,4.661719233147806,9.15,false,false,1.0,improving
WM,mktcap_to_assets,0.03057745245245245,4.408141962421712,2.584,false,false,1.0,improving
STLD,roe,0.0011811390079608083,-0.16866666666666671,0.2,false,true,0.0,improving
STLD,roic,0.0012838360978726802,-0.5472721111487632,0.15,false,true,0.0,improving
STLD,debt_to_equity,-0.01237925460782604,-0.66681554265297,0.3,false,false,1.0,declining
STLD,pb_ratio,0.02457824469487191,2.904040404040404,3.87,false,false,1.0,improving
STLD,interest_coverage,0.6682547813662061,1.717208182912154,14.0,false,false,1.0,improving
STLD,mktcap_to_assets,0.017290959338900472,4.6958981612446955,2.016,false,false,1.0,improving
INTC,roe,-0.0039654254353462546,-1.713533438651922,0.02,false,false,0.0,declining
INTC,roic,-0.0036876050627624992,-1.0526558891454965,0.01,false,false,0.0,declining
INTC,debt_to_equity,0.002821737888927278,1.1680672268907564,0.5,false,false,0.0,improving
INTC,ev_ebitda,0.8790437654830578,3.6227900956101005,12.0,false,false,1.0,improving
INTC,pb_ratio,0.006926885773245893,2.0303030303030307,4.19,false,false,0.0,improving
INTC,earnings_stability,0.01795440228771213,1.306286437279468,0.5,false,false,1.0,improving
INTC,interest_coverage,-16.162043001115272,-0.9998893307932653,5.0,false,false,1.0,declining
INTC,mktcap_to_assets,-0.0007302743006454308,1.681146025878004,2.929,true,false,0.0,declining
FISV,roe,0.0,0.0,0.12213274302507537,false,false,0.0,flat
FISV,roic,0.0,0.0,0.05764934784175254,false,false,0.0,flat
FISV,debt_to_equity,0.0,0.0,1.1185450936987138,false,false,0.0,flat
FISV,ev_ebitda,-2.670306322920908,-0.5669726522032075,6.847897855872143,false,false,1.0,declining
FISV,pb_ratio,-0.874033320307229,-0.7115073374639158,1.135665509406492,false,false,1.0,declining
FISV,earnings_stability,0.0,0.0,5.5701861853499235,false,false,0.0,flat
FISV,interest_coverage,0.0,0.0,3.4539600772698003,false,false,0.0,flat
FISV,mktcap_to_assets,-0.284309318982094,-0.7115073374639159,0.36941416313203923,false,false,1.0,declining
SRE,roe,0.0,0.0,0.060665240708019465,false,false,0.0,flat
SRE,roic,0.0,0.0,0.02848948931462179,false,false,0.0,flat
SRE,debt_to_equity,0.0,0.0,1.1293902476828173,false,false,0.0,flat
SRE,ev_ebitda,0.5499274431729069,0.11860433182129047,18.303463074011272,false,false,1.0,improving
SRE,pb_ratio,0.09190175907948607,0.20344760344721327,1.9540273855976553,false,false,1.0,improving
SRE,earnings_stability,0.0,0.0,1.6310852605576025,false,false,0.0,flat
SRE,interest_coverage,0.0,0.0,1.9223497636731939,false,false,0.0,flat
SRE,mktcap_to_assets,0.02611620048049773,0.20344760344721335,0.555286117021043,false,false,1.0,improving
DECK,roe,0.0,0.0,0.44091234149634917,false,false,0.0,flat
DECK,roic,0.0,0.0,0.3658378322259136,false,false,0.0,flat
DECK,debt_to_equity,0.0,0.0,0.20521253587593768,false,false,0.0,flat
DECK,ev_ebitda,-0.2325437747610045,-0.07817196764981173,8.913126018690667,false,false,1.0,declining
DECK,pb_ratio,-0.14045725548678872,-0.07213328461522708,5.8746154795528716,false,false,1.0,declining
DECK,earnings_stability,0.0,0.0,1.7043929498006152,false,false,0.0,flat
DECK,interest_coverage,0.0,0.0,344.36473050758764,false,false,0.0,flat
DECK,mktcap_to_assets,-0.08356671194292306,-0.07213328461522704,3.4951722348113745,false,false,1.0,declining
LDOS,roe,0.0,0.0,0.28186714542190305,false,false,0.0,flat
LDOS,roic,0.0,0.0,0.11817345487998662,false,false,0.0,flat
LDOS,debt_to_equity,0.0,0.0,1.3851984839417515,false,false,0.0,flat
LDOS,ev_ebitda,0.43055103378260157,0.1570101593430743,10.999279503384674,false,false,1.0,improving
LDOS,pb_ratio,0.20286485972361945,0.21591445173965873,3.888549408935687,false,false,1.0,improving
LDOS,earnings_stability,0.0,0.0,14.460546274882534,false,false,0.0,flat
LDOS,interest_coverage,0.0,0.0,9.89952153110048,false,false,0.0,flat
LDOS,mktcap_to_assets,0.06609225591697572,0.21591445173965884,1.2668680176119191,false,false,1.0,improving
LMT,roe,-0.05928188648403557,-0.21819474058280025,0.55,false,false,1.0,declining
LMT,roic,-0.004610655317342373,-0.7577666081269303,0.2,false,false,0.0,declining
LMT,debt_to_equity,-0.1574996694491451,0.18670886075949367,1.5,true,false,0.0,declining
LMT,pb_ratio,-0.6065297718474939,2.3717805151175813,15.05,true,false,0.0,declining
LMT,earnings_stability,-0.3035322766828955,-0.48841194338445176,0.88,false,false,1.0,declining
LMT,interest_coverage,-0.039998827625138046,-0.0721051614150397,12.0,false,false,1.0,declining
LMT,mktcap_to_assets,0.02889694035400103,4.309812568908489,2.407,false,false,1.0,improving
HLT,roic,0.0,0.0,0.20518134715025907,false,false,0.0,flat
HLT,ev_ebitda,1.296413402740533,0.2735092010020603,28.26291986915845,false,false,1.0,improving
HLT,earnings_stability,0.0,0.0,6.491515547744622,false,false,0.0,flat
HLT,interest_coverage,0.0,0.0,4.334828101644245,false,false,0.0,flat
HLT,mktcap_to_assets,0.23679762767448778,0.340336926729718,4.393605165136929,false,false,1.0,improving
ALL,roe,0.0006487926347009391,10.428571428571427,0.12,false,false,0.0,improving
ALL,debt_to_equity,0.0006763013013013011,-0.21348314606741578,0.35,false,true,0.0,improving
ALL,pb_ratio,0.02335172672672672,2.0454845088991433,2.31,false,false,1.0,improving
ALL,mktcap_to_assets,0.005888013013013012,7.448051948051949,0.65,false,false,0.0,improving
LITE,roe,0.0,0.0,0.14794511333826596,false,false,0.0,flat
LITE,roic,0.0,0.0,0.06996866599863212,false,false,0.0,flat
LITE,debt_to_equity,0.0,0.0,1.1144481065446963,false,false,0.0,flat
LITE,ev_ebitda,19.710809632610868,5.634444311540743,100.2727793548816,false,false,1.0,improving
LITE,pb_ratio,3.6605599916350715,6.323467272783456,18.387949404643045,false,false,1.0,improving
LITE,earnings_stability,0.0,0.0,0.8532402743482944,false,false,0.0,flat
LITE,interest_coverage,0.0,0.0,12.614406779661017,false,false,0.0,flat
LITE,mktcap_to_assets,1.5487285076804909,6.323467272783456,7.779668003210863,false,false,1.0,improving
DVN,roe,0.003851972789115646,0.06768121746095325,0.18,false,false,0.0,improving
DVN,roic,0.011895789241622575,-2.6454545454545455,0.12,false,true,0.0,improving
DVN,debt_to_equity,-0.022832211720226845,-0.672457627118644,0.5,false,false,1.0,declining
DVN,interest_coverage,0.3127525720164609,-3.5312746179297303,10.0,false,true,0.0,improving
AMCR,roe,0.0,0.0,0.05819242983434898,false,false,0.0,flat
AMCR,roic,0.0,0.0,0.02390944034982544,false,false,0.0,flat
AMCR,debt_to_equity,0.0,0.0,1.4338683374817611,false,false,0.0,flat
AMCR,ev_ebitda,-0.3826501650440317,-0.07324253282964772,11.697008746083348,false,false,1.0,declining
AMCR,pb_ratio,-0.09320755028709651,-0.12585705286150076,1.551550152037125,false,false,1.0,declining
AMCR,earnings_stability,0.0,0.0,1.539997852525058,false,false,0.0,flat
AMCR,interest_coverage,0.0,0.0,2.152073732718894,false,false,0.0,flat
AMCR,mktcap_to_assets,-0.02889577905366828,-0.12585705286150087,0.4810044920809043,false,false,1.0,declining
GPN,roe,0.0,-0.0,-0.029652582217243408,false,false,0.0,flat
GPN,roic,0.0,-0.0,-0.014893665575760015,false,false,0.0,flat
GPN,debt_to_equity,0.0,0.0,0.9909526010510179,false,false,0.0,flat
GPN,ev_ebitda,-0.757722234758439,-0.18577789932679184,10.799948352285929,false,false,1.0,declining
GPN,pb_ratio,-0.1062911514625258,-0.30248545907273505,0.7703865490120273,false,false,1.0,declining
GPN,earnings_stability,0.0,0.0,0.09159010046156786,false,false,0.0,flat
GPN,interest_coverage,0.0,0.0,2.029293343460755,false,false,0.0,flat
GPN,mktcap_to_assets,-0.039357620685488814,-0.30248545907273494,0.28525969622135466,false,false,1.0,declining
STT,roe,0.0,0.0,0.12225838403848875,false,false,0.0,flat
STT,roic,0.0,0.0,0.059234882764294526,false,false,0.0,flat
STT,debt_to_equity,0.0,0.0,1.0639592472053205,false,false,0.0,flat
STT,pb_ratio,0.15211765104933508,0.4962493607725766,1.6399700206606205,false,false,1.0,improving
STT,earnings_stability,0.0,0.0,6.004511304216445,false,false,0.0,flat
STT,mktcap_to_assets,0.010277860992403107,0.49624936077257703,0.11080491834962491,false,false,1.0,improving
NVDA,roe,0.012405897654403648,-10.6,0.9,false,true,0.0,improving
NVDA,roic,0.00959002181591873,-7.193693693693694,0.55,false,true,0.0,improving
NVDA,debt_to_equity,-0.0035543943062767533,-0.36608557844690964,0.2,false,false,0.0,declining
NVDA,ev_ebitda,1.8321596099521056,10.682899918579777,35.0,false,false,1.0,improving
NVDA,pb_ratio,0.42536810913938994,437.1081081081082,24.46,false,false,1.0,improving
NVDA,earnings_stability,-0.04107613599397378,-0.535028920763334,0.6,false,false,1.0,declining
NVDA,interest_coverage,2.2197786507919095,-0.8985060084443001,50.0,false,true,0.0,improving
NVDA,mktcap_to_assets,0.2953598315682615,492.2236842105263,18.0,false,false,1.0,improving
CL,roe,0.32133683076923075,8.243454709599758,0.35,false,false,1.0,improving
CL,roic,0.007653480000000002,0.5076849944541277,0.18,false,false,0.0,improving
CL,debt_to_equity,0.43679944615384614,4.381191222570532,1.2,false,false,1.0,improving
CL,pb_ratio,8.258370276923078,36.03404012551108,80.0,false,false,1.0,improving
CL,mktcap_to_assets,0.06448772307692306,3.1349170775437023,4.875,false,false,1.0,improving
VRT,roe,0.0,0.0,0.36404910038674965,false,false,0.0,flat
VRT,roic,0.0,0.0,0.21393809135601177,false,false,0.0,flat
VRT,debt_to_equity,0.0,0.0,0.7016562972927527,false,false,0.0,flat
VRT,ev_ebitda,6.627327038230387,2.1242352818274113,50.69497587387787,false,false,1.0,improving
VRT,pb_ratio,3.55646306148184,2.1556230968785157,27.093858858163276,false,false,1.0,improving
VRT,earnings_stability,0.0,0.0,7.082262522954451,false,false,0.0,flat
VRT,interest_coverage,0.0,0.0,27.69693094629156,false,false,0.0,flat
VRT,mktcap_to_assets,1.0641050922467281,2.1556230968785157,8.106568993176335,false,false,1.0,improving
XEL,roe,0.0,0.0,0.09282121627800641,false,false,0.0,flat
XEL,roic,0.0,0.0,0.034684684684684684,false,false,0.0,flat
XEL,debt_to_equity,0.0,0.0,1.676144157625639,false,false,0.0,flat
XEL,ev_ebitda,0.3083948302659759,0.10660141477374704,13.542191440078467,false,false,1.0,improving
XEL,pb_ratio,0.08374873949900738,0.20567293696164832,2.0849705565129746,false,false,1.0,improving
XEL,earnings_stability,0.0,0.0,10.722076604823924,false,false,0.0,flat
XEL,interest_coverage,0.0,0.0,2.3508771929824563,false,false,0.0,flat
XEL,mktcap_to_assets,0.023114133265962476,0.2056729369616482,0.5754389568982117,false,false,1.0,improving
ATO,roe,0.0,0.0,0.09029543251736408,false,false,0.0,flat
ATO,roic,0.0,0.0,0.05486141571381688,false,false,0.0,flat
ATO,debt_to_equity,0.0,0.0,0.6458822898116194,false,false,0.0,flat
ATO,ev_ebitda,0.6803004241936448,0.1614147117545075,15.485666120312986,false,false,1.0,improving
ATO,pb_ratio,0.11834904293728404,0.22589424135258637,2.0565257556505303,false,false,1.0,improving
ATO,earnings_stability,0.0,0.0,2.262941113248427,false,false,0.0,flat
ATO,interest_coverage,0.0,0.0,12.140545985962634,false,false,0.0,flat
ATO,mktcap_to_assets,0.05807830426167647,0.2258942413525866,1.009214148203458,false,false,1.0,improving
SYY,roe,0.0,0.0,0.7557683935568132,false,false,0.0,flat
SYY,roic,0.0,0.0,0.0982011539766942,false,false,0.0,flat
SYY,debt_to_equity,0.0,0.0,6.69612538093165,false,false,0.0,flat
SYY,ev_ebitda,-0.06332144506631754,-0.0131854554304597,11.60779588038938,false,false,1.0,declining
SYY,pb_ratio,-0.11197723546337923,-0.018302837542081445,14.658191931276301,false,false,1.0,declining
SYY,earnings_stability,0.0,0.0,6.314696409247804,false,false,0.0,flat
SYY,interest_coverage,0.0,0.0,4.344624447717231,false,false,0.0,flat
SYY,mktcap_to_assets,-0.0091917131779789,-0.018302837542081528,1.20322577515426,false,false,0.0,declining
JBL,roe,0.0,0.0,0.6515495086923658,false,false,0.0,flat
JBL,roic,0.0,0.0,0.16529242569511027,false,false,0.0,flat
JBL,debt_to_equity,0.0,0.0,2.941798941798942,false,false,0.0,flat
JBL,ev_ebitda,2.0493551827389243,1.0024460574439764,20.115151066672663,false,false,1.0,improving
JBL,pb_ratio,3.136768136845293,1.1694003981923635,28.87466433107494,false,false,1.0,improving
JBL,earnings_stability,0.0,0.0,5.268471432174056,false,false,0.0,flat
JBL,interest_coverage,0.0,0.0,8.14723926380368,false,false,0.0,flat
JBL,mktcap_to_assets,0.1742283154224074,1.1694003981923637,1.6038112813305405,false,false,1.0,improving
VMC,roe,0.0,0.0,0.13181802072134866,false,false,0.0,flat
VMC,roic,0.0,0.0,0.08357927222064089,false,false,0.0,flat
VMC,debt_to_equity,0.0,0.0,0.5771616241567923,false,false,0.0,flat
VMC,ev_ebitda,0.41372914601274635,0.0913195406438767,18.168024830803613,false,false,1.0,improving
VMC,pb_ratio,0.11546213824777132,0.1042018884666856,4.516051963779859,false,false,1.0,improving
VMC,earnings_stability,0.0,0.0,3.970417038143547,false,false,0.0,flat
VMC,interest_coverage,0.0,0.0,7.2301656495204885,false,false,0.0,flat
VMC,mktcap_to_assets,0.059442425594569415,0.10420188846668564,2.324961991108586,false,false,1.0,improving
LUV,roe,0.0,0.0,0.1181869528381813,false,false,0.0,flat
LUV,roic,0.0,0.0,0.059909813184453514,false,false,0.0,flat
LUV,debt_to_equity,0.0,0.0,0.9727478113527253,false,false,0.0,flat
LUV,ev_ebitda,0.5487083471146736,0.30026251228279294,10.16663720750379,false,false,1.0,improving
LUV,pb_ratio,0.21531495292737612,0.35842054951297736,3.551974696364449,false,false,1.0,improving
LUV,earnings_stability,0.0,0.0,2.4110234030484756,false,false,0.0,flat
LUV,interest_coverage,0.0,0.0,8.258503401360544,false,false,0.0,flat
LUV,mktcap_to_assets,0.05062281709818995,0.35842054951297747,0.8351067259694918,false,false,1.0,improving
WST,roe,0.0,0.0,0.18891712928901078,false,false,0.0,flat
WST,roic,0.0,0.0,0.17106259273839444,false,false,0.0,flat
WST,debt_to_equity,0.0,0.0,0.1043742893451943,false,false,0.0,flat
WST,ev_ebitda,0.7023291852472001,0.11106713088924994,28.567033981215538,false,false,1.0,improving
WST,pb_ratio,0.20657431557250777,0.11035531326405743,8.443718275191982,false,false,1.0,improving
WST,earnings_stability,0.0,0.0,17.2853402452341,false,false,0.0,flat
WST,interest_coverage,0.0,0.0,155.13333333333333,false,false,0.0,flat
WST,mktcap_to_assets,0.1515303989856031,0.11035531326405745,6.193800016308278,false,false,1.0,improving
SBUX,roe,0.02198485569785639,8.950248756218906,0.4,false,false,1.0,improving
SBUX,roic,0.0067977967166103406,2.3214709371293005,0.14,false,false,0.0,improving
SBUX,debt_to_equity,0.06535122881609888,13.534883720930234,2.5,false,false,1.0,improving
SBUX,ev_ebitda,2.764715480380744,1.1841052733795672,16.0,false,false,1.0,improving
SBUX,pb_ratio,0.26013897718062934,-10.331577214356273,-14.09,false,true,0.0,improving
SBUX,earnings_stability,-0.7573164706437071,-0.8015487601816937,0.75,false,false,1.0,declining
SBUX,interest_coverage,-0.2560810769949463,1.579812963560142,8.0,true,false,0.0,declining
SBUX,mktcap_to_assets,0.0827200647857641,4.483207676490747,3.979,false,false,1.0,improving
TXN,roe,0.0,0.0,0.33609151996445824,false,false,0.0,flat
TXN,roic,0.0,0.0,0.18877694251224306,false,false,0.0,flat
TXN,debt_to_equity,0.0,0.0,0.7803631920919643,false,false,0.0,flat
TXN,ev_ebitda,1.4275341210782062,0.36832608868459576,29.063362455670486,false,false,1.0,improving
TXN,pb_ratio,0.7670805884129909,0.3922047793384626,15.039989732940947,false,false,1.0,improving
TXN,earnings_stability,0.0,0.0,5.183249682186003,false,false,0.0,flat
TXN,interest_coverage,0.0,0.0,13.24822695035461,false,false,0.0,flat
TXN,mktcap_to_assets,0.38495123336360076,0.3922047793384623,7.547658857395564,false,false,1.0,improving
ALLE,roe,0.0,0.0,0.3108656660058529,false,false,0.0,flat
ALLE,roic,0.0,0.0,0.15871026821215992,false,false,0.0,flat
ALLE,debt_to_equity,0.0,0.0,0.9586991409421316,false,false,0.0,flat
ALLE,ev_ebitda,0.13046848639699812,0.04344063727738283,13.189105294312908,false,false,1.0,improving
ALLE,pb_ratio,0.06376858192395542,0.04987425520716033,5.639015638752486,false,false,1.0,improving
ALLE,earnings_stability,0.0,0.0,8.222787656414173,false,false,0.0,flat
ALLE,interest_coverage,0.0,0.0,8.866931479642503,false,false,0.0,flat
ALLE,mktcap_to_assets,0.025201484417268296,0.049874255207160156,2.2285514349091584,false,false,1.0,improving
MO,roe,-0.004690943862998607,0.0900502634288137,0.9,true,false,0.0,declining
MO,roic,0.001840549873554919,-0.7028938142492127,0.25,false,true,0.0,improving
MO,debt_to_equity,0.04008028391264333,8.174311926605506,1.5,false,false,1.0,improving
MO,ev_ebitda,2.938147332333294,2.1962218252851486,9.0,false,false,1.0,improving
MO,pb_ratio,0.06044777506383448,-2.527720171436471,-36.05,false,true,0.0,improving
MO,earnings_stability,-1.1509384299119954,-0.7831172964877415,0.85,false,false,1.0,declining
MO,interest_coverage,-0.7632699868938402,-0.2028209481520178,8.0,false,false,1.0,declining
MO,mktcap_to_assets,0.02494747608161548,7.229691876750702,3.305,false,false,1.0,improving
CMCSA,roe,0.0,0.0,0.1247730133796776,false,false,0.0,flat
CMCSA,roic,0.0,0.0,0.06217248423483435,false,false,0.0,flat
CMCSA,debt_to_equity,0.0,0.0,1.0068847966311287,false,false,0.0,flat
CMCSA,ev_ebitda,-0.1673978737765223,-0.1148691294969527,4.934646762916435,false,false,1.0,declining
CMCSA,pb_ratio,-0.06365606122219414,-0.1973996402925152,0.9549506211399973,false,false,1.0,declining
CMCSA,earnings_stability,0.0,0.0,1.3220770201485288,false,false,0.0,flat
CMCSA,interest_coverage,0.0,0.0,4.175454545454546,false,false,0.0,flat
CMCSA,mktcap_to_assets,-0.022185996487985978,-0.19739964029251522,0.33282818195206165,false,false,1.0,declining
PEG,roe,0.0,0.0,0.13078656880309772,false,false,0.0,flat
PEG,roic,0.0,0.0,0.05426598244688504,false,false,0.0,flat
PEG,debt_to_equity,0.0,0.0,1.4101022943998152,false,false,0.0,flat
PEG,ev_ebitda,-0.005013503854424297,-0.0012229192040590453,12.630567684369767,false,false,0.0,declining
PEG,pb_ratio,-0.001467861672918868,-0.001961118315178206,2.3112440553093245,false,false,0.0,declining
PEG,earnings_stability,0.0,0.0,4.083563442513294,false,false,0.0,flat
PEG,interest_coverage,0.0,0.0,3.626008064516129,false,false,0.0,flat
PEG,mktcap_to_assets,-0.0004383192773580712,-0.001961118315177898,0.6901623244286348,false,false,0.0,declining
CF,roe,0.0016605185424722762,-0.20470812788293308,0.25,false,true,0.0,improving
CF,roic,-0.0009800338593397152,-0.6289424860853432,0.15,false,false,0.0,declining
CF,debt_to_equity,-0.0007010830965909078,0.07526881720430115,0.5,true,false,0.0,declining
CF,pb_ratio,0.04609597465169174,12.079710144927537,3.6,false,false,1.0,improving
CF,interest_coverage,-2.9748191025372774,-0.9858066237648214,10.0,false,false,1.0,declining
CF,mktcap_to_assets,0.014590239488251139,7.042253521126761,1.424,false,false,1.0,improving
RCL,roe,0.0,0.0,0.4296600234466589,false,false,0.0,flat
RCL,roic,0.0,0.0,0.13029566866149198,false,false,0.0,flat
RCL,debt_to_equity,0.0,0.0,2.297577178585385,false,false,0.0,flat
RCL,ev_ebitda,0.5866513927629088,0.2759207163512853,14.547884758728754,false,false,1.0,improving
RCL,pb_ratio,0.4237690893013822,0.38538483104632293,8.296606086951973,false,false,1.0,improving
RCL,earnings_stability,0.0,0.0,4.0622048816618825,false,false,0.0,flat
RCL,interest_coverage,0.0,0.0,5.422740524781341,false,false,0.0,flat
RCL,mktcap_to_assets,0.09716200156995222,0.3853848310463225,1.9022502442890512,false,false,1.0,improving
ON,roe,0.0,0.0,0.07857074379938918,false,false,0.0,flat
ON,roic,0.0,0.0,0.055654721483867214,false,false,0.0,flat
ON,debt_to_equity,0.0,0.0,0.4117534272840571,false,false,0.0,flat
ON,ev_ebitda,0.2780703459875455,0.11322956529879073,16.537931060231834,false,false,1.0,improving
ON,pb_ratio,0.057802316055151126,0.11885484947904423,3.300378235646477,false,false,1.0,improving
ON,earnings_stability,0.0,0.0,0.06502708690821236,false,false,0.0,flat
ON,interest_coverage,0.0,0.0,10.873475609756097,false,false,0.0,flat
ON,mktcap_to_assets,0.035139638586929776,0.11885484947904391,2.0063918942301826,false,false,1.0,improving
PFE,roe,0.0008715136054421765,-0.09186564144071226,0.12,false,true,0.0,improving
PFE,debt_to_equity,-0.012055712080750666,-0.21765417170495763,0.6,false,false,1.0,declining
ICL,roe,0.018209142857142854,2.3694267515923566,0.12,false,false,1.0,improving
ICL,roic,0.013704000000000003,1.6918714555765595,0.08,false,false,1.0,improving
ICL,debt_to_equity,0.048857142857142856,0.34337349397590367,0.7,false,false,1.0,improving
ICL,ev_ebitda,-3.9253714285714283,-0.640534408873204,7.0,false,false,1.0,declining
ICL,pb_ratio,-0.011142857142857189,-0.0687247335538406,1.4,false,false,1.0,declining
ICL,mktcap_to_assets,0.18462857142857142,0.7470588235294119,1.809,false,false,1.0,improving
VICI,roe,0.0,0.0,0.0948113468049792,false,false,0.0,flat
VICI,roic,0.0,0.0,0.05882701144710422,false,false,0.0,flat
VICI,debt_to_equity,0.0,0.0,0.6116974918950487,false,false,0.0,flat
VICI,ev_ebitda,-0.13282498733554804,-0.03954199422462522,12.798850746072606,false,false,1.0,declining
VICI,pb_ratio,-0.01664589030271753,-0.061690325244030536,1.0021548788837915,false,false,1.0,declining
VICI,earnings_stability,0.0,0.0,5.225356656683353,false,false,0.0,flat
VICI,interest_coverage,0.0,0.0,4.348216061105786,false,false,0.0,flat
VICI,mktcap_to_assets,-0.010059266948341212,-0.061690325244030515,0.6056115513766689,false,false,1.0,declining
SMG,roe,0.004345853263859671,-0.5184590690208668,0.12,false,true,0.0,improving
SMG,roic,0.0030024816337098303,-0.41024695908588277,0.08,false,true,0.0,improving
SMG,debt_to_equity,-0.0026989222952199118,0.10334681868333934,1.5,true,false,0.0,declining
SMG,pb_ratio,0.04973310463121781,-6.356793743890518,-13.52,false,true,0.0,improving
SMG,interest_coverage,-0.08479656946826758,-0.8355984217448488,3.0,false,false,1.0,declining
SMG,mktcap_to_assets,0.017676688565973,0.6467304625199362,1.019,false,false,1.0,improving
AKAM,roe,0.0,0.0,0.08865237607777829,false,false,0.0,flat
AKAM,roic,0.0,0.0,0.040382108155408096,false,false,0.0,flat
AKAM,debt_to_equity,0.0,0.0,1.1953379882151023,false,false,0.0,flat
AKAM,ev_ebitda,0.42922112235791277,0.10450752228969337,16.832688950478417,false,false,1.0,improving
AKAM,pb_ratio,0.113983736798305,0.14731760842153488,3.40153067699692,false,false,1.0,improving
AKAM,earnings_stability,0.0,0.0,5.976796857007265,false,false,0.0,flat
AKAM,interest_coverage,0.0,0.0,17.099926953981008,false,false,0.0,flat
AKAM,mktcap_to_assets,0.048045520528767864,0.14731760842153452,1.433786227416607,false,false,1.0,improving
AME,roe,0.0,0.0,0.13991202913520898,false,false,0.0,flat
AME,roic,0.0,0.0,0.11664953531560195,false,false,0.0,flat
AME,debt_to_equity,0.0,0.0,0.19942208733767383,false,false,0.0,flat
AME,ev_ebitda,0.9538022995730417,0.19074472546843632,21.48625458577329,false,false,1.0,improving
AME,pb_ratio,0.20633801509727598,0.1988282589634627,4.492816951950857,false,false,1.0,improving
AME,earnings_stability,0.0,0.0,18.90919298571784,false,false,0.0,flat
AME,interest_coverage,0.0,0.0,23.328928700252494,false,false,0.0,flat
AME,mktcap_to_assets,0.13814410216095316,0.198828258963463,3.0079583915167505,false,false,1.0,improving
RVTY,roe,0.0,0.0,0.03336916460419904,false,false,0.0,flat
RVTY,roic,0.0,0.0,0.022755517511861386,false,false,0.0,flat
RVTY,debt_to_equity,0.0,0.0,0.46642081801942126,false,false,0.0,flat
RVTY,ev_ebitda,-0.7587236068106876,-0.12404374875969763,15.851254728049225,false,false,1.0,declining
RVTY,pb_ratio,-0.0816320352644443,-0.14962753169623885,1.3588118200920902,false,false,1.0,declining
RVTY,earnings_stability,0.0,0.0,2.624048267461096,false,false,0.0,flat
RVTY,interest_coverage,0.0,0.0,3.8304218695110657,false,false,0.0,flat
RVTY,mktcap_to_assets,-0.0488756891202666,-0.1496275316962387,0.8135637421831071,false,false,1.0,declining
GLW,roe,0.0,0.0,0.15127388535031847,false,false,0.0,flat
GLW,roic,0.0,0.0,0.0866037649847304,false,false,0.0,flat
GLW,debt_to_equity,0.0,0.0,0.7467356687898089,false,false,0.0,flat
GLW,ev_ebitda,7.195777233261921,2.7877197373369462,53.93005080818636,false,false,1.0,improving
GLW,pb_ratio,2.4056583282218793,3.2750046961070542,17.48226778213173,false,false,1.0,improving
GLW,earnings_stability,0.0,0.0,6.817329699552926,false,false,0.0,flat
GLW,interest_coverage,0.0,0.0,7.739495798319328,false,false,0.0,flat
GLW,mktcap_to_assets,0.9168305802423475,3.2750046961070534,6.662740725317834,false,false,1.0,improving
BAX,roe,0.0,-0.0,-0.17128585240090236,false,false,0.0,flat
BAX,roic,0.0,-0.0,-0.06696906696906697,false,false,0.0,flat
BAX,debt_to_equity,0.0,0.0,1.55768611021592,false,false,0.0,flat
BAX,ev_ebitda,-1.8864607615139015,-0.2652224725257891,24.329861602237983,false,false,1.0,declining
BAX,pb_ratio,-0.2316279568600699,-0.388891881026296,1.7760803320827172,false,false,1.0,declining
BAX,earnings_stability,0.0,0.0,0.4126049243167769,false,false,0.0,flat
BAX,interest_coverage,0.0,-0.0,-0.6541095890410958,false,false,0.0,flat
BAX,mktcap_to_assets,-0.07263317165750056,-0.388891881026296,0.5569377262849448,false,false,1.0,declining
LVS,roe,0.0,0.0,2.972461273666093,false,false,0.0,flat
LVS,roic,0.0,0.0,0.10900713248753392,false,false,0.0,flat
LVS,debt_to_equity,0.0,0.0,26.268502581755595,false,false,0.0,flat
LVS,ev_ebitda,0.25122140188201025,0.09998073270814388,9.052255694993024,false,false,1.0,improving
LVS,pb_ratio,1.9967993698642394,0.14198753270146164,51.49279999910117,false,false,1.0,improving
LVS,earnings_stability,0.0,0.0,5.864118556938745,false,false,0.0,flat
LVS,interest_coverage,0.0,0.0,4.101986754966887,false,false,0.0,flat
LVS,mktcap_to_assets,0.05827216002265925,0.14198753270146172,1.5027031392575108,false,false,1.0,improving
URI,roe,0.0,0.0,0.2859930615784909,false,false,0.0,flat
URI,roic,0.0,0.0,0.1071965541062213,false,false,0.0,flat
URI,debt_to_equity,0.0,0.0,1.6679314830875975,false,false,0.0,flat
URI,ev_ebitda,0.5523507357113783,0.30169379613219505,11.519658154285647,false,false,1.0,improving
URI,pb_ratio,0.44594058205145626,0.4142752474671304,7.644611261379575,false,false,1.0,improving
URI,earnings_stability,0.0,0.0,8.690398405464952,false,false,0.0,flat
URI,interest_coverage,0.0,0.0,5.921678321678321,false,false,0.0,flat
URI,mktcap_to_assets,0.13135836778573906,0.41427524746713035,2.2518328630952675,false,false,1.0,improving
PNW,roe,0.0,0.0,0.09254109663947759,false,false,0.0,flat
PNW,roic,0.0,0.0,0.029448559465497133,false,false,0.0,flat
PNW,debt_to_equity,0.0,0.0,2.1424659921957026,false,false,0.0,flat
PNW,ev_ebitda,0.1691329508645428,0.038643455856145065,12.366682915683336,false,false,1.0,improving
PNW,pb_ratio,0.05271530610985838,0.09517956734410679,1.7128846784152225,false,false,1.0,improving
PNW,earnings_stability,0.0,0.0,0.8221327838329596,false,false,0.0,flat
PNW,interest_coverage,0.0,0.0,2.763278655961429,false,false,0.0,flat
PNW,mktcap_to_assets,0.01214051638265776,0.09517956734410682,0.3944832352214018,false,false,1.0,improving
LNT,roe,0.0,0.0,0.11061708434384263,false,false,0.0,flat
LNT,roic,0.0,0.0,0.04262278060429862,false,false,0.0,flat
LNT,debt_to_equity,0.0,0.0,1.5952573430342225,false,false,0.0,flat
LNT,ev_ebitda,0.38120653274591243,0.08090389402249307,14.806127074739658,false,false,1.0,improving
LNT,pb_ratio,0.10400744123019035,0.1434880776178508,2.459903978219861,false,false,1.0,improving
LNT,earnings_stability,0.0,0.0,4.3861624279408185,false,false,0.0,flat
LNT,interest_coverage,0.0,0.0,2.297244094488189,false,false,0.0,flat
LNT,mktcap_to_assets,0.03111043520777305,0.1434880776178505,0.7358000776346193,false,false,1.0,improving
META,roe,0.0,0.0,0.260691138920684,false,false,0.0,flat
META,roic,0.0,0.0,0.18230492666093767,false,false,0.0,flat
META,debt_to_equity,0.0,0.0,0.42997308792172145,false,false,0.0,flat
META,ev_ebitda,-0.4460884800939869,-0.13043996137094477,11.92517758306834,false,false,1.0,declining
META,pb_ratio,-0.19174456388235656,-0.1391318881392462,4.755080140502025,false,false,1.0,declining
META,earnings_stability,0.0,0.0,2.109687145267992,false,false,0.0,flat
META,interest_coverage,0.0,0.0,44.15828402366864,false,false,0.0,flat
META,mktcap_to_assets,-0.11131689925662301,-0.13913188813924612,2.7605516747906003,false,false,1.0,declining
MTD,roic,0.0,0.0,0.40016371289879293,false,false,0.0,flat
MTD,ev_ebitda,1.0777756474821996,0.10026341776727354,46.76401743111478,false,false,1.0,improving
MTD,earnings_stability,0.0,0.0,4.734002272298982,false,false,0.0,flat
MTD,interest_coverage,0.0,0.0,16.34249081589685,false,false,0.0,flat
MTD,mktcap_to_assets,0.3684368434489581,0.10430044020829692,15.395318476002593,false,false,1.0,improving
TAP,roe,0.0,-0.0,-0.20975954175699596,false,false,0.0,flat
TAP,roic,0.0,-0.0,-0.1291853720977235,false,false,0.0,flat
TAP,debt_to_equity,0.0,0.0,0.6237096998746992,false,false,0.0,flat
TAP,pb_ratio,-0.05757076656861627,-0.2116679433788244,0.7414139871106116,false,false,1.0,declining
TAP,earnings_stability,0.0,0.0,0.3132389768758755,false,false,0.0,flat
TAP,mktcap_to_assets,-0.025881737421067322,-0.21166794337882436,0.3333129516667585,false,false,1.0,declining
BNY,roe,0.0,0.0,0.1331085456534846,false,false,0.0,flat
BNY,roic,0.0,0.0,0.07589569911639632,false,false,0.0,flat
BNY,debt_to_equity,0.0,0.0,0.7538351606636446,false,false,0.0,flat
BNY,pb_ratio,0.18558197470068852,0.3622651027567737,1.7831508761395445,false,false,1.0,improving
BNY,earnings_stability,0.0,0.0,10.954311053618625,false,false,0.0,flat
BNY,mktcap_to_assets,0.014800829846684845,0.3622651027567738,0.14221269469340594,false,false,1.0,improving
EME,roe,0.0,0.0,0.3528293241302143,false,false,0.0,flat
EME,roic,0.0,0.0,0.3114497704419223,false,false,0.0,flat
EME,debt_to_equity,0.0,0.0,0.13286108263806945,false,false,0.0,flat
EME,ev_ebitda,1.660009251948025,0.9288288492352731,16.796151950506946,false,false,1.0,improving
EME,pb_ratio,0.877243119986437,0.9092033229909864,8.969811086467143,false,false,1.0,improving
EME,earnings_stability,0.0,0.0,5.923953243282914,false,false,0.0,flat
EME,mktcap_to_assets,0.3522855385842625,0.9092033229909862,3.6021197061585633,false,false,1.0,improving
USB,roe,0.0,0.0,0.11865746511415803,false,false,0.0,flat
USB,roic,0.0,0.0,0.053832255217025504,false,false,0.0,flat
USB,debt_to_equity,0.0,0.0,1.204207582160338,false,false,0.0,flat
USB,pb_ratio,0.05938703781319622,0.22113317906388055,1.221082585946339,false,false,1.0,improving
USB,earnings_stability,0.0,0.0,15.343581272637195,false,false,0.0,flat
USB,mktcap_to_assets,0.00557324795445768,0.22113317906388044,0.11459396317687905,false,false,0.0,improving
ULTA,roe,0.0,0.0,0.4606418941825797,false,false,0.0,flat
ULTA,roic,0.0,0.0,0.24345670780878398,false,false,0.0,flat
ULTA,debt_to_equity,0.0,0.0,0.892089555997683,false,false,0.0,flat
ULTA,ev_ebitda,1.0740507257726366,0.41563309384109,13.264757184485596,false,false,1.0,improving
ULTA,pb_ratio,0.7918983818399703,0.46676729507285386,8.952459084581102,false,false,1.0,improving
ULTA,earnings_stability,0.0,0.0,6.31950379626824,false,false,0.0,flat
ULTA,interest_coverage,0.0,0.0,386.3211253941305,false,false,0.0,flat
ULTA,mktcap_to_assets,0.29641500600802156,0.46676729507285364,3.3509895640611784,false,false,1.0,improving
LHX,roe,0.0,0.0,0.08920863309352518,false,false,0.0,flat
LHX,roic,0.0,0.0,0.05840057772614525,false,false,0.0,flat
LHX,debt_to_equity,0.0,0.0,0.5275299760191846,false,false,0.0,flat
LHX,ev_ebitda,1.1247605618846637,0.43909437184228073,15.905478884817835,false,false,1.0,improving
LHX,pb_ratio,0.21567351205826793,0.5481847702043624,2.595304776091209,false,false,1.0,improving
LHX,earnings_stability,0.0,0.0,4.935088311114918,false,false,0.0,flat
LHX,interest_coverage,0.0,0.0,5.014285714285714,false,false,0.0,flat
LHX,mktcap_to_assets,0.1047275775866339,0.5481847702043625,1.2602381243071803,false,false,1.0,improving
CAT,roe,-0.1635421410251308,-0.7411311063296655,0.4,false,false,1.0,declining
CAT,roic,-0.05279427525054613,-0.7115877982351019,0.18,false,false,1.0,declining
CAT,debt_to_equity,-0.018406866298788602,-0.10555910454650352,1.5,false,false,1.0,declining
CAT,ev_ebitda,2.2130199138907933,6.1315992984172505,13.0,false,false,1.0,improving
CAT,pb_ratio,1.1636159057065074,1.240557462905684,8.0,false,false,1.0,improving
CAT,earnings_stability,-0.7262310326513511,-0.43927242266328115,0.7,false,false,1.0,declining
CAT,interest_coverage,-1.396657273345642,-0.19682031057431607,15.0,false,false,1.0,declining
CAT,mktcap_to_assets,0.25833887329267535,1.2897138564097574,2.0,false,false,1.0,improving
AXP,roe,0.0,0.0,0.3338681446907818,false,false,0.0,flat
AXP,roic,0.0,0.0,0.12263069356791566,false,false,0.0,flat
AXP,debt_to_equity,0.0,0.0,1.7225495915985998,false,false,0.0,flat
AXP,pb_ratio,0.15288563717501083,0.05274237287026103,6.645273317354836,false,false,1.0,improving
AXP,earnings_stability,0.0,0.0,13.207681807209418,false,false,0.0,flat
AXP,mktcap_to_assets,0.017004765178662676,0.052742372870261144,0.7391231406538021,false,false,1.0,improving
NEM,roe,0.0,0.0,0.2439349658088131,false,false,0.0,flat
NEM,roic,0.0,0.0,0.21049925320143972,false,false,0.0,flat
NEM,debt_to_equity,0.0,0.0,0.15884005334392645,false,false,0.0,flat
NEM,ev_ebitda,0.9130742505494617,1.5146369000738398,5.923672510238609,false,false,1.0,improving
NEM,pb_ratio,0.41551186988372907,1.3978808812317718,2.792465446165389,false,false,1.0,improving
NEM,earnings_stability,0.0,0.0,3.314960300540527,false,false,0.0,flat
NEM,interest_coverage,0.0,0.0,84.86792452830188,false,false,0.0,flat
NEM,mktcap_to_assets,0.2540532751047391,1.3978808812317716,1.7073759948510057,false,false,1.0,improving
STM,roe,0.025909714285714293,13.008620689655174,0.15,false,false,1.0,improving
STM,roic,0.02142171428571429,13.385416666666666,0.12,false,false,1.0,improving
STM,debt_to_equity,0.0252,0.480392156862745,0.3,false,false,1.0,improving
STM,ev_ebitda,-10.921028571428574,-0.6135770234986945,9.0,false,false,1.0,declining
STM,pb_ratio,0.26839455782312927,0.9013323730644577,2.63,false,false,1.0,improving
STM,mktcap_to_assets,0.08302040816326532,0.3765306122448982,1.346,false,false,1.0,improving
GE,roe,0.0,0.0,0.5086167800453515,false,false,0.0,flat
GE,roic,0.0,0.0,0.24382422480093485,false,false,0.0,flat
GE,debt_to_equity,0.0,0.0,1.085997732426304,false,false,0.0,flat
GE,ev_ebitda,2.8771925968811036,0.7632219254067987,31.304493625428396,false,false,1.0,improving
GE,pb_ratio,2.069001592485079,0.80285242300622,21.95496041034916,false,false,1.0,improving
GE,earnings_stability,0.0,0.0,9.570103190193976,false,false,0.0,flat
GE,interest_coverage,0.0,0.0,10.55299539170507,false,false,0.0,flat
GE,mktcap_to_assets,0.28586681567952876,0.80285242300622,3.0334411745610566,false,false,1.0,improving
NVR,roe,0.0,0.0,0.35448968155432947,false,false,0.0,flat
NVR,roic,0.0,0.0,0.27258584392302093,false,false,0.0,flat
NVR,debt_to_equity,0.0,0.0,0.3004698866696775,false,false,0.0,flat
NVR,ev_ebitda,-0.3942227915384428,-0.10304817098163094,10.215985371096565,false,false,1.0,declining
NVR,pb_ratio,-0.18793209652622805,-0.09989372808941221,5.051059375272452,false,false,1.0,declining
NVR,earnings_stability,0.0,0.0,5.264696187400249,false,false,0.0,flat
NVR,interest_coverage,0.0,0.0,57.41353962475497,false,false,0.0,flat
NVR,mktcap_to_assets,-0.11755589551785317,-0.09989372808941223,3.159555068823126,false,false,1.0,declining
DRI,roe,0.0,0.0,0.5466364665911665,false,false,0.0,flat
DRI,roic,0.0,0.0,0.14142562467769912,false,false,0.0,flat
DRI,debt_to_equity,0.0,0.0,2.8651868629671573,false,false,0.0,flat
DRI,ev_ebitda,0.07576286789837504,0.029810538226908007,13.640661079916521,false,false,1.0,improving
DRI,pb_ratio,0.07365214700335818,0.03780083664865631,10.494885018120431,false,false,1.0,improving
DRI,earnings_stability,0.0,0.0,5.216796562553277,false,false,0.0,flat
DRI,mktcap_to_assets,0.012640495903557137,0.03780083664865607,1.801176971443965,false,false,1.0,improving
LYV,roe,0.0,0.0,1.6360986274747966,false,false,0.0,flat
LYV,roic,0.0,0.0,0.01185213393844035,false,false,0.0,flat
LYV,debt_to_equity,0.0,0.0,137.0425361350662,false,false,0.0,flat
LYV,ev_ebitda,1.1251130293385514,0.27069463753361417,26.546476237399734,false,false,1.0,improving
LYV,pb_ratio,23.097642578137386,0.2904490647274095,518.1248038714587,false,false,1.0,improving
LYV,earnings_stability,0.0,0.0,0.24015977613723066,false,false,0.0,flat
LYV,interest_coverage,0.0,0.0,2.8515569417804514,false,false,0.0,flat
LYV,mktcap_to_assets,0.06747953070850557,0.2904490647274097,1.5136964084280993,false,false,1.0,improving
MMM,roe,0.001969309934934935,0.008878127522195349,0.25,false,false,0.0,improving
MMM,roic,-0.003121321321321321,-0.5781332395851644,0.12,false,false,0.0,declining
MMM,debt_to_equity,0.04007627111122944,1.8103044496487117,1.2,false,false,1.0,improving
MMM,pb_ratio,0.22937600100100097,14.528578654527061,30.64,false,false,1.0,improving
MMM,interest_coverage,-1.5325674999999992,-0.9332348547440809,8.0,false,false,1.0,declining
MMM,mktcap_to_assets,0.009047891641641645,1.876825396825397,2.261,false,false,0.0,improving
WMB,roe,0.0,0.0,0.21490147783251232,false,false,0.0,flat
WMB,roic,0.0,0.0,0.06448930567746108,false,false,0.0,flat
WMB,debt_to_equity,0.0,0.0,2.3323583743842367,false,false,0.0,flat
WMB,ev_ebitda,0.6005207255599428,0.14326811762865002,15.338720593992688,false,false,1.0,improving
WMB,pb_ratio,0.35471028694173357,0.2063604390910797,6.800903774499685,false,false,1.0,improving
WMB,earnings_stability,0.0,0.0,6.64609944548341,false,false,0.0,flat
WMB,interest_coverage,0.0,0.0,3.6269571136827774,false,false,0.0,flat
WMB,mktcap_to_assets,0.07736232013206537,0.2063604390910796,1.4832772388037385,false,false,1.0,improving
PODD,roe,0.0,0.0,0.2324581606018732,false,false,0.0,flat
PODD,roic,0.0,0.0,0.13453592215755097,false,false,0.0,flat
PODD,debt_to_equity,0.0,0.0,0.7278519883310303,false,false,0.0,flat
PODD,ev_ebitda,-0.8281240232665253,-0.055102100688154715,26.594928095205084,false,false,1.0,declining
PODD,pb_ratio,-0.35862487450072744,-0.056523079967734154,11.158067663523099,false,false,1.0,declining
PODD,earnings_stability,0.0,0.0,2.1016567559488957,false,false,0.0,flat
PODD,interest_coverage,0.0,0.0,7.2407407407407405,false,false,0.0,flat
PODD,mktcap_to_assets,-0.15638215101923106,-0.05652307996773421,4.8655928422955235,false,false,1.0,declining
HPQ,roe,0.0035910407800121857,0.24580103359173147,0.2,false,false,0.0,improving
HPQ,roic,0.02128675791506442,3.7365029959735043,0.15,false,false,1.0,improving
HPQ,debt_to_equity,0.01077067349177331,0.524926686217009,0.8,false,false,1.0,improving
HPQ,ev_ebitda,1.400570567854229,1.8440357810900072,7.0,false,false,1.0,improving
HPQ,pb_ratio,0.008130277635588054,0.2770137524557955,1.4,false,false,0.0,improving
HPQ,earnings_stability,-2.346303416674436,-0.46529572782818374,0.7,false,false,1.0,declining
HPQ,interest_coverage,1.407998694964097,-1.4984213691018107,8.0,false,true,0.0,improving
HPQ,mktcap_to_assets,0.00971545920357389,1.400581839472627,0.6,false,false,0.0,improving
NI,roe,0.0,0.0,0.0995837733739206,false,false,0.0,flat
NI,roic,0.0,0.0,0.03639748873221848,false,false,0.0,flat
NI,debt_to_equity,0.0,0.0,1.736006709324719,false,false,0.0,flat
NI,ev_ebitda,0.34239074665501595,0.09385701716085662,12.334021523868662,false,false,1.0,improving
NI,pb_ratio,0.11145725989142596,0.1827128826893609,2.2864885455926642,false,false,1.0,improving
NI,earnings_stability,0.0,0.0,1.6282200465531946,false,false,0.0,flat
NI,interest_coverage,0.0,0.0,2.7011239073123354,false,false,0.0,flat
NI,mktcap_to_assets,0.0294111228513803,0.18271288268936078,0.6033541070201107,false,false,1.0,improving
TYL,roe,0.0,0.0,0.1068789301834467,false,false,0.0,flat
TYL,roic,0.0,0.0,0.07226116202954369,false,false,0.0,flat
TYL,debt_to_equity,0.0,0.0,0.479064648029735,false,false,0.0,flat
TYL,ev_ebitda,-4.317062011672393,-0.4413753093412558,21.584683956526188,false,false,1.0,declining
TYL,pb_ratio,-0.825550796082824,-0.4517931484701235,3.9433621295535373,false,false,1.0,declining
TYL,earnings_stability,0.0,0.0,8.963131143292335,false,false,0.0,flat
TYL,interest_coverage,0.0,0.0,65.2819059292171,false,false,0.0,flat
TYL,mktcap_to_assets,-0.43129882019903604,-0.45179314847012336,2.0601608552302433,false,false,1.0,declining
TPL,roe,0.0,0.0,0.3236783281682012,false,false,0.0,flat
TPL,roic,0.0,0.0,0.3204155771445295,false,false,0.0,flat
TPL,debt_to_equity,0.0,0.0,0.010182872670388305,false,false,0.0,flat
TPL,ev_ebitda,0.1546296949133646,-0.05447966399019263,45.696541167062556,false,true,0.0,improving
TPL,pb_ratio,0.07057331530573127,-0.05402419964823716,21.004926684315716,false,true,0.0,improving
TPL,earnings_stability,0.0,0.0,13.390999357170896,false,false,0.0,flat
TPL,interest_coverage,0.0,0.0,650.7076612903226,false,false,0.0,flat
TPL,mktcap_to_assets,0.06269552631825785,-0.05402419964823709,18.660239044241724,false,true,0.0,improving
MKC,roe,-0.0011691460055096414,-0.10605444941080856,0.22,false,false,0.0,declining
MKC,roic,-0.0000409917355371901,0.3129102844638948,0.12,true,false,0.0,declining
MKC,debt_to_equity,-0.018415112160566707,-0.29161747343565536,0.9,false,false,1.0,declining
MKC,interest_coverage,-0.01409744195198741,0.44456482484651494,8.0,true,false,0.0,declining
PSA,roe,0.0,0.0,0.2224492616111805,false,false,0.0,flat
PSA,roic,0.0,0.0,0.10554046244042808,false,false,0.0,flat
PSA,debt_to_equity,0.0,0.0,1.1077154341325837,false,false,0.0,flat
PSA,ev_ebitda,0.21113583811885467,0.034558041718589345,19.59637732691126,false,false,1.0,improving
PSA,pb_ratio,0.08131811016309169,0.04107312267080435,6.468033464699418,false,false,1.0,improving
PSA,earnings_stability,0.0,0.0,7.792002297125315,false,false,0.0,flat
PSA,interest_coverage,0.0,0.0,7.293168670703398,false,false,0.0,flat
PSA,mktcap_to_assets,0.037148133868651706,0.04107312267080424,2.9547584484154457,false,false,1.0,improving
BAC,roe,0.0016298562582097954,3.254545454545455,0.1,false,false,0.0,improving
BAC,debt_to_equity,-0.011162837336579764,-0.1540796963946868,1.1,false,false,1.0,declining
BAC,pb_ratio,0.012783340987464434,5.106280193236715,1.2,false,false,1.0,improving
BAC,mktcap_to_assets,0.0009593617153456341,1.4382022471910114,0.103,false,false,0.0,improving
CME,roe,0.0,0.0,0.16164914556341534,false,false,0.0,flat
CME,roic,0.0,0.0,0.14316437688264327,false,false,0.0,flat
CME,debt_to_equity,0.0,0.0,0.12911569961237387,false,false,0.0,flat
CME,ev_ebitda,0.1903815058429224,0.08088425888597771,13.22404634053718,false,false,1.0,improving
CME,pb_ratio,0.043800007531937926,0.08209502709028658,2.9941175978549928,false,false,1.0,improving
CME,earnings_stability,0.0,0.0,10.773824229891686,false,false,0.0,flat
CME,interest_coverage,0.0,0.0,32.98399085191538,false,false,0.0,flat
CME,mktcap_to_assets,0.005966786556525061,0.08209502709028679,0.4078825926801349,false,false,0.0,improving
BALL,roe,0.0,0.0,0.1675,false,false,0.0,flat
BALL,roic,0.0,0.0,0.06996345192809726,false,false,0.0,flat
BALL,debt_to_equity,0.0,0.0,1.3941071428571428,false,false,0.0,flat
BALL,ev_ebitda,0.10340050299341416,0.04080418981218678,10.785430474419808,false,false,1.0,improving
BALL,pb_ratio,0.03895983237787584,0.06145209040796554,2.8000461251831776,false,false,1.0,improving
BALL,earnings_stability,0.0,0.0,4.4656427627676845,false,false,0.0,flat
BALL,interest_coverage,0.0,0.0,4.593167701863354,false,false,0.0,flat
BALL,mktcap_to_assets,0.011035663192519175,0.06145209040796531,0.7931339555399998,false,false,1.0,improving
OMC,roe,0.0,0.0,0.006675779635693169,false,false,0.0,flat
OMC,roic,0.0,0.0,0.0030066289008623777,false,false,0.0,flat
OMC,debt_to_equity,0.0,0.0,1.2203537103559357,false,false,0.0,flat
OMC,ev_ebitda,-0.19159319040920156,-0.0307517965430579,24.336803718302555,false,false,1.0,declining
OMC,pb_ratio,-0.02308351691677124,-0.040869460214721334,2.166178786672813,false,false,1.0,declining
OMC,earnings_stability,0.0,0.0,0.13804129450317953,false,false,0.0,flat
OMC,interest_coverage,0.0,0.0,2.327970297029703,false,false,0.0,flat
OMC,mktcap_to_assets,-0.004359907244419803,-0.04086946021472151,0.4091377678182798,false,false,0.0,declining
XYL,roe,0.0,0.0,0.09768736205738413,false,false,0.0,flat
XYL,roic,0.0,0.0,0.07554170376966458,false,false,0.0,flat
XYL,debt_to_equity,0.0,0.0,0.2931580462527589,false,false,0.0,flat
XYL,ev_ebitda,0.1235058808252177,0.023813273861054005,15.786929517870199,false,false,1.0,improving
XYL,pb_ratio,0.022055891393890192,0.025381664752041923,2.648543885688172,false,false,1.0,improving
XYL,earnings_stability,0.0,0.0,5.1343625633167935,false,false,0.0,flat
XYL,interest_coverage,0.0,0.0,56.34782608695652,false,false,0.0,flat
XYL,mktcap_to_assets,0.013253629582270221,0.025381664752042,1.5915393745102318,false,false,1.0,improving
HIG,roe,0.0,0.0,0.22232975092955737,false,false,0.0,flat
HIG,roic,0.0,0.0,0.18182196859249386,false,false,0.0,flat
HIG,debt_to_equity,0.0,0.0,0.22278816278714408,false,false,0.0,flat
HIG,pb_ratio,0.06779190709168818,0.17289560528227368,1.8503446970719308,false,false,1.0,improving
HIG,earnings_stability,0.0,0.0,7.320997211302641,false,false,0.0,flat
HIG,interest_coverage,0.0,0.0,26.22110552763819,false,false,0.0,flat
HIG,mktcap_to_assets,0.015127450893139745,0.17289560528227352,0.41289587122072696,false,false,1.0,improving
GM,roe,0.0,0.0,0.03143548387096774,false,false,0.0,flat
GM,roic,0.0,0.0,0.010274279508901037,false,false,0.0,flat
GM,debt_to_equity,0.0,0.0,2.0596290322580644,false,false,0.0,flat
GM,ev_ebitda,0.3479772014197905,0.15581488919611985,10.120925236148679,false,false,1.0,improving
GM,pb_ratio,0.0983091719365976,0.5303897495485871,1.1244375231674233,false,false,1.0,improving
GM,earnings_stability,0.0,0.0,0.36687022102141525,false,false,0.0,flat
GM,interest_coverage,0.0,0.0,4.043795620437956,false,false,0.0,flat
GM,mktcap_to_assets,0.021557351437243317,0.5303897495485868,0.24656798932022916,false,false,1.0,improving
OTIS,roic,0.0,0.0,0.4893479664299548,false,false,0.0,flat
OTIS,ev_ebitda,-0.7104132833319077,-0.1825264475144226,13.855093871827517,false,false,1.0,declining
OTIS,earnings_stability,0.0,0.0,13.286451397503738,false,false,0.0,flat
OTIS,mktcap_to_assets,-0.16219277811459024,-0.2229151264855839,2.4431627905651387,false,false,1.0,declining
ELV,roe,0.0,0.0,0.11057638749637948,false,false,0.0,flat
ELV,roic,0.0,0.0,0.06536541678190894,false,false,0.0,flat
ELV,debt_to_equity,0.0,0.0,0.6916649956553707,false,false,0.0,flat
ELV,pb_ratio,-0.009114242869945027,-0.02983986525334225,1.868633177468021,false,false,0.0,declining
ELV,earnings_stability,0.0,0.0,2.9856731399232106,false,false,0.0,flat
ELV,interest_coverage,0.0,0.0,5.076495132127955,false,false,0.0,flat
ELV,mktcap_to_assets,-0.003235376727975303,-0.02983986525334211,0.6633279781734699,false,false,0.0,declining
TTMI,roe,0.0026432525818712326,0.9829488465396188,0.08,false,false,0.0,improving
TTMI,roic,0.000938250086382309,-0.12804878048780466,0.06,false,true,0.0,improving
TTMI,debt_to_equity,-0.018402463077885216,-0.4566929133858267,0.7,false,false,1.0,declining
TTMI,pb_ratio,0.04049440083725798,3.0631708065010734,6.72,false,false,1.0,improving
TTMI,interest_coverage,0.06679835169757234,0.3609057301293903,5.0,false,false,1.0,improving
TTMI,mktcap_to_assets,0.021265120065120064,4.0915080527086385,3.528,false,false,1.0,improving
NSC,roe,0.0,0.0,0.16218544268750384,false,false,0.0,flat
NSC,roic,0.0,0.0,0.08019714624722382,false,false,0.0,flat
NSC,debt_to_equity,0.0,0.0,1.0223343382760106,false,false,0.0,flat
NSC,ev_ebitda,0.6810176085666848,0.2367873813212488,15.504774683368629,false,false,1.0,improving
NSC,pb_ratio,0.2329697842632602,0.30821760804003273,4.347477218946015,false,false,1.0,improving
NSC,earnings_stability,0.0,0.0,8.702097947361876,false,false,0.0,flat
NSC,interest_coverage,0.0,0.0,5.278625954198473,false,false,0.0,flat
NSC,mktcap_to_assets,0.08391600336046201,0.30821760804003234,1.5659666512904917,false,false,1.0,improving
ZBRA,roe,0.0,0.0,0.12046109510086456,false,false,0.0,flat
ZBRA,roic,0.0,0.0,0.06614970723215699,false,false,0.0,flat
ZBRA,debt_to_equity,0.0,0.0,0.8210374639769452,false,false,0.0,flat
ZBRA,ev_ebitda,-1.8772297297726475,-0.27676840931826036,14.359943084365776,false,false,1.0,declining
ZBRA,pb_ratio,-0.4782337409564901,-0.32429197945495924,2.8700834831640765,false,false,1.0,declining
ZBRA,earnings_stability,0.0,0.0,4.536414138784926,false,false,0.0,flat
ZBRA,interest_coverage,0.0,0.0,5.60655737704918,false,false,0.0,flat
ZBRA,mktcap_to_assets,-0.19916839667775088,-0.3242919794549593,1.1952940094310305,false,false,1.0,declining
YUM,roic,0.0,0.0,0.37208306572468425,false,false,0.0,flat
YUM,ev_ebitda,0.3718115943497153,0.056113935082756645,18.500807449530765,false,false,1.0,improving
YUM,earnings_stability,0.0,0.0,4.369402217365019,false,false,0.0,flat
YUM,interest_coverage,0.0,0.0,5.2578740157480315,false,false,0.0,flat
YUM,mktcap_to_assets,0.1309559287369838,0.07241962114965173,5.144237625629396,false,false,1.0,improving
INCY,roe,0.0,0.0,0.2541416269743509,false,false,0.0,flat
INCY,roic,0.0,0.0,0.2526179384441742,false,false,0.0,flat
INCY,debt_to_equity,0.0,0.0,0.006031592766375908,false,false,0.0,flat
INCY,ev_ebitda,1.2231383987488058,0.4787101189047745,9.20405006176435,false,false,1.0,improving
INCY,pb_ratio,0.39868292874974637,0.3568766512330797,3.621732366102863,false,false,1.0,improving
INCY,earnings_stability,0.0,0.0,3.865038172755175,false,false,0.0,flat
INCY,interest_coverage,0.0,0.0,847.1776344086021,false,false,0.0,flat
INCY,mktcap_to_assets,0.3212915221016472,0.35687665123307943,2.9186900683184303,false,false,1.0,improving
GSAT,roe,0.008644102227021614,-0.6891436277815239,-0.05,false,true,0.0,improving
GSAT,roic,0.00015642361926225022,-0.8498527968596664,-0.03,false,true,0.0,improving
GSAT,debt_to_equity,-0.0539528307692308,-0.30156699712184193,0.8,false,false,1.0,declining
GSAT,pb_ratio,3.3224625850340126,2.8445100873609452,31.13,false,false,1.0,improving
GSAT,interest_coverage,0.12028376919104183,-1.139315918843478,0.0,false,true,0.0,improving
GSAT,mktcap_to_assets,0.8723401360544217,3.5387358184765,7.126,false,false,1.0,improving
FDS,roe,0.0,0.0,0.2784887983506291,false,false,0.0,flat
FDS,roic,0.0,0.0,0.15708595110870813,false,false,0.0,flat
FDS,debt_to_equity,0.0,0.0,0.7728434426189176,false,false,0.0,flat
FDS,ev_ebitda,-2.099741875178444,-0.46943112829559647,10.473707872251259,false,false,1.0,declining
FDS,pb_ratio,-0.9877235208653004,-0.5057140760289088,4.295781548708585,false,false,1.0,declining
FDS,earnings_stability,0.0,0.0,13.054627389263107,false,false,0.0,flat
FDS,interest_coverage,0.0,0.0,14.057549085985105,false,false,0.0,flat
FDS,mktcap_to_assets,-0.47885068482142074,-0.5057140760289088,2.0826049931870108,false,false,1.0,declining
PPG,roe,0.0,0.0,0.18618974298235225,false,false,0.0,flat
PPG,roic,0.0,0.0,0.09885548987548735,false,false,0.0,flat
PPG,debt_to_equity,0.0,0.0,0.8834537486675352,false,false,0.0,flat
PPG,ev_ebitda,0.03306294699903926,0.024310672205213768,11.650767423343389,false,false,1.0,improving
PPG,pb_ratio,0.011058837181722958,0.030193427959753986,3.1935055316264043,false,false,1.0,improving
PPG,earnings_stability,0.0,0.0,6.954821572058104,false,false,0.0,flat
PPG,interest_coverage,0.0,0.0,8.964705882352941,false,false,0.0,flat
PPG,mktcap_to_assets,0.004143505916627635,0.030193427959753938,1.19653710852586,false,false,0.0,improving
EL,roe,0.0,-0.0,-0.06210869020786376,false,false,0.0,flat
EL,roic,0.0,-0.0,-0.018656435718047093,false,false,0.0,flat
EL,debt_to_equity,0.0,0.0,2.329075882794891,false,false,0.0,flat
EL,ev_ebitda,1.8271663866746293,0.2373334871062184,37.243761603343096,false,false,1.0,improving
EL,pb_ratio,0.6035643536248021,0.2727126145514558,10.756454183523552,false,false,1.0,improving
EL,earnings_stability,0.0,0.0,0.06650437493492778,false,false,0.0,flat
EL,interest_coverage,0.0,0.0,1.498533724340176,false,false,0.0,flat
EL,mktcap_to_assets,0.1225606419865661,0.27271261455145596,2.1842209903788414,false,false,1.0,improving
WDC,roe,0.0,0.0,0.6700413223140496,false,false,0.0,flat
WDC,roic,0.0,0.0,0.5759701625077702,false,false,0.0,flat
WDC,debt_to_equity,0.0,0.0,0.16332644628099174,false,false,0.0,flat
WDC,ev_ebitda,2.4894646359107306,4.336698685676271,12.36925759029087,false,false,1.0,improving
WDC,pb_ratio,1.9524809417184157,4.199754011774214,9.749628473707467,false,false,1.0,improving
WDC,earnings_stability,0.0,0.0,1.3277660631575632,false,false,0.0,flat
WDC,interest_coverage,0.0,0.0,32.13333333333333,false,false,0.0,flat
WDC,mktcap_to_assets,1.2562323373768207,4.199754011774213,6.272941417446878,false,false,1.0,improving
VLTO,roe,0.0,0.0,0.31901840490797545,false,false,0.0,flat
VLTO,roic,0.0,0.0,0.1525633106856084,false,false,0.0,flat
VLTO,debt_to_equity,0.0,0.0,1.0910558605101712,false,false,0.0,flat
VLTO,ev_ebitda,-0.4023830521763895,-0.10056134912535257,16.412908049009918,false,false,1.0,declining
VLTO,pb_ratio,-0.18111784783141321,-0.10581351711685111,6.980818153154609,false,false,1.0,declining
VLTO,earnings_stability,0.0,0.0,20.482013914232358,false,false,0.0,flat
VLTO,interest_coverage,0.0,0.0,14.141304347826088,false,false,0.0,flat
VLTO,mktcap_to_assets,-0.06554358199741608,-0.1058135171168512,2.526243727543798,false,false,1.0,declining
WMT,roe,0.0,0.0,0.24102618467083642,false,false,0.0,flat
WMT,roic,0.0,0.0,0.1349245440896332,false,false,0.0,flat
WMT,debt_to_equity,0.0,0.0,0.7863776105162726,false,false,0.0,flat
WMT,ev_ebitda,1.3883585987709788,0.2741202578154481,23.086468003870834,false,false,1.0,improving
WMT,pb_ratio,0.7085147311166772,0.2967620232285523,11.108973637637423,false,false,1.0,improving
WMT,earnings_stability,0.0,0.0,5.250253439851457,false,false,0.0,flat
WMT,interest_coverage,0.0,0.0,11.703600139811256,false,false,0.0,flat
WMT,mktcap_to_assets,0.23077548051751565,0.2967620232285523,3.6183845115564823,false,false,1.0,improving
TROW,roe,0.0,0.0,0.19436609263657958,false,false,0.0,flat
TROW,roic,0.0,0.0,0.18677389730467114,false,false,0.0,flat
TROW,debt_to_equity,0.0,0.0,0.040649124109263655,false,false,0.0,flat
TROW,ev_ebitda,-0.0680051129388793,-0.01213040218380599,4.909016055023646,false,false,1.0,declining
TROW,pb_ratio,-0.02030007138388531,-0.010175902009962877,1.7708011479570662,false,false,1.0,declining
TROW,earnings_stability,0.0,0.0,7.623200931998492,false,false,0.0,flat
TROW,mktcap_to_assets,-0.015200864958449417,-0.010175902009962918,1.325990860294732,false,false,1.0,declining
DELL,roic,0.0,0.0,0.28258897066236516,false,false,0.0,flat
DELL,ev_ebitda,0.4804042637906548,0.4200422816285087,5.910283933523282,false,false,1.0,improving
DELL,earnings_stability,0.0,0.0,2.088021207883134,false,false,0.0,flat
DELL,interest_coverage,0.0,0.0,7.294592914853946,false,false,0.0,flat
DELL,mktcap_to_assets,0.06181421983943178,0.684381595670515,0.5900677751087802,false,false,1.0,improving
JBHT,roe,0.0,0.0,0.1844363658238803,false,false,0.0,flat
JBHT,roic,0.0,0.0,0.14045012839274604,false,false,0.0,flat
JBHT,debt_to_equity,0.0,0.0,0.31318047149187267,false,false,0.0,flat
JBHT,ev_ebitda,1.274022371913344,0.5520422094988116,16.876875571689656,false,false,1.0,improving
JBHT,pb_ratio,0.5846356028764307,0.5947523123509931,7.432580082091059,false,false,1.0,improving
JBHT,earnings_stability,0.0,0.0,7.445929721951417,false,false,0.0,flat
JBHT,interest_coverage,0.0,0.0,13.714091811804375,false,false,0.0,flat
JBHT,mktcap_to_assets,0.2691176056541086,0.594752312350993,3.421341679643716,false,false,1.0,improving
JKHY,roe,0.0,0.0,0.24318405704298882,false,false,0.0,flat
JKHY,roic,0.0,0.0,0.23334656292152456,false,false,0.0,flat
JKHY,debt_to_equity,0.0,0.0,0.04215829879085315,false,false,0.0,flat
JKHY,ev_ebitda,-0.26404876139362454,-0.03552723327228003,12.65679808493453,false,false,1.0,declining
JKHY,pb_ratio,-0.10992030585165083,-0.035725112680748704,5.236350586018611,false,false,1.0,declining
JKHY,earnings_stability,0.0,0.0,11.91879318487938,false,false,0.0,flat
JKHY,interest_coverage,0.0,0.0,123.25267938237965,false,false,0.0,flat
JKHY,mktcap_to_assets,-0.07692335467112031,-0.03572511268074876,3.664451715174959,false,false,1.0,declining
NWSA,roe,0.0,0.0,0.13245573159366264,false,false,0.0,flat
NWSA,roic,0.0,0.0,0.09875792582298272,false,false,0.0,flat
NWSA,debt_to_equity,0.0,0.0,0.34121621621621623,false,false,0.0,flat
NWSA,ev_ebitda,-0.10879406922553427,-0.05652790880870391,6.388373155227651,false,false,1.0,declining
NWSA,pb_ratio,-0.01934060457108173,-0.06090848079235576,1.0473738857033312,false,false,1.0,declining
NWSA,earnings_stability,0.0,0.0,0.9914417771424286,false,false,0.0,flat
NWSA,interest_coverage,0.0,0.0,349.6666666666667,false,false,0.0,flat
NWSA,mktcap_to_assets,-0.010699906524759292,-0.06090848079235555,0.5794442791233175,false,false,1.0,declining
NEE,roe,0.00008914982164090373,0.5056461731493097,0.12,false,false,0.0,improving
NEE,roic,-0.0013228448580349529,-0.5670995670995671,0.06,false,false,0.0,declining
NEE,pb_ratio,0.07441588400919125,10.918406072106263,2.8,false,false,1.0,improving
NEE,mktcap_to_assets,0.01930731622444541,12.757142857142856,0.961,false,false,1.0,improving
APH,roe,0.0,0.0,0.31949373247095186,false,false,0.0,flat
APH,roic,0.0,0.0,0.13645239062877187,false,false,0.0,flat
APH,debt_to_equity,0.0,0.0,1.341430084139431,false,false,0.0,flat
APH,ev_ebitda,2.767886715186827,0.8073650692023278,21.374833837169675,false,false,1.0,improving
APH,pb_ratio,1.5752841612261126,0.9507014451366895,11.118950921609374,false,false,1.0,improving
APH,earnings_stability,0.0,0.0,5.612558263121307,false,false,0.0,flat
APH,interest_coverage,0.0,0.0,13.587139423076923,false,false,0.0,flat
APH,mktcap_to_assets,0.5225598371052488,0.9507014451366894,3.6884248095626293,false,false,1.0,improving
C,roe,0.0007765559963435311,55.00000000000003,0.07,false,false,0.0,improving
C,debt_to_equity,-0.010046202863051017,-0.5032479938861292,1.3,false,false,1.0,declining
C,pb_ratio,0.06440119988995092,287.74999999999994,1.16,false,false,1.0,improving
C,mktcap_to_assets,0.004324911028870132,,0.093,false,false,0.0,improving
HAS,roe,0.0,0.0,1.1260635280771412,false,false,0.0,flat
HAS,roic,0.0,0.0,0.185789153525806,false,false,0.0,flat
HAS,debt_to_equity,0.0,0.0,5.060975609756097,false,false,0.0,flat
HAS,ev_ebitda,0.720755791743129,0.42400127707804464,10.582640989821181,false,false,1.0,improving
HAS,pb_ratio,1.3846851200419614,0.5685251742615203,16.518522423439784,false,false,1.0,improving
HAS,earnings_stability,0.0,0.0,0.029217296444113874,false,false,0.0,flat
HAS,interest_coverage,0.0,0.0,7.070206489675516,false,false,0.0,flat
HAS,mktcap_to_assets,0.16174384593082738,0.5685251742615203,1.929514015273593,false,false,1.0,improving
VRSK,roic,0.0,0.0,0.2583063504565211,false,false,0.0,flat
VRSK,ev_ebitda,-1.85461340979845,-0.3145452864286744,16.327961832913605,false,false,1.0,declining
VRSK,earnings_stability,0.0,0.0,12.600969209675968,false,false,0.0,flat
VRSK,interest_coverage,0.0,0.0,6.940030753459764,false,false,0.0,flat
VRSK,mktcap_to_assets,-0.6930616761499089,-0.34922434347940273,5.197381764602894,false,false,1.0,declining
TFC,roe,0.0,0.0,0.08607157317718878,false,false,0.0,flat
TFC,roic,0.0,0.0,0.04147002108390795,false,false,0.0,flat
TFC,debt_to_equity,0.0,0.0,1.0755131279783225,false,false,0.0,flat
TFC,pb_ratio,0.03665185174798551,0.1808835682188054,0.8654039793490665,false,false,1.0,improving
TFC,earnings_stability,0.0,0.0,13.956151341850113,false,false,0.0,flat
TFC,mktcap_to_assets,0.0042871934207298,0.1808835682188055,0.10122692496000904,false,false,0.0,improving
HSY,roe,0.0,0.0,0.32636602530524755,false,false,0.0,flat
HSY,roic,0.0,0.0,0.14200903261319234,false,false,0.0,flat
HSY,debt_to_equity,0.0,0.0,1.2982061021020495,false,false,0.0,flat
HSY,ev_ebitda,0.32522164767530015,0.13979454355011928,11.496745737354361,false,false,1.0,improving
HSY,pb_ratio,0.1909723206619049,0.16984702966459087,5.62616900180393,false,false,1.0,improving
HSY,earnings_stability,0.0,0.0,2.1963918327607295,false,false,0.0,flat
HSY,interest_coverage,0.0,0.0,9.453008477557338,false,false,0.0,flat
HSY,mktcap_to_assets,0.06235913941784993,0.16984702966459084,1.8371408796618502,false,false,1.0,improving
TKO,roe,0.0,0.0,0.06704637078260953,false,false,0.0,flat
TKO,roic,0.0,0.0,0.027137019613212406,false,false,0.0,flat
TKO,debt_to_equity,0.0,0.0,1.470660807201029,false,false,0.0,flat
TKO,ev_ebitda,0.8700058765545866,0.29658920765333596,13.013092207544316,false,false,1.0,improving
TKO,pb_ratio,0.38091249725876436,0.41078171567679034,4.460507685796514,false,false,1.0,improving
TKO,earnings_stability,0.0,0.0,1.5745907242289243,false,false,0.0,flat
TKO,interest_coverage,0.0,0.0,4.224130987900643,false,false,0.0,flat
TKO,mktcap_to_assets,0.08025725563298432,0.41078171567679017,0.9398171710514159,false,false,1.0,improving
ETN,roe,0.0,0.0,0.20232239744434866,false,false,0.0,flat
ETN,roic,0.0,0.0,0.09601963709871493,false,false,0.0,flat
ETN,debt_to_equity,0.0,0.0,1.1070939607524974,false,false,0.0,flat
ETN,ev_ebitda,0.6835228919400566,0.1135311336419285,25.67387495621711,false,false,1.0,improving
ETN,pb_ratio,0.21568698121509897,0.13448555917000862,7.022997000787945,false,false,1.0,improving
ETN,earnings_stability,0.0,0.0,11.568452868707608,false,false,0.0,flat
ETN,interest_coverage,0.0,0.0,16.487261146496817,false,false,0.0,flat
ETN,mktcap_to_assets,0.07721817112722104,0.13448555917000882,2.5143055977587196,false,false,1.0,improving
HAL,roe,0.0,0.0,0.1455040871934605,false,false,0.0,flat
HAL,roic,0.0,0.0,0.08339840699672028,false,false,0.0,flat
HAL,debt_to_equity,0.0,0.0,0.7446866485013623,false,false,0.0,flat
HAL,ev_ebitda,0.5805480126253862,0.33627338783431004,9.60822765607124,false,false,1.0,improving
HAL,pb_ratio,0.18940313000457648,0.4338383544581789,2.575999431481189,false,false,1.0,improving
HAL,earnings_stability,0.0,0.0,2.036610913072805,false,false,0.0,flat
HAL,interest_coverage,0.0,0.0,7.156342182890856,false,false,0.0,flat
HAL,mktcap_to_assets,0.08073906076159157,0.4338383544581789,1.098101043077586,false,false,1.0,improving
FICO,roic,0.0,0.0,0.5430279003914383,false,false,0.0,flat
FICO,ev_ebitda,-3.11607221474833,-0.33828396675172123,24.577804215357002,false,false,1.0,declining
FICO,earnings_stability,0.0,0.0,4.544397278052214,false,false,0.0,flat
FICO,interest_coverage,0.0,0.0,6.715654917786459,false,false,0.0,flat
FICO,mktcap_to_assets,-1.9386863342940552,-0.383919896036192,12.665536933120844,false,false,1.0,declining
DD,roe,-0.0006272991689750692,-0.6687370600414079,0.06,false,false,0.0,declining
DD,debt_to_equity,-0.0028244459833795007,-0.32497678737233054,0.5,false,false,0.0,declining
DD,pb_ratio,0.11567365286284206,4.565619223659889,1.8,false,false,1.0,improving
DD,mktcap_to_assets,0.07636961285609935,5.517159763313609,0.778,false,false,1.0,improving
DPZ,roic,0.0,0.0,0.5230721610070658,false,false,0.0,flat
DPZ,ev_ebitda,-0.6738203889855041,-0.16618361831668688,14.414195750670341,false,false,1.0,declining
DPZ,earnings_stability,0.0,0.0,7.939947338878868,false,false,0.0,flat
DPZ,interest_coverage,0.0,0.0,4.865591370699363,false,false,0.0,flat
DPZ,mktcap_to_assets,-0.402152604258332,-0.22426808348838204,5.790999104435244,false,false,1.0,declining
MPC,roe,0.0021971180782478137,9.934563758389261,0.22,false,false,0.0,improving
MPC,roic,-0.0013228720303806417,1.0347467608951708,0.14,true,false,0.0,declining
MPC,debt_to_equity,0.020042233953876075,2.0000000000000004,0.5,false,false,1.0,improving
MPC,pb_ratio,0.05116506243496358,14.027397260273974,5.48,false,false,1.0,improving
MPC,interest_coverage,1.0129107894703164,-0.15114343609784342,11.0,false,true,0.0,improving
MPC,mktcap_to_assets,0.01020382414151925,9.100358422939069,1.407,false,false,1.0,improving
CMS,roe,0.0,0.0,0.10497237569060773,false,false,0.0,flat
CMS,roic,0.0,0.0,0.03528804815133276,false,false,0.0,flat
CMS,debt_to_equity,0.0,0.0,1.9747288725189278,false,false,0.0,flat
CMS,ev_ebitda,0.19453170813053902,0.06772118191030352,12.989936905250453,false,false,1.0,improving
CMS,pb_ratio,0.06595846948481748,0.12823799010473014,2.454333016574586,false,false,1.0,improving
CMS,earnings_stability,0.0,0.0,3.192391115334129,false,false,0.0,flat
CMS,interest_coverage,0.0,0.0,2.36319612590799,false,false,0.0,flat
CMS,mktcap_to_assets,0.015760373566669254,0.12823799010473,0.5864478891089109,false,false,1.0,improving
TXT,roe,0.0,0.0,0.11633970697789918,false,false,0.0,flat
TXT,roic,0.0,0.0,0.07901172105573825,false,false,0.0,flat
TXT,debt_to_equity,0.0,0.0,0.47243605661782967,false,false,0.0,flat
TXT,ev_ebitda,0.35330838278761206,0.17646311474715726,10.586195803155865,false,false,1.0,improving
TXT,pb_ratio,0.07448691755318662,0.20684067327854264,1.9588230039432155,false,false,1.0,improving
TXT,earnings_stability,0.0,0.0,23.997835846366456,false,false,0.0,flat
TXT,interest_coverage,0.0,0.0,9.766917293233083,false,false,0.0,flat
TXT,mktcap_to_assets,0.03308247678247299,0.20684067327854258,0.869987894218521,false,false,1.0,improving
PRU,roe,0.0,0.0,0.10839718530101641,false,false,0.0,flat
PRU,roic,0.0,0.0,0.0629197981338271,false,false,0.0,flat
PRU,debt_to_equity,0.0,0.0,0.72278342455043,false,false,0.0,flat
PRU,pb_ratio,-0.037822363151707554,-0.03747822312832847,2.0083231755859745,false,false,1.0,declining
PRU,earnings_stability,0.0,0.0,2.5772343193585807,false,false,0.0,flat
PRU,mktcap_to_assets,-0.001580057985377309,-0.037478223128328464,0.0838992280327589,false,false,0.0,declining
NTRS,roe,0.0,0.0,0.16724122492836677,false,false,0.0,flat
NTRS,roic,0.0,0.0,0.08169997776425002,false,false,0.0,flat
NTRS,debt_to_equity,0.0,0.0,1.0470167741165235,false,false,0.0,flat
NTRS,pb_ratio,0.18361956443858124,0.6078530932339401,2.373224842370791,false,false,1.0,improving
NTRS,earnings_stability,0.0,0.0,3.9715801527888424,false,false,0.0,flat
NTRS,mktcap_to_assets,0.013724675872127898,0.6078530932339402,0.17738709833458854,false,false,1.0,improving
CINF,roe,0.0,0.0,0.17544864452080947,false,false,0.0,flat
CINF,roic,0.0,0.0,0.1661043499216773,false,false,0.0,flat
CINF,debt_to_equity,0.0,0.0,0.05625556828305969,false,false,0.0,flat
CINF,pb_ratio,0.05074650088319768,0.09918775255807362,1.528454929111219,false,false,1.0,improving
CINF,earnings_stability,0.0,0.0,1.2969826364565775,false,false,0.0,flat
CINF,interest_coverage,0.0,0.0,65.79245283018868,false,false,0.0,flat
CINF,mktcap_to_assets,0.019349943337423722,0.09918775255807374,0.5828089771190628,false,false,1.0,improving
IBM,roe,-0.008246078871721166,0.18455342335939343,0.25,true,false,0.0,declining
IBM,debt_to_equity,0.017932745245245248,0.31492439184746884,2.0,false,false,1.0,improving
IBM,pb_ratio,0.008965588624922725,0.3033124052825287,5.98,false,false,0.0,improving
IBM,mktcap_to_assets,0.0063430963525567445,0.7129828326180259,1.586,false,false,0.0,improving
IQV,roe,0.0,0.0,0.22281639928698752,false,false,0.0,flat
IQV,roic,0.0,0.0,0.061351061931108335,false,false,0.0,flat
IQV,debt_to_equity,0.0,0.0,2.631826284232701,false,false,0.0,flat
IQV,ev_ebitda,0.09025863692874006,-0.016546205687834006,13.077100963981785,false,false,0.0,improving
IQV,pb_ratio,0.051601437544092556,-0.024275108261643013,5.1537858047201,false,false,0.0,improving
IQV,earnings_stability,0.0,0.0,3.4014910617196668,false,false,0.0,flat
IQV,interest_coverage,0.0,0.0,3.041504539559014,false,false,0.0,flat
IQV,mktcap_to_assets,0.01065668722882751,-0.024275108261643155,1.0643556842450967,false,false,0.0,improving
DDOG,roe,0.0,0.0,0.03401841722953236,false,false,0.0,flat
DDOG,roic,0.0,0.0,0.025728418436060784,false,false,0.0,flat
DDOG,debt_to_equity,0.0,0.0,0.3222117525052517,false,false,0.0,flat
DDOG,ev_ebitda,-0.2873275606242523,0.048283198032886394,174.62211555305782,false,false,0.0,declining
DDOG,pb_ratio,-0.01646681434023569,0.04931850535338636,9.792330131948576,false,false,0.0,declining
DDOG,earnings_stability,0.0,0.0,1.8182667665755008,false,false,0.0,flat
DDOG,interest_coverage,0.0,0.0,13.860181863685659,false,false,0.0,flat
DDOG,mktcap_to_assets,-0.009446662523258454,0.04931850535338634,5.617652337697376,false,false,0.0,declining
SNDK,roe,0.0,0.0,0.3271394352907019,false,false,0.0,flat
SNDK,roic,0.0,0.0,0.32287413138476967,false,false,0.0,flat
SNDK,debt_to_equity,0.0,0.0,0.013210423169049865,false,false,0.0,flat
SNDK,ev_ebitda,4.679095930909142,17.33740653062373,16.734630466680198,false,false,1.0,improving
SNDK,pb_ratio,1.8374035701690106,8.388124358147223,6.829306149723443,false,false,1.0,improving
SNDK,earnings_stability,0.0,0.0,0.2865532919247681,false,false,0.0,flat
SNDK,interest_coverage,0.0,0.0,46.982142857142854,false,false,0.0,flat
SNDK,mktcap_to_assets,1.4825129713744336,8.388124358147222,5.510240165431324,false,false,1.0,improving
LH,roe,0.0,0.0,0.10786380404646793,false,false,0.0,flat
LH,roic,0.0,0.0,0.05895724269218245,false,false,0.0,flat
LH,debt_to_equity,0.0,0.0,0.8295259262653805,false,false,0.0,flat
LH,ev_ebitda,0.38608321150649183,0.09900310740600038,13.46969147053989,false,false,1.0,improving
LH,pb_ratio,0.09124171673528304,0.1326555763786425,2.4661205193764966,false,false,1.0,improving
LH,earnings_stability,0.0,0.0,5.818716991289356,false,false,0.0,flat
LH,interest_coverage,0.0,0.0,6.161290322580645,false,false,0.0,flat
LH,mktcap_to_assets,0.041725167715137006,0.13265557637864253,1.1277658505183965,false,false,1.0,improving
WFC,roe,0.0,0.0,0.125478661412953,false,false,0.0,flat
WFC,roic,0.0,0.0,0.05834883882971997,false,false,0.0,flat
WFC,debt_to_equity,0.0,0.0,1.1504911482324214,false,false,0.0,flat
WFC,pb_ratio,0.05332460786995678,0.17341188129165908,1.3868877478291652,false,false,1.0,improving
WFC,earnings_stability,0.0,0.0,13.729925276009574,false,false,0.0,flat
WFC,mktcap_to_assets,0.0042102168442163974,0.17341188129165908,0.10950100507419691,false,false,0.0,improving
CDW,roe,0.0,0.0,0.4214995695390154,false,false,0.0,flat
CDW,roic,0.0,0.0,0.1290542888295132,false,false,0.0,flat
CDW,debt_to_equity,0.0,0.0,2.266064021288252,false,false,0.0,flat
CDW,ev_ebitda,-0.7388141543915779,-0.17474817626239483,10.494082241412581,false,false,1.0,declining
CDW,pb_ratio,-0.5677714785920719,-0.21837455798990515,6.024958404040866,false,false,1.0,declining
CDW,earnings_stability,0.0,0.0,10.131360074446738,false,false,0.0,flat
CDW,interest_coverage,0.0,0.0,7.3936170212765955,false,false,0.0,flat
CDW,mktcap_to_assets,-0.08818136290336226,-0.2183745579899052,0.9357445090793409,false,false,1.0,declining
CTSH,roe,0.0,0.0,0.15350573917853685,false,false,0.0,flat
CTSH,roic,0.0,0.0,0.13409035999033583,false,false,0.0,flat
CTSH,debt_to_equity,0.0,0.0,0.1447932512792145,false,false,0.0,flat
CTSH,ev_ebitda,-0.7930414560980618,-0.33060275637113,4.510410533489274,false,false,1.0,declining
CTSH,pb_ratio,-0.2249381864827997,-0.3408559821163764,1.206313373556424,false,false,1.0,declining
CTSH,earnings_stability,0.0,0.0,3.826809274566375,false,false,0.0,flat
CTSH,interest_coverage,0.0,0.0,98.41666666666667,false,false,0.0,flat
CTSH,mktcap_to_assets,-0.15620917420956779,-0.3408559821163765,0.8377288839554864,false,false,1.0,declining
CVS,roe,0.0,0.0,0.03785374922536666,false,false,0.0,flat
CVS,roic,0.0,0.0,0.018818877927612786,false,false,0.0,flat
CVS,debt_to_equity,0.0,0.0,1.0114774839909109,false,false,0.0,flat
CVS,ev_ebitda,0.7472393801039319,0.1958101004109856,14.290680174007734,false,false,1.0,improving
CVS,pb_ratio,0.10739347215602371,0.3943586779972416,1.1655759617983643,false,false,1.0,improving
CVS,earnings_stability,0.0,0.0,0.3673541382583369,false,false,0.0,flat
CVS,interest_coverage,0.0,0.0,2.1122908622908625,false,false,0.0,flat
CVS,mktcap_to_assets,0.0328819118933842,0.39435867799724184,0.3568779862636244,false,false,1.0,improving
OXY,roe,0.0,0.0,0.121622315832734,false,false,0.0,flat
OXY,roic,0.0,0.0,0.08524926633419153,false,false,0.0,flat
OXY,debt_to_equity,0.0,0.0,0.4266670091441488,false,false,0.0,flat
OXY,ev_ebitda,0.21214169412120373,0.0776463365089222,7.126732678446202,false,false,1.0,improving
OXY,pb_ratio,0.05899121495315304,0.09846650495748535,1.6529848961486333,false,false,1.0,improving
OXY,earnings_stability,0.0,0.0,0.9915501891756108,false,false,0.0,flat
OXY,interest_coverage,0.0,0.0,2.768650461022632,false,false,0.0,flat
OXY,mktcap_to_assets,0.02854252809400665,0.09846650495748521,0.7997863389448522,false,false,1.0,improving
NDSN,roe,0.0,0.0,0.16492106294509928,false,false,0.0,flat
NDSN,roic,0.0,0.0,0.10203200009891839,false,false,0.0,flat
NDSN,debt_to_equity,0.0,0.0,0.6163660693234569,false,false,0.0,flat
NDSN,ev_ebitda,2.0590387433488466,0.3498230863486803,20.051472048967117,false,false,1.0,improving
NDSN,pb_ratio,0.5739493296835981,0.40889641894529083,5.004764646286293,false,false,1.0,improving
NDSN,earnings_stability,0.0,0.0,9.294758701674949,false,false,0.0,flat
NDSN,interest_coverage,0.0,0.0,7.739973776769547,false,false,0.0,flat
NDSN,mktcap_to_assets,0.30814752281603286,0.408896418945291,2.6870069329648905,false,false,1.0,improving
NOC,roe,0.0020074820791893423,3.4388235294117653,0.14,false,false,0.0,improving
NOC,roic,-0.0002671015199849878,1.0553907022749756,0.1,true,false,0.0,declining
NOC,debt_to_equity,0.011795816768253732,2.04,0.9,false,false,1.0,improving
NOC,pb_ratio,0.06310781009570275,4.850923482849605,4.43,false,false,1.0,improving
NOC,interest_coverage,-0.07860800900731844,-0.30743350761536714,8.0,false,false,1.0,declining
NOC,mktcap_to_assets,0.01922778757740664,4.602990033222592,1.685,false,false,1.0,improving
TDY,roe,0.0,0.0,0.08927966295736593,false,false,0.0,flat
TDY,roic,0.0,0.0,0.07530029740064115,false,false,0.0,flat
TDY,debt_to_equity,0.0,0.0,0.18564821175069834,false,false,0.0,flat
TDY,ev_ebitda,0.9996599412041866,0.2996820690499664,20.544407187433038,false,false,1.0,improving
TDY,pb_ratio,0.14520865198972746,0.32237174480408115,2.829741246441251,false,false,1.0,improving
TDY,earnings_stability,0.0,0.0,9.99440479130357,false,false,0.0,flat
TDY,mktcap_to_assets,0.10375779866690926,0.3223717448040814,2.02197127033774,false,false,1.0,improving
PTC,roe,0.0,0.0,0.32290233383326344,false,false,0.0,flat
PTC,roic,0.0,0.0,0.23781336309907125,false,false,0.0,flat
PTC,debt_to_equity,0.0,0.0,0.3577972643141368,false,false,0.0,flat
PTC,ev_ebitda,-0.18747146882650156,-0.030820682410476585,9.801877073536923,false,false,1.0,declining
PTC,pb_ratio,-0.08622062533173691,-0.032356568475478124,4.263979875524988,false,false,1.0,declining
PTC,earnings_stability,0.0,0.0,1.643447828980566,false,false,0.0,flat
PTC,interest_coverage,0.0,0.0,24.12698482774859,false,false,0.0,flat
PTC,mktcap_to_assets,-0.05090828019094962,-0.03235656847547829,2.517632891162698,false,false,1.0,declining
CARR,roe,0.0,0.0,0.09279683578002586,false,false,0.0,flat
CARR,roic,0.0,0.0,0.04776633647860303,false,false,0.0,flat
CARR,debt_to_equity,0.0,0.0,0.9427245759488857,false,false,0.0,flat
CARR,ev_ebitda,-0.14607892127696478,0.0008223705889314842,23.148567672065322,false,false,0.0,declining
CARR,pb_ratio,-0.03422249011432652,0.0009934569664938147,4.582611122686636,false,false,0.0,declining
CARR,earnings_stability,0.0,0.0,1.8730178207538102,false,false,0.0,flat
CARR,interest_coverage,0.0,0.0,3.83974358974359,false,false,0.0,flat
CARR,mktcap_to_assets,-0.012039041997566419,0.0009934569664937112,1.6121050098994218,false,false,0.0,declining
PCG,roe,0.0,0.0,0.09338957552874547,false,false,0.0,flat
PCG,roic,0.0,0.0,0.032108230903411625,false,false,0.0,flat
PCG,debt_to_equity,0.0,0.0,1.9085867673519956,false,false,0.0,flat
PCG,ev_ebitda,-0.05188660660826801,-0.026741561507750457,9.54939928805183,false,false,1.0,declining
PCG,pb_ratio,-0.016151717044838063,-0.06871478689824077,1.0927055451700822,false,false,1.0,declining
PCG,earnings_stability,0.0,0.0,6.070536976885871,false,false,0.0,flat
PCG,interest_coverage,0.0,0.0,1.8900354724282489,false,false,0.0,flat
PCG,mktcap_to_assets,-0.00377429319485686,-0.06871478689824054,0.255340722702659,false,false,0.0,declining
ORCL,roe,0.02433029163546281,6.0821529745042495,0.5,false,false,1.0,improving
ORCL,roic,0.020822800562031864,-0.022801302931596143,0.18,false,false,0.0,improving
ORCL,debt_to_equity,-0.10316342485734491,-0.19019732605854633,2.5,false,false,1.0,declining
ORCL,pb_ratio,0.7226956797600483,2.0241560854753793,9.75,false,false,1.0,improving
ORCL,earnings_stability,-0.26409430489210667,-0.6526476340141303,0.8,false,false,1.0,declining
ORCL,interest_coverage,-0.270404830897062,-1.55208965936068,10.0,false,false,1.0,declining
ORCL,mktcap_to_assets,0.016015223704924267,0.5899302396117684,2.617,false,false,1.0,improving
APO,roe,0.0,0.0,0.05734048418625633,false,false,0.0,flat
APO,roic,0.0,0.0,0.03347868075268502,false,false,0.0,flat
APO,debt_to_equity,0.0,0.0,0.7127462282592352,false,false,0.0,flat
APO,ev_ebitda,-0.5965202147495815,-0.154812673006879,7.20132522164917,false,false,1.0,declining
APO,pb_ratio,-0.23091201536319078,-0.13965384531469105,3.20614679398509,false,false,1.0,declining
APO,earnings_stability,0.0,0.0,0.26426777369439985,false,false,0.0,flat
APO,interest_coverage,0.0,0.0,14.629716981132075,false,false,0.0,flat
APO,mktcap_to_assets,-0.009853754023294803,-0.13965384531469113,0.13681653516736153,false,false,0.0,declining
CVNA,roe,0.0,0.0,0.38927507447864945,false,false,0.0,flat
CVNA,roic,0.0,0.0,0.1625038864130998,false,false,0.0,flat
CVNA,debt_to_equity,0.0,0.0,1.3954816285998013,false,false,0.0,flat
CVNA,ev_ebitda,28.39119072659138,0.5088529868430313,354.32487141257275,false,false,1.0,improving
CVNA,pb_ratio,1.0008811030724867,0.5601783873137551,11.748543133213834,false,false,1.0,improving
CVNA,earnings_stability,0.0,0.0,1.3506468848245248,false,false,0.0,flat
CVNA,interest_coverage,0.0,-0.0,-0.3073286052009456,false,false,0.0,flat
CVNA,mktcap_to_assets,0.2770443295200643,0.560178387313755,3.252001906307403,false,false,1.0,improving
ALGN,roe,0.0,0.0,0.10360293814628024,false,false,0.0,flat
ALGN,roic,0.0,0.0,0.10078436971555023,false,false,0.0,flat
ALGN,debt_to_equity,0.0,0.0,0.027966324924043582,false,false,0.0,flat
ALGN,ev_ebitda,-0.720981553771535,-0.11668151370843159,12.916550786664143,false,false,1.0,declining
ALGN,pb_ratio,-0.15246220982893172,-0.10831044743387178,2.958846765550351,false,false,1.0,declining
ALGN,earnings_stability,0.0,0.0,3.7671543833001455,false,false,0.0,flat
ALGN,mktcap_to_assets,-0.10019199509518605,-0.10831044743387178,1.9444343680578868,false,false,1.0,declining
FCX,roe,0.0,0.0,0.1401179184824404,false,false,0.0,flat
FCX,roic,0.0,0.0,0.09138634387748278,false,false,0.0,flat
FCX,debt_to_equity,0.0,0.0,0.5332478851576519,false,false,0.0,flat
FCX,ev_ebitda,0.8091080836456185,0.4180831483374559,10.390367312149701,false,false,1.0,improving
FCX,pb_ratio,0.4073540826147128,0.4640246866150126,4.889485106655219,false,false,1.0,improving
FCX,earnings_stability,0.0,0.0,2.998425938078543,false,false,0.0,flat
FCX,interest_coverage,0.0,0.0,18.227602905569007,false,false,0.0,flat
FCX,mktcap_to_assets,0.13503469376954408,0.46402468661501267,1.620826087785691,false,false,1.0,improving
COF,roe,0.0,0.0,0.09244856889263839,false,false,0.0,flat
COF,roic,0.0,0.0,0.06638480469489494,false,false,0.0,flat
COF,debt_to_equity,0.0,0.0,0.39261641753007653,false,false,0.0,flat
COF,pb_ratio,0.026879544305863375,0.08974193011252077,1.081589595166562,false,false,1.0,improving
COF,earnings_stability,0.0,0.0,0.4465714636935085,false,false,0.0,flat
COF,mktcap_to_assets,0.004539247716721619,0.08974193011252095,0.18265202134467426,false,false,0.0,improving
AES,roe,0.0,0.0,0.3056561085972851,false,false,0.0,flat
AES,roic,0.0,0.0,0.03814336937801745,false,false,0.0,flat
AES,debt_to_equity,0.0,0.0,7.013348416289593,false,false,0.0,flat
AES,ev_ebitda,0.14795835480156663,0.04187656062804952,11.845124539458793,false,false,1.0,improving
AES,pb_ratio,0.11080139239664831,0.1909246882705956,2.2190864763820377,false,false,1.0,improving
AES,earnings_stability,0.0,0.0,1.0288911148868636,false,false,0.0,flat
AES,interest_coverage,0.0,0.0,1.2390691114245416,false,false,0.0,flat
AES,mktcap_to_assets,0.009272083045744624,0.19092468827059544,0.18569761308636296,false,false,0.0,improving
SJM,roe,0.0,-0.0,-0.02501894007720336,false,false,0.0,flat
SJM,roic,0.0,-0.0,-0.010979355328984865,false,false,0.0,flat
SJM,debt_to_equity,0.0,0.0,1.278725783758433,false,false,0.0,flat
SJM,ev_ebitda,-0.18543353124476647,-0.033490638241834306,19.859432635575317,false,false,1.0,declining
SJM,pb_ratio,-0.029294470699550223,-0.05436066611973564,1.8692036332906783,false,false,1.0,declining
SJM,earnings_stability,0.0,0.0,0.36731016351772405,false,false,0.0,flat
SJM,interest_coverage,0.0,0.0,0.8363064008394544,false,false,0.0,flat
SJM,mktcap_to_assets,-0.01001286648483706,-0.05436066611973545,0.638894848282727,false,false,1.0,declining
BMY,roe,-0.004328519144144144,-0.4240921452567589,0.18,false,false,0.0,declining
BMY,roic,-0.0008578746448863636,1.669632925472747,0.12,true,false,0.0,declining
BMY,debt_to_equity,0.03346550958806818,2.3536585365853657,1.1,false,false,1.0,improving
BMY,interest_coverage,-0.24831139026988636,-0.27446102819237145,7.0,false,false,1.0,declining
QCOM,roe,0.0,0.0,0.33476751753561357,false,false,0.0,flat
QCOM,roic,0.0,0.0,0.21568673127096533,false,false,0.0,flat
QCOM,debt_to_equity,0.0,0.0,0.5521006580374576,false,false,0.0,flat
QCOM,ev_ebitda,0.25656293014293086,0.04645353386319644,15.197156965299055,false,false,1.0,improving
QCOM,pb_ratio,0.12498839108922735,0.049638497663629676,7.015311770570521,false,false,1.0,improving
QCOM,earnings_stability,0.0,0.0,0.7143726379838022,false,false,0.0,flat
QCOM,interest_coverage,0.0,0.0,17.272859216255444,false,false,0.0,flat
QCOM,mktcap_to_assets,0.06025988670744244,0.04963849766362953,3.382249253934134,false,false,1.0,improving
GOOGL,roe,0.004981943995343722,2.371544167228591,0.25,false,false,0.0,improving
GOOGL,roic,0.0034522020306538177,2.179190751445087,0.22,false,false,0.0,improving
GOOGL,debt_to_equity,0.0008749919161870272,3.166666666666667,0.1,false,false,0.0,improving
GOOGL,ev_ebitda,0.793726083530339,-4.260416666666667,18.0,false,true,0.0,improving
GOOGL,pb_ratio,0.20470326401271238,36.675070028011206,6.89,false,false,1.0,improving
GOOGL,interest_coverage,1.3853615912639394,-0.7506568633256764,40.0,false,true,0.0,improving
GOOGL,mktcap_to_assets,0.14626899921197792,32.93728222996515,5.0,false,false,1.0,improving
EVRG,roe,0.0,0.0,0.08684993009471674,false,false,0.0,flat
EVRG,roic,0.0,0.0,0.03388404672548967,false,false,0.0,flat
EVRG,debt_to_equity,0.0,0.0,1.5631510544867377,false,false,0.0,flat
EVRG,ev_ebitda,0.39396746445052633,0.10857877777530958,12.419964607928048,false,false,1.0,improving
EVRG,pb_ratio,0.10801270124932914,0.22894771711450193,1.8437994454085465,false,false,1.0,improving
EVRG,earnings_stability,0.0,0.0,1.4401673246048032,false,false,0.0,flat
EVRG,interest_coverage,0.0,0.0,2.4264452451825163,false,false,0.0,flat
EVRG,mktcap_to_assets,0.03181537350489209,0.22894771711450224,0.5430950929407492,false,false,1.0,improving
MDT,roe,0.0,0.0,0.09706245072074075,false,false,0.0,flat
MDT,roic,0.0,0.0,0.06200919611489977,false,false,0.0,flat
MDT,debt_to_equity,0.0,0.0,0.5652912277864263,false,false,0.0,flat
MDT,ev_ebitda,0.12972780121173746,0.06469427655918417,13.124791575699321,false,false,1.0,improving
MDT,pb_ratio,0.025726300509187332,0.0803467965749498,2.0768873818012383,false,false,1.0,improving
MDT,earnings_stability,0.0,0.0,9.396358793095088,false,false,0.0,flat
MDT,interest_coverage,0.0,0.0,9.595238095238095,false,false,0.0,flat
MDT,mktcap_to_assets,0.013678677409875892,0.08034679657494992,1.1042812977386878,false,false,1.0,improving
LULU,roe,0.0,0.0,0.3024823229272375,false,false,0.0,flat
LULU,roic,0.0,0.0,0.20967264895227525,false,false,0.0,flat
LULU,debt_to_equity,0.0,0.0,0.44264082339173916,false,false,0.0,flat
LULU,ev_ebitda,-2.465039418083683,-0.5352593936856783,6.061327820657926,false,false,1.0,declining
LULU,pb_ratio,-1.3107625756087555,-0.5442136204624111,3.0943101901656638,false,false,1.0,declining
LULU,earnings_stability,0.0,0.0,2.7449629414308516,false,false,0.0,flat
LULU,mktcap_to_assets,-0.741400801531674,-0.544213620462411,1.750220900311403,false,false,1.0,declining
RF,roe,0.002085801426426426,9.644,0.15,false,false,0.0,improving
RF,debt_to_equity,-0.00865678178178178,-0.7369175627240143,0.2,false,false,0.0,declining
PAYX,roe,0.0,0.0,0.47123236325667317,false,false,0.0,flat
PAYX,roic,0.0,0.0,0.2109571637461946,false,false,0.0,flat
PAYX,debt_to_equity,0.0,0.0,1.2337822280527964,false,false,0.0,flat
PAYX,ev_ebitda,-1.3182685686386164,-0.30928352295926187,12.457416487916825,false,false,1.0,declining
PAYX,pb_ratio,-1.0669395419117391,-0.3311233879002412,9.13996145832041,false,false,1.0,declining
PAYX,earnings_stability,0.0,0.0,4.828010572103232,false,false,0.0,flat
PAYX,interest_coverage,0.0,0.0,9.574768089053803,false,false,0.0,flat
PAYX,mktcap_to_assets,-0.24638325036288833,-0.3311233879002411,2.1106476270037753,false,false,1.0,declining
ED,roe,0.0,0.0,0.0841928426316612,false,false,0.0,flat
ED,roic,0.0,0.0,0.040835275614424044,false,false,0.0,flat
ED,debt_to_equity,0.0,0.0,1.0617674636661978,false,false,0.0,flat
ED,ev_ebitda,0.24461406680918873,0.05828949437393104,11.368947725835055,false,false,1.0,improving
ED,pb_ratio,0.06066612346088174,0.09931187154402892,1.763559937630916,false,false,1.0,improving
ED,earnings_stability,0.0,0.0,2.17851145387434,false,false,0.0,flat
ED,interest_coverage,0.0,0.0,3.272801302931596,false,false,0.0,flat
ED,mktcap_to_assets,0.020775880655928194,0.0993118715440289,0.6039533878808274,false,false,1.0,improving
DIS,roe,0.0,0.0,0.10324907090554512,false,false,0.0,flat
DIS,roic,0.0,0.0,0.07191829097945741,false,false,0.0,flat
DIS,debt_to_equity,0.0,0.0,0.43564411082900983,false,false,0.0,flat
DIS,ev_ebitda,-0.09685504051673754,0.009487716953657523,11.283188639656466,false,false,0.0,declining
DIS,pb_ratio,-0.017403222452932954,0.01154052811890108,1.6440236569379412,false,false,0.0,declining
DIS,earnings_stability,0.0,0.0,2.1719488943440006,false,false,0.0,flat
DIS,interest_coverage,0.0,0.0,7.95819209039548,false,false,0.0,flat
DIS,mktcap_to_assets,-0.009218873224018648,0.011540528118901121,0.8708758226580143,false,false,0.0,declining
HRL,roe,0.0,0.0,0.058732067648553585,false,false,0.0,flat
HRL,roic,0.0,0.0,0.04320698996701636,false,false,0.0,flat
HRL,debt_to_equity,0.0,0.0,0.35931865870288276,false,false,0.0,flat
HRL,ev_ebitda,-0.9783143241229675,-0.17162373594186422,13.65188927607078,false,false,1.0,declining
HRL,pb_ratio,-0.12354397827915868,-0.1941960580420723,1.46867865033442,false,false,1.0,declining
HRL,earnings_stability,0.0,0.0,1.387521460789641,false,false,0.0,flat
HRL,interest_coverage,0.0,0.0,9.335500120848227,false,false,0.0,flat
HRL,mktcap_to_assets,-0.07359634059207674,-0.1941960580420722,0.8749060510750754,false,false,1.0,declining
AIG,roe,0.0,0.0,0.07823289196881573,false,false,0.0,flat
AIG,roic,0.0,0.0,0.06377998829724986,false,false,0.0,flat
AIG,debt_to_equity,0.0,0.0,0.22660561811656973,false,false,0.0,flat
AIG,pb_ratio,0.024984140635206993,0.02830439106140412,3.527530301908152,false,false,1.0,improving
AIG,earnings_stability,0.0,0.0,3.7721213726126184,false,false,0.0,flat
AIG,interest_coverage,0.0,0.0,10.668316831683168,false,false,0.0,flat
AIG,mktcap_to_assets,0.006249012351915823,0.028304391061404033,0.8823029276947864,false,false,0.0,improving
UAN,roic,0.020352000000000002,1.0199362041467301,0.12,false,false,1.0,improving
UAN,ev_ebitda,-2.6283428571428575,-0.5531400966183575,6.0,false,false,1.0,declining
UAN,mktcap_to_assets,0.08907428571428573,0.341860465116279,1.127,false,false,1.0,improving
NWS,roe,0.0,0.0,0.13245573159366264,false,false,0.0,flat
NWS,roic,0.0,0.0,0.09875792582298272,false,false,0.0,flat
NWS,debt_to_equity,0.0,0.0,0.34121621621621623,false,false,0.0,flat
NWS,ev_ebitda,-0.039239995474628926,-0.032911587024862854,3.870964004742821,false,false,1.0,declining
NWS,pb_ratio,-0.006975796026827105,-0.03749360886958879,0.5998475152886236,false,false,0.0,declining
NWS,earnings_stability,0.0,0.0,0.9914417771424286,false,false,0.0,flat
NWS,interest_coverage,0.0,0.0,349.6666666666667,false,false,0.0,flat
NWS,mktcap_to_assets,-0.0038592570955326053,-0.03749360886958865,0.33185686202871517,false,false,0.0,declining
ROST,roe,0.0,0.0,0.3672891194500621,false,false,0.0,flat
ROST,roic,0.0,0.0,0.20998611462862368,false,false,0.0,flat
ROST,debt_to_equity,0.0,0.0,0.7491114595821763,false,false,0.0,flat
ROST,ev_ebitda,1.7405335293511088,0.44778513782901835,20.434173687278186,false,false,1.0,improving
ROST,pb_ratio,0.9932189056717436,0.4535726205142735,11.566646228038481,false,false,1.0,improving
ROST,earnings_stability,0.0,0.0,7.607495732755955,false,false,0.0,flat
ROST,interest_coverage,0.0,0.0,92.84684902523803,false,false,0.0,flat
ROST,mktcap_to_assets,0.40259855301174874,0.4535726205142735,4.68850825131809,false,false,1.0,improving
SPGI,roe,0.0,0.0,0.156249007968001,false,false,0.0,flat
SPGI,roic,0.0,0.0,0.10445005623580841,false,false,0.0,flat
SPGI,debt_to_equity,0.0,0.0,0.49592076442017713,false,false,0.0,flat
SPGI,ev_ebitda,-0.5740858104380189,-0.1516687896499556,14.911045734803904,false,false,1.0,declining
SPGI,pb_ratio,-0.15286599720498076,-0.1642258006936656,3.605785582157238,false,false,1.0,declining
SPGI,earnings_stability,0.0,0.0,10.978058802872757,false,false,0.0,flat
SPGI,interest_coverage,0.0,0.0,22.727848101265824,false,false,0.0,flat
SPGI,mktcap_to_assets,-0.07654964197300894,-0.16422580069366546,1.8056441615034362,false,false,1.0,declining
MSI,roe,0.0,0.0,0.8215408805031447,false,false,0.0,flat
MSI,roic,0.0,0.0,0.17225747960108795,false,false,0.0,flat
MSI,debt_to_equity,0.0,0.0,3.7692610062893084,false,false,0.0,flat
MSI,ev_ebitda,-0.3552012074594253,-0.07324560895653395,22.399121724649376,false,false,1.0,declining
MSI,pb_ratio,-0.501945102522262,-0.08190983896475743,28.231856367969538,false,false,1.0,declining
MSI,earnings_stability,0.0,0.0,5.091688411095962,false,false,0.0,flat
MSI,interest_coverage,0.0,0.0,7.731343283582089,false,false,0.0,flat
MSI,mktcap_to_assets,-0.066926013669635,-0.08190983896475745,3.7642475157292714,false,false,1.0,declining
EBAY,roe,0.0,0.0,0.46237533998186764,false,false,0.0,flat
EBAY,roic,0.0,0.0,0.17565007749268124,false,false,0.0,flat
EBAY,debt_to_equity,0.0,0.0,1.6323662737987308,false,false,0.0,flat
EBAY,ev_ebitda,1.1580072595468978,0.34153009122218403,14.944438930492305,false,false,1.0,improving
EBAY,pb_ratio,0.7834659269599931,0.3936125612795225,9.134440210226549,false,false,1.0,improving
EBAY,earnings_stability,0.0,0.0,6.028787322816147,false,false,0.0,flat
EBAY,interest_coverage,0.0,0.0,10.3130081300813,false,false,0.0,flat
EBAY,mktcap_to_assets,0.19318457887148552,0.3936125612795227,2.2523417094684812,false,false,1.0,improving
J,roe,0.0,0.0,0.11585069388030281,false,false,0.0,flat
J,roic,0.0,0.0,0.0485903289349244,false,false,0.0,flat
J,debt_to_equity,0.0,0.0,1.3842335793910399,false,false,0.0,flat
J,ev_ebitda,0.19082232416344552,0.03349817543786646,20.33051961380457,false,false,1.0,improving
J,pb_ratio,0.051786459017468055,0.040774376061792045,4.549812152625498,false,false,1.0,improving
J,earnings_stability,0.0,0.0,0.9236923533478634,false,false,0.0,flat
J,interest_coverage,0.0,0.0,4.453393989858987,false,false,0.0,flat
J,mktcap_to_assets,0.014279818429230583,0.04077437606179198,1.254584550851096,false,false,1.0,improving
EQT,roe,0.0,0.0,0.10735295584807494,false,false,0.0,flat
EQT,roic,0.0,0.0,0.08771311539308786,false,false,0.0,flat
EQT,debt_to_equity,0.0,0.0,0.22390996337287533,false,false,0.0,flat
EQT,ev_ebitda,0.15358843585513177,0.16138025068694134,5.5965935366007775,false,false,1.0,improving
EQT,pb_ratio,0.042156994707725215,0.19057586354843958,1.3167127695882428,false,false,1.0,improving
EQT,earnings_stability,0.0,0.0,1.5644218679544983,false,false,0.0,flat
EQT,interest_coverage,0.0,0.0,10.917402440628651,false,false,0.0,flat
EQT,mktcap_to_assets,0.025770006172553293,0.19057586354843928,0.8048888787025141,false,false,1.0,improving
GS,roe,0.0,0.0,0.14715512045739604,false,false,0.0,flat
GS,roic,0.0,0.0,0.03240786412660376,false,false,0.0,flat
GS,debt_to_equity,0.0,0.0,3.5407225814858854,false,false,0.0,flat
GS,pb_ratio,0.6625824193871236,0.5733838665696501,6.416866873760851,false,false,1.0,improving
GS,earnings_stability,0.0,0.0,7.0484317072253395,false,false,0.0,flat
GS,mktcap_to_assets,0.0394883916051946,0.5733838665696505,0.3824305393189454,false,false,1.0,improving
HUBB,roe,0.0,0.0,0.23055292824458704,false,false,0.0,flat
HUBB,roic,0.0,0.0,0.09525267993874426,false,false,0.0,flat
HUBB,debt_to_equity,0.0,0.0,1.4204350826963879,false,false,0.0,flat
HUBB,ev_ebitda,1.0514262104931082,0.2953588750681731,22.352381524299425,false,false,1.0,improving
HUBB,pb_ratio,0.3946443173054095,0.3739223151709384,7.066132005452299,false,false,1.0,improving
HUBB,earnings_stability,0.0,0.0,8.903660609255459,false,false,0.0,flat
HUBB,interest_coverage,0.0,0.0,12.68937048503612,false,false,0.0,flat
HUBB,mktcap_to_assets,0.1303210400691387,0.37392231517093816,2.3334066445044694,false,false,1.0,improving
SO,roe,0.009437760416666665,-47.80851063829788,0.11,false,true,0.0,improving
SO,roic,-0.000513381580814531,-0.36948297604035313,0.05,false,false,0.0,declining
SO,debt_to_equity,0.02612345679012346,0.48285449490268784,1.6,false,false,1.0,improving
SO,interest_coverage,-0.07367957996310485,-0.3497344749105885,3.0,false,false,1.0,declining
ASTS,roe,-0.14537777777777774,28.793028322440087,-0.2,true,false,0.0,declining
ASTS,roic,-0.024746127946127943,11.72463768115942,-0.15,true,false,0.0,declining
APTV,roe,0.0,0.0,0.039532113072674104,false,false,0.0,flat
APTV,roic,0.0,0.0,0.019090956639991632,false,false,0.0,flat
APTV,debt_to_equity,0.0,0.0,1.0707245748944005,false,false,0.0,flat
APTV,ev_ebitda,0.3704120266989589,0.13929493413838956,9.708811751261532,false,false,1.0,improving
APTV,pb_ratio,0.08846079485229115,0.21295215314671054,1.59156611193888,false,false,1.0,improving
APTV,earnings_stability,0.0,0.0,0.28420362395523113,false,false,0.0,flat
APTV,interest_coverage,0.0,0.0,3.3781512605042017,false,false,0.0,flat
APTV,mktcap_to_assets,0.032407194336833076,0.21295215314671032,0.5830627271170764,false,false,1.0,improving
EXR,roe,0.0,0.0,0.07081210697484638,false,false,0.0,flat
EXR,roic,0.0,0.0,0.034617080168797415,false,false,0.0,flat
EXR,debt_to_equity,0.0,0.0,1.0455828923051076,false,false,0.0,flat
EXR,ev_ebitda,-0.38351487924310534,-0.058657883009049734,17.20360517229032,false,false,1.0,declining
EXR,pb_ratio,-0.06890132368122259,-0.08590877670079916,2.0555983880781037,false,false,1.0,declining
EXR,earnings_stability,0.0,0.0,5.816466162684859,false,false,0.0,flat
EXR,interest_coverage,0.0,0.0,2.611464054366776,false,false,0.0,flat
EXR,mktcap_to_assets,-0.031568570726906664,-0.08590877670079906,0.9418150426309421,false,false,1.0,declining
BAYRY,roe,0.003917006802721087,0.35317997293640074,0.05,false,false,0.0,improving
BAYRY,roic,-0.0023183673469387746,-0.2571959145775301,0.04,false,false,0.0,declining
BAYRY,debt_to_equity,-0.07224489795918367,-0.2822966507177033,0.9,false,false,1.0,declining
BAYRY,ev_ebitda,1.4502857142857142,0.47615097469929507,7.5,false,false,1.0,improving
BAYRY,pb_ratio,0.2705170068027211,7.166259168704156,1.66,false,false,1.0,improving
BAYRY,mktcap_to_assets,0.07110204081632653,6.467213114754099,0.453,false,false,1.0,improving
TSLA,roe,0.027208100470957612,-1.2303262955854126,0.15,false,true,0.0,improving
TSLA,roic,0.016636869585441017,-1.318471337579618,0.1,false,true,0.0,improving
TSLA,debt_to_equity,-0.05009976235392118,-0.9046938289254229,0.2,false,false,1.0,declining
TSLA,ev_ebitda,6.02433514102789,-2.4688262702462835,55.0,false,true,0.0,improving
TSLA,pb_ratio,0.29001558230129654,18.741750358680058,13.73,false,false,1.0,improving
TSLA,interest_coverage,4.6052447002732695,-1.0748045730528992,12.0,false,true,0.0,improving
TSLA,mktcap_to_assets,0.18966005042167372,27.28170894526035,10.0,false,false,1.0,improving
ARE,roe,0.0,-0.0,-0.06730467827441203,false,false,0.0,flat
ARE,roic,0.0,-0.0,-0.037010771826228056,false,false,0.0,flat
ARE,debt_to_equity,0.0,0.0,0.8185159334266,false,false,0.0,flat
ARE,ev_ebitda,-2.711785429748438,-0.25500213224823987,29.229499729927042,false,false,1.0,declining
ARE,pb_ratio,-0.12017203245430104,-0.4654506269808124,0.5033936591759531,false,false,1.0,declining
ARE,earnings_stability,0.0,0.0,0.4479504075806743,false,false,0.0,flat
ARE,interest_coverage,0.0,-0.0,-2.5648486310657805,false,false,0.0,flat
ARE,mktcap_to_assets,-0.05533924092792196,-0.4654506269808123,0.2318128637569637,false,false,1.0,declining
MRK,roe,0.003589669586517213,0.37110266159695793,0.3,false,false,0.0,improving
MRK,debt_to_equity,0.002683560200939879,0.8311036789297659,0.7,false,false,0.0,improving
TDW,roe,0.00021514341273699584,-0.0471698113207546,0.1,false,false,0.0,improving
TDW,roic,0.00054177199805542,0.3353520060560182,0.08,false,false,0.0,improving
TDW,debt_to_equity,-0.003552437574316291,0.4261213720316622,0.6,true,false,0.0,declining
TDW,pb_ratio,0.07868123268698062,3.859981933152665,2.71,false,false,1.0,improving
TDW,interest_coverage,-0.46615487765354063,-0.9527729302019162,4.0,false,false,1.0,declining
TDW,mktcap_to_assets,0.03778670360110804,1.884012539184953,0.926,false,false,1.0,improving
GIS,roe,0.001101486206770257,-0.38523274478330666,0.28,false,true,0.0,improving
GIS,roic,-0.0003932747734970293,-0.036140224069389264,0.12,false,false,0.0,declining
GIS,debt_to_equity,0.005201373593818024,0.3692660550458719,1.3,false,false,0.0,improving
GIS,ev_ebitda,0.533991845279617,0.7687345724911776,12.0,false,false,1.0,improving
GIS,pb_ratio,-0.18895248340353735,-0.25016515362330954,3.8,false,false,1.0,declining
GIS,earnings_stability,-0.060042814566679606,-0.25682237507791184,0.8,false,false,1.0,declining
GIS,interest_coverage,-0.00968245477620477,0.16043211867139634,7.0,true,false,0.0,declining
GIS,mktcap_to_assets,-0.032725356202474194,-0.19206125778327815,1.125,false,false,1.0,declining
FRT,roe,0.0,0.0,0.12964485381316262,false,false,0.0,flat
FRT,roic,0.0,0.0,0.053088530419403944,false,false,0.0,flat
FRT,debt_to_equity,0.0,0.0,1.4420501526216143,false,false,0.0,flat
FRT,ev_ebitda,0.7482989366849859,0.1324446992029771,14.808861496028014,false,false,1.0,improving
FRT,pb_ratio,0.22994713250938364,0.21019987534423565,3.140486925115506,false,false,1.0,improving
FRT,earnings_stability,0.0,0.0,3.06124135798555,false,false,0.0,flat
FRT,interest_coverage,0.0,0.0,3.2831727697850916,false,false,0.0,flat
FRT,mktcap_to_assets,0.08540168483732206,0.2101998753442357,1.1663675545225616,false,false,1.0,improving
F,roe,0.0,-0.0,-0.20706066799182507,false,false,0.0,flat
F,roic,0.0,-0.0,-0.03716302791246891,false,false,0.0,flat
F,debt_to_equity,0.0,0.0,4.5716845376410316,false,false,0.0,flat
F,ev_ebitda,1.1054996265141936,0.06383712039195723,56.70151891252303,false,false,1.0,improving
F,pb_ratio,0.10869606339253199,0.3076518638978678,1.5241953699930262,false,false,1.0,improving
F,earnings_stability,0.0,0.0,0.2965602212334187,false,false,0.0,flat
F,interest_coverage,0.0,-0.0,-7.3480358373535495,false,false,0.0,flat
F,mktcap_to_assets,0.013597524220900178,0.30765186389786797,0.1906718864879151,false,false,1.0,improving
BLDR,roe,0.0,0.0,0.025604374340696723,false,false,0.0,flat
BLDR,roic,0.0,0.0,0.011094415695368873,false,false,0.0,flat
BLDR,debt_to_equity,0.0,0.0,1.3078614542435725,false,false,0.0,flat
BLDR,ev_ebitda,-1.3883315969354986,-0.24681850116043308,14.330095248267991,false,false,1.0,declining
BLDR,pb_ratio,-0.3580082102015881,-0.3382250657911132,2.403822887527801,false,false,1.0,declining
BLDR,earnings_stability,0.0,0.0,0.6785134318356406,false,false,0.0,flat
BLDR,interest_coverage,0.0,0.0,1.5149821396895402,false,false,0.0,flat
BLDR,mktcap_to_assets,-0.12662572578662762,-0.33822506579111306,0.8502202159674507,false,false,1.0,declining
MDLZ,roe,0.0,0.0,0.10132038834951457,false,false,0.0,flat
MDLZ,roic,0.0,0.0,0.05507472768724141,false,false,0.0,flat
MDLZ,debt_to_equity,0.0,0.0,0.8396893203883495,false,false,0.0,flat
MDLZ,ev_ebitda,-0.332320154585828,-0.07788925111686568,17.78873514525348,false,false,1.0,declining
MDLZ,pb_ratio,-0.06750938751994037,-0.09798887217801638,2.8331989726144062,false,false,1.0,declining
MDLZ,earnings_stability,0.0,0.0,5.196990268747196,false,false,0.0,flat
MDLZ,interest_coverage,0.0,0.0,6.3180327868852455,false,false,0.0,flat
MDLZ,mktcap_to_assets,-0.024442039434190058,-0.09798887217801631,1.0257708380644661,false,false,1.0,declining
MET,roe,0.0,0.0,0.1324476650563607,false,false,0.0,flat
MET,roic,0.0,0.0,0.07468939612828662,false,false,0.0,flat
MET,debt_to_equity,0.0,0.0,0.7733128385302298,false,false,0.0,flat
MET,pb_ratio,-0.03019574898447247,-0.050190520164812576,1.6526794048137432,false,false,1.0,declining
MET,earnings_stability,0.0,0.0,5.892864786253611,false,false,0.0,flat
MET,interest_coverage,0.0,0.0,5.507490636704119,false,false,0.0,flat
MET,mktcap_to_assets,-0.001110140518980108,-0.050190520164812666,0.06076041939251534,false,false,0.0,declining
FMC,roe,-0.006042434502830216,-0.6865203761755486,0.05,false,false,0.0,declining
FMC,roic,-0.0034409072998671164,-0.8399679935987198,0.04,false,false,0.0,declining
FMC,debt_to_equity,0.009162751920869025,1.3121387283236992,1.2,false,false,0.0,improving
FFIV,roe,0.0,0.0,0.19405382818547365,false,false,0.0,flat
FFIV,roic,0.0,0.0,0.18115503105818845,false,false,0.0,flat
FFIV,debt_to_equity,0.0,0.0,0.07120308529075303,false,false,0.0,flat
FFIV,ev_ebitda,0.05538692713061111,-0.03083116641577787,16.85228717163898,false,false,0.0,improving
FFIV,pb_ratio,0.013741002519769563,-0.028541385617493507,4.505035741683776,false,false,0.0,improving
FFIV,earnings_stability,0.0,0.0,8.519671315382658,false,false,0.0,flat
FFIV,mktcap_to_assets,0.0077182047527235564,-0.028541385617493524,2.5304404262081572,false,false,0.0,improving
BRO,roe,0.0,0.0,0.0957641262020186,false,false,0.0,flat
BRO,roic,0.0,0.0,0.05852355512384653,false,false,0.0,flat
BRO,debt_to_equity,0.0,0.0,0.6363347373440356,false,false,0.0,flat
BRO,ev_ebitda,-1.4512035613259195,-0.3559332568477897,11.569795345269403,false,false,1.0,declining
BRO,pb_ratio,-0.2846356504293387,-0.4232706900153167,1.7058932617122216,false,false,1.0,declining
BRO,earnings_stability,0.0,0.0,3.938550364795812,false,false,0.0,flat
BRO,interest_coverage,0.0,0.0,4.70334928229665,false,false,0.0,flat
BRO,mktcap_to_assets,-0.11983706592673637,-0.42327069001531675,0.7182137689338135,false,false,1.0,declining
WAB,roe,0.0,0.0,0.11316211878009631,false,false,0.0,flat
WAB,roic,0.0,0.0,0.07135226314309812,false,false,0.0,flat
WAB,debt_to_equity,0.0,0.0,0.5859639736044231,false,false,0.0,flat
WAB,ev_ebitda,1.0951601717931554,0.3440556243798273,20.650086897049384,false,false,1.0,improving
WAB,pb_ratio,0.24327126698205373,0.4093074143695661,4.060849514941147,false,false,1.0,improving
WAB,earnings_stability,0.0,0.0,4.876640162675385,false,false,0.0,flat
WAB,interest_coverage,0.0,0.0,6.996478873239437,false,false,0.0,flat
WAB,mktcap_to_assets,0.11795416758633476,0.40930741436956625,1.9689712236488248,false,false,1.0,improving
ADI,roe,0.0,0.0,0.09819894373288059,false,false,0.0,flat
ADI,roic,0.0,0.0,0.07809746660148158,false,false,0.0,flat
ADI,debt_to_equity,0.0,0.0,0.2573896184619344,false,false,0.0,flat
ADI,ev_ebitda,3.5741389771743424,0.7341119313167543,32.38243209776782,false,false,1.0,improving
ADI,pb_ratio,0.6596072221703879,0.7813481766838071,5.7910090501695946,false,false,1.0,improving
ADI,earnings_stability,0.0,0.0,3.328291886531694,false,false,0.0,flat
ADI,interest_coverage,0.0,0.0,12.475439915952862,false,false,0.0,flat
ADI,mktcap_to_assets,0.4641691080407578,0.7813481766838065,4.0751638477039265,false,false,1.0,improving
DASH,roe,0.0,0.0,0.09080211806236517,false,false,0.0,flat
DASH,roic,0.0,0.0,0.06866889136077123,false,false,0.0,flat
DASH,debt_to_equity,0.0,0.0,0.3223181015885468,false,false,0.0,flat
DASH,ev_ebitda,-2.686479838282642,-0.12446296113691342,37.05526316231653,false,false,1.0,declining
DASH,pb_ratio,-0.429921072374708,-0.12264724493335202,6.056304126387584,false,false,1.0,declining
DASH,earnings_stability,0.0,0.0,6.067380519463579,false,false,0.0,flat
DASH,mktcap_to_assets,-0.22243088103481667,-0.12264724493335195,3.1333869149662914,false,false,1.0,declining
HST,roe,0.0,0.0,0.14808847224256627,false,false,0.0,flat
HST,roic,0.0,0.0,0.08106157793457344,false,false,0.0,flat
HST,debt_to_equity,0.0,0.0,0.8268639226600264,false,false,0.0,flat
HST,ev_ebitda,0.3000318547734968,0.16471010944324305,7.850482351671566,false,false,1.0,improving
HST,pb_ratio,0.09281782295028929,0.23072409314738784,1.851211180127486,false,false,1.0,improving
HST,earnings_stability,0.0,0.0,1.9721191493810093,false,false,0.0,flat
HST,interest_coverage,0.0,0.0,5.582278481012659,false,false,0.0,flat
HST,mktcap_to_assets,0.04817297227319636,0.23072409314738804,0.9607890167804733,false,false,1.0,improving
KR,roe,0.0,0.0,0.1627008652657602,false,false,0.0,flat
KR,roic,0.0,0.0,0.03433994260370467,false,false,0.0,flat
KR,debt_to_equity,0.0,0.0,3.737948084054388,false,false,0.0,flat
KR,ev_ebitda,0.0720344606726697,0.016803088855472485,10.919035715474227,false,false,1.0,improving
KR,pb_ratio,0.06428786230614017,0.025979359530240134,6.450764878334229,false,false,1.0,improving
KR,earnings_stability,0.0,0.0,0.44715933343016845,false,false,0.0,flat
KR,interest_coverage,0.0,0.0,2.9675925925925926,false,false,0.0,flat
KR,mktcap_to_assets,0.008273105958111433,0.02597935953024031,0.8301389941258874,false,false,0.0,improving
KEY,roe,0.0,0.0,0.0973632861359884,false,false,0.0,flat
KEY,roic,0.0,0.0,0.05257612190311512,false,false,0.0,flat
KEY,debt_to_equity,0.0,0.0,0.8518537049081903,false,false,0.0,flat
KEY,pb_ratio,0.06583946021817913,0.2860521771010629,1.0648657335800604,false,false,1.0,improving
KEY,earnings_stability,0.0,0.0,10.063747594632792,false,false,0.0,flat
KEY,mktcap_to_assets,0.006975046995864299,0.2860521771010631,0.11281211163325436,false,false,0.0,improving
WYNN,roic,0.0,0.0,0.03138932459483114,false,false,0.0,flat
WYNN,ev_ebitda,0.44385555359530543,0.14143908461030216,11.750040560702768,false,false,1.0,improving
WYNN,earnings_stability,0.0,0.0,4.6026577913403095,false,false,0.0,flat
WYNN,interest_coverage,0.0,0.0,1.9388579903596588,false,false,0.0,flat
WYNN,mktcap_to_assets,0.06288577742035649,0.32003506506583596,0.8145436984474814,false,false,1.0,improving
SOLV,roe,0.0,0.0,0.2881287726358149,false,false,0.0,flat
SOLV,roic,0.0,0.0,0.1396119723115921,false,false,0.0,flat
SOLV,debt_to_equity,0.0,0.0,1.0637826961770624,false,false,0.0,flat
SOLV,ev_ebitda,0.0070553552004829065,0.012405905844626999,6.436896516293569,false,false,0.0,improving
SOLV,pb_ratio,0.0035361951316705696,0.017171023698854152,2.2753137267781245,false,false,0.0,improving
SOLV,earnings_stability,0.0,0.0,0.6567755135126506,false,false,0.0,flat
SOLV,interest_coverage,0.0,0.0,6.5442622950819676,false,false,0.0,flat
SOLV,mktcap_to_assets,0.0012467113431512305,0.01717102369885399,0.8021784225074328,false,false,0.0,improving
TJX,roe,0.0,0.0,0.556570220128809,false,false,0.0,flat
TJX,roic,0.0,0.0,0.23552861733718422,false,false,0.0,flat
TJX,debt_to_equity,0.0,0.0,1.3630683456695185,false,false,0.0,flat
TJX,ev_ebitda,1.0523980315225412,0.2111449298523555,20.055020152276846,false,false,1.0,improving
TJX,pb_ratio,0.9140071339811751,0.22433560060243513,16.591089789082123,false,false,1.0,improving
TJX,earnings_stability,0.0,0.0,5.6051950532670425,false,false,0.0,flat
TJX,interest_coverage,0.0,0.0,104.70270270270271,false,false,0.0,flat
TJX,mktcap_to_assets,0.2629685329610644,0.22433560060243513,4.773414101328097,false,false,1.0,improving
COHR,roe,0.0,0.0,0.04391212386495324,false,false,0.0,flat
COHR,roic,0.0,0.0,0.033246755199120015,false,false,0.0,flat
COHR,debt_to_equity,0.0,0.0,0.3207942730638421,false,false,0.0,flat
COHR,ev_ebitda,5.988768509785654,1.474813011127962,39.50011129280462,false,false,1.0,improving
COHR,pb_ratio,0.68778959170646,1.6478361538487634,4.364832646910314,false,false,1.0,improving
COHR,earnings_stability,0.0,0.0,0.8085853705968723,false,false,0.0,flat
COHR,interest_coverage,0.0,0.0,3.476268107959914,false,false,0.0,flat
COHR,mktcap_to_assets,0.4248073578774119,1.6478361538487634,2.6959015470277654,false,false,1.0,improving
GL,roe,0.0,0.0,0.19347233571464728,false,false,0.0,flat
GL,roic,0.0,0.0,0.1328192590018481,false,false,0.0,flat
GL,debt_to_equity,0.0,0.0,0.45665874940587675,false,false,0.0,flat
GL,pb_ratio,0.08264076232074676,0.15655782414989164,1.76851794950883,false,false,1.0,improving
GL,earnings_stability,0.0,0.0,5.594061726019691,false,false,0.0,flat
GL,interest_coverage,0.0,0.0,11.364430821868986,false,false,0.0,flat
GL,mktcap_to_assets,0.016238392797723093,0.15655782414989164,0.34750271327952936,false,false,1.0,improving
AMT,roe,0.0,0.0,0.8233407142451599,false,false,0.0,flat
AMT,roic,0.0,0.0,0.05961096563886069,false,false,0.0,flat
AMT,debt_to_equity,0.0,0.0,12.811900300914097,false,false,0.0,flat
AMT,ev_ebitda,-0.3489437863748291,-0.06794318480546034,17.754322613704332,false,false,1.0,declining
AMT,pb_ratio,-0.6828603847654825,-0.10134798771695795,22.388867012312158,false,false,1.0,declining
AMT,earnings_stability,0.0,0.0,3.255680061760644,false,false,0.0,flat
AMT,interest_coverage,0.0,0.0,3.493702041407268,false,false,0.0,flat
AMT,mktcap_to_assets,-0.03803999695380204,-0.10134798771695808,1.2472131228405146,false,false,1.0,declining
FANG,roe,0.00370515528490648,-2.7188971082716877,0.16,false,true,0.0,improving
FANG,roic,0.0025416302740321876,2.3378607809847196,0.12,false,false,0.0,improving
FANG,debt_to_equity,0.004382531535450196,344.99999999999994,0.4,false,false,0.0,improving
FANG,pb_ratio,-0.013104402397608647,0.10673352435530088,1.55,true,false,0.0,declining
FANG,interest_coverage,2.4194647759895607,12.72284799007957,12.0,false,false,1.0,improving
FANG,mktcap_to_assets,-0.011150100943706278,-0.006307617661329403,1.026,false,false,1.0,declining
CTAS,roe,0.0,0.0,0.3891073869911926,false,false,0.0,flat
CTAS,roic,0.0,0.0,0.25490794871781797,false,false,0.0,flat
CTAS,debt_to_equity,0.0,0.0,0.5264623521878983,false,false,0.0,flat
CTAS,ev_ebitda,-1.0843471727234482,-0.12762765505362997,22.707879851002634,false,false,1.0,declining
CTAS,pb_ratio,-0.6591593918355341,-0.13122962382945252,13.333568776640995,false,false,1.0,declining
CTAS,earnings_stability,0.0,0.0,22.49741209467872,false,false,0.0,flat
CTAS,interest_coverage,0.0,0.0,24.5718492731806,false,false,0.0,flat
CTAS,mktcap_to_assets,-0.3217741229600298,-0.13122962382945258,6.508892162005914,false,false,1.0,declining
ZBH,roe,0.0,0.0,0.06005539204469239,false,false,0.0,flat
ZBH,roic,0.0,0.0,0.03778239998411461,false,false,0.0,flat
ZBH,debt_to_equity,0.0,0.0,0.589507073927075,false,false,0.0,flat
ZBH,ev_ebitda,-0.36974663774625005,-0.12519100650923184,10.612815777926674,false,false,1.0,declining
ZBH,pb_ratio,-0.06733354889843772,-0.1674626671759317,1.376635725018501,false,false,1.0,declining
ZBH,earnings_stability,0.0,0.0,4.716907027375171,false,false,0.0,flat
ZBH,interest_coverage,0.0,0.0,4.057210561949899,false,false,0.0,flat
ZBH,mktcap_to_assets,-0.037556257713126324,-0.16746266717593164,0.7678384239612073,false,false,1.0,declining
CMI,roe,0.0,0.0,0.21641972309934418,false,false,0.0,flat
CMI,roic,0.0,0.0,0.12981399640619687,false,false,0.0,flat
CMI,debt_to_equity,0.0,0.0,0.6671524572909077,false,false,0.0,flat
CMI,ev_ebitda,1.521433260569117,0.5456887332085135,15.238124121489754,false,false,1.0,improving
CMI,pb_ratio,0.6437543696651449,0.614536987308872,5.992100773937774,false,false,1.0,improving
CMI,earnings_stability,0.0,0.0,5.157861991145502,false,false,0.0,flat
CMI,interest_coverage,0.0,0.0,12.524390243902438,false,false,0.0,flat
CMI,mktcap_to_assets,0.23083205747522736,0.6145369873088725,2.148597377236332,false,false,1.0,improving
RKLB,roe,0.00005144440047487128,-0.3970626127286782,-0.15,false,true,0.0,improving
RKLB,roic,0.00026853977047882905,-0.11010101010101002,-0.1,false,true,0.0,improving
RKLB,debt_to_equity,-0.012835016835016835,0.12857142857142848,0.3,true,false,0.0,declining
RKLB,pb_ratio,0.8480183377698906,0.7578648373439091,16.35,false,false,1.0,improving
RKLB,mktcap_to_assets,0.5804761904761905,1.4393584020579557,16.076,false,false,1.0,improving
CRL,roe,0.0,-0.0,-0.0627934356119886,false,false,0.0,flat
CRL,roic,0.0,-0.0,-0.030791216707465933,false,false,0.0,flat
CRL,debt_to_equity,0.0,0.0,1.0393294688080028,false,false,0.0,flat
CRL,ev_ebitda,1.9467182669405876,0.1666767849345913,39.1512718412186,false,false,1.0,improving
CRL,pb_ratio,0.19235715634224182,0.23070304624495963,2.894481523120839,false,false,1.0,improving
CRL,earnings_stability,0.0,0.0,0.2549202356877801,false,false,0.0,flat
CRL,interest_coverage,0.0,-0.0,-0.5622597674879825,false,false,0.0,flat
CRL,mktcap_to_assets,0.07317228495902857,0.2307030462449598,1.1010550937944517,false,false,1.0,improving
IRDM,roe,0.0005972879812695109,2.7680555555555553,0.08,false,false,0.0,improving
IRDM,roic,-0.0007607212539021851,0.27470355731225304,0.06,true,false,0.0,declining
IRDM,debt_to_equity,0.0589343339587242,0.8625520636122679,1.2,false,false,1.0,improving
IRDM,pb_ratio,0.12400257457386363,11.42513211978861,10.48,false,false,1.0,improving
IRDM,interest_coverage,-0.024422861538461557,-0.6076435840865418,3.0,false,false,1.0,declining
IRDM,mktcap_to_assets,0.027695090553977272,2.2934782608695654,1.65,false,false,1.0,improving
D,roe,-0.0015949345032130497,-0.05806451612903238,0.1013,false,false,0.0,declining
D,roic,-0.004518937221947604,-0.7437762237762238,0.0463,false,false,0.0,declining
D,debt_to_equity,-0.0026233766233766226,-0.13839662447257384,1.548,false,false,0.0,declining
D,ev_ebitda,-0.14025374855824682,0.07793180966654185,11.0,true,false,0.0,declining
D,pb_ratio,0.005510762432981062,1.3450134770889486,2.17,false,false,0.0,improving
D,interest_coverage,-0.05549851705388038,-0.44166769763701597,2.21,false,false,1.0,declining
D,mktcap_to_assets,0.0020087990804172904,1.3854389721627414,0.556,false,false,0.0,improving
HEI,roe,0.0000740581118078249,1.3025270758122742,0.16,false,false,0.0,improving
HEI,roic,-0.000842293385145279,0.1371788657295201,0.12,true,false,0.0,declining
HEI,debt_to_equity,0.0031599744171172746,18.33898305084746,0.6,false,false,0.0,improving
HEI,pb_ratio,0.06928731961494305,19.075396825396826,7.0,false,false,1.0,improving
HEI,mktcap_to_assets,0.037649181312373055,18.207612456747405,4.0,false,false,1.0,improving
CB,roe,0.0014403303738878984,0.356285863328117,0.13,false,false,0.0,improving
CB,debt_to_equity,0.0006394619414085234,1.3622047244094486,0.3,false,false,0.0,improving
CB,pb_ratio,0.019553699614748583,0.8429158110882956,1.8,false,false,1.0,improving
CB,mktcap_to_assets,0.005079165935274066,1.3281786941580753,0.68,false,false,0.0,improving
ADP,roe,0.0,0.0,0.6843199319695753,false,false,0.0,flat
ADP,roic,0.0,0.0,0.40819681370707145,false,false,0.0,flat
ADP,debt_to_equity,0.0,0.0,0.676446040219839,false,false,0.0,flat
ADP,ev_ebitda,-1.1034415344932627,-0.21067866869603705,12.132771698141536,false,false,1.0,declining
ADP,pb_ratio,-1.164155928306265,-0.2126352485956048,12.632305631674969,false,false,1.0,declining
ADP,earnings_stability,0.0,0.0,6.8638997449026515,false,false,0.0,flat
ADP,interest_coverage,0.0,0.0,13.531976100907281,false,false,0.0,flat
ADP,mktcap_to_assets,-0.11464058731189367,-0.21263524859560484,1.2439699025761228,false,false,1.0,declining
VLO,roe,0.002734370974459307,-2.580234505862647,0.2,false,true,0.0,improving
VLO,roic,0.0008212333168561545,0.8663164039696437,0.12,false,false,0.0,improving
VLO,debt_to_equity,0.0013879634206623828,-0.07891770011273964,0.4,false,true,0.0,improving
VLO,interest_coverage,0.06936517548195748,0.6209681974806531,12.0,false,false,1.0,improving
STE,roe,0.0,0.0,0.10890082966757615,false,false,0.0,flat
STE,roic,0.0,0.0,0.08438322474867326,false,false,0.0,flat
STE,debt_to_equity,0.0,0.0,0.29055069881396517,false,false,0.0,flat
STE,ev_ebitda,0.3754976833605761,0.09851115514766368,14.508014538999085,false,false,1.0,improving
STE,pb_ratio,0.08335216408023484,0.10630825335770494,2.991101952208912,false,false,1.0,improving
STE,earnings_stability,0.0,0.0,7.640573870414541,false,false,0.0,flat
STE,interest_coverage,0.0,0.0,18.22532894736842,false,false,0.0,flat
STE,mktcap_to_assets,0.0557658054135878,0.10630825335770473,2.001162312696787,false,false,1.0,improving
PEP,roe,0.006298810841411034,0.9062142584826536,0.5,false,false,0.0,improving
PEP,roic,-0.0005378527607467968,-0.45333853963295584,0.14,false,false,0.0,declining
PEP,debt_to_equity,0.012626127959141087,0.6868740115972589,1.6,false,false,1.0,improving
PEP,ev_ebitda,0.7420017374338874,1.618155595426161,17.0,false,false,1.0,improving
PEP,pb_ratio,-0.03376973011706371,-0.15603689167350657,8.59,false,false,1.0,declining
PEP,earnings_stability,-1.1196663974747039,-0.9529646013875215,0.88,false,false,1.0,declining
PEP,interest_coverage,-0.026598211471838724,-0.6372649779336195,9.0,false,false,1.0,declining
PEP,mktcap_to_assets,0.005889416652641447,-0.01872251966788593,1.898,false,false,0.0,improving
CRM,roe,0.0,0.0,0.234350810573974,false,false,0.0,flat
CRM,roic,0.0,0.0,0.10540075408242357,false,false,0.0,flat
CRM,debt_to_equity,0.0,0.0,1.2234263180955163,false,false,0.0,flat
CRM,ev_ebitda,-2.605984137061181,-0.3255822553801164,16.187808241965556,false,false,1.0,declining
CRM,pb_ratio,-1.0466564008935662,-0.35857554404664643,5.539166447408394,false,false,1.0,declining
CRM,earnings_stability,0.0,0.0,9.389004847476444,false,false,0.0,flat
CRM,interest_coverage,0.0,0.0,25.914285714285715,false,false,0.0,flat
CRM,mktcap_to_assets,-0.3358856569609228,-0.35857554404664643,1.7775905823680762,false,false,1.0,declining
AXON,roe,0.0,0.0,0.0582856292370957,false,false,0.0,flat
AXON,roic,0.0,0.0,0.03841424229460517,false,false,0.0,flat
AXON,debt_to_equity,0.0,0.0,0.517292174868206,false,false,0.0,flat
AXON,ev_ebitda,-7.191009992355722,-0.1105917433264743,111.27374880963332,false,false,1.0,declining
AXON,pb_ratio,-0.6509812787209532,-0.11394576502857272,9.685852228808873,false,false,1.0,declining
AXON,earnings_stability,0.0,0.0,0.9195406065573347,false,false,0.0,flat
AXON,interest_coverage,0.0,0.0,1.9630106031635668,false,false,0.0,flat
AXON,mktcap_to_assets,-0.32555406233872325,-0.11394576502857288,4.8438697753287805,false,false,1.0,declining
DOW,roe,-0.0026598698290126854,0.5105740181268884,0.1,true,false,0.0,declining
DOW,debt_to_equity,0.0008445419103313832,0.02564102564102558,0.7,false,false,0.0,improving
NKE,roe,0.0026867059971249444,0.9102196752626549,0.3,false,false,0.0,improving
NKE,debt_to_equity,0.012072970643214814,11.903225806451612,0.6,false,false,1.0,improving
ABT,roe,0.0,0.0,0.12055089222258504,false,false,0.0,flat
ABT,roic,0.0,0.0,0.07288521391740604,false,false,0.0,flat
ABT,debt_to_equity,0.0,0.0,0.6539828278365764,false,false,0.0,flat
ABT,ev_ebitda,-0.28181384920828834,-0.04888871209212293,17.112583074927823,false,false,1.0,declining
ABT,pb_ratio,-0.0640700086289026,-0.05537172308037113,3.3672141002832388,false,false,1.0,declining
ABT,earnings_stability,0.0,0.0,5.497970937901828,false,false,0.0,flat
ABT,interest_coverage,0.0,0.0,16.18097014925373,false,false,0.0,flat
ABT,mktcap_to_assets,-0.030205369234796168,-0.055371723080371395,1.5874501559811798,false,false,1.0,declining
AON,roe,0.0,0.0,0.407793290268806,false,false,0.0,flat
AON,roic,0.0,0.0,0.15365891959798994,false,false,0.0,flat
AON,debt_to_equity,0.0,0.0,1.6538862262971452,false,false,0.0,flat
AON,ev_ebitda,-0.2955798189857832,-0.11076944336948145,12.651795264608491,false,false,1.0,declining
AON,pb_ratio,-0.2073185394261608,-0.13132838451616646,7.3306819880542164,false,false,1.0,declining
AON,earnings_stability,0.0,0.0,1.8766590324801244,false,false,0.0,flat
AON,interest_coverage,0.0,0.0,7.732450331125828,false,false,0.0,flat
AON,mktcap_to_assets,-0.03730000452532087,-0.13132838451616657,1.3189098866167612,false,false,1.0,declining
TSN,roe,0.0,0.0,0.02503039009835341,false,false,0.0,flat
TSN,roic,0.0,0.0,0.017302624040334592,false,false,0.0,flat
TSN,debt_to_equity,0.0,0.0,0.4466239363465576,false,false,0.0,flat
TSN,ev_ebitda,0.1848384884771057,0.04041848891896928,14.09206987364011,false,false,1.0,improving
TSN,pb_ratio,0.026084512077054228,0.0523218396164968,1.5696842997721758,false,false,1.0,improving
TSN,earnings_stability,0.0,0.0,1.0486552284577175,false,false,0.0,flat
TSN,interest_coverage,0.0,0.0,2.7785714285714285,false,false,0.0,flat
TSN,mktcap_to_assets,0.013424640966032325,0.05232183961649671,0.8078528780684442,false,false,1.0,improving
IRM,roic,0.0,0.0,0.014986697918673785,false,false,0.0,flat
IRM,ev_ebitda,0.022701597441710127,0.0021140741072260237,21.230689323094598,false,false,1.0,improving
IRM,earnings_stability,0.0,0.0,0.8818915919387392,false,false,0.0,flat
IRM,interest_coverage,0.0,0.0,1.4077874505629102,false,false,0.0,flat
IRM,mktcap_to_assets,0.002454231062264886,0.0036039448801643073,1.4047134449979863,false,false,0.0,improving
PCAR,roe,0.0,0.0,0.12323030514780059,false,false,0.0,flat
PCAR,roic,0.0,0.0,0.07151240658295661,false,false,0.0,flat
PCAR,debt_to_equity,0.0,0.0,0.7232017636666945,false,false,0.0,flat
PCAR,ev_ebitda,0.6973523231899967,0.17311134105949003,19.974781778041002,false,false,1.0,improving
PCAR,pb_ratio,0.12429372700536724,0.20381220841437464,3.1113639186501123,false,false,1.0,improving
PCAR,earnings_stability,0.0,0.0,8.331974920490532,false,false,0.0,flat
PCAR,mktcap_to_assets,0.05743074969347885,0.20381220841437464,1.437626553829221,false,false,1.0,improving
AMP,roe,0.0,0.0,0.6270122343850612,false,false,0.0,flat
AMP,roic,0.0,0.0,0.32388158988857474,false,false,0.0,flat
AMP,debt_to_equity,0.0,0.0,0.9359304571796523,false,false,0.0,flat
AMP,pb_ratio,-0.19748498129789832,-0.06860369374925629,6.301031580603821,false,false,1.0,declining
AMP,earnings_stability,0.0,0.0,5.390386357936187,false,false,0.0,flat
AMP,interest_coverage,0.0,0.0,16.217791411042946,false,false,0.0,flat
AMP,mktcap_to_assets,-0.0066510707832155656,-0.06860369374925625,0.21221161616667536,false,false,0.0,declining
ROP,roe,0.0,0.0,0.09108831969391008,false,false,0.0,flat
ROP,roic,0.0,0.0,0.05853766819206339,false,false,0.0,flat
ROP,debt_to_equity,0.0,0.0,0.5560633436071846,false,false,0.0,flat
ROP,ev_ebitda,-1.2789601048086252,-0.2321486087970691,13.090826827068717,false,false,1.0,declining
ROP,pb_ratio,-0.23311899030149763,-0.2753392405209946,1.8503792122885376,false,false,1.0,declining
ROP,earnings_stability,0.0,0.0,6.918484581240617,false,false,0.0,flat
ROP,interest_coverage,0.0,0.0,6.957664637520753,false,false,0.0,flat
ROP,mktcap_to_assets,-0.12696762909957462,-0.2753392405209947,1.0078040455458543,false,false,1.0,declining
EA,roe,0.0,0.0,0.13113542282672974,false,false,0.0,flat
EA,roic,0.0,0.0,0.10671318575553417,false,false,0.0,flat
EA,debt_to_equity,0.0,0.0,0.22885866351271436,false,false,0.0,flat
EA,ev_ebitda,3.3738145786826386,0.35833266080744125,32.52524935096324,false,false,1.0,improving
EA,pb_ratio,0.7681363765776558,0.3459931879754095,7.599775872336398,false,false,1.0,improving
EA,earnings_stability,0.0,0.0,1.7650742094796759,false,false,0.0,flat
EA,interest_coverage,0.0,0.0,22.537037037037038,false,false,0.0,flat
EA,mktcap_to_assets,0.3956800282667935,0.3459931879754096,3.9147729800078745,false,false,1.0,improving
SMCI,roe,0.002568919803523577,1.1505376344086018,0.3,false,false,0.0,improving
SMCI,roic,0.0016626991490103183,0.8534119629317608,0.22,false,false,0.0,improving
SMCI,debt_to_equity,1.1867703363930684e-6,1.1164021164021165,0.2,false,false,0.0,improving
SMCI,pb_ratio,0.1529275,20.88118811881188,2.22,false,false,1.0,improving
SMCI,interest_coverage,-0.5846021635011608,-0.7707828339264328,20.0,false,false,1.0,declining
SMCI,mktcap_to_assets,0.07847916666666667,29.371681415929203,1.724,false,false,1.0,improving
LRCX,roe,0.010460635490201875,2.1814038286235187,0.45,false,false,1.0,improving
LRCX,roic,0.005495406302082661,1.2068181818181818,0.3,false,false,0.0,improving
LRCX,debt_to_equity,0.008330264015248452,46.33333333333333,0.5,false,false,0.0,improving
LRCX,pb_ratio,0.22815577508582205,148.47145877378438,35.53,false,false,1.0,improving
LRCX,interest_coverage,-16.334576876164405,-0.9922295028157346,25.0,false,false,1.0,declining
LRCX,mktcap_to_assets,0.0918973184372215,62.6577380952381,10.751,false,false,1.0,improving
EXPE,roe,0.0,0.0,2.5833333333333335,false,false,0.0,flat
EXPE,roic,0.0,0.0,0.2817114729269216,false,false,0.0,flat
EXPE,debt_to_equity,0.0,0.0,8.17013888888889,false,false,0.0,flat
EXPE,ev_ebitda,0.7950890131652724,0.48251826984929036,8.291651037038514,false,false,1.0,improving
EXPE,pb_ratio,4.2528980027121595,0.46245966241833214,45.7996125783258,false,false,1.0,improving
EXPE,earnings_stability,0.0,0.0,0.6526841354082777,false,false,0.0,flat
EXPE,interest_coverage,0.0,0.0,6.207386363636363,false,false,0.0,flat
EXPE,mktcap_to_assets,0.09258359157799628,0.462459662418332,0.9970360499306724,false,false,1.0,improving
PSX,roe,-0.0008085042455295966,0.3345084214649431,0.18,true,false,0.0,declining
PSX,debt_to_equity,0.007668203502856253,3.2812500000000004,0.5,false,false,0.0,improving
MA,roe,0.0,0.0,2.897344501871324,false,false,0.0,flat
MA,roic,0.0,0.0,0.5373504330005949,false,false,0.0,flat
MA,debt_to_equity,0.0,0.0,4.39190875066833,false,false,0.0,flat
MA,ev_ebitda,-0.17155438552724195,-0.04879751641347529,20.761505081265348,false,false,1.0,declining
MA,pb_ratio,-0.6761890554839566,-0.0502059160145312,79.45276178529039,false,false,1.0,declining
MA,earnings_stability,0.0,0.0,17.422589294706068,false,false,0.0,flat
MA,interest_coverage,0.0,0.0,27.969251336898395,false,false,0.0,flat
MA,mktcap_to_assets,-0.06576583505781626,-0.05020591601453142,7.727538894754198,false,false,1.0,declining
ZTS,roe,0.0,0.0,0.8175069594803588,false,false,0.0,flat
ZTS,roic,0.0,0.0,0.21193168150108252,false,false,0.0,flat
ZTS,debt_to_equity,0.0,0.0,2.8574079802041448,false,false,0.0,flat
ZTS,ev_ebitda,-1.3930784813448958,-0.22427815259221437,16.38774996960634,false,false,1.0,declining
ZTS,pb_ratio,-1.7343460833322628,-0.24473883434694804,18.14497173760146,false,false,1.0,declining
ZTS,earnings_stability,0.0,0.0,11.272390667465416,false,false,0.0,flat
ZTS,interest_coverage,0.0,0.0,15.382608695652173,false,false,0.0,flat
ZTS,mktcap_to_assets,-0.37001061682811176,-0.24473883434694807,3.8711029185472827,false,false,1.0,declining
ERIE,roe,0.0,0.0,0.23387766881520292,false,false,0.0,flat
ERIE,roic,0.0,0.0,0.23387766881520292,false,false,0.0,flat
ERIE,pb_ratio,-0.7341034606685818,-0.34701750172001244,4.463051688590647,false,false,1.0,declining
ERIE,earnings_stability,0.0,0.0,3.343456925321162,false,false,0.0,flat
ERIE,mktcap_to_assets,-0.5091658436274175,-0.34701750172001244,3.0955220890859407,false,false,1.0,declining
VNQ,roe,0.0010374364137979426,0.17209893262029657,0.06,false,false,0.0,improving
VNQ,roic,0.00001616803401064503,0.032295163069074255,0.04,false,false,0.0,improving
VNQ,debt_to_equity,-0.007876718324310632,-0.07050916350873089,0.8,false,false,0.0,declining
VNQ,earnings_stability,-0.007327852164727557,-0.04325137228400918,0.75,false,false,0.0,declining
VNQ,interest_coverage,0.01878474687594358,0.04417354402840165,3.0,false,false,1.0,improving
VNQ,mktcap_to_assets,-0.006905345333665004,-0.03203965850313308,1.0,false,false,0.0,declining
CSCO,roe,0.003392946642062586,0.6572754391779916,0.25,false,false,0.0,improving
CSCO,roic,0.0021530252465390212,0.723312589755864,0.18,false,false,0.0,improving
CSCO,debt_to_equity,0.0011473785000747534,0.14722753346080297,0.3,false,false,0.0,improving
CSCO,ev_ebitda,0.17599681416482896,0.9807365439093486,11.0,false,false,1.0,improving
CSCO,pb_ratio,0.07378904348153126,3.2444547134935307,9.21,false,false,1.0,improving
CSCO,earnings_stability,-0.7359078467316096,-0.9198844263396616,0.88,false,false,1.0,declining
CSCO,interest_coverage,0.1383856834800543,0.03416894183833873,25.0,false,false,1.0,improving
CSCO,mktcap_to_assets,0.026503804193367852,2.6062675773402972,4.5,false,false,1.0,improving
TSCO,roe,0.0,0.0,0.43013125017652915,false,false,0.0,flat
TSCO,roic,0.0,0.0,0.12118149384348625,false,false,0.0,flat
TSCO,debt_to_equity,0.0,0.0,2.5494796815433842,false,false,0.0,flat
TSCO,ev_ebitda,-0.3847474906870905,-0.08487885870240007,15.239457745296699,false,false,1.0,declining
TSCO,pb_ratio,-0.2988007980427598,-0.1038973629384626,9.374933711238528,false,false,1.0,declining
TSCO,earnings_stability,0.0,0.0,2.649249132513205,false,false,0.0,flat
TSCO,interest_coverage,0.0,0.0,21.158167057760416,false,false,0.0,flat
TSCO,mktcap_to_assets,-0.06440610185965602,-0.10389736293846268,2.020754092655218,false,false,1.0,declining
JNJ,roe,-0.03371069806439422,-0.8090792218296369,0.22,false,false,1.0,declining
JNJ,roic,-0.019664321555465734,-0.7933086075518283,0.15,false,false,1.0,declining
JNJ,debt_to_equity,0.00002426011314954562,-0.23445642876515138,0.45,false,true,0.0,improving
JNJ,pb_ratio,0.1579157539907054,0.5839533231914535,7.26,false,false,1.0,improving
JNJ,earnings_stability,-0.14790957058698098,-0.6837364081292903,0.91,false,false,1.0,declining
JNJ,interest_coverage,-2.9287984979572217,-0.35833824873067094,20.0,false,false,1.0,declining
JNJ,mktcap_to_assets,0.08220821088276262,0.7790372103997765,3.339,false,false,1.0,improving
KEYS,roe,0.0,0.0,0.166482388248302,false,false,0.0,flat
KEYS,roic,0.0,0.0,0.11595159515951595,false,false,0.0,flat
KEYS,debt_to_equity,0.0,0.0,0.43579213394408467,false,false,0.0,flat
KEYS,ev_ebitda,3.8858763159559015,0.7397251216447919,36.6068160941677,false,false,1.0,improving
KEYS,pb_ratio,1.0084496583660634,0.7490038779711633,9.445269126949539,false,false,1.0,improving
KEYS,earnings_stability,0.0,0.0,4.98425046116008,false,false,0.0,flat
KEYS,interest_coverage,0.0,0.0,11.718181818181819,false,false,0.0,flat
KEYS,mktcap_to_assets,0.5439167479226058,0.7490038779711629,5.094394176411444,false,false,1.0,improving
NTAP,roe,0.0,0.0,0.9444855662472242,false,false,0.0,flat
NTAP,roic,0.0,0.0,0.31243878550440746,false,false,0.0,flat
NTAP,debt_to_equity,0.0,0.0,2.0229459659511475,false,false,0.0,flat
NTAP,ev_ebitda,-0.01319458867340982,-0.002044440210582761,11.412390512525747,false,false,1.0,declining
NTAP,pb_ratio,-0.019113108833354847,-0.0021113594464356737,16.040746286464017,false,false,1.0,declining
NTAP,earnings_stability,0.0,0.0,5.8246432232142205,false,false,0.0,flat
NTAP,interest_coverage,0.0,0.0,16.119266055045873,false,false,0.0,flat
NTAP,mktcap_to_assets,-0.002403370256316322,-0.0021113594464358064,2.0170372517696284,false,false,0.0,declining
AEE,roe,0.0,0.0,0.11242254352316318,false,false,0.0,flat
AEE,roic,0.0,0.0,0.043717728055077454,false,false,0.0,flat
AEE,debt_to_equity,0.0,0.0,1.5715550309825908,false,false,0.0,flat
AEE,ev_ebitda,0.30087956056909065,0.07534433680026204,12.344249825225903,false,false,1.0,improving
AEE,pb_ratio,0.09257661899776311,0.13895517929629012,2.227564622382505,false,false,1.0,improving
AEE,earnings_stability,0.0,0.0,2.534918188570447,false,false,0.0,flat
AEE,interest_coverage,0.0,0.0,3.080745341614907,false,false,0.0,flat
AEE,mktcap_to_assets,0.025176917849650482,0.13895517929629006,0.6058031942586616,false,false,1.0,improving
GOOG,roe,0.0,0.0,0.3812843492380715,false,false,0.0,flat
GOOG,roic,0.0,0.0,0.32420781800126386,false,false,0.0,flat
GOOG,debt_to_equity,0.0,0.0,0.17604921309018237,false,false,0.0,flat
GOOG,ev_ebitda,0.6274721643514976,0.8067498097344792,6.150422746451233,false,false,1.0,improving
GOOG,pb_ratio,0.32012170478261087,0.854843391472498,3.0490488942432425,false,false,1.0,improving
GOOG,earnings_stability,0.0,0.0,1.74592598709693,false,false,0.0,flat
GOOG,interest_coverage,0.0,0.0,133.89031971580818,false,false,0.0,flat
GOOG,mktcap_to_assets,0.22238105201415506,0.8548433914724982,2.1181028671731608,false,false,1.0,improving
GEHC,roe,0.0,0.0,0.1807744874715262,false,false,0.0,flat
GEHC,roic,0.0,0.0,0.0922104480386689,false,false,0.0,flat
GEHC,debt_to_equity,0.0,0.0,0.9604555808656037,false,false,0.0,flat
GEHC,ev_ebitda,-0.26778117872833684,-0.11906964607792832,10.107714776699396,false,false,1.0,declining
GEHC,pb_ratio,-0.09017942930113289,-0.14723457761510428,2.632903308854758,false,false,1.0,declining
GEHC,earnings_stability,0.0,0.0,6.750801241147243,false,false,0.0,flat
GEHC,interest_coverage,0.0,0.0,7.234192037470726,false,false,0.0,flat
GEHC,mktcap_to_assets,-0.026572497357566796,-0.14723457761510414,0.7758179083574336,false,false,1.0,declining
SCHW,roe,0.00045617824252091753,-0.24119241192411917,0.14,false,true,0.0,improving
SCHW,debt_to_equity,0.007613278501055591,1.9673590504451037,0.5,false,false,0.0,improving
FIX,roe,0.0,0.0,0.44584428594562653,false,false,0.0,flat
FIX,roic,0.0,0.0,0.404592048857897,false,false,0.0,flat
FIX,debt_to_equity,0.0,0.0,0.10196007856352701,false,false,0.0,flat
FIX,ev_ebitda,5.272126291093866,3.9848819832231595,34.11033416729882,false,false,1.0,improving
FIX,pb_ratio,3.2776790514839367,3.519855748594676,21.680934557563234,false,false,1.0,improving
FIX,earnings_stability,0.0,0.0,4.677955504431647,false,false,0.0,flat
FIX,interest_coverage,0.0,0.0,250.2330439500814,false,false,0.0,flat
FIX,mktcap_to_assets,1.2423911673156376,3.5198557485946766,8.21807174234153,false,false,1.0,improving
EG,roe,0.0,0.0,0.13301942319011184,false,false,0.0,flat
EG,roic,0.0,0.0,0.10773305084745763,false,false,0.0,flat
EG,debt_to_equity,0.0,0.0,0.23471323000457786,false,false,0.0,flat
EG,pb_ratio,-0.017356568398953165,-0.07131777387910135,0.8223045506289316,false,false,1.0,declining
EG,earnings_stability,0.0,0.0,2.3038552964212258,false,false,0.0,flat
EG,interest_coverage,0.0,0.0,16.93959731543624,false,false,0.0,flat
EG,mktcap_to_assets,-0.004257150675120991,-0.07131777387910128,0.2016916185503672,false,false,0.0,declining
VAL,roe,-0.013929812925170064,-0.37731118771544975,0.12,false,false,1.0,declining
VAL,roic,-0.0024859149659863943,-0.37996604414261465,0.09,false,false,0.0,declining
VAL,debt_to_equity,0.0004879173244743186,8.478260869565217,0.7,false,false,0.0,improving
VAL,pb_ratio,-0.18127604166666667,-0.5597732964281007,1.69,false,false,1.0,declining
VAL,interest_coverage,-0.2955802021403092,-0.8668515950069348,5.0,false,false,1.0,declining
VAL,mktcap_to_assets,-0.04753645833333333,-0.3143189755529686,1.193,false,false,1.0,declining
MTSI,roe,0.0006635428893375243,-4.526236881559221,0.12,false,true,0.0,improving
MTSI,roic,-0.001615562545972424,-0.6321992439404047,0.1,false,false,0.0,declining
MTSI,debt_to_equity,-0.03858444247264122,-0.6749347258485641,0.4,false,false,1.0,declining
MTSI,pb_ratio,0.10337371492081134,59.356347438752785,13.72,false,false,1.0,improving
MTSI,interest_coverage,-0.5619952736435198,-0.8289841796439801,10.0,false,false,1.0,declining
MTSI,mktcap_to_assets,0.050739998398801923,23.474522292993633,3.89,false,false,1.0,improving
ETR,roe,0.0,0.0,0.10386452417776919,false,false,0.0,flat
ETR,roic,0.0,0.0,0.035049208266621515,false,false,0.0,flat
ETR,debt_to_equity,0.0,0.0,1.963391452031249,false,false,0.0,flat
ETR,ev_ebitda,0.5908763861181121,0.16577625805010796,13.235650847939814,false,false,1.0,improving
ETR,pb_ratio,0.21266189252846177,0.30497603343993296,3.00610511584584,false,false,1.0,improving
ETR,earnings_stability,0.0,0.0,2.8444142865703816,false,false,0.0,flat
ETR,interest_coverage,0.0,0.0,2.6496552718880717,false,false,0.0,flat
ETR,mktcap_to_assets,0.04866476646606716,0.3049760334399331,0.6879060545156608,false,false,1.0,improving
ROK,roe,0.0,0.0,0.3091993185689949,false,false,0.0,flat
ROK,roic,0.0,0.0,0.14374340021119325,false,false,0.0,flat
ROK,debt_to_equity,0.0,0.0,1.1510505394662123,false,false,0.0,flat
ROK,ev_ebitda,1.8627188602317375,0.3530745748838775,26.217373126808123,false,false,1.0,improving
ROK,pb_ratio,0.8763558067586567,0.39630166127427185,11.30357389867151,false,false,1.0,improving
ROK,earnings_stability,0.0,0.0,3.687998724420734,false,false,0.0,flat
ROK,interest_coverage,0.0,0.0,9.13013698630137,false,false,0.0,flat
ROK,mktcap_to_assets,0.27421154507853496,0.396301661274272,3.5368858627506277,false,false,1.0,improving
CCL,roe,0.0,0.0,0.23667772036708568,false,false,0.0,flat
CCL,roic,0.0,0.0,0.07841684339627462,false,false,0.0,flat
CCL,debt_to_equity,0.0,0.0,2.018200046271304,false,false,0.0,flat
CCL,ev_ebitda,0.2202649711630817,0.1358679973400478,8.700900453141964,false,false,1.0,improving
CCL,pb_ratio,0.12174281239498784,0.2344955087219624,2.963858529163913,false,false,1.0,improving
CCL,earnings_stability,0.0,0.0,1.2686785919064263,false,false,0.0,flat
CCL,interest_coverage,0.0,0.0,3.562913907284768,false,false,0.0,flat
CCL,mktcap_to_assets,0.030225914228494417,0.23449550872196223,0.7358572709594174,false,false,1.0,improving
CEG,roe,0.0,0.0,0.11322163485948093,false,false,0.0,flat
CEG,roic,0.0,0.0,0.06775813687465371,false,false,0.0,flat
CEG,debt_to_equity,0.0,0.0,0.6709673565690052,false,false,0.0,flat
CEG,ev_ebitda,1.1117508393120306,0.38446435277636193,14.7269245283187,false,false,1.0,improving
CEG,pb_ratio,0.2733307322885236,0.4949824258840782,2.9736296842313874,false,false,1.0,improving
CEG,earnings_stability,0.0,0.0,1.5689986097114608,false,false,0.0,flat
CEG,interest_coverage,0.0,0.0,9.875404530744337,false,false,0.0,flat
CEG,mktcap_to_assets,0.09443647170307434,0.4949824258840782,1.0273967115922809,false,false,1.0,improving
XYZ,roe,0.0,0.0,0.037166494944725244,false,false,0.0,flat
XYZ,roic,0.0,0.0,0.027039107762343917,false,false,0.0,flat
XYZ,debt_to_equity,0.0,0.0,0.3745459085186701,false,false,0.0,flat
XYZ,ev_ebitda,-0.6208985619432411,-0.11527468090941771,10.659298269716144,false,false,1.0,declining
XYZ,pb_ratio,-0.07387868784707559,-0.10084699312757596,1.483192905554984,false,false,1.0,declining
XYZ,earnings_stability,0.0,0.0,0.6654414471910249,false,false,0.0,flat
XYZ,interest_coverage,0.0,0.0,31.33648030892416,false,false,0.0,flat
XYZ,mktcap_to_assets,-0.04012147821127405,-0.1008469931275761,0.8054811688929593,false,false,1.0,declining
DTE,roe,0.0,0.0,0.1025724255457275,false,false,0.0,flat
DTE,roic,0.0,0.0,0.032166942359078764,false,false,0.0,flat
DTE,debt_to_equity,0.0,0.0,2.1887527387811407,false,false,0.0,flat
DTE,ev_ebitda,0.1412337689758414,0.02144228346582268,13.188233756729996,false,false,1.0,improving
DTE,pb_ratio,0.0494656290594605,0.04255772612674476,2.449599683035516,false,false,1.0,improving
DTE,earnings_stability,0.0,0.0,3.867109714175925,false,false,0.0,flat
DTE,interest_coverage,0.0,0.0,2.1938125568698816,false,false,0.0,flat
DTE,mktcap_to_assets,0.011061278705446237,0.04255772612674481,0.5477683257248795,false,false,1.0,improving
SWKS,roe,0.0,0.0,0.050555042434170396,false,false,0.0,flat
SWKS,roic,0.0,0.0,0.045191139358818584,false,false,0.0,flat
SWKS,debt_to_equity,0.0,0.0,0.11869368976874684,false,false,0.0,flat
SWKS,ev_ebitda,-0.666208646397763,-0.17414652323523958,12.37057859885585,false,false,1.0,declining
SWKS,pb_ratio,-0.09472485485177404,-0.1724209296014344,1.7778880642013295,false,false,1.0,declining
SWKS,earnings_stability,0.0,0.0,1.9179421827756973,false,false,0.0,flat
SWKS,interest_coverage,0.0,0.0,13.25187969924812,false,false,0.0,flat
SWKS,mktcap_to_assets,-0.07320668479406534,-0.17242092960143438,1.3740141520278097,false,false,1.0,declining
ADSK,roe,0.0,0.0,0.4587645029789903,false,false,0.0,flat
ADSK,roic,0.0,0.0,0.2474209369186538,false,false,0.0,flat
ADSK,debt_to_equity,0.0,0.0,0.8541862652869238,false,false,0.0,flat
ADSK,ev_ebitda,-1.4238089789610835,-0.16331906575480634,22.514348084044943,false,false,1.0,declining
ADSK,pb_ratio,-0.9934070173058672,-0.16345907856914935,15.691886010348071,false,false,1.0,declining
ADSK,earnings_stability,0.0,0.0,2.9986178312436285,false,false,0.0,flat
ADSK,interest_coverage,0.0,0.0,1013.5,false,false,0.0,flat
ADSK,mktcap_to_assets,-0.2655024286111643,-0.16345907856914937,4.19388405020114,false,false,1.0,declining
KVUE,roe,0.0,0.0,0.15290346907993968,false,false,0.0,flat
KVUE,roic,0.0,0.0,0.0835651725914477,false,false,0.0,flat
KVUE,debt_to_equity,0.0,0.0,0.8297511312217195,false,false,0.0,flat
KVUE,ev_ebitda,-0.7575379333998525,-0.17436439290239134,12.611929399613395,false,false,1.0,declining
KVUE,pb_ratio,-0.22894670196831898,-0.2071997014069644,3.0832245150038218,false,false,1.0,declining
KVUE,earnings_stability,0.0,0.0,6.822774817339337,false,false,0.0,flat
KVUE,interest_coverage,0.0,0.0,6.158508158508159,false,false,0.0,flat
KVUE,mktcap_to_assets,-0.09043965943546318,-0.20719970140696434,1.2179506090400143,false,false,1.0,declining
TEL,roe,0.0,0.0,0.22769137852936736,false,false,0.0,flat
TEL,roic,0.0,0.0,0.1597626867252887,false,false,0.0,flat
TEL,debt_to_equity,0.0,0.0,0.42518496149781065,false,false,0.0,flat
TEL,ev_ebitda,0.9010438858967696,0.3081334245688842,12.83921124798483,false,false,1.0,improving
TEL,pb_ratio,0.3329767342189861,0.33863227988374,4.413025748066265,false,false,1.0,improving
TEL,earnings_stability,0.0,0.0,9.546817581843396,false,false,0.0,flat
TEL,interest_coverage,0.0,0.0,31.90983606557377,false,false,0.0,flat
TEL,mktcap_to_assets,0.16918334566416138,0.3386322798837399,2.242230113497727,false,false,1.0,improving
MRVL,roe,0.0,0.0,0.13870925240725085,false,false,0.0,flat
MRVL,roic,0.0,0.0,0.10755118545949857,false,false,0.0,flat
MRVL,debt_to_equity,0.0,0.0,0.2897045422106084,false,false,0.0,flat
MRVL,ev_ebitda,2.2076918697968466,0.4219865639556931,31.678327303911196,false,false,1.0,improving
MRVL,pb_ratio,0.5586917940134112,0.43008485003356206,7.938007290680058,false,false,1.0,improving
MRVL,earnings_stability,0.0,0.0,0.784081966095746,false,false,0.0,flat
MRVL,interest_coverage,0.0,0.0,8.03015681544029,false,false,0.0,flat
MRVL,mktcap_to_assets,0.3777029813650096,0.43008485003356234,5.3664812190083255,false,false,1.0,improving
ORLY,roic,0.0,0.0,0.3397504230725571,false,false,0.0,flat
ORLY,ev_ebitda,0.4850468874132006,0.045876674439718164,20.44102620263076,false,false,1.0,improving
ORLY,earnings_stability,0.0,0.0,9.856358460237743,false,false,0.0,flat
ORLY,interest_coverage,0.0,0.0,14.885446107099003,false,false,0.0,flat
ORLY,mktcap_to_assets,0.11743071648786269,0.0513370926687888,4.448218245414773,false,false,1.0,improving
CNC,roe,0.0,-0.0,-0.22604379044410958,false,false,0.0,flat
CNC,roic,0.0,-0.0,-0.1318954146947009,false,false,0.0,flat
CNC,debt_to_equity,0.0,0.0,0.7138108323730166,false,false,0.0,flat
CNC,pb_ratio,-0.053131858833122964,-0.20084093174852788,1.4054401319050829,false,false,1.0,declining
CNC,earnings_stability,0.0,0.0,0.3647307009081386,false,false,0.0,flat
CNC,interest_coverage,0.0,-0.0,-6.071755725190839,false,false,0.0,flat
CNC,mktcap_to_assets,-0.0144408157735378,-0.20084093174852777,0.38198742658943863,false,false,1.0,declining
ISRG,roe,0.0,0.0,0.1727614979855133,false,false,0.0,flat
ISRG,roic,0.0,0.0,0.1727614979855133,false,false,0.0,flat
ISRG,ev_ebitda,-1.4714109314607895,-0.1582718546880989,32.91082289719067,false,false,1.0,declining
ISRG,pb_ratio,-0.34382378021309723,-0.15587431196846893,7.842187948731494,false,false,1.0,declining
ISRG,earnings_stability,0.0,0.0,11.506335956712665,false,false,0.0,flat
ISRG,mktcap_to_assets,-0.2992215192331911,-0.15587431196846896,6.8248664786283815,false,false,1.0,declining
GRMN,roe,0.0,0.0,0.20791796401223478,false,false,0.0,flat
GRMN,roic,0.0,0.0,0.20389921983019385,false,false,0.0,flat
GRMN,debt_to_equity,0.0,0.0,0.019709463260269976,false,false,0.0,flat
GRMN,ev_ebitda,0.49077373285697085,0.13930193872369226,18.885803737043915,false,false,1.0,improving
GRMN,pb_ratio,0.1256402319905513,0.1317771725488504,5.073665317200638,false,false,1.0,improving
GRMN,earnings_stability,0.0,0.0,6.987386656163348,false,false,0.0,flat
GRMN,mktcap_to_assets,0.09930130530532044,0.13177717254885046,4.0100338935878925,false,false,1.0,improving
UNH,roe,0.010639473544297498,2.0248033877797944,0.25,false,false,1.0,improving
UNH,roic,0.003677807896308916,0.6348773841961852,0.18,false,false,0.0,improving
UNH,debt_to_equity,-0.03323770056317077,-0.1596142315886158,0.7,false,false,1.0,declining
UNH,ev_ebitda,2.747817292237479,1.3365826898022235,15.0,false,false,1.0,improving
UNH,pb_ratio,0.11724011114077251,2.4930522280785823,3.64,false,false,1.0,improving
UNH,earnings_stability,-0.8205109985176084,-0.7942906703752992,0.85,false,false,1.0,declining
UNH,interest_coverage,-0.01903021328069574,0.5558148580318942,12.0,true,false,0.0,declining
UNH,mktcap_to_assets,0.034539117147921156,2.235069885641678,1.27,false,false,1.0,improving
PG,roe,-0.1270946209158833,-0.7868516332492365,0.18,false,false,1.0,declining
PG,roic,-0.0737375079693099,-0.7558604227526224,0.16,false,false,1.0,declining
PG,debt_to_equity,-0.006638630730186522,-0.0965402814200715,0.55,false,false,0.0,declining
PG,ev_ebitda,1.294095953201657,1.603776467961559,18.0,false,false,1.0,improving
PG,pb_ratio,-0.5465771596157303,-0.31964540966172494,7.5,false,false,1.0,declining
PG,earnings_stability,-3.9236928865973946,-0.4837322807219632,0.92,false,false,1.0,declining
PG,interest_coverage,-1.9890625802044546,-0.26805486379832183,12.0,false,false,1.0,declining
PG,mktcap_to_assets,-0.22019191903532043,-0.3039130948869369,3.25,false,false,1.0,declining
BF.B,roe,0.0,0.0,0.17786069651741293,false,false,0.0,flat
BF.B,roic,0.0,0.0,0.10962894817540632,false,false,0.0,flat
BF.B,debt_to_equity,0.0,0.0,0.6223880597014926,false,false,0.0,flat
BF.B,ev_ebitda,-0.46597782740667293,-0.15565413444842569,8.900473365016612,false,false,1.0,declining
BF.B,pb_ratio,-0.1251880730346286,-0.19190482668834621,1.8454008045318262,false,false,1.0,declining
BF.B,earnings_stability,0.0,0.0,2.372846415040237,false,false,0.0,flat
BF.B,interest_coverage,0.0,0.0,9.592233009708737,false,false,0.0,flat
BF.B,mktcap_to_assets,-0.0637517169494815,-0.1919048266883462,0.9397658011423792,false,false,1.0,declining
FAST,roe,0.0,0.0,0.33230111332301115,false,false,0.0,flat
FAST,roic,0.0,0.0,0.2997738559772969,false,false,0.0,flat
FAST,debt_to_equity,0.0,0.0,0.10850598441839318,false,false,0.0,flat
FAST,ev_ebitda,1.4474653680568816,0.2385139359634236,28.091196113142903,false,false,1.0,improving
FAST,pb_ratio,0.6971412130504738,0.2398168941696994,13.471335501714506,false,false,1.0,improving
FAST,earnings_stability,0.0,0.0,11.895965978497095,false,false,0.0,flat
FAST,interest_coverage,0.0,0.0,395.5777777777778,false,false,0.0,flat
FAST,mktcap_to_assets,0.5358643396204916,0.2398168941696997,10.3548723949988,false,false,1.0,improving
FOXA,roe,0.0,0.0,0.1559850487738171,false,false,0.0,flat
FOXA,roic,0.0,0.0,0.0922720163943267,false,false,0.0,flat
FOXA,debt_to_equity,0.0,0.0,0.6904913848117422,false,false,0.0,flat
FOXA,ev_ebitda,0.24085109212104522,0.18887177104410977,5.01357770409944,false,false,1.0,improving
FOXA,pb_ratio,0.0684193639392084,0.26124554103677305,1.0620209796675955,false,false,1.0,improving
FOXA,earnings_stability,0.0,0.0,1.9335525073990623,false,false,0.0,flat
FOXA,interest_coverage,0.0,0.0,6.804511278195489,false,false,0.0,flat
FOXA,mktcap_to_assets,0.0344531057728126,0.26124554103677294,0.5347889696540354,false,false,1.0,improving
BSX,roe,0.0,0.0,0.13783637488400866,false,false,0.0,flat
BSX,roic,0.0,0.0,0.09663079717019489,false,false,0.0,flat
BSX,debt_to_equity,0.0,0.0,0.4264228270955769,false,false,0.0,flat
BSX,ev_ebitda,-1.4771473724882793,-0.1580617259588249,18.722881391270707,false,false,1.0,declining
BSX,pb_ratio,-0.3137167691415914,-0.16876971077374017,3.606123858732215,false,false,1.0,declining
BSX,earnings_stability,0.0,0.0,3.3747668282201784,false,false,0.0,flat
BSX,interest_coverage,0.0,0.0,11.481792717086835,false,false,0.0,flat
BSX,mktcap_to_assets,-0.18294898687917102,-0.16876971077374014,2.1029692111169984,false,false,1.0,declining
INVH,roe,0.0,0.0,0.07296405721097228,false,false,0.0,flat
INVH,roic,0.0,0.0,0.03757709696112441,false,false,0.0,flat
INVH,debt_to_equity,0.0,0.0,0.9417161811743373,false,false,0.0,flat
INVH,ev_ebitda,-0.28651448466072116,-0.09124816712300422,14.667330448549624,false,false,1.0,declining
INVH,pb_ratio,-0.05694926687822938,-0.13234781876675708,1.982016837406356,false,false,1.0,declining
INVH,earnings_stability,0.0,0.0,5.28070458254849,false,false,0.0,flat
INVH,interest_coverage,0.0,0.0,2.7871948112864224,false,false,0.0,flat
INVH,mktcap_to_assets,-0.027950658361648152,-0.13234781876675722,0.972772408253024,false,false,1.0,declining
NRG,roe,0.0,0.0,0.04903569963069348,false,false,0.0,flat
NRG,roic,0.0,0.0,0.008465870851191952,false,false,0.0,flat
NRG,debt_to_equity,0.0,0.0,4.792162494870743,false,false,0.0,flat
NRG,ev_ebitda,1.421538453376526,0.3126130363844449,21.45695384634307,false,false,1.0,improving
NRG,pb_ratio,0.7603509946558485,0.6658510619036866,6.721230750393185,false,false,1.0,improving
NRG,earnings_stability,0.0,0.0,0.6818445855740648,false,false,0.0,flat
NRG,interest_coverage,0.0,0.0,1.26882966396292,false,false,0.0,flat
NRG,mktcap_to_assets,0.09252617152154907,0.6658510619036864,0.8178982517518384,false,false,1.0,improving
COP,roe,0.0,0.0,0.11344726607892658,false,false,0.0,flat
COP,roic,0.0,0.0,0.08332953976419175,false,false,0.0,flat
COP,debt_to_equity,0.0,0.0,0.3614291690553292,false,false,0.0,flat
COP,ev_ebitda,0.2760809396513534,0.12518543270241606,7.1915894803912535,false,false,1.0,improving
COP,pb_ratio,0.10532748139996706,0.14355655608782286,2.4732884178378676,false,false,1.0,improving
COP,earnings_stability,0.0,0.0,4.268177577111129,false,false,0.0,flat
COP,interest_coverage,0.0,0.0,10.400325467860048,false,false,0.0,flat
COP,mktcap_to_assets,0.055391655954656956,0.14355655608782272,1.3007008170761771,false,false,1.0,improving
LLY,roe,0.009285956790123461,0.7609251042086863,0.55,false,false,0.0,improving
LLY,debt_to_equity,0.02847736625514403,1.229539040451552,1.5,false,false,1.0,improving
DLR,roe,0.0,0.0,0.058962880903401224,false,false,0.0,flat
DLR,roic,0.0,0.0,0.03235704484054359,false,false,0.0,flat
DLR,debt_to_equity,0.0,0.0,0.8222579099535179,false,false,0.0,flat
DLR,ev_ebitda,0.2963032362910328,0.059236704086664864,21.73595217334588,false,false,1.0,improving
DLR,pb_ratio,0.04842910704682064,0.07668903825738656,2.83420276805002,false,false,1.0,improving
DLR,earnings_stability,0.0,0.0,0.8062185194037111,false,false,0.0,flat
DLR,interest_coverage,0.0,0.0,4.098462928880573,false,false,0.0,flat
DLR,mktcap_to_assets,0.02316267838682005,0.07668903825738664,1.3555427965233875,false,false,1.0,improving
HPE,roe,0.0,0.0,0.06152142970109126,false,false,0.0,flat
HPE,roic,0.0,0.0,0.033435042330998324,false,false,0.0,flat
HPE,debt_to_equity,0.0,0.0,0.8400284674996046,false,false,0.0,flat
HPE,ev_ebitda,0.5032423560019751,0.22865258667283989,9.699730133391753,false,false,1.0,improving
HPE,pb_ratio,0.1106488510883673,0.38078683947594766,1.5019057121537065,false,false,1.0,improving
HPE,earnings_stability,0.0,0.0,0.1701562496917721,false,false,0.0,flat
HPE,mktcap_to_assets,0.03519633189615385,0.38078683947594727,0.47774171536109694,false,false,1.0,improving
WBD,roe,0.0,-0.0,-0.05328749462827675,false,false,0.0,flat
WBD,roic,0.0,-0.0,-0.02668962548428756,false,false,0.0,flat
WBD,debt_to_equity,0.0,0.0,0.9965620971207564,false,false,0.0,flat
WBD,ev_ebitda,0.7119515559777012,0.7843911146989169,5.532244627973131,false,false,1.0,improving
WBD,pb_ratio,0.38731405938341207,1.6422535584589841,2.1132657480989563,false,false,1.0,improving
WBD,earnings_stability,0.0,0.0,0.3045609794851507,false,false,0.0,flat
WBD,interest_coverage,0.0,0.0,0.5236578707916287,false,false,0.0,flat
WBD,mktcap_to_assets,0.12896876873363652,1.6422535584589841,0.7036803207535778,false,false,1.0,improving
FOX,roe,0.0,0.0,0.1559850487738171,false,false,0.0,flat
FOX,roic,0.0,0.0,0.0922720163943267,false,false,0.0,flat
FOX,debt_to_equity,0.0,0.0,0.6904913848117422,false,false,0.0,flat
FOX,ev_ebitda,0.2024541017889031,0.153733146806343,5.031332170396761,false,false,1.0,improving
FOX,pb_ratio,0.05751180428245254,0.21074871524695013,1.0670645494535789,false,false,1.0,improving
FOX,earnings_stability,0.0,0.0,1.9335525073990623,false,false,0.0,flat
FOX,interest_coverage,0.0,0.0,6.804511278195489,false,false,0.0,flat
FOX,mktcap_to_assets,0.028960518807061564,0.21074871524695013,0.53732869866209,false,false,1.0,improving
