ticker,sector,in_portfolio,defensive_value_index,growth_tech_index,growth_sleeve,roe,roic,debt_to_equity,interest_coverage,earnings_stability,ev_ebitda,pb_ratio,mktcap_to_assets,roe_score,roic_score,leverage_score,stability_score,coverage_score,buffett_roe,buffett_roic,buffett_leverage,buffett_pass,quality_score,ev_score,pb_score,mca_score,trifecta_ev,trifecta_pb,trifecta_mca,trifecta_pass,value_score,debt_to_assets,equity_multiplier,leverage_flag,leverage_score_adj,composite_score,w_current,suggested_w_max,sizing_action,decision
VRSN,,False,False,False,,,9.860788863109049,,15.542819499341238,52.67676729523961,20.08819406587957,,12.614279886452671,0.0,1.0,0.5,52.67676729523961,1.0,False,True,False,False,8.37651509428594,0.1786522914163281,0.0,0.0,False,False,False,False,0.07146091656653124,,,,0.0,4.6392,0.0,0.12,prefer_add,SATELLITE
SNA,,False,False,False,,0.1711055567510304,0.14120427287380816,0.21175905848079055,27.803960396039603,36.92003358208598,13.595900792422505,3.4454495525603246,2.408891942029498,0.6844222270041216,0.5648170914952326,0.8941204707596048,36.92003358208598,1.0,True,False,True,False,6.146894903476643,0.6595629042649996,0.13535575441763348,0.0,False,False,False,False,0.3044318880312899,0.175,1.212,,0.0,3.5178,0.0,0.12,prefer_add,SATELLITE
KLAC,,False,False,False,,0.8010573716296815,0.3899981253948048,1.0540031335246836,19.943051310101268,25.720491647527332,32.410859023485415,32.94610473030799,11.38423730322562,1.0,1.0,0.4729984332376582,25.720491647527332,1.0,True,True,False,False,4.629023512114748,0.0,0.0,0.0,False,False,False,False,0.0,0.513,2.054,,0.0,2.546,0.0,0.12,prefer_add,SATELLITE
TXT,,False,False,False,,0.11633970697789918,0.07901172105573825,0.47243605661782967,9.766917293233083,23.997835846366456,10.586195803155865,1.9588230039432155,0.869987894218521,0.4653588279115967,0.316046884222953,0.7637819716910852,23.997835846366456,0.6511278195488722,False,False,True,False,4.013777168303884,0.882504014581047,0.7960786649141265,0.5066828077086387,False,False,False,False,0.7438300476192483,0.321,1.472,,0.0,2.5423,0.0,0.12,prefer_add,SATELLITE
ADBE,,False,False,False,,0.6276263240145858,0.38901146208900605,0.6133877409272444,35.9080459770115,22.96027409917117,10.382190465244651,8.945647821096852,3.442220011472073,1.0,1.0,0.6933061295363778,22.96027409917117,1.0,True,True,True,True,4.248037034306131,0.8976155210929888,0.0,0.0,False,False,False,False,0.35904620843719554,0.38,1.613,,0.0,2.498,0.0,0.12,prefer_add,INCLUDE_QUALITY
RSG,,False,False,False,,0.18105175292153589,0.0832086546207849,1.1758764607679466,5.418803418803419,25.36107922220277,16.05222201223281,5.703734745969751,1.9748769438357694,0.7242070116861435,0.3328346184831396,0.4120617696160267,25.36107922220277,0.3612535612535613,True,False,False,False,4.2192089939489605,0.4776131842790511,0.0,0.0,False,False,False,False,0.19104527371162044,0.54,2.176,,0.0,2.4065,0.0,0.12,prefer_add,SATELLITE
CTAS,,False,False,False,,0.3891073869911926,0.25490794871781797,0.5264623521878983,24.5718492731806,22.49741209467872,22.707879851002634,13.333568776640995,6.508892162005914,1.0,1.0,0.7367688239060508,22.49741209467872,1.0,True,True,True,True,4.185127137787715,0.0,0.0,0.0,False,False,False,False,0.0,0.345,1.526,,0.0,2.3018,0.0,0.12,prefer_add,INCLUDE_QUALITY
RMD,,False,False,False,,0.23407067656965722,0.20716420270808225,0.12987993828011504,,20.58773463285106,14.519984953430534,5.000948571825035,3.6958856689947144,0.9362827062786289,0.828656810832329,0.9350600308599425,20.58773463285106,0.5,True,True,True,True,3.8079010546899372,0.5911122256718123,0.0,0.0,False,False,False,False,0.23644489026872495,0.115,1.13,,0.0,2.2007,0.0,0.12,prefer_add,INCLUDE_QUALITY
VLTO,,False,False,False,,0.31901840490797545,0.1525633106856084,1.0910558605101712,14.141304347826088,20.482013914232358,16.412908049009918,6.980818153154609,2.526243727543798,1.0,0.6102532427424336,0.4544720697449144,20.482013914232358,0.9427536231884058,True,True,False,False,3.7178242327381614,0.45089570007333946,0.0,0.0,False,False,False,False,0.1803582800293358,0.522,2.091,,0.0,2.126,0.0,0.12,prefer_add,SATELLITE
ITW,,False,False,False,,0.970579126664602,0.25321160216530664,2.8330752554970577,14.595959595959595,19.076279544335986,17.47374894876738,23.051927848052742,4.576652423841755,1.0,1.0,0.0,19.076279544335986,0.973063973063973,True,True,False,False,3.558748328956795,0.37231489268389784,0.0,0.0,False,False,False,False,0.14892595707355913,0.739,3.833,,0.0,2.0243,0.0,0.12,prefer_add,SATELLITE
CPRT,,False,False,False,,0.17701781026875874,0.17515895337743506,0.010612400082787571,,18.768048472555027,14.272788570183526,3.493582907249028,3.176858158067861,0.7080712410750349,0.7006358135097402,0.9946937999586062,18.768048472555027,0.5,True,True,True,True,3.4370234572524776,0.6094230688752944,0.11396315233376542,0.0,False,False,False,False,0.2779581732502474,0.011,1.011,,0.0,2.0154,0.0,0.12,prefer_add,INCLUDE_QUALITY
UNP,,False,False,False,,0.35456876118608815,0.14139115003279196,1.507715377545591,8.400778210116732,19.03374721283984,14.3630549636309,7.816404752866057,2.2691513313392595,1.0,0.5655646001311678,0.24614231122720454,19.03374721283984,0.5600518806744488,True,False,False,False,3.417657996716852,0.6027366693606742,0.0,0.0,False,False,False,False,0.2410946677442697,0.601,2.508,,0.0,1.9882,0.0,0.12,prefer_add,SATELLITE
AVY,,False,False,False,,0.29984785916105194,0.11325649361310873,1.6475114105629212,7.698786581013562,19.202888409087294,17.540930718212845,9.257855082709813,2.372050833957847,1.0,0.4530259744524349,0.17624429471853942,19.202888409087294,0.5132524387342374,True,False,False,False,3.3941029417800292,0.367338465317567,0.0,0.0,False,False,False,False,0.1469353861270268,0.622,2.648,,0.0,1.9329,0.0,0.12,prefer_add,SATELLITE
AME,,False,False,False,,0.13991202913520898,0.11664953531560195,0.19942208733767383,23.328928700252494,18.90919298571784,21.48625458577329,4.492816951950857,3.0079583915167505,0.5596481165408359,0.4665981412624078,0.9002889563311631,18.90919298571784,1.0,False,False,True,False,3.379296168648324,0.07509225290568233,0.0,0.0,False,False,False,False,0.030036901162272936,0.166,1.199,,0.0,1.8721,0.0,0.12,prefer_add,SATELLITE
CHTR,,False,False,False,,0.2904672015101463,0.04332142668613961,5.7049315714959885,2.483629191321499,15.735056622094424,5.299403059760852,1.000616619757742,0.10900058436770323,1.0,0.17328570674455843,0.0,15.735056622094424,0.16557527942143327,True,False,False,False,2.7288017332796746,1.0,1.0,1.0,True,True,True,True,1.0,0.851,6.705,levered-assets,-0.1,1.8508,0.0,0.12,prefer_add,INCLUDE_VALUE
MA,,False,False,False,,2.897344501871324,0.5373504330005949,4.39190875066833,27.969251336898395,17.422589294706068,20.761505081265348,79.45276178529039,7.727538894754198,1.0,1.0,0.0,17.422589294706068,1.0,True,True,False,False,3.3133883942059104,0.12877740138775196,0.0,0.0,False,False,False,False,0.051510960555100786,0.815,5.392,,0.0,1.8455,0.0,0.12,prefer_add,SATELLITE
HCA,,False,False,False,,,0.1523046092184369,,5.2620898100172715,18.203958043947875,8.508339512414645,,1.334573486267331,0.0,0.6092184368737475,0.5,18.203958043947875,0.35080598733448476,False,True,False,False,3.0234398363877535,1.0,0.0,0.0,True,False,False,False,0.4,,,,0.0,1.8429,0.0,0.12,prefer_add,SATELLITE
WST,,False,False,False,,0.18891712928901078,0.17106259273839444,0.1043742893451943,155.13333333333333,17.2853402452341,28.567033981215538,8.443718275191982,6.193800016308278,0.7556685171560431,0.6842503709535778,0.9478128553274029,17.2853402452341,1.0,True,True,True,True,3.2669486315171112,0.0,0.0,0.0,False,False,False,False,0.0,0.095,1.104,,0.0,1.7968,0.0,0.12,prefer_add,INCLUDE_QUALITY
V,,False,False,False,,0.6422195690488374,0.3826817535063351,0.6782079708908977,35.73711340206186,16.00720145621288,20.50502228602232,16.620160837563617,6.181034125634983,1.0,1.0,0.6608960145545512,16.00720145621288,1.0,True,True,True,True,3.2002146206151147,0.1477761269613096,0.0,0.0,False,False,False,False,0.059110450784523844,0.404,1.678,,0.0,1.7867,0.0,0.12,prefer_add,INCLUDE_QUALITY
IEX,,False,False,False,,0.12961576846307385,0.08814795961652669,0.47043413173652693,11.678683385579937,17.110291794750637,18.73080110248533,4.160718886217677,2.406372481379574,0.5184630738522954,0.35259183846610676,0.7647829341317365,17.110291794750637,0.7785788923719958,False,False,True,False,3.0204355722650766,0.27919991833442004,0.0,0.0,False,False,False,False,0.11167996733376802,0.32,1.47,,0.0,1.7115,0.0,0.12,prefer_add,SATELLITE
ODFL,,False,False,False,,0.22894651071135858,0.22688400479489915,0.009090574359016319,2261.273187183811,15.42788810126103,23.605744237123478,9.224573313189415,7.174461944259052,0.9157860428454343,0.9075360191795966,0.9954547128204918,15.42788810126103,1.0,True,True,True,True,3.1104980407197376,0.0,0.0,0.0,False,False,False,False,0.0,0.009,1.009,,0.0,1.7108,0.0,0.12,prefer_add,INCLUDE_QUALITY
EFX,,False,False,False,,0.15784667366786906,0.07021213936815168,1.2481393543673804,5.242110009017132,16.607897738672477,12.535575538733145,4.257157855014424,1.5562939488669632,0.6313866946714762,0.28084855747260673,0.3759303228163098,16.607897738672477,0.34947400060114214,True,False,False,False,2.856192184926657,0.7381055156493967,0.0,0.0,False,False,False,False,0.2952422062597587,0.555,2.248,,0.0,1.7038,0.0,0.12,prefer_add,SATELLITE
PH,,False,False,False,,0.23822109658429735,0.14386226282501757,0.6558970497638442,11.598504313057644,16.178733140940253,21.626708109092544,7.709153207699842,3.6710133710775117,0.9528843863371894,0.5754490513000703,0.672051475118078,16.178733140940253,0.7732336208705096,True,False,True,False,3.063441085786978,0.0646882882153671,0.0,0.0,False,False,False,False,0.02587531528614684,0.396,1.656,,0.0,1.6965,0.0,0.12,prefer_add,SATELLITE
LDOS,,False,False,False,,0.28186714542190305,0.11817345487998662,1.3851984839417515,9.89952153110048,14.460546274882534,10.999279503384674,3.888549408935687,1.2668680176119191,1.0,0.4726938195199465,0.30740075802912425,14.460546274882534,0.6599681020733653,True,False,False,False,2.7229970110000687,0.8519052219715056,0.0,0.0,False,False,False,False,0.34076208878860226,0.581,2.385,,0.0,1.651,0.0,0.12,prefer_add,SATELLITE
USB,,False,False,False,,0.11865746511415803,0.053832255217025504,1.204207582160338,,15.343581272637195,,1.221082585946339,0.11459396317687905,0.47462986045663214,0.21532902086810202,0.397896208919831,15.343581272637195,0.5,False,False,False,False,2.618209286630974,0.0,1.0,1.0,False,True,True,False,0.6,0.546,2.204,levered-assets,-0.1,1.61,0.0,0.12,prefer_add,SATELLITE
FDS,,False,False,False,,0.2784887983506291,0.15708595110870813,0.7728434426189176,14.057549085985105,13.054627389263107,10.473707872251259,4.295781548708585,2.0826049931870108,1.0,0.6283438044348325,0.6135782786905413,13.054627389263107,0.9371699390656737,True,True,True,True,2.632450985430064,0.8908364539073141,0.0,0.0,False,False,False,False,0.3563345815629257,0.436,1.773,,0.0,1.6082,0.0,0.12,prefer_add,INCLUDE_QUALITY
IDXX,,False,False,False,,0.703830659024499,0.4115013259171146,0.7103970624052521,36.18244406196214,13.869248743975772,29.043318137905235,28.483698276940952,13.092189518951768,1.0,1.0,0.644801468797374,13.869248743975772,1.0,True,True,True,True,2.877107531915972,0.0,0.0,0.0,False,False,False,False,0.0,0.415,1.71,,0.0,1.5824,0.0,0.12,prefer_add,INCLUDE_QUALITY
TPL,,False,False,False,,0.3236783281682012,0.3204155771445295,0.010182872670388305,650.7076612903226,13.390999357170896,45.696541167062556,21.004926684315716,18.660239044241724,1.0,1.0,0.9949085636648058,13.390999357170896,1.0,True,True,True,True,2.8578861881253554,0.0,0.0,0.0,False,False,False,False,0.0,0.01,1.01,,0.0,1.5718,0.0,0.12,prefer_add,INCLUDE_QUALITY
EXPD,,False,False,False,,0.3660295836488835,0.29345173690429854,0.2473246453070212,,12.715715601293637,15.722877528346778,8.1585599835561,3.8976195959654447,1.0,1.0,0.8763376773464894,12.715715601293637,0.5,True,True,True,True,2.6888079917960184,0.5020090719743127,0.0,0.0,False,False,False,False,0.20080362878972507,0.198,1.247,,0.0,1.5692,0.0,0.12,prefer_add,INCLUDE_QUALITY
PGR,,False,False,False,,0.3607790505321639,0.2859369202226345,0.26174350010924186,53.34892086330935,12.657767072289484,,3.593932293736796,0.9422055393549837,1.0,1.0,0.8691282499453791,12.657767072289484,1.0,True,True,True,True,2.7290342983352294,0.0,0.06936342500586845,0.41039261419335504,False,False,False,False,0.14392681175976704,0.207,1.262,,0.0,1.5657,0.0,0.12,prefer_add,INCLUDE_QUALITY
GDDY,,False,False,False,,135.86567164179104,0.2365583014994413,573.3432835820895,8.69608493696085,12.665760871181483,9.923637008042684,1677.454843236641,1.405465754156203,1.0,0.9462332059977652,0.0,12.665760871181483,0.57973899579739,True,True,False,False,2.541707992056291,0.93158244384869,0.0,0.0,False,False,False,False,0.37263297753947605,0.998,574.343,,0.0,1.5656,0.0,0.12,prefer_add,SATELLITE
JKHY,,False,False,False,,0.24318405704298882,0.23334656292152456,0.04215829879085315,123.25267938237965,11.91879318487938,12.65679808493453,5.236350586018611,3.664451715174959,0.9727362281719553,0.9333862516860982,0.9789208506045735,11.91879318487938,1.0,True,True,True,True,2.606493849280009,0.7291260677826273,0.0,0.0,False,False,False,False,0.29165042711305095,0.04,1.042,,0.0,1.5648,0.0,0.12,prefer_add,INCLUDE_QUALITY
CHRW,,False,False,False,,0.3515079034880739,0.17888393591723364,0.9650054192161237,12.05860727957708,14.179745726852556,23.43455391313847,11.447759845442624,3.7262285894549283,1.0,0.7155357436689346,0.5174972903919381,14.179745726852556,0.8039071519718053,True,True,True,True,2.7996378908845347,0.0,0.0,0.0,False,False,False,False,0.0,0.491,1.965,,0.0,1.5398,0.0,0.12,prefer_add,INCLUDE_QUALITY
AOS,,False,False,False,,0.2716216949888702,0.1986421027554991,0.3673923665779901,31.42924528301887,11.135071700343827,9.695554296915253,3.7247500108961415,1.8824576883165325,1.0,0.7945684110219964,0.8163038167110049,11.135071700343827,1.0,True,True,True,True,2.431076850864824,0.9484774594877591,0.011222217379492694,0.0,False,False,False,False,0.3827576490089515,0.269,1.367,,0.0,1.5093,0.0,0.12,prefer_add,INCLUDE_QUALITY
WFC,,False,False,False,,0.125478661412953,0.05834883882971997,1.1504911482324214,,13.729925276009574,,1.3868877478291652,0.10950100507419691,0.501914645651812,0.2333953553188799,0.4247544258837893,13.729925276009574,0.5,False,False,False,False,2.3937949555752116,0.0,1.0,1.0,False,True,True,False,0.6,0.535,2.15,levered-assets,-0.1,1.4866,0.0,0.12,prefer_add,SATELLITE
HSIC,,False,False,False,,0.12094304960195959,0.05630791161796151,1.147887323943662,4.4935064935064934,12.21218354351853,12.030726095444535,2.5706260389631495,0.7427162635574706,0.48377219840783836,0.22523164647184604,0.426056338028169,12.21218354351853,0.29956709956709954,False,False,False,False,2.1383938456526197,0.7755017707078122,0.5241662049052669,0.676378315256706,False,False,False,False,0.6703640643317168,0.534,2.148,,0.0,1.4778,0.0,0.12,prefer_add,SATELLITE
TFC,,False,False,False,,0.08607157317718878,0.04147002108390795,1.0755131279783225,,13.956151341850113,,0.8654039793490665,0.10122692496000904,0.3442862927087551,0.1658800843356318,0.4622434360108387,13.956151341850113,0.5,False,False,False,False,2.3658091297924586,0.0,1.0,1.0,False,True,True,False,0.6,0.518,2.076,levered-assets,-0.1,1.4712,0.0,0.12,prefer_add,SATELLITE
AXP,,False,False,False,,0.3338681446907818,0.12263069356791566,1.7225495915985998,,13.207681807209418,,6.645273317354836,0.7391231406538021,1.0,0.49052277427166263,0.13872520420070011,13.207681807209418,0.5,True,False,False,False,2.499117883993016,0.0,0.0,0.6811691457949305,False,False,False,False,0.20435074373847914,0.633,2.723,,0.0,1.4665,0.0,0.12,prefer_add,SATELLITE
UHS,,False,False,False,,0.20372768024893176,0.12078765600634248,0.6866597712454505,14.560881498332428,8.510338995499312,5.197509921709255,1.2758106361374044,0.6073373965904242,0.814910720995727,0.4831506240253699,0.6566701143772747,8.510338995499312,0.9707254332221619,True,False,True,False,1.861542313310033,1.0,1.0,0.8568834712127678,True,True,False,False,0.9570650413638302,0.407,1.687,,0.0,1.4545,0.0,0.12,prefer_add,SATELLITE
OTIS,,False,False,False,,,0.4893479664299548,,,13.286451397503738,13.855093871827517,,2.4431627905651387,0.0,1.0,0.5,13.286451397503738,0.5,False,True,False,False,2.4179677096255605,0.6403634169016654,0.0,0.0,False,False,False,False,0.2561453667606662,,,,0.0,1.4451,0.0,0.12,prefer_add,SATELLITE
FAST,,False,False,False,,0.33230111332301115,0.2997738559772969,0.10850598441839318,395.5777777777778,11.895965978497095,28.091196113142903,13.471335501714506,10.3548723949988,1.0,1.0,0.9457470077908035,11.895965978497095,1.0,True,True,True,True,2.6262569479431845,0.0,0.0,0.0,False,False,False,False,0.0,0.098,1.109,,0.0,1.4444,0.0,0.12,prefer_add,INCLUDE_QUALITY
IBKR,,False,False,False,,0.18585496866606982,0.18545649455065213,0.0021486123545210387,2.1599443671766343,9.24917448205735,2.630643878240787,5.344387474533882,0.1364504708376803,0.7434198746642793,0.7418259782026085,0.9989256938227394,9.24917448205735,0.14399629114510895,True,True,True,True,1.9971884113565908,1.0,0.0,1.0,True,False,True,False,0.7,0.002,1.002,mixed-assets,0.0,1.4135,0.0,0.12,prefer_add,INCLUDE_QUALITY
ANET,,False,False,False,,0.2758561885060539,0.2758561885060539,,,12.17341101457874,35.828217233212484,11.462866150660107,7.138772288253778,1.0,1.0,0.5,12.17341101457874,0.5,True,True,False,False,2.5510116521868107,0.0,0.0,0.0,False,False,False,False,0.0,,,,0.0,1.4031,0.0,0.12,prefer_add,SATELLITE
KIM,,False,False,False,,0.05937314285065242,0.03299534283709387,0.7994400950398435,2.5544806333797876,11.59052884202484,15.67233598651241,1.4428593825422311,0.7653504799660564,0.23749257140260968,0.13198137134837548,0.6002799524800783,11.59052884202484,0.17029870889198584,False,False,True,False,1.9564933728902316,0.5057528898879696,1.0,0.646199360045258,False,True,False,False,0.6961609639687653,0.444,1.799,,0.0,1.3893,0.0,0.12,prefer_add,SATELLITE
LIN,,False,False,False,,0.1836332520873308,0.10915031672394926,0.6823886324742001,20.630901287553648,12.50267841193293,18.69494427346505,5.924668419368202,2.647173286929897,0.7345330083493232,0.43660126689579704,0.6588056837628999,12.50267841193293,1.0,True,False,True,False,2.4255628969279104,0.28185597974332954,0.0,0.0,False,False,False,False,0.11274239189733182,0.406,1.682,,0.0,1.3848,0.0,0.12,prefer_add,SATELLITE
BNY,,False,False,False,,0.1331085456534846,0.07589569911639632,0.7538351606636446,,10.954311053618625,,1.7831508761395445,0.14221269469340594,0.5324341826139384,0.3035827964655853,0.6230824196681777,10.954311053618625,0.5,False,False,True,False,2.0374141147168774,0.0,0.8741551661602025,1.0,False,False,True,False,0.5622465498480607,0.43,1.754,mixed-assets,0.0,1.3736,0.0,0.12,prefer_add,SATELLITE
ZTS,,False,False,False,,0.8175069594803588,0.21193168150108252,2.8574079802041448,15.382608695652173,11.272390667465416,16.38774996960634,18.14497173760146,3.8711029185472827,1.0,0.8477267260043301,0.0,11.272390667465416,1.0,True,True,False,False,2.3451766179211115,0.4527592615106415,0.0,0.0,False,False,False,False,0.18110370460425662,0.741,3.857,,0.0,1.3713,0.0,0.12,prefer_add,SATELLITE
NDAQ,,False,False,False,,0.16408074741408074,0.09264754368611935,0.771021021021021,8.258928571428571,12.364710203674816,15.410685048307633,3.675224915786924,1.61144787280837,0.656322989656323,0.3705901747444774,0.6144894894894894,12.364710203674816,0.550595238095238,True,False,True,False,2.3100134271044093,0.5251344408661013,0.03323337076136701,0.0,False,False,False,False,0.2200237875748506,0.435,1.771,,0.0,1.3695,0.0,0.12,prefer_add,SATELLITE
WRB,,False,False,False,,0.1927242018368405,0.1492018852859386,0.29170084860183476,19.585790514924373,9.782231485239267,,2.5025735601489827,0.5500087140455863,0.770896807347362,0.5968075411437544,0.8541495756990827,9.782231485239267,1.0,True,False,True,False,2.1057684636880873,0.0,0.5544117510448966,0.933321714605885,False,False,False,False,0.4463200396952345,0.226,1.292,,0.0,1.359,0.0,0.12,prefer_add,SATELLITE
VRSK,,False,False,False,,,0.2583063504565211,,6.940030753459764,12.600969209675968,16.327961832913605,,5.197381764602894,0.0,1.0,0.5,12.600969209675968,0.4626687168973176,False,True,False,False,2.311412253141127,0.45718801237677,0.0,0.0,False,False,False,False,0.182875204950708,,,,0.0,1.3536,0.0,0.12,prefer_add,SATELLITE
XEL,,False,False,False,,0.09282121627800641,0.034684684684684684,1.676144157625639,2.3508771929824563,10.722076604823924,13.542191440078467,2.0849705565129746,0.5754389568982117,0.37128486511202563,0.13873873873873874,0.16192792118718047,10.722076604823924,0.15672514619883043,False,False,False,False,1.801280274676778,0.6635413748090024,0.7400130859942335,0.8994147241357178,False,False,False,False,0.7572448929625863,0.626,2.676,,0.0,1.3315,0.0,0.12,prefer_add,SATELLITE
CDW,,False,False,False,,0.4214995695390154,0.1290542888295132,2.266064021288252,7.3936170212765955,10.131360074446738,10.494082241412581,6.024958404040866,0.9357445090793409,1.0,0.5162171553180528,0.0,10.131360074446738,0.4929078014184397,True,False,False,False,2.0238599379042705,0.8893272413768458,0.0,0.41900732122754547,False,False,False,False,0.481433092919002,0.694,3.266,,0.0,1.3298,0.0,0.12,prefer_add,SATELLITE
SPGI,,False,False,False,,0.156249007968001,0.10445005623580841,0.49592076442017713,22.727848101265824,10.978058802872757,14.911045734803904,3.605785582157238,1.8056441615034362,0.624996031872004,0.41780022494323366,0.7520396177899115,10.978058802872757,1.0,True,False,True,False,2.1723536401439714,0.5621447603848959,0.06409529681900539,0.0,False,False,False,False,0.24408649319966,0.332,1.496,,0.0,1.3046,0.0,0.12,prefer_add,SATELLITE
CI,,False,False,False,,0.15053965274519004,0.08612311739912482,0.7479587048334115,7.075246132208157,7.6412621769236875,7.698538540877973,1.7091932248973458,0.4637438741875255,0.6021586109807602,0.34449246959649926,0.6260206475832942,7.6412621769236875,0.47168307548054383,True,False,True,False,1.5712560553972794,1.0,0.9070252333789575,1.0,True,False,True,False,0.9721075700136872,0.428,1.748,mixed-assets,0.0,1.3016,0.0,0.12,prefer_add,SATELLITE
MNST,,False,False,False,,0.23283096721853414,0.2276386513518679,0.022809465070324574,565.2904347826087,10.431731619986863,25.39274155380266,8.120337176968677,6.535366909955163,0.9313238688741365,0.9105546054074716,0.9885952674648377,10.431731619986863,1.0,True,True,True,True,2.3656125754022375,0.0,0.0,0.0,False,False,False,False,0.0,0.022,1.023,,0.0,1.3011,0.0,0.12,prefer_add,INCLUDE_QUALITY
TEL,,False,False,False,,0.22769137852936736,0.1597626867252887,0.42518496149781065,31.90983606557377,9.546817581843396,12.83921124798483,4.413025748066265,2.242230113497727,0.9107655141174694,0.6390507469011548,0.7874075192510946,9.546817581843396,1.0,True,True,True,True,2.115078643469761,0.7156139816307534,0.0,0.0,False,False,False,False,0.2862455926523014,0.298,1.425,,0.0,1.2921,0.0,0.12,prefer_add,INCLUDE_QUALITY
TROW,,False,False,False,,0.19436609263657958,0.18677389730467114,0.040649124109263655,,7.623200931998492,4.909016055023646,1.7708011479570662,1.325990860294732,0.7774643705463183,0.7470955892186846,0.9796754379453682,7.623200931998492,0.5,True,True,True,True,1.79779944342108,1.0,0.8796439342413039,0.0,True,False,False,False,0.6638931802723912,0.039,1.041,,0.0,1.2875,0.0,0.12,prefer_add,INCLUDE_QUALITY
DOV,,False,False,False,,0.14729353723076988,0.10349788653621783,0.4231550243224173,13.403131115459882,11.14507997354411,16.521389531898233,3.920828792222256,2.205754655731692,0.5891741489230795,0.4139915461448713,0.7884224878387913,11.14507997354411,0.8935420743639921,False,False,True,False,2.1803292851642198,0.442860034674205,0.0,0.0,False,False,False,False,0.177144013869682,0.297,1.423,,0.0,1.2789,0.0,0.12,prefer_add,SATELLITE
KEY,,False,False,False,,0.0973632861359884,0.05257612190311512,0.8518537049081903,,10.063747594632792,,1.0648657335800604,0.11281211163325436,0.3894531445439536,0.21030448761246048,0.5740731475459049,10.063747594632792,0.5,False,False,True,False,1.8256004009737288,0.0,1.0,1.0,False,True,True,False,0.6,0.46,1.852,mixed-assets,0.0,1.2741,0.0,0.12,prefer_add,SATELLITE
VEEV,,False,False,False,,0.1289165338919773,0.12712278672968635,0.014110351168631751,,11.688612957793097,23.649521234417193,3.4686544895777276,2.7751924348982757,0.5156661355679092,0.5084911469187454,0.9929448244156841,11.688612957793097,0.5,False,False,True,False,2.2594808520773135,0.0,0.12504244907656548,0.0,False,False,False,False,0.03751273472296964,0.014,1.014,,0.0,1.2596,0.0,0.12,prefer_add,SATELLITE
MTB,,False,False,False,,0.10478335478335478,0.06243210428781392,0.6783569283569284,,9.582958727002374,,1.063656362157991,0.13855429812552775,0.4191334191334191,0.24972841715125568,0.6608215358215358,9.582958727002374,0.5,False,False,True,False,1.7872255903089889,0.0,1.0,1.0,False,True,True,False,0.6,0.404,1.678,mixed-assets,0.0,1.253,0.0,0.12,prefer_add,SATELLITE
ISRG,,False,False,False,,0.1727614979855133,0.1727614979855133,,,11.506335956712665,32.91082289719067,7.842187948731494,6.8248664786283815,0.6910459919420532,0.6910459919420532,0.5,11.506335956712665,0.5,True,True,False,False,2.2655779886721312,0.0,0.0,0.0,False,False,False,False,0.0,,,,0.0,1.2461,0.0,0.12,prefer_add,SATELLITE
ETN,,False,False,False,,0.20232239744434866,0.09601963709871493,1.1070939607524974,16.487261146496817,11.568452868707608,25.67387495621711,7.022997000787945,2.5143055977587196,0.8092895897773946,0.3840785483948597,0.4464530196237513,11.568452868707608,1.0,True,False,False,False,2.26024632470138,0.0,0.0,0.0,False,False,False,False,0.0,0.525,2.107,,0.0,1.2431,0.0,0.12,prefer_add,SATELLITE
MDT,,False,False,False,,0.09706245072074075,0.06200919611489977,0.5652912277864263,9.595238095238095,9.396358793095088,13.124791575699321,2.0768873818012383,1.1042812977386878,0.388249802882963,0.2480367844595991,0.7173543861067868,9.396358793095088,0.6396825396825396,False,False,True,False,1.771911207051304,0.6944598832815317,0.7436056080883385,0.19429160301508297,False,False,False,False,0.5591531166436391,0.361,1.565,,0.0,1.2262,0.0,0.12,prefer_add,SATELLITE
FLEX,,False,False,False,,0.17107309486780714,0.09302325581395349,0.8390357698289269,6.316279069767442,9.877947103746438,13.488214403644115,4.662492198561498,1.0872103295285742,0.6842923794712286,0.37209302325581395,0.5804821150855366,9.877947103746438,0.42108527131782947,True,False,True,False,1.9277885307746918,0.6675396738041397,0.0,0.21705289396190108,False,False,False,False,0.3321317377102262,0.456,1.839,,0.0,1.2097,0.0,0.12,prefer_add,SATELLITE
EMR,,False,False,False,,0.12042555287395951,0.07115832363213039,0.6923607348667684,6.502664298401421,11.040500866269879,16.60601430336325,3.5999070836471017,1.7365736912965004,0.48170221149583803,0.28463329452852154,0.6538196325666158,11.040500866269879,0.4335109532267614,False,False,True,False,2.0273998219554583,0.43659153308420373,0.06670796282351033,0.0,False,False,False,False,0.1946490020807346,0.409,1.692,,0.0,1.2027,0.0,0.12,prefer_add,SATELLITE
FTNT,,False,False,False,,1.367223260911611,1.035498046875,0.32035329765972537,146.6888888888889,9.038039838940048,39.39099403153199,72.66655134502857,10.379501969875664,1.0,1.0,0.8398233511701373,9.038039838940048,1.0,True,True,True,True,2.1816794785165277,0.0,0.0,0.0,False,False,False,False,0.0,0.243,1.32,,0.0,1.1999,0.0,0.12,prefer_add,INCLUDE_QUALITY
GE,,False,False,False,,0.5086167800453515,0.24382422480093485,1.085997732426304,10.55299539170507,9.570103190193976,31.304493625428396,21.95496041034916,3.0334411745610566,1.0,0.9752968992037394,0.45700113378684804,9.570103190193976,0.7035330261136713,True,True,False,False,2.1670080209696123,0.0,0.0,0.0,False,False,False,False,0.0,0.521,2.086,,0.0,1.1919,0.0,0.12,prefer_add,SATELLITE
CRM,,False,False,False,,0.234350810573974,0.10540075408242357,1.2234263180955163,25.914285714285715,9.389004847476444,16.187808241965556,5.539166447408394,1.7775905823680762,0.937403242295896,0.42160301632969427,0.38828684095224186,9.389004847476444,1.0,True,False,False,False,1.9742956308519801,0.4675697598544033,0.0,0.0,False,False,False,False,0.18702790394176133,0.55,2.223,,0.0,1.17,0.0,0.12,prefer_add,SATELLITE
CPAY,,False,False,False,,0.3352182598469344,0.08483012620498014,2.9516416495352877,5.093044240118469,7.910122963576969,10.505634174213514,5.418510143080255,0.7132876040467602,1.0,0.33932050481992054,0.0,7.910122963576969,0.3395362826745646,True,False,False,False,1.622268224249978,0.8884715426508508,0.0,0.7156165279376532,False,False,False,False,0.5700735754416363,0.747,3.952,,0.0,1.1488,0.0,0.12,prefer_add,SATELLITE
ALLE,,False,False,False,,0.3108656660058529,0.15871026821215992,0.9586991409421316,8.866931479642503,8.222787656414173,13.189105294312908,5.639015638752486,2.2285514349091584,1.0,0.6348410728486397,0.5206504295289343,8.222787656414173,0.5911287653095002,True,True,True,True,1.861080911277008,0.6896959041249697,0.0,0.0,False,False,False,False,0.2758783616499879,0.489,1.959,,0.0,1.1477,0.0,0.12,prefer_add,INCLUDE_QUALITY
DGX,,False,False,False,,0.14129856306546035,0.07640837470321606,0.8492549228312932,6.219330855018588,9.262579732454965,12.896539792665768,3.099907417891961,1.375459245107502,0.5651942522618414,0.3056334988128642,0.5753725385843533,9.262579732454965,0.41462205700123916,False,False,True,False,1.7784033716784333,0.7113674227654987,0.28893003649246174,0.0,False,False,False,False,0.371225980053938,0.459,1.849,,0.0,1.1452,0.0,0.12,prefer_add,SATELLITE
PNC,,False,False,False,,0.11339525673063322,0.055375192834611224,1.0477627422320712,,9.624546354858296,,1.2847259167515577,0.13555466065448266,0.4535810269225329,0.2215007713384449,0.4761186288839644,9.624546354858296,0.5,False,False,False,False,1.7676242870396324,0.0,1.0,1.0,False,True,True,False,0.6,0.512,2.048,levered-assets,-0.1,1.1422,0.0,0.12,prefer_add,SATELLITE
ADP,,False,False,False,,0.6843199319695753,0.40819681370707145,0.676446040219839,13.531976100907281,6.8638997449026515,12.132771698141536,12.632305631674969,1.2439699025761228,1.0,1.0,0.6617769798900806,6.8638997449026515,0.9021317400604854,True,True,True,True,1.8190646827249584,0.767942837174701,0.0,0.00804012989850289,False,False,False,False,0.3095891738394313,0.404,1.676,,0.0,1.1398,0.0,0.12,prefer_add,INCLUDE_QUALITY
URI,,False,False,False,,0.2859930615784909,0.1071965541062213,1.6679314830875975,5.921678321678321,8.690398405464952,11.519658154285647,7.644611261379575,2.2518328630952675,1.0,0.4287862164248852,0.16603425845620123,8.690398405464952,0.3947785547785548,True,False,False,False,1.796578619993494,0.8133586552381002,0.0,0.0,False,False,False,False,0.3253434620952401,0.625,2.668,,0.0,1.1345,0.0,0.12,prefer_add,SATELLITE
FFIV,,False,False,False,,0.19405382818547365,0.18115503105818845,0.07120308529075303,,8.519671315382658,16.85228717163898,4.505035741683776,2.5304404262081572,0.7762153127418946,0.7246201242327538,0.9643984573546235,8.519671315382658,0.5,True,True,True,True,1.9228610970029867,0.41834909839711254,0.0,0.0,False,False,False,False,0.16733963935884502,0.066,1.071,,0.0,1.1329,0.0,0.12,prefer_add,INCLUDE_QUALITY
UAL,,False,False,False,,0.20943882134515182,0.06943313809192891,2.0164101335569264,5.047016274864376,7.17097944935874,12.117563434904115,2.6434832061828333,0.5219198417107305,0.8377552853806073,0.27773255236771566,0.0,7.17097944935874,0.33646775165762505,True,False,False,False,1.4439400438940704,0.7690693751922878,0.4917852416965185,0.9707735443856927,False,False,False,False,0.7463953859015785,0.668,3.016,,0.0,1.13,0.0,0.12,prefer_add,SATELLITE
GEHC,,False,False,False,,0.1807744874715262,0.0922104480386689,0.9604555808656037,7.234192037470726,6.750801241147243,10.107714776699396,2.632903308854758,0.7758179083574336,0.7230979498861048,0.3688417921546756,0.5197722095671982,6.750801241147243,0.4822794691647151,True,False,True,False,1.4663958871358715,0.9179470535778225,0.49648741828677423,0.6322427888567552,False,False,False,False,0.7057978835741878,0.49,1.96,,0.0,1.1241,0.0,0.12,prefer_add,SATELLITE
VTR,,False,False,False,,0.017934592402050076,0.009530151153505546,0.8818791132660118,1.3561663443432235,12.282712483410586,24.398556279485824,3.1093178801797983,1.5359386964598223,0.0717383696082003,0.03812060461402218,0.5590604433669941,12.282712483410586,0.09041108962288157,False,False,True,False,1.968264740245592,0.0,0.28474760880897854,0.0,False,False,False,False,0.08542428264269356,0.469,1.882,,0.0,1.121,0.0,0.12,prefer_add,SATELLITE
TDY,,False,False,False,,0.08927966295736593,0.07530029740064115,0.18564821175069834,,9.99440479130357,20.544407187433038,2.829741246441251,2.02197127033774,0.35711865182946373,0.3012011896025646,0.9071758941246508,9.99440479130357,0.5,False,False,True,False,1.8827330552438415,0.144858726856812,0.4090038904705552,0.0,False,False,False,False,0.18064465788389136,0.157,1.186,,0.0,1.1168,0.0,0.12,prefer_add,SATELLITE
FSLR,,False,False,False,,0.16918186206692068,0.16606013040466228,0.018798802907424157,48.29010362694301,6.165426837458695,9.779666427622159,2.4571454828337873,1.894042370830604,0.6767274482676827,0.6642405216186491,0.9906005985462879,6.165426837458695,1.0,True,True,True,True,1.5756945063666472,0.9422469312872475,0.5746020076294278,0.0,False,False,False,False,0.5492793748037273,0.018,1.019,,0.0,1.1138,0.0,0.12,prefer_add,INCLUDE_QUALITY
SLB,,False,False,False,,0.11893073559868068,0.0797746449886808,0.4908337807777863,8.65234375,8.234282940983645,11.864448641794256,2.6462307777968523,1.2424875981465664,0.47572294239472274,0.3190985799547232,0.7545831096111069,8.234282940983645,0.5768229166666666,False,False,True,False,1.644458655960713,0.7878186191263514,0.4905640987569545,0.010016535804578175,False,False,False,False,0.4653016380190004,0.329,1.491,,0.0,1.1138,0.0,0.12,prefer_add,SATELLITE
PNR,,False,False,False,,0.17373909796495346,0.11813565469713457,0.4706745259115035,11.342215988779804,8.207517947540703,14.908657568616835,3.2490639528753698,1.8148618155769531,0.6949563918598138,0.47254261878853826,0.7646627370442483,8.207517947540703,0.7561477325853203,True,False,True,False,1.7716915791407801,0.5623216615839381,0.22263824316650238,0.0,False,False,False,False,0.291720137583526,0.32,1.471,,0.0,1.1057,0.0,0.12,prefer_add,SATELLITE
TMO,,False,False,False,,0.13186220707449983,0.07201295560182557,0.8310900583444053,6.048979591836734,10.827572443018664,22.101265457238394,4.212044550595207,1.9309867466394268,0.5274488282979993,0.28805182240730226,0.5844549708277973,10.827572443018664,0.403265306122449,False,False,True,False,1.9967808379008043,0.02953589205641527,0.0,0.0,False,False,False,False,0.011814356822566109,0.454,1.831,,0.0,1.1035,0.0,0.12,prefer_add,SATELLITE
ORLY,,False,False,False,,,0.3397504230725571,,14.885446107099003,9.856358460237743,20.44102620263076,,4.448218245414773,0.0,1.0,0.5,9.856358460237743,0.9923630738066003,False,True,False,False,1.9526900764163213,0.1525165775829067,0.0,0.0,False,False,False,False,0.06100663103316269,,,,0.0,1.1014,0.0,0.12,prefer_add,SATELLITE
ACN,,False,False,False,,0.24426509081086864,0.19339325752539716,0.2630486395255575,41.0625500810702,5.902354921905236,9.029436100621925,3.5470015551594916,1.6439694929225774,0.9770603632434746,0.7735730301015886,0.8684756802372212,5.902354921905236,1.0,True,True,True,True,1.6408146083248876,0.9978195481020796,0.09022153104022601,0.0,False,False,False,False,0.42619427855289965,0.208,1.263,,0.0,1.0942,0.0,0.12,prefer_add,INCLUDE_QUALITY
ULTA,,False,False,False,,0.4606418941825797,0.24345670780878398,0.892089555997683,386.3211253941305,6.31950379626824,13.264757184485596,8.952459084581102,3.3509895640611784,1.0,0.9738268312351359,0.5539552220011585,6.31950379626824,1.0,True,True,True,True,1.7231669021109506,0.6840920604084744,0.0,0.0,False,False,False,False,0.27363682416338975,0.471,1.892,,0.0,1.0709,0.0,0.12,prefer_add,INCLUDE_QUALITY
ROST,,False,False,False,,0.3672891194500621,0.20998611462862368,0.7491114595821763,92.84684902523803,7.607495732755955,20.434173687278186,11.566646228038481,4.68850825131809,1.0,0.8399444585144947,0.6254442702089118,7.607495732755955,1.0,True,True,True,True,1.8869243379990783,0.15302417131272694,0.0,0.0,False,False,False,False,0.06120966852509078,0.428,1.749,,0.0,1.0654,0.0,0.12,prefer_add,INCLUDE_QUALITY
NDSN,,False,False,False,,0.16492106294509928,0.10203200009891839,0.6163660693234569,7.739973776769547,9.294758701674949,20.051472048967117,5.004764646286293,2.6870069329648905,0.6596842517803971,0.40812800039567354,0.6918169653382715,9.294758701674949,0.5159982517846365,True,False,True,False,1.8699298508832678,0.18137244081725057,0.0,0.0,False,False,False,False,0.07254897632690023,0.381,1.616,,0.0,1.0611,0.0,0.12,prefer_add,SATELLITE
NVR,,False,False,False,,0.35448968155432947,0.27258584392302093,0.3004698866696775,57.41353962475497,5.264696187400249,10.215985371096565,5.051059375272452,3.159555068823126,1.0,1.0,0.8497650566651612,5.264696187400249,1.0,True,True,True,True,1.6171691866098117,0.9099270095484026,0.0,0.0,False,False,False,False,0.36397080381936103,0.231,1.3,,0.0,1.0532,0.0,0.12,prefer_add,INCLUDE_QUALITY
SYK,,False,False,False,,0.14521954828321512,0.0885098933743568,0.6407154358327168,18.410526315789475,9.246108445064277,21.255120209011903,5.467301340871622,2.713985818234408,0.5808781931328605,0.3540395734974272,0.6796422820836416,9.246108445064277,1.0,False,False,True,False,1.869337939061274,0.0922133178509702,0.0,0.0,False,False,False,False,0.03688532714038808,0.391,1.641,,0.0,1.0447,0.0,0.12,prefer_add,SATELLITE
OKE,,False,False,False,,0.1579371114192423,0.06304343944723169,1.5052108959162678,3.597191011235955,6.835502634688207,11.339773623527106,2.517077793541935,0.8251001895842858,0.6317484456769692,0.25217375778892676,0.2473945520418661,6.835502634688207,0.23981273408239698,True,False,False,False,1.3515925124575194,0.8266834352942884,0.5479654250924735,0.5665330805542856,False,False,False,False,0.6650229258117432,0.601,2.505,,0.0,1.0426,0.0,0.12,prefer_add,SATELLITE
ROP,,False,False,False,,0.09108831969391008,0.05853766819206339,0.5560633436071846,6.957664637520753,6.918484581240617,13.090826827068717,1.8503792122885376,1.0078040455458543,0.36435327877564033,0.23415067276825355,0.7219683281964078,6.918484581240617,0.4638443091680502,False,False,True,False,1.3720035527955268,0.6969757905875025,0.8442759056495388,0.3229279392721942,False,False,False,False,0.6289514697115209,0.357,1.556,,0.0,1.0376,0.0,0.12,prefer_add,SATELLITE
STE,,False,False,False,,0.10890082966757615,0.08438322474867326,0.29055069881396517,18.22532894736842,7.640573870414541,14.508014538999085,2.991101952208912,2.001162312696787,0.4356033186703046,0.337532898994693,0.8547246505930174,7.640573870414541,1.0,False,False,True,False,1.606235643450633,0.5919989230371048,0.3372880212404835,0.0,False,False,False,False,0.33798597558698695,0.225,1.291,,0.0,1.0355,0.0,0.12,prefer_add,SATELLITE
NSC,,False,False,False,,0.16218544268750384,0.08019714624722382,1.0223343382760106,5.278625954198473,8.702097947361876,15.504774683368629,4.347477218946015,1.5659666512904917,0.6487417707500154,0.3207885849888953,0.4888328308619947,8.702097947361876,0.3519083969465649,True,False,False,False,1.7046895631499102,0.5181648382689905,0.0,0.0,False,False,False,False,0.2072659353075962,0.506,2.022,,0.0,1.0308,0.0,0.12,prefer_add,SATELLITE
PPG,,False,False,False,,0.18618974298235225,0.09885548987548735,0.8834537486675352,8.964705882352941,6.954821572058104,11.650767423343389,3.1935055316264043,1.19653710852586,0.744758971929409,0.3954219595019494,0.5582731256662323,6.954821572058104,0.5976470588235294,True,False,True,False,1.5287831899704107,0.8036468575301193,0.2473308748327092,0.07128385529885328,False,False,False,False,0.4170431620515165,0.469,1.883,,0.0,1.0285,0.0,0.12,prefer_add,SATELLITE
CTSH,,False,False,False,,0.15350573917853685,0.13409035999033583,0.1447932512792145,98.41666666666667,3.826809274566375,4.510410533489274,1.206313373556424,0.8377288839554864,0.6140229567141474,0.5363614399613433,0.9276033743603928,3.826809274566375,1.0,True,False,True,False,1.1582772163416624,1.0,1.0,0.5496948213926849,True,True,False,False,0.8649084464178054,0.126,1.145,,0.0,1.0263,0.0,0.12,prefer_add,SATELLITE
JBHT,,False,False,False,,0.1844363658238803,0.14045012839274604,0.31318047149187267,13.714091811804375,7.445929721951417,16.876875571689656,7.432580082091059,3.421341679643716,0.7377454632955212,0.5618005135709842,0.8434097642540637,7.445929721951417,0.914272787453625,True,False,True,False,1.724691994736136,0.4165277354303959,0.0,0.0,False,False,False,False,0.16661109417215836,0.238,1.313,,0.0,1.0236,0.0,0.12,prefer_add,SATELLITE
HUBB,,False,False,False,,0.23055292824458704,0.09525267993874426,1.4204350826963879,12.68937048503612,8.903660609255459,22.352381524299425,7.066132005452299,2.3334066445044694,0.9222117129783481,0.381010719754977,0.2897824586518061,8.903660609255459,0.8459580323357413,True,False,False,False,1.8545789932396612,0.010934701903746347,0.0,0.0,False,False,False,False,0.004373880761498539,0.587,2.42,,0.0,1.022,0.0,0.12,prefer_add,SATELLITE
PHM,,False,False,False,,0.14649511350741767,0.1245075076189048,0.17659662705491608,4111.151565074135,5.405759733655052,10.389976590736849,2.00838896808533,1.4311099963385407,0.5859804540296707,0.4980300304756192,0.911701686472542,5.405759733655052,1.0,False,False,True,False,1.3728223583707262,0.8970387710565297,0.774049347517631,0.0,False,False,False,False,0.5910303126779012,0.15,1.177,,0.0,1.021,0.0,0.12,prefer_add,SATELLITE
BKR,,False,False,False,,0.15551537070524413,0.0856171012969774,0.8164054651396424,14.066914498141264,6.205557399789803,10.948702941043306,2.7674005897377936,1.0470051490022805,0.6220614828209765,0.3424684051879096,0.5917972674301788,6.205557399789803,0.9377942998760843,True,False,True,False,1.4027415964732717,0.8556516339967921,0.4367108490054251,0.27065980133029266,False,False,False,False,0.5544718486994322,0.449,1.816,,0.0,1.021,0.0,0.12,prefer_add,SATELLITE
DXCM,,False,False,False,,0.3813611047531853,0.24869396487387432,0.5334554055085069,86.33333333333333,5.92467511750281,16.48941501311216,9.695295241833817,3.9371132165729197,1.0,0.9947758594954973,0.7332722972457466,5.92467511750281,1.0,True,True,True,True,1.6971248700609327,0.44522851754724735,0.0,0.0,False,False,False,False,0.17809140701889895,0.348,1.533,,0.0,1.0136,0.0,0.12,prefer_add,INCLUDE_QUALITY
NTAP,,False,False,False,,0.9444855662472242,0.31243878550440746,2.0229459659511475,16.119266055045873,5.8246432232142205,11.412390512525747,16.040746286464017,2.0170372517696284,1.0,1.0,0.0,5.8246432232142205,1.0,True,True,False,False,1.573696483482133,0.8213044064795744,0.0,0.0,False,False,False,False,0.32852176259182975,0.669,3.023,,0.0,1.0134,0.0,0.12,prefer_add,SATELLITE
AMP,,False,False,False,,0.6270122343850612,0.32388158988857474,0.9359304571796523,16.217791411042946,5.390386357936187,,6.301031580603821,0.21221161616667536,1.0,1.0,0.5320347714101739,5.390386357936187,1.0,True,True,True,True,1.5883631694019542,0.0,0.0,1.0,False,False,True,False,0.3,0.483,1.936,mixed-assets,0.0,1.0086,0.0,0.12,prefer_add,INCLUDE_QUALITY
CMG,,False,False,False,,0.6030756323113761,0.1897149218365679,2.178851860851001,,7.909208426873412,19.744821194899753,16.856164764167332,4.610074139013924,1.0,0.7588596873462716,0.0,7.909208426873412,0.5,True,True,False,False,1.7640391702348932,0.2040873188963146,0.0,0.0,False,False,False,False,0.08163492755852585,0.685,3.179,,0.0,1.007,0.0,0.12,prefer_add,SATELLITE
GRMN,,False,False,False,,0.20791796401223478,0.20389921983019385,0.019709463260269976,,6.987386656163348,18.885803737043915,5.073665317200638,4.0100338935878925,0.8316718560489391,0.8155968793207754,0.990145268369865,6.987386656163348,0.5,True,True,True,True,1.7408104092908965,0.2677182417004508,0.0,0.0,False,False,False,False,0.10708729668018031,0.019,1.02,,0.0,1.0056,0.0,0.12,prefer_add,INCLUDE_QUALITY
L,,False,False,False,,0.08736099230111206,0.05912149938490484,0.4776518391787853,6.015730337078652,7.137414777243415,,1.173603739188525,0.2562822156841892,0.34944396920444826,0.23648599753961935,0.7611740804106073,7.137414777243415,0.4010486891385768,False,False,True,False,1.4006721875851813,0.0,1.0,1.0,False,True,True,False,0.6,0.323,1.478,cheap-assets,0.03,1.0,0.0,0.12,prefer_add,SATELLITE
RJF,,False,False,False,,0.17084427468767407,0.12788896831069813,0.335879684888995,,9.113271080022734,,2.197182922411849,0.3003132100620998,0.6833770987506963,0.5115558732427925,0.8320601575555024,9.113271080022734,0.5,True,False,True,False,1.900279577234782,0.0,0.6901409233725115,1.0,False,False,True,False,0.5070422770117534,0.251,1.336,cheap-assets,0.03,1.0,0.0,0.12,prefer_add,SATELLITE
CME,,False,False,False,,0.16164914556341534,0.14316437688264327,0.12911569961237387,32.98399085191538,10.773824229891686,13.22404634053718,2.9941175978549928,0.4078825926801349,0.6465965822536613,0.5726575075305731,0.935442150193813,10.773824229891686,1.0,True,False,True,False,2.222166183948095,0.6871076784787273,0.3359477342866699,1.0,False,False,True,False,0.675627391677492,0.114,1.129,cheap-assets,0.03,1.0,0.0,0.12,prefer_add,SATELLITE
GL,,False,False,False,,0.19347233571464728,0.1328192590018481,0.45665874940587675,11.364430821868986,5.594061726019691,,1.76851794950883,0.34750271327952936,0.7738893428585891,0.5312770360073924,0.7716706252970617,5.594061726019691,0.7576287214579324,True,False,True,False,1.4221726385031006,0.0,0.8806586891071867,1.0,False,False,True,False,0.5641976067321559,0.313,1.457,cheap-assets,0.03,1.0,0.0,0.12,prefer_add,SATELLITE
ACGL,,False,False,False,,0.20142219282288737,0.1810008544785823,0.11282454109475773,37.06666666666667,3.955031943589898,,1.3532573702474535,0.40189314725763586,0.8056887712915495,0.7240034179143292,0.9435877294526211,3.955031943589898,1.0,True,True,True,True,1.2937006077181414,0.0,1.0,1.0,False,True,True,False,0.6,0.101,1.113,cheap-assets,0.03,1.0,0.0,0.12,prefer_add,INCLUDE_QUALITY
HIG,,False,False,False,,0.22232975092955737,0.18182196859249386,0.22278816278714408,26.22110552763819,7.320997211302641,,1.8503446970719308,0.41289587122072696,0.8893190037182295,0.7272878743699754,0.8886059186064279,7.320997211302641,1.0,True,True,True,True,1.8164225329128219,0.0,0.8442912457458085,1.0,False,False,True,False,0.5532873737237425,0.182,1.223,cheap-assets,0.03,1.0,0.0,0.12,prefer_add,INCLUDE_QUALITY
EME,,False,False,False,,0.3528293241302143,0.3114497704419223,0.13286108263806945,,5.923953243282914,16.796151950506946,8.969811086467143,3.6021197061585633,1.0,1.0,0.9335694586809653,5.923953243282914,0.5,True,True,True,True,1.678628405294582,0.4225072629254114,0.0,0.0,False,False,False,False,0.16900290517016459,0.117,1.133,,0.0,0.9993,0.0,0.12,prefer_add,INCLUDE_QUALITY
VRT,,False,False,False,,0.36404910038674965,0.21393809135601177,0.7016562972927527,27.69693094629156,7.082262522954451,50.69497587387787,27.093858858163276,8.106568993176335,1.0,0.8557523654240471,0.6491718513536237,7.082262522954451,1.0,True,True,True,True,1.8164408657734255,0.0,0.0,0.0,False,False,False,False,0.0,0.412,1.702,,0.0,0.999,0.0,0.12,prefer_add,INCLUDE_QUALITY
AIZ,,False,False,False,,0.17040924114901013,0.1238346395275415,0.3761031792005997,12.14478417266187,5.073935955139987,,1.9218800659282635,0.3153691896210171,0.6816369645960405,0.495338558110166,0.8119484103997001,5.073935955139987,0.809652278177458,True,False,True,False,1.3169405394605607,0.0,0.8124977484763273,1.0,False,False,True,False,0.5437493245428981,0.273,1.376,cheap-assets,0.03,0.999,0.0,0.12,prefer_add,SATELLITE
TMUS,,False,False,False,,0.187683284457478,0.060101079087556346,2.122793921620901,4.4373446046742915,6.350001898296025,9.191408005255173,3.197710922696924,0.8425037581562536,0.750733137829912,0.24040431635022538,0.0,6.350001898296025,0.29582297364495275,True,False,False,False,1.27942381836294,0.9858216292403575,0.24546181213470042,0.5433283224583285,False,False,False,False,0.6309656920740517,0.68,3.123,,0.0,0.9876,0.0,0.12,prefer_add,SATELLITE
TYL,,False,False,False,,0.1068789301834467,0.07226116202954369,0.479064648029735,65.2819059292171,8.963131143292335,21.584683956526188,3.9433621295535373,2.0601608552302433,0.4275157207337868,0.28904464811817476,0.7604676759851325,8.963131143292335,1.0,False,False,True,False,1.7735079335472086,0.06780118840546756,0.0,0.0,False,False,False,False,0.027120475362187025,0.324,1.479,,0.0,0.9876,0.0,0.12,prefer_add,SATELLITE
DPZ,,False,False,False,,,0.5230721610070658,,4.865591370699363,7.939947338878868,14.414195750670341,,5.790999104435244,0.0,1.0,0.5,7.939947338878868,0.3243727580466242,False,True,False,False,1.5984293766364928,0.598948462913308,0.0,0.0,False,False,False,False,0.23957938516532323,,,,0.0,0.9869,0.0,0.12,prefer_add,SATELLITE
VICI,,False,False,False,,0.0948113468049792,0.05882701144710422,0.6116974918950487,4.348216061105786,5.225356656683353,12.798850746072606,1.0021548788837915,0.6056115513766689,0.3792453872199168,0.23530804578841688,0.6941512540524757,5.225356656683353,0.2898810707403857,False,False,True,False,1.1012803235869129,0.7186036484390662,1.0,0.8591845981644415,False,True,False,False,0.8451968388249589,0.38,1.612,,0.0,0.986,0.0,0.12,prefer_add,SATELLITE
FISV,,False,False,False,,0.12213274302507537,0.05764934784175254,1.1185450936987138,3.4539600772698003,5.5701861853499235,6.847897855872143,1.135665509406492,0.36941416313203923,0.4885309721003015,0.23059739136701016,0.4407274531506431,5.5701861853499235,0.23026400515132,False,False,False,False,1.1404019553304103,1.0,1.0,1.0,True,True,True,True,1.0,0.528,2.119,levered-assets,-0.1,0.9772,0.0,0.12,prefer_add,INCLUDE_VALUE
INCY,,False,False,False,,0.2541416269743509,0.2526179384441742,0.006031592766375908,847.1776344086021,3.865038172755175,9.20405006176435,3.621732366102863,2.9186900683184303,1.0,1.0,0.9969842036168121,3.865038172755175,1.0,True,True,True,True,1.429303356455798,0.9848851806100481,0.05700783728761649,0.0,False,False,False,False,0.41105642343030424,0.006,1.006,,0.0,0.9711,0.0,0.12,prefer_add,INCLUDE_QUALITY
PCAR,,False,False,False,,0.12323030514780059,0.07151240658295661,0.7232017636666945,,8.331974920490532,19.974781778041002,3.1113639186501123,1.437626553829221,0.49292122059120236,0.28604962633182646,0.6383991181666527,8.331974920490532,0.5,False,False,True,False,1.6292473598754864,0.18705320162659245,0.2838382583777279,0.0,False,False,False,False,0.15997275816395534,0.42,1.723,,0.0,0.9681,0.0,0.12,prefer_add,SATELLITE
KVUE,,False,False,False,,0.15290346907993968,0.0835651725914477,0.8297511312217195,6.158508158508159,6.822774817339337,12.611929399613395,3.0832245150038218,1.2179506090400143,0.6116138763197587,0.3342606903657908,0.5851244343891402,6.822774817339337,0.41056721056721057,True,False,True,False,1.4360039788216572,0.7324496741027116,0.2963446599983014,0.04273252127998095,False,False,False,False,0.39470302402456936,0.453,1.83,,0.0,0.9674,0.0,0.12,prefer_add,SATELLITE
CSX,,False,False,False,,0.22887373952563556,0.09638446125781273,1.3745916773185627,5.959858323494687,7.473699972117362,15.87557901278545,6.252530218980832,1.9686117815965676,0.9154949581025422,0.38553784503125094,0.31270416134071866,7.473699972117362,0.3973238882329791,True,False,False,False,1.5980028497821477,0.4906978509047816,0.0,0.0,False,False,False,False,0.19627914036191263,0.579,2.375,,0.0,0.9672,0.0,0.12,prefer_add,SATELLITE
PSA,,False,False,False,,0.2224492616111805,0.10554046244042808,1.1077154341325837,7.293168670703398,7.792002297125315,19.59637732691126,6.468033464699418,2.9547584484154457,0.889797046444722,0.42216184976171234,0.44614228293370817,7.792002297125315,0.48621124471355986,True,False,False,False,1.6779304803421395,0.2150831609695364,0.0,0.0,False,False,False,False,0.08603326438781456,0.526,2.108,,0.0,0.9616,0.0,0.12,prefer_add,SATELLITE
ROL,,False,False,False,,0.37193418844611453,0.2089339463240206,0.7801520288584824,21.788395193909114,6.703867071726846,24.450740181429726,14.0480219044574,5.986115358089697,1.0,0.8357357852960824,0.6099239855707588,6.703867071726846,1.0,True,True,True,True,1.7477893941834655,0.0,0.0,0.0,False,False,False,False,0.0,0.438,1.78,,0.0,0.9613,0.0,0.12,prefer_add,INCLUDE_QUALITY
MET,,False,False,False,,0.1324476650563607,0.07468939612828662,0.7733128385302298,5.507490636704119,5.892864786253611,,1.6526794048137432,0.06076041939251534,0.5297906602254429,0.2987575845131465,0.613343580734885,5.892864786253611,0.3671660424469413,False,False,True,False,1.2612123327145452,0.0,0.9321424867494474,1.0,False,False,True,False,0.5796427460248342,0.436,1.773,mixed-assets,0.0,0.9545,0.0,0.12,prefer_add,SATELLITE
CBOE,,False,False,False,,0.22985019075090724,0.17750535347293084,0.2948915976551596,33.80113636363637,5.58777675834757,15.109749177413226,5.462643501796378,2.6514836464963807,0.9194007630036289,0.7100214138917234,0.8525542011724202,5.58777675834757,1.0,True,True,True,True,1.5548762969966043,0.5474259868582796,0.0,0.0,False,False,False,False,0.21897039474331184,0.228,1.295,,0.0,0.9537,0.0,0.12,prefer_add,INCLUDE_QUALITY
ICE,,False,False,False,,0.13664512199248757,0.08063421063141499,0.6946296233629996,7.630597014925373,4.38932964055505,11.526974965801406,2.338779589090657,0.396639687553978,0.5465804879699503,0.32253684252565995,0.6526851883185002,4.38932964055505,0.5087064676616915,False,False,True,False,1.0679080702458847,0.8128166691998958,0.6272090715152636,1.0,False,False,True,False,0.8132893891345374,0.41,1.695,mixed-assets,0.0,0.9533,0.0,0.12,prefer_add,SATELLITE
MCO,,False,False,False,,0.9239669421487603,0.2650042666160994,2.4866115702479337,14.464419475655431,6.381257194708285,19.39227303160621,25.929630941721737,5.3449494786172576,1.0,1.0,0.0,6.381257194708285,0.9642946317103621,True,True,False,False,1.6536180423772788,0.23020199765879934,0.0,0.0,False,False,False,False,0.09208079906351974,0.713,3.487,,0.0,0.9509,0.0,0.12,prefer_add,SATELLITE
WSM,,False,False,False,,0.5821658312849903,0.32364463240418534,0.7987810487088486,,5.037285399513864,13.416096983950203,11.373309578853299,4.203114535879137,1.0,1.0,0.6006094756455758,5.037285399513864,0.5,True,True,True,True,1.495684231273916,0.6728817048925776,0.0,0.0,False,False,False,False,0.26915268195703107,0.444,1.799,,0.0,0.9437,0.0,0.12,prefer_add,INCLUDE_QUALITY
EXE,,False,False,False,,0.14327666151468316,0.12019189212550782,0.19206594538897476,17.211009174311926,2.8469945521376046,3.6164294815414806,1.0876265370481606,0.7531513051767676,0.5731066460587326,0.4807675685020313,0.9039670273055126,2.8469945521376046,1.0,False,False,True,False,0.9788065012846967,1.0,1.0,0.6624649264309765,True,True,False,False,0.8987394779292929,0.161,1.192,,0.0,0.9428,0.0,0.12,prefer_add,SATELLITE
NEM,,False,False,False,,0.2439349658088131,0.21049925320143972,0.15884005334392645,84.86792452830188,3.314960300540527,5.923672510238609,2.792465446165389,1.7073759948510057,0.9757398632352524,0.8419970128057589,0.9205799733280368,3.314960300540527,1.0,True,True,True,True,1.280652103892588,1.0,0.4255709128153826,0.0,True,False,False,False,0.5276712738446148,0.137,1.159,,0.0,0.9418,0.0,0.12,prefer_add,INCLUDE_QUALITY
CNP,,False,False,False,,0.09530716723549489,0.030718882349705736,2.102559726962457,2.3089108910891087,6.456637125478408,13.410818635625828,2.4752595637027675,0.6012443955771282,0.38122866894197954,0.12287552939882294,0.0,6.456637125478408,0.15392739273927392,False,False,False,False,1.1351195675979293,0.6732726936573461,0.5665513050209923,0.8650074725638291,False,False,False,False,0.6987767107383849,0.678,3.103,,0.0,0.9388,0.0,0.12,prefer_add,SATELLITE
PCG,,False,False,False,,0.09338957552874547,0.032108230903411625,1.9085867673519956,1.8900354724282489,6.070536976885871,9.54939928805183,1.0927055451700822,0.255340722702659,0.37355830211498187,0.1284329236136465,0.04570661632400219,6.070536976885871,0.12600236482854993,False,False,False,False,1.0806341431829245,0.9593037564406052,1.0,1.0,False,True,True,False,0.983721502576242,0.656,2.909,levered-assets,-0.1,0.937,0.0,0.12,prefer_add,SATELLITE
EBAY,,False,False,False,,0.46237533998186764,0.17565007749268124,1.6323662737987308,10.3130081300813,6.028787322816147,14.944438930492305,9.134440210226549,2.2523417094684812,1.0,0.702600309970725,0.1838168631006346,6.028787322816147,0.6875338753387533,True,True,False,False,1.5114241084126099,0.5596711903339033,0.0,0.0,False,False,False,False,0.22386847613356134,0.62,2.632,,0.0,0.932,0.0,0.12,prefer_add,SATELLITE
DVA,,False,False,False,,,0.06268707364296776,,3.3757953362869957,6.366952480744994,8.28561510660025,,0.5637114721992289,0.0,0.25074829457187103,0.5,6.366952480744994,0.22505302241913305,False,False,False,False,1.1277726627252236,1.0,0.0,0.9150513704010281,True,False,False,False,0.6745154111203084,,,,0.0,0.9238,0.0,0.12,prefer_add,SATELLITE
RF,Financials,False,True,False,,0.15,0.15,0.2,8.0,0.72,7.5,1.1,0.12,0.6,0.6,0.9,0.72,0.5333333333333333,True,True,True,True,0.6563333333333333,1.0,1.0,1.0,True,True,True,True,1.0,0.167,1.2,cheap-assets,0.03,0.921,0.0,0.12,prefer_add,INCLUDE_CORE
SYY,,False,False,False,,0.7557683935568132,0.0982011539766942,6.69612538093165,4.344624447717231,6.314696409247804,11.60779588038938,14.658191931276301,1.20322577515426,1.0,0.3928046159067768,0.0,6.314696409247804,0.2896416298478154,True,False,False,False,1.394010009143985,0.8068299347859718,0.0,0.0623656331276532,False,False,False,False,0.3414416638526847,0.87,7.696,,0.0,0.9204,0.0,0.12,prefer_add,SATELLITE
KMI,,False,False,False,,0.10960766336821473,0.054367257331033404,1.0160601941133698,,5.797573519959996,13.413129954047857,2.250667422980821,0.961233307989338,0.4384306534728589,0.21746902932413362,0.4919699029433151,5.797573519959996,0.5,False,False,False,False,1.1902014182745944,0.6731014848853438,0.6663700342307461,0.3850222560142159,False,False,False,False,0.5846582810276261,0.504,2.016,,0.0,0.9177,0.0,0.12,prefer_add,SATELLITE
LVS,,False,False,False,,2.972461273666093,0.10900713248753392,26.268502581755595,4.101986754966887,5.864118556938745,9.052255694993024,51.49279999910117,1.5027031392575108,1.0,0.4360285299501357,0.0,5.864118556938745,0.27346578366445917,True,False,False,False,1.3377729208922984,0.9961292077782945,0.0,0.0,False,False,False,False,0.39845168311131784,0.963,27.269,,0.0,0.9151,0.0,0.12,prefer_add,SATELLITE
MPWR,,False,False,False,,0.18516238330781717,0.18416239832659792,0.005429908549767363,,6.723307039367959,61.352711502824626,14.584842306816418,12.055756443891491,0.7406495332312687,0.7366495933063917,0.9972850457251163,6.723307039367959,0.5,True,True,True,True,1.6512785507252594,0.0,0.0,0.0,False,False,False,False,0.0,0.005,1.005,,0.0,0.9082,0.0,0.12,prefer_add,INCLUDE_QUALITY
ZBH,,False,False,False,,0.06005539204469239,0.03778239998411461,0.589507073927075,4.057210561949899,4.716907027375171,10.612815777926674,1.376635725018501,0.7678384239612073,0.24022156817876955,0.15112959993645844,0.7052464630364625,4.716907027375171,0.27048070412999325,False,False,True,False,0.9577764444093128,0.8805321645980242,1.0,0.642882101385057,False,True,False,False,0.8450774962547267,0.371,1.59,,0.0,0.9071,0.0,0.12,prefer_add,SATELLITE
PAYX,,False,False,False,,0.47123236325667317,0.2109571637461946,1.2337822280527964,9.574768089053803,4.828010572103232,12.457416487916825,9.13996145832041,2.1106476270037753,1.0,0.8438286549847784,0.3831088859736018,4.828010572103232,0.6383178726035869,True,True,False,False,1.398648302467317,0.743895074969124,0.0,0.0,False,False,False,False,0.29755802998764963,0.552,2.234,,0.0,0.9032,0.0,0.12,prefer_add,SATELLITE
TJX,,False,False,False,,0.556570220128809,0.23552861733718422,1.3630683456695185,104.70270270270271,5.6051950532670425,20.055020152276846,16.591089789082123,4.773414101328097,1.0,0.9421144693487369,0.31846582716524074,5.6051950532670425,1.0,True,True,False,False,1.5711834728694636,0.18110961834986328,0.0,0.0,False,False,False,False,0.07244384733994531,0.577,2.363,,0.0,0.8968,0.0,0.12,prefer_add,SATELLITE
NFLX,,False,False,False,,0.45269363425082976,0.3070001145713993,0.4745715482316096,20.461683330363645,3.2582950731962126,8.64110474666376,9.860201196922443,5.086450916941204,1.0,1.0,0.7627142258841952,3.2582950731962126,1.0,True,True,True,True,1.3031513948620612,1.0,0.0,0.0,True,False,False,False,0.4,0.322,1.475,,0.0,0.8967,0.0,0.12,prefer_add,INCLUDE_QUALITY
DHI,,False,False,False,,0.1281680975671194,0.09847079808148218,0.30158483595373536,,4.9342307072906975,12.915577355501158,1.9126238474648436,1.2477710663462775,0.5126723902684776,0.3938831923259287,0.8492075820231323,4.9342307072906975,0.5,False,False,True,False,1.1894824181753962,0.7099572329258401,0.8166116233489584,0.0029719115382965677,False,False,False,False,0.5298579536365124,0.232,1.302,,0.0,0.8927,0.0,0.12,prefer_add,SATELLITE
MSCI,,False,False,False,,,0.3546020679931067,,7.186418875066553,7.985773058642641,22.64775343852086,,7.267274681407923,0.0,1.0,0.5,7.985773058642641,0.4790945916711035,False,True,False,False,1.6207754179635063,0.0,0.0,0.0,False,False,False,False,0.0,,,,0.0,0.8914,0.0,0.12,prefer_add,SATELLITE
VRTX,,False,False,False,,0.22406375407372212,0.20321429240598826,0.10259840201633104,380.593984962406,5.398367259835734,20.803885640992473,5.85346856847352,4.279284147495411,0.8962550162948885,0.812857169623953,0.9487007989918345,5.398367259835734,1.0,True,True,True,True,1.5647938645997876,0.12563810066722425,0.0,0.0,False,False,False,False,0.050255240266889704,0.093,1.103,,0.0,0.8833,0.0,0.12,prefer_add,INCLUDE_QUALITY
LH,,False,False,False,,0.10786380404646793,0.05895724269218245,0.8295259262653805,6.161290322580645,5.818716991289356,13.46969147053989,2.4661205193764966,1.1277658505183965,0.43145521618587174,0.2358289707687298,0.5852370368673098,5.818716991289356,0.410752688172043,False,False,True,False,1.2018536291270845,0.6689117429229711,0.5706131024993348,0.1629788659754713,False,False,False,False,0.4876422877116303,0.453,1.83,,0.0,0.8805,0.0,0.12,prefer_add,SATELLITE
ECL,,False,False,False,,0.21048790971521106,0.10927121388243109,0.9262887473885185,9.347266881028938,6.965957607209472,21.330609542445558,7.463540774575827,2.981738279225702,0.8419516388608442,0.43708485552972437,0.5368556263057407,6.965957607209472,0.6231511254019292,True,False,True,False,1.5714480458846454,0.0866215153744031,0.0,0.0,False,False,False,False,0.034648606149761244,0.481,1.926,,0.0,0.8799,0.0,0.12,prefer_add,SATELLITE
EOG,,False,False,False,,0.17785039471981365,0.14017952771969194,0.26873301410638023,28.716535433070867,3.4027904128604547,6.72835844791832,2.4539264292709055,1.4209216920061665,0.7114015788792546,0.5607181108787678,0.8656334929468099,3.4027904128604547,1.0,True,False,True,False,1.1218994927984964,1.0,0.5760326981018198,0.0,True,False,False,False,0.5728098094305459,0.212,1.269,,0.0,0.8748,0.0,0.12,prefer_add,SATELLITE
GWW,,False,False,False,,0.4534351145038168,0.26553419758605273,0.7076335877862595,32.45679012345679,5.242370926751574,42.115792915914376,30.375558974426735,12.601704504327781,1.0,1.0,0.6461832061068702,5.242370926751574,1.0,True,True,True,True,1.5832831199287667,0.0,0.0,0.0,False,False,False,False,0.0,0.414,1.708,,0.0,0.8708,0.0,0.12,prefer_add,INCLUDE_QUALITY
LEN,,False,False,False,,0.07471375266539312,0.05845999353427787,0.2780321746287043,,3.1719166598615285,10.425992522226304,0.8689475230184743,0.5574596063042115,0.2988550106615725,0.23383997413711147,0.8609839126856479,3.1719166598615285,0.5,False,False,True,False,0.8147435813216817,0.894370924279533,1.0,0.9233871915943846,False,True,False,False,0.9347645271901286,0.218,1.278,,0.0,0.8688,0.0,0.12,prefer_add,SATELLITE
BRO,,False,False,False,,0.0957641262020186,0.05852355512384653,0.6363347373440356,4.70334928229665,3.938550364795812,11.569795345269403,1.7058932617122216,0.7182137689338135,0.3830565048080744,0.2340942204953861,0.6818326313279822,3.938550364795812,0.3135566188197767,False,False,True,False,0.9095583288915849,0.8096447892393035,0.9084918836834571,0.7090483080882486,False,False,False,False,0.8091199732272332,0.389,1.636,,0.0,0.8644,0.0,0.12,prefer_add,SATELLITE
AMZN,,False,False,False,,0.20546531678109314,0.13930303988020903,0.47495214000914204,46.584682195025664,4.6647240219210175,12.462747578487619,5.06972675270539,2.44415219684611,0.8218612671243726,0.5572121595208361,0.762523929995429,4.6647240219210175,1.0,True,False,True,False,1.3278092207810297,0.7435001793712874,0.0,0.0,False,False,False,False,0.29740007174851496,0.322,1.475,,0.0,0.8641,0.0,0.12,prefer_add,SATELLITE
BALL,,False,False,False,,0.1675,0.06996345192809726,1.3941071428571428,4.593167701863354,4.4656427627676845,10.785430474419808,2.8000461251831776,0.7931339555399998,0.67,0.27985380771238905,0.3029464285714286,4.4656427627676845,0.3062111801242236,True,False,False,False,1.0308656390270061,0.8677458907837179,0.42220172214081,0.609154725946667,False,False,False,False,0.6565052907397302,0.582,2.394,,0.0,0.8624,0.0,0.12,prefer_add,SATELLITE
CHD,,False,False,False,,0.17510750119445773,0.11467997559334762,0.5269230769230769,10.879040667361835,6.896508718410546,22.450780305381876,6.526474844903763,3.0333452174282076,0.7004300047778309,0.4587199023733905,0.7365384615384616,6.896508718410546,0.7252693778241224,True,False,True,False,1.5652289869201297,0.0036459033050462164,0.0,0.0,False,False,False,False,0.0014583613220184866,0.345,1.527,,0.0,0.8615,0.0,0.12,prefer_add,SATELLITE
TT,,False,False,False,,0.34199631214556586,0.222739185933216,0.5354115204861474,17.970895861755345,5.215836990909428,25.648338190020482,12.532510457162779,4.51677635758639,1.0,0.890956743732864,0.7322942397569263,5.215836990909428,1.0,True,True,True,True,1.5595067077198124,0.0,0.0,0.0,False,False,False,False,0.0,0.349,1.535,,0.0,0.8577,0.0,0.12,prefer_add,INCLUDE_QUALITY
CMI,,False,False,False,,0.21641972309934418,0.12981399640619687,0.6671524572909077,12.524390243902438,5.157861991145502,15.238124121489754,5.992100773937774,2.148597377236332,0.8656788923973767,0.5192559856247875,0.6664237713545462,5.157861991145502,0.8349593495934958,True,False,True,False,1.372619262741006,0.5379167317414997,0.0,0.0,False,False,False,False,0.21516669269659988,0.4,1.667,,0.0,0.8518,0.0,0.12,prefer_add,SATELLITE
MS,,False,False,False,,0.15848835377911555,0.03561905136474475,3.4495388761528094,,6.892108120675688,,2.23922847785654,0.16182468254459764,0.6339534151164622,0.142476205458979,0.0,6.892108120675688,0.5,True,False,False,False,1.3167451042739855,0.0,0.6714540098415378,1.0,False,False,True,False,0.5014362029524613,0.775,4.45,levered-assets,-0.1,0.8499,0.0,0.12,prefer_add,SATELLITE
FIX,,False,False,False,,0.44584428594562653,0.404592048857897,0.10196007856352701,250.2330439500814,4.677955504431647,34.11033416729882,21.680934557563234,8.21807174234153,1.0,1.0,0.9490199607182365,4.677955504431647,1.0,True,True,True,True,1.5440463197724825,0.0,0.0,0.0,False,False,False,False,0.0,0.093,1.102,,0.0,0.8492,0.0,0.12,prefer_add,INCLUDE_QUALITY
PFG,,False,False,False,,0.12837236881114736,0.09456786827960251,0.3574628586487466,,3.9792658585562926,,1.9004017150592776,0.06541756905800981,0.5134894752445894,0.37827147311841003,0.8212685706756266,3.9792658585562926,0.5,False,False,True,False,1.0376084488936879,0.0,0.8220436821958766,1.0,False,False,True,False,0.546613104658763,0.263,1.357,cheap-assets,0.03,0.8467,0.0,0.12,prefer_add,SATELLITE
FOXA,,False,False,False,,0.1559850487738171,0.0922720163943267,0.6904913848117422,6.804511278195489,1.9335525073990623,5.01357770409944,1.0620209796675955,0.5347889696540354,0.6239401950952684,0.3690880655773068,0.6547543075941289,1.9335525073990623,0.45363408521303256,True,False,True,False,0.7315179089720545,1.0,1.0,0.9536147071279527,True,True,False,False,0.9860844121383858,0.408,1.69,,0.0,0.8461,0.0,0.12,prefer_add,SATELLITE
FOX,,False,False,False,,0.1559850487738171,0.0922720163943267,0.6904913848117422,6.804511278195489,1.9335525073990623,5.031332170396761,1.0670645494535789,0.53732869866209,0.6239401950952684,0.3690880655773068,0.6547543075941289,1.9335525073990623,0.45363408521303256,True,False,True,False,0.7315179089720545,1.0,1.0,0.95022840178388,True,True,False,False,0.9850685205351639,0.408,1.69,,0.0,0.8456,0.0,0.12,prefer_add,SATELLITE
AFL,Financials,False,True,False,,0.16,0.12,0.4,12.0,0.85,8.5,1.5,0.15,0.64,0.48,0.8,0.85,0.8,True,False,True,False,0.6635,1.0,1.0,1.0,True,True,True,True,1.0,0.286,1.4,cheap-assets,0.03,0.8449,0.0,0.12,prefer_add,INCLUDE_VALUE
COP,,False,False,False,,0.11344726607892658,0.08332953976419175,0.3614291690553292,10.400325467860048,4.268177577111129,7.1915894803912535,2.4732884178378676,1.3007008170761771,0.4537890643157063,0.333318159056767,0.8192854154723355,4.268177577111129,0.6933550311906699,False,False,True,False,1.0685871190183285,1.0,0.5674273698498367,0.0,True,False,False,False,0.570228210954951,0.265,1.361,,0.0,0.8443,0.0,0.12,prefer_add,SATELLITE
STT,,False,False,False,,0.12225838403848875,0.059234882764294526,1.0639592472053205,,6.004511304216445,,1.6399700206606205,0.11080491834962491,0.489033536153955,0.2369395310571781,0.46802037639733973,6.004511304216445,0.5,False,False,False,False,1.2386716722554076,0.0,0.9377911019286131,1.0,False,False,True,False,0.5813373305785839,0.515,2.064,levered-assets,-0.1,0.8429,0.0,0.12,prefer_add,SATELLITE
WMB,,False,False,False,,0.21490147783251232,0.06448930567746108,2.3323583743842367,3.6269571136827774,6.64609944548341,15.338720593992688,6.800903774499685,1.4832772388037385,0.8596059113300493,0.25795722270984434,0.0,6.64609944548341,0.24179714091218515,True,False,False,False,1.356363571125698,0.5304651411857269,0.0,0.0,False,False,False,False,0.21218605647429076,0.7,3.332,,0.0,0.8415,0.0,0.12,prefer_add,SATELLITE
LULU,,False,False,False,,0.3024823229272375,0.20967264895227525,0.44264082339173916,,2.7449629414308516,6.061327820657926,3.0943101901656638,1.750220900311403,1.0,0.838690595809101,0.7786795883041304,2.7449629414308516,0.5,True,True,True,True,1.1301535582029778,1.0,0.291417693259705,0.0,True,False,False,False,0.4874253079779115,0.307,1.443,,0.0,0.8409,0.0,0.12,prefer_add,INCLUDE_QUALITY
NWS,,False,False,False,,0.13245573159366264,0.09875792582298272,0.34121621621621623,349.6666666666667,0.9914417771424286,3.870964004742821,0.5998475152886236,0.33185686202871517,0.5298229263746506,0.3950317032919309,0.8293918918918919,0.9914417771424286,1.0,False,False,True,False,0.6505814392551225,1.0,1.0,1.0,True,True,True,True,1.0,0.254,1.341,cheap-assets,0.03,0.8378,0.0,0.12,prefer_add,INCLUDE_VALUE
DRI,,False,False,False,,0.5466364665911665,0.14142562467769912,2.8651868629671573,,5.216796562553277,13.640661079916521,10.494885018120431,1.801176971443965,1.0,0.5657024987107965,0.0,5.216796562553277,0.5,True,False,False,False,1.3022302339962304,0.656247327413591,0.0,0.0,False,False,False,False,0.2624989309654364,0.741,3.865,,0.0,0.8344,0.0,0.12,prefer_add,SATELLITE
UPS,,False,False,False,,0.3329949882636554,0.1181541924592009,1.8183086975829474,7.376060320452403,4.321815311935168,9.022007703704768,5.214824570807716,1.144721131190269,1.0,0.4726167698368036,0.09084565120852628,4.321815311935168,0.4917373546968269,True,False,False,False,1.1528579108922778,0.9983697997255727,0.0,0.1403718250796414,False,False,False,False,0.4414594674141215,0.645,2.818,,0.0,0.8327,0.0,0.12,prefer_add,SATELLITE
BF.B,,False,False,False,,0.17786069651741293,0.10962894817540632,0.6223880597014926,9.592233009708737,2.372846415040237,8.900473365016612,1.8454008045318262,0.9397658011423792,0.7114427860696517,0.4385157927016253,0.6888059701492537,2.372846415040237,0.6394822006472491,True,False,True,False,0.8681836514745316,1.0,0.8464885313191883,0.4136455984768278,True,False,False,False,0.7780402389388048,0.384,1.622,,0.0,0.8276,0.0,0.12,prefer_add,SATELLITE
GOOG,,False,False,False,,0.3812843492380715,0.32420781800126386,0.17604921309018237,133.89031971580818,1.74592598709693,6.150422746451233,3.0490488942432425,2.1181028671731608,1.0,1.0,0.9119753934549089,1.74592598709693,1.0,True,True,True,True,1.098685207082776,1.0,0.31153382478078107,0.0,True,False,False,False,0.49346014743423433,0.15,1.176,,0.0,0.8263,0.0,0.12,prefer_add,INCLUDE_QUALITY
EXR,,False,False,False,,0.07081210697484638,0.034617080168797415,1.0455828923051076,2.611464054366776,5.816466162684859,17.20360517229032,2.0555983880781037,0.9418150426309421,0.28324842789938554,0.13846832067518966,0.4772085538474462,5.816466162684859,0.17409760362445176,False,False,False,False,1.0879759924146635,0.39232554279330956,0.7530673830763983,0.4109132764920772,False,False,False,False,0.5061244149878664,0.511,2.046,,0.0,0.8261,0.0,0.12,prefer_add,SATELLITE
GILD,,False,False,False,,0.39192005103125666,0.2017115717131038,0.9429725706995534,11.674626865671641,3.776679108370393,12.871309680700541,7.310558878784948,3.0546180040980144,1.0,0.8068462868524152,0.5285137146502232,3.776679108370393,0.7783084577114427,True,True,True,True,1.2656636552799614,0.713236319948108,0.0,0.0,False,False,False,False,0.2852945279792432,0.485,1.943,,0.0,0.8245,0.0,0.12,prefer_add,INCLUDE_QUALITY
INVH,,False,False,False,,0.07296405721097228,0.03757709696112441,0.9417161811743373,2.7871948112864224,5.28070458254849,14.667330448549624,1.982016837406356,0.972772408253024,0.2918562288438891,0.15030838784449763,0.5291419094128313,5.28070458254849,0.18581298741909483,False,False,True,False,1.0227076575426237,0.5801977445518798,0.785770294486064,0.36963678899596797,False,False,False,False,0.5787012228653615,0.485,1.942,,0.0,0.8229,0.0,0.12,prefer_add,SATELLITE
ES,,False,False,False,,0.10576669822363506,0.037303177713897476,1.835326765854352,2.4792173290631623,4.537295923370312,9.906207351128762,1.557633648818138,0.3979310555328762,0.42306679289454024,0.1492127108555899,0.08233661707282403,4.537295923370312,0.16528115527087747,False,False,False,False,0.8811568477185971,0.9328735295460177,0.9743850449697165,1.0,False,False,True,False,0.9654649253093222,0.647,2.835,levered-assets,-0.1,0.8191,0.0,0.12,prefer_add,SATELLITE
XYL,,False,False,False,,0.09768736205738413,0.07554170376966458,0.2931580462527589,56.34782608695652,5.1343625633167935,15.786929517870199,2.648543885688172,1.5915393745102318,0.3907494482295365,0.30216681507865834,0.8534209768736205,5.1343625633167935,1.0,False,False,True,False,1.2060424100210207,0.49726448015776303,0.489536050805257,0.0,False,False,False,False,0.34576660730468234,0.227,1.293,,0.0,0.8189,0.0,0.12,prefer_add,SATELLITE
TXN,,False,False,False,,0.33609151996445824,0.18877694251224306,0.7803631920919643,13.24822695035461,5.183249682186003,29.063362455670486,15.039989732940947,7.547658857395564,1.0,0.7551077700489722,0.6098184039540179,5.183249682186003,0.8832151300236407,True,True,True,True,1.4838140569380587,0.0,0.0,0.0,False,False,False,False,0.0,0.438,1.78,,0.0,0.8161,0.0,0.12,prefer_add,INCLUDE_QUALITY
PEG,,False,False,False,,0.13078656880309772,0.05426598244688504,1.4101022943998152,3.626008064516129,4.083563442513294,12.630567684369767,2.3112440553093245,0.6901623244286348,0.5231462752123909,0.21706392978754016,0.2949488528000924,4.083563442513294,0.24173387096774193,False,False,False,False,0.9030132928937614,0.7310690604170542,0.639447086529189,0.7464502340951535,False,False,False,False,0.7081968203541245,0.585,2.41,,0.0,0.8153,0.0,0.12,prefer_add,SATELLITE
FDX,,False,False,False,,0.14007646854362182,0.05943155919023998,1.3569374664265175,,3.575052903299617,9.686797726647812,2.4710535688388617,0.7904164497917205,0.5603058741744873,0.2377262367609599,0.32153126678674127,3.575052903299617,0.5,False,False,False,False,0.8738972587935878,0.9491260943223843,0.5684206360716171,0.6127780669443725,False,False,False,False,0.7340100486337505,0.576,2.357,,0.0,0.8109,0.0,0.12,prefer_add,SATELLITE
APH,,False,False,False,,0.31949373247095186,0.13645239062877187,1.341430084139431,13.587139423076923,5.612558263121307,21.374833837169675,11.118950921609374,3.6884248095626293,1.0,0.5458095625150875,0.32928495793028445,5.612558263121307,0.9058092948717948,True,False,False,False,1.4456002813994446,0.08334564169113523,0.0,0.0,False,False,False,False,0.03333825667645409,0.573,2.341,,0.0,0.8101,0.0,0.12,prefer_add,SATELLITE
APA,,False,False,False,,0.237453531598513,0.1394650655021834,0.7026022304832714,12.570850202429149,2.7146776166121667,4.67406810507304,3.193675379628795,1.1404595525683665,0.949814126394052,0.5578602620087336,0.6486988847583643,2.7146776166121667,0.8380566801619432,True,False,True,False,1.0406144597426097,1.0,0.24725538683164672,0.1460539299088447,True,False,False,False,0.5179927950221475,0.413,1.703,,0.0,0.8054,0.0,0.12,prefer_add,SATELLITE
AWK,,False,False,False,,0.09669952850407201,0.040688237203765826,1.376596656665238,3.2153846153846155,4.49567240804073,13.894100772653323,2.241642583497955,0.7173280864813224,0.38679811401628805,0.1627529488150633,0.31170167166738105,4.49567240804073,0.21435897435897436,False,False,False,False,0.9074073282415194,0.6374740168404947,0.6703810740009088,0.7102292180249035,False,False,False,False,0.6691726943439416,0.579,2.377,,0.0,0.8002,0.0,0.12,prefer_add,SATELLITE
MRSH,,False,False,False,,0.26213528288217086,0.10594968720883802,1.474148718961997,6.5602910602910605,4.890354352903408,13.824494830494622,5.209074569695034,1.3251797726564072,1.0,0.42379874883535207,0.26292564051900147,4.890354352903408,0.4373527373527374,True,False,False,False,1.2438668973992406,0.6426300125559539,0.0,0.0,False,False,False,False,0.25705200502238157,0.596,2.474,,0.0,0.7998,0.0,0.12,prefer_add,SATELLITE
HPQ,Information Technology,False,True,True,quality_growth,0.2,0.15,0.8,8.0,0.7,7.0,1.4,0.6,0.8,0.6,0.6,0.7,0.5333333333333333,True,True,True,True,0.6683333333333333,1.0,1.0,0.8666666666666667,True,True,False,False,0.96,0.444,1.8,,0.0,0.7996,0.0,0.12,prefer_add,INCLUDE_QUALITY
GLW,,False,False,False,,0.15127388535031847,0.0866037649847304,0.7467356687898089,7.739495798319328,6.817329699552926,53.93005080818636,17.48226778213173,6.662740725317834,0.6050955414012739,0.3464150599389216,0.6266321656050955,6.817329699552926,0.5159663865546219,True,False,True,False,1.4536440988312243,0.0,0.0,0.0,False,False,False,False,0.0,0.428,1.747,,0.0,0.7995,0.0,0.12,prefer_add,SATELLITE
NWSA,,False,False,False,,0.13245573159366264,0.09875792582298272,0.34121621621621623,349.6666666666667,0.9914417771424286,6.388373155227651,1.0473738857033312,0.5794442791233175,0.5298229263746506,0.3950317032919309,0.8293918918918919,0.9914417771424286,1.0,False,False,True,False,0.6505814392551225,1.0,1.0,0.8940742945022433,True,True,False,False,0.9682222883506729,0.254,1.341,,0.0,0.7935,0.0,0.12,prefer_add,SATELLITE
HWM,,False,False,False,,0.3158275986961246,0.17084639498432602,0.848605577689243,14.561290322580644,4.988054853509769,37.099871879426495,16.691085464168857,7.053506844198395,1.0,0.6833855799373041,0.5756972111553784,4.988054853509769,0.970752688172043,True,True,True,True,1.4366537524981675,0.0,0.0,0.0,False,False,False,False,0.0,0.459,1.849,,0.0,0.7902,0.0,0.12,prefer_add,INCLUDE_QUALITY
BR,,False,False,False,,0.39041436072087415,0.17675591461749732,1.2087767844472825,13.381543921916593,3.9822767723789907,15.171373668687169,8.845678494300373,2.840144721584414,1.0,0.7070236584699893,0.39561160777635873,3.9822767723789907,0.8921029281277729,True,True,False,False,1.2580006473770766,0.5428612097268763,0.0,0.0,False,False,False,False,0.21714448389075056,0.547,2.209,,0.0,0.7896,0.0,0.12,prefer_add,SATELLITE
A,,False,False,False,,0.19853973602920527,0.1349622983678534,0.4710755405784892,16.047619047619047,4.635892167148817,17.390602255411878,4.573485204313129,2.493100774980337,0.7941589441168211,0.5398491934714136,0.7644622297107554,4.635892167148817,1.0,True,False,True,False,1.310255600805406,0.3784739070065276,0.0,0.0,False,False,False,False,0.15138956280261107,0.32,1.471,,0.0,0.7888,0.0,0.12,prefer_add,SATELLITE
ABT,,False,False,False,,0.12055089222258504,0.07288521391740604,0.6539828278365764,16.18097014925373,5.497970937901828,17.112583074927823,3.3672141002832388,1.5874501559811798,0.48220356889034016,0.2915408556696242,0.6730085860817119,5.497970937901828,1.0,False,False,True,False,1.2577702559655202,0.3990679203757168,0.1701270665407828,0.0,False,False,False,False,0.21066528811252158,0.395,1.654,,0.0,0.7866,0.0,0.12,prefer_add,SATELLITE
STZ,,False,False,False,,0.22098938902078588,0.0970972995412307,1.2759581375066622,8.245196443934613,3.171643903133892,10.332831327437834,2.8487996400293394,1.0637690279494594,0.8839575560831435,0.3883891981649228,0.3620209312466689,3.171643903133892,0.5496797629289742,True,False,False,False,0.9667217277244013,0.9012717535231234,0.40053349332029364,0.2483079627340542,False,False,False,False,0.5551611382255538,0.561,2.276,,0.0,0.7815,0.0,0.12,prefer_add,SATELLITE
DECK,,False,False,False,,0.44091234149634917,0.3658378322259136,0.20521253587593768,344.36473050758764,1.7043929498006152,8.913126018690667,5.8746154795528716,3.4951722348113745,1.0,1.0,0.8973937320620311,1.7043929498006152,1.0,True,True,True,True,1.090268002279397,1.0,0.0,0.0,True,False,False,False,0.4,0.17,1.205,,0.0,0.7796,0.0,0.12,prefer_add,INCLUDE_QUALITY
EG,,False,False,False,,0.13301942319011184,0.10773305084745763,0.23471323000457786,16.93959731543624,2.3038552964212258,,0.8223045506289316,0.2016916185503672,0.5320776927604474,0.4309322033898305,0.8826433849977111,2.3038552964212258,1.0,False,False,True,False,0.8668777710579239,0.0,1.0,1.0,False,True,True,False,0.6,0.19,1.235,cheap-assets,0.03,0.7768,0.0,0.12,prefer_add,SATELLITE
WMT,,False,False,False,,0.24102618467083642,0.1349245440896332,0.7863776105162726,11.703600139811256,5.250253439851457,23.086468003870834,11.108973637637423,3.6183845115564823,0.9641047386833457,0.5396981763585328,0.6068111947418637,5.250253439851457,0.7802400093207503,True,False,True,False,1.4077245706336368,0.0,0.0,0.0,False,False,False,False,0.0,0.44,1.786,,0.0,0.7742,0.0,0.12,prefer_add,SATELLITE
JBL,,False,False,False,,0.6515495086923658,0.16529242569511027,2.941798941798942,8.14723926380368,5.268471432174056,20.115151066672663,28.87466433107494,1.6038112813305405,1.0,0.6611697027804411,0.0,5.268471432174056,0.5431492842535787,True,True,False,False,1.3429365540855984,0.1766554765427657,0.0,0.0,False,False,False,False,0.07066219061710628,0.746,3.942,,0.0,0.7704,0.0,0.12,prefer_add,SATELLITE
HD,,False,False,False,,1.0099466628225457,0.1819007931871584,4.55218394118495,8.65656146179402,5.480745955215862,25.943755742951897,42.411194509742955,5.453114922784826,1.0,0.7276031727486336,0.0,5.480745955215862,0.5771040974529347,True,True,False,False,1.3981032548522627,0.0,0.0,0.0,False,False,False,False,0.0,0.82,5.552,,0.0,0.769,0.0,0.12,prefer_add,SATELLITE
EQT,,False,False,False,,0.10735295584807494,0.08771311539308786,0.22390996337287533,10.917402440628651,1.5644218679544983,5.5965935366007775,1.3167127695882428,0.8048888787025141,0.4294118233922998,0.35085246157235145,0.8880450183135623,1.5644218679544983,0.7278268293752433,False,False,True,False,0.6747320013671287,1.0,1.0,0.5934814950633145,True,True,False,False,0.8780444485189943,0.183,1.224,,0.0,0.7662,0.0,0.12,prefer_add,SATELLITE
AKAM,,False,False,False,,0.08865237607777829,0.040382108155408096,1.1953379882151023,17.099926953981008,5.976796857007265,16.832688950478417,3.40153067699692,1.433786227416607,0.35460950431111316,0.16152843262163238,0.40233100589244886,5.976796857007265,1.0,False,False,False,False,1.2117105605147809,0.41980081848308026,0.15487525466803553,0.0,False,False,False,False,0.21438290379364278,0.544,2.195,,0.0,0.7629,0.0,0.12,prefer_add,SATELLITE
GS,,False,False,False,,0.14715512045739604,0.03240786412660376,3.5407225814858854,,7.0484317072253395,,6.416866873760851,0.3824305393189454,0.5886204818295842,0.12963145650641503,0.0,7.0484317072253395,0.5,False,False,False,False,1.3227403375846007,0.0,0.0,1.0,False,False,True,False,0.3,0.78,4.541,levered-assets,-0.1,0.7625,0.0,0.12,prefer_add,SATELLITE
MDLZ,,False,False,False,,0.10132038834951457,0.05507472768724141,0.8396893203883495,6.3180327868852455,5.196990268747196,17.78873514525348,2.8331989726144062,1.0257708380644661,0.40528155339805827,0.22029891074896563,0.5801553398058252,5.196990268747196,0.4212021857923497,False,False,True,False,1.0963661991062952,0.3489825818330756,0.40746712328248613,0.2989722159140452,False,False,False,False,0.35152483449218963,0.456,1.84,,0.0,0.7612,0.0,0.12,prefer_add,SATELLITE
LNT,,False,False,False,,0.11061708434384263,0.04262278060429862,1.5952573430342225,2.297244094488189,4.3861624279408185,14.806127074739658,2.459903978219861,0.7358000776346193,0.4424683373753705,0.17049112241719447,0.20237132848288875,4.3861624279408185,0.1531496062992126,False,False,False,False,0.8874828620312467,0.5699165129822475,0.5733760096800619,0.6855998964871743,False,False,False,False,0.6056593770430698,0.615,2.595,,0.0,0.7607,0.0,0.12,prefer_add,SATELLITE
BBY,,False,False,False,,0.37074278300356794,0.1585518102372035,1.3383068439831334,34.91304347826087,1.8828968200813117,6.179695964056598,4.079748372694443,0.844718887375216,1.0,0.634207240948814,0.3308465780084333,1.8828968200813117,1.0,True,True,False,False,0.9223236819981059,1.0,0.0,0.5403748168330453,True,False,False,False,0.5621124450499136,0.572,2.338,,0.0,0.7602,0.0,0.12,prefer_add,SATELLITE
RL,,False,False,False,,0.3312099669177166,0.16084979831817872,1.0591257830646865,22.728782287822877,2.6348940661025964,9.513222733320582,4.54512563596865,1.6686504272939235,1.0,0.6433991932727149,0.47043710846765674,2.6348940661025964,1.0,True,True,False,False,1.0588194341673525,0.9619835012355125,0.0,0.0,False,False,False,False,0.384793400494205,0.514,2.059,,0.0,0.7555,0.0,0.12,prefer_add,SATELLITE
HMC,Consumer Discretionary,True,True,False,,0.08,0.06,0.5,20.0,0.75,6.5,0.6,0.24,0.32,0.24,0.75,0.75,1.0,False,False,True,False,0.493,1.0,1.0,1.0,True,True,True,True,1.0,0.333,1.5,cheap-assets,0.03,0.7511,0.1208,0.12,prefer_add,INCLUDE_VALUE
PTC,,False,False,False,,0.32290233383326344,0.23781336309907125,0.3577972643141368,24.12698482774859,1.643447828980566,9.801877073536923,4.263979875524988,2.517632891162698,1.0,0.951253452396285,0.8211013678429316,1.643447828980566,1.0,True,True,True,True,1.05505841524241,0.9406016982565242,0.0,0.0,False,False,False,False,0.3762406793026097,0.264,1.358,,0.0,0.7496,0.0,0.08,hold_or_add,INCLUDE_QUALITY
DTE,,False,False,False,,0.1025724255457275,0.032166942359078764,2.1887527387811407,2.1938125568698816,3.867109714175925,13.188233756729996,2.449599683035516,0.5477683257248795,0.41028970218291,0.12866776943631505,0.0,3.867109714175925,0.1462541704579921,False,False,False,False,0.7563791156579555,0.6897604624644447,0.5779556964286596,0.9363088990334939,False,False,False,False,0.730183563624424,0.686,3.189,,0.0,0.7446,0.0,0.08,hold_or_add,SATELLITE
CAH,,False,False,False,,,0.25558842866535175,,6.8425655976676385,4.424193524968587,16.582732975526586,,0.8690066778907277,0.0,1.0,0.5,4.424193524968587,0.45617103984450924,False,True,False,False,1.0842461327297388,0.43831607588691957,0.0,0.5079910961456964,False,False,False,False,0.32772375919847674,,,,0.0,0.7438,0.0,0.08,hold_or_add,SATELLITE
APP,,False,False,False,,1.6767448718691862,0.6742585501841343,1.486798085706561,23.357538470531498,4.065542283767998,24.766931287302356,51.483905744191944,15.78697368412517,1.0,1.0,0.2566009571467195,4.065542283767998,1.0,True,True,False,False,1.3483214861372077,0.0,0.0,0.0,False,False,False,False,0.0,0.598,2.487,,0.0,0.7416,0.0,0.08,hold_or_add,SATELLITE
LHX,,False,False,False,,0.08920863309352518,0.05840057772614525,0.5275299760191846,5.014285714285714,4.935088311114918,15.905478884817835,2.595304776091209,1.2602381243071803,0.35683453237410073,0.233602310904581,0.7362350119904078,4.935088311114918,0.3342857142857143,False,False,True,False,1.0612581228779747,0.4884830455690492,0.5131978772927959,0.0,False,False,False,False,0.34935258141545844,0.345,1.528,,0.0,0.7409,0.0,0.08,hold_or_add,SATELLITE
PPL,,False,False,False,,0.08116385911179173,0.034574694386930255,1.3474931753112724,2.8004750593824226,3.3427200480531933,12.619885913027234,1.9457742908101112,0.6311243968917818,0.32465543644716693,0.13829877754772102,0.3262534123443638,3.3427200480531933,0.1866983372921615,False,False,False,False,0.7079021169873161,0.7318603027387234,0.8018780929732839,0.8251674708109576,False,False,False,False,0.7808577902307619,0.574,2.347,,0.0,0.7407,0.0,0.08,hold_or_add,SATELLITE
ZBRA,,False,False,False,,0.12046109510086456,0.06614970723215699,0.8210374639769452,5.60655737704918,4.536414138784926,14.359943084365776,2.8700834831640765,1.1952940094310305,0.48184438040345823,0.26459882892862796,0.5894812680115273,4.536414138784926,0.37377049180327865,False,False,True,False,1.0301943229994217,0.6029671789358684,0.39107400748263266,0.07294132075862603,False,False,False,False,0.38039147004672497,0.451,1.821,,0.0,0.7378,0.0,0.08,hold_or_add,SATELLITE
NUE,Materials,False,True,False,,0.18,0.14,0.3,15.0,0.55,6.0,1.6,1.0,0.72,0.56,0.85,0.55,1.0,True,False,True,False,0.6940000000000001,1.0,0.9555555555555555,0.33333333333333337,True,False,False,False,0.7866666666666666,0.231,1.3,,0.0,0.7357,0.0,0.08,hold_or_add,SATELLITE
DIS,,False,False,False,,0.10324907090554512,0.07191829097945741,0.43564411082900983,7.95819209039548,2.1719488943440006,11.283188639656466,1.6440236569379412,0.8708758226580143,0.4129962836221805,0.28767316391782966,0.782177944585495,2.1719488943440006,0.5305461393596986,False,False,True,False,0.7063744740373973,0.8308749155810026,0.9359894858053595,0.5054989031226476,False,False,False,False,0.7647964829108032,0.303,1.436,,0.0,0.7327,0.0,0.08,hold_or_add,SATELLITE
ALGN,,False,False,False,,0.10360293814628024,0.10078436971555023,0.027966324924043582,,3.7671543833001455,12.916550786664143,2.958846765550351,1.9444343680578868,0.414411752585121,0.4031374788622009,0.9860168375379782,3.7671543833001455,0.5,False,False,True,False,1.0082404525599151,0.7098851269137672,0.35162365975539955,0.0,False,False,False,False,0.38944114869212676,0.027,1.028,,0.0,0.7298,0.0,0.08,hold_or_add,SATELLITE
LII,,False,False,False,,0.6121646623496763,0.2390499412986544,1.5608233117483812,17.01779935275081,3.4040283697310953,18.55379955958865,15.264831300596084,4.356774293318645,1.0,0.9561997651946176,0.2195883441258094,3.4040283697310953,1.0,True,True,False,False,1.230402436636921,0.292311143734174,0.0,0.0,False,False,False,False,0.1169244574936696,0.61,2.561,,0.0,0.7293,0.0,0.08,hold_or_add,SATELLITE
HST,,False,False,False,,0.14808847224256627,0.08106157793457344,0.8268639226600264,5.582278481012659,1.9721191493810093,7.850482351671566,1.851211180127486,0.9607890167804733,0.5923538889702651,0.32424631173829377,0.5865680386699867,1.9721191493810093,0.37215189873417726,False,False,True,False,0.6959983282936348,1.0,0.8439061421655618,0.3856146442927022,True,False,False,False,0.7688562359374792,0.453,1.827,,0.0,0.7288,0.0,0.08,hold_or_add,SATELLITE
MSI,,False,False,False,,0.8215408805031447,0.17225747960108795,3.7692610062893084,7.731343283582089,5.091688411095962,22.399121724649376,28.231856367969538,3.7642475157292714,1.0,0.6890299184043518,0.0,5.091688411095962,0.5154228855721393,True,True,False,False,1.3220045257429136,0.007472464840787008,0.0,0.0,False,False,False,False,0.002988985936314803,0.79,4.769,,0.0,0.7284,0.0,0.08,hold_or_add,SATELLITE
HLT,,False,False,False,,,0.20518134715025907,,4.334828101644245,6.491515547744622,28.26291986915845,,4.393605165136929,0.0,0.8207253886010363,0.5,6.491515547744622,0.28898854010961633,False,True,False,False,1.3238438027529658,0.0,0.0,0.0,False,False,False,False,0.0,,,,0.0,0.7281,0.0,0.08,hold_or_add,SATELLITE
NOW,,False,False,False,,0.13342921061041865,0.07964137536363203,0.6753755193352509,29.265060240963855,5.790455658823433,31.026233742274695,8.20084836193364,3.2413888112790192,0.5337168424416746,0.3185655014545281,0.6623122403323746,5.790455658823433,1.0,False,False,True,False,1.323599888042232,0.0,0.0,0.0,False,False,False,False,0.0,0.403,1.675,,0.0,0.728,0.0,0.08,hold_or_add,SATELLITE
XLF,Financials,False,True,False,,0.12,0.1,0.8,8.0,0.8,10.0,1.5,0.15,0.48,0.4,0.6,0.8,0.5333333333333333,False,False,True,False,0.5273333333333333,0.9259259259259259,1.0,1.0,False,True,True,False,0.9703703703703703,0.444,1.8,mixed-assets,0.0,0.7267,0.0,0.08,hold_or_add,SATELLITE
SOLV,,False,False,False,,0.2881287726358149,0.1396119723115921,1.0637826961770624,6.5442622950819676,0.6567755135126506,6.436896516293569,2.2753137267781245,0.8021784225074328,1.0,0.5584478892463683,0.4681086519114688,0.6567755135126506,0.4362841530054645,True,False,False,False,0.6798954068880749,1.0,0.6554161214319447,0.5970954366567562,True,False,False,False,0.7757534674266102,0.515,2.064,,0.0,0.723,0.0,0.08,hold_or_add,SATELLITE
WTW,,False,False,False,,0.2035639958376691,0.10582189465143012,0.9236472424557752,8.01048951048951,2.0944919386401564,10.956883138200274,3.1573800364481976,0.7943302372529777,0.8142559833506764,0.42328757860572047,0.5381763787721123,2.0944919386401564,0.534032634032634,True,False,True,False,0.8195665796020227,0.8550456934666464,0.2633866504674677,0.6075596836626964,False,False,False,False,0.6033021776257077,0.48,1.924,,0.0,0.7222,0.0,0.08,hold_or_add,SATELLITE
CINF,,False,False,False,,0.17544864452080947,0.1661043499216773,0.05625556828305969,65.79245283018868,1.2969826364565775,,1.528454929111219,0.5828089771190628,0.7017945780832379,0.6644173996867092,0.9718722158584702,1.2969826364565775,1.0,True,True,True,True,0.8501918211782412,0.0,0.9873533648394582,0.8895880305079163,False,False,False,False,0.5630824186042123,0.053,1.056,,0.0,0.721,0.0,0.08,hold_or_add,INCLUDE_QUALITY
IT,,False,False,False,,11.684904707812697,0.22294949713876322,51.41054524801212,8.475036114120622,2.428891206350111,9.227102073290324,167.25296382485894,1.3848182630553947,1.0,0.8917979885550529,0.0,2.428891206350111,0.5650024076080414,True,True,False,False,0.9883733182798367,0.9831776242007167,0.0,0.0,False,False,False,False,0.3932710496802867,0.981,52.411,,0.0,0.7206,0.0,0.08,hold_or_add,SATELLITE
META,,False,False,False,,0.260691138920684,0.18230492666093767,0.42997308792172145,44.15828402366864,2.109687145267992,11.92517758306834,4.755080140502025,2.7605516747906003,1.0,0.7292197066437507,0.7850134560391393,2.109687145267992,1.0,True,True,True,True,1.052971002189195,0.7833201790319748,0.0,0.0,False,False,False,False,0.31332807161278997,0.301,1.43,,0.0,0.7201,0.0,0.08,hold_or_add,INCLUDE_QUALITY
DVN,Energy,False,True,False,,0.18,0.12,0.5,10.0,0.5,4.5,1.5,0.9,0.72,0.48,0.75,0.5,0.6666666666666666,True,False,True,False,0.6141666666666666,1.0,1.0,0.4666666666666667,True,True,False,False,0.84,0.333,1.5,,0.0,0.7158,0.0,0.08,hold_or_add,SATELLITE
PFE,Health Care,True,True,False,,0.12,0.1,0.6,9.0,0.75,9.0,1.6,0.665,0.48,0.4,0.7,0.75,0.6,False,False,True,False,0.5415,1.0,0.9555555555555555,0.7799999999999999,True,False,False,False,0.9206666666666666,0.375,1.6,,0.0,0.7121,0.0981,0.08,hold_or_add,SATELLITE
RCL,,False,False,False,,0.4296600234466589,0.13029566866149198,2.297577178585385,5.422740524781341,4.0622048816618825,14.547884758728754,8.296606086951973,1.9022502442890512,1.0,0.5211826746459679,0.0,4.0622048816618825,0.36151603498542273,True,False,False,False,1.101837138141615,0.5890455734274997,0.0,0.0,False,False,False,False,0.2356182293709999,0.697,3.298,,0.0,0.712,0.0,0.08,hold_or_add,SATELLITE
AZO,,False,False,False,,,0.25167257918682545,,7.480886082500906,4.929125290404618,17.271305063211507,,2.9382246054743457,0.0,1.0,0.5,4.929125290404618,0.4987257388333937,False,True,False,False,1.164241367444032,0.38731073605840693,0.0,0.0,False,False,False,False,0.15492429442336278,,,,0.0,0.71,0.0,0.08,hold_or_add,SATELLITE
MAS,,False,False,False,,,0.2830188679245283,,12.980582524271844,4.144339562048698,14.203546537540353,,2.970772397832152,0.0,1.0,0.5,4.144339562048698,0.8653721682847896,False,True,False,False,1.0831881511357837,0.6145521083303442,0.0,0.0,False,False,False,False,0.24582084333213772,,,,0.0,0.7064,0.0,0.08,hold_or_add,SATELLITE
DLTR,,False,False,False,,0.3668092386655261,0.11588875976324964,2.1651839178785286,22.097345132743364,3.0070271409880958,10.424903735899113,5.3213784881591275,1.3499959749109551,1.0,0.46355503905299855,0.0,3.0070271409880958,1.0,True,False,False,False,0.9901205828641139,0.8944515751185842,0.0,0.0,False,False,False,False,0.3577806300474337,0.684,3.165,,0.0,0.7056,0.0,0.08,hold_or_add,SATELLITE
WDC,,False,False,False,,0.6700413223140496,0.5759701625077702,0.16332644628099174,32.13333333333333,1.3277660631575632,12.36925759029087,9.749628473707467,6.272941417446878,1.0,1.0,0.9183367768595041,1.3277660631575632,1.0,True,True,True,True,1.0369154260025601,0.7504253636821578,0.0,0.0,False,False,False,False,0.30017014547286314,0.14,1.163,,0.0,0.7054,0.0,0.08,hold_or_add,INCLUDE_QUALITY
KEYS,,False,False,False,,0.166482388248302,0.11595159515951595,0.43579213394408467,11.718181818181819,4.98425046116008,36.6068160941677,9.445269126949539,5.094394176411444,0.665929552993208,0.4638063806380638,0.7821039330279577,4.98425046116008,0.7812121212121212,True,False,True,False,1.2819951513387993,0.0,0.0,0.0,False,False,False,False,0.0,0.304,1.436,,0.0,0.7051,0.0,0.08,hold_or_add,SATELLITE
DELL,,False,False,False,,,0.28258897066236516,,7.294592914853946,2.088021207883134,5.910283933523282,,0.5900677751087802,0.0,1.0,0.5,2.088021207883134,0.4863061943235964,False,True,False,False,0.7368338006148297,1.0,0.0,0.8799096331882931,True,False,False,False,0.663972889956488,,,,0.0,0.704,0.0,0.08,hold_or_add,SATELLITE
STX,,False,False,False,,2.171689497716895,0.45097667362033,3.815525114155251,10.07457627118644,4.079196218581131,28.372385447243918,81.15630727271511,9.993944721505066,1.0,1.0,0.0,4.079196218581131,0.6716384180790961,True,True,False,False,1.2790432745950793,0.0,0.0,0.0,False,False,False,False,0.0,0.792,4.816,,0.0,0.7035,0.0,0.08,hold_or_add,SATELLITE
DASH,,False,False,False,,0.09080211806236517,0.06866889136077123,0.3223181015885468,,6.067380519463579,37.05526316231653,6.056304126387584,3.1333869149662914,0.3632084722494607,0.2746755654430849,0.8388409492057266,6.067380519463579,0.5,False,False,True,False,1.2772984316081595,0.0,0.0,0.0,False,False,False,False,0.0,0.244,1.322,,0.0,0.7025,0.0,0.08,hold_or_add,SATELLITE
ED,,False,False,False,,0.0841928426316612,0.040835275614424044,1.0617674636661978,3.272801302931596,2.17851145387434,11.368947725835055,1.763559937630916,0.6039533878808274,0.3367713705266448,0.16334110245769617,0.4691162681669011,2.17851145387434,0.21818675352877306,False,False,False,False,0.5689965755543658,0.8245223906788848,0.8828622499418152,0.8613954828255634,False,False,False,False,0.8530862761017675,0.515,2.062,,0.0,0.6968,0.0,0.08,hold,SATELLITE
MAR,,False,False,False,,,0.19408141805618145,,5.197352587244284,5.8778694833428045,20.905517812068407,,3.1017295495877595,0.0,0.7763256722247258,0.5,5.8778694833428045,0.3464901724829523,False,True,False,False,1.2242271414171335,0.11810979169863656,0.0,0.0,False,False,False,False,0.04724391667945463,,,,0.0,0.6946,0.0,0.08,hold,SATELLITE
TRGP,,False,False,False,,0.6797704447632712,0.09574597072969199,6.099728997289973,4.364050875929926,4.0510943567518645,13.881240840240606,16.9932350219167,1.966233510760634,1.0,0.38298388291876795,0.0,4.0510943567518645,0.290936725061995,True,False,False,False,1.0516529908946095,0.6384266044266218,0.0,0.0,False,False,False,False,0.2553706417706487,0.859,7.1,,0.0,0.6933,0.0,0.08,hold,SATELLITE
PKG,,False,False,False,,0.16153712018832556,0.08276100818564552,0.9518505601813505,10.910010111223459,3.8035390430491933,12.50909421381496,4.094389985380665,1.7428480849636212,0.6461484807533022,0.3310440327425821,0.5240747199093247,3.8035390430491933,0.7273340074148973,True,False,True,False,1.0150332192340328,0.740067095272966,0.0,0.0,False,False,False,False,0.2960268381091864,0.488,1.952,,0.0,0.6915,0.0,0.08,hold,SATELLITE
CMS,,False,False,False,,0.10497237569060773,0.03528804815133276,1.9747288725189278,2.36319612590799,3.192391115334129,12.989936905250453,2.454333016574586,0.5864478891089109,0.4198895027624309,0.14115219260533104,0.012635563740536093,3.192391115334129,0.157546408393866,False,False,False,False,0.6648211513109149,0.7044491181295961,0.5758519926335175,0.8847361478547855,False,False,False,False,0.7199560893983293,0.664,2.975,,0.0,0.6896,0.0,0.08,hold,SATELLITE
MU,Information Technology,False,False,True,starlink_supply,0.16,0.12,0.3,10.0,0.45,6.5,1.8,0.9,0.64,0.48,0.85,0.45,0.6666666666666666,True,False,True,False,0.5976666666666666,1.0,0.8666666666666667,0.4666666666666667,True,False,False,False,0.8,0.231,1.3,,0.0,0.6887,0.0,0.08,hold,SATELLITE
SHW,,False,False,False,,0.6973824162710457,0.14876508707754799,3.687809686875762,7.763122215766027,4.485717403619512,20.594852433222194,21.684304441417957,3.101378345107631,1.0,0.5950603483101919,0.0,4.485717403619512,0.5175414810510685,True,False,False,False,1.2031298631410914,0.14112204198354117,0.0,0.0,False,False,False,False,0.05644881679341647,0.787,4.688,,0.0,0.6871,0.0,0.08,hold,SATELLITE
AEE,,False,False,False,,0.11242254352316318,0.043717728055077454,1.5715550309825908,3.080745341614907,2.534918188570447,12.344249825225903,2.227564622382505,0.6058031942586616,0.4496901740926527,0.17487091222030982,0.21422248450870462,2.534918188570447,0.20538302277432713,False,False,False,False,0.6202777291331942,0.7522777907240071,0.6766379456077755,0.8589290743217846,False,False,False,False,0.7615812222684708,0.611,2.572,,0.0,0.6839,0.0,0.08,hold,SATELLITE
ADM,,False,False,False,,0.04740396421680407,0.03230626699739996,0.4673302929310647,2.9108469539375927,2.418976365153258,14.263538251465775,1.5263590308328068,0.6260493424064054,0.18961585686721627,0.12922506798959985,0.7663348535344676,2.418976365153258,0.19405646359583953,False,False,True,False,0.5928546066197876,0.6101082776692018,0.9882848751854192,0.8319342101247927,False,False,False,False,0.7901090366607442,0.318,1.467,,0.0,0.6816,0.0,0.08,hold,SATELLITE
OXY,,False,False,False,,0.121622315832734,0.08524926633419153,0.4266670091441488,2.768650461022632,0.9915501891756108,7.126732678446202,1.6529848961486333,0.7997863389448522,0.486489263330936,0.3409970653367661,0.7866664954279257,0.9915501891756108,0.1845766974015088,False,False,True,False,0.533436071030992,1.0,0.9320067128228297,0.6002848814068638,True,False,False,False,0.859687478268908,0.299,1.427,,0.0,0.6802,0.0,0.08,hold,SATELLITE
EIX,,False,False,False,,0.22488447715214788,0.06454993531906532,2.4838838496206286,3.829571106094808,1.5756430414333416,7.0741178565033085,1.6152259148487071,0.29440574665318014,0.8995379086085915,0.2581997412762613,0.0,1.5756430414333416,0.25530474040632056,True,False,False,False,0.6091982252210891,1.0,0.9487884822894634,1.0,True,False,True,False,0.984636544686839,0.713,3.484,levered-assets,-0.1,0.6781,0.0,0.08,hold,SATELLITE
ADSK,,False,False,False,,0.4587645029789903,0.2474209369186538,0.8541862652869238,1013.5,2.9986178312436285,22.514348084044943,15.691886010348071,4.19388405020114,1.0,0.9896837476746152,0.5729068673565381,2.9986178312436285,1.0,True,True,True,True,1.2326338290924097,0.0,0.0,0.0,False,False,False,False,0.0,0.461,1.854,,0.0,0.6779,0.0,0.08,hold,INCLUDE_QUALITY
XLE,Energy,False,True,False,,0.14,0.1,0.5,12.0,0.65,7.0,1.8,0.9,0.56,0.4,0.75,0.65,0.8,False,False,True,False,0.5780000000000001,1.0,0.8666666666666667,0.4666666666666667,True,False,False,False,0.8,0.333,1.5,,0.0,0.6779,0.0,0.08,hold,SATELLITE
FCX,,False,False,False,,0.1401179184824404,0.09138634387748278,0.5332478851576519,18.227602905569007,2.998425938078543,10.390367312149701,4.889485106655219,1.620826087785691,0.5604716739297616,0.3655453755099311,0.7333760574211741,2.998425938078543,1.0,False,False,True,False,0.9375754141568654,0.8970098287296517,0.0,0.0,False,False,False,False,0.35880393149186074,0.348,1.533,,0.0,0.6771,0.0,0.08,hold,SATELLITE
NTRS,,False,False,False,,0.16724122492836677,0.08169997776425002,1.0470167741165235,,3.9715801527888424,,2.373224842370791,0.17738709833458854,0.6689648997134671,0.32679991105700007,0.47649161294173825,3.9715801527888424,0.5,True,False,False,False,1.0159402080907272,0.0,0.6119000700574262,1.0,False,False,True,False,0.48357002101722785,0.511,2.047,levered-assets,-0.1,0.6764,0.0,0.08,hold,SATELLITE
CAG,Consumer Staples,True,True,False,,0.1,0.07,0.9,4.0,0.65,8.5,1.1,0.352,0.4,0.28,0.55,0.65,0.26666666666666666,False,False,True,False,0.4106666666666667,1.0,1.0,1.0,True,True,True,True,1.0,0.474,1.9,mixed-assets,0.0,0.6759,0.1334,0.08,hold,INCLUDE_VALUE
KDP,,False,False,False,,0.07252286132773841,0.035944121801914926,1.017655674755552,3.6877113866967304,3.3439492670803133,14.923175272593104,1.4081060588619492,0.48632987630450775,0.29009144531095366,0.1437764872076597,0.49117216262222396,3.3439492670803133,0.24584742577978203,False,False,False,False,0.7300133367889426,0.5612462761042145,1.0,1.0,False,True,True,False,0.8244985104416858,0.504,2.018,levered-assets,-0.1,0.6725,0.0,0.08,hold,SATELLITE
WYNN,,False,False,False,,,0.03138932459483114,,1.9388579903596588,4.6026577913403095,11.750040560702768,,0.8145436984474814,0.0,0.12555729837932456,0.5,4.6026577913403095,0.1292571993573106,False,False,False,False,0.8159915781505749,0.7962932917997949,0.0,0.5806084020700248,False,False,False,False,0.4926998373409255,,,,0.0,0.6705,0.0,0.08,hold,SATELLITE
HAL,,False,False,False,,0.1455040871934605,0.08339840699672028,0.7446866485013623,7.156342182890856,2.036610913072805,9.60822765607124,2.575999431481189,1.098101043077586,0.582016348773842,0.33359362798688114,0.6276566757493188,2.036610913072805,0.4770894788593904,False,False,True,False,0.7220320792374745,0.9549460995502785,0.5217780304528049,0.20253194256321871,False,False,False,False,0.5992714317249185,0.427,1.745,,0.0,0.6668,0.0,0.08,hold,SATELLITE
AVGO,,False,False,False,,0.33432165216498844,0.192119162767533,0.7401785816104275,10.691255961844197,3.429920090344694,47.85844996861157,22.61142573718914,11.06742949977033,1.0,0.768476651070132,0.6299107091947862,3.429920090344694,0.7127503974562798,True,True,True,True,1.2107926549975894,0.0,0.0,0.0,False,False,False,False,0.0,0.425,1.74,,0.0,0.6659,0.0,0.08,hold,INCLUDE_QUALITY
REG,,False,False,False,,0.07927391269339829,0.04374881855323582,0.8120240800773557,3.6578245321930636,3.593492350486691,16.175456618029404,1.9963327806655657,1.0547203723408494,0.31709565077359314,0.17499527421294328,0.5939879599613221,3.593492350486691,0.24385496881287091,False,False,True,False,0.80013482094445,0.46848469496078493,0.7794076530375263,0.2603728368788675,False,False,False,False,0.4993280249592321,0.448,1.812,,0.0,0.6648,0.0,0.08,hold,SATELLITE
CDNS,,False,False,False,,0.20093342585837806,0.14490980534679548,0.3866102806328935,15.566544751804766,3.7863556532114506,45.932932229985084,15.071604028344654,8.556102818180685,0.8037337034335122,0.5796392213871819,0.8066948596835533,3.7863556532114506,1.0,True,False,True,False,1.2039694543804589,0.0,0.0,0.0,False,False,False,False,0.0,0.279,1.387,,0.0,0.6622,0.0,0.08,hold,SATELLITE
XOM,Energy,False,True,False,,0.16,0.12,0.25,30.0,0.7,6.5,2.0,1.211,0.64,0.48,0.875,0.7,1.0,True,False,True,False,0.6722499999999999,1.0,0.7777777777777778,0.051999999999999935,True,False,False,False,0.6489333333333333,0.2,1.25,,0.0,0.6618,0.0,0.08,hold,SATELLITE
EXC,,False,False,False,,0.09374368644353155,0.03379830280074298,1.7736211192672908,2.5185018050541514,2.8030799113905447,10.592377767899533,1.6172954017479306,0.3985763150168877,0.3749747457741262,0.13519321120297192,0.11318944036635459,2.8030799113905447,0.16790012033694343,False,False,False,False,0.6072808018903586,0.8820460912667012,0.947868710334253,1.0,False,False,True,False,0.9371790496069563,0.639,2.774,levered-assets,-0.1,0.6557,0.0,0.08,hold,SATELLITE
ELV,,False,False,False,,0.11057638749637948,0.06536541678190894,0.6916649956553707,5.076495132127955,2.9856731399232106,,1.868633177468021,0.6633279781734699,0.4423055499855179,0.26146166712763574,0.6541675021723147,2.9856731399232106,0.33843300880853033,False,False,True,False,0.7909495623291279,0.0,0.8361630322364352,0.7822293624353734,False,False,False,False,0.48551771840154256,0.409,1.692,,0.0,0.6535,0.0,0.08,hold,SATELLITE
DHR,,False,False,False,,0.07614917936136627,0.05059452355981248,0.5050873889808105,17.30821917808219,4.306477610087173,20.582040944289986,2.5466381499484516,1.4497036881401317,0.30459671744546507,0.20237809423924993,0.7474563055095947,4.306477610087173,1.0,False,False,True,False,1.0101825308449297,0.14207104116370473,0.5348274889117992,0.0,False,False,False,False,0.21727666313902166,0.336,1.505,,0.0,0.6534,0.0,0.08,hold,SATELLITE
ERIE,,False,False,False,,0.23387766881520292,0.23387766881520292,,,3.343456925321162,,4.463051688590647,3.0955220890859407,0.9355106752608117,0.9355106752608117,0.5,3.343456925321162,0.5,True,True,False,False,1.1878249439546613,0.0,0.0,0.0,False,False,False,False,0.0,,,,0.0,0.6533,0.0,0.08,hold,SATELLITE
BRK.B,,False,False,False,,0.06364027662988994,0.054058852870160864,0.17724060447123893,12.092777451556078,2.3156622727979737,,0.9214618301187706,0.5350834883883742,0.25456110651955977,0.21623541148064346,0.9113796977643805,2.3156622727979737,0.8061851634370718,False,False,True,False,0.7059137673281213,0.0,1.0,0.9532220154821678,False,True,False,False,0.5859666046446503,0.151,1.177,,0.0,0.6519,0.0,0.08,hold,SATELLITE
MTD,,False,False,False,,,0.40016371289879293,,16.34249081589685,4.734002272298982,46.76401743111478,,15.395318476002593,0.0,1.0,0.5,4.734002272298982,1.0,False,True,False,False,1.1851003408448473,0.0,0.0,0.0,False,False,False,False,0.0,,,,0.0,0.6518,0.0,0.08,hold,SATELLITE
DAL,,False,False,False,,0.181113912445565,0.09452379243522573,0.9160669264267706,9.149038461538462,1.4989989595201392,13.588820964597423,2.8539802377669807,0.7212564600373801,0.72445564978226,0.3780951697409029,0.5419665367866147,1.4989989595201392,0.6099358974358975,True,False,True,False,0.6979036600465516,0.6600873359557464,0.3982310054368975,0.7049913866168265,False,False,False,False,0.5950016519984157,0.478,1.916,,0.0,0.6516,0.0,0.08,hold,SATELLITE
HSY,,False,False,False,,0.32636602530524755,0.14200903261319234,1.2982061021020495,9.453008477557338,2.1963918327607295,11.496745737354361,5.62616900180393,1.8371408796618502,1.0,0.5680361304527694,0.3508969489489753,2.1963918327607295,0.6302005651704892,True,False,False,False,0.9155242129093355,0.8150558713070843,0.0,0.0,False,False,False,False,0.32602234852283374,0.565,2.298,,0.0,0.6502,0.0,0.08,hold,SATELLITE
FIS,,False,False,False,,0.1671152281404519,0.07192306656250842,1.3235275708831444,3.3654223968565815,0.5699845341141336,11.773895163300164,1.5004717390821194,0.551307077897963,0.6684609125618076,0.2876922662500337,0.3382362145584278,0.5699845341141336,0.2243614931237721,True,False,False,False,0.4455152152568138,0.7945262841999878,0.9997903381857247,0.931590562802716,False,False,False,False,0.8972247839765273,0.57,2.324,,0.0,0.6488,0.0,0.08,hold,SATELLITE
NXPI,,False,False,False,,0.2609878059478902,0.1329608938547486,0.9628914817089218,9.097664543524417,2.742131680848335,15.596109303199526,6.216834591753874,2.6576297585374986,1.0,0.5318435754189944,0.5185542591455391,2.742131680848335,0.6065109695682944,True,False,True,False,1.0093070605816088,0.5113993108741092,0.0,0.0,False,False,False,False,0.20455972434964367,0.491,1.963,,0.0,0.6472,0.0,0.08,hold,SATELLITE
SWK,,False,False,False,,0.0692615082377104,0.04523682810005322,0.5310867526900924,2.8018286200297684,1.3118908794093813,10.131855934784781,1.5865614441330973,0.7073773442008408,0.2770460329508416,0.1809473124002129,0.7344566236549538,1.3118908794093813,0.18678857466865123,False,False,True,False,0.4630289865318318,0.9161588196455718,0.9615282470519567,0.723496874398879,False,False,False,False,0.8719710642934795,0.347,1.531,,0.0,0.6471,0.0,0.08,hold,SATELLITE
PRU,,False,False,False,,0.10839718530101641,0.0629197981338271,0.72278342455043,,2.5772343193585807,,2.0083231755859745,0.0838992280327589,0.43358874120406565,0.2516791925353084,0.638608287724785,2.5772343193585807,0.5,False,False,True,False,0.7379567711843171,0.0,0.7740785886284558,1.0,False,False,True,False,0.5322235765885367,0.42,1.723,mixed-assets,0.0,0.6454,0.0,0.08,hold,SATELLITE
CCL,,False,False,False,,0.23667772036708568,0.07841684339627462,2.018200046271304,3.562913907284768,1.2686785919064263,8.700900453141964,2.963858529163913,0.7358572709594174,0.9467108814683427,0.3136673735850985,0.0,1.2686785919064263,0.23752759381898456,True,False,False,False,0.5921680246838947,1.0,0.3493962092604832,0.6855236387207768,True,False,False,False,0.710475954394378,0.669,3.018,,0.0,0.6454,0.0,0.08,hold,SATELLITE
LUV,,False,False,False,,0.1181869528381813,0.059909813184453514,0.9727478113527253,8.258503401360544,2.4110234030484756,10.16663720750379,3.551974696364449,0.8351067259694918,0.4727478113527252,0.23963925273781406,0.5136260943236374,2.4110234030484756,0.5505668934240363,False,False,True,False,0.7074702331753824,0.9135824290737934,0.0880112460602448,0.5531910320406777,False,False,False,False,0.5577936550597942,0.493,1.973,,0.0,0.6401,0.0,0.08,hold,SATELLITE
YUM,,False,False,False,,,0.37208306572468425,,5.2578740157480315,4.369402217365019,18.500807449530765,,5.144237625629396,0.0,1.0,0.5,4.369402217365019,0.3505249343832021,False,True,False,False,1.0654628260430732,0.2962364852199434,0.0,0.0,False,False,False,False,0.11849459408797736,,,,0.0,0.6393,0.0,0.08,hold,SATELLITE
GEN,,False,False,False,,0.3726541554959786,0.08950418544752092,3.163538873994638,3.6555360281195077,1.5264809020166659,7.411241500658546,4.293804818534829,0.7191689256010289,1.0,0.3580167417900837,0.0,1.5264809020166659,0.24370240187463385,True,False,False,False,0.6607473980269883,1.0,0.0,0.7077747658652949,True,False,False,False,0.6123324297595885,0.76,4.164,,0.0,0.639,0.0,0.08,hold,SATELLITE
CMCSA,,False,False,False,,0.1247730133796776,0.06217248423483435,1.0068847966311287,4.175454545454546,1.3220770201485288,4.934646762916435,0.9549506211399973,0.33282818195206165,0.4990920535187104,0.2486899369393374,0.49655760168443563,1.3220770201485288,0.27836363636363637,False,False,False,False,0.5249661540487226,1.0,1.0,1.0,True,True,True,True,1.0,0.502,2.007,levered-assets,-0.1,0.6387,0.0,0.08,hold,INCLUDE_VALUE
IQV,,False,False,False,,0.22281639928698752,0.061351061931108335,2.631826284232701,3.041504539559014,3.4014910617196668,13.077100963981785,5.1537858047201,1.0643556842450967,0.8912655971479501,0.24540424772443334,0.0,3.4014910617196668,0.20276696930393429,True,False,False,False,0.8715013096500585,0.6979925211865345,0.0,0.247525754339871,False,False,False,False,0.35345473477657513,0.725,3.632,,0.0,0.6384,0.0,0.08,hold,SATELLITE
RVTY,,False,False,False,,0.03336916460419904,0.022755517511861386,0.46642081801942126,3.8304218695110657,2.624048267461096,15.851254728049225,1.3588118200920902,0.8135637421831071,0.13347665841679615,0.09102207004744554,0.7667895909902893,2.624048267461096,0.2553614579674044,False,False,True,False,0.6015114431037207,0.4924996497741314,1.0,0.5819150104225239,False,True,False,False,0.6715743630364097,0.318,1.466,,0.0,0.633,0.0,0.08,hold,SATELLITE
WAB,,False,False,False,,0.11316211878009631,0.07135226314309812,0.5859639736044231,6.996478873239437,4.876640162675385,20.650086897049384,4.060849514941147,1.9689712236488248,0.45264847512038525,0.28540905257239246,0.7070180131977885,4.876640162675385,0.46643192488262913,False,False,True,False,1.1056091771770722,0.13703060021856417,0.0,0.0,False,False,False,False,0.05481224008742567,0.369,1.586,,0.0,0.6328,0.0,0.08,hold,SATELLITE
ROK,,False,False,False,,0.3091993185689949,0.14374340021119325,1.1510505394662123,9.13013698630137,3.687998724420734,26.217373126808123,11.30357389867151,3.5368858627506277,1.0,0.574973600844773,0.42447473026689386,3.687998724420734,0.608675799086758,True,False,False,False,1.1502306783652518,0.0,0.0,0.0,False,False,False,False,0.0,0.535,2.151,,0.0,0.6326,0.0,0.08,hold,SATELLITE
EXPE,,False,False,False,,2.5833333333333335,0.2817114729269216,8.17013888888889,6.207386363636363,0.6526841354082777,8.291651037038514,45.7996125783258,0.9970360499306724,1.0,1.0,0.0,0.6526841354082777,0.41382575757575757,True,True,False,False,0.7392851960688174,1.0,0.0,0.3372852667591034,True,False,False,False,0.5011855800277311,0.891,9.17,,0.0,0.6321,0.0,0.08,hold,SATELLITE
TTD,,False,False,False,,0.1763299240346185,0.15036976970596036,0.17264211004260877,820.0267022696929,1.8348038517374505,12.521625302906662,3.948921716741999,1.6895666818131572,0.705319696138474,0.6014790788238414,0.9136789449786956,1.8348038517374505,1.0,True,True,True,True,0.9043120519961165,0.7391388664513584,0.0,0.0,False,False,False,False,0.2956555465805434,0.147,1.173,,0.0,0.6304,0.0,0.08,hold,INCLUDE_QUALITY
DVY,Multi-Sector,False,True,False,,0.12,0.09,1.0,8.0,0.85,10.0,1.8,0.9,0.48,0.36,0.5,0.85,0.5333333333333333,False,False,True,False,0.5078333333333334,0.9259259259259259,0.8666666666666667,0.4666666666666667,False,False,False,False,0.7703703703703705,0.5,2.0,,0.0,0.626,0.0,0.08,hold,SATELLITE
ATO,,False,False,False,,0.09029543251736408,0.05486141571381688,0.6458822898116194,12.140545985962634,2.262941113248427,15.485666120312986,2.0565257556505303,1.009214148203458,0.3611817300694563,0.2194456628552675,0.6770588550941903,2.262941113248427,0.8093697323975089,False,False,True,False,0.6961251863685607,0.5195802873842232,0.7526552197108755,0.3210478023953893,False,False,False,False,0.5299430215855687,0.392,1.646,,0.0,0.6213,0.0,0.08,hold,SATELLITE
LOW,,False,False,False,,,0.19963931469792606,,6.558804831532104,3.735200227540375,13.827670233073226,,2.4232972298995312,0.0,0.7985572587917042,0.5,3.735200227540375,0.4372536554354736,False,True,False,False,0.9185725773121148,0.6423947975501314,0.0,0.0,False,False,False,False,0.25695791902005255,,,,0.0,0.6208,0.0,0.08,hold,SATELLITE
JPM,Financials,False,True,False,,0.15,0.12,1.2,6.0,0.8,10.0,1.8,0.15,0.6,0.48,0.4,0.8,0.4,True,False,False,False,0.544,0.9259259259259259,0.8666666666666667,1.0,False,False,True,False,0.9303703703703705,0.545,2.2,levered-assets,-0.1,0.6179,0.0,0.08,hold,SATELLITE
SW,,False,False,False,,0.02755599911288534,0.015434782608695652,0.7853182523841207,1.8882063882063882,1.0639489658034096,8.826614179024016,1.3453331583325414,0.5368117706175907,0.11022399645154136,0.06173913043478261,0.6073408738079397,1.0639489658034096,0.1258804258804259,False,False,True,False,0.31487045659564217,1.0,1.0,0.9509176391765458,True,True,False,False,0.9852752917529637,0.44,1.785,,0.0,0.6166,0.0,0.08,hold,SATELLITE
TSCO,,False,False,False,,0.43013125017652915,0.12118149384348625,2.5494796815433842,21.158167057760416,2.649249132513205,15.239457745296699,9.374933711238528,2.020754092655218,1.0,0.484725975373945,0.0,2.649249132513205,1.0,True,False,False,False,0.9428051624891642,0.5378179447928371,0.0,0.0,False,False,False,False,0.21512717791713484,0.718,3.549,,0.0,0.6154,0.0,0.08,hold,SATELLITE
UAN,Materials,False,False,False,,0.2,0.12,0.5,6.0,0.5,6.0,2.5,1.127,0.8,0.48,0.75,0.5,0.4,True,False,True,False,0.6115,1.0,0.5555555555555556,0.16400000000000003,True,False,False,False,0.6158666666666667,0.333,1.5,,0.0,0.6135,0.0,0.08,hold,SATELLITE
VMC,,False,False,False,,0.13181802072134866,0.08357927222064089,0.5771616241567923,7.2301656495204885,3.970417038143547,18.168024830803613,4.516051963779859,2.324961991108586,0.5272720828853946,0.33431708888256356,0.7114191879216039,3.970417038143547,0.4820110433013659,False,False,True,False,1.0089532897702966,0.3208870495701027,0.0,0.0,False,False,False,False,0.1283548198280411,0.366,1.577,,0.0,0.6127,0.0,0.08,hold,SATELLITE
HOOD,,False,False,False,,0.21856540084388185,0.06437581557198782,2.3951476793248947,,4.7737065530366865,40.92689491757527,8.363333217341266,1.4020229690609232,0.8742616033755274,0.2575032622879513,0.0,4.7737065530366865,0.5,True,False,False,False,1.1055854426545466,0.0,0.0,0.0,False,False,False,False,0.0,0.705,3.395,,0.0,0.6081,0.0,0.08,hold,SATELLITE
ETR,,False,False,False,,0.10386452417776919,0.035049208266621515,1.963391452031249,2.6496552718880717,2.8444142865703816,13.235650847939814,3.00610511584584,0.6879060545156608,0.41545809671107675,0.14019683306648606,0.018304273984375508,2.8444142865703816,0.1766436847925381,False,False,False,False,0.6137686314957361,0.6862480853377915,0.33061994851296006,0.749458593979119,False,False,False,False,0.5985227968827402,0.663,2.963,,0.0,0.6069,0.0,0.08,hold,SATELLITE
FICO,,False,False,False,,,0.5430279003914383,,6.715654917786459,4.544397278052214,24.577804215357002,,12.665536933120844,0.0,1.0,0.5,4.544397278052214,0.4477103278524306,False,True,False,False,1.1014306244930752,0.0,0.0,0.0,False,False,False,False,0.0,,,,0.0,0.6058,0.0,0.08,hold,SATELLITE
MCK,,False,False,False,,,0.7392114250232847,,26.105263157894736,4.169600302443345,34.3698183133839,,2.940043317604512,0.0,1.0,0.5,4.169600302443345,1.0,False,True,False,False,1.100440045366502,0.0,0.0,0.0,False,False,False,False,0.0,,,,0.0,0.6052,0.0,0.08,hold,SATELLITE
HRL,,False,False,False,,0.058732067648553585,0.04320698996701636,0.35931865870288276,9.335500120848227,1.387521460789641,13.65188927607078,1.46867865033442,0.8749060510750754,0.23492827059421434,0.17282795986806543,0.8203406706485586,1.387521460789641,0.6223666747232152,False,False,True,False,0.5157428563267353,0.6554156091799423,1.0,0.5001252652332329,False,True,False,False,0.7122038232419469,0.264,1.359,,0.0,0.6042,0.0,0.08,hold,SATELLITE
AMGN,,False,False,False,,0.8487486398258978,0.11727030806007849,6.237540805223069,4.379323168464113,2.805581753154091,14.021000443794888,20.508500478666853,2.0374591304046135,1.0,0.46908123224031395,0.0,2.805581753154091,0.29195487789760755,True,False,False,False,0.8907571204349686,0.6280740412003787,0.0,0.0,False,False,False,False,0.25122961648015146,0.862,7.238,,0.0,0.603,0.0,0.08,hold,SATELLITE
EVRG,,False,False,False,,0.08684993009471674,0.03388404672548967,1.5631510544867377,2.4264452451825163,1.4401673246048032,12.419964607928048,1.8437994454085465,0.5430950929407492,0.34739972037886696,0.13553618690195868,0.21842447275663113,1.4401673246048032,0.16176301634550108,False,False,False,False,0.4098458434230129,0.7466692883016262,0.8472002464850905,0.942539876079001,False,False,False,False,0.8355897520898778,0.61,2.563,,0.0,0.6014,0.0,0.08,hold,SATELLITE
SWKS,,False,False,False,,0.050555042434170396,0.045191139358818584,0.11869368976874684,13.25187969924812,1.9179421827756973,12.37057859885585,1.7778880642013295,1.3740141520278097,0.20222016973668158,0.18076455743527434,0.9406531551156265,1.9179421827756973,0.8834586466165413,False,False,True,False,0.6320305834969395,0.7503275111958629,0.876494193688298,0.0,False,False,False,False,0.5630792625848345,0.106,1.119,,0.0,0.601,0.0,0.08,hold,SATELLITE
BSX,,False,False,False,,0.13783637488400866,0.09663079717019489,0.4264228270955769,11.481792717086835,3.3747668282201784,18.722881391270707,3.606123858732215,2.1029692111169984,0.5513454995360346,0.38652318868077956,0.7867885864522115,3.3747668282201784,0.765452847805789,False,False,True,False,0.9821392034464816,0.2797865636095772,0.06394495167457115,0.0,False,False,False,False,0.13109811094620225,0.299,1.426,,0.0,0.5992,0.0,0.05,hold,SATELLITE
AIG,,False,False,False,,0.07823289196881573,0.06377998829724986,0.22660561811656973,10.668316831683168,3.7721213726126184,,3.527530301908152,0.8823029276947864,0.31293156787526294,0.25511995318899944,0.8866971909417152,3.7721213726126184,0.7112211221122112,False,False,True,False,0.9403603530636497,0.0,0.09887542137415473,0.49026276307361816,False,False,False,False,0.17674145533433183,0.185,1.227,,0.0,0.5967,0.0,0.05,hold,SATELLITE
BLK,Financials,False,False,False,,0.22,0.18,0.2,20.0,0.85,16.0,3.5,1.077,0.88,0.72,0.9,0.85,1.0,True,True,True,True,0.8424999999999999,0.4814814814814815,0.11111111111111116,0.2306666666666667,False,False,False,False,0.29512592592592596,0.167,1.2,,0.0,0.5962,0.0,0.05,hold,INCLUDE_QUALITY
TER,,False,False,False,,0.27166284540825547,0.26472453470228574,0.02620954915936556,109.66235600956314,1.5678956046081216,40.57299568409662,14.756055765749915,10.462817835079456,1.0,1.0,0.9868952254203173,1.5678956046081216,1.0,True,True,True,True,1.0832186245042659,0.0,0.0,0.0,False,False,False,False,0.0,0.026,1.026,,0.0,0.5958,0.0,0.05,hold,INCLUDE_QUALITY
AON,,False,False,False,,0.407793290268806,0.15365891959798994,1.6538862262971452,7.732450331125828,1.8766590324801244,12.651795264608491,7.3306819880542164,1.3189098866167612,1.0,0.6146356783919598,0.1730568868514274,1.8766590324801244,0.5154966887417218,True,True,False,False,0.8433977602914929,0.7294966470660377,0.0,0.0,False,False,False,False,0.2917986588264151,0.623,2.654,,0.0,0.5952,0.0,0.05,hold,SATELLITE
CPB,Consumer Staples,False,True,False,,0.2,0.09,1.5,5.0,0.72,10.0,2.5,0.9,0.8,0.36,0.25,0.72,0.3333333333333333,True,False,False,False,0.5268333333333333,0.9259259259259259,0.5555555555555556,0.4666666666666667,False,False,False,False,0.6770370370370371,0.6,2.5,,0.0,0.5944,0.0,0.05,hold,SATELLITE
MAA,,False,False,False,,0.0739455798031947,0.036179912736007985,1.043829689218695,3.0950201978689496,4.241254232282955,17.175536860019673,2.9315454740377853,1.3327206828074727,0.2957823192127788,0.14471965094403194,0.47808515539065255,4.241254232282955,0.20633467985792997,False,False,False,False,0.8606849671838774,0.3944046770355798,0.3637575670943176,0.0,False,False,False,False,0.2668891409425272,0.511,2.044,,0.0,0.5935,0.0,0.05,hold,SATELLITE
HPE,,False,False,False,,0.06152142970109126,0.033435042330998324,0.8400284674996046,,0.1701562496917721,9.699730133391753,1.5019057121537065,0.47774171536109694,0.24608571880436503,0.1337401693239933,0.5799857662501977,0.1701562496917721,0.5,False,False,True,False,0.276469068829803,0.9481681382672775,0.9991530168205749,1.0,False,False,True,False,0.9790131603530834,0.457,1.84,mixed-assets,0.0,0.5926,0.0,0.05,hold,SATELLITE
XYZ,,False,False,False,,0.037166494944725244,0.027039107762343917,0.3745459085186701,31.33648030892416,0.6654414471910249,10.659298269716144,1.483192905554984,0.8054811688929593,0.14866597977890098,0.10815643104937567,0.812727045740665,0.6654414471910249,1.0,False,False,True,False,0.3987719971882365,0.8770890170580634,1.0,0.5926917748093876,False,True,False,False,0.8286431392660416,0.272,1.375,,0.0,0.5922,0.0,0.05,hold,SATELLITE
MRK,Health Care,False,True,False,,0.3,0.18,0.7,12.0,0.84,12.0,6.5,2.636,1.0,0.72,0.65,0.84,0.8,True,True,True,True,0.8195000000000001,0.7777777777777778,0.0,0.0,False,False,False,False,0.3111111111111111,0.412,1.7,,0.0,0.5907,0.0,0.05,hold,INCLUDE_QUALITY
COR,,False,False,False,,0.7501426010790001,0.16148129234352418,3.6453839339060923,8.398218829516539,1.039130755418708,14.150932399262151,17.947712304380744,0.7468144462694893,1.0,0.6459251693740967,0.0,1.039130755418708,0.5598812553011026,True,True,False,False,0.7056352896551454,0.6184494519065074,0.0,0.670914071640681,False,False,False,False,0.4486540022548072,0.785,4.645,,0.0,0.59,0.0,0.05,hold,SATELLITE
TRMB,,False,False,False,,0.0809267011991769,0.06470921985815603,0.25062087561200597,8.079182630906768,3.5025131925084745,19.657546690953676,2.6974145261672264,1.6912318059070057,0.3237068047967076,0.2588368794326241,0.874689562193997,3.5025131925084745,0.5386121753937846,False,False,True,False,0.8852047360135487,0.21055209696639432,0.4678157661478993,0.0,False,False,False,False,0.22456556863092753,0.2,1.251,,0.0,0.5879,0.0,0.05,hold,SATELLITE
MO,Consumer Staples,False,True,False,,0.9,0.25,1.5,8.0,0.85,,-36.05,3.305,1.0,1.0,0.25,0.85,0.5333333333333333,True,True,False,False,0.8183333333333332,0.0,1.0,0.0,False,True,False,False,0.3,0.6,2.5,,0.0,0.5851,0.0,0.05,hold,SATELLITE
NI,,False,False,False,,0.0995837733739206,0.03639748873221848,1.736006709324719,2.7011239073123354,1.6282200465531946,12.334021523868662,2.2864885455926642,0.6033541070201107,0.3983350934956824,0.14558995492887392,0.13199664533764055,1.6282200465531946,0.18007492715415568,False,False,False,False,0.4452175110264077,0.7530354426763954,0.6504495352921492,0.8621945239731857,False,False,False,False,0.7550073948501587,0.635,2.736,,0.0,0.5846,0.0,0.05,hold,SATELLITE
CRH,,False,False,False,,0.15897649261493654,0.0871419449005656,0.824339504888704,7.025821596244131,1.6428085906339414,10.649248599080014,2.9617409060536715,1.2157644944152206,0.6359059704597462,0.3485677796022624,0.5878302475556481,1.6428085906339414,0.46838810641627543,True,False,True,False,0.6767767613886685,0.8778334371051841,0.35033737508725715,0.04564734077970589,False,False,False,False,0.4699287896021626,0.452,1.824,,0.0,0.5837,0.0,0.05,hold,SATELLITE
BAC,Financials,False,True,False,,0.1,0.08,1.1,4.0,0.75,9.0,1.2,0.103,0.4,0.32,0.44999999999999996,0.75,0.26666666666666666,False,False,False,False,0.42266666666666663,1.0,1.0,1.0,True,True,True,True,1.0,0.524,2.1,levered-assets,-0.1,0.5825,0.0,0.05,hold,INCLUDE_VALUE
AVB,,False,False,False,,0.08546447131112055,0.04844444517786374,0.7641748398054267,4.747597573123246,2.933037331989783,16.090429490833795,2.2411933835149904,1.208256676636966,0.3418578852444822,0.19377778071145496,0.6179125800972867,2.933037331989783,0.316506504874883,False,False,True,False,0.7249838370873298,0.47478300067897816,0.6705807184377821,0.05565776448404536,False,False,False,False,0.40778474514813956,0.433,1.764,,0.0,0.5822,0.0,0.05,hold,SATELLITE
QCOM,,False,False,False,,0.33476751753561357,0.21568673127096533,0.5521006580374576,17.272859216255444,0.7143726379838022,15.197156965299055,7.015311770570521,3.382249253934134,1.0,0.8627469250838613,0.7239496709812712,0.7143726379838022,1.0,True,True,True,True,0.8745724238699194,0.5409513359037738,0.0,0.0,False,False,False,False,0.2163805343615095,0.356,1.552,,0.0,0.5784,0.0,0.05,hold,INCLUDE_QUALITY
SHEL,Energy,False,True,False,,0.12,0.1,0.35,15.0,0.75,,1.48,0.631,0.48,0.4,0.825,0.75,1.0,False,False,True,False,0.60025,0.0,1.0,0.8253333333333334,False,True,False,False,0.5476,0.259,1.35,,0.0,0.5766,0.0,0.05,hold,SATELLITE
EQIX,,False,False,False,,0.1065915727993325,0.04062218453548148,1.6239744124600195,3.9964850615114234,5.439115366009972,28.08508190511909,7.151604798701574,2.5040018554612433,0.42636629119733,0.1624887381419259,0.18801279376999025,5.439115366009972,0.2664323374340949,False,False,False,False,1.0473689665121806,0.0,0.0,0.0,False,False,False,False,0.0,0.619,2.624,,0.0,0.5761,0.0,0.05,hold,SATELLITE
CASY,,False,False,False,,0.18079423157365188,0.10419563428622765,0.7351420989194829,,3.655367081760338,22.082414662690276,7.687722135553472,3.399678899669623,0.7231769262946075,0.4167825371449106,0.6324289505402585,3.655367081760338,0.5,True,False,True,False,1.035157243876945,0.030932247208127706,0.0,0.0,False,False,False,False,0.012372898883251084,0.424,1.735,,0.0,0.5749,0.0,0.05,hold,SATELLITE
INTU,,False,False,False,,0.22221144990062533,0.16651531112644846,0.334480585583402,24.848979591836734,1.2339161308288418,15.60073083792719,5.128724626584316,2.6900701836208456,0.8888457996025013,0.6660612445057938,0.8327597072082991,1.2339161308288418,1.0,True,True,True,True,0.8764734889380597,0.5110569749683563,0.0,0.0,False,False,False,False,0.20442278998734253,0.251,1.334,,0.0,0.5741,0.0,0.05,hold,INCLUDE_QUALITY
Q,,False,False,False,,0.0836348455329808,0.05361762869123026,0.559838575006958,5.850828729281768,4.019338757910374,18.976651397914672,3.359504781742167,1.7166608377728232,0.3345393821319232,0.21447051476492104,0.720080712496521,4.019338757910374,0.39005524861878454,False,False,True,False,0.9146214144919659,0.26098878533965386,0.1735534303368147,0.0,False,False,False,False,0.15646154323690598,0.359,1.56,,0.0,0.5734,0.0,0.05,hold,SATELLITE
ABNB,,False,False,False,,0.3296228391828182,0.24749262536873157,0.3318491356731273,,1.1719936445159844,18.62393106214169,6.911502005378635,1.9672069969088735,1.0,0.9899705014749263,0.8340754321634364,1.1719936445159844,0.5,True,True,True,True,0.947901511944391,0.2871162176191341,0.0,0.0,False,False,False,False,0.11484648704765364,0.249,1.332,,0.0,0.573,0.0,0.05,hold,INCLUDE_QUALITY
DD,Materials,False,True,False,,0.06,0.05,0.5,5.0,0.62,10.0,1.8,0.778,0.24,0.2,0.75,0.62,0.3333333333333333,False,False,True,False,0.37083333333333335,0.9259259259259259,0.8666666666666667,0.6293333333333333,False,False,False,False,0.8191703703703704,0.333,1.5,,0.0,0.5726,0.0,0.05,hold,SATELLITE
SCHD,Multi-Sector,False,True,False,,0.18,0.14,0.7,12.0,0.9,12.0,3.0,1.5,0.72,0.56,0.65,0.9,0.8,True,False,True,False,0.6965000000000001,0.7777777777777778,0.33333333333333337,0.0,False,False,False,False,0.4111111111111111,0.412,1.7,,0.0,0.5681,0.0,0.05,hold,SATELLITE
SNDK,,False,False,False,,0.3271394352907019,0.32287413138476967,0.013210423169049865,46.982142857142854,0.2865532919247681,16.734630466680198,6.829306149723443,5.510240165431324,1.0,1.0,0.993394788415475,0.2865532919247681,1.0,True,True,True,True,0.8919922120510364,0.42706440987554095,0.0,0.0,False,False,False,False,0.1708257639502164,0.013,1.013,,0.0,0.5675,0.0,0.05,hold,INCLUDE_QUALITY
IPI,Materials,False,False,False,,0.05,0.04,0.3,3.0,0.45,9.0,1.2,0.836,0.2,0.16,0.85,0.45,0.2,False,False,True,False,0.323,1.0,1.0,0.552,True,True,False,False,0.8655999999999999,0.231,1.3,,0.0,0.5672,0.0,0.05,hold,SATELLITE
WEC,,False,False,False,,0.115730083183866,0.04492697208272111,1.5759600039544113,2.939262713746391,1.963133249421553,14.395215791168189,2.641205464310571,0.7229900464353757,0.462920332735464,0.17970788833088444,0.21201999802279436,1.963133249421553,0.19595084758309275,False,False,False,False,0.5386565381948659,0.6003543858393934,0.4927975714175239,0.7026799380861657,False,False,False,False,0.5987850071868642,0.612,2.576,,0.0,0.5657,0.0,0.05,hold,SATELLITE
SMCI,Information Technology,True,False,True,growth_ai,0.3,0.22,0.2,20.0,0.4,,2.22,1.724,1.0,0.88,0.9,0.4,1.0,True,True,True,True,0.8590000000000001,0.0,0.6799999999999999,0.0,False,False,False,False,0.204,0.167,1.2,,0.0,0.5643,0.1129,0.05,hold,INCLUDE_QUALITY
ICL,Materials,False,False,False,,0.12,0.08,0.7,5.0,0.55,7.0,1.4,1.809,0.48,0.32,0.65,0.55,0.3333333333333333,False,False,True,False,0.45333333333333337,1.0,1.0,0.0,True,True,False,False,0.7,0.412,1.7,,0.0,0.5643,0.0,0.05,hold,SATELLITE
FRT,,False,False,False,,0.12964485381316262,0.053088530419403944,1.4420501526216143,3.2831727697850916,3.06124135798555,14.808861496028014,3.140486925115506,1.1663675545225616,0.5185794152526505,0.21235412167761578,0.27897492368919286,3.06124135798555,0.21887818465233944,False,False,False,False,0.7422003217955252,0.5697139632571842,0.270894699948664,0.11150992730325127,False,False,False,False,0.34260697347844826,0.591,2.442,,0.0,0.5624,0.0,0.05,hold,SATELLITE
PYPL,Financials,False,False,False,,0.18,0.12,0.4,15.0,0.6,,2.47,0.606,0.72,0.48,0.8,0.6,1.0,True,False,True,False,0.6699999999999999,0.0,0.5688888888888888,0.8586666666666667,False,False,False,False,0.42826666666666663,0.286,1.4,,0.0,0.5612,0.0,0.05,hold,SATELLITE
VYM,Multi-Sector,False,True,False,,0.14,0.11,0.8,10.0,0.88,11.0,2.5,1.2,0.56,0.44,0.6,0.88,0.6666666666666666,False,False,True,False,0.5886666666666667,0.8518518518518519,0.5555555555555556,0.06666666666666676,False,False,False,False,0.5274074074074074,0.444,1.8,,0.0,0.5611,0.0,0.05,hold,SATELLITE
CB,Financials,False,True,False,,0.13,0.1,0.3,12.0,0.84,,1.8,0.68,0.52,0.4,0.85,0.84,0.8,False,False,True,False,0.6095000000000002,0.0,0.8666666666666667,0.7599999999999999,False,False,False,False,0.488,0.231,1.3,,0.0,0.5548,0.0,0.05,hold,SATELLITE
WDAY,,False,False,False,,0.12673948825377823,0.08075896262395119,0.569355080053868,12.258928571428571,2.6995966504663085,16.11597239971161,3.681340761140455,1.5289540927662457,0.5069579530151129,0.32303585049580474,0.715322459973066,2.6995966504663085,0.8172619047619047,False,False,True,False,0.8429621980953719,0.4728909333546957,0.03051521727090878,0.0,False,False,False,False,0.19831093852315093,0.363,1.569,,0.0,0.5529,0.0,0.05,hold,SATELLITE
WY,,False,False,False,,0.042059540205530245,0.02666577109081139,0.5772857294204895,2.2161172161172162,3.1684721375253577,20.319233900772005,1.850334498523068,1.0648928316297324,0.16823816082212098,0.10666308436324556,0.7113571352897552,3.1684721375253577,0.14774114774114774,False,False,True,False,0.6792188792519916,0.16153822957244401,0.844295778434192,0.24680955782702352,False,False,False,False,0.3919468927073423,0.366,1.577,,0.0,0.5499,0.0,0.05,hold,SATELLITE
AMT,,False,False,False,,0.8233407142451599,0.05961096563886069,12.811900300914097,3.493702041407268,3.255680061760644,17.754322613704332,22.388867012312158,1.2472131228405146,1.0,0.23844386255544275,0.0,3.255680061760644,0.23291346942715122,True,False,False,False,0.8831765149734446,0.3515316582441236,0.0,0.003715836212647261,False,False,False,False,0.1417274141614436,0.928,13.812,,0.0,0.5495,0.0,0.05,hold,SATELLITE
AES,,False,False,False,,0.3056561085972851,0.03814336937801745,7.013348416289593,1.2390691114245416,1.0288911148868636,11.845124539458793,2.2190864763820377,0.18569761308636296,1.0,0.1525734775120698,0.0,1.0288911148868636,0.08260460742830276,True,False,False,False,0.5083661712294807,0.7892500341141635,0.6804060104968721,1.0,False,False,True,False,0.8198218167947271,0.875,8.013,levered-assets,-0.1,0.5485,0.0,0.05,hold,SATELLITE
AJG,,False,False,False,,0.06778548895899053,0.04338439174092121,0.5624395373291272,4.196523645474476,1.8029504107304408,17.34350726635507,2.3328658043304027,0.7083419687865458,0.2711419558359621,0.17353756696368483,0.7187802313354363,1.8029504107304408,0.2797682430316317,False,False,True,False,0.5396402774529389,0.3819624247144394,0.6298374202975988,0.7222107082846057,False,False,False,False,0.5583994084604371,0.36,1.562,,0.0,0.5481,0.0,0.05,hold,SATELLITE
CAT,Industrials,False,True,True,cyclical,0.4,0.18,1.5,15.0,0.7,13.0,8.0,2.0,1.0,0.72,0.25,0.7,1.0,True,True,False,False,0.7585,0.7037037037037037,0.0,0.0,False,False,False,False,0.2814814814814815,0.6,2.5,,0.0,0.5438,0.0,0.05,hold,SATELLITE
FTV,,False,False,False,,0.08817608817608817,0.05584175383232844,0.579035079035079,6.154503105590062,3.084023648717465,17.404710331207987,3.0442896334957177,1.58848228607526,0.3527043527043527,0.22336701532931377,0.7104824604824604,3.084023648717465,0.41030020703933745,False,False,True,False,0.7830273474940226,0.3774288643549639,0.31364905177968105,0.0,False,False,False,False,0.24506626127588987,0.367,1.579,,0.0,0.5409,0.0,0.05,hold,SATELLITE
JCI,,False,False,False,,0.2654650645304851,0.1559001611708847,0.7027889037234831,14.004784688995215,2.011678937818592,26.293594422316385,6.5646704162153435,2.283466718734107,1.0,0.6236006446835388,0.6486055481382584,2.011678937818592,0.9336523125996811,True,True,True,True,0.9794880975585573,0.0,0.0,0.0,False,False,False,False,0.0,0.413,1.703,,0.0,0.5387,0.0,0.05,hold,SATELLITE
TGT,Consumer Discretionary,False,False,False,,0.25,0.12,1.2,6.0,0.7,10.0,3.5,1.273,1.0,0.48,0.4,0.7,0.4,True,False,False,False,0.649,0.9259259259259259,0.11111111111111116,0.0,False,False,False,False,0.40370370370370373,0.545,2.2,,0.0,0.5386,0.0,0.05,hold,SATELLITE
APO,,False,False,False,,0.05734048418625633,0.03347868075268502,0.7127462282592352,14.629716981132075,0.26426777369439985,7.20132522164917,3.20614679398509,0.13681653516736153,0.2293619367450253,0.1339147230107401,0.6436268858703824,0.26426777369439985,0.9753144654088051,False,False,True,False,0.3426986434023275,1.0,0.24171253600662668,1.0,True,False,True,False,0.7725137608019881,0.416,1.713,mixed-assets,0.0,0.5361,0.0,0.05,hold,SATELLITE
COF,,False,False,False,,0.09244856889263839,0.06638480469489494,0.39261641753007653,,0.4465714636935085,,1.081589595166562,0.18265202134467426,0.36979427557055355,0.26553921877957976,0.8036917912349617,0.4465714636935085,0.5,False,False,True,False,0.4281395365443105,0.0,1.0,1.0,False,True,True,False,0.6,0.282,1.393,cheap-assets,0.03,0.5355,0.0,0.05,hold,SATELLITE
APTV,,False,False,False,,0.039532113072674104,0.019090956639991632,1.0707245748944005,3.3781512605042017,0.28420362395523113,9.708811751261532,1.59156611193888,0.5830627271170764,0.15812845229069641,0.07636382655996653,0.46463771255279973,0.28420362395523113,0.22521008403361345,False,False,False,False,0.20519489253476486,0.9474954258324791,0.9593039502493866,0.8892496971772315,False,False,False,False,0.9335642645609772,0.517,2.071,,0.0,0.533,0.0,0.05,hold,SATELLITE
TRV,Financials,False,True,False,,0.14,0.1,0.3,10.0,0.82,,2.38,0.605,0.56,0.4,0.85,0.82,0.6666666666666666,False,False,True,False,0.6051666666666666,0.0,0.6088888888888889,0.86,False,False,False,False,0.44066666666666665,0.231,1.3,,0.0,0.5311,0.0,0.05,hold,SATELLITE
CEG,,False,False,False,,0.11322163485948093,0.06775813687465371,0.6709673565690052,9.875404530744337,1.5689986097114608,14.7269245283187,2.9736296842313874,1.0273967115922809,0.45288653943792373,0.27103254749861483,0.6645163217154975,1.5689986097114608,0.6583603020496225,False,False,True,False,0.6180389959999675,0.575783368272689,0.3450534736749389,0.29680438454362557,False,False,False,False,0.42287070477464495,0.402,1.671,,0.0,0.5302,0.0,0.05,hold,SATELLITE
LXU,Materials,False,False,False,,0.15,0.1,0.8,4.0,0.5,,1.44,0.558,0.6,0.4,0.6,0.5,0.26666666666666666,True,False,True,False,0.4916666666666667,0.0,1.0,0.9226666666666666,False,True,False,False,0.5768,0.444,1.8,,0.0,0.53,0.0,0.05,hold,SATELLITE
PWR,,False,False,False,,0.1376721295894912,0.08169876911488075,0.6851187732816819,6.963780153480835,3.699572530967718,37.115878329703044,11.23027279281636,3.825724814499106,0.5506885183579648,0.326795076459523,0.657440613359159,3.699572530967718,0.46425201023205565,False,False,True,False,0.9632222511174835,0.0,0.0,0.0,False,False,False,False,0.0,0.407,1.685,,0.0,0.5298,0.0,0.05,hold,SATELLITE
HII,Industrials,False,False,True,aerospace_defense,0.12,0.08,0.8,6.0,0.8,12.0,2.5,1.0,0.48,0.32,0.6,0.8,0.4,False,False,True,False,0.49,0.7777777777777778,0.5555555555555556,0.33333333333333337,False,False,False,False,0.5777777777777777,0.444,1.8,,0.0,0.5295,0.0,0.05,hold,SATELLITE
MSFT,Information Technology,False,False,True,quality_growth,0.35,0.25,0.3,30.0,0.9,,7.59,6.715,1.0,1.0,0.85,0.9,1.0,True,True,True,True,0.9625,0.0,0.0,0.0,False,False,False,False,0.0,0.231,1.3,,0.0,0.5294,0.0,0.05,hold,SATELLITE
GIS,Consumer Staples,False,True,False,,0.28,0.12,1.3,7.0,0.8,12.0,3.8,1.125,1.0,0.48,0.35,0.8,0.4666666666666667,True,False,False,False,0.6631666666666666,0.7777777777777778,0.0,0.16666666666666663,False,False,False,False,0.3611111111111111,0.565,2.3,,0.0,0.5272,0.0,0.05,hold,SATELLITE
VZ,Communication Services,False,True,False,,0.2,0.08,1.8,5.0,0.82,,1.85,0.509,0.8,0.32,0.09999999999999998,0.82,0.3333333333333333,True,False,False,False,0.5073333333333333,0.0,0.8444444444444444,0.988,False,False,False,False,0.5497333333333333,0.643,2.8,,0.0,0.5264,0.0,0.05,hold,SATELLITE
ABBV,Health Care,False,True,False,,0.8,0.2,3.5,8.0,0.78,,-67.09,3.308,1.0,0.8,0.0,0.78,0.5333333333333333,True,True,False,False,0.7103333333333334,0.0,1.0,0.0,False,True,False,False,0.3,0.778,4.5,,0.0,0.5257,0.0,0.05,hold,SATELLITE
SRE,,False,False,False,,0.060665240708019465,0.02848948931462179,1.1293902476828173,1.9223497636731939,1.6310852605576025,18.303463074011272,1.9540273855976553,0.555286117021043,0.24266096283207786,0.11395795725848716,0.43530487615859137,1.6310852605576025,0.12815665091154627,False,False,False,False,0.4297598616257532,0.31085458711027614,0.7982100508454866,0.9262851773052759,False,False,False,False,0.6416904032893391,0.53,2.129,,0.0,0.5251,0.0,0.05,hold,SATELLITE
AMCR,,False,False,False,,0.05819242983434898,0.02390944034982544,1.4338683374817611,2.152073732718894,1.539997852525058,11.697008746083348,1.551550152037125,0.4810044920809043,0.23276971933739593,0.09563776139930176,0.28306583125911944,1.539997852525058,0.1434715821812596,False,False,False,False,0.3863289550067619,0.8002215743641964,0.9770888213168333,1.0,False,False,True,False,0.9132152761407286,0.589,2.434,levered-assets,-0.1,0.5234,0.0,0.05,hold,SATELLITE
BG,,False,False,False,,0.06312292358803986,0.03069186223712283,1.0566664577195513,2.708542713567839,1.2035748755840459,11.796238255605113,1.2853303229938655,0.43830692665386556,0.25249169435215946,0.12276744894849131,0.4716667711402244,1.2035748755840459,0.18056951423785594,False,False,False,False,0.38192094142262134,0.7928712403255472,1.0,1.0,False,True,True,False,0.917148496130219,0.514,2.057,levered-assets,-0.1,0.5228,0.0,0.05,hold,SATELLITE
MOS,Materials,True,False,False,,0.08,0.06,0.4,5.0,0.55,,0.6,0.321,0.32,0.24,0.8,0.55,0.3333333333333333,False,False,True,False,0.4038333333333333,0.0,1.0,1.0,False,True,True,False,0.6,0.286,1.4,cheap-assets,0.03,0.5221,0.1127,0.05,hold,SATELLITE
GEV,,False,False,False,,0.796939031529648,0.6459901023659413,0.23367065317387303,,1.0996407361315588,100.69173613054548,26.169161752303182,3.8725825132709057,1.0,1.0,0.8831646734130635,1.0996407361315588,0.5,True,True,True,True,0.9474208114316933,0.0,0.0,0.0,False,False,False,False,0.0,0.189,1.234,,0.0,0.5211,0.0,0.05,hold,SATELLITE
DOC,,False,False,False,,0.02838535970053747,0.01198285854437008,1.3688304084899507,2.331077594698806,0.5147691570503046,11.2931800647796,1.4296571648162275,0.5176162217554298,0.11354143880214988,0.04793143417748032,0.3155847957550246,0.5147691570503046,0.15540517297992038,False,False,False,False,0.18853547211268046,0.8301348100163259,1.0,0.9765117043260937,False,True,False,False,0.9250074353043585,0.578,2.369,,0.0,0.5199,0.0,0.05,hold,SATELLITE
SBAC,,False,False,False,,,0.09543235056631809,,3.467977381258699,3.886687193191366,16.479034002820544,,1.5480830868778914,0.0,0.38172940226527236,0.5,3.886687193191366,0.23119849208391327,False,False,False,False,0.7956417488666778,0.44599748127255223,0.0,0.0,False,False,False,False,0.17839899250902091,,,,0.0,0.5179,0.0,0.05,hold,SATELLITE
CBRE,,False,False,False,,0.15491783758037628,0.0685638998682477,1.2594665396522982,,3.6693578969951304,21.88934801756529,4.6443078821851564,1.2800005774208574,0.6196713503215051,0.2742555994729908,0.3702667301738509,3.6693578969951304,0.5,True,False,False,False,0.924121779013696,0.045233480180348895,0.0,0.0,False,False,False,False,0.018093392072139558,0.557,2.259,,0.0,0.5164,0.0,0.05,hold,SATELLITE
CLX,,False,False,False,,,0.1710794297352342,,11.185567010309278,2.3063171814414445,12.72240629678211,,2.078942612660246,0.0,0.6843177189409368,0.5,2.3063171814414445,0.7457044673539518,False,True,False,False,0.7008133396338929,0.7242662002383622,0.0,0.0,False,False,False,False,0.2897064800953449,,,,0.0,0.5158,0.0,0.05,hold,SATELLITE
CL,Consumer Staples,False,True,False,,0.35,0.18,1.2,11.0,0.87,16.0,80.0,4.875,1.0,0.72,0.4,0.87,0.7333333333333333,True,True,False,False,0.7798333333333335,0.4814814814814815,0.0,0.0,False,False,False,False,0.19259259259259262,0.545,2.2,,0.0,0.5156,0.0,0.05,hold,SATELLITE
SPG,,False,False,False,,0.9659838925881661,0.13869212398709424,5.964951323970308,6.352491739146577,1.0056428503174464,11.142547957150708,13.027647287148222,1.5968627640474922,1.0,0.554768495948377,0.0,1.0056428503174464,0.4234994492764385,True,False,False,False,0.6596269212597738,0.8412927439147624,0.0,0.0,False,False,False,False,0.336517097565905,0.856,6.965,,0.0,0.5142,0.0,0.05,hold,SATELLITE
GOOGL,Communication Services,False,False,True,quality_growth,0.25,0.22,0.1,40.0,0.85,,6.89,,1.0,0.88,0.95,0.85,1.0,True,True,True,True,0.934,0.0,0.0,0.0,False,False,False,False,0.0,0.091,1.1,,0.0,0.5137,0.0,0.05,hold,SATELLITE
TSN,,False,False,False,,0.02503039009835341,0.017302624040334592,0.4466239363465576,2.7785714285714285,1.0486552284577175,14.09206987364011,1.5696842997721758,0.8078528780684442,0.10012156039341363,0.06921049616133837,0.7766880318267212,1.0486552284577175,0.18523809523809523,False,False,True,False,0.3431249155329009,0.6228096389896215,0.9690292001012552,0.5895294959087412,False,False,False,False,0.7166914643988476,0.309,1.447,,0.0,0.5112,0.0,0.05,hold,SATELLITE
KHC,Consumer Staples,True,True,False,,0.06,0.05,0.5,5.0,0.7,,0.74,0.35,0.24,0.2,0.75,0.7,0.3333333333333333,False,False,True,False,0.3828333333333333,0.0,1.0,1.0,False,True,True,False,0.6,0.333,1.5,cheap-assets,0.03,0.5106,0.1339,0.05,hold,SATELLITE
MKC,Consumer Staples,False,True,False,,0.22,0.12,0.9,8.0,0.82,,1.96,1.054,0.88,0.48,0.55,0.82,0.5333333333333333,True,False,True,False,0.6668333333333334,0.0,0.7955555555555556,0.2613333333333333,False,False,False,False,0.31706666666666666,0.474,1.9,,0.0,0.5094,0.0,0.05,hold,SATELLITE
O,Real Estate,False,True,False,,0.05,0.04,1.2,3.0,0.9,15.0,1.4,0.714,0.2,0.16,0.4,0.9,0.2,False,False,False,False,0.323,0.5555555555555556,1.0,0.7146666666666668,False,True,False,False,0.7366222222222223,0.545,2.2,,0.0,0.5091,0.0,0.05,hold,SATELLITE
NVDA,Information Technology,False,False,True,growth_ai,0.9,0.55,0.2,50.0,0.6,,24.46,,1.0,1.0,0.9,0.6,1.0,True,True,True,True,0.9249999999999999,0.0,0.0,0.0,False,False,False,False,0.0,0.167,1.2,,0.0,0.5088,0.0,0.05,hold,SATELLITE
ADI,,False,False,False,,0.09819894373288059,0.07809746660148158,0.2573896184619344,12.475439915952862,3.328291886531694,32.38243209776782,5.7910090501695946,4.0751638477039265,0.39279577493152235,0.3123898664059263,0.8713051907690328,3.328291886531694,0.8316959943968575,False,False,True,False,0.9246648534360293,0.0,0.0,0.0,False,False,False,False,0.0,0.205,1.257,,0.0,0.5086,0.0,0.05,hold,SATELLITE
VIG,Multi-Sector,False,True,False,,0.2,0.15,0.6,15.0,0.92,16.0,4.0,2.0,0.8,0.6,0.7,0.92,1.0,True,True,True,True,0.763,0.4814814814814815,0.0,0.0,False,False,False,False,0.19259259259259262,0.375,1.6,,0.0,0.5063,0.0,0.05,hold,SATELLITE
XLU,Utilities,False,True,False,,0.1,0.05,1.4,4.0,0.92,12.0,2.0,1.0,0.4,0.2,0.30000000000000004,0.92,0.26666666666666666,False,False,False,False,0.38966666666666666,0.7777777777777778,0.7777777777777778,0.33333333333333337,False,False,False,False,0.6444444444444445,0.583,2.4,,0.0,0.5043,0.0,0.05,hold,SATELLITE
VTRS,,False,False,False,,-0.02022827592323489,-0.010130621811758354,0.9967457377351153,-0.7131750367724312,0.556885230568047,11.506378037766344,1.0655427295342514,0.42401453162771413,0.0,0.0,0.5016271311324423,0.556885230568047,0.0,False,False,True,False,0.15877685425507337,0.8143423675728634,1.0,1.0,False,True,True,False,0.9257369470291454,0.499,1.997,mixed-assets,0.0,0.5039,0.0,0.05,hold,SATELLITE
DOW,Materials,False,True,False,,0.1,0.07,0.7,5.0,0.6,,1.37,0.362,0.4,0.28,0.65,0.6,0.3333333333333333,False,False,True,False,0.4248333333333333,0.0,1.0,1.0,False,True,True,False,0.6,0.412,1.7,mixed-assets,0.0,0.5037,0.0,0.05,hold,SATELLITE
ASIX,Materials,False,False,False,,0.1,0.07,0.6,4.0,0.55,,0.68,0.336,0.4,0.28,0.7,0.55,0.26666666666666666,False,False,True,False,0.4181666666666667,0.0,1.0,1.0,False,True,True,False,0.6,0.375,1.6,mixed-assets,0.0,0.5,0.0,0.05,hold,SATELLITE
IFF,,False,False,False,,0.0603399433427762,0.04144976891267332,0.4557365439093484,5.064356435643564,0.06194032437917854,12.917208512767514,1.4091240072925773,0.7913152634016541,0.2413597733711048,0.16579907565069327,0.7721317280453258,0.06194032437917854,0.3376237623762376,False,False,True,False,0.28102083880783885,0.7098364064616656,1.0,0.6115796487977945,False,True,False,False,0.7674084572240045,0.313,1.456,,0.0,0.4999,0.0,0.05,reduce_or_avoid,WATCH
SPLV,Multi-Sector,False,True,False,,0.14,0.11,0.8,10.0,0.9,13.0,3.0,1.5,0.56,0.44,0.6,0.9,0.6666666666666666,False,False,True,False,0.5916666666666667,0.7037037037037037,0.33333333333333337,0.0,False,False,False,False,0.38148148148148153,0.444,1.8,,0.0,0.4971,0.0,0.05,reduce_or_avoid,WATCH
REGN,Health Care,False,False,True,emerging_growth,0.18,0.16,0.1,25.0,0.7,,2.4,,0.72,0.64,0.95,0.7,1.0,True,True,True,True,0.7555,0.0,0.6000000000000001,0.0,False,False,False,False,0.18000000000000002,0.091,1.1,,0.0,0.4965,0.0,0.05,reduce_or_avoid,WATCH
UBER,,False,False,False,,0.34503656417922507,0.2297551789077213,0.501757504747283,12.085778781038375,0.8755132138529619,25.07059823786482,5.915746338584523,2.44503026845296,1.0,0.9190207156308852,0.7491212476263585,0.8755132138529619,0.8057185854025584,True,True,True,True,0.8999732424514194,0.0,0.0,0.0,False,False,False,False,0.0,0.334,1.502,,0.0,0.495,0.0,0.05,reduce_or_avoid,WATCH
ALL,Financials,False,True,False,,0.12,0.09,0.35,8.0,0.78,,2.31,0.65,0.48,0.36,0.825,0.78,0.5333333333333333,False,False,True,False,0.5460833333333333,0.0,0.6399999999999999,0.7999999999999999,False,False,False,False,0.43199999999999994,0.259,1.35,,0.0,0.4947,0.0,0.05,reduce_or_avoid,WATCH
PODD,,False,False,False,,0.2324581606018732,0.13453592215755097,0.7278519883310303,7.2407407407407405,2.1016567559488957,26.594928095205084,11.158067663523099,4.8655928422955235,0.9298326424074927,0.5381436886302039,0.6360740058344849,2.1016567559488957,0.482716049382716,True,False,True,False,0.8993241185170877,0.0,0.0,0.0,False,False,False,False,0.0,0.421,1.728,,0.0,0.4946,0.0,0.05,reduce_or_avoid,WATCH
MLM,,False,False,False,,0.21280097003291182,0.1373316192499022,0.5495409665685086,6.025862068965517,1.1575334574263443,19.603342966199317,3.0001706291811514,1.6259080067836458,0.8512038801316473,0.5493264769996088,0.7252295167157456,1.1575334574263443,0.40172413793103445,True,False,True,False,0.7427459670537937,0.21456718768893945,0.33325749814171046,0.0,False,False,False,False,0.18580412451808892,0.355,1.55,,0.0,0.4921,0.0,0.05,reduce_or_avoid,WATCH
BKNG,,False,False,False,,,0.922085705723704,,7.416871416871417,1.6069396951312462,13.214954529743864,,4.695966784093763,0.0,1.0,0.5,1.6069396951312462,0.49445809445809447,False,True,False,False,0.6654867637154964,0.687781145944899,0.0,0.0,False,False,False,False,0.2751124583779596,,,,0.0,0.4898,0.0,0.05,reduce_or_avoid,WATCH
EQR,,False,False,False,,0.08324837517522621,0.04587699051596186,0.814599742462658,3.859238280821682,1.9545224845714784,15.100172324898155,2.421929671964049,1.256020583883188,0.33299350070090483,0.18350796206384745,0.5927001287686711,1.9545224845714784,0.2572825520547788,False,False,True,False,0.5627620860359259,0.5481353833408774,0.5902534791270895,0.0,False,False,False,False,0.3963301970744778,0.449,1.815,,0.0,0.4879,0.0,0.05,reduce_or_avoid,WATCH
CPT,,False,False,False,,0.096326627261233,0.04687408281330735,1.055008257865822,3.841186674940765,1.9506098677451984,13.49486430941233,2.8287647394357665,1.2579734967020617,0.385306509044932,0.1874963312532294,0.472495871067089,1.9506098677451984,0.2560791116627177,False,False,False,False,0.5609146240775634,0.6670470881916792,0.40943789358410376,0.0,False,False,False,False,0.3896502033519028,0.513,2.055,,0.0,0.4838,0.0,0.05,reduce_or_avoid,WATCH
SBUX,Consumer Discretionary,False,False,False,,0.4,0.14,2.5,8.0,0.75,,-14.09,3.979,1.0,0.56,0.0,0.75,0.5333333333333333,True,False,False,False,0.6338333333333334,0.0,1.0,0.0,False,True,False,False,0.3,0.714,3.5,,0.0,0.4836,0.0,0.05,reduce_or_avoid,WATCH
GPN,,False,False,False,,-0.029652582217243408,-0.014893665575760015,0.9909526010510179,2.029293343460755,0.09159010046156786,10.799948352285929,0.7703865490120273,0.28525969622135466,0.0,0.0,0.504523699474491,0.09159010046156786,0.13528622289738365,False,False,True,False,0.1029456922801472,0.8666704924232645,1.0,1.0,False,True,True,False,0.9466681969693058,0.498,1.991,mixed-assets,0.0,0.4826,0.0,0.05,reduce_or_avoid,WATCH
CSCO,Information Technology,False,True,False,,0.25,0.18,0.3,25.0,0.88,,9.21,4.5,1.0,0.72,0.85,0.88,1.0,True,True,True,True,0.8755,0.0,0.0,0.0,False,False,False,False,0.0,0.231,1.3,,0.0,0.4815,0.0,0.05,reduce_or_avoid,WATCH
CW,Industrials,False,False,True,aerospace_defense,0.14,0.1,0.5,9.0,0.82,14.0,3.0,1.8,0.56,0.4,0.75,0.82,0.6,False,False,True,False,0.5834999999999999,0.6296296296296297,0.33333333333333337,0.0,False,False,False,False,0.35185185185185186,0.333,1.5,,0.0,0.4793,0.0,0.05,reduce_or_avoid,WATCH
USMV,Multi-Sector,False,True,False,,0.15,0.12,0.7,12.0,0.9,14.0,3.5,1.8,0.6,0.48,0.65,0.9,0.8,True,False,True,False,0.6365000000000001,0.6296296296296297,0.11111111111111116,0.0,False,False,False,False,0.2851851851851852,0.412,1.7,,0.0,0.4784,0.0,0.05,reduce_or_avoid,WATCH
VST,,False,False,False,,0.40039306771484723,0.08784790278322227,3.5577988207968554,3.829938900203666,0.9108325659266433,10.499737610758435,9.043729368379294,1.2253740988384552,1.0,0.3513916111328891,0.0,0.9108325659266433,0.25532926001357775,True,False,False,False,0.567575294230221,0.8889083251290048,0.0,0.032834534882059785,False,False,False,False,0.36541369051621986,0.781,4.558,,0.0,0.4766,0.0,0.05,reduce_or_avoid,WATCH
HAS,,False,False,False,,1.1260635280771412,0.185789153525806,5.060975609756097,7.070206489675516,0.029217296444113874,10.582640989821181,16.518522423439784,1.929514015273593,1.0,0.743156614103224,0.0,0.029217296444113874,0.47134709931170105,True,True,False,False,0.5744642886287543,0.8827673340873199,0.0,0.0,False,False,False,False,0.35310693363492796,0.835,6.061,,0.0,0.4749,0.0,0.05,reduce_or_avoid,WATCH
EW,,False,False,False,,0.10581457274267732,0.09907165651290978,0.06806100217864924,,2.793176876081411,28.458925628172732,4.464784803129634,3.4614047574033338,0.42325829097070927,0.3962866260516391,0.9659694989106754,2.793176876081411,0.5,False,False,True,False,0.8597354313555174,0.0,0.0,0.0,False,False,False,False,0.0,0.064,1.068,,0.0,0.4729,0.0,0.05,reduce_or_avoid,WATCH
XLP,Consumer Staples,False,True,False,,0.18,0.12,0.8,10.0,0.9,14.0,4.5,2.0,0.72,0.48,0.6,0.9,0.6666666666666666,True,False,True,False,0.6516666666666666,0.6296296296296297,0.0,0.0,False,False,False,False,0.2518518518518519,0.444,1.8,,0.0,0.4718,0.0,0.05,reduce_or_avoid,WATCH
LLY,Health Care,False,True,False,,0.55,0.3,1.5,15.0,0.8,35.0,45.0,10.571,1.0,1.0,0.25,0.8,1.0,True,True,False,False,0.8574999999999999,0.0,0.0,0.0,False,False,False,False,0.0,0.6,2.5,,0.0,0.4716,0.0,0.05,reduce_or_avoid,WATCH
AAPL,,False,False,False,,1.5,0.45,1.8,30.0,0.9,,38.558,10.817,1.0,1.0,0.09999999999999998,0.9,1.0,True,True,False,False,0.85,0.0,0.0,0.0,False,False,False,False,0.0,0.643,2.8,,0.0,0.4675,0.0,0.05,reduce_or_avoid,WATCH
COST,Consumer Discretionary,False,True,False,,0.28,0.16,0.4,25.0,0.88,,25.41,6.002,1.0,0.64,0.8,0.88,1.0,True,True,True,True,0.844,0.0,0.0,0.0,False,False,False,False,0.0,0.286,1.4,,0.0,0.4642,0.0,0.05,reduce_or_avoid,WATCH
PG,Consumer Staples,False,True,False,,0.18,0.16,0.55,12.0,0.92,18.0,7.5,3.25,0.72,0.64,0.725,0.92,0.8,True,True,True,True,0.73475,0.33333333333333337,0.0,0.0,False,False,False,False,0.13333333333333336,0.355,1.55,,0.0,0.4641,0.0,0.05,reduce_or_avoid,WATCH
NCLH,,False,False,False,,0.2336909805934411,0.03230960568323625,6.232863900740547,1.640862402273239,0.64554616404497,8.81459212912982,3.531340840845384,0.36084545519613614,0.9347639223737644,0.129238422732945,0.0,0.64554616404497,0.10939082681821594,True,False,False,False,0.4269717108205799,1.0,0.09718184851316258,1.0,True,False,True,False,0.7291545545539488,0.862,7.233,levered-assets,-0.1,0.463,0.0,0.05,reduce_or_avoid,WATCH
NKE,Consumer Discretionary,False,False,False,,0.3,0.18,0.6,15.0,0.8,,4.16,1.548,1.0,0.72,0.7,0.8,1.0,True,True,True,True,0.841,0.0,0.0,0.0,False,False,False,False,0.0,0.375,1.6,,0.0,0.4626,0.0,0.05,reduce_or_avoid,WATCH
UNH,Health Care,False,True,False,,0.25,0.18,0.7,12.0,0.85,,3.64,1.27,1.0,0.72,0.65,0.85,0.8,True,True,True,True,0.8210000000000002,0.0,0.04888888888888887,0.0,False,False,False,False,0.014666666666666661,0.412,1.7,,0.0,0.4582,0.0,0.05,reduce_or_avoid,WATCH
BIIB,,False,False,False,,0.04428056027164686,0.030680326874510624,0.44328841256366724,4.55126404494382,1.1943110653100462,18.229081598407024,1.6937462036901774,0.9949240008960896,0.17712224108658745,0.1227213074980425,0.7783557937181664,1.1943110653100462,0.30341760299625464,False,False,True,False,0.41619485372924636,0.31636432604392417,0.913890576137699,0.3401013321385472,False,False,False,False,0.5027433029004436,0.307,1.443,,0.0,0.4551,0.0,0.05,reduce_or_avoid,WATCH
XLV,Health Care,False,True,False,,0.16,0.12,0.7,12.0,0.88,15.0,4.0,2.2,0.64,0.48,0.65,0.88,0.8,True,False,True,False,0.6455,0.5555555555555556,0.0,0.0,False,False,False,False,0.22222222222222224,0.412,1.7,,0.0,0.455,0.0,0.05,reduce_or_avoid,WATCH
MCD,Consumer Discretionary,False,True,False,,1.2,0.18,4.0,10.0,0.9,18.0,15.0,3.818,1.0,0.72,0.0,0.9,0.6666666666666666,True,True,False,False,0.7176666666666667,0.33333333333333337,0.0,0.0,False,False,False,False,0.13333333333333336,0.8,5.0,,0.0,0.4547,0.0,0.05,reduce_or_avoid,WATCH
HON,Industrials,False,True,False,,0.28,0.16,0.8,14.0,0.85,,5.63,1.178,1.0,0.64,0.6,0.85,0.9333333333333333,True,True,True,True,0.8028333333333334,0.0,0.0,0.09600000000000009,False,False,False,False,0.028800000000000023,0.444,1.8,,0.0,0.4545,0.0,0.05,reduce_or_avoid,WATCH
CVX,Energy,False,True,False,,0.14,0.11,0.2,25.0,0.72,,2.09,1.487,0.56,0.44,0.9,0.72,1.0,False,False,True,False,0.643,0.0,0.7377777777777779,0.0,False,False,False,False,0.22133333333333335,0.167,1.2,,0.0,0.4533,0.0,0.05,reduce_or_avoid,WATCH
PNW,,False,False,False,,0.09254109663947759,0.029448559465497133,2.1424659921957026,2.763278655961429,0.8221327838329596,12.366682915683336,1.7128846784152225,0.3944832352214018,0.37016438655791034,0.11779423786198853,0.0,0.8221327838329596,0.18421857706409525,False,False,False,False,0.28812936260732314,0.7506160803197529,0.9053845873710122,1.0,False,False,True,False,0.8718618083392049,0.682,3.142,levered-assets,-0.1,0.4508,0.0,0.05,reduce_or_avoid,WATCH
ANDE,Consumer Staples,False,False,False,,0.08,0.06,0.5,4.0,0.55,,1.88,0.574,0.32,0.24,0.75,0.55,0.26666666666666666,False,False,True,False,0.38966666666666666,0.0,0.8311111111111111,0.9013333333333334,False,False,False,False,0.5197333333333334,0.333,1.5,,0.0,0.4482,0.0,0.03,reduce_or_avoid,WATCH
KKR,,False,False,False,,0.09711441308679164,0.03478889751506465,1.7915346568467176,3.1907011583873484,1.216136711870196,11.963065960338492,2.7180672675287316,0.2011495036573921,0.38845765234716656,0.1391555900602586,0.10423267157664118,1.216136711870196,0.21271341055915655,False,False,False,False,0.3776107212951688,0.7805136325675192,0.45863676998723035,1.0,False,False,True,False,0.7497964840231768,0.642,2.792,levered-assets,-0.1,0.4451,0.0,0.03,reduce_or_avoid,WATCH
WBD,,False,False,False,,-0.05328749462827675,-0.02668962548428756,0.9965620971207564,0.5236578707916287,0.3045609794851507,5.532244627973131,2.1132657480989563,0.7036803207535778,0.0,0.0,0.5017189514396219,0.3045609794851507,0.034910524719441914,False,False,True,False,0.12443304211066007,1.0,0.7274374452893528,0.7284262389952296,True,False,False,False,0.8367591052853748,0.499,1.997,,0.0,0.445,0.0,0.03,reduce_or_avoid,WATCH
NTR,Materials,False,False,False,,0.07,0.05,0.6,4.0,0.55,,1.33,0.642,0.28,0.2,0.7,0.55,0.26666666666666666,False,False,True,False,0.3581666666666667,0.0,1.0,0.8106666666666666,False,True,False,False,0.5431999999999999,0.375,1.6,,0.0,0.4414,0.0,0.03,reduce_or_avoid,WATCH
DUK,Utilities,False,True,False,,0.09,0.05,1.5,3.0,0.88,,1.83,0.544,0.36,0.2,0.25,0.88,0.2,False,False,False,False,0.35750000000000004,0.0,0.8533333333333333,0.9413333333333332,False,False,False,False,0.5384,0.6,2.5,,0.0,0.4389,0.0,0.03,reduce_or_avoid,WATCH
JNJ,Health Care,False,True,False,,0.22,0.15,0.45,20.0,0.91,,7.26,3.339,0.88,0.6,0.775,0.91,1.0,True,True,True,True,0.79675,0.0,0.0,0.0,False,False,False,False,0.0,0.31,1.45,,0.0,0.4382,0.0,0.03,reduce_or_avoid,WATCH
LMT,Industrials,False,True,False,,0.55,0.2,1.5,12.0,0.88,,15.05,2.407,1.0,0.8,0.25,0.88,0.8,True,True,False,False,0.7895000000000001,0.0,0.0,0.0,False,False,False,False,0.0,0.6,2.5,,0.0,0.4342,0.0,0.03,reduce_or_avoid,WATCH
EA,,False,False,False,,0.13113542282672974,0.10671318575553417,0.22885866351271436,22.537037037037038,1.7650742094796759,32.52524935096324,7.599775872336398,3.9147729800078745,0.524541691306919,0.42685274302213666,0.8855706682436428,1.7650742094796759,1.0,False,False,True,False,0.7830150619572144,0.0,0.0,0.0,False,False,False,False,0.0,0.186,1.229,,0.0,0.4307,0.0,0.03,reduce_or_avoid,WATCH
CF,Materials,False,False,False,,0.25,0.15,0.5,10.0,0.6,,3.6,1.424,1.0,0.6,0.75,0.6,0.6666666666666666,True,True,True,True,0.7491666666666666,0.0,0.06666666666666665,0.0,False,False,False,False,0.019999999999999993,0.333,1.5,,0.0,0.421,0.0,0.03,reduce_or_avoid,WATCH
BAYRY,Health Care,True,True,False,,0.05,0.04,0.9,3.0,0.5,,1.66,0.453,0.2,0.16,0.55,0.5,0.2,False,False,True,False,0.28550000000000003,0.0,0.9288888888888889,1.0,False,False,True,False,0.5786666666666667,0.474,1.9,mixed-assets,0.0,0.4174,0.1514,0.03,reduce_or_avoid,WATCH
ARES,,False,False,False,,0.15471147838680788,0.034269162771878775,3.5145975528110625,2.899710116240002,1.5375515022529067,16.478154382183572,5.957545462335548,0.8445771651645276,0.6188459135472315,0.1370766510875151,0.0,1.5375515022529067,0.19331400774933347,True,False,False,False,0.4767408955032933,0.4460626383567724,0.0,0.5405637797806297,False,False,False,False,0.3405941892768979,0.778,4.515,,0.0,0.4155,0.0,0.03,reduce_or_avoid,WATCH
BXP,,False,False,False,,0.06149292064958684,0.014741619300357396,3.1713816777303427,1.670153804922817,0.6403078809798138,12.066826966202859,1.5878675674590013,0.3262851911007007,0.24597168259834737,0.058966477201429585,0.0,0.6403078809798138,0.11134358699485447,False,False,False,False,0.1986619887863906,0.7728276321331216,0.9609477477959995,1.0,False,False,True,False,0.8974153771920486,0.76,4.171,levered-assets,-0.1,0.4131,0.0,0.03,reduce_or_avoid,WATCH
UDR,,False,False,False,,0.1776908227256904,0.058451355908430834,2.0399777723558477,3.8466424728583135,1.4254114377807983,13.174590670548872,4.348556833083329,1.2448706112949914,0.7107632909027616,0.23380542363372334,0.0,1.4254114377807983,0.2564428315238876,True,False,False,False,0.522826613180454,0.6907710614408242,0.0,0.006839184940011456,False,False,False,False,0.27836018005833313,0.671,3.04,,0.0,0.4128,0.0,0.03,reduce_or_avoid,WATCH
IYR,Real Estate,False,True,False,,0.06,0.04,1.2,3.0,0.8,16.0,2.0,1.0,0.24,0.16,0.4,0.8,0.2,False,False,False,False,0.32,0.4814814814814815,0.7777777777777778,0.33333333333333337,False,False,False,False,0.5259259259259259,0.545,2.2,,0.0,0.4127,0.0,0.03,reduce_or_avoid,WATCH
TKO,,False,False,False,,0.06704637078260953,0.027137019613212406,1.470660807201029,4.224130987900643,1.5745907242289243,13.013092207544316,4.460507685796514,0.9398171710514159,0.2681854831304381,0.10854807845284963,0.2646695963994855,1.5745907242289243,0.28160873252670954,False,False,False,False,0.41706998982191873,0.7027339105522729,0.0,0.41357710526477875,False,False,False,False,0.40516669580034276,0.595,2.471,,0.0,0.4117,0.0,0.03,reduce_or_avoid,WATCH
COO,,False,False,False,,0.02862032552889342,0.02203923694516361,0.2986078238599813,5.430719656283566,0.8844289401350903,18.003162941380413,1.663670631602639,1.0981001872019567,0.11448130211557368,0.08815694778065444,0.8506960880700094,0.8844289401350903,0.36204797708557107,False,False,True,False,0.3572650269081905,0.33309904137922863,0.9272574970654938,0.20253308373072443,False,False,False,False,0.47217679079055697,0.23,1.299,,0.0,0.409,0.0,0.03,reduce_or_avoid,WATCH
CVNA,,False,False,False,,0.38927507447864945,0.1625038864130998,1.3954816285998013,-0.3073286052009456,1.3506468848245248,354.32487141257275,11.748543133213834,3.252001906307403,1.0,0.6500155456523992,0.30225918570009935,1.3506468848245248,0.0,True,True,False,False,0.7429405742744133,0.0,0.0,0.0,False,False,False,False,0.0,0.583,2.395,,0.0,0.4086,0.0,0.03,reduce_or_avoid,WATCH
KR,,False,False,False,,0.1627008652657602,0.03433994260370467,3.737948084054388,2.9675925925925926,0.44715933343016845,10.919035715474227,6.450764878334229,0.8301389941258874,0.6508034610630408,0.13735977041481867,0.0,0.44715933343016845,0.1978395061728395,True,False,False,False,0.32330682007516703,0.8578492062611685,0.0,0.5598146744988168,False,False,False,False,0.5110840848541125,0.789,4.738,,0.0,0.4078,0.0,0.03,reduce_or_avoid,WATCH
GM,,False,False,False,,0.03143548387096774,0.010274279508901037,2.0596290322580644,4.043795620437956,0.36687022102141525,10.120925236148679,1.1244375231674233,0.24656798932022916,0.12574193548387097,0.04109711803560415,0.0,0.36687022102141525,0.2695863746958638,False,False,False,False,0.1320408866786412,0.9169685010260238,1.0,1.0,False,True,True,False,0.9667874004104096,0.673,3.06,levered-assets,-0.1,0.4077,0.0,0.03,reduce_or_avoid,WATCH
KO,Consumer Staples,False,True,False,,0.38,0.15,1.4,10.0,0.9,,10.42,3.843,1.0,0.6,0.30000000000000004,0.9,0.6666666666666666,True,True,False,False,0.7266666666666667,0.0,0.0,0.0,False,False,False,False,0.0,0.583,2.4,,0.0,0.3997,0.0,0.03,reduce_or_avoid,WATCH
CVS,,False,False,False,,0.03785374922536666,0.018818877927612786,1.0114774839909109,2.1122908622908625,0.3673541382583369,14.290680174007734,1.1655759617983643,0.3568779862636244,0.15141499690146665,0.07527551171045115,0.49426125800454457,0.3673541382583369,0.14081939081939082,False,False,False,False,0.21133140110494664,0.6080977648883159,1.0,1.0,False,True,True,False,0.8432391059553264,0.503,2.011,levered-assets,-0.1,0.3957,0.0,0.03,reduce_or_avoid,WATCH
AEP,Utilities,False,True,False,,0.1,0.05,1.5,3.0,0.86,,2.19,0.698,0.4,0.2,0.25,0.86,0.2,False,False,False,False,0.36650000000000005,0.0,0.6933333333333334,0.736,False,False,False,False,0.42879999999999996,0.6,2.5,,0.0,0.3945,0.0,0.03,reduce_or_avoid,WATCH
PM,Consumer Staples,False,True,False,,0.7,0.2,2.0,7.0,0.85,,,4.603,1.0,0.8,0.0,0.85,0.4666666666666667,True,True,False,False,0.7141666666666666,0.0,0.0,0.0,False,False,False,False,0.0,0.667,3.0,,0.0,0.3928,0.0,0.03,reduce_or_avoid,WATCH
PSKY,,False,False,False,,0.013071337035454933,0.005406360424028269,1.417770183682187,1.8925339366515836,0.2432549254363597,10.593474434853572,0.8341698908447229,0.21947398337388693,0.05228534814181973,0.021625441696113076,0.2911149081589065,0.2432549254363597,0.12616892911010558,False,False,False,False,0.11494560490168035,0.8819648566775131,1.0,1.0,False,True,True,False,0.9527859426710052,0.586,2.418,levered-assets,-0.1,0.392,0.0,0.03,reduce_or_avoid,WATCH
T,Communication Services,True,True,False,,0.1,0.06,1.2,4.0,0.8,,1.45,0.399,0.4,0.24,0.4,0.8,0.26666666666666666,False,False,False,False,0.39866666666666667,0.0,1.0,1.0,False,True,True,False,0.6,0.545,2.2,levered-assets,-0.1,0.3893,0.1368,0.03,reduce_or_avoid,WATCH
ORCL,Information Technology,False,True,False,,0.5,0.18,2.5,10.0,0.8,,9.75,2.617,1.0,0.72,0.0,0.8,0.6666666666666666,True,True,False,False,0.7026666666666667,0.0,0.0,0.0,False,False,False,False,0.0,0.714,3.5,,0.0,0.3865,0.0,0.03,reduce_or_avoid,WATCH
SMG,Materials,False,False,False,,0.12,0.08,1.5,3.0,0.55,,-13.52,1.019,0.48,0.32,0.25,0.55,0.2,False,False,False,False,0.38,0.0,1.0,0.30800000000000016,False,True,False,False,0.3924,0.6,2.5,,0.0,0.3856,0.0,0.03,reduce_or_avoid,WATCH
BDX,,False,False,False,,0.04715730150837063,0.027480621091014464,0.7160202221117189,3.7011494252873565,0.9220757483630766,15.750509690623984,2.3976734307166656,1.1382722542897108,0.18862920603348252,0.10992248436405785,0.6419898889441406,0.9220757483630766,0.2467432950191571,False,False,True,False,0.3488496822172604,0.49996224513896415,0.601034030792593,0.14897032761371898,False,False,False,False,0.4249862055774793,0.417,1.716,,0.0,0.3831,0.0,0.03,reduce_or_avoid,WATCH
TAP,,False,False,False,,-0.20975954175699596,-0.1291853720977235,0.6237096998746992,,0.3132389768758755,,0.7414139871106116,0.3333129516667585,0.0,0.0,0.6881451500626504,0.3132389768758755,0.5,False,False,True,False,0.20020761904077888,0.0,1.0,1.0,False,True,True,False,0.6,0.384,1.624,mixed-assets,0.0,0.3801,0.0,0.03,reduce_or_avoid,WATCH
PEP,Consumer Staples,False,True,False,,0.5,0.14,1.6,9.0,0.88,,8.59,1.898,1.0,0.56,0.19999999999999996,0.88,0.6,True,False,False,False,0.69,0.0,0.0,0.0,False,False,False,False,0.0,0.615,2.6,,0.0,0.3795,0.0,0.03,reduce_or_avoid,WATCH
BLDR,,False,False,False,,0.025604374340696723,0.011094415695368873,1.3078614542435725,1.5149821396895402,0.6785134318356406,14.330095248267991,2.403822887527801,0.8502202159674507,0.1024174973627869,0.044377662781475494,0.34606927287821376,0.6785134318356406,0.10099880931263601,False,False,False,False,0.20782583468162047,0.6051781297579266,0.5983009388765329,0.5330397120433992,False,False,False,False,0.5814734471791503,0.567,2.308,,0.0,0.376,0.0,0.03,reduce_or_avoid,WATCH
KMB,Consumer Staples,False,True,False,,0.55,0.16,2.0,8.0,0.85,,20.27,2.141,1.0,0.64,0.0,0.85,0.5333333333333333,True,True,False,False,0.6728333333333333,0.0,0.0,0.0,False,False,False,False,0.0,0.667,3.0,,0.0,0.3701,0.0,0.03,reduce_or_avoid,WATCH
IP,,False,False,False,,-0.22629659643435981,-0.1376124183811753,0.6444489465153971,-3.921135646687697,0.7262265043898103,96.69393102074885,1.489390487609072,0.6053382648217362,0.0,0.0,0.6777755267423015,0.7262265043898103,0.0,False,False,True,False,0.21060030466981677,0.0,1.0,0.859548980237685,False,True,False,False,0.5578646940713055,0.392,1.644,,0.0,0.3669,0.0,0.03,reduce_or_avoid,WATCH
MMM,Industrials,False,True,False,,0.25,0.12,1.2,8.0,0.72,,30.64,2.261,1.0,0.48,0.4,0.72,0.5333333333333333,True,False,False,False,0.6653333333333333,0.0,0.0,0.0,False,False,False,False,0.0,0.545,2.2,,0.0,0.3659,0.0,0.03,reduce_or_avoid,WATCH
DE,Industrials,False,True,False,,0.35,0.15,1.8,10.0,0.68,,5.86,1.606,1.0,0.6,0.09999999999999998,0.68,0.6666666666666666,True,True,False,False,0.6636666666666666,0.0,0.0,0.0,False,False,False,False,0.0,0.643,2.8,,0.0,0.365,0.0,0.03,reduce_or_avoid,WATCH
WM,Industrials,False,True,False,,0.25,0.12,1.5,6.0,0.9,,9.15,2.584,1.0,0.48,0.25,0.9,0.4,True,False,False,False,0.6565,0.0,0.0,0.0,False,False,False,False,0.0,0.6,2.5,,0.0,0.3611,0.0,0.03,reduce_or_avoid,WATCH
BEN,Financials,False,True,False,,,,,,,,1.44,0.35,0.0,0.0,0.5,0.5,0.5,False,False,False,False,0.2,0.0,1.0,1.0,False,True,True,False,0.6,,,low-MCA,-0.02,0.36,0.0,0.03,reduce_or_avoid,WATCH
CFG,Financials,False,True,False,,,,,,,,1.26,0.169,0.0,0.0,0.5,0.5,0.5,False,False,False,False,0.2,0.0,1.0,1.0,False,True,True,False,0.6,,,low-MCA,-0.02,0.36,0.0,0.03,reduce_or_avoid,WATCH
IVZ,Financials,False,True,False,,,,,,,,1.05,0.327,0.0,0.0,0.5,0.5,0.5,False,False,False,False,0.2,0.0,1.0,1.0,False,True,True,False,0.6,,,low-MCA,-0.02,0.36,0.0,0.03,reduce_or_avoid,WATCH
HBAN,Financials,False,True,False,,,,,,,,1.16,0.191,0.0,0.0,0.5,0.5,0.5,False,False,False,False,0.2,0.0,1.0,1.0,False,True,True,False,0.6,,,low-MCA,-0.02,0.36,0.0,0.03,reduce_or_avoid,WATCH
HEI,Industrials,False,False,True,aerospace_defense,0.16,0.12,0.6,12.0,0.85,28.0,7.0,4.0,0.64,0.48,0.7,0.85,0.8,True,False,True,False,0.6485000000000001,0.0,0.0,0.0,False,False,False,False,0.0,0.375,1.6,,0.0,0.3567,0.0,0.03,reduce_or_avoid,WATCH
ARE,,False,False,False,,-0.06730467827441203,-0.037010771826228056,0.8185159334266,-2.5648486310657805,0.4479504075806743,29.229499729927042,0.5033936591759531,0.2318128637569637,0.0,0.0,0.5907420332866999,0.4479504075806743,0.0,False,False,True,False,0.1558038661301061,0.0,1.0,1.0,False,True,True,False,0.6,0.45,1.819,mixed-assets,0.0,0.3557,0.0,0.03,reduce_or_avoid,WATCH
FITB,Financials,False,True,False,,,,,,,,1.59,0.284,0.0,0.0,0.5,0.5,0.5,False,False,False,False,0.2,0.0,0.96,1.0,False,False,True,False,0.588,,,low-MCA,-0.02,0.3546,0.0,0.03,reduce_or_avoid,WATCH
TPR,,False,False,False,,0.9712778429073857,0.14391175959701233,5.749120750293083,15.419965576592082,0.47409743690070294,28.052009953871615,41.660819326671636,4.396267510247997,1.0,0.5756470383880493,0.0,0.47409743690070294,1.0,True,False,False,False,0.6438087270515201,0.0,0.0,0.0,False,False,False,False,0.0,0.852,6.749,,0.0,0.3541,0.0,0.03,reduce_or_avoid,WATCH
CNC,,False,False,False,,-0.22604379044410958,-0.1318954146947009,0.7138108323730166,-6.071755725190839,0.3647307009081386,,1.4054401319050829,0.38198742658943863,0.0,0.0,0.6430945838134917,0.3647307009081386,0.0,False,False,True,False,0.15117379270824455,0.0,1.0,1.0,False,True,True,False,0.6,0.417,1.714,mixed-assets,0.0,0.3531,0.0,0.03,reduce_or_avoid,WATCH
SPR,Industrials,False,False,True,aerospace_defense,-0.1,-0.05,2.0,1.0,0.4,15.0,1.2,0.8,0.0,0.0,0.0,0.4,0.06666666666666667,False,False,False,False,0.06666666666666667,0.5555555555555556,1.0,0.5999999999999999,False,True,False,False,0.7022222222222222,0.667,3.0,,0.0,0.3527,0.0,0.03,reduce_or_avoid,WATCH
FE,,False,False,False,,0.08388094317742559,0.025883868505176773,2.2406648627754153,2.5351201478743066,1.5646418395395194,21.922510838011142,2.1266751369958006,0.47248489199843147,0.33552377270970235,0.10353547402070709,0.0,1.5646418395395194,0.1690080098582871,False,False,False,False,0.3833148509358794,0.042776974962137615,0.7214777168907553,1.0,False,False,True,False,0.5335541050520817,0.691,3.241,levered-assets,-0.1,0.3509,0.0,0.03,reduce_or_avoid,WATCH
SYF,Financials,False,True,False,,,,,,,,1.68,0.19,0.0,0.0,0.5,0.5,0.5,False,False,False,False,0.2,0.0,0.92,1.0,False,False,True,False,0.5760000000000001,,,low-MCA,-0.02,0.3492,0.0,0.03,reduce_or_avoid,AVOID
ESS,,False,False,False,,0.07774494169063621,0.034283060535354605,1.2677363244877535,2.6651104033727915,2.1740459247946817,19.349585499591353,3.52016217693736,1.452755582841562,0.31097976676254485,0.13713224214141842,0.36613183775612324,2.1740459247946817,0.17767402689151943,False,False,False,False,0.5332276697429617,0.23336403706730724,0.10215014358339558,0.0,False,False,False,False,0.12399065790194157,0.559,2.268,,0.0,0.3491,0.0,0.03,reduce_or_avoid,AVOID
DG,Consumer Discretionary,False,True,False,,0.2,0.1,1.0,5.0,0.65,,3.16,1.551,0.8,0.4,0.5,0.65,0.3333333333333333,True,False,True,False,0.5658333333333333,0.0,0.26222222222222213,0.0,False,False,False,False,0.07866666666666663,0.5,2.0,,0.0,0.3466,0.0,0.03,reduce_or_avoid,AVOID
C,Financials,False,True,False,,0.07,0.05,1.3,3.0,0.65,,1.16,0.093,0.28,0.2,0.35,0.65,0.2,False,False,False,False,0.31400000000000006,0.0,1.0,1.0,False,True,True,False,0.6,0.565,2.3,levered-assets,-0.1,0.3427,0.0,0.03,reduce_or_avoid,AVOID
CIEN,,False,False,False,,0.15154422633093897,0.09799219952580092,0.5464927521199077,6.4566623544631305,1.0980068789192727,102.89079200614658,25.821121457658833,12.365448074464627,0.6061769053237559,0.3919687981032037,0.7267536239400462,1.0980068789192727,0.4304441569642087,True,False,True,False,0.6162022021534066,0.0,0.0,0.0,False,False,False,False,0.0,0.353,1.546,,0.0,0.3389,0.0,0.03,reduce_or_avoid,AVOID
WAT,,False,False,False,,0.02937797541198012,0.021534272840571373,0.3642427413026419,6.0735877921725825,1.1482208548361545,34.67700457891904,1.912094325166244,1.1919508548547633,0.11751190164792048,0.08613709136228549,0.817878629348679,1.1482208548361545,0.4049058528115055,False,False,True,False,0.39650020581193735,0.0,0.8168469665927804,0.07739886019364894,False,False,False,False,0.2682737480359288,0.267,1.364,,0.0,0.3388,0.0,0.03,reduce_or_avoid,AVOID
HUM,,False,False,False,,0.06656951022745017,0.03822474596533174,0.7415291729558112,3.372159090909091,0.551021845376011,,2.4826055322095666,0.8339446830257782,0.2662780409098007,0.15289898386132697,0.6292354135220943,0.551021845376011,0.22481060606060604,False,False,True,False,0.32527275687211465,0.0,0.5632864301290815,0.5547404226322958,False,False,False,False,0.33540805582841315,0.426,1.742,,0.0,0.3298,0.0,0.03,reduce_or_avoid,AVOID
D,Utilities,False,True,False,,,,,,,,2.17,0.556,0.0,0.0,0.5,0.5,0.5,False,False,False,False,0.2,0.0,0.7022222222222223,0.9253333333333332,False,False,False,False,0.4882666666666666,,,,0.0,0.3297,0.0,0.03,reduce_or_avoid,AVOID
MRVL,,False,False,False,,0.13870925240725085,0.10755118545949857,0.2897045422106084,8.03015681544029,0.784081966095746,31.678327303911196,7.938007290680058,5.3664812190083255,0.5548370096290034,0.4302047418379943,0.8551477288946958,0.784081966095746,0.5353437876960193,False,False,True,False,0.5949313584582674,0.0,0.0,0.0,False,False,False,False,0.0,0.225,1.29,,0.0,0.3272,0.0,0.03,reduce_or_avoid,AVOID
CTVA,Materials,False,False,False,,0.08,0.06,0.4,6.0,0.65,,2.2,1.275,0.32,0.24,0.8,0.65,0.4,False,False,True,False,0.4255,0.0,0.6888888888888889,0.0,False,False,False,False,0.20666666666666667,0.286,1.4,,0.0,0.327,0.0,0.03,reduce_or_avoid,AVOID
IBM,Information Technology,False,True,False,,0.25,0.1,2.0,8.0,0.78,,5.98,1.586,1.0,0.4,0.0,0.78,0.5333333333333333,True,False,False,False,0.5903333333333333,0.0,0.0,0.0,False,False,False,False,0.0,0.667,3.0,,0.0,0.3247,0.0,0.03,reduce_or_avoid,AVOID
MRNA,,False,False,False,,-0.43115550755939525,-0.36687342062945094,0.17521598272138228,-119.6923076923077,2.2588780845649286,,2.7209424479584383,1.754591021455093,0.0,0.0,0.9123920086393089,2.2588780845649286,0.0,False,False,True,False,0.4756905139806356,0.0,0.4573589120184719,0.0,False,False,False,False,0.13720767360554156,0.149,1.175,,0.0,0.3234,0.0,0.03,reduce_or_avoid,AVOID
AMD,Information Technology,False,False,True,growth_ai,0.12,0.1,0.15,15.0,0.55,28.0,5.0,4.0,0.48,0.4,0.925,0.55,1.0,False,False,True,False,0.58525,0.0,0.0,0.0,False,False,False,False,0.0,0.13,1.15,,0.0,0.3219,0.0,0.03,reduce_or_avoid,AVOID
SJM,,False,False,False,,-0.02501894007720336,-0.010979355328984865,1.278725783758433,0.8363064008394544,0.36731016351772405,19.859432635575317,1.8692036332906783,0.638894848282727,0.0,0.0,0.36063710812078353,0.36731016351772405,0.05575376005596363,False,False,False,False,0.11476746675137249,0.1955975825499765,0.8359094963152541,0.814806868956364,False,False,False,False,0.5734539426014761,0.561,2.279,,0.0,0.3212,0.0,0.03,reduce_or_avoid,AVOID
BMY,Health Care,False,True,False,,0.18,0.12,1.1,7.0,0.7,,6.54,1.381,0.72,0.48,0.44999999999999996,0.7,0.4666666666666667,True,False,False,False,0.5791666666666666,0.0,0.0,0.0,False,False,False,False,0.0,0.524,2.1,,0.0,0.3185,0.0,0.03,reduce_or_avoid,AVOID
SCHW,Financials,False,False,True,cyclical,0.14,0.1,0.5,8.0,0.75,,3.64,,0.56,0.4,0.75,0.75,0.5333333333333333,False,False,True,False,0.5663333333333334,0.0,0.04888888888888887,0.0,False,False,False,False,0.014666666666666661,0.333,1.5,,0.0,0.3181,0.0,0.03,reduce_or_avoid,AVOID
FMC,Materials,False,False,False,,0.05,0.04,1.2,3.0,0.5,,0.83,0.119,0.2,0.16,0.4,0.5,0.2,False,False,False,False,0.263,0.0,1.0,1.0,False,True,True,False,0.6,0.545,2.2,levered-assets,-0.1,0.3147,0.0,0.03,reduce_or_avoid,AVOID
CSGP,,False,False,False,,0.009278870398386284,0.008057805999562075,0.15153807362581947,,0.5075199349593682,28.962425300770327,1.446696365166857,1.1317877077131384,0.037115481593545135,0.0322312239982483,0.9242309631870903,0.5075199349593682,0.5,False,False,True,False,0.2855666463995068,0.0,1.0,0.15761638971581549,False,True,False,False,0.3472849169147446,0.132,1.152,,0.0,0.3133,0.0,0.03,reduce_or_avoid,AVOID
TSLA,Consumer Discretionary,False,False,True,emerging_growth,0.15,0.1,0.2,12.0,0.35,,13.73,,0.6,0.4,0.9,0.35,0.8,True,False,True,False,0.5675,0.0,0.0,0.0,False,False,False,False,0.0,0.167,1.2,,0.0,0.3121,0.0,0.03,reduce_or_avoid,AVOID
DDOG,,False,False,False,,0.03401841722953236,0.025728418436060784,0.3222117525052517,13.860181863685659,1.8182667665755008,174.62211555305782,9.792330131948576,5.617652337697376,0.13607366891812944,0.10291367374424314,0.8388941237473742,1.8182667665755008,0.9240121242457106,False,False,True,False,0.562671548771714,0.0,0.0,0.0,False,False,False,False,0.0,0.244,1.322,,0.0,0.3095,0.0,0.03,reduce_or_avoid,AVOID
ON,,False,False,False,,0.07857074379938918,0.055654721483867214,0.4117534272840571,10.873475609756097,0.06502708690821236,16.537931060231834,3.300378235646477,2.0063918942301826,0.3142829751975567,0.22261888593546886,0.7941232863579715,0.06502708690821236,0.7248983739837398,False,False,True,False,0.3624329517282092,0.4416347362791234,0.19983189526823253,0.0,False,False,False,False,0.23660346309211913,0.292,1.412,,0.0,0.3058,0.0,0.03,reduce_or_avoid,AVOID
CARR,,False,False,False,,0.09279683578002586,0.04776633647860303,0.9427245759488857,3.83974358974359,1.8730178207538102,23.148567672065322,4.582611122686636,1.6121050098994218,0.37118734312010343,0.19106534591441213,0.5286377120255572,1.8730178207538102,0.255982905982906,False,False,True,False,0.5545224272255503,0.0,0.0,0.0,False,False,False,False,0.0,0.485,1.943,,0.0,0.305,0.0,0.03,reduce_or_avoid,AVOID
PLD,Real Estate,False,True,False,,0.08,0.05,0.6,5.0,0.8,,2.5,1.526,0.32,0.2,0.7,0.8,0.3333333333333333,False,False,True,False,0.41433333333333333,0.0,0.5555555555555556,0.0,False,False,False,False,0.16666666666666666,0.375,1.6,,0.0,0.3029,0.0,0.03,reduce_or_avoid,AVOID
LITE,,False,False,False,,0.14794511333826596,0.06996866599863212,1.1144481065446963,12.614406779661017,0.8532402743482944,100.2727793548816,18.387949404643045,7.779668003210863,0.5917804533530638,0.2798746639945285,0.44277594672765186,0.8532402743482944,0.8409604519774011,False,False,False,False,0.5399950135634097,0.0,0.0,0.0,False,False,False,False,0.0,0.527,2.114,,0.0,0.297,0.0,0.03,reduce_or_avoid,AVOID
BAX,,False,False,False,,-0.17128585240090236,-0.06696906696906697,1.55768611021592,-0.6541095890410958,0.4126049243167769,24.329861602237983,1.7760803320827172,0.5569377262849448,0.0,0.0,0.22115694489203996,0.4126049243167769,0.0,False,False,False,False,0.09506428038132253,0.0,0.877297630185459,0.9240830316200737,False,False,False,False,0.5404141985416597,0.609,2.558,,0.0,0.2955,0.0,0.03,reduce_or_avoid,AVOID
SO,Utilities,False,True,False,,0.11,0.05,1.6,3.0,0.88,,,0.779,0.44,0.2,0.19999999999999996,0.88,0.2,False,False,False,False,0.374,0.0,0.0,0.6279999999999999,False,False,False,False,0.18839999999999996,0.615,2.6,,0.0,0.2905,0.0,0.03,reduce_or_avoid,AVOID
TECH,,False,False,False,,0.05254054085159766,0.04611963330928353,0.13922286630630354,16.192669075890553,1.1092743448207194,31.91897221939263,3.8975709542004005,3.186551052507982,0.21016216340639063,0.18447853323713412,0.9303885668468482,1.1092743448207194,1.0,False,False,True,False,0.5243416457431925,0.0,0.0,0.0,False,False,False,False,0.0,0.122,1.139,,0.0,0.2884,0.0,0.03,reduce_or_avoid,AVOID
FANG,Energy,False,True,False,,,,,,,,1.55,1.026,0.0,0.0,0.5,0.5,0.5,False,False,False,False,0.2,0.0,0.9777777777777777,0.29866666666666664,False,False,False,False,0.38293333333333335,,,,0.0,0.2823,0.0,0.03,reduce_or_avoid,AVOID
NEE,Utilities,False,True,False,,0.12,0.06,1.4,4.0,0.85,,,0.961,0.48,0.24,0.30000000000000004,0.85,0.26666666666666666,False,False,False,False,0.41516666666666663,0.0,0.0,0.3853333333333334,False,False,False,False,0.11560000000000002,0.583,2.4,,0.0,0.2804,0.0,0.03,reduce_or_avoid,AVOID
RTX,Industrials,False,True,False,,0.12,0.08,0.7,6.0,0.8,,4.34,1.692,0.48,0.32,0.65,0.8,0.4,False,False,True,False,0.49750000000000005,0.0,0.0,0.0,False,False,False,False,0.0,0.412,1.7,,0.0,0.2736,0.0,0.03,reduce_or_avoid,AVOID
WELL,,False,False,False,,0.03214071438398353,0.02206950064501344,0.45634080720560677,0.5233883277024131,1.581316430530587,59.6290083599382,3.2420113422729537,2.1121454435725804,0.12856285753593413,0.08827800258005376,0.7718295963971966,1.581316430530587,0.03489255518016087,False,False,True,False,0.42151341759197997,0.0,0.22577273676757614,0.0,False,False,False,False,0.06773182103027284,0.313,1.456,,0.0,0.2623,0.0,0.03,reduce_or_avoid,AVOID
SNPS,,False,False,False,,0.02537124077588616,0.018714092376998878,0.3557291620014364,2.2617626892064275,1.3683662292871763,34.62508096402527,3.0319419328467694,1.9707792915749147,0.10148496310354464,0.07485636950799551,0.8221354189992818,1.3683662292871763,0.1507841792804285,False,False,True,False,0.3965560649544736,0.0,0.3191369187347691,0.0,False,False,False,False,0.09574107562043073,0.262,1.356,,0.0,0.2612,0.0,0.03,reduce_or_avoid,AVOID
PANW,,False,False,False,,0.030461182593609946,0.02833989037963617,0.07485181437039179,13969.0,1.0571139692178972,73.12017143893232,5.282123968817344,3.158816538478327,0.12184473037443978,0.11335956151854468,0.9625740928148041,1.0571139692178972,1.0,False,False,True,False,0.47351449687280056,0.0,0.0,0.0,False,False,False,False,0.0,0.07,1.075,,0.0,0.2604,0.0,0.03,reduce_or_avoid,AVOID
IR,,False,False,False,,0.057689850713997896,0.03908460785554009,0.4760248056530157,4.555945419103314,1.1181276679852512,22.60914064959591,3.407302098324495,1.9030222294552464,0.23075940285599159,0.15633843142216036,0.7619875971734922,1.1181276679852512,0.3037296946068876,False,False,True,False,0.4285196095179458,0.0,0.15231017852244677,0.0,False,False,False,False,0.04569305355673403,0.323,1.476,,0.0,0.2562,0.0,0.03,reduce_or_avoid,AVOID
GNRC,,False,False,False,,0.0706500038135232,0.045403771285533155,0.5560382279529755,4.441048098255586,1.2531898694873842,24.94886360309814,4.3091210404459845,2.060616776631557,0.2826000152540928,0.18161508514213262,0.7219808860235122,1.2531898694873842,0.2960698732170391,False,False,True,False,0.465147130767206,0.0,0.0,0.0,False,False,False,False,0.0,0.357,1.556,,0.0,0.2558,0.0,0.03,reduce_or_avoid,AVOID
DLR,,False,False,False,,0.058962880903401224,0.03235704484054359,0.8222579099535179,4.098462928880573,0.8062185194037111,21.73595217334588,2.83420276805002,1.3555427965233875,0.2358515236136049,0.12942817936217435,0.5888710450232411,0.8062185194037111,0.27323086192537155,False,False,True,False,0.3461704317493138,0.05659613530771268,0.407020991977769,0.0,False,False,False,False,0.14474475171641576,0.451,1.822,,0.0,0.2555,0.0,0.03,reduce_or_avoid,AVOID
J,,False,False,False,,0.11585069388030281,0.0485903289349244,1.3842335793910399,4.453393989858987,0.9236923533478634,20.33051961380457,4.549812152625498,1.254584550851096,0.46340277552121123,0.1943613157396976,0.30788321030448007,0.9236923533478634,0.2968929326572658,False,False,False,False,0.41175485519185073,0.16070225082929124,0.0,0.0,False,False,False,False,0.0642809003317165,0.581,2.384,,0.0,0.2554,0.0,0.03,reduce_or_avoid,AVOID
VAL,Energy,False,False,True,maritime_launch,,,,,,,1.69,1.193,0.0,0.0,0.5,0.5,0.5,False,False,False,False,0.2,0.0,0.9155555555555556,0.07599999999999996,False,False,False,False,0.29746666666666666,,,,0.0,0.2439,0.0,0.03,reduce_or_avoid,AVOID
MGM,,False,False,False,,0.16943680321428928,0.013161815993531913,11.873360583186642,2.212712740857736,0.4466782172247332,19.860947080132537,4.866087019207448,0.3069701823034725,0.6777472128571571,0.05264726397412765,0.0,0.4466782172247332,0.14751418272384906,True,False,False,False,0.3008714939054803,0.19548540147166393,0.0,1.0,False,False,True,False,0.37819416058866556,0.922,12.873,levered-assets,-0.1,0.2357,0.0,0.03,reduce_or_avoid,AVOID
VNQ,Real Estate,False,False,False,,0.06,0.04,0.8,3.0,0.75,,,1.0,0.24,0.16,0.6,0.75,0.2,False,False,True,False,0.3425,0.0,0.0,0.33333333333333337,False,False,False,False,0.1,0.444,1.8,,0.0,0.2334,0.0,0.03,reduce_or_avoid,AVOID
TDW,Energy,False,False,True,maritime_launch,,,,,,,2.71,0.926,0.0,0.0,0.5,0.5,0.5,False,False,False,False,0.2,0.0,0.4622222222222222,0.43199999999999994,False,False,False,False,0.26826666666666665,,,,0.0,0.2307,0.0,0.03,reduce_or_avoid,AVOID
ENPH,Information Technology,False,False,True,emerging_growth,0.1,0.08,0.5,5.0,0.3,,4.15,,0.4,0.32,0.75,0.3,0.3333333333333333,False,False,True,False,0.4068333333333333,0.0,0.0,0.0,False,False,False,False,0.0,0.333,1.5,,0.0,0.2238,0.0,0.03,reduce_or_avoid,AVOID
AXON,,False,False,False,,0.0582856292370957,0.03841424229460517,0.517292174868206,1.9630106031635668,0.9195406065573347,111.27374880963332,9.685852228808873,4.8438697753287805,0.2331425169483828,0.15365696917842067,0.741353912565897,0.9195406065573347,0.13086737354423778,False,False,True,False,0.3782607610609495,0.0,0.0,0.0,False,False,False,False,0.0,0.341,1.517,,0.0,0.208,0.0,0.03,reduce_or_avoid,AVOID
TDG,Industrials,False,False,True,aerospace_defense,0.0,0.15,5.0,3.0,0.75,20.0,50.0,3.0,0.0,0.6,0.0,0.75,0.2,False,True,False,False,0.3125,0.18518518518518523,0.0,0.0,False,False,False,False,0.0740740740740741,0.833,6.0,,0.0,0.2052,0.0,0.03,reduce_or_avoid,AVOID
LYV,,False,False,False,,1.6360986274747966,0.01185213393844035,137.0425361350662,2.8515569417804514,0.24015977613723066,26.546476237399734,518.1248038714587,1.5136964084280993,1.0,0.0474085357537614,0.0,0.24015977613723066,0.19010379611869677,True,False,False,False,0.3692569067585827,0.0,0.0,0.0,False,False,False,False,0.0,0.993,138.043,,0.0,0.2031,0.0,0.03,reduce_or_avoid,AVOID
COHR,,False,False,False,,0.04391212386495324,0.033246755199120015,0.3207942730638421,3.476268107959914,0.8085853705968723,39.50011129280462,4.364832646910314,2.6959015470277654,0.17564849545981295,0.13298702079648006,0.839602863468079,0.8085853705968723,0.2317512071973276,False,False,True,False,0.36299401070636333,0.0,0.0,0.0,False,False,False,False,0.0,0.243,1.321,,0.0,0.1996,0.0,0.03,reduce_or_avoid,AVOID
PLTR,Information Technology,False,False,True,growth_ai,0.08,0.05,0.0,0.0,0.35,,34.07,,0.32,0.2,1.0,0.35,0.0,False,False,True,False,0.3585,0.0,0.0,0.0,False,False,False,False,0.0,0.0,1.0,,0.0,0.1972,0.0,0.03,reduce_or_avoid,AVOID
LYB,,False,False,False,,-0.07938247011952192,-0.0328091552774576,1.4195219123505975,-0.22972972972972974,0.31154544835628833,30.044589745649056,2.7032391207059048,0.7992379048202863,0.0,0.0,0.2902390438247012,0.31154544835628833,0.0,False,False,False,False,0.09026767382714843,0.0,0.46522705746404236,0.6010161269062848,False,False,False,False,0.31987295531109816,0.587,2.42,,0.0,0.1936,0.0,0.03,reduce_or_avoid,AVOID
F,,False,False,False,,-0.20706066799182507,-0.03716302791246891,4.5716845376410316,-7.3480358373535495,0.2965602212334187,56.70151891252303,1.5241953699930262,0.1906718864879151,0.0,0.0,0.0,0.2965602212334187,0.0,False,False,False,False,0.0444840331850128,0.0,0.9892465022253217,1.0,False,False,True,False,0.5967739506675964,0.821,5.572,levered-assets,-0.1,0.193,0.0,0.03,reduce_or_avoid,AVOID
NRG,,False,False,False,,0.04903569963069348,0.008465870851191952,4.792162494870743,1.26882966396292,0.6818445855740648,21.45695384634307,6.721230750393185,0.8178982517518384,0.19614279852277391,0.03386348340476781,0.0,0.6818445855740648,0.08458864426419467,False,False,False,False,0.1797374368407917,0.0772626780486616,0.0,0.5761356643308821,False,False,False,False,0.20374577051872927,0.827,5.792,,0.0,0.1905,0.0,0.03,reduce_or_avoid,AVOID
OMC,,False,False,False,,0.006675779635693169,0.0030066289008623777,1.2203537103559357,2.327970297029703,0.13804129450317953,24.336803718302555,2.166178786672813,0.4091377678182798,0.026703118542772675,0.01202651560344951,0.3898231448220322,0.13804129450317953,0.1551980198019802,False,False,False,False,0.10631835812284642,0.0,0.7039205392565275,1.0,False,False,True,False,0.5111761617769582,0.55,2.22,levered-assets,-0.1,0.1885,0.0,0.03,reduce_or_avoid,AVOID
CRWD,Information Technology,False,False,True,growth_ai,0.05,0.04,0.3,5.0,0.45,,41.01,,0.2,0.16,0.85,0.45,0.3333333333333333,False,False,True,False,0.3363333333333333,0.0,0.0,0.0,False,False,False,False,0.0,0.231,1.3,,0.0,0.185,0.0,0.03,reduce_or_avoid,AVOID
ALB,,False,False,False,,-0.02364272955990422,-0.01985040067746306,0.1910454576741487,-0.4542193487838578,0.15795488991130444,38.60193077641449,2.1440125963117183,1.3949462218736997,0.0,0.0,0.9044772711629256,0.15795488991130444,0.0,False,False,True,False,0.1593648241611345,0.0,0.7137721794170141,0.0,False,False,False,False,0.2141316538251042,0.16,1.191,,0.0,0.184,0.0,0.03,reduce_or_avoid,AVOID
PSX,Energy,False,True,False,,,,,,,,2.95,1.122,0.0,0.0,0.5,0.5,0.5,False,False,False,False,0.2,0.0,0.3555555555555555,0.17066666666666652,False,False,False,False,0.1578666666666666,,,,0.0,0.181,0.0,0.03,reduce_or_avoid,AVOID
STM,Information Technology,False,False,True,starlink_supply,,,,,,,2.63,1.346,0.0,0.0,0.5,0.5,0.5,False,False,False,False,0.2,0.0,0.4977777777777779,0.0,False,False,False,False,0.14933333333333335,,,,0.0,0.1772,0.0,0.03,reduce_or_avoid,AVOID
COIN,,False,False,False,,-0.07551921245689397,-0.050018647500462705,0.5098211613217922,-12.91002996020212,0.1154695226104255,,2.4902454146977555,1.2309608366301374,0.0,0.0,0.7450894193391039,0.1154695226104255,0.0,False,False,True,False,0.12908384129242942,0.0,0.5598909268009975,0.025385551159816777,False,False,False,False,0.17558294338824426,0.338,1.51,,0.0,0.15,0.0,0.03,reduce_or_avoid,AVOID
IRM,,False,False,False,,,0.014986697918673785,,1.4077874505629102,0.8818915919387392,21.230689323094598,,1.4047134449979863,0.0,0.05994679167469514,0.5,0.8818915919387392,0.09385249670419402,False,False,False,False,0.23465302596363882,0.09402301310410388,0.0,0.0,False,False,False,False,0.037609205241641554,,,,0.0,0.146,0.0,0.03,reduce_or_avoid,AVOID
GPC,,False,False,False,,0.007239485887355138,0.002931084623864267,1.4698999914273316,1.0068076345602621,0.17214977842526688,30.118640186040757,3.5936039744539015,0.7723652962576811,0.02895794354942055,0.011724338495457069,0.2650500042863342,0.17214977842526688,0.06712050897068414,False,False,False,False,0.08449670291727186,0.0,0.06950934468715486,0.6368462716564252,False,False,False,False,0.211906684903074,0.595,2.47,,0.0,0.1418,0.0,0.03,reduce_or_avoid,AVOID
CRL,,False,False,False,,-0.0627934356119886,-0.030791216707465933,1.0393294688080028,-0.5622597674879825,0.2549202356877801,39.1512718412186,2.894481523120839,1.1010550937944517,0.0,0.0,0.4803352655959986,0.2549202356877801,0.0,False,False,False,False,0.1102883251925668,0.0,0.380230434168516,0.19859320827406446,False,False,False,False,0.17364709273277412,0.51,2.039,,0.0,0.1388,0.0,0.03,reduce_or_avoid,AVOID
CCI,,False,False,False,,,0.03787689116205873,,2.1128691983122363,0.39990659299961123,24.161691989217484,,1.11887573084695,0.0,0.15150756464823492,0.5,0.39990659299961123,0.1408579465541491,False,False,False,False,0.19452405299982706,0.0,0.0,0.17483235887073345,False,False,False,False,0.052449707661220035,,,,0.0,0.1306,0.0,0.03,reduce_or_avoid,AVOID
ECHO,,False,False,False,,-2.564482509398346,-0.4263835769143761,5.014496449316411,-9.279538898594227,0.5927195141759289,,3.2943488891643886,0.4483671195889682,0.0,0.0,0.0,0.5927195141759289,0.0,False,False,False,False,0.08890792712638934,0.0,0.2025116048158273,1.0,False,False,True,False,0.36075348144474817,0.834,6.014,levered-assets,-0.1,0.1112,0.0,0.03,reduce_or_avoid,AVOID
GD,Industrials,False,False,True,aerospace_defense,,,,,,,3.82,1.864,0.0,0.0,0.5,0.5,0.5,False,False,False,False,0.2,0.0,0.0,0.0,False,False,False,False,0.0,,,,0.0,0.11,0.0,0.03,reduce_or_avoid,AVOID
BKSY,Industrials,False,False,True,launch_services,,,,,,,10.41,1.338,0.0,0.0,0.5,0.5,0.5,False,False,False,False,0.2,0.0,0.0,0.0,False,False,False,False,0.0,,,,0.0,0.11,0.0,0.03,reduce_or_avoid,AVOID
STLD,Materials,False,True,False,,,,,,,,3.87,2.016,0.0,0.0,0.5,0.5,0.5,False,False,False,False,0.2,0.0,0.0,0.0,False,False,False,False,0.0,,,,0.0,0.11,0.0,0.03,reduce_or_avoid,AVOID
SPCX,Industrials,False,False,True,launch_services,,,,,,,18.38,36.053,0.0,0.0,0.5,0.5,0.5,False,False,False,False,0.2,0.0,0.0,0.0,False,False,False,False,0.0,,,,0.0,0.11,0.0,0.03,reduce_or_avoid,AVOID
LRCX,Information Technology,False,False,True,starlink_supply,,,,,,,35.53,10.751,0.0,0.0,0.5,0.5,0.5,False,False,False,False,0.2,0.0,0.0,0.0,False,False,False,False,0.0,,,,0.0,0.11,0.0,0.03,reduce_or_avoid,AVOID
BX,Financials,False,False,False,,,,,,,,11.43,4.009,0.0,0.0,0.5,0.5,0.5,False,False,False,False,0.2,0.0,0.0,0.0,False,False,False,False,0.0,,,,0.0,0.11,0.0,0.03,reduce_or_avoid,AVOID
MTSI,Information Technology,False,False,True,starlink_supply,,,,,,,13.72,3.89,0.0,0.0,0.5,0.5,0.5,False,False,False,False,0.2,0.0,0.0,0.0,False,False,False,False,0.0,,,,0.0,0.11,0.0,0.03,reduce_or_avoid,AVOID
AMAT,Information Technology,False,False,True,starlink_supply,,,,,,,17.02,7.401,0.0,0.0,0.5,0.5,0.5,False,False,False,False,0.2,0.0,0.0,0.0,False,False,False,False,0.0,,,,0.0,0.11,0.0,0.03,reduce_or_avoid,AVOID
ASTS,Communication Services,False,False,True,launch_services,,,,,,,8.33,9.011,0.0,0.0,0.5,0.5,0.5,False,False,False,False,0.2,0.0,0.0,0.0,False,False,False,False,0.0,,,,0.0,0.11,0.0,0.03,reduce_or_avoid,AVOID
XBI,Health Care,False,False,True,emerging_growth,,,,,,,,,0.0,0.0,0.5,0.5,0.5,False,False,False,False,0.2,0.0,0.0,0.0,False,False,False,False,0.0,,,,0.0,0.11,0.0,0.03,reduce_or_avoid,AVOID
VUG,ETF,False,False,True,thematic,,,,,,,,,0.0,0.0,0.5,0.5,0.5,False,False,False,False,0.2,0.0,0.0,0.0,False,False,False,False,0.0,,,,0.0,0.11,0.0,0.03,reduce_or_avoid,AVOID
ARKK,ETF,False,False,True,thematic,,,,,,,,,0.0,0.0,0.5,0.5,0.5,False,False,False,False,0.2,0.0,0.0,0.0,False,False,False,False,0.0,,,,0.0,0.11,0.0,0.03,reduce_or_avoid,AVOID
MCHP,Information Technology,False,False,True,starlink_supply,,,,,,,6.35,1.636,0.0,0.0,0.5,0.5,0.5,False,False,False,False,0.2,0.0,0.0,0.0,False,False,False,False,0.0,,,,0.0,0.11,0.0,0.03,reduce_or_avoid,AVOID
GSAT,Communication Services,False,False,True,starlink_supply,,,,,,,31.13,7.126,0.0,0.0,0.5,0.5,0.5,False,False,False,False,0.2,0.0,0.0,0.0,False,False,False,False,0.0,,,,0.0,0.11,0.0,0.03,reduce_or_avoid,AVOID
QQQ,ETF,False,False,True,thematic,,,,,,,,,0.0,0.0,0.5,0.5,0.5,False,False,False,False,0.2,0.0,0.0,0.0,False,False,False,False,0.0,,,,0.0,0.11,0.0,0.03,reduce_or_avoid,AVOID
TTMI,Information Technology,False,False,True,starlink_supply,,,,,,,6.72,3.528,0.0,0.0,0.5,0.5,0.5,False,False,False,False,0.2,0.0,0.0,0.0,False,False,False,False,0.0,,,,0.0,0.11,0.0,0.03,reduce_or_avoid,AVOID
IRDM,Communication Services,False,False,True,starlink_supply,,,,,,,10.48,1.65,0.0,0.0,0.5,0.5,0.5,False,False,False,False,0.2,0.0,0.0,0.0,False,False,False,False,0.0,,,,0.0,0.11,0.0,0.03,reduce_or_avoid,AVOID
INTC,Information Technology,False,False,True,starlink_supply,,,,,,,4.19,2.929,0.0,0.0,0.5,0.5,0.5,False,False,False,False,0.2,0.0,0.0,0.0,False,False,False,False,0.0,,,,0.0,0.11,0.0,0.03,reduce_or_avoid,AVOID
SATS,Communication Services,False,False,True,starlink_supply,,,,,,,5.34,1.506,0.0,0.0,0.5,0.5,0.5,False,False,False,False,0.2,0.0,0.0,0.0,False,False,False,False,0.0,,,,0.0,0.11,0.0,0.03,reduce_or_avoid,AVOID
RKLB,Industrials,False,False,True,launch_services,,,,,,,16.35,16.076,0.0,0.0,0.5,0.5,0.5,False,False,False,False,0.2,0.0,0.0,0.0,False,False,False,False,0.0,,,,0.0,0.11,0.0,0.03,reduce_or_avoid,AVOID
VLO,Energy,False,True,False,,,,,,,,3.85,1.414,0.0,0.0,0.5,0.5,0.5,False,False,False,False,0.2,0.0,0.0,0.0,False,False,False,False,0.0,,,,0.0,0.11,0.0,0.03,reduce_or_avoid,AVOID
NOC,Industrials,False,False,True,aerospace_defense,,,,,,,4.43,1.685,0.0,0.0,0.5,0.5,0.5,False,False,False,False,0.2,0.0,0.0,0.0,False,False,False,False,0.0,,,,0.0,0.11,0.0,0.03,reduce_or_avoid,AVOID
MPC,Energy,False,True,False,,,,,,,,5.48,1.407,0.0,0.0,0.5,0.5,0.5,False,False,False,False,0.2,0.0,0.0,0.0,False,False,False,False,0.0,,,,0.0,0.11,0.0,0.03,reduce_or_avoid,AVOID
TTWO,,False,False,False,,-0.0849354866273605,-0.04609534409200519,0.8426044603947705,-0.2774369461486026,0.5508317918296848,30.987987951588135,10.518282347118971,3.935612316960099,0.0,0.0,0.5786977698026148,0.5508317918296848,0.0,False,False,True,False,0.1694294342448449,0.0,0.0,0.0,False,False,False,False,0.0,0.457,1.843,,0.0,0.0932,0.0,0.03,reduce_or_avoid,AVOID
SEDG,Information Technology,False,False,True,emerging_growth,-0.05,-0.02,0.8,1.0,0.25,,6.12,,0.0,0.0,0.6,0.25,0.06666666666666667,False,False,True,False,0.13416666666666666,0.0,0.0,0.0,False,False,False,False,0.0,0.444,1.8,,0.0,0.0738,0.0,0.03,reduce_or_avoid,AVOID
BA,Industrials,False,False,True,cyclical,0.0,0.02,5.0,1.0,0.4,,27.43,,0.0,0.08,0.0,0.4,0.06666666666666667,False,False,False,False,0.09066666666666666,0.0,0.0,0.0,False,False,False,False,0.0,0.833,6.0,,0.0,0.0499,0.0,0.03,reduce_or_avoid,AVOID
APD,,False,False,False,,-0.003406848269205837,-0.0014762289684186873,1.3078047796712715,0.6288426763110307,0.16021407705065363,48.75857503788967,4.673351804892631,1.604225967441905,0.0,0.0,0.34609761016436424,0.16021407705065363,0.04192284508740205,False,False,False,False,0.08013903759099289,0.0,0.0,0.0,False,False,False,False,0.0,0.567,2.308,,0.0,0.0441,0.0,0.03,reduce_or_avoid,AVOID
EL,,False,False,False,,-0.06210869020786376,-0.018656435718047093,2.329075882794891,1.498533724340176,0.06650437493492778,37.243761603343096,10.756454183523552,2.1842209903788414,0.0,0.0,0.0,0.06650437493492778,0.09990224828934506,False,False,False,False,0.01996588106917367,0.0,0.0,0.0,False,False,False,False,0.0,0.7,3.329,,0.0,0.011,0.0,0.03,reduce_or_avoid,AVOID
