date,Materials_ConsStpl_r10,Materials_ConsStpl_r20,Materials_HlthCare_r10,Materials_HlthCare_r20,Materials_Energy_r10,Materials_Energy_r20,Materials_Fins_r10,Materials_Fins_r20,ConsStpl_HlthCare_r10,ConsStpl_HlthCare_r20,ConsStpl_Utilities_r10,ConsStpl_Utilities_r20,HlthCare_Utilities_r10,HlthCare_Utilities_r20,Industrials_Utilities_r10,Industrials_Utilities_r20,InfoTech_REITs_r10,InfoTech_REITs_r20,ConsDisc_InfoTech_r10,ConsDisc_InfoTech_r20,Energy_Utilities_r10,Energy_Utilities_r20,Fins_REITs_r10,Fins_REITs_r20
2025-07-29,,,,,,,,,,,,,,,,,,,,,,,,
2025-07-30,,,,,,,,,,,,,,,,,,,,,,,,
2025-07-31,,,,,,,,,,,,,,,,,,,,,,,,
2025-08-01,,,,,,,,,,,,,,,,,,,,,,,,
2025-08-04,,,,,,,,,,,,,,,,,,,,,,,,
2025-08-05,,,,,,,,,,,,,,,,,,,,,,,,
2025-08-06,,,,,,,,,,,,,,,,,,,,,,,,
2025-08-07,0.321236489217998,,-0.4512980824739502,,-0.5293281654507307,,0.20575761114195215,,-0.47560426900306174,,0.4982514493765074,,0.053167758696688244,,0.17523930463246337,,0.17837363323276706,,0.31485625965845376,,-0.44866678264789667,,0.30078524299020776,
2025-08-08,0.36588574308906374,,-0.48110645584914713,,-0.533441511998043,,0.19064879515091576,,-0.5725528082283435,,0.5102803917545123,,-0.02487853513147801,,0.09656456612728713,,0.047733419731520454,,0.06436298679027684,,-0.45431796338707775,,0.3037955602820443,
2025-08-11,0.2987959465250659,,-0.5475490981216844,,-0.6097689578294493,,0.31090495092271064,,-0.550069426613532,,0.4944565896681541,,-0.10570023377691776,,0.03835613745658091,,0.14230659929225764,,-0.01935440306041911,,-0.5054387168643825,,0.35867146775975156,
2025-08-12,0.2579509539143751,,-0.4422070053844561,,-0.628521708621472,,0.2362755131644705,,-0.550253220213179,,0.4744758617104337,,-0.2571841915375886,,-0.10105586384388375,,0.08878024080755959,,-0.12674680262695825,,-0.5510759074315773,,0.3664366683268759,
2025-08-13,0.09373926367778337,,-0.4262800911879249,,-0.41278729938307857,,0.24910071856384025,,-0.524060647360901,,0.26742166518230587,,-0.20206730913717272,,-0.08379283969146338,,0.07488470588793636,,-0.148344201460116,,-0.3025210281946428,,0.4347926308949877,
2025-08-14,0.07964809267920078,,-0.39375796430844123,,-0.3480865834419525,,0.1880148302642609,,-0.348283095409129,,0.16454920588053498,,-0.4428872628148702,,-0.2053964435266786,,0.08591629624487751,,-0.0888089266139164,,-0.45929288308752597,,0.2661149340788511,
2025-08-15,0.15114485991877097,,-0.4678099017535938,,-0.3484862539477347,,0.20053996985539438,,-0.20601360127275928,,0.13209787977533466,,-0.4707434662606662,,0.26982839618572574,,-0.00981890034823994,,-0.5915870406040493,,-0.439072958377138,,0.44650808537202513,
2025-08-18,-0.1750537825431172,0.05887292671828833,-0.3320702523537478,-0.4307956401817669,-0.45074793563209536,-0.5065855554400304,0.36849916356821955,0.25052817089450286,-0.5311939938752869,-0.44001426390169707,0.18701462593604146,0.3812735339743949,-0.5756797004611932,-0.37168415553655304,0.14608873126219338,0.09029065008604932,0.0416354871387562,0.15735955845366167,-0.6065087880188414,-0.1176006981498312,-0.44395551733444744,-0.4127496894572796,0.523022656247246,0.4010692921865684
2025-08-19,-0.22188615179693105,0.0539119077507701,-0.2747834960348891,-0.36874578631820926,-0.4366084699896121,-0.5011066647094723,0.3013620451258945,0.23839377851097568,-0.5832704883643841,-0.4491311089625854,0.0297809522463648,0.33728515003094633,-0.3360963763871569,-0.21856959852239577,-0.02291701157785238,0.10107594278767858,0.041678119650664654,0.16685601562403454,-0.5497111215934651,-0.11149183153482087,-0.3988102326333758,-0.3789476383801148,0.5696729423110642,0.42840317463872873
2025-08-20,-0.01571959814028797,0.08396352002797366,-0.3557602803005025,-0.3849186286513508,-0.21625245536860505,-0.49838221006208194,0.31751940511482685,0.23723423771284974,-0.6150427126725793,-0.4684177737892759,0.06002623904877121,0.27363942006151487,-0.31217555827260596,-0.17143051709646537,0.16833004522219985,0.14129494362215395,0.0657658920560223,0.18279263065870036,-0.5269454259686509,-0.10854129936360486,-0.19412096533001358,-0.36432334170958386,0.6714486620946983,0.41816747221422124
2025-08-21,-0.06639252808043,0.06064455453672079,-0.21140131517375138,-0.34223162215790587,0.1102249429029997,-0.2523398033119867,-0.1932251109366626,-0.04641864512125236,-0.573307133381998,-0.469075400984227,0.06660259930362586,0.27622934460784154,-0.37091685606097474,-0.17351721571762452,0.20703581358535678,0.1631768162063356,0.4103849358193889,0.25877481377387146,-0.7771182879930871,-0.1887939823941202,-0.26895905659377783,-0.37000348815864564,-0.001097398912226127,0.11243474849493594
2025-08-22,-0.12822195443698747,0.07585360414168366,0.004760646086320086,-0.3370891150277674,0.09525969973272563,-0.2630362538998741,-0.24023478948520127,-0.06689652037177546,-0.5107902155611546,-0.4465816397285696,-0.14835299905818253,0.16105608286395684,-0.22640530528319483,-0.17832196815129667,0.49084668947973004,0.15891727054592014,0.27479689863870954,0.14346614193989488,-0.7775155298527204,-0.29213620012130964,0.07343913343040918,-0.2208798418469595,0.06528684682831613,0.15844142438111752
2025-08-25,-0.067970211841466,0.13467773618348197,0.15247665604771735,-0.2555003062515679,0.14708008371091635,-0.3072297081641361,-0.48623553436797107,-0.08412475595752289,-0.43087379099888085,-0.382114920954187,-0.12994355526795198,0.17296405780644478,-0.18469965057666154,-0.15886068919187984,0.3393302468612218,0.1385339992994086,0.1534444773098542,0.12339274012018911,-0.8471914358516083,-0.3891367549118403,0.09265812452954995,-0.2309573772802199,0.007212920460649741,0.15904879309811845
2025-08-26,0.09053278122500304,0.17787900463513323,0.08762566625390944,-0.18378460314341102,0.17539372295037647,-0.29467145750578416,-0.4287188450031251,-0.08082434631063376,-0.4590532535965743,-0.37840890823209683,0.06925850897652147,0.2615582749938128,-0.24289641994840264,-0.2147162825497119,0.2793375213457817,0.11273888737608156,0.21808556349235872,0.13022561207596967,-0.8678999940999533,-0.5219893554175395,0.1011031202680273,-0.23056226804636892,-0.04724271771768125,0.16337050301521808
2025-08-27,0.09503147917311529,0.10202598453216168,0.09476018668686834,-0.1101835569780238,0.21343502902197586,-0.18604007752482632,-0.4245173405176048,-0.08377641197784938,-0.34701502241449383,-0.3336786087945967,0.10039226967914164,0.17955913802261128,-0.19083251044259916,-0.045320626274689677,0.07539686975930412,0.125822205658684,0.2572913236522763,0.1640866534948069,-0.5595561397929705,-0.36622067479710435,0.061208896982522576,-0.1658758574906283,-0.1002250360896264,0.1670968422999198
2025-08-28,0.03753254586684974,0.07579374766154591,0.10717442450595631,-0.10799506050415718,0.1598056110100874,-0.1613633663891413,-0.48664862737437153,-0.13970628847569078,-0.22675939043410204,-0.22600399867194684,0.15403178735103906,0.1887730915343989,-0.005316072857229197,-0.054870664566194924,0.0749984259306111,0.11844685415225076,0.1626088369031005,0.11666931307604131,-0.5814326480644189,-0.38820960208359484,0.25411114234408416,-0.21586022634449958,0.09187063504830861,0.1402826123836005
2025-08-29,0.048000057729472724,0.09327583982891474,-0.06299185378181568,-0.2163803673485485,0.38457528307799155,0.025611924699404178,-0.28343884471583364,-0.08717676053338799,-0.21517636666068343,-0.1750202183690241,0.11604338876452917,0.11181317119828882,0.3134814101524734,0.0773280681714381,-0.2594294253746901,0.08076776235474781,0.10883722014487102,0.052184839040177546,-0.5128391188685899,-0.5271602572790685,-0.01300269616825688,-0.3076114927412303,0.0010921860344930408,0.19622056464300364
2025-09-01,0.23651875642436593,-0.01274056093518749,0.20040344814005676,-0.15395937629779036,0.29094124725616294,0.0266324220651304,-0.382956894422568,-0.07345120073728383,-0.4555418691325958,-0.3646508130678715,-0.2885361544203699,0.03088724587625324,0.33860106782617294,0.025958663157015602,-0.06109776161267488,0.03767139124007382,0.09940533332304147,0.052113113953590494,-0.5359814167983592,-0.52914273705469,0.02793222317455673,-0.33106428655775855,-0.15633372086259742,0.195218662003705
2025-09-02,0.3726016494452783,0.00957601202276962,0.1063146800250645,-0.15097245531016093,0.07732105834042717,-0.043676804351306525,-0.15372752573862478,-0.011083973832370612,-0.34082898848084714,-0.382742592650678,-0.2616359519512474,-0.02672226432165515,0.3157515113868846,-0.0052018886666727465,-0.07790117620552132,-0.09269098243149475,0.016231444288625576,0.015702879424458152,-0.5865372750027087,-0.5300742793726229,-0.0030109574375206914,-0.2850194482843322,-0.33564476243926633,0.12501614418672902
2025-09-03,0.33063633417055827,0.12587152670350063,0.09709910277445406,-0.13193244566768256,0.32846606787598714,0.10938212951877462,-0.08532288542128379,0.0649249549957123,-0.4048578309085615,-0.40376391492363906,-0.15197047925010934,0.05317318643522694,0.29968364897393995,-0.008751030846760634,-0.09562957642997792,-0.021864370252073544,-0.003738557372560906,-0.004184377366846772,-0.565261973651694,-0.5275743729415219,-0.24396185878848162,-0.2838629920901046,-0.2088969641574271,0.1399027664480547
2025-09-04,0.025855087526215348,0.075516129126966,-0.1244726428397138,-0.1407539107967677,0.21617123011698755,0.05816767733036291,0.22647218298483368,0.055083863300633674,0.1163700356286324,-0.22581390739188817,-0.08642593846823182,0.056172681077463996,0.26030938557846856,-0.034726339822123004,-0.22162773619176007,-0.024174882604163634,-0.15652097275765736,0.12775231305203288,-0.36969915341184384,-0.4717806285086494,-0.23867117014460906,-0.2826115505122469,0.18997973904547427,0.09022345884661248
2025-09-05,-0.07759723405785415,-0.003331703354023232,-0.06979550550677383,-0.018747141347259695,0.24630390509888997,0.08070256158145214,0.2810211202375328,0.08918484765869394,-0.05795517768388735,-0.23917010320303683,-0.008933047655187798,0.02967240779799757,0.29631158092231397,0.022584817723172803,0.15590360943910708,0.000777101033419526,0.026854938611058803,0.17397525247030152,-0.21901776983970261,-0.4039334352016724,-0.5846607883404233,-0.27537473767712406,-0.04044444610680209,0.07721194028024894
2025-09-08,-0.04020035086699163,-0.045677811372477874,-0.14452105430615955,-0.014800078891099475,0.3556707324420703,0.24803432833168593,0.4858263593264726,0.013009629081513254,-0.11003462179497582,-0.2488672610750294,-0.10472760279902217,-0.05791140013713729,0.3266658104551619,0.04510397787166885,-0.020966389084789545,-0.0652184702658998,-0.028047614874247624,0.07293472448991883,0.09951310667999065,-0.3499011057813416,-0.6284504356453289,-0.2557771169870072,0.22098201316392757,0.10302543842284956
2025-09-09,-0.07481751931865964,0.01626974525754831,-0.05252150209354397,0.005044241243609123,0.3083979195497545,0.26083422753369545,0.5326686085572714,0.029868068718637064,0.10581243901586046,-0.16559227217745853,-0.28782049337170673,-0.050201021761497995,0.45882355331523983,0.03937516599867742,-0.2682974059000858,-0.05739666527521448,-0.2556885777100234,0.0016698616851229299,0.1734381404309607,-0.3543838848259674,-0.7660846064066983,-0.2519902447946754,0.20421632850816193,0.14924092986634627
2025-09-10,-0.04397379239190125,0.021046253163073944,-0.0007222431450249708,0.059617270337541,0.3443334338807296,0.29486480319449304,0.5600437166836127,0.06106961219616938,0.1240803882389584,-0.08941330372691174,-0.3298719313626351,-0.018707250162262934,0.3552162858441692,-0.009159240667238772,-0.29353101874065735,-0.0765664502408355,-0.2087443272152216,0.040285706431244225,0.012230604666829766,-0.29914720237090614,-0.7894818777442981,-0.23099071791977632,0.24800364713140421,0.11450858364176217
2025-09-11,0.0050897740972600395,0.032924516216694406,0.007653917528601258,0.07547999811178446,0.4116320673848039,0.3181194530696076,0.6259973026937138,0.03682365316680141,-0.07948139517144379,-0.12343405627352577,-0.24624556266554168,0.03510177673746996,0.3728300867604191,0.11834534302531254,-0.23262516146768386,-0.02959708068373401,-0.2742964243792981,0.029798393755045754,0.1550600785177713,-0.31630818234789193,-0.8107729905873129,-0.1498887548651768,0.2324443622849274,0.13960049279394493
2025-09-12,0.08503286305579648,0.06078957071635723,0.43336261230826656,0.14145150855960067,0.18331711346298438,0.3028475682085914,0.4405219162970463,0.015100647095825499,0.025904251424686806,-0.0693561111599835,-0.39434623103697886,-0.05706671218916588,-0.2371549594067653,0.09927941518881946,-0.6441937012323756,-0.28470284457303485,0.06524602564501439,0.06801526423354719,-0.037276268040533626,-0.30391659407248406,-0.4399404498799325,-0.17204227974124547,0.2989658157460474,0.13476552572702227
2025-09-15,0.5988880693718407,0.2523492172560953,0.4252566020890902,0.17118824800854912,0.18887635484856066,0.2669091184788666,0.44072199125670325,-0.04268379684917223,0.4114355389934278,0.12256695484659395,-0.20415919088399181,-0.14187625092178444,-0.05796679767253893,0.21941573395959518,-0.6768987987677214,-0.2891664444272283,-0.10504098013144834,-0.03302982842962185,-0.010935490559614425,-0.28787152815985995,-0.47838376248474673,-0.19114113080545186,0.2690689477399371,0.08305683235088163
2025-09-16,0.6496193260794105,0.3228056559130918,0.45775452976878506,0.19001787892188085,0.1952445922337084,0.18007855418334284,0.2509170298802204,-0.051542177437257204,0.44851957072078275,0.22226260386874006,-0.19958839195300496,-0.1088930560379791,-0.046870438011861866,0.18069066879427834,-0.5906889797902943,-0.30240503023922466,0.11929400428911228,-0.028619197598027057,0.2797448085938778,-0.14232666806132005,-0.513643719284668,-0.23598573704571787,0.6080398389066097,0.03938546018118806
2025-09-17,0.6038182513562281,0.3069696426371793,0.46101132821459406,0.22465439058878592,-0.27349430218567244,0.16558963965421597,0.17680327548433808,-0.018307217054107504,0.433987793224948,0.30794889178562995,-0.09005937336689611,-0.03583516050809771,0.033846715235295775,0.18173511463443492,-0.6849217526832045,-0.3836640587219894,0.039140219105535855,-0.04539161353523762,0.28414179471505135,-0.13163529171630411,-0.3924669639857365,-0.29272467451019335,0.6346078866433207,0.058844810242386976
2025-09-18,0.6293991026201857,0.34636117851582293,0.5176769352234931,0.17189247659071893,-0.34342496165930797,-0.0022531064237938884,0.2206363528732671,0.25650455288100094,0.3952424013353308,0.2766981869602898,0.013273876442939394,0.0817002154760852,-0.13559883590188068,0.08983061886585053,-0.49962650062429365,-0.419574371494118,-0.10579495487810883,-0.17835354913998622,0.18300925171617424,-0.05646127974662316,-0.4853791858507944,-0.34050692324416376,0.4957871653120667,0.22732460564769247
2025-09-19,0.5672529138088024,0.29129712455856815,0.4001898097640794,0.18349781738951687,-0.3986318030767727,0.01654460883567101,0.11078005779222164,0.282245959951225,0.08331631824129375,0.10261236511972996,0.16146722664135105,0.18655187119708364,-0.2865474255733509,0.05921708373583772,-0.5165679427672379,-0.4220107320418634,-0.1479930020999226,-0.09589020416186611,0.16819831133948668,0.003301319383754732,-0.5503083042326317,-0.4841534525775089,0.634741580922528,0.2418347931778137
2025-09-22,0.5666449014356344,0.26491559825157757,0.4543543312259032,0.14604027693001692,-0.4654240610047163,0.06569262396727774,0.11236438436821364,0.3245838199209439,0.31634450148231597,0.12145982363056958,0.37831071765904284,0.22367700880680458,-0.1512772665715557,0.1186959619077349,-0.39879025950149694,-0.38822819315356216,0.07489299672206075,0.004357121375903945,-0.09585816740724307,0.04711578558224863,-0.45723698100059396,-0.467817573518587,0.6129118984075186,0.2465570971075376
2025-09-23,0.5594881753751313,0.2271233747907448,0.353476844122762,0.13655059328103103,-0.3813023547371715,0.002468082051627961,0.11685449951161293,0.30844624589794856,0.21805270556070458,0.14370223535097948,0.4419898155766755,0.14892509530058406,-0.09043517733234138,0.1394164717290106,-0.40752257029954253,-0.4506598493374106,0.3226903591162821,0.07152899453172497,-0.06526134797061037,0.15164477673841403,-0.25103014942146196,-0.4428628777693847,0.05655259736810233,0.16080541280034033
2025-09-24,0.5769446196631106,0.23539086527281872,0.31625805112645305,0.12711617744327236,-0.4405034082999892,0.03157810080682196,0.17325983468014652,0.3107157167715667,0.19087129444989634,0.15060383564205887,0.3539259249882102,0.12208296091842248,-0.02346405590207802,0.0934757262642837,-0.5048267230152201,-0.48320288832283054,0.032885406561678945,-0.04209964026034913,0.12630117105884495,0.08862015645253128,-0.34993857829579317,-0.45599311491635314,0.04016449113313267,0.18931314040939531
2025-09-25,0.5256213240411073,0.2846452904328833,0.17938353657324008,0.09182966974255047,-0.363469925865665,-0.017494149581436354,0.16638949204566988,0.38181086195727687,0.1841866626491076,0.06734063436016598,0.32002367092611705,0.12355209345410093,0.010615534907146175,0.09782262171588962,-0.43378843296388925,-0.4513729529963956,-0.016494685415705063,-0.040226773680354086,0.12334222088752539,0.16135889821350102,-0.3131356621211638,-0.47151449194667044,0.04620010764367442,0.19381634084939864
2025-09-26,0.5109474656030216,0.2914620131932194,0.11430750507413326,0.22737606920253906,-0.3572662789125953,-0.16942504482630477,0.11794664874820478,0.33093849390777863,0.18464658334430922,0.11979940543575057,0.4784413798287484,0.16617054694735542,0.16819423528216917,0.02153184977387699,-0.3679435066567702,-0.43296972226783464,0.01692199779487227,0.04973706335917464,-0.12070587187025264,-0.038346422166981205,-0.4205778589411544,-0.4122042226212916,0.1178275584209322,0.23826600791434094
2025-09-29,0.5487722870726713,0.42379149451797665,0.061835119428692735,0.16976998167998264,-0.31282970827933093,-0.1687818026501464,0.13658660291926572,0.3520894950889584,-0.11774117234099528,0.20897823883188982,0.4316526517065168,0.18142812560016353,0.0880220810388558,0.037339089816843835,-0.33145835384612304,-0.45700049100860013,0.14314465786752154,0.05521869702336234,-0.13700368975578367,-0.04972046762641414,-0.4485651339605727,-0.4311515628859209,-0.029390861547736496,0.24455496852602615
2025-09-30,0.5266514175621156,0.41696810059277367,-0.12394894359835586,0.08920332325623849,-0.08119727295215579,-0.07554327554740455,-0.10282931532624069,0.21812941570486033,-0.29538477458453843,0.12126823870748799,0.4292110759689487,0.18199151000036318,0.054433481730631006,0.0217598251349811,-0.37598055879446757,-0.4563906281802423,0.14799602803245906,0.12151861481980182,-0.30341367010385556,-0.015057700395416138,-0.4672973895662844,-0.45190713618491013,-0.055071793283259805,0.3535132974763108
2025-10-01,0.6455624298453378,0.42755880719603556,-0.2863155878831471,0.008076576632396075,-0.029887014568602942,-0.1994480034124391,0.014047419893732992,0.1230976834242592,-0.5741448624868153,0.017018174646103154,0.24368556999143287,0.10601622768688986,0.17708922383816225,0.1076347631255022,-0.4258645858532812,-0.5006007915521719,0.11929692226680384,0.1166416938726989,-0.41058775607932185,0.002129066272477294,-0.4834365150916686,-0.44618420396180164,0.015630079934522857,0.3694652718066642
2025-10-02,0.5409625495815713,0.40264089316771445,-0.16417838596086742,0.14246617214671653,-0.0197382724262462,-0.19206688804161712,-0.06294658394283908,0.06018219665316217,-0.6266941886354608,-0.1711168823886188,-0.08014526433313196,0.07966020923127368,0.4577892216399627,0.14344317634973772,-0.44439710740874777,-0.4953963282553477,0.25243864440009844,0.0672951007398309,-0.30560708368366296,-0.07581571646824806,-0.6137250631768242,-0.4537997150990972,0.18529672802348035,0.31776388849806736
2025-10-03,0.670893123282474,0.5302531013280266,-0.1574169654387555,0.004068557245189499,-0.2197384532542886,-0.3611396779624701,-0.1103837704298085,-0.09417240740042236,-0.48602756997551766,-0.13011341170276716,-0.10078901507578508,0.09141164021637757,0.5635838083394669,0.13591589956725686,-0.39172363783310415,-0.4830500218850153,0.33468470462373645,0.10463975311045308,-0.16174476306572833,-0.011287890474186194,-0.6137560656966893,-0.42474047276692956,-0.007815081895507489,0.28093707206705854
2025-10-06,0.494136037131216,0.5075430829088128,-0.22763189336139944,0.019931990856878964,-0.06150132045052642,-0.3098205171051924,0.08824042342983067,-0.005198135860436475,-0.6818462767220691,-0.12440884918931983,-0.24806968018634798,0.15381537694160594,0.46743530276338124,0.10128622486406355,-0.47197171226635687,-0.4202286376371592,0.02661526435818119,0.1153351192466779,0.00942561813079974,-0.06750888901012807,-0.5633450197241954,-0.36519179465428264,-0.6069780238894699,-0.16550906781782507
2025-10-07,0.48891713581657614,0.5218011214380112,-0.22767011301877535,0.022968565356890732,-0.1932468475703614,-0.3001923049040466,-0.002497351721147809,-0.008893814285349109,-0.7037719187597703,-0.18844216703413377,-0.24894206711085579,0.16883616251814357,0.5114224347233524,0.13454545045362826,-0.40119478288485644,-0.3877392987531729,0.020871828038575794,0.1215992510916629,-0.06771802016175134,-0.04392615255563747,-0.649625804546404,-0.37754232558902695,-0.5741272550583222,-0.33308053188367426
2025-10-08,0.38664636040300937,0.4729331194991541,-0.07880259107622162,0.04802126603891981,-0.21986101435071767,-0.35569947426996196,0.04744189708382491,0.02106273738110497,-0.7255004852655388,-0.2455045947194037,-0.10921590859205219,0.21465196384292212,0.38243016545961084,0.0853995899192023,-0.2802212137322376,-0.38148946676914974,0.3022388469851208,0.17158131786613448,-0.14011209823397297,-0.022648839208839876,-0.3391598434843303,-0.33866581606470314,-0.4970906522559418,-0.27135877785877904
2025-10-09,0.41445697568397216,0.47571788641386886,-0.05060819577186993,0.07404180986029488,-0.10730211934157037,-0.2398768296861983,-0.15204989439617808,-0.00840593493320106,-0.7079354168351597,-0.23135828573052913,-0.1251625767158725,0.18212335144432998,0.3523182675164179,0.10209769745284389,-0.07885733207992,-0.3469852605355721,0.2551930565396192,0.11462926648463423,-0.0018318432178296223,0.06933355214129626,-0.4180504374090337,-0.3402499925975687,-0.4381430451174771,-0.24389921957806485
2025-10-10,0.3965203228742473,0.45563738725010544,-0.059462368853026366,0.034403783816029446,-0.08156657669332414,-0.2139393109344909,-0.11873965600688673,0.000399050708612879,-0.7290559080911708,-0.23744078034070262,-0.4991087921581042,0.1862156753161953,0.14060554828734373,0.10874956119590255,-0.1838630958754217,-0.38379586378858127,0.2628214740534208,0.11043715285716926,0.47901661111933835,0.16671652168052656,-0.023972361415925573,-0.3394645290108206,-0.476403323687269,-0.23251043577655003
2025-10-13,0.44311697153365215,0.48603081847695717,-0.03772695660994937,0.015614325497815412,-0.037808914447821626,-0.17278599227788088,-0.05568550668585158,0.045033891192558954,-0.7466926292590069,-0.45839135859487484,-0.39413067512188077,0.15072850722108277,0.14097820084739734,0.061954092481251055,-0.11065084676265899,-0.34103554090881866,0.3267636811249586,0.2080304927266367,0.5386673964317554,0.1779610361313326,0.030834270503313957,-0.32910221128568384,-0.45521151945430227,-0.29533282785854637
2025-10-14,0.40243409057970586,0.4311719308041878,-0.013796245235756743,-0.04399016279763574,-0.14371764211859753,-0.06102425751603976,-0.04687099586964306,0.012759701732612162,-0.7202935540141734,-0.5281196712032671,-0.5114839281468836,0.05040738901422033,0.2065018102829218,0.08269362001839942,-0.007929531519691094,-0.3215526142597789,0.26971005130981146,0.19339153491897854,0.5476571493543153,0.12496640172029441,0.1871589359440748,-0.26586859895515313,-0.4250760506453905,-0.2715856370871884
2025-10-15,0.2988634160353303,0.4337273816663919,0.2171243236968099,-0.030304463715921548,-0.12457794081722887,-0.05963763262128766,-0.013120508897887266,0.019134753119445905,-0.6523728921196451,-0.6188494752917034,-0.17030466051750057,0.053878289326692114,-0.21355056408890347,0.007673972125759651,0.07676973859575562,-0.1945588725984828,0.3496264091197182,0.1908188872056765,0.55668364188575,0.12745503586494655,0.026550005446308828,-0.24608103195846917,-0.4110698437805389,-0.2581610687371028
2025-10-16,0.2896382669125429,0.37408545746316757,0.36229101204893155,0.033862846651685666,-0.15806969451060154,-0.09172076713821474,-0.03078405508611993,-0.041023638495722346,-0.5177558167544527,-0.6188121401989332,-0.16527209286999434,-0.05490252237558726,-0.3710377025418508,0.06625124271021969,0.10279440297050871,-0.1775250031524421,0.2699156934628307,0.2445415454039737,0.6211101581890291,0.13355721670143705,0.012102926656747635,-0.29397072461159657,-0.4050405286484423,-0.18777434769762494
2025-10-17,0.06550095023412596,0.3574812003560251,0.41093605694704377,0.06802178587811218,0.09743171387635104,-0.07027628304883239,-0.0018513037746488705,-0.020946405456455108,-0.523990008898282,-0.4910826392334337,-0.11627674983816172,-0.09202622328518804,-0.37177528125922094,0.12592495251942173,0.08348366438921047,-0.16702528824181695,0.10271267200706476,0.21014687240467225,0.40021432670708246,0.11755815513893456,-0.006624536459987656,-0.28285005051478374,-0.35038615470282264,-0.23544149152280675
2025-10-20,0.07110067858523415,0.3119713487844453,0.525459385077293,0.09048258361912472,0.0851254287950496,-0.023537519853983977,-0.22447489958951794,-0.03934339618888406,-0.49028713233794885,-0.569697169274667,-0.13459807715570535,-0.18369295618568812,-0.22873288669194256,0.08402073792093713,0.1107614636710203,-0.16470169861148504,0.20707940673705197,0.1983059075356955,0.46564504016724295,0.2029881786700209,0.0074107003671563055,-0.23231771145615418,0.5357797912458602,-0.21435227405694765
2025-10-21,0.15498346176904162,0.34800282388202985,0.5545300224745062,0.22864865513583604,-0.03395050405970205,-0.10933302620912914,-0.09596665355268641,-0.003931829932628906,-0.04310827651874472,-0.25901836935336975,-0.17679763394284645,-0.2191758027632593,-0.3423876485822039,-0.09287569082098301,0.05432880536562882,-0.17485355075356607,0.32030527984045315,0.1505703453709287,0.5946133131458133,0.19677331991883604,0.241529362525617,-0.1994914629439202,0.4587317749032531,-0.17144320094454135
2025-10-22,0.26543382542963456,0.34987612634832127,0.5138195406967849,0.2296680942490339,0.025081215924789162,-0.11667439766625955,-0.15476617748230811,0.0027988513523764503,0.08760388139191735,-0.19724956059747625,-0.3310447896710104,-0.23519931623818197,-0.35909363741721534,-0.13851745402976873,0.08887892053928953,-0.05252227242430092,0.18441326447995404,0.25277027032560057,0.6413541499609033,0.17707368497865594,0.23011217477988893,0.005359246900704871,0.41242101237255296,-0.19005056328472966
2025-10-23,0.28925876917984017,0.33053869565020216,0.6475335512918942,0.2534094259637097,-0.30394297514612656,-0.16656568725852122,0.21802107326266498,-0.06416275858721088,0.1856981234720491,-0.15581223818051063,-0.3467822516374952,-0.24213229915465595,-0.40277102833455847,-0.15439203775830795,0.033419508885705315,-0.008949240131515102,0.1749439334386538,0.18915267523521737,0.5344859801209092,0.17751358254522867,0.40100607108019676,0.03387038872300305,0.5283803463685859,-0.0828150092550479
2025-10-24,0.2446273522865691,0.2917095507220726,0.6155977743819744,0.2323622278360541,-0.22405662004830992,-0.12608699802853862,0.3444436629536114,-0.02444173113608442,0.182155257158538,-0.166807456235082,-0.28943979850357465,-0.3116050285088507,-0.3993977492307345,-0.1762099622219891,0.3653541059558694,0.06577844434887772,-0.03100107483091595,0.13639397801972783,0.4417665010267959,0.42910543862501577,0.25750107690248697,0.10815293555155892,0.4398598956058286,-0.14503006835506418
2025-10-27,0.13350163926453487,0.3031680989844988,0.7836242261486269,0.2668092274647216,-0.49426476367872213,-0.1361675012484168,0.18012871626960963,-0.026042848803569885,0.28631892465985564,-0.1067601643160148,-0.3307605741584472,-0.3496214585978311,-0.41566648813160917,-0.21682355180907334,0.3642649079580235,0.05674271986342023,0.10288102251385106,0.17524343347709095,0.16253261426033522,0.32054177117981936,0.2230363951606654,0.09721378837105733,0.16447272130335333,-0.167966179258502
2025-10-28,0.20826050067714547,0.2640519330131933,0.7493226029738678,0.29056973524252944,-0.6533391077079016,-0.28056367641462926,0.2856830651898153,0.03315979625265639,0.5526747073356696,-0.07332318604448003,-0.32049379862256977,-0.3404477593659194,-0.44834470861726444,-0.2249904693619684,0.40383440532466475,0.07213776831678369,0.09672349748644209,0.17603875537391087,-0.08965912001711991,0.21959413227869584,0.3040484681140982,0.224066128152434,0.14775657250665727,-0.17222331737002503
2025-10-29,0.17632870924597704,0.16097281491594406,0.7751179348642764,0.4464451961193491,-0.5151330627243116,-0.23134398207738793,0.13413703794571594,-0.023223345693903906,0.5297548680806835,0.004098590954376414,-0.4834292739030683,-0.2925182651450855,-0.47098730841413494,-0.31101296964399816,-0.10881333857614156,0.07887972975619541,0.07912995938383623,0.20660632011245084,-0.3129488777704415,0.20196873076035235,0.5923068367922091,0.25302593300295545,-0.05579811843130605,-0.19448946862804956
2025-10-30,0.17955894893994442,0.19627268857512992,0.6305417432248727,0.4571153379058495,-0.7086645396279997,-0.36573678665506626,0.1569828246162891,0.011081887939479212,0.5519887147883495,0.17192728665793405,-0.2599177904453422,-0.18791397622446052,-0.24791214596807323,-0.2658195957193007,0.4486076750069328,0.20533472583573653,0.054124914317094125,0.16558348814796012,-0.3028956578830385,0.23798242576832362,-0.31337677081858123,-0.19213247792474852,-0.06980227823841263,-0.20071502829451426
2025-10-31,0.21825296702897184,0.09221441323975856,0.6303699143292362,0.5092561654838044,-0.7061619067525252,-0.2936472317167357,0.16516263056690436,0.009488462744525158,0.5955395553998564,0.17264126740773222,-0.3387880515562379,-0.21612357297769952,-0.25046597279515476,-0.2680177811555885,0.5628997445471668,0.25885458338353995,0.2228572982667697,0.1773464318684654,-0.27754296306743603,0.12622468142881035,-0.21468609635884003,-0.13128356043914144,0.03606011521463309,-0.1504539156217792
2025-11-03,0.2838216494588461,0.15429439995611308,0.6069926507209364,0.5181153375642756,-0.7205183737899071,-0.35373439049154837,0.13661996198221432,-0.07881572737373578,0.6718837711455583,0.21695323120256316,-0.10399567879886376,-0.1073930085854396,-0.22832791145592612,-0.20788271791409627,0.4212481493421876,0.21314756260178383,0.03950189715586124,0.11596460370401616,-0.12936812939411968,0.1845335274893463,-0.2116636081576357,-0.1492955546693142,0.15132022440707238,0.22659343501948007
2025-11-04,0.18120824073732386,0.15947195514258775,0.4244504858937137,0.5133378313789637,-0.7497735696757167,-0.34439671579922554,0.10952169494094152,-0.055781693596063664,0.8010212199886706,0.225173536290565,-0.03847341076671087,-0.10247079965577263,-0.055640966833670515,-0.21927138670372884,0.32816130820773737,0.1719614339063792,0.0604397748656013,0.15977491911897354,-0.3054190562716968,0.19185838732436447,-0.2387998632110766,-0.12206498818129798,0.13296741944690596,0.2051666917992484
2025-11-05,-0.012787782636498289,0.1668963199676303,0.5737097225388873,0.5405667053112068,-0.6988079983317064,-0.33560416528295434,0.0033991065027508234,-0.1376858812142232,0.581336096814436,0.25072383163197726,0.18526129463840588,-0.0780250807631683,-0.17504432933223232,-0.29574735800288693,0.49995422532390266,0.3142965660770344,-0.0605149937153622,0.027641138229649784,-0.3861881227089144,0.1918977392183955,-0.10326403333971376,-0.07686082769968537,0.17875393261491407,0.25554410707179054
2025-11-06,0.05074720576240937,0.1599412997343083,0.580386916930726,0.58740575380417,-0.7332107829791824,-0.5028296807498325,-0.03622287893199853,-0.002448922519723756,0.39638363958544476,0.2223125542457676,0.16047069330444644,-0.05818153578030952,-0.2084506038338217,-0.3095362746362427,0.37482787351951213,0.2334832145904778,-0.00010800703745165667,0.08792022630701057,-0.33548036528352787,0.08076217689931815,-0.08570131240018408,-0.0311654363714178,-0.05260173238341493,0.20173548266229596
2025-11-07,0.04732545306061277,0.1405751168050416,0.6610055931749252,0.5928597192310053,-0.7117169045945115,-0.4721017871554179,0.00376575113987487,0.09206349763879985,0.40863405954408705,0.21352711823570547,0.15900950602913347,-0.024299575388934982,-0.06637363542137735,-0.27299126973369375,0.3695259259601253,0.37760990361834856,0.17930730140600246,0.10216024721819514,-0.4912319721291835,-0.06947744862894124,-0.02526784710433068,-0.05444134540337117,-0.0013358136875944767,0.16009479698083334
2025-11-10,0.16870664049805834,0.10815348397724123,0.4954685609343412,0.5859592960673512,-0.7046565540745839,-0.6114959329158268,-0.10399691843552654,0.003917404310479765,0.1000752350757621,0.17000861294193684,0.11771004599929098,-0.040361930427475504,0.0920749351340007,-0.20329316339645884,0.32289029540956465,0.3722379880239132,0.05087992423744163,0.08324970402894959,-0.3139721088450828,-0.05979982215434484,-0.022090484765323493,-0.03480943838516189,0.2612437404116268,0.19699300632340175
2025-11-11,-0.46763889911832923,-0.06336727113823387,0.14691840878935183,0.3399428677784679,-0.26425363949350483,-0.4506958399341172,-0.3083322687986117,-0.10909345611116612,0.30488298888224635,0.4269542540444321,0.08019067428198932,-0.05885784894842763,0.07568311892702377,-0.22048480726647945,0.3152296590589404,0.3772207392355172,0.14910158807634089,0.09046224913247143,-0.22539734468093736,-0.12678839165324382,-0.06705404935073735,-0.03546504345123658,0.2746283184765617,0.20905699664940325
2025-11-12,-0.47720505441246003,-0.06954889080210813,0.018453302882702517,0.3150509708008996,-0.2884549820439378,-0.43498546880050465,-0.2730671919126216,-0.15283467401020528,0.28016117040502914,0.4240385102870763,0.07784548074877187,-0.04145007939873877,-0.04297961370564406,-0.21365241632861548,0.3983668956724593,0.3371936598885044,0.141888529129704,0.08230956692489,-0.31708807206948836,-0.2706380671818168,-0.08909697546155433,-0.051096514852152324,0.5336698061104668,0.19614719764940353
2025-11-13,-0.44407923123263143,-0.08023834229167966,-0.08959888662623142,0.27507716201225235,0.029042979073426248,-0.3961215332760004,-0.3747608891341693,-0.14484727466629843,0.43345308255250736,0.45730578162668106,0.188706677346264,-0.03928117037553637,-0.1761949325780251,-0.2227350556611077,0.2661402458528805,0.32128671269528436,0.34423247808271484,0.15139889580357252,-0.3552588739855976,-0.24542077254661113,0.6525817490527787,-0.03252321291347392,0.7173124385531415,0.24735413706289622
2025-11-14,-0.42074733915835183,-0.054355387328032925,-0.11982794781023182,0.23764063863906115,-0.06994754366201839,-0.41547824803037464,-0.3028851783339774,-0.12242863545869061,0.43553077698495335,0.4587964924736569,0.2097442476084456,-0.04906976686475385,-0.10818735042512319,-0.21283044840398369,0.1499949437755238,0.30065482997390064,0.14656609667396966,0.15202966773678267,-0.35782826289643027,-0.23498349975652036,0.6431926990901933,-0.016193690773331233,0.5154661541342392,0.23514871996849152
2025-11-17,-0.5574223354266418,-0.061384339935136326,-0.17506646570538095,0.2037631780127892,-0.09596513527851172,-0.4159289550043276,-0.24798946487231788,-0.09038387480280816,0.28756924611702206,0.47364885295353204,0.02611826119074285,-0.05129178911694366,-0.2864053325750716,-0.2460226531423693,0.2156713711281871,0.28282803601939377,0.17382612672235118,0.10135625366168058,-0.44232196276135555,-0.27508066851309204,0.5105661541713228,-0.01772436777778744,0.4106560730016755,0.22803114270917307
2025-11-18,-0.5199983761318904,-0.24083737609508254,-0.26569264340347054,-0.06065250035554725,-0.19317934304869644,-0.41358328550750095,-0.08884422717847179,-0.0636029851905974,0.4772469582655521,0.5562108090664492,-0.02100318742387853,-0.026986741514477563,-0.2580028532276248,-0.15798115410410163,0.2884781678333762,0.3033875601569496,0.1495376362498151,0.10996190113491187,-0.36111043562293405,-0.33871166333035835,0.4704701475555478,-0.04810314102897492,0.1909778790320111,0.16106960430530814
2025-11-19,-0.5331962357554549,-0.257008594414333,-0.46572930576457544,-0.07938752503327211,0.07086485600317524,-0.391796331699602,0.10035847566268925,-0.06915189151412361,0.4400474433613155,0.48685048131829217,-0.27999810843771233,0.019923071862927993,-0.25458213615288455,-0.13769501100544085,-0.00437584306710774,0.3474146624929485,0.38201906181721634,0.12688230706411158,-0.3636906759921193,-0.3573765169976436,0.48735795816355454,0.03573740620916559,-0.06263788185009103,0.16485213330950763
2025-11-20,-0.3890749900358762,-0.22586302968308397,-0.531948416468184,-0.14908055487974142,0.23572900717869502,-0.30284734320193674,-0.05990871803337576,-0.10971602003623854,0.44980321318733396,0.42492083321868257,-0.4428459678391477,0.031468527844269664,-0.20643293211083624,-0.15187051902097315,0.30942605204224927,0.324254353090148,0.3371499314374621,0.17347029946005252,-0.3295313898507781,-0.3536233373016516,0.432214095239437,0.04919560210359394,0.08948380080960161,0.09609008256061329
2025-11-21,-0.6127165076869543,-0.40473788132754385,-0.11585115393583674,0.09093747850608429,0.5171883072570305,-0.07403648989615642,-0.0912622146464966,-0.08451174829266453,-0.08356874258970866,0.05557873300293056,-0.3509591914547177,-0.026075119264084762,-0.21115860687262814,-0.06364714632724214,0.3061981632488748,0.3119642491553682,0.4034908813442498,0.18824810555017654,-0.46325120498274125,-0.390686574368938,0.395886773043678,0.12642957895465887,0.080837376316686,0.09939841485383731
2025-11-24,-0.5745501599126311,-0.43112593619807393,-0.13140619489767488,0.06885297429101818,0.5065598878902204,-0.082239772401648,-0.05763675004861586,-0.07067649011606873,-0.07807833971179791,-0.04207967733887601,-0.3381779963425833,-0.029590848272772183,-0.40593842120504386,-0.05112249006457143,0.3878519790127243,0.31847952528962126,0.47887923515957753,0.16039240244050776,-0.6161725202484711,-0.4172236062716233,0.501470150843948,0.12932263969861804,0.11968302057212568,0.18826240321801846
2025-11-25,-0.5143190482807841,-0.4620782509162829,0.05016429294958182,0.07983633441290527,0.3557777044470856,0.07568169223090938,0.10748760698301295,-0.09510299836622242,-0.14450536493350538,-0.024587822342878055,-0.20132863472967694,-0.011833570288538552,-0.2955924861295288,-0.03545576967062227,0.5771781830841491,0.31590394929440274,0.5278006370237992,0.235211295782428,-0.5120538410111338,-0.3890129833844198,0.3375123334577415,0.09366242545049228,0.20176825986098906,0.23468159825993326
2025-11-26,-0.5207978407348887,-0.4846335343325419,0.0020372557592944424,0.010094931554513404,0.5785410628762875,0.1971526650624052,0.016870351238062114,-0.11105254599618884,-0.11915336745139914,-0.010733980066236052,-0.18381829238443256,0.0018524675716164415,-0.177601568592903,-0.03470307286721578,0.5533615313793945,0.3427286678379658,0.46731890556762906,0.2142939777153914,-0.3707438005082797,-0.3440434931485721,0.2809442791929452,0.053588583751078965,0.05721088676417948,0.3380714383798263
2025-11-27,-0.33254392944877814,-0.34611060895830775,-0.0016621067955445157,-0.03891837365715083,0.3910534056824129,0.2737013692319343,0.0488396382267063,-0.1315303546052355,-0.279350563021819,-0.01969795588577512,-0.32062297530168915,0.05983603248344762,-0.45342695546942524,-0.13678364310527916,0.523286766126142,0.25873791313578887,0.39250880106469654,0.23836711917779363,-0.43504834362079053,-0.3725688685635235,0.2971461102952416,0.3909583304119543,0.044423601482390024,0.39832389408369895
2025-11-28,-0.4641236872681626,-0.4007744383095988,-0.16724649042898238,-0.1308401942186454,0.3862735717986179,0.25888029318521,0.004786346591796316,-0.1305374288672805,-0.05989494021422315,0.12031524944977089,0.14634013582263974,0.206293066380835,0.17053636903488018,0.06031977342685535,0.4479913417822054,0.246004040094239,0.25078252561801956,0.10000651300696821,-0.480610370801235,-0.4106154209593536,0.20113069822550464,0.3684368766177226,0.08580932120965126,0.3178174916610831
2025-12-01,-0.4908038044213074,-0.4704807207747902,-0.0033763282910316984,-0.07356908393390404,0.5331456191210994,0.28425095632083747,-0.06760719707994069,-0.1431031822451895,-0.1641339058419804,-0.013406705447339183,-0.0679809986150914,0.03542995987855996,0.3356638702165471,0.03493231328517971,0.4930205753395855,0.3403768669724162,0.1243244270605992,0.1359534326202949,-0.5173636627750311,-0.46430896361194285,0.28520432326160744,0.39215044383078124,0.2113864520686992,0.2855088494354556
2025-12-02,-0.4928231902070828,-0.5031167813800161,0.11944141104798463,-0.021225220179970045,0.5833296162257998,0.3107527387364916,-0.38204993381984265,-0.2052320748070715,-0.3466542530468988,-0.04579891417872596,-0.028405318518116566,0.006143575291946236,0.4371194377998677,0.06794558403747962,0.5594765740040324,0.3953152795280438,-0.15325446197102138,0.0018316664473451883,-0.28792449420738003,-0.3418368030286422,0.346803861763886,0.4007436894386244,0.6636569401582477,0.33990669765033726
2025-12-03,-0.48904574238264553,-0.4973696968543799,0.15877638641998976,-0.08431100901892749,0.506121151989134,0.35817404014910187,-0.4099765370661892,-0.12983983328042065,-0.44243850853508787,-0.02685380357970682,-0.012058711421200493,-0.11810874021606546,0.6769033982006409,0.25900131022109923,0.6170262570153731,0.20919286752363625,-0.01463062856833131,0.14966708125680783,-0.3202281085385423,-0.35122439339009365,0.12252444334881173,0.2179099819343381,0.4059381608190528,0.1425955261864687
2025-12-04,-0.5415535164455285,-0.48929483255127815,0.34758773737712567,-0.1314637888840302,0.5390845418700253,0.39656909076541147,-0.12433099927609773,-0.11841538370199332,-0.46083874029682803,-0.007294796347157879,-0.032314842661936384,-0.17746515554342987,0.743610700073406,0.23368736158729939,0.33694350548750585,0.2791030358789969,0.28824370618087886,0.22674965693057836,-0.2752147244948431,-0.33898077491728656,0.16026708955200597,0.21796922043987452,0.019771546620434458,0.09739234698425861
2025-12-05,-0.0484619205307408,-0.4906891045461609,-0.01725585513118954,-0.13870659221800696,0.2651757849502292,0.4208472525214817,-0.04098611525475823,-0.11609634378580122,-0.030259480698378877,-0.005986119992201884,0.08546878458799469,-0.1720871843002056,0.79913757428302,0.23419850935861392,0.25176877596638797,0.25508265648031697,0.3042973221106292,0.3016569610663691,-0.24754515495057067,-0.3416742478335295,0.12145347140315188,0.23817690681762332,0.19114859065301337,0.15986994326568937
2025-12-08,-0.012668799495144564,-0.5007066564449939,0.06907500726312242,-0.11914529658277488,0.27289122197552207,0.4382420995497583,0.18613224248394056,-0.012823273417176092,-0.022586018343675438,0.019698640919974635,0.19506080697706804,-0.13726210704731606,0.7392962984574283,0.1803084848763397,0.24371649242242707,0.2745262819780609,0.14279320784358576,0.24923558326137235,0.04928026404332962,-0.3368646207801809,0.1033898294097891,0.2623346081098247,0.43640219527368296,0.3402546092024526
2025-12-09,0.06426350173563494,-0.5040191355160403,-0.07319773370276042,-0.1400327735335672,0.1312329676437541,0.3995970052675359,0.07473804808575277,0.051875241785548976,0.5485279794436763,0.21035540162684965,0.2797909805272362,-0.05999214860024042,0.6432450821315222,0.24463316739573837,0.2592060565513599,0.3061299394387601,0.1373132842731864,0.24361231945074266,-0.0008599340101251195,-0.2928387255117945,0.06127080812056531,0.20429740614468633,0.42929313615909065,0.3312385205913829
2025-12-10,-0.13654170375299463,-0.4988231023460196,-0.09485226375710878,-0.10009441868786675,-0.04545492860618882,0.40377995679027007,0.13804042871238736,0.12662068463034545,0.5669409931963926,0.19783603461506805,0.21655684303613318,-0.05450234473940887,0.6087053474199595,0.2912647067344811,0.2300021460875062,0.27596230856383425,0.1282089999949601,0.20590537877666473,-0.12159083519431418,-0.277817870433958,0.0894093064434566,0.18565252216694242,0.5010568586522294,0.2959448946725853
2025-12-11,0.014523403613488804,-0.31086630765053996,0.12477617014656875,-0.026135978032430993,0.07962655918300526,0.3032399549624862,0.21807534080652213,0.24667862332229146,0.5286095121065707,0.13062576067473355,-0.038834715617653254,-0.1477620306579124,0.5773976119346224,0.25734385335094123,0.12290903271580193,0.20639458435121155,0.12660619601588224,0.19048122788685662,-0.03441261873577211,-0.2512471231042382,0.22697881968759367,0.2250304965885589,0.4352669102272093,0.2807228925244108
2025-12-12,0.013755589482557397,-0.3299670093244927,-0.06979943516080249,-0.012798738617040875,0.17502772323314267,0.2752711266541098,0.1752347187716759,0.24645316120018274,0.27531838960409216,0.058564721611592326,-0.14917523586225856,-0.05706482251487261,-0.0930548359334594,0.05596436785113063,0.060813970054122576,0.22620121735416618,0.21284232751252347,0.2124477413134342,-0.000700606741911957,-0.27966459279983136,0.4584447668776802,0.33712733850677956,0.39213013239077543,0.260016796145515
2025-12-15,-0.012375002263223828,-0.3105797939629392,-0.19685958572722673,-0.013607704134131766,0.16195409719261378,0.3627830494866194,0.33983800119101204,0.22080850684132478,0.34588222557597487,0.0411726485623542,-0.07945355602709019,-0.0736982667309427,-0.39513111111000065,0.04030202971566092,-0.11480896225107347,0.22095118221749568,0.3538358824222522,0.20541396897195371,0.21011995027585956,-0.24154151752500327,0.4084757689080609,0.33764290598974567,0.3654073530945623,0.30257832597565903
2025-12-16,-0.02060153236501929,-0.30302184366686663,-0.22898517003623833,-0.00240864930234962,0.012477129972274424,0.34774406819332937,0.5375346737652742,0.21232559409794102,0.33598080834344035,-0.04114665235912684,0.17966275732048356,0.06329603798965408,-0.5051094004051414,0.03519231677787476,-0.05761328095708598,0.2797636411818381,0.5701826132250598,0.19220966479734716,-0.23130062652327896,-0.2661628550790004,0.4801704569355002,0.4070719298199794,0.2533421920542485,0.35049906218382204
2025-12-17,0.0988824349790562,-0.26561818950940336,-0.24092677154200212,0.04005248342879423,-0.30558022819778113,0.2262393244188854,0.5284589526318328,0.21669409337559478,0.3141983659988086,-0.07226280804021094,0.12665107831704142,0.05597774046992751,-0.49505771306569224,0.13016522340167277,-0.10545278526551866,0.16376379518160822,0.5016543961081458,0.20536569821753708,-0.16948437743769137,-0.2686798798520379,0.6667334880871816,0.35067496228736167,0.42945631202060963,0.34556081287844437
2025-12-18,0.21155180526621317,-0.2492711433267062,0.11891961353703236,0.25722675977594694,-0.41091621341865336,0.18172587186237865,0.6552530204262014,0.27240496240111656,0.3982184403287052,0.03458838625618088,0.06058016534533711,0.013302374192014056,-0.5265657913880775,-0.0047671705597320015,-0.10766689337424735,0.049087844314586876,0.2503256653237307,0.2695895073352206,-0.2944386201050841,-0.2807781790744837,0.6722081018524859,0.3427826353390907,0.3832774468471833,0.334272104161628
2025-12-19,0.2286176235656104,0.10762472183505042,0.10451892887903355,0.06526690826426576,-0.4402737916637596,-0.07521451302948225,0.6623235717694904,0.3010299046750655,0.4034316220806416,0.30837935840577674,0.013633997288708278,0.0023014260903942876,-0.46737010067136814,-0.035371817670761654,-0.15707504129640346,0.047144726078710855,0.3049486319603451,0.29403017772776013,-0.37879603656296396,-0.30988605004818187,0.5924676543588185,0.3199108410563716,0.5077022681680734,0.3751774157195292
2025-12-22,0.2033892206395602,0.07544277430902119,0.022048456262337292,0.004238964570677697,-0.6468953404934323,-0.2528593481364787,0.4967949154945146,0.2664484511308639,0.4197296834033227,0.357999398587269,0.06302516959852988,0.032793242483371635,-0.37355610356959257,-3.7349956373481376e-05,-0.10797013163282358,0.042283055749248365,0.6548438751132144,0.30830387923223446,-0.12191431840633851,-0.03649165440017128,0.695934035002917,0.40534481734413536,0.26201562542091295,0.36025614576754483
2025-12-23,0.42817674516945203,0.0989463528380823,0.20731444706946747,-0.0505439768634018,-0.5430987477192627,-0.29935839573515505,0.4792562874913879,0.20930729012225388,-0.02016148064201229,0.3913005203136726,0.18140378795184592,0.05774327485849793,-0.3709056015914621,0.023243436426493118,0.057688049495454724,0.12071450380459675,0.6936479995712113,0.32646874751596244,-0.12405042705066592,-0.08233683386743129,0.5284639888034101,0.2948346341203277,0.2631097616637492,0.3652865643433295
2025-12-24,0.44433301137498776,0.06486793918181395,0.209804935026698,-0.02672703767914775,-0.3801674095882809,-0.2483959636003204,0.4547652211969252,0.26085742705978804,-0.0054012330005705714,0.39798385745881837,0.18882925894481561,0.06875452273926348,-0.39276907067235084,0.013188652462360215,0.08062679927726028,0.12296096485046275,0.7116192358292983,0.3244293502403682,-0.09720399024312983,-0.10701849020806391,0.4060203236233798,0.27282372841337765,0.26923837520681726,0.40610731774279846
2025-12-25,0.10857206078336529,-0.06814110051214621,0.3086942556409346,0.029647001938378763,-0.25468024734512223,-0.22090879533103092,-0.0371192651202687,0.1387492862080426,-0.11736446107401831,0.3014136566843916,0.4720127326679937,0.15474477331316477,-0.5773688157887273,-0.09421275160241639,-0.05612151956106382,0.03410748831676575,0.7876148403488524,0.3918670168246559,0.021947165452767106,0.00020961106141208563,0.37216469707001987,0.2908293867719217,0.5209038595623375,0.4434244887078061
2025-12-26,0.19561804544939726,-0.058773634120980224,0.2636967480251351,0.023839424658047535,-0.20344217531062306,-0.20911286940884455,-0.0839790354195694,0.13537150401373702,0.047064538082936376,0.20598036165743386,0.3640632080329422,0.0432280313558873,-0.5248113340826717,-0.3375398551047687,0.03200767070803353,0.0560191635788025,0.7452780897126517,0.4054682439902026,0.11229486441477399,0.08131065725355593,0.2506864904668546,0.26916814163329317,0.7282245790104447,0.439449909945497
2025-12-29,0.3830002544363263,0.06559394116879848,0.33774110163311444,0.03221587541735105,-0.08148835174067594,-0.11617159748132339,0.03179798261003179,0.21298775128213243,0.12305321359395613,0.27518501787188193,0.1622238945958253,0.030710074267438457,-0.541924506719519,-0.47583356593644693,-0.010739091306052925,-0.04741208292804217,0.7445824218316411,0.4446155590012104,0.06449774236637901,0.08911673137506018,0.1328183370151249,0.16079391399014714,0.7474446036276727,0.44774933130589517
2025-12-30,0.4436011075063388,0.14049759782172547,0.407346448350033,0.12668217109784047,0.03168642866997736,-0.07016528108349038,0.04447951544396806,0.3391297878388504,0.32978542912509157,0.3189643116309609,0.017195344706212437,0.07566292849566157,-0.4142338976805159,-0.4500587623275726,-0.13988777195347502,-0.09965662339326437,0.7212427945281349,0.559571831973193,0.2056507510772932,0.032098096692113075,0.0885225829394635,0.14345665668912608,0.7157396432211452,0.3769835791168224
2025-12-31,0.017683243592918636,0.04488278460240133,0.3491578459237712,0.10292192998629773,0.08853214185532772,-0.10585586544737484,-0.057272360762182,0.29132609314997954,0.36658170029067094,0.3338973502097285,-0.11848416746925454,-0.02222207478026787,-0.4399459409340016,-0.45752988993319754,-0.06502518602055246,-0.09328913094175768,0.7424143496130116,0.5421857244709628,0.022916414819042823,-0.09782614125041622,-0.029442903421219923,0.21782938354411777,0.7417277034675234,0.5094174526709985
2026-01-01,-0.17365705052985086,0.017389306201130956,0.06336001336675001,0.1367574170021625,0.035030844184151234,-0.19983248953757046,0.023559813665518008,0.39598767328041423,0.28948307438199694,0.3371345769559923,-0.1502531650825179,-0.0590295531069859,-0.45988283840413335,-0.43908703622034967,-0.07742919248025462,-0.07100069589083734,0.7172524369410445,0.5016403057005059,-0.05082087639500066,-0.13550803632947536,-0.15992357869753313,0.11067061886241115,0.7315525462995747,0.5159816235118068
2026-01-02,-0.20288895815705685,0.003804840527436608,0.0661482530672948,0.1643356737711395,0.07461637010127353,-0.18878559559419883,0.28702549780745207,0.4659429093261091,0.27303449238896715,0.32861632338791463,-0.12045210208631199,-0.05305610044503071,-0.44795474245315775,-0.44932086298332025,-0.026532457093402868,-0.09050667119748038,0.6913536179234286,0.4695945284011892,0.00032239600048608965,-0.14502707704591722,-0.19900120930078588,0.11148778736911816,0.6060984625890973,0.5166094064274586
2026-01-05,0.08456641990116404,0.12941978386240932,0.28176222833408826,0.14296773763790938,0.3148613477764231,-0.21345689361867207,0.03356056654939464,0.3052788276479627,0.2808337755454294,0.2885721436442545,-0.36807242420085223,-0.20975932293967314,-0.6419973488990172,-0.44820735190042765,-0.07774956623922591,-0.07272607926423375,0.640192562604501,0.6210620539194073,-0.20709566044466687,-0.1585134291503923,-0.3459252767002782,0.14693376054571639,0.50300582528396,0.3374662382730362
2026-01-06,0.11753420742756637,0.2266426586170196,0.2995180273159988,0.25747129537048163,0.25246086445353244,-0.20592750257347403,-0.03888568541444399,0.2433810413573605,0.06862969043339627,0.026138506071462647,-0.35250680993127426,-0.17206531655554413,-0.659132775017422,-0.517893346025756,-0.038220321281287474,0.02075124182331816,0.32156038517461283,0.4656075545219106,-0.03106094621367674,-0.07535867139309142,-0.3210909740293279,0.12576354979767326,-0.14749713019164978,0.011898476808973088
2026-01-07,0.11481745483500252,0.23481302913842825,0.3190780169519021,0.2586822003948261,0.18098314807703564,-0.1904698828730015,0.01381608508246926,0.24885049126672598,0.06322385077464951,0.030812539023701978,-0.3278297653087761,-0.16874136730915015,-0.7190261359699766,-0.5543591463763157,0.00825149027216527,0.08067005091360537,0.1469710835135162,0.3442910074061674,0.07696686006996446,-0.0041371382211086265,-0.2937321168574976,0.08869650674244191,-0.06546179795542695,0.05442032966518743
2026-01-08,0.19693403583898156,0.16422570062008787,0.3051730202756997,0.30427747073638184,0.10206119066650045,-0.10370666980707306,-0.06996173153223474,-0.05961558897286435,0.11733443072296693,0.05091613723871833,-0.5228131779255347,-0.14447219770579584,-0.6899453468813215,-0.5495924529532688,0.38144494502260506,0.11034995023227842,-0.1747901440615733,0.34663243842232444,-0.22089774122281508,-0.037531728396893324,-0.4741014936883178,0.07335074698508809,-0.3119032372411795,0.04749095262543001
2026-01-09,0.16722271070999925,0.16621660290265364,0.2611797040764502,0.25065156471050776,-0.027557152494113144,-0.1256949056662745,-0.1004510856415383,-0.10879669295914841,0.15881081103104722,0.12853313929343693,-0.46460574170767655,-0.14790677731205834,-0.5187436782981293,-0.42325468661619436,-0.008495425462425227,-0.036593127249417524,0.02769022026880119,0.35457469690057153,-0.3678173337896306,-0.07261191528184598,-0.18925090766020614,0.11077478519715597,-0.3979684538831034,0.009976400569423031
2026-01-12,-0.06033546336914476,0.09685569795907518,0.17552137956518318,0.2477182509765318,-0.0751709719120231,-0.06444082566894312,-0.5512755422238368,-0.22139300544571364,0.12497061270662264,0.137765903868797,-0.43417653592236904,-0.11777496011586526,-0.5100226611365095,-0.4225067893645677,-0.00212748185889348,-0.03255321470781451,-0.13779478459652741,0.22612000289670992,-0.41478553999082696,-0.10956368759859382,-0.15970502439177126,0.08213458267148986,-0.45951490386429694,-0.10695267449591589
2026-01-13,-0.2865928337069209,-0.06119229878634807,0.13233192443239136,0.27587234282284673,-0.34130490268798763,-0.1369051255512754,-0.5234667007126967,-0.2110823901133726,-0.0009558133572498803,0.10558471250699403,-0.5344272337132409,-0.30164796843865993,-0.24156581147279024,-0.3344390996600147,-0.0371223470652784,-0.11360714104879557,-0.08983586167641484,0.25052013070196266,-0.4442778006078323,-0.05378287314846112,-0.16244492164404356,-0.01315773177014676,-0.4361093279463662,-0.10519582656707265
2026-01-14,-0.12809339473103845,-0.08560538340223402,0.2036391492630095,0.26801702411955847,-0.21998020911733565,-0.10460116732661855,-0.552632312360232,-0.19918603417154834,0.043946841342544514,0.1759026209644489,-0.43727398323375194,-0.2925342937891273,-0.3239579051884933,-0.36682978610510253,-0.2047747425816599,-0.08332698766231632,-0.36788304034348585,0.25287263823539224,-0.25060099453049656,-0.04626352742118014,0.24457210671575588,-0.015616701052965433,-0.4598335554037992,-0.09049665852005345
2026-01-15,-0.13539008133424288,-0.16063685956129642,0.2535380235233852,0.15176100504606294,0.0019275010698994225,0.0057295284483473066,-0.3173005283009654,-0.08400741111698914,0.02868791154333345,0.13159482518514426,-0.43221990600856314,-0.300013388610584,-0.31260639317195543,-0.3949703092141844,-0.17175556887763635,-0.09071259089918794,-0.3734999399394206,0.15125971773107943,-0.23150259072705542,-0.015351847682162224,0.28042171229031104,-0.004923192728271644,-0.42000816698783355,-0.09684259471001919
2026-01-16,-0.12403048780366893,-0.1553319127741857,0.2605516538054957,0.16545712662993436,-0.051160320607608736,-0.0004209681501764045,-0.35389984041825295,-0.05483502567439918,0.04972247700291299,0.13734327447303127,-0.5177609543131585,-0.3037308862661354,-0.35734597921407474,-0.40215411932661865,-0.23370520997119446,-0.06894176390105325,-0.24830558243888437,0.10515901271289259,-0.3053700402151547,0.028546541013640944,0.48184286121769987,-7.915464708288027e-05,-0.4789875882434569,-0.2503630600663771
2026-01-19,-0.49869182003490903,-0.13496129740756263,0.25158702995537585,0.22715501167384614,-0.02366223210141526,0.06606390197963191,-0.1727287945307494,-0.02251259174794121,0.03404047226853299,0.13874112845989942,-0.4117745652764376,-0.3023983849567725,-0.3045558061356552,-0.48527243228936334,-0.09359244442846813,-0.061673467032077954,-0.35762760049711934,-0.006613829171446943,-0.3644504198495637,-0.10925431902722985,0.23385169779476084,-0.14905822643114305,-0.6075088127626738,-0.28278657095748494
2026-01-20,-0.45802091255488975,-0.11052751431397487,0.21446448817630456,0.25352640996603143,-0.023000751284047268,0.027172408295193913,-0.008090215575499403,-0.01717335226222272,0.2539405598293259,0.13238436059712694,-0.4296616015629374,-0.30438867665993896,-0.44708811917833985,-0.5177437885310086,-0.06926117371724094,-0.05114713435772179,-0.37450184730215924,0.00028866177190029683,-0.42091518150527113,-0.09285939980783774,0.2241996483225557,-0.14337482910317015,-0.534792186439874,-0.3189823937414602
2026-01-21,-0.4689690324069164,-0.09296535492374604,0.11451296419868205,0.2618668562539126,-0.009175091011317612,0.019910276242290782,-0.10787735290437264,-0.024917489980160544,0.2507958282737597,0.14394078936152357,-0.4782838490328983,-0.358165479556838,-0.33143789901920295,-0.5205139286915142,-0.2551151278590486,-0.1347070784635264,-0.3036505067330403,-0.020155117425496312,-0.3147500116879701,-0.01760274693409378,-0.09446271435095371,-0.1773573341125107,-0.6196017683034294,-0.30024955583293794
2026-01-22,-0.47757116608304195,-0.087544659633292,-0.2281751905821137,0.11297609807873628,-0.2522179036047414,-0.18892135060638166,-0.12334248941680537,-0.07336606917404356,0.2878612870708679,0.1798783891138182,-0.4889892605820036,-0.4752547206353967,-0.11819936456386171,-0.40006877911697764,-0.2970598789340382,0.006682664996705873,-0.3328821252991685,-0.2480650933834409,-0.21328577875782534,-0.20477443041633372,0.017161815698164943,-0.11110059786095303,-0.6274691608830204,-0.4418845923587647
2026-01-23,-0.4625545662294869,-0.08391439781474715,-0.1757068698158563,0.10806706149594866,-0.10236267212197805,-0.18538123427122946,-0.06217769169457489,-0.07545206101785427,0.29736687494506453,0.20909551462872716,-0.33988023330633516,-0.38412486263840817,-0.1332379099893537,-0.3233347510603092,-0.3382877822627708,-0.1503303215019752,-0.709700796482486,-0.31682941344677273,0.358388066249104,-0.09204178592056086,-0.20884816336847936,-0.15999344143292266,-0.31646720988463156,-0.3546873124508318
2026-01-26,-0.27995744935601974,-0.17623160490799022,-0.28815991595339296,0.03409379891468085,-0.31480438375250025,-0.2928857965004587,0.20067622888363965,-0.2504242524907866,0.11424433462958802,0.10374025142641177,-0.30289070193101675,-0.3348999768292167,-0.1870255947022513,-0.3427920361564496,-0.20604693026359508,-0.09530942286696105,-0.6412132074665977,-0.31626427748216174,0.5061615779947685,-0.10114944046508349,-0.2341824687494848,-0.16879156915004725,-0.03355736238376757,-0.36256625883386473
2026-01-27,-0.21619586315638484,-0.20762825405674148,-0.253205843350984,0.009599406911502503,-0.3391966344116206,-0.3477562042389857,0.38663779820454686,-0.12863457875384893,0.1270315672707115,0.07186768824474064,0.13015653738530863,-0.2650308105603154,-0.24756080397924352,-0.2899290536258613,-0.4435714227056694,-0.2018679317699507,-0.6082375458335592,-0.30277809092790625,0.6305198224243603,-0.13490778744629742,-0.04777073653705475,-0.07282406503594342,-0.2767052608326774,-0.43954627036612365
2026-01-28,-0.10939099124774565,-0.10618814127568943,-0.2064279416358841,0.045023098799562074,-0.4855308558333818,-0.3039317905238394,0.38448056332662206,-0.09796060218824783,0.004355617345483196,0.0354462402117226,0.27613548151988987,-0.09281148100367569,-0.16517813530110076,-0.2599905056327078,-0.39982529904650216,-0.1992200309372347,-0.6155675673214777,-0.42660278369279747,0.48485070117789814,0.031324223584411115,-0.2105074079834973,-0.05794499754056154,-0.38425647842258615,-0.4749157741629617
2026-01-29,-0.11572415184627984,-0.12905145203731766,-0.16784581201027532,0.04972851832291059,-0.34028386371391023,-0.17817762439716664,0.05003483303020088,-0.08198124488037437,0.006384751750533603,0.028671600467848675,0.27860795819343237,-0.0990025909593598,-0.1663665889706551,-0.24610496407633423,-0.4766220996975555,-0.19840935470497967,-0.5958300903913795,-0.4292844028201135,0.4083984922273832,0.021570412316315707,-0.20054168690965807,-0.014644552943587345,-0.3503474213098452,-0.47375137051387906
2026-01-30,-0.13374515463928147,-0.12771297331840742,-0.20326405007018608,0.046309618157287326,-0.2617474443743755,-0.1754488169383884,-0.034128457079102295,-0.12798797756973176,-0.017818944042172893,0.03212205997292421,0.2852241319137266,-0.1058127684826864,-0.17289805669084826,-0.2502464120835251,-0.49933502216349884,-0.2469931574784054,-0.7106973827088889,-0.49593014514134015,0.3933365191500509,0.038816672506146246,-0.2556140178435768,-0.026205134138922115,-0.4652995135465103,-0.5615790494608117
2026-02-02,-0.21857864975077645,-0.34503417494146815,-0.1974062103949998,0.043620076797306936,-0.13118086722711722,-0.09078996008964303,0.05441099221047519,0.0026029286351949886,-0.054406715947561614,-0.0032705036573249966,0.24038365395613312,-0.03222819698188947,-0.19175206030879952,-0.2449474302370534,-0.41797384974332613,-0.24203624036598484,-0.5843115158230127,-0.41926145366066153,0.3780285520441195,0.007045253198999672,-0.20625762633511108,-0.040475449449991596,-0.5164405992938674,-0.5985950141338587
2026-02-03,-0.23439947625130778,-0.34086407251091594,-0.2627138601959985,-0.029946233260199275,-0.10027564705736736,-0.06844980694881846,-0.004385076462325539,0.0021859681412819375,-0.014261367830009355,0.12515632321595022,0.042037959516729145,-0.18526692384464624,-0.07442615570268993,-0.2561323545411076,-0.36517349267492627,-0.15494509371263107,-0.5868270353868618,-0.45433527814293556,0.35593661547851035,-0.012904239062079974,-0.03901390761338756,0.05701222464661905,-0.4265094974693236,-0.4249002251580265
2026-02-04,-0.31113248095915463,-0.37330618726508574,-0.36265524301273444,-0.15303483258105108,-0.014152512418182954,-0.008494743582533094,-0.014436017061094084,-0.03546768429357776,0.1022112734592266,0.1592505575767048,0.11501619940033804,-0.17563358712659358,-0.09918612445074597,-0.1727636829708381,-0.2949442496184502,-0.23286643188968056,-0.4924452885243673,-0.38044598171335625,0.205235269128986,-0.02453409298926474,0.251211160429094,0.07604617962079063,-0.5404057066650391,-0.503533298197759
2026-02-05,-0.35920516098473015,-0.39780353158084997,-0.05346614605960402,-0.12101192326165874,0.5139934612589155,-0.00732475510339808,0.010517079645097975,-0.01003405511683412,0.1450649850633627,0.20772262427458238,0.16966261455055065,-0.12832563588756318,0.07350816283549005,-0.011173034443459011,-0.16620105898150464,-0.17814681974175772,-0.37670781757187694,-0.3971219755809806,0.21715433770386697,0.09612803127322417,0.0856237858805751,0.020867631082816498,-0.6473421248426342,-0.5204897703919286
2026-02-06,-0.3303875811055346,-0.3232385632514288,0.18314892616062584,0.08115166796041641,0.37260791691808337,-0.04094488381242206,-0.1506781543583674,-0.055613145680758744,0.12979578503380812,0.21594266486893,0.013089328192119082,-0.13640583620224564,0.07306996506495289,0.020763664449463943,-0.08140429114419183,-0.12512593457832066,-0.36065695643859425,-0.5636698977679281,0.1417582259193959,0.2529209707729334,0.20430429107974973,-0.1294860673697941,-0.7514951367625393,-0.4935706320097358
2026-02-09,-0.31361929566204944,-0.2842860828083362,0.07137898959590114,0.08153959700061483,0.34497375284330933,-0.10562519875787889,-0.16900880432821425,0.0005499290379863755,0.47161019843292995,0.2354404975636769,0.04510147008984545,-0.14801020697515738,0.11652014293515388,0.049774440898379874,-0.1321776699676403,-0.15985285078902264,0.17956287809408497,-0.08366002021703298,0.21236365272947538,0.3484779781700947,0.210408820092247,-0.10671135118422694,-0.3350421267952603,-0.26453679165987803
2026-02-10,-0.3106326233305891,-0.18909206105283344,0.07970545059715602,0.04901446476896366,0.36322923845487015,-0.05471992222683112,-0.21242362810103163,0.0003487786849445127,0.44674112935946664,0.31918937335284664,-0.2603726074117353,0.035383297707080937,-0.01283922724131485,0.006213342966037968,0.18348489487125552,-0.1814185600361946,0.21195667556589368,-0.060100947136533925,0.004289668663357654,0.2624005033953067,0.1781412705295834,-0.03753543462262362,-0.2571233064167827,-0.26465101564302074
2026-02-11,-0.2819757528511463,-0.24951706348523467,0.0744675732813925,0.08941471322836726,0.33496458078389,-0.05186155357597433,-0.32220936125777677,-0.01618697324971657,0.5752483864406228,0.16164885878392965,0.0836264158144879,0.12307933089212353,-0.08248681133567894,0.0019346462724463935,0.3275805864953585,-0.09663935429638272,0.27672312752881106,-0.060722278780291336,0.06024997756912929,0.2588549338082388,0.07140490649137424,-0.08196662285766587,-0.20366540300240923,-0.2633778099465642
2026-02-12,-0.3376871610654104,-0.21497312664160276,0.16138865637773972,0.009786086168536245,0.2787537241562858,-0.09711002396286952,-0.3959873948754259,-0.16608400695567732,0.5664068599845076,0.19112283637266403,0.08604399852699261,0.15407029493040947,-0.06642824492077257,-0.02618346365526938,0.31597625853744565,-0.1079699295338456,0.27555180109293076,-0.0503206267306085,0.06104664759434058,0.24692693984111297,0.07226134970009825,-0.10048132580997671,-0.2005723605634494,-0.24725524775482166
2026-02-13,-0.2896121325376896,-0.21882894294361868,-0.001297171482158455,-0.0250892387940545,0.12374861152233502,-0.10266905408366232,-0.3164702015309315,-0.1919081768387329,0.7280986738736468,0.19098792961185773,0.07157570159501944,0.15425647742563134,-0.09359118549125277,-0.025785333720752653,0.1935961181422285,-0.1180576937511347,0.48224188775224414,-0.028156647973669263,-0.01447484695468214,0.1261846380849153,0.11680649860873472,-0.09565424820507244,-0.08099671784615645,-0.24235263112215213
2026-02-16,-0.28998104074083236,-0.23108122504852946,0.03489913019930599,-0.020403098680990935,0.11865300878828043,-0.09255154832988517,-0.5091825848098522,-0.20057456367619364,0.49379220101985716,0.17767211433955796,-0.22060018015045876,0.043954516589426354,0.01925263523517534,-0.00034575467847066304,0.08018129277465853,-0.12327650194647119,0.34041766551709035,0.03419877310293943,-0.1732801301706639,0.1053314769882242,0.3578964412205166,-0.04343860379139909,0.0761019180820623,-0.22961687612814186
2026-02-17,-0.6732160992816194,-0.3402052274239355,0.03623489644000811,-0.05428655843901708,0.29169244688723267,-0.04277750905734164,-0.18756257830941803,-0.08143287707857472,0.06658735177741039,0.1956670143342309,0.1398898482437005,0.08704253513284924,0.3274295678987284,0.08141313176126523,-0.0030277258575148965,-0.19008526964291544,0.33854204649786124,0.0189440233970079,-0.00989359571488112,0.1366418209524271,0.06742338335871093,-0.024753294279066668,0.020388102274839406,-0.21288243517833796
2026-02-18,-0.6155126159397856,-0.37121353202740454,0.23908544852387453,-0.07894875513731614,-0.05084633974371425,-0.07348171133753831,0.020090408652307948,-0.05843932744959524,-0.003086827051796727,0.13845519071061954,0.14155675685112046,0.16049899401410944,0.49529286590604515,0.17747823686436578,0.02113552272673117,-0.12749210463608143,0.24850767853420877,0.03619010112700414,-0.09192836553065792,0.024827754147098063,-0.047270932374359136,0.09312581969124106,0.11979086099920609,-0.2507675281754814
2026-02-19,-0.6126130514584284,-0.4360079074125076,0.287869112423906,0.12215263459817237,-0.058115488483297235,0.29145004756549947,0.07903849834827684,-0.00639841944914887,-0.04689386781483487,0.1378339249896555,0.07208776436515789,0.14787571624006068,0.4847215045959778,0.21345262640511173,-0.23060931637555562,-0.1941664196038393,0.29635954763039385,0.11263451457644318,-0.1568633228242514,-0.022817570027234196,0.20845802914729814,0.11069540109045502,0.25411670008586984,-0.24018491017766583
2026-02-20,-0.6943452073594647,-0.4697910641774882,-0.13251828844799993,0.0879581701532166,0.2536655345058796,0.3307036219940412,0.2306133556420311,-0.03283546898734733,-0.3630546692669382,-0.002821639651118028,0.17912885979139756,0.07535767250043611,0.07678602573065588,0.06390637087735071,-0.057741504495751564,-0.07440942861639128,0.26103357016983997,0.14029488244877789,-0.31708124689412603,-0.10276910039114334,0.4271019582843762,0.25896973515666544,0.2713256960089562,-0.22167306926324074
2026-02-23,-0.5171336329866413,-0.3919888796633618,-0.010871516361656874,0.04688090612966221,0.08138570508251891,0.24250926583664123,0.2778712792517286,-0.03367821959839038,0.0041316772131216595,0.2515840081146358,0.4185890486733436,0.21571246399462532,0.32438968546704383,0.20929896166170076,0.24429002002802103,0.0031436826912711944,0.030778597010598693,0.09388502173697957,-0.050642566705341285,0.00966247551166151,-0.17545128386790132,0.021236931932158972,0.21121471417107782,-0.22442364911603693
2026-02-24,-0.5179665217482573,-0.3864302729790375,0.035409928746040764,0.057985121753486434,0.012064837262819225,0.24995969166784998,0.3706804313592221,-0.061886736013960365,-0.0017437279069882812,0.2332843097055067,0.34343376842119067,0.12311216326200466,0.31828957376218414,0.17387730520074485,0.46744707515042844,0.2908433185400411,-0.08050957649362546,0.08029204334002393,-0.032805883049642964,-0.012609817032233158,-0.2001781608009893,-0.05374222431630641,0.4771761489910352,-0.14043527163387065
2026-02-25,-0.37398511676426094,-0.3193035610219257,0.04101196454451355,0.08463800930159462,0.1273107147625311,0.25345438495418143,0.14010355158534787,-0.1533733209354197,0.15695820256089593,0.29865990329923053,0.3020728876441737,0.18286754884373868,0.5188871357039636,0.2627256413678465,0.14136101930397574,0.11168736072263216,-0.054474027372743226,0.11541919443564097,0.01986865754549278,0.034829886673547694,0.13650705078115288,0.10013607535074212,0.4981233225226353,-0.08050441816658035
2026-02-26,-0.39271885444962623,-0.35705190491185107,0.1510156595031963,0.16440071924146082,0.11171071400091265,0.20678403042967047,0.36954262488754386,-0.10866748752061399,0.1420457799196125,0.3058589436435123,0.2392110686895805,0.160328683490607,0.5459067217834344,0.2604855622542556,0.09405371394076338,0.10727644190582591,0.047550707890852396,0.136721588137658,-0.05042016391319428,0.00016246122483607657,0.12962945469716936,0.09505136989343113,0.18073085411950235,-0.1099562594962861
2026-02-27,-0.13597671244009818,-0.21629078826228526,-0.3149911234609037,-0.04006267396295832,0.2538761845012349,0.14642451953297897,0.24609316528827876,-0.11126589458203837,0.037685489772414815,0.29302280522675306,0.21870813159193148,0.15561308000978985,0.5559865375961486,0.29218609989760735,0.10086092546330336,0.11525604012573984,-0.16277789986919766,0.23629966011903514,0.11854948638331553,0.009597844244983403,0.12435937915334308,0.10371814545236012,0.20360614467841395,0.021128178787073574
2026-03-02,-0.22667758126261164,-0.1929169938813446,-0.31581850741544787,-0.03301847484460567,0.16083703498158758,0.09222348190804398,0.15061415446772897,-0.18262378565870196,0.32161425948767686,0.4087608145302586,0.3521512790939193,0.14334752016879634,0.4505996837589351,0.2632580249735878,0.09168919110389935,0.08584021772270811,-0.10881370919917027,0.19504300274558922,-0.07005502293504391,-0.11504363650473849,0.04258527994895147,0.15976623245488494,0.13778130453774806,0.11532701344198984
2026-03-03,0.2590130718545605,-0.16941272413423028,-0.304548732410299,-0.06533779706689498,-0.008830430539936634,0.0745906198455113,-0.13675123030722652,-0.17520719939113022,-0.038622469023504594,0.19038272158555158,0.35286314973464195,0.25202316745884507,0.41435281446839206,0.3363029843796612,0.06952616784996549,0.038050278235911214,-0.12243724951344191,0.20014151461496432,-0.25551171961116925,-0.12896331154848567,0.06474574937884757,0.061803889094860044,0.11913561774180706,0.09192856299052053
2026-03-04,0.26407579788239915,-0.10084971784993169,-0.262760460613499,0.08172559232797072,-0.12528293086324277,-0.11632697945588769,-0.1368443143548537,-0.1500674096992534,-0.007666474657682938,0.17127707710942294,0.36437869941339496,0.29768204293990574,0.4270347913742851,0.43159444890998266,0.05475639967640837,0.0400862837237431,0.1137313779509994,0.1728519801052313,0.1538066027674745,0.06900221574280366,-0.0455432769108748,-0.06064546936503609,0.05092738467373793,0.12979527561454696
2026-03-05,0.27315180498420705,-0.09155196783393102,-0.3476418118917722,0.10158793107853244,-0.16137123355460437,-0.12141975714090325,-0.09815005698138346,-0.1314143612059245,0.03598339154813238,0.16297625966449214,0.40723598423148466,0.2992203477901417,0.4169836943620283,0.395345277685348,0.12375700742936167,-0.033166211823895266,0.015767620424222886,0.20145609141002674,0.1271682807505372,0.03322207021680899,-0.09300757749006444,-0.01874738730329003,0.10028788252422084,0.16257578949169518
2026-03-06,0.24728427837558195,-0.10919570339307469,-0.4177257333193142,-0.20435188943264326,-0.0769569009703666,0.053077905780096926,0.07020144766154195,0.0857593332420646,0.025177513794745567,0.04152061547343759,0.18248463911050933,0.14314667234552156,0.6505459217032775,0.4926576714726936,-0.37641748834234995,-0.2762324908492844,-0.039381971339761256,0.18694549822779738,0.0673924095839692,-0.0027140004703428322,-0.28177882452986863,-0.1404345039774033,0.23490264273302885,0.19084557284580564
2026-03-09,0.5107476750821438,0.03628991907021451,-0.3487775127552569,-0.21240449637358752,0.09448664998692972,0.11326793879285094,0.15592071195002663,0.16377885589985164,-0.08709914936303946,-0.002738768406934653,-0.051532429783560985,0.10571082506005486,0.6323239829646655,0.48497103608661823,-0.5113629705547457,-0.264365908177904,0.13595053545306518,0.05704180474237547,0.032793769813825785,0.015875119555320664,-0.06872688166980236,-0.1534164810627693,0.24249310217742678,0.23411115876833807
2026-03-10,0.3127212895148285,-0.015470906193722858,-0.40063804320971186,-0.24456200212019685,0.11727938674466912,0.1504621692071895,0.1981180328911115,0.18336753139281797,0.26425220687195594,0.17141075171471476,0.04859530761284582,0.17063380304259798,0.6275849889786548,0.5124167865959285,-0.8113527283816799,-0.25311553298142697,0.10542090398660742,-0.00858164483197346,0.05093119639151884,0.044683115885048676,-0.18667899248513842,-0.20666341458739707,0.2684844202423865,0.3295655243925822
2026-03-11,0.2993199907873093,0.04096962885516993,-0.42096878408691735,-0.27818651849566145,0.09132629271356994,0.13084284616723676,0.2474859174587961,0.19637420065938616,0.1611082865124989,0.1581795728978877,0.07305978487794487,0.16271581917353548,0.6080180869254525,0.48739041909262215,-0.8083936901226901,-0.36008475718973604,-0.0660190116121248,-0.07328903894132914,-0.11732546670837812,0.05751612114581845,-0.4746536719160202,-0.20424896033726303,0.2204479120584702,0.3143604239248361
2026-03-12,0.42066126520792496,0.08004126815379722,-0.4664917880979103,-0.2950791747900811,0.0072869617664818,0.0725828268706146,0.17320672349805466,0.24750483896864797,0.07488532705139196,0.0778509521161013,0.0377621618737293,0.15888082918015198,0.5887805003278701,0.4322635154397297,-0.574063020906313,-0.3006589095855322,-0.31869862212307626,-0.12022864051031969,0.18808324925578693,0.100055618691173,-0.41244243520539114,-0.19090868391528626,0.36798882264471594,0.29688511895883035
2026-03-13,0.4930353023886348,0.20361513145358373,-0.4603946653748719,-0.40655168304528033,-0.26426627538727265,-0.09383519643518334,0.1315763818782846,0.1623028876617503,-0.014534284353965343,-0.00585090106903363,-0.1415115379128955,0.058011795794590225,0.6879367944465562,0.48024773750251876,-0.4926482055796246,-0.2630790771102957,-0.36913102269290626,-0.20175799417111304,0.08927641401329169,0.16520762085066318,-0.06799229393949237,-0.037212965015064006,0.27737213183206194,0.260143713067921
2026-03-16,0.46350735762752526,0.1348427690652463,-0.397280865344798,-0.36601339965755364,-0.11314146767700256,-0.008635119983925974,0.23260442319856647,0.19439666387273744,-0.20412678238405707,-0.012065588734017037,-0.32022613918948345,0.12989629116835885,0.6653794094107823,0.5043841887515134,-0.5220144756443925,-0.2677233166802406,-0.24635857083720733,-0.1547592416489412,0.36673955976806927,0.1625957812739791,-0.13510434632392024,-0.06933297970111321,0.2231294538083674,0.18257769778899338
2026-03-17,0.4267441711757888,0.28594056249969607,-0.2146501246068083,-0.24108488164667946,-0.02588859654333279,-0.005248228795503178,0.15335701931718235,0.04666578862201114,-0.1328763338131499,-0.0887604205188915,-0.2783806324420565,0.15368602390947708,0.607321768667812,0.47143201554999786,-0.4903802755268825,-0.26544283333622454,-0.024337468638514114,-0.07384539200923616,0.4650984011873789,0.15499891069609406,-0.15723434292382912,-0.07552775942822608,0.294293827784404,0.227041725305437
2026-03-18,0.23586713313891886,0.22727049407939154,-0.2012297558636392,-0.22683297252149703,0.02845587717750226,-0.01841099156348041,0.16889842822938841,0.053048057223300076,-0.2723994982067393,-0.15119144939495568,-0.4986888971639715,0.055793943209024435,0.6389794592251464,0.5008428991307103,-0.4391609763471137,-0.2577515012637053,0.03678570589738627,0.057720354218916754,0.06803052567529011,0.11077521975911137,0.06281532076163067,-0.08097860300636109,0.29035834190304477,0.20849515729749785
2026-03-19,0.07360442885895319,0.10620961827063577,-0.17377342099259332,-0.2359869790033849,0.011920276637608798,-0.025377398415472437,0.08280643592540415,0.03300893435467246,-0.31027913235233917,-0.1735616861350384,-0.48999570379988744,0.077497584130787,0.6354627141957844,0.48141766605506836,-0.39647427178205946,-0.18686192492435744,-0.07303320059137573,-0.051195127782185004,0.1187890976875153,0.10477416164085789,0.052431606504448856,-0.10381192271877074,0.3021647648793037,0.2108849872869456
2026-03-20,0.02805074011207769,0.0734144337074737,-0.12774424436012718,-0.22562837333022562,-0.020137574466434546,-0.03781827721455959,-0.06298659507795333,0.008808556851046275,-0.16732286906773092,-0.1284381731979816,-0.5223097430227792,0.004210151155052492,0.3780788191954226,0.4299114518368567,0.21869590388091298,-0.11405823418480318,-0.021877980757464582,-0.06444130874123155,0.3834589113646348,0.0885949898875951,0.2371962699110762,-0.11953264131026003,0.19541774241747267,0.18593437264551566
2026-03-23,-0.005127442682012017,0.15154558055124914,-0.35680082364312526,-0.30577761549655536,-0.14356346647930476,-0.026684138646127002,-0.4467795628265193,-0.03223169979934821,-0.21363180648059982,-0.2033134004457325,-0.5349551647725567,-0.12235566759801186,0.5120235442997245,0.41518084149612733,0.513047957490583,-0.18756289363638465,-0.06980547835461623,-0.071364318933264,0.01600833496610313,-0.08840184528793643,0.41495820048738524,0.07140231898040854,0.23747653751790762,0.18352828561271592
2026-03-24,0.10656070857836203,0.18935977061426,-0.29401695340956263,-0.3283090484109147,0.042713379783149916,0.07505940280753978,-0.5462763580807418,-0.07809618838942316,-0.6173479584880693,-0.21600681311445108,-0.5457525860345885,-0.1064877616472551,0.5733828682149402,0.3740139136982381,0.4260413389859612,-0.3211974131005379,0.2846790407532294,0.1417347718259394,-0.07602671453851242,-0.08187375714199983,0.4906352397296367,0.09170083337631073,0.008534298057343969,0.1167812329402205
2026-03-25,0.18544988032171744,0.23020718797688527,-0.3578728808734218,-0.375581302403396,0.18228462922280636,0.16159046044616393,-0.5521284603712399,-0.14906655906968239,-0.6768390547265439,-0.27820160662847904,-0.6817333225454182,-0.25120248726256367,0.6532028602698021,0.5121850340711659,0.2692295181257309,-0.25721330196389836,0.08465415186198065,0.03976986821501052,0.04394819871753387,-0.030753310400740565,0.06793306115962217,-0.14631826287171482,0.41749040684772665,0.2963727020959572
2026-03-26,0.21438745398599965,0.2889375635331803,-0.4169628887998073,-0.41661965356665953,0.1096224905850922,0.06556462167860808,-0.5711960104231418,-0.2130131696645382,-0.7120251103818438,-0.2917414803511823,-0.46425349324971893,-0.21417597916901726,0.2184328603731601,0.4212080656237,0.14542896113593212,-0.2374487142246879,0.2729264753809395,0.028056860813424,-0.09167356780105658,-0.00554862569265693,-0.2384452805308211,-0.23452210248996305,0.4261035821243878,0.39512941779188243
2026-03-27,0.08280233895101123,0.23800073972138516,-0.3293546955155383,-0.35869719514097026,0.30143465210786013,0.06740717361090867,-0.5152179070886459,-0.1649413861316506,-0.489824211733108,-0.2040025295492789,-0.3063017157041412,-0.21010746364198754,0.1434855388278017,0.48309435421453484,0.14478103648962545,-0.2473106499413973,0.2102882644085351,0.009246109359490773,-0.14821306610032134,-0.011258241699221325,-0.3658138680905202,-0.18947573066643336,0.6260606789504831,0.37158379904116795
2026-03-30,-0.037411213616647336,0.085861792262722,0.04349180036400163,-0.18182185755504077,0.09793681090738264,0.017624298340872663,-0.5626436379669796,-0.17054845955844347,-0.6508966905374253,-0.3796585351191372,-0.15599058031072177,-0.2168686862965774,-0.000993132187181989,0.3806406362176451,0.147538533449072,-0.2686832728118031,0.1569497871822418,0.011640534740584628,-0.1399204164254532,0.11335977116704546,-0.36059672293219525,-0.23130342882082044,0.71319631937635,0.3991142054736699
2026-03-31,-0.11353713682735209,0.02764006366451128,-0.1940708366092875,-0.20878378125721958,-0.09711469232360072,-0.01906457276397504,-0.23823697754509837,-0.1015313947052643,-0.46024013542436965,-0.2930642683437454,-0.17530842699131272,-0.20110659292926106,-0.05759523749332427,0.3298044469034014,0.1123153436079887,-0.2591025448823754,-0.027312556867788274,-0.024124025677650297,-0.1648646689095542,0.11649607731067028,-0.409015567933579,-0.27298802419406837,0.707647344402243,0.45392171965972605
2026-04-01,-0.10694237950238274,0.03169066649908356,-0.26829365675995964,-0.2512373165291283,0.011957851516303852,0.051968791085683134,-0.21658574535317793,-0.07362704244389996,-0.3837044106354452,-0.31956584297891594,0.013466508125553686,-0.24780991392785728,-0.2120114421581091,0.28890973387211255,0.1578072773248095,-0.2622156091233112,-0.17108651599189517,-0.0667396083683537,-0.10641505743439408,-0.015143884450296165,-0.33385588405012745,-0.17252274536119752,0.7102059627860363,0.42775388595437186
2026-04-02,0.08504659466573491,0.01633768276409851,-0.31794370189933574,-0.2550340385455232,-0.04127981663863907,0.05416041539687846,-0.10055480009516393,-0.10349477578360491,-0.4007948702799098,-0.3307574701466843,-0.00239920632381704,-0.20630233870026407,-0.20625677806480325,0.2612319638162888,0.1917082321841827,-0.19713926921168692,-0.01516657388175708,-0.047038674860245606,-0.23996526427999232,-0.007792648117519735,-0.2946834796641037,-0.18185885293461204,0.616969503690035,0.4050347989225477
2026-04-03,-0.10281739586600021,-0.05705276993576598,-0.34237142826084566,-0.2239672486347629,-0.1553518641768297,-0.03549233089271196,-0.3602435723987202,-0.32885601031467954,-0.43698501052760175,-0.2861967094906297,0.34970761901852326,-0.12024907724506034,-0.10617751063616507,0.1184381101400415,-0.3716768168054643,0.0680579742712425,0.03205454797921685,-0.036810054655302724,-0.2786268695053031,0.052022110202434906,-0.17882891381050453,-0.07504629749354963,0.2060237740824258,0.22114621901022036
2026-04-06,-0.1117949409264943,-0.07434563455727311,-0.3211391920696248,-0.28572963224676756,0.009658796757548526,-0.014029660819324684,-0.47778350411073195,-0.47947891989966995,-0.3890388728190236,-0.30196131472194204,0.1955321503181331,-0.10637284494797325,0.0788236879983722,0.16966534127241067,-0.11718953413968042,0.18726361424380542,0.14917267780884497,-0.0624225249031774,0.2336726420286275,0.029799760177184286,-0.2823340413129923,-0.09084278342914127,0.20922422970863164,0.23627371981734846
2026-04-07,-0.24926336214405917,-0.03217344448590017,-0.2543381181472601,-0.30854625684107234,-0.018490054101710254,-0.005984600462408957,-0.4604403471828135,-0.4069427494012091,-0.39493255632387547,-0.5222978753085106,-0.142264850116934,-0.2372095917134111,0.3240492855618215,0.2204265525916676,-0.20207836402881565,0.07182467323562895,-0.3824537762112263,-0.0974083913198977,0.5395218256317611,0.07491023002669975,-0.44123821048950324,-0.1284135587326309,0.4007328935098639,0.32698027617059183
2026-04-08,-0.343751487030659,-0.0008838175479775285,-0.07096620504584093,-0.30043286771353894,-0.2530602848780702,0.0061556912401327735,-0.2794070331529719,-0.3968517080974646,-0.16667992634034,-0.5049988159407969,-0.11403086542648606,-0.3299712885118278,0.24182998781866707,0.23650256675616482,-0.19598538394667656,0.048004012287897795,-0.19478550940790335,-0.04607406688844086,0.6227025226813937,0.07027198573902536,-0.36426242569727385,-0.12310218529528097,0.18442291128017943,0.30653350750471325
2026-04-09,-0.33674289999246165,-0.009013825595092917,-0.085593236925285,-0.278514919656597,-0.14667880450208476,0.029840141371059267,-0.15921820531454717,-0.35525639408993714,-0.20134175687134515,-0.5043406344083711,-0.032490244947778864,-0.2459781822099968,0.10646371440893415,0.13944656665755492,-0.19892292122320385,-0.04275240139113076,-0.18031835174324043,0.020566143182873736,0.2797381902017687,-0.021004581510984898,-0.12829322743094868,-0.1664802828156736,0.06626879993767411,0.2516406700504135
2026-04-10,-0.2837382454265072,-0.07311846265450847,0.04908348354863094,-0.20042492282684773,-0.03130135488090847,0.15030990869544567,-0.10643882769545698,-0.2753413864664613,-0.2237661515057948,-0.32265798809545587,0.07947465044074013,-0.09757632687632842,0.35752814625072377,0.3067414368329417,-0.4362699150932234,-0.2598237062823196,-0.2020067270478739,-0.019086880939093737,0.2566743145604451,-0.04323515963641749,0.15596062998409035,-0.07238102469184264,-0.08330959749389441,0.15185301269580598
2026-04-13,0.14716045566187097,-0.04933690887759585,-0.21761650987149966,-0.21844542342523707,0.152261894483525,0.06578082696997825,-0.047367818054046516,-0.2479757040413842,-0.011945461042890904,-0.31723030693689364,-0.12470852350055578,-0.09776587461414785,0.5276339391711058,0.2852922619902821,-0.4842808408976869,-0.28980483783932065,-0.020473491390679128,0.013515987132284114,0.2250286938662809,-0.07073586431093527,-0.03654646415355865,-0.15358008337074444,-0.24610835374706116,0.09482190441271791
2026-04-14,0.12480507930911014,-0.03478105476540248,-0.2337315136911259,-0.2748709787993094,0.160542070023959,0.030272363423041064,-0.1628822170504828,-0.2009794794205454,0.3139169778398814,-0.17712894779987032,0.026591520265651515,-0.07081194453458727,0.5096073798666649,0.2838778442306763,-0.46957696212619565,-0.28489845881447184,-0.018125986301854607,-0.05847233580395877,0.11584651299093782,-0.11368573025376938,0.052887474472412786,-0.15940185992358907,-0.305979790969541,0.04192138870009481
2026-04-15,0.1050315620531306,-0.01734689451584446,-0.11218766267199529,-0.2510625359335408,0.13542741886397555,0.043003005189029934,-0.17625202687072247,-0.20365503519305467,0.3504422081000245,-0.11289761228757118,0.002441374225027489,-0.009094893968234437,0.5485148662240292,0.26517021204369656,-0.44458868496158144,-0.28883410554412936,-0.05124627986366096,-0.1623994801766225,-0.2710733627735615,-0.1548308947874522,-0.02978199736003793,-0.14645532538296482,-0.2794478509149616,0.047613984413863414
2026-04-16,0.19924589529858766,0.06070581347544214,-0.06113474214956959,-0.2861385176912202,0.1106390929477165,0.025333956702353937,-0.12739288589670847,-0.1758428757818239,0.4068600503068969,0.0179718737879479,-0.3105540152431378,-0.10975269153253701,0.39434627293267366,0.2044329891005585,-0.32131692549569774,-0.22604891568505212,-0.14155933275932228,-0.08479391089986486,-0.28107659283721126,-0.25182418419573277,0.11185559981313381,-0.08188619839449635,-0.25097408358389695,0.0096673736927732
2026-04-17,0.32405203708409996,0.052352485809846534,-0.11586096964219492,-0.3014952192414414,0.29964441732403596,0.016514835131526337,0.09084087459961128,-0.1613374292893744,0.42105605565715065,-0.04192678119399789,-0.3449299815491097,-0.08260515416210473,0.40006771396089774,0.29287602392866424,-0.08197779887326347,-0.09474150234546218,-0.1669622801442145,-0.062230968177732784,-0.34810778562003214,-0.3071482344372645,0.18912034516124704,-0.016045686061108965,-0.11748852662601526,0.002954435325123945
2026-04-20,0.23384018505319618,-0.009849184369907983,-0.022167518204375364,-0.2061862906860969,0.08838913133573732,0.02564175918804399,0.35568365666421436,-0.15905467857645422,0.16449872240946414,-0.08179893727645147,-0.37700874253907646,-0.10139010658002157,0.43469087592853295,0.3103678663186982,-0.16541255996728035,-0.1259799674878406,-0.1344351950270036,0.01693418365535314,-0.5354923848831261,-0.15423739189074998,0.1820986686129379,-0.02927022329498436,-0.1345558574965291,0.008761112957106295
2026-04-21,-0.02445762577914207,-0.06898647209629377,0.05293202812166352,-0.1440021307957779,-0.04633631532633907,0.015569600515328534,0.24205414871553024,-0.11508335120389533,0.2899835092533124,-0.06520476680668459,-0.26256217343608174,-0.11725262697519201,0.3853969858163863,0.34016658472214834,-0.026560299737588996,-0.040581192193081705,0.3278853220598966,0.022854378324476957,-0.5558141851635071,-0.14262566785096953,0.40740127382458224,-0.02366309150446501,-0.43752502030671736,-0.00929264477975303
2026-04-22,0.1930774691208841,-0.08782303525792617,0.06378206065735882,-0.03346572573276892,0.19779738813880826,-0.07409625439699052,0.31318103834658934,-0.009136564632842355,0.19651395969476573,0.04459275153155787,-0.03435501727411978,-0.015116553739300272,0.35047119495687656,0.2727353434892949,0.014955914430890263,-0.01300225491582533,0.2922155907346706,0.08876418450866215,-0.7187722927278678,-0.253477314321301,0.45377072214283554,0.09778158378355312,-0.4649945845218828,-0.17231248412981146
2026-04-23,0.1513585463856355,-0.12702171222092767,0.12141543708610064,-0.0030197707843664084,0.14451034742773441,-0.00920887501419427,0.2580742663233016,0.011865639203384364,0.20981432025743654,0.04953361966351505,-0.08707959309537809,-0.0576377127863148,0.4823547296304207,0.32022982921265997,0.008249147298268124,-0.05912863873065778,0.36419709191462574,0.14520928413001694,-0.8245132015738265,-0.377996038390653,0.5180589294512362,0.20576171912899557,-0.42780147217986714,-0.20571859712678636
2026-04-24,0.1854786868897121,-0.09286545916186972,0.19117211516177612,0.07322420976783396,0.11760007667847394,0.019656975444715872,0.3138666215913654,0.042407463805396,0.1500176112689511,-0.0015739322761505203,-0.3534804128561862,-0.10876805717033045,-0.04726263560203143,0.21902294094164293,0.6318210879380579,-0.0262993654547033,0.4688332711983548,0.13390900196868546,-0.7109350321077386,-0.3584095753099819,0.24298594630178133,0.1698687126455282,-0.31266676251560965,-0.2230325882168177
2026-04-27,0.08818337424224679,0.08572333829626622,0.10073620202340056,-0.11796076966761304,0.2101442301201252,0.15992831469863605,0.05496287548496749,0.0033419395579245,0.17731244662006873,0.1367442116384747,-0.3884321012628461,-0.24163645313120316,-0.14302153582461236,0.2215775946184648,0.711649171100684,0.06582105804474526,0.4104320856965643,0.13656358561749476,-0.6795056204795431,-0.3708743262691723,0.2873571212431175,0.10504274408865408,-0.22324244827155448,-0.22527492655098116
2026-04-28,0.13984404213178656,0.14760726919698175,0.11041044039505477,-0.11840315270421689,0.32024104907198925,0.24737726453414705,0.12935756353689162,-0.023696243096604775,-0.12574027130738932,0.07854725630794833,-0.38683855950454316,-0.20841677162582614,-0.25003520411795216,0.20262645123260706,0.4288558842885541,0.014896008301584874,0.4129496863727911,0.14673997252654655,-0.585074546122472,-0.34703141607969773,0.40852010351766666,0.17959900810145132,-0.38491692657293325,-0.3089887700596914
2026-04-29,0.11843707249821395,0.10536147249636212,-0.030381392138289713,-0.08758692910286875,0.16486733714540872,0.14140074128193594,0.2502010028732024,-0.02956345686711723,-0.15719618852521672,0.08373916012950192,-0.10017289770409857,-0.07335180986778111,-0.33033046411255385,0.1667957210411856,0.4848405140214453,0.07074261129528552,0.691998048801461,0.25104343911641686,-0.4822627546366999,-0.3781232946951855,0.6226253550178984,0.34351422816296884,-0.3217326064432686,-0.274856293054288
2026-04-30,0.14189916642284667,0.14896707767916562,0.1315484169990977,-0.023663915128888116,0.2613948990517148,0.19360341834311293,-0.06650073804930687,-0.0792064214328191,-0.4952850788143715,0.07875762653289908,0.041471672055801774,-0.09057729147434748,-0.08011565083962807,0.18791792806778645,0.1600131333758885,-0.041219011808177615,0.6373020072459911,0.201528447992652,-0.14232220461730574,-0.18884669506170826,0.6099570319736048,0.3726374846531314,-0.17039880495043355,-0.2195525901016364
2026-05-01,0.14920079703885894,0.2384372306429357,0.08341716047761766,-0.04582499433773987,0.1696096781213114,0.22732115261133307,-0.08346122631497432,0.029040720330014577,-0.41463668751997185,0.07992219985623378,0.09908424050973723,-0.08756511801725912,-0.2295511608239119,0.15028266461816667,-0.0009233919141006617,-0.044615003441279354,0.5919986060351183,0.19300693065962385,-0.08137941655347519,-0.1916894256307608,0.40630749087745216,0.25382838556983,-0.17893582111223374,-0.12580602507102917
2026-05-04,0.1876654356731229,0.2154068466258631,0.09808378613005324,0.024135465634819334,0.16597514245281225,0.1280537434403132,-0.08373837370547983,0.15108743036186664,-0.09648044391095376,0.09383495185322108,0.14229785903115333,-0.07496020442416906,-0.34779423843044355,0.13760280976710282,0.0198820393862033,-0.05734911825358976,0.5175946106323294,0.17104273007006593,0.06862111349983264,-0.22201709543797796,0.4168256666433179,0.298503360086615,-0.21541564259023352,-0.14685021388369265
2026-05-05,0.059747102006764315,0.10251017829659549,0.15598064193148722,0.07084366730611663,0.004441210623912964,-0.004215579924289215,-0.27208068848194616,0.0621328939897366,-0.07481205137211373,0.15158781433374063,0.09898315358007562,-0.003223420470049609,-0.3328494598310998,0.09515793414018194,-0.08315383158669017,-0.01157648266635572,0.24032866954207763,0.2859321329790968,0.11962168110188384,-0.24139404587158994,0.3669068521192968,0.37760722391688983,-0.028174187946854255,-0.32795783395628597
2026-05-06,0.2511493289568453,0.24417937993006508,0.019585340237934467,0.036710796457402835,-0.07912964011260472,0.008405518524078557,-0.26031171641747636,0.07887730649646883,-0.3108910009791259,0.02384756809292687,0.1764177679662341,0.12311530756901382,-0.35634000979883046,0.04840426894585967,-0.09861502822084994,0.00032363111724491967,-0.017421738487483567,0.18137690290920994,0.125816505997076,-0.3055579292397474,0.3880240951951969,0.37662474812635555,-0.03564685586721026,-0.33385997187167527
2026-05-07,0.3047739106385581,0.23961615433942027,0.042968915535358025,0.08433595353281317,-0.033765049706953085,0.035987891418977014,-0.20913554751272054,0.06174414548549156,-0.1455058774680624,0.08439606939825202,0.19844727741092483,0.12364878625106877,-0.08253583014207999,0.1905423573553162,-0.09119008224910374,0.03193659784600203,-0.19805530452044537,0.1887037166084617,0.5489179359233178,-0.20620245518490812,0.426620379013265,0.45256459219394113,0.13445053270864626,-0.2808106992278077
2026-05-08,0.233773062831287,0.18126787600255048,-0.028072164969548494,0.10335978017533842,-0.024659556434734047,0.03424703919757337,-0.0670009216278532,0.13457827099765296,-0.2218861329506579,-0.05391836522146218,0.28398587640395045,0.1148237644892634,-0.029204697162967065,-0.0968432268158457,-0.23090388092951944,0.27881152633190326,-0.17626550417691847,0.2254545974838115,0.5024654509085593,-0.2187717066560655,0.40524001719906494,0.32017011397887035,0.18320717919238821,-0.17381141228505292
2026-05-11,0.39093674232682296,0.23091769141407656,0.019409321968037935,0.10951107427741251,-0.053791366709606,0.07298449423802075,0.09921831938576615,0.045018383443509113,-0.15838342643813938,-0.015849987163863804,0.04155879190790202,-0.07905347237204693,0.0009185250835096972,-0.10404688296562364,-0.31625851829874524,0.2983028361952063,-0.28815168588954315,0.16393511169922062,0.6647111598809305,-0.18542365138624228,0.44733301599345854,0.3654059493927397,0.22865304835145192,-0.05315799012066811
2026-05-12,0.43705896847697834,0.27126674049202354,-0.06179181356008947,0.06529972930166714,-0.20065984608369086,-0.03168580723946488,0.16402632842267081,0.06883036080000905,-0.17999741641389402,-0.16256624048763177,-0.02676556355358641,-0.09453774060180076,0.17681221003442316,-0.0711326209453546,-0.07268251312648942,0.31929020392979696,-0.19509987071945886,0.21127067165413643,0.6290831357090748,-0.14712814698622023,0.3638224416571869,0.4099048885897474,0.37745679371274454,-0.07259255001179771
2026-05-13,0.41739191653353575,0.2801085810648266,-0.06491334989472389,0.009831645945706664,-0.22597986296637743,-0.042190784442860195,0.162591968987128,0.08523288173841985,-0.1704344183590417,-0.16023605458832726,-0.0979118299490033,-0.09111380830906249,0.22376977287817593,-0.09789015801819492,-0.10786813937247389,0.3307969046343877,-0.043464951270659226,0.3582640261786219,0.4680344702563085,-0.10422353445185827,0.1606797914883267,0.394224781315072,0.13610405141586862,-0.061269142575437315
2026-05-14,0.46402598639517756,0.3040315360253186,-0.1863872680045019,0.0058665948271596526,-0.39778519326352196,-0.06408188883160923,0.39099806785500263,0.08698072965106737,-0.19044997242787695,-0.27133684414462156,-0.06283025247878492,-0.032148581939709354,-0.18738695372273387,-0.15614655831166055,0.5247450719390443,0.27547108861430253,-0.02429029211979461,0.3777802584726237,0.05665920438503574,-0.09246965517075452,-0.15570214249835274,0.26743880080888277,0.10127660333889857,-0.030869605283684196
2026-05-15,0.4385439956097885,0.29994942536692637,0.04943801847432831,0.06156201703333738,-0.5508160825584727,-0.06769508482968303,0.4561783185606606,0.178635875398525,-0.17775389595283383,-0.24798550230530564,-0.06283382602983034,-0.00862108082480641,-0.21472374020962423,-0.20998000704303194,0.4711641070148763,0.16352026673837783,0.002690551592735128,0.370510364827503,0.0916025182866974,-0.04245099056063128,-0.3407789958624965,0.2440473751630603,0.0525173221569972,-0.04768289651510405
2026-05-18,0.2567675277490747,0.21903087688837378,0.27749741112069565,0.1788906146284958,-0.611614120196863,-0.07256386094026875,0.4744470329469773,0.21421180797234485,-0.2549625133377771,-0.2371337046214336,0.03792612129276484,0.04938528182060563,-0.3746082330288853,-0.31404567965708113,0.4543268016322967,0.16686284253443742,0.0011825729548141238,0.313102745872101,0.1089978535427717,0.0719526957677312,-0.16270420390329227,0.24855496403883812,0.052748688573166204,-0.05939065897814199
2026-05-19,0.309280334181247,0.21359638473091958,0.21553099282240334,0.16654604849043358,-0.4624691345510977,-0.12513760016307873,0.5336105963166975,0.17020333105018695,-0.23306658591223117,-0.23016904250147646,0.03265887200148709,0.037244487401832865,-0.4098806893238296,-0.33458782475401455,0.5239745115559441,0.14078938924884168,-0.0006687616991778292,0.09228472083305159,0.09808367854574934,0.10166645815821651,-0.03975688772636043,0.23229335115577754,0.09912155147844937,0.06617467758073044
2026-05-20,0.17218073860137723,0.2072794044606177,0.540160422468316,0.2305105473284159,-0.3878560560731208,-0.16737589759677685,0.5865431959315158,0.19989669667864493,0.11530358590630604,-0.16621931673931753,0.058842212657245194,0.0766192761555274,-0.3933474949357349,-0.30152848945744554,0.6057992882799088,0.15936295106119716,0.04841674688952127,-0.006448699308958708,0.010738053116092583,0.06777196549397536,-0.04153920100038197,0.24329445926683407,0.20159283776168846,0.11851375544094894
2026-05-21,0.14537597548295975,0.2091861021040001,0.3316549664115902,0.18101232403625678,-0.423504500339956,-0.14265440161163798,0.5550497260851421,0.2194298752648718,0.016349810068910703,-0.08063018670092331,0.0025707938309010516,0.08684527302089912,-0.32660455193452975,-0.21115777196763036,0.5842134166431193,0.19020068317996444,-0.01432222633162115,-0.12502111266699384,-0.4110128587243994,0.20626994553404002,-0.0706325963304798,0.24354394496427736,0.16727886610839068,0.1531351935228215
2026-05-22,0.3203681948917716,0.17722183100833158,0.25353606998419065,0.13978849039719313,-0.6759266223219623,-0.14262759692913946,0.49506838144679943,0.19808391579766454,0.1857863231844651,-0.12456478149291535,-0.18189345650615393,0.036458490415047534,-0.0869950836438443,-0.07948377869595806,0.2009105060668225,0.00014667325122084415,0.3020275196960287,0.07917506589617732,-0.5038428845740507,-0.013837115607634887,-0.040508436373167506,0.19953677154074942,0.06091370509853648,0.10356867907809209
2026-05-25,0.13988775762888292,0.18133217046212477,0.27695082947667443,0.2539185860228747,-0.4720103471227072,-0.07608759769721808,0.65827971000446,0.3795259109321522,-0.0940967504522298,-0.1978976234772984,0.1474932554894281,0.10095871027569203,-0.1176205610470437,-0.11226786600907192,0.19873930760949987,-0.0270630615173325,0.3147628911103852,0.07622644930540443,-0.5417549775397962,0.0158432803125751,-0.15609451861421036,0.15628608707556244,0.07540808293787693,0.13283093720099542
2026-05-26,-0.34312289220979825,0.11125827495654318,0.38600880756138267,0.2759179055209582,-0.10412301919171234,-0.12413065574950252,0.6353021653587241,0.3821381968616426,-0.20328135919520146,-0.19756950734447268,-0.04898848336056921,-0.010714304827753696,-0.07316719113542251,-0.07428510290230833,0.21451647354648176,0.17174243478184167,0.21830256886906488,0.027593997258740722,-0.5613088125636437,-0.034133296602887345,-0.3184424364990922,0.08866371760439362,-0.2544200060669782,0.028673825889530866
2026-05-27,-0.3295691943211068,0.12253343536475832,0.015186486602761704,0.1447439646244878,-0.2251617170485547,-0.13745087321237834,0.5862300307046858,0.3740439663621773,-0.191747654434919,-0.16134826912101588,-0.04950185580625297,-0.06141507375155824,0.061828975440377576,0.016504587107690306,0.25543083768131813,0.1502947167251204,0.05707251967902561,0.00683051506422586,-0.45471926526794676,-0.031588477136574075,-0.21413637245884748,-0.02406410376297257,-0.15691488968013542,-0.010670585572498309
2026-05-28,-0.38947803700418243,0.09445034184218012,0.3140361529841965,0.19652483404901394,-0.4384366446503069,-0.34087521116231695,0.5481651598307372,0.5044182933436454,-0.23772693167007386,-0.18518711639573476,-0.10754544944072628,-0.07985786716442315,0.09622646395149279,-0.01550042033665147,0.2890830870751549,0.3908601742703392,0.07534339029025049,0.03365487322516707,-0.4382566387520777,-0.2379834202439657,-0.10917833917617725,-0.1374289561944105,-0.1516489463565485,-0.022929149542815396
2026-05-29,-0.2732587288799527,0.12118508246378859,0.09956962812865694,0.09204311748178577,-0.4358398407001963,-0.47400034814283387,0.3617891393545228,0.4370567648286786,-0.27344149696476283,-0.2011915417728437,-0.12068305851937099,-0.0881410927590278,0.11204263037666885,0.01270346830687882,0.3055635956848246,0.39419098655517243,0.09011810663785284,0.047142063630191626,-0.41908706513969596,-0.2426386159602369,-0.07996261107055624,-0.18000844154167964,-0.20721193634512045,-0.06741560425616491
2026-06-02,-0.20462396382986886,0.09364849796146525,-0.05138473532898517,0.048783521369506866,-0.4087262204474288,-0.4986298029225231,0.3415155611635444,0.43140553413251925,-0.1364012154423204,-0.1791774622792477,-0.13002603150723127,-0.0424559290097491,0.2714456965448207,0.07532831354510254,0.36415603675252484,0.4049730226292673,0.05815282854146555,0.039765507380588185,-0.41600161852005446,-0.22868908608470762,-0.05132307704096327,-0.09964235524816618,-0.19941284241342078,-0.07102889419405686
2026-06-03,-0.2229366521802462,0.11939161808772428,0.004866554906470055,0.04552404708837063,-0.5114535321637336,-0.4548990355662915,0.2537274779418511,0.43460637280547826,-0.15495963351527905,-0.18666328428010273,-0.14953646556225222,-0.052667928811483876,0.31374132370435875,0.09034610342587189,0.22819583822560902,0.3602730056372868,0.24770650721423831,0.02381440867421085,-0.4650952307577247,-0.25139082106214744,-0.07207209056720583,-0.0666434673778354,-0.5188453338303186,-0.06232231184580316
2026-06-04,-0.44828108768244873,-0.075615854306009,-0.048586001924085846,0.1023801848555823,-0.4929305593658348,-0.4144052687518624,0.16091779618983254,0.42397512610649374,-0.19739095475450813,-0.09562053429339391,-0.21869701012806805,-0.08788415078033249,0.2843045980905262,0.11044809829000465,0.07943741575372795,0.3192901193917521,0.4331843309786706,0.2131742532326916,-0.6574139736254292,-0.261425357272446,-0.025583102545795253,-0.05122080105455505,-0.6557524049122538,-0.07919664665798042
2026-06-05,-0.5275481286548606,-0.15176538783870838,-0.1653955495621438,-0.005496218756854498,-0.14657227390251698,-0.18347889355990676,0.44214259180489685,0.4965594016474203,-0.22890861984925256,-0.12563405954417364,-0.28595683398254296,-0.14780856132026454,0.23463603605323516,0.031092096793958815,0.029683864197901727,0.2700595107137946,0.5910380742943178,0.4094130377169303,-0.7352963857857736,-0.4828258393843846,0.05032355575831485,-0.018819197484479123,-0.7546236271878881,-0.25357768105654055
2026-06-09,-0.42616155146430723,-0.06423491998236361,-0.21304066670155425,-0.07839239705079905,-0.268397356722506,-0.3402582493428701,0.47736357666046225,0.4476567759363657,-0.2561332275540683,-0.10078776772975426,-0.34187467358397944,-0.2727531443314133,0.30688809851229676,0.12226786851948714,0.18478090125733218,0.19634300967431373,0.46651188027096224,0.3695130995439542,-0.8258052259127112,-0.5047362449500103,0.6766537285434133,0.17484260320982975,-0.7075796065449101,-0.30177300060410756
2026-06-10,-0.3734765336055293,-0.2107063359655777,-0.35215512704489244,-0.15334431560200013,-0.03754229964285353,-0.18645687309145162,0.30668927237696403,0.4457977249071584,-0.18292003489305955,-0.18310324549292328,-0.44846361092892506,-0.15622854860898783,0.453549129257656,0.16393510791080723,0.2466980449570675,0.211009508836167,0.44556495411335617,0.38179548819447884,-0.868615784951248,-0.5561581150799142,0.4608865423443984,0.119652571866587,-0.3758006675145501,-0.1718188545967917
2026-06-11,-0.20017407672676119,-0.24757080780827886,-0.3316860723840637,-0.13306164321529618,-0.07668527089004869,-0.07592440839725582,0.22864335619874013,0.37988419525029027,-0.04321088703566885,-0.10337919779078729,-0.12110484979667913,-0.07642568199074407,0.4931783066287211,0.17872025121819352,0.05214811540621019,0.1487257251010461,0.5115365913774517,0.3214766413899685,-0.8396059931946451,-0.5323925768029621,0.4221434970086174,0.06645091921876198,-0.26730358709940194,-0.2699853438748545
2026-06-12,-0.24210377638006908,-0.2855775749357895,-0.23754891770818423,-0.17225906523502887,-0.05409275168745105,-0.0960273755060221,0.17252571627978747,0.347811483637251,0.06325196801667453,-0.011396750928670691,-0.41765824663612344,-0.2203348476070152,0.1930876108091235,0.06410086950638384,0.20325076170305986,0.23744373179879064,0.48253752126891936,0.29178408115087345,-0.7330751529383317,-0.48874885604037727,0.08755604801095067,-0.03853779688813915,-0.2435708641667946,-0.2040887338846754
2026-06-16,-0.0515423167234588,-0.2400219323659835,-0.7316423959696686,-0.19784207561871353,0.228225789844889,-0.07140403602150093,-0.1071914120592008,0.21122777581362495,0.1806563465792387,-0.034624143038000134,-0.3909608030255867,-0.28759537222948695,0.3563869355203429,0.17980714913672252,0.278924335864113,0.3013208225739115,0.4882460444783046,0.30931881067685224,-0.6537900293377491,-0.4540302012914169,0.16603871680784751,0.026680153498836665,-0.09196358675037004,-0.12113596724926019
2026-06-17,-0.14705260041047843,-0.20206683425478092,-0.6833381274197173,-0.21967151837201299,0.3248465618171106,-0.01395155570471219,0.08409770693160246,0.21396759586559996,0.34757675705522983,-0.052731077752825574,-0.33797377100210063,-0.282778295018925,0.29622439730968325,0.1806183302062929,0.07504151956224396,0.24616285566148682,0.4881721352298996,0.31058447987331733,-0.5718144663815412,-0.44004385216374425,0.1641707713800266,0.02785385975759881,-0.024350317139714403,-0.12117463472530952
2026-06-18,-0.24971725365710992,-0.20962162150277447,-0.6530832600414296,-0.33523662234145385,0.416335374004935,0.08118883336155348,0.11969028908669577,0.19837746588186425,0.5772330893317165,0.11692722163927513,-0.5821925796257049,-0.41495136007678834,-0.28060171225816966,0.06564319029927494,0.2824464581976225,0.36377661953386814,0.4779677548235279,0.2935130814663344,-0.5922318177123813,-0.5002188876517792,0.27951659492235836,0.09096542860415165,-0.0474924531972039,-0.1294273102139359
2026-06-19,0.04058280812224171,-0.07169373714854932,-0.7298785410532043,-0.33599830545968074,0.4273078775871068,0.08587687265349771,0.1191238371984082,0.1794803499500509,0.5778904393110481,0.09234432373189175,-0.38949975468931675,-0.33968651625003327,-0.46580658388566404,0.05165640151784357,0.30410320437883376,0.34039944693262697,0.7334896521007579,0.5603783436315101,-0.6416708510758538,-0.625203208462794,0.3020550041154918,0.08407959452183075,-0.0009697316564922517,-0.14152791238732082
2026-06-23,0.09817645945960417,-0.11897747994558518,-0.7382890532823148,-0.35892659436701696,0.3797958690707872,0.0673885703782086,-0.08594985051770637,0.00042889345599886883,0.5296399205698497,0.08370071543073834,-0.4459554138241875,-0.35581415764905583,-0.2976437560504678,0.06740250626908621,0.38992250417103946,0.30914846337262053,0.745147321126006,0.6202429016804137,-0.62917952698631,-0.6487080592413935,0.3371765524532106,0.1349456093759682,0.1077288249150538,-0.03599547447312649
2026-06-24,0.027714314867013323,-0.230282529338124,-0.6427007529217711,-0.41049774518080223,0.14983004054755536,0.07783756199881578,-0.18907818726141393,0.03149038080551263,0.4354475268008033,0.08731021841183165,-0.3915377292645815,-0.3218605171320066,-0.3105051303487255,0.04242333988166429,0.39657128291083016,0.3006938008633914,0.6128122872343209,0.6143053769456425,-0.41815913980280506,-0.645970237665619,0.35957215331867487,0.12509204195918305,0.2959737671423472,-0.038201819304219994
2026-06-25,-0.027841742772768147,-0.22773081089603506,-0.302482549450796,-0.2842358776061727,0.22406594322267065,0.06763892066169744,-0.12250390634952801,0.0628620959121691,0.40230595639179817,0.07871920712916246,-0.3791827177747869,-0.29531537786871365,-0.2418867161253874,0.03527236555035322,0.39338927376712957,0.3551681753283104,0.6149882668768037,0.563167999913392,-0.43720016345340973,-0.6385064540063056,0.37083484041889164,0.1956634520775367,0.31705048495218013,0.044876639146896484
2026-06-26,-0.05686793765359146,-0.21104390028739536,-0.25608546140620325,-0.312292518937695,0.12425815191907881,0.03944961294278937,-0.08745197710497253,0.049935485264226184,0.4788511140952051,0.13559124799999311,-0.38447723896810376,-0.3406392519363198,-0.2351908697466518,0.08086697916306752,0.4068627929222111,0.3696481302514036,0.6759776302672351,0.5633450838080503,-0.47696952626464856,-0.641638207249968,0.4827173834138048,0.2496144462994255,0.2746192255300103,0.04677509197565622
2026-06-30,-0.1231293297743329,-0.17276115626186497,-0.31037327767619743,-0.3205169399571276,0.1011961267092208,0.03541326955153092,-0.2032330860298225,0.0039010147021177233,0.3889498777387368,0.17239532228217083,-0.4079536578544914,-0.28439068719193106,-0.1667053124668488,0.08375294879685748,0.42969945450844665,0.3397980712733423,0.7014927472694549,0.6249863542763887,-0.44243215757637183,-0.609468603190052,0.2491819450411554,0.2085724521464546,0.3083006536431122,0.10496684189340871
2026-07-01,0.06718774732541534,-0.17366468536720203,-0.2202831097422724,-0.29052862923791356,0.21026640564744892,0.07423110814447934,-0.195257681563535,0.0025007410305898092,0.2743984104821405,0.2641390936186238,-0.27922058259886046,-0.28461601963722694,-0.060286853108967586,0.05465045162306194,0.40196602185335273,0.3391037280636482,0.771441604440211,0.6185567922929215,-0.6410200438911312,-0.6151102507328943,0.4234538722040251,0.20533209360362795,0.31264993206808717,0.10522805559698874
2026-07-02,-0.030818949609762697,-0.16120919831781855,-0.18394258449259857,-0.44396313434405077,0.16973797842510505,0.2258531233436555,-0.12287018736230557,-0.009355494489594543,0.3902062785341781,0.29564108042568077,0.13121081765951548,-0.19067468923344477,-0.3798862888614934,-0.03593931547187003,0.35245480417443203,0.3236078078761748,0.7708257234751966,0.6164093823598054,-0.6501748766438422,-0.6201465632343797,-0.09991436768059618,0.06014652502557975,0.22609103487716692,0.11708848225012053
2026-07-03,0.023157620372275665,-0.13407231218739044,-0.04595087897229192,-0.29913739698190284,0.17280379594571044,0.26196120582323074,-0.14765805702666218,0.008390079123451685,0.6390606841408242,0.3788565793726655,0.19259611073219815,-0.1543779999784252,-0.31728004123684156,-0.03708824739099763,0.4656159544797845,0.3176268290641532,0.7745292840969275,0.6172975802521744,-0.8515001514242369,-0.6170502588981701,-0.08817069930160644,0.06630266796759401,0.25516495399412914,0.1276963685025424
2026-07-07,0.05620116436504152,-0.11779611402423137,0.08791750184393018,-0.27394218531869674,0.10483924319920344,0.2629226426408005,-0.09115436282460351,0.021406399689311382,0.732276558814728,0.39663736163897545,0.3335945833990676,-0.2162146920963459,0.02826039165447066,-0.12457868798105286,0.27423375450685555,0.2887801077657946,0.7665525726670944,0.6078594826677534,-0.832544471505667,-0.6039004924355723,-0.30278914367491055,0.033676406051921355,0.32095875468491364,0.14807459364270123
2026-07-08,-0.017706400661571677,-0.13418656350395833,0.3031424377525061,-0.1996339618307765,-0.13162808878680318,0.21373271540667618,-0.5172861526653245,0.06154352781262737,0.6988355410294311,0.37369600834450034,0.3212790550891624,-0.20225950454046887,0.05709941067628911,-0.1494796135622006,0.22843713163007717,0.32055159145419715,0.27267950376359,0.646921242658362,-0.5192122066506433,-0.5258695988945997,-0.397068680063767,0.016985806555092638,0.02355493787294015,0.13503124985187454
2026-07-09,0.05211988652172588,-0.0908531772686073,0.5378957248740834,-0.1466375028790763,0.08856790829507376,0.2179498594594338,-0.07622525849371536,0.07636841555452029,0.2420764749046223,0.27748087490142403,-0.054594393236253244,-0.2860346212859651,0.344897314248845,-0.04451262015983873,0.3450598680224144,0.34610865184660017,0.31566891228643845,0.6475939358897653,-0.49245928862434635,-0.4617776453767874,-0.4757797664362962,0.07165172200996957,0.019988265494769345,0.13730772594135135
2026-07-10,-0.14729555054731075,-0.047540131099632656,0.609919157352737,-0.019660828216684356,-0.13201570191233442,0.01340775001774349,0.300445033153707,0.0002650858608498996,0.05708655504166806,0.2078767119049036,-0.03484761530626974,-0.2777216957325366,0.35621830765142903,-0.038453745765345666,0.36445900518852226,0.3440897040841863,0.28836157198940554,0.5501525977588224,-0.44593629566129284,-0.36315893429858853,-0.4631354142890479,0.06408868672579268,0.09386847426671723,0.2914838976044934
2026-07-14,-0.22302045484139202,-0.08511936325779047,0.3762802065802729,-0.04129736198612211,-0.14981403142826435,0.06043658720092813,0.37963349545390146,0.0057188006297882584,0.1102017936307931,0.24443828910795287,-0.08520605788768314,-0.27431986650818035,0.08543240818687489,-0.12155244696998815,0.41780120365928314,0.37017682777318744,0.09418260187162253,0.5598013762849899,-0.4959004100563933,-0.34650889450342043,-0.5105336633736307,-0.006367412400092971,0.037684921046751425,0.27459378647457017
2026-07-15,-0.2193497484282899,-0.10660318658022087,0.37222769571882974,0.0018293051911526241,-0.14541937428598345,-0.014003629013655131,0.3823421125864405,0.03949598153771174,0.09400695980167469,0.27710978334500047,-0.12030424169891854,-0.2871372582392214,0.1419087069602759,-0.08096425535110847,0.4416940138721126,0.38873609113495955,-0.3812709887652745,0.4933160165307773,-0.3025854561162008,-0.3562536822956443,-0.5088276802017306,-0.05356188056002048,0.046936366639239516,0.21337253754416052
2026-07-16,0.0021725653439145735,-0.07366349934255492,0.4874431096738105,0.05273631219091747,-0.12974814279032093,0.001186190826095958,0.37042378543257476,-0.009913973171599474,0.1993719074459061,0.2865190422113739,-0.002612409328135319,-0.2527944337964871,0.13969855842040163,-0.0460525717400343,0.45620409908110704,0.3957557083381333,-0.1615006116034944,0.5508010614046251,-0.09105661931651937,-0.2527236950434873,-0.36040678972704926,-0.038313663574339324,0.3150657372119448,0.273525518507462
2026-07-17,-0.08270511906756743,0.02302881032752316,0.42361265601929543,0.09018660243211571,-0.10198675460520178,0.062161468028791515,0.35318160125943754,-0.007346070953718116,0.1253502748628821,0.22702464268352543,0.22585862787273117,-0.1640595749528935,0.2546890435994115,0.02022704873831927,0.3822610191247778,0.38037157525161386,0.1190947937177782,0.5853347934281303,-0.20232635455003806,-0.39492264392963833,-0.3712900538059538,-0.013073769173983797,0.24297422178132028,0.2743935068139071
2026-07-21,-0.12793605109153344,-0.00712517387368492,0.45928551484053165,0.1369395692688569,-0.10085534279695198,0.043114380455196506,0.46694971904522914,0.05378301363023433,0.19172530993300033,0.3028317703081624,0.04694372613327466,-0.02923763613725873,0.4496487193168154,-0.03335000963892504,0.5019743864659126,0.3855580297513498,0.03854399255738225,0.5771848055551348,-0.21488813117954245,-0.39433059470866566,-0.22677722957425409,-0.10519524331853797,0.19378794250542924,0.21973261583957185
2026-07-22,-0.44981773867125935,-0.1599091762023297,0.46023680214025686,0.18571616088157494,-0.1552907462632966,0.03851176994441199,0.6272930744618082,0.09083006439518242,-0.06201624358796829,0.20127739903306302,0.27432272235977767,0.08935013464356985,0.1734417437354267,-0.07562393609391097,0.5280734386426954,0.5118433443023849,0.17573420522236144,0.5757156584216726,-0.14324443912382723,-0.4474384034785341,-0.30304113401376565,-0.1241095993068498,0.05609718187147026,0.20930832939586774
2026-07-23,-0.4440328823070097,-0.09784546766734478,0.40387499918674674,0.23454255381163808,-0.17377336050469436,0.0008137489027409713,0.6340728726375252,0.13713985318543437,-0.42263615990594605,-0.07091141378570973,0.3303141867055616,0.13593008746743132,0.25451691396915593,0.17252722543885923,0.6624325080050093,0.439144372999924,0.12680222659138668,0.52983498688841,-0.07960877379518218,-0.3825373703698567,-0.2555213947787803,-0.2831214786272126,-0.014239299248825317,0.24081622920211557
2026-07-24,-0.25852564886963475,-0.24824728686862652,0.1614586975493055,0.21924230715139514,-0.030962772046666406,-0.10783179635549199,0.40986044356165485,-0.07281348801672967,-0.4046820248592763,-0.04925392531655421,0.39848045417537703,0.09851490428279508,0.2906338428530182,0.2059696648626717,0.5950018078054182,0.41697129699745583,0.08916950701671632,0.13881895586806747,-0.06063644160376738,-0.18587119651987305,-0.20635925733078822,-0.3306038622665317,-0.08317160469777737,0.02397669398925224
2026-07-28,-0.16806496604301485,-0.18536315070095152,0.09185881620306338,0.12798930665477612,-0.10723627178389747,-0.07184809516974723,0.3075126937090596,0.20315766003467264,-0.824590698251617,-0.4322591130173418,0.03955764391364026,-0.002148718837272772,0.26958974810590647,0.26828761307865384,0.7466098592740301,0.5381238846683847,0.09331177299773641,0.13104310459151064,-0.012787263700535605,-0.1655199753859255,-0.5199705955453975,-0.4644925509443746,0.3885716902638098,0.26062293494468275
