ticker,regime,label,dual_pass,n_failed,failed_legs,pass_roe,pass_roic,pass_de,pass_ev,pass_pb,pass_mca,roe_gap,roic_gap,de_gap,ev_gap,pb_gap,mca_gap,roe,roic,debt_to_equity,ev_ebitda,pb_ratio,mktcap_to_assets
EOG,high_vol_stress,defensive_dual_tight,False,3,"roic,pb,mca",True,False,True,True,False,False,0.027850394719813654,-0.009820472280308051,0.5312669858936199,1.2716415520816797,-1.1539264292709055,-0.9709216920061665,0.17785039471981365,0.14017952771969194,0.26873301410638023,6.72835844791832,2.4539264292709055,1.4209216920061665
PNW,high_vol_stress,defensive_dual_tight,False,5,"roe,roic,de,ev,pb",False,False,False,False,False,True,-0.05745890336052241,-0.12055144053450287,-1.3424659921957025,-4.366682915683336,-0.4128846784152225,0.05551676477859824,0.09254109663947759,0.029448559465497133,2.1424659921957026,12.366682915683336,1.7128846784152225,0.3944832352214018
DASH,high_vol_stress,defensive_dual_tight,False,5,"roe,roic,ev,pb,mca",False,False,True,False,False,False,-0.059197881937634825,-0.08133110863922877,0.47768189841145325,-29.05526316231653,-4.756304126387584,-2.6833869149662912,0.09080211806236517,0.06866889136077123,0.3223181015885468,37.05526316231653,6.056304126387584,3.1333869149662914
PPL,high_vol_stress,defensive_dual_tight,False,6,"roe,roic,de,ev,pb,mca",False,False,False,False,False,False,-0.06883614088820826,-0.11542530561306974,-0.5474931753112724,-4.619885913027234,-0.6457742908101112,-0.18112439689178178,0.08116385911179173,0.034574694386930255,1.3474931753112724,12.619885913027234,1.9457742908101112,0.6311243968917818
ALB,high_vol_stress,defensive_dual_tight,False,5,"roe,roic,ev,pb,mca",False,False,True,False,False,False,-0.17364272955990423,-0.16985040067746304,0.6089545423258513,-30.60193077641449,-0.8440125963117182,-0.9449462218736997,-0.02364272955990422,-0.01985040067746306,0.1910454576741487,38.60193077641449,2.1440125963117183,1.3949462218736997
PRU,high_vol_stress,defensive_dual_tight,False,4,"roe,roic,ev,pb",False,False,True,False,False,True,-0.04160281469898358,-0.0870802018661729,0.07721657544957006,,-0.7083231755859745,0.3661007719672411,0.10839718530101641,0.0629197981338271,0.72278342455043,,2.0083231755859745,0.0838992280327589
CBOE,high_vol_stress,defensive_dual_tight,False,3,"ev,pb,mca",True,True,True,False,False,False,0.07985019075090724,0.027505353472930844,0.5051084023448404,-7.109749177413226,-4.162643501796378,-2.2014836464963805,0.22985019075090724,0.17750535347293084,0.2948915976551596,15.109749177413226,5.462643501796378,2.6514836464963807
KIM,high_vol_stress,defensive_dual_tight,False,5,"roe,roic,ev,pb,mca",False,False,True,False,False,False,-0.09062685714934757,-0.11700465716290612,0.0005599049601565653,-7.67233598651241,-0.14285938254223107,-0.3153504799660564,0.05937314285065242,0.03299534283709387,0.7994400950398435,15.67233598651241,1.4428593825422311,0.7653504799660564
CEG,high_vol_stress,defensive_dual_tight,False,5,"roe,roic,ev,pb,mca",False,False,True,False,False,False,-0.03677836514051906,-0.08224186312534629,0.12903264343099485,-6.726924528318699,-1.6736296842313874,-0.5773967115922809,0.11322163485948093,0.06775813687465371,0.6709673565690052,14.7269245283187,2.9736296842313874,1.0273967115922809
CVS,high_vol_stress,defensive_dual_tight,False,4,"roe,roic,de,ev",False,False,False,False,True,True,-0.11214625077463333,-0.13118112207238722,-0.21147748399091082,-6.2906801740077345,0.13442403820163573,0.09312201373637563,0.03785374922536666,0.018818877927612786,1.0114774839909109,14.290680174007734,1.1655759617983643,0.3568779862636244
NRG,high_vol_stress,defensive_dual_tight,False,6,"roe,roic,de,ev,pb,mca",False,False,False,False,False,False,-0.10096430036930651,-0.14153412914880803,-3.992162494870743,-13.456953846343069,-5.421230750393185,-0.3678982517518384,0.04903569963069348,0.008465870851191952,4.792162494870743,21.45695384634307,6.721230750393185,0.8178982517518384
AES,high_vol_stress,defensive_dual_tight,False,4,"roic,de,ev,pb",True,False,False,False,False,True,0.1556561085972851,-0.11185663062198255,-6.213348416289593,-3.8451245394587925,-0.9190864763820377,0.26430238691363706,0.3056561085972851,0.03814336937801745,7.013348416289593,11.845124539458793,2.2190864763820377,0.18569761308636296
LYB,high_vol_stress,defensive_dual_tight,False,6,"roe,roic,de,ev,pb,mca",False,False,False,False,False,False,-0.2293824701195219,-0.18280915527745759,-0.6195219123505975,-22.044589745649056,-1.4032391207059047,-0.3492379048202863,-0.07938247011952192,-0.0328091552774576,1.4195219123505975,30.044589745649056,2.7032391207059048,0.7992379048202863
EMR,high_vol_stress,defensive_dual_tight,False,5,"roe,roic,ev,pb,mca",False,False,True,False,False,False,-0.029574447126040487,-0.07884167636786961,0.10763926513323163,-8.60601430336325,-2.299907083647102,-1.2865736912965005,0.12042555287395951,0.07115832363213039,0.6923607348667684,16.60601430336325,3.5999070836471017,1.7365736912965004
AME,high_vol_stress,defensive_dual_tight,False,5,"roe,roic,ev,pb,mca",False,False,True,False,False,False,-0.010087970864791018,-0.03335046468439805,0.6005779126623262,-13.486254585773288,-3.1928169519508574,-2.5579583915167503,0.13991202913520898,0.11664953531560195,0.19942208733767383,21.48625458577329,4.492816951950857,3.0079583915167505
CCI,high_vol_stress,defensive_dual_tight,False,6,"roe,roic,de,ev,pb,mca",False,False,False,False,False,False,,-0.11212310883794127,,-16.161691989217484,,-0.66887573084695,,0.03787689116205873,,24.161691989217484,,1.11887573084695
MTD,high_vol_stress,defensive_dual_tight,False,5,"roe,de,ev,pb,mca",False,True,False,False,False,False,,0.2501637128987929,,-38.76401743111478,,-14.945318476002594,,0.40016371289879293,,46.76401743111478,,15.395318476002593
BNY,high_vol_stress,defensive_dual_tight,False,4,"roe,roic,ev,pb",False,False,True,False,False,True,-0.0168914543465154,-0.07410430088360367,0.0461648393363554,,-0.48315087613954444,0.30778730530659404,0.1331085456534846,0.07589569911639632,0.7538351606636446,,1.7831508761395445,0.14221269469340594
MCK,high_vol_stress,defensive_dual_tight,False,5,"roe,de,ev,pb,mca",False,True,False,False,False,False,,0.5892114250232847,,-26.369818313383902,,-2.490043317604512,,0.7392114250232847,,34.3698183133839,,2.940043317604512
DDOG,high_vol_stress,defensive_dual_tight,False,5,"roe,roic,ev,pb,mca",False,False,True,False,False,False,-0.11598158277046763,-0.1242715815639392,0.47778824749474835,-166.62211555305782,-8.492330131948576,-5.167652337697376,0.03401841722953236,0.025728418436060784,0.3222117525052517,174.62211555305782,9.792330131948576,5.617652337697376
AKAM,high_vol_stress,defensive_dual_tight,False,6,"roe,roic,de,ev,pb,mca",False,False,False,False,False,False,-0.061347623922221706,-0.10961789184459189,-0.39533798821510224,-8.832688950478417,-2.10153067699692,-0.9837862274166072,0.08865237607777829,0.040382108155408096,1.1953379882151023,16.832688950478417,3.40153067699692,1.433786227416607
CHRW,high_vol_stress,defensive_dual_tight,False,4,"de,ev,pb,mca",True,True,False,False,False,False,0.20150790348807393,0.02888393591723365,-0.16500541921612366,-15.434553913138469,-10.147759845442623,-3.276228589454928,0.3515079034880739,0.17888393591723364,0.9650054192161237,23.43455391313847,11.447759845442624,3.7262285894549283
MAR,high_vol_stress,defensive_dual_tight,False,5,"roe,de,ev,pb,mca",False,True,False,False,False,False,,0.04408141805618146,,-12.905517812068407,,-2.6517295495877593,,0.19408141805618145,,20.905517812068407,,3.1017295495877595
ABT,high_vol_stress,defensive_dual_tight,False,5,"roe,roic,ev,pb,mca",False,False,True,False,False,False,-0.029449107777414954,-0.07711478608259395,0.1460171721634237,-9.112583074927823,-2.0672141002832385,-1.1374501559811798,0.12055089222258504,0.07288521391740604,0.6539828278365764,17.112583074927823,3.3672141002832388,1.5874501559811798
COR,high_vol_stress,defensive_dual_tight,False,4,"de,ev,pb,mca",True,True,False,False,False,False,0.6001426010790001,0.011481292343524185,-2.845383933906092,-6.150932399262151,-16.647712304380743,-0.29681444626948933,0.7501426010790001,0.16148129234352418,3.6453839339060923,14.150932399262151,17.947712304380744,0.7468144462694893
DVA,high_vol_stress,defensive_dual_tight,False,6,"roe,roic,de,ev,pb,mca",False,False,False,False,False,False,,-0.08731292635703224,,-0.28561510660025036,,-0.11371147219922889,,0.06268707364296776,,8.28561510660025,,0.5637114721992289
CPAY,high_vol_stress,defensive_dual_tight,False,5,"roic,de,ev,pb,mca",True,False,False,False,False,False,0.18521825984693438,-0.06516987379501986,-2.1516416495352875,-2.5056341742135135,-4.118510143080255,-0.26328760404676016,0.3352182598469344,0.08483012620498014,2.9516416495352877,10.505634174213514,5.418510143080255,0.7132876040467602
ALGN,high_vol_stress,defensive_dual_tight,False,5,"roe,roic,ev,pb,mca",False,False,True,False,False,False,-0.04639706185371975,-0.049215630284449766,0.7720336750759564,-4.916550786664143,-1.658846765550351,-1.4944343680578869,0.10360293814628024,0.10078436971555023,0.027966324924043582,12.916550786664143,2.958846765550351,1.9444343680578868
ZTS,high_vol_stress,defensive_dual_tight,False,4,"de,ev,pb,mca",True,True,False,False,False,False,0.6675069594803588,0.061931681501082525,-2.057407980204145,-8.38774996960634,-16.84497173760146,-3.4211029185472825,0.8175069594803588,0.21193168150108252,2.8574079802041448,16.38774996960634,18.14497173760146,3.8711029185472827
DLR,high_vol_stress,defensive_dual_tight,False,6,"roe,roic,de,ev,pb,mca",False,False,False,False,False,False,-0.09103711909659877,-0.11764295515945641,-0.02225790995351784,-13.73595217334588,-1.5342027680500199,-0.9055427965233875,0.058962880903401224,0.03235704484054359,0.8222579099535179,21.73595217334588,2.83420276805002,1.3555427965233875
ACGL,high_vol_stress,defensive_dual_tight,False,2,"ev,pb",True,True,True,False,False,True,0.051422192822887375,0.031000854478582307,0.6871754589052423,,-0.05325737024745347,0.04810685274236415,0.20142219282288737,0.1810008544785823,0.11282454109475773,,1.3532573702474535,0.40189314725763586
COHR,high_vol_stress,defensive_dual_tight,False,5,"roe,roic,ev,pb,mca",False,False,True,False,False,False,-0.10608787613504675,-0.11675324480087998,0.4792057269361579,-31.50011129280462,-3.0648326469103138,-2.2459015470277652,0.04391212386495324,0.033246755199120015,0.3207942730638421,39.50011129280462,4.364832646910314,2.6959015470277654
BXP,high_vol_stress,defensive_dual_tight,False,5,"roe,roic,de,ev,pb",False,False,False,False,False,True,-0.08850707935041316,-0.1352583806996426,-2.3713816777303425,-4.066826966202859,-0.2878675674590012,0.12371480889929931,0.06149292064958684,0.014741619300357396,3.1713816777303427,12.066826966202859,1.5878675674590013,0.3262851911007007
DTE,high_vol_stress,defensive_dual_tight,False,6,"roe,roic,de,ev,pb,mca",False,False,False,False,False,False,-0.047427574454272495,-0.11783305764092122,-1.3887527387811407,-5.188233756729996,-1.1495996830355157,-0.09776832572487953,0.1025724255457275,0.032166942359078764,2.1887527387811407,13.188233756729996,2.449599683035516,0.5477683257248795
COP,high_vol_stress,defensive_dual_tight,False,4,"roe,roic,pb,mca",False,False,True,True,False,False,-0.036552733921073416,-0.06667046023580825,0.43857083094467086,0.8084105196087465,-1.1732884178378675,-0.8507008170761772,0.11344726607892658,0.08332953976419175,0.3614291690553292,7.1915894803912535,2.4732884178378676,1.3007008170761771
BKNG,high_vol_stress,defensive_dual_tight,False,5,"roe,de,ev,pb,mca",False,True,False,False,False,False,,0.7720857057237039,,-5.2149545297438635,,-4.2459667840937625,,0.922085705723704,,13.214954529743864,,4.695966784093763
AMCR,high_vol_stress,defensive_dual_tight,False,6,"roe,roic,de,ev,pb,mca",False,False,False,False,False,False,-0.09180757016565101,-0.12609055965017454,-0.6338683374817611,-3.6970087460833483,-0.25155015203712505,-0.031004492080904278,0.05819242983434898,0.02390944034982544,1.4338683374817611,11.697008746083348,1.551550152037125,0.4810044920809043
EA,high_vol_stress,defensive_dual_tight,False,5,"roe,roic,ev,pb,mca",False,False,True,False,False,False,-0.018864577173270253,-0.04328681424446583,0.5711413364872857,-24.525249350963243,-6.299775872336398,-3.4647729800078744,0.13113542282672974,0.10671318575553417,0.22885866351271436,32.52524935096324,7.599775872336398,3.9147729800078745
SRE,high_vol_stress,defensive_dual_tight,False,6,"roe,roic,de,ev,pb,mca",False,False,False,False,False,False,-0.08933475929198054,-0.1215105106853782,-0.3293902476828172,-10.303463074011272,-0.6540273855976553,-0.10528611702104301,0.060665240708019465,0.02848948931462179,1.1293902476828173,18.303463074011272,1.9540273855976553,0.555286117021043
SPG,high_vol_stress,defensive_dual_tight,False,5,"roic,de,ev,pb,mca",True,False,False,False,False,False,0.8159838925881661,-0.011307876012905754,-5.164951323970308,-3.1425479571507076,-11.727647287148221,-1.1468627640474922,0.9659838925881661,0.13869212398709424,5.964951323970308,11.142547957150708,13.027647287148222,1.5968627640474922
EG,high_vol_stress,defensive_dual_tight,False,3,"roe,roic,ev",False,False,True,False,True,True,-0.016980576809888154,-0.042266949152542366,0.5652867699954222,,0.47769544937106845,0.2483083814496328,0.13301942319011184,0.10773305084745763,0.23471323000457786,,0.8223045506289316,0.2016916185503672
CINF,high_vol_stress,defensive_dual_tight,False,3,"ev,pb,mca",True,True,True,False,False,False,0.02544864452080947,0.016104349921677308,0.7437444317169404,,-0.228454929111219,-0.13280897711906275,0.17544864452080947,0.1661043499216773,0.05625556828305969,,1.528454929111219,0.5828089771190628
RSG,high_vol_stress,defensive_dual_tight,False,5,"roic,de,ev,pb,mca",True,False,False,False,False,False,0.03105175292153589,-0.06679134537921509,-0.37587646076794656,-8.05222201223281,-4.403734745969751,-1.5248769438357694,0.18105175292153589,0.0832086546207849,1.1758764607679466,16.05222201223281,5.703734745969751,1.9748769438357694
REG,high_vol_stress,defensive_dual_tight,False,6,"roe,roic,de,ev,pb,mca",False,False,False,False,False,False,-0.07072608730660171,-0.10625118144676418,-0.01202408007735567,-8.175456618029404,-0.6963327806655657,-0.6047203723408494,0.07927391269339829,0.04374881855323582,0.8120240800773557,16.175456618029404,1.9963327806655657,1.0547203723408494
ECL,high_vol_stress,defensive_dual_tight,False,5,"roic,de,ev,pb,mca",True,False,False,False,False,False,0.06048790971521106,-0.0407287861175689,-0.12628874738851847,-13.330609542445558,-6.163540774575827,-2.531738279225702,0.21048790971521106,0.10927121388243109,0.9262887473885185,21.330609542445558,7.463540774575827,2.981738279225702
WDC,high_vol_stress,defensive_dual_tight,False,3,"ev,pb,mca",True,True,True,False,False,False,0.5200413223140495,0.4259701625077702,0.6366735537190082,-4.36925759029087,-8.449628473707467,-5.822941417446878,0.6700413223140496,0.5759701625077702,0.16332644628099174,12.36925759029087,9.749628473707467,6.272941417446878
CMI,high_vol_stress,defensive_dual_tight,False,4,"roic,ev,pb,mca",True,False,True,False,False,False,0.06641972309934419,-0.020186003593803126,0.13284754270909238,-7.238124121489754,-4.692100773937774,-1.698597377236332,0.21641972309934418,0.12981399640619687,0.6671524572909077,15.238124121489754,5.992100773937774,2.148597377236332
CAH,high_vol_stress,defensive_dual_tight,False,5,"roe,de,ev,pb,mca",False,True,False,False,False,False,,0.10558842866535176,,-8.582732975526586,,-0.4190066778907277,,0.25558842866535175,,16.582732975526586,,0.8690066778907277
BSX,high_vol_stress,defensive_dual_tight,False,5,"roe,roic,ev,pb,mca",False,False,True,False,False,False,-0.012163625115991339,-0.053369202829805104,0.37357717290442316,-10.722881391270707,-2.3061238587322146,-1.6529692111169985,0.13783637488400866,0.09663079717019489,0.4264228270955769,18.722881391270707,3.606123858732215,2.1029692111169984
UPS,high_vol_stress,defensive_dual_tight,False,5,"roic,de,ev,pb,mca",True,False,False,False,False,False,0.18299498826365543,-0.03184580754079909,-1.0183086975829474,-1.0220077037047677,-3.914824570807716,-0.694721131190269,0.3329949882636554,0.1181541924592009,1.8183086975829474,9.022007703704768,5.214824570807716,1.144721131190269
EBAY,high_vol_stress,defensive_dual_tight,False,4,"de,ev,pb,mca",True,True,False,False,False,False,0.3123753399818676,0.02565007749268125,-0.8323662737987307,-6.944438930492305,-7.834440210226549,-1.8023417094684813,0.46237533998186764,0.17565007749268124,1.6323662737987308,14.944438930492305,9.134440210226549,2.2523417094684812
TSN,high_vol_stress,defensive_dual_tight,False,5,"roe,roic,ev,pb,mca",False,False,True,False,False,False,-0.12496960990164659,-0.1326973759596654,0.35337606365344243,-6.09206987364011,-0.2696842997721758,-0.3578528780684442,0.02503039009835341,0.017302624040334592,0.4466239363465576,14.09206987364011,1.5696842997721758,0.8078528780684442
CMG,high_vol_stress,defensive_dual_tight,False,4,"de,ev,pb,mca",True,True,False,False,False,False,0.45307563231137604,0.03971492183656791,-1.378851860851001,-11.744821194899753,-15.556164764167331,-4.160074139013924,0.6030756323113761,0.1897149218365679,2.178851860851001,19.744821194899753,16.856164764167332,4.610074139013924
TER,high_vol_stress,defensive_dual_tight,False,3,"ev,pb,mca",True,True,True,False,False,False,0.12166284540825548,0.11472453470228575,0.7737904508406345,-32.57299568409662,-13.456055765749914,-10.012817835079456,0.27166284540825547,0.26472453470228574,0.02620954915936556,40.57299568409662,14.756055765749915,10.462817835079456
ADP,high_vol_stress,defensive_dual_tight,False,3,"ev,pb,mca",True,True,True,False,False,False,0.5343199319695753,0.2581968137070715,0.12355395978016104,-4.132771698141536,-11.332305631674968,-0.7939699025761229,0.6843199319695753,0.40819681370707145,0.676446040219839,12.132771698141536,12.632305631674969,1.2439699025761228
TMO,high_vol_stress,defensive_dual_tight,False,6,"roe,roic,de,ev,pb,mca",False,False,False,False,False,False,-0.018137792925500162,-0.07798704439817443,-0.031090058344405258,-14.101265457238394,-2.9120445505952075,-1.4809867466394269,0.13186220707449983,0.07201295560182557,0.8310900583444053,22.101265457238394,4.212044550595207,1.9309867466394268
ECHO,high_vol_stress,defensive_dual_tight,False,5,"roe,roic,de,ev,pb",False,False,False,False,False,True,-2.714482509398346,-0.5763835769143761,-4.214496449316411,,-1.9943488891643886,0.001632880411031823,-2.564482509398346,-0.4263835769143761,5.014496449316411,,3.2943488891643886,0.4483671195889682
ABNB,high_vol_stress,defensive_dual_tight,False,3,"ev,pb,mca",True,True,True,False,False,False,0.1796228391828182,0.09749262536873157,0.46815086432687275,-10.62393106214169,-5.611502005378635,-1.5172069969088735,0.3296228391828182,0.24749262536873157,0.3318491356731273,18.62393106214169,6.911502005378635,1.9672069969088735
MET,high_vol_stress,defensive_dual_tight,False,4,"roe,roic,ev,pb",False,False,True,False,False,True,-0.01755233494363928,-0.07531060387171337,0.026687161469770238,,-0.35267940481374316,0.38923958060748465,0.1324476650563607,0.07468939612828662,0.7733128385302298,,1.6526794048137432,0.06076041939251534
IR,high_vol_stress,defensive_dual_tight,False,5,"roe,roic,ev,pb,mca",False,False,True,False,False,False,-0.09231014928600209,-0.1109153921444599,0.32397519434698435,-14.609140649595911,-2.107302098324495,-1.4530222294552464,0.057689850713997896,0.03908460785554009,0.4760248056530157,22.60914064959591,3.407302098324495,1.9030222294552464
AMT,high_vol_stress,defensive_dual_tight,False,5,"roic,de,ev,pb,mca",True,False,False,False,False,False,0.6733407142451598,-0.0903890343611393,-12.011900300914096,-9.754322613704332,-21.088867012312157,-0.7972131228405146,0.8233407142451599,0.05961096563886069,12.811900300914097,17.754322613704332,22.388867012312158,1.2472131228405146
IDXX,high_vol_stress,defensive_dual_tight,False,3,"ev,pb,mca",True,True,True,False,False,False,0.553830659024499,0.2615013259171146,0.08960293759474791,-21.043318137905235,-27.18369827694095,-12.642189518951769,0.703830659024499,0.4115013259171146,0.7103970624052521,29.043318137905235,28.483698276940952,13.092189518951768
ARES,high_vol_stress,defensive_dual_tight,False,5,"roic,de,ev,pb,mca",True,False,False,False,False,False,0.0047114783868078824,-0.11573083722812122,-2.714597552811062,-8.478154382183572,-4.657545462335548,-0.3945771651645276,0.15471147838680788,0.034269162771878775,3.5145975528110625,16.478154382183572,5.957545462335548,0.8445771651645276
SYK,high_vol_stress,defensive_dual_tight,False,5,"roe,roic,ev,pb,mca",False,False,True,False,False,False,-0.004780451716784873,-0.06149010662564319,0.1592845641672832,-13.255120209011903,-4.167301340871622,-2.2639858182344077,0.14521954828321512,0.0885098933743568,0.6407154358327168,21.255120209011903,5.467301340871622,2.713985818234408
SYY,high_vol_stress,defensive_dual_tight,False,5,"roic,de,ev,pb,mca",True,False,False,False,False,False,0.6057683935568132,-0.0517988460233058,-5.89612538093165,-3.6077958803893804,-13.3581919312763,-0.7532257751542601,0.7557683935568132,0.0982011539766942,6.69612538093165,11.60779588038938,14.658191931276301,1.20322577515426
IBKR,high_vol_stress,defensive_dual_tight,False,1,pb,True,True,True,True,False,True,0.035854968666069825,0.03545649455065214,0.797851387645479,5.369356121759213,-4.044387474533882,0.3135495291623197,0.18585496866606982,0.18545649455065213,0.0021486123545210387,2.630643878240787,5.344387474533882,0.1364504708376803
TAP,high_vol_stress,defensive_dual_tight,False,3,"roe,roic,ev",False,False,True,False,True,True,-0.359759541756996,-0.2791853720977235,0.1762903001253009,,0.5585860128893885,0.1166870483332415,-0.20975954175699596,-0.1291853720977235,0.6237096998746992,,0.7414139871106116,0.3333129516667585
HWM,high_vol_stress,defensive_dual_tight,False,4,"de,ev,pb,mca",True,True,False,False,False,False,0.1658275986961246,0.020846394984326028,-0.04860557768924301,-29.099871879426495,-15.391085464168857,-6.603506844198395,0.3158275986961246,0.17084639498432602,0.848605577689243,37.099871879426495,16.691085464168857,7.053506844198395
TFC,high_vol_stress,defensive_dual_tight,False,4,"roe,roic,de,ev",False,False,False,False,True,True,-0.06392842682281122,-0.10852997891609203,-0.2755131279783225,,0.4345960206509335,0.348773075039991,0.08607157317718878,0.04147002108390795,1.0755131279783225,,0.8654039793490665,0.10122692496000904
TKO,high_vol_stress,defensive_dual_tight,False,6,"roe,roic,de,ev,pb,mca",False,False,False,False,False,False,-0.08295362921739047,-0.12286298038678758,-0.6706608072010289,-5.013092207544316,-3.1605076857965138,-0.4898171710514159,0.06704637078260953,0.027137019613212406,1.470660807201029,13.013092207544316,4.460507685796514,0.9398171710514159
ATO,high_vol_stress,defensive_dual_tight,False,5,"roe,roic,ev,pb,mca",False,False,True,False,False,False,-0.05970456748263592,-0.09513858428618312,0.1541177101883806,-7.485666120312986,-0.7565257556505303,-0.559214148203458,0.09029543251736408,0.05486141571381688,0.6458822898116194,15.485666120312986,2.0565257556505303,1.009214148203458
TECH,high_vol_stress,defensive_dual_tight,False,5,"roe,roic,ev,pb,mca",False,False,True,False,False,False,-0.09745945914840234,-0.10388036669071646,0.6607771336936965,-23.91897221939263,-2.5975709542004006,-2.736551052507982,0.05254054085159766,0.04611963330928353,0.13922286630630354,31.91897221939263,3.8975709542004005,3.186551052507982
STX,high_vol_stress,defensive_dual_tight,False,4,"de,ev,pb,mca",True,True,False,False,False,False,2.021689497716895,0.30097667362033,-3.015525114155251,-20.372385447243918,-79.85630727271511,-9.543944721505067,2.171689497716895,0.45097667362033,3.815525114155251,28.372385447243918,81.15630727271511,9.993944721505066
ROP,high_vol_stress,defensive_dual_tight,False,5,"roe,roic,ev,pb,mca",False,False,True,False,False,False,-0.05891168030608991,-0.09146233180793661,0.24393665639281548,-5.090826827068717,-0.5503792122885376,-0.5578040455458544,0.09108831969391008,0.05853766819206339,0.5560633436071846,13.090826827068717,1.8503792122885376,1.0078040455458543
RVTY,high_vol_stress,defensive_dual_tight,False,5,"roe,roic,ev,pb,mca",False,False,True,False,False,False,-0.11663083539580096,-0.1272444824881386,0.3335791819805788,-7.851254728049225,-0.05881182009209018,-0.3635637421831071,0.03336916460419904,0.022755517511861386,0.46642081801942126,15.851254728049225,1.3588118200920902,0.8135637421831071
IT,high_vol_stress,defensive_dual_tight,False,4,"de,ev,pb,mca",True,True,False,False,False,False,11.534904707812697,0.07294949713876323,-50.61054524801212,-1.2271020732903235,-165.95296382485893,-0.9348182630553947,11.684904707812697,0.22294949713876322,51.41054524801212,9.227102073290324,167.25296382485894,1.3848182630553947
SBAC,high_vol_stress,defensive_dual_tight,False,6,"roe,roic,de,ev,pb,mca",False,False,False,False,False,False,,-0.054567649433681906,,-8.479034002820544,,-1.0980830868778915,,0.09543235056631809,,16.479034002820544,,1.5480830868778914
APTV,high_vol_stress,defensive_dual_tight,False,6,"roe,roic,de,ev,pb,mca",False,False,False,False,False,False,-0.1104678869273259,-0.13090904336000836,-0.2707245748944005,-1.708811751261532,-0.29156611193887993,-0.1330627271170764,0.039532113072674104,0.019090956639991632,1.0707245748944005,9.708811751261532,1.59156611193888,0.5830627271170764
IRM,high_vol_stress,defensive_dual_tight,False,6,"roe,roic,de,ev,pb,mca",False,False,False,False,False,False,,-0.1350133020813262,,-13.230689323094598,,-0.9547134449979864,,0.014986697918673785,,21.230689323094598,,1.4047134449979863
SNDK,high_vol_stress,defensive_dual_tight,False,3,"ev,pb,mca",True,True,True,False,False,False,0.1771394352907019,0.17287413138476967,0.7867895768309502,-8.734630466680198,-5.5293061497234435,-5.060240165431324,0.3271394352907019,0.32287413138476967,0.013210423169049865,16.734630466680198,6.829306149723443,5.510240165431324
SOLV,high_vol_stress,defensive_dual_tight,False,4,"roic,de,pb,mca",True,False,False,True,False,False,0.13812877263581488,-0.010388027688407908,-0.2637826961770624,1.5631034837064313,-0.9753137267781244,-0.35217842250743275,0.2881287726358149,0.1396119723115921,1.0637826961770624,6.436896516293569,2.2753137267781245,0.8021784225074328
STE,high_vol_stress,defensive_dual_tight,False,5,"roe,roic,ev,pb,mca",False,False,True,False,False,False,-0.04109917033242384,-0.06561677525132674,0.5094493011860348,-6.508014538999085,-1.6911019522089121,-1.551162312696787,0.10890082966757615,0.08438322474867326,0.29055069881396517,14.508014538999085,2.991101952208912,2.001162312696787
ITW,high_vol_stress,defensive_dual_tight,False,4,"de,ev,pb,mca",True,True,False,False,False,False,0.820579126664602,0.10321160216530664,-2.0330752554970575,-9.47374894876738,-21.75192784805274,-4.126652423841755,0.970579126664602,0.25321160216530664,2.8330752554970577,17.47374894876738,23.051927848052742,4.576652423841755
TPL,high_vol_stress,defensive_dual_tight,False,3,"ev,pb,mca",True,True,True,False,False,False,0.1736783281682012,0.1704155771445295,0.7898171273296117,-37.696541167062556,-19.704926684315716,-18.210239044241725,0.3236783281682012,0.3204155771445295,0.010182872670388305,45.696541167062556,21.004926684315716,18.660239044241724
TRGP,high_vol_stress,defensive_dual_tight,False,5,"roic,de,ev,pb,mca",True,False,False,False,False,False,0.5297704447632712,-0.05425402927030801,-5.299728997289973,-5.881240840240606,-15.6932350219167,-1.516233510760634,0.6797704447632712,0.09574597072969199,6.099728997289973,13.881240840240606,16.9932350219167,1.966233510760634
USB,high_vol_stress,defensive_dual_tight,False,4,"roe,roic,de,ev",False,False,False,False,True,True,-0.03134253488584196,-0.09616774478297449,-0.4042075821603379,,0.07891741405366104,0.335406036823121,0.11865746511415803,0.053832255217025504,1.204207582160338,,1.221082585946339,0.11459396317687905
GNRC,high_vol_stress,defensive_dual_tight,False,5,"roe,roic,ev,pb,mca",False,False,True,False,False,False,-0.0793499961864768,-0.10459622871446683,0.24396177204702452,-16.94886360309814,-3.0091210404459847,-1.610616776631557,0.0706500038135232,0.045403771285533155,0.5560382279529755,24.94886360309814,4.3091210404459845,2.060616776631557
VRTX,high_vol_stress,defensive_dual_tight,False,3,"ev,pb,mca",True,True,True,False,False,False,0.07406375407372212,0.05321429240598827,0.697401597983669,-12.803885640992473,-4.55346856847352,-3.829284147495411,0.22406375407372212,0.20321429240598826,0.10259840201633104,20.803885640992473,5.85346856847352,4.279284147495411
VST,high_vol_stress,defensive_dual_tight,False,5,"roic,de,ev,pb,mca",True,False,False,False,False,False,0.25039306771484726,-0.062152097216777724,-2.7577988207968556,-2.4997376107584355,-7.743729368379294,-0.7753740988384552,0.40039306771484723,0.08784790278322227,3.5577988207968554,10.499737610758435,9.043729368379294,1.2253740988384552
TPR,high_vol_stress,defensive_dual_tight,False,5,"roic,de,ev,pb,mca",True,False,False,False,False,False,0.8212778429073857,-0.006088240402987666,-4.949120750293083,-20.052009953871615,-40.36081932667164,-3.9462675102479965,0.9712778429073857,0.14391175959701233,5.749120750293083,28.052009953871615,41.660819326671636,4.396267510247997
HSIC,high_vol_stress,defensive_dual_tight,False,6,"roe,roic,de,ev,pb,mca",False,False,False,False,False,False,-0.029056950398040404,-0.09369208838203849,-0.34788732394366195,-4.030726095444535,-1.2706260389631494,-0.29271626355747055,0.12094304960195959,0.05630791161796151,1.147887323943662,12.030726095444535,2.5706260389631495,0.7427162635574706
TRMB,high_vol_stress,defensive_dual_tight,False,5,"roe,roic,ev,pb,mca",False,False,True,False,False,False,-0.0690732988008231,-0.08529078014184396,0.5493791243879941,-11.657546690953676,-1.3974145261672264,-1.2412318059070058,0.0809267011991769,0.06470921985815603,0.25062087561200597,19.657546690953676,2.6974145261672264,1.6912318059070057
TROW,high_vol_stress,defensive_dual_tight,False,2,"pb,mca",True,True,True,True,False,False,0.04436609263657959,0.03677389730467115,0.7593508758907364,3.0909839449763536,-0.4708011479570662,-0.8759908602947319,0.19436609263657958,0.18677389730467114,0.040649124109263655,4.909016055023646,1.7708011479570662,1.325990860294732
TSCO,high_vol_stress,defensive_dual_tight,False,5,"roic,de,ev,pb,mca",True,False,False,False,False,False,0.2801312501765292,-0.02881850615651374,-1.7494796815433842,-7.239457745296699,-8.074933711238527,-1.570754092655218,0.43013125017652915,0.12118149384348625,2.5494796815433842,15.239457745296699,9.374933711238528,2.020754092655218
TTD,high_vol_stress,defensive_dual_tight,False,3,"ev,pb,mca",True,True,True,False,False,False,0.026329924034618507,0.0003697697059603655,0.6273578899573913,-4.521625302906662,-2.6489217167419987,-1.2395666818131572,0.1763299240346185,0.15036976970596036,0.17264211004260877,12.521625302906662,3.948921716741999,1.6895666818131572
UHS,high_vol_stress,defensive_dual_tight,False,2,"roic,mca",True,False,True,True,True,False,0.053727680248931764,-0.02921234399365752,0.11334022875454952,2.802490078290745,0.024189363862595625,-0.15733739659042417,0.20372768024893176,0.12078765600634248,0.6866597712454505,5.197509921709255,1.2758106361374044,0.6073373965904242
TTWO,high_vol_stress,defensive_dual_tight,False,6,"roe,roic,de,ev,pb,mca",False,False,False,False,False,False,-0.2349354866273605,-0.19609534409200519,-0.042604460394770505,-22.987987951588135,-9.21828234711897,-3.4856123169600988,-0.0849354866273605,-0.04609534409200519,0.8426044603947705,30.987987951588135,10.518282347118971,3.935612316960099
AMP,high_vol_stress,defensive_dual_tight,False,3,"de,ev,pb",True,True,False,False,False,True,0.47701223438506113,0.17388158988857474,-0.13593045717965224,,-5.001031580603821,0.23778838383332465,0.6270122343850612,0.32388158988857474,0.9359304571796523,,6.301031580603821,0.21221161616667536
UBER,high_vol_stress,defensive_dual_tight,False,3,"ev,pb,mca",True,True,True,False,False,False,0.19503656417922507,0.0797551789077213,0.29824249525271707,-17.07059823786482,-4.615746338584523,-1.99503026845296,0.34503656417922507,0.2297551789077213,0.501757504747283,25.07059823786482,5.915746338584523,2.44503026845296
J,high_vol_stress,defensive_dual_tight,False,6,"roe,roic,de,ev,pb,mca",False,False,False,False,False,False,-0.03414930611969719,-0.10140967106507559,-0.5842335793910398,-12.330519613804569,-3.2498121526254984,-0.804584550851096,0.11585069388030281,0.0485903289349244,1.3842335793910399,20.33051961380457,4.549812152625498,1.254584550851096
ROK,high_vol_stress,defensive_dual_tight,False,5,"roic,de,ev,pb,mca",True,False,False,False,False,False,0.1591993185689949,-0.006256599788806744,-0.35105053946621223,-18.217373126808123,-10.00357389867151,-3.0868858627506275,0.3091993185689949,0.14374340021119325,1.1510505394662123,26.217373126808123,11.30357389867151,3.5368858627506277
NI,high_vol_stress,defensive_dual_tight,False,6,"roe,roic,de,ev,pb,mca",False,False,False,False,False,False,-0.05041622662607939,-0.11360251126778151,-0.9360067093247189,-4.334021523868662,-0.9864885455926642,-0.1533541070201107,0.0995837733739206,0.03639748873221848,1.736006709324719,12.334021523868662,2.2864885455926642,0.6033541070201107
LNT,high_vol_stress,defensive_dual_tight,False,6,"roe,roic,de,ev,pb,mca",False,False,False,False,False,False,-0.03938291565615737,-0.10737721939570138,-0.7952573430342225,-6.806127074739658,-1.1599039782198608,-0.2858000776346193,0.11061708434384263,0.04262278060429862,1.5952573430342225,14.806127074739658,2.459903978219861,0.7358000776346193
NVR,high_vol_stress,defensive_dual_tight,False,3,"ev,pb,mca",True,True,True,False,False,False,0.20448968155432948,0.12258584392302094,0.49953011333032254,-2.215985371096565,-3.751059375272452,-2.709555068823126,0.35448968155432947,0.27258584392302093,0.3004698866696775,10.215985371096565,5.051059375272452,3.159555068823126
NWS,high_vol_stress,defensive_dual_tight,False,2,"roe,roic",False,False,True,True,True,True,-0.017544268406337354,-0.051242074177017274,0.4587837837837838,4.129035995257179,0.7001524847113765,0.11814313797128484,0.13245573159366264,0.09875792582298272,0.34121621621621623,3.870964004742821,0.5998475152886236,0.33185686202871517
LIN,high_vol_stress,defensive_dual_tight,False,4,"roic,ev,pb,mca",True,False,True,False,False,False,0.03363325208733081,-0.040849683276050736,0.11761136752579993,-10.694944273465051,-4.624668419368202,-2.197173286929897,0.1836332520873308,0.10915031672394926,0.6823886324742001,18.69494427346505,5.924668419368202,2.647173286929897
NWSA,high_vol_stress,defensive_dual_tight,False,3,"roe,roic,mca",False,False,True,True,True,False,-0.017544268406337354,-0.051242074177017274,0.4587837837837838,1.6116268447723492,0.2526261142966688,-0.12944427912331752,0.13245573159366264,0.09875792582298272,0.34121621621621623,6.388373155227651,1.0473738857033312,0.5794442791233175
ODFL,high_vol_stress,defensive_dual_tight,False,3,"ev,pb,mca",True,True,True,False,False,False,0.07894651071135858,0.07688400479489915,0.7909094256409838,-15.605744237123478,-7.924573313189415,-6.724461944259052,0.22894651071135858,0.22688400479489915,0.009090574359016319,23.605744237123478,9.224573313189415,7.174461944259052
LITE,high_vol_stress,defensive_dual_tight,False,6,"roe,roic,de,ev,pb,mca",False,False,False,False,False,False,-0.0020548866617340344,-0.08003133400136787,-0.31444810654469624,-92.2727793548816,-17.087949404643044,-7.3296680032108625,0.14794511333826596,0.06996866599863212,1.1144481065446963,100.2727793548816,18.387949404643045,7.779668003210863
OKE,high_vol_stress,defensive_dual_tight,False,5,"roic,de,ev,pb,mca",True,False,False,False,False,False,0.007937111419242304,-0.0869565605527683,-0.7052108959162677,-3.3397736235271065,-1.2170777935419348,-0.37510018958428576,0.1579371114192423,0.06304343944723169,1.5052108959162678,11.339773623527106,2.517077793541935,0.8251001895842858
MDLZ,high_vol_stress,defensive_dual_tight,False,6,"roe,roic,de,ev,pb,mca",False,False,False,False,False,False,-0.04867961165048543,-0.09492527231275859,-0.03968932038834949,-9.78873514525348,-1.5331989726144062,-0.5757708380644662,0.10132038834951457,0.05507472768724141,0.8396893203883495,17.78873514525348,2.8331989726144062,1.0257708380644661
MNST,high_vol_stress,defensive_dual_tight,False,3,"ev,pb,mca",True,True,True,False,False,False,0.08283096721853414,0.0776386513518679,0.7771905349296755,-17.39274155380266,-6.820337176968677,-6.085366909955162,0.23283096721853414,0.2276386513518679,0.022809465070324574,25.39274155380266,8.120337176968677,6.535366909955163
MPWR,high_vol_stress,defensive_dual_tight,False,3,"ev,pb,mca",True,True,True,False,False,False,0.03516238330781718,0.034162398326597926,0.7945700914502327,-53.352711502824626,-13.284842306816417,-11.605756443891492,0.18516238330781717,0.18416239832659792,0.005429908549767363,61.352711502824626,14.584842306816418,12.055756443891491
MRNA,high_vol_stress,defensive_dual_tight,False,5,"roe,roic,ev,pb,mca",False,False,True,False,False,False,-0.5811555075593953,-0.516873420629451,0.6247840172786178,,-1.4209424479584383,-1.304591021455093,-0.43115550755939525,-0.36687342062945094,0.17521598272138228,,2.7209424479584383,1.754591021455093
ANET,high_vol_stress,defensive_dual_tight,False,4,"de,ev,pb,mca",True,True,False,False,False,False,0.12585618850605393,0.12585618850605393,,-27.828217233212484,-10.162866150660106,-6.6887722882537775,0.2758561885060539,0.2758561885060539,,35.828217233212484,11.462866150660107,7.138772288253778
MS,high_vol_stress,defensive_dual_tight,False,4,"roic,de,ev,pb",True,False,False,False,False,True,0.008488353779115554,-0.11438094863525525,-2.6495388761528096,,-0.9392284778565398,0.28817531745540237,0.15848835377911555,0.03561905136474475,3.4495388761528094,,2.23922847785654,0.16182468254459764
MSI,high_vol_stress,defensive_dual_tight,False,4,"de,ev,pb,mca",True,True,False,False,False,False,0.6715408805031446,0.022257479601087954,-2.969261006289308,-14.399121724649376,-26.931856367969537,-3.3142475157292712,0.8215408805031447,0.17225747960108795,3.7692610062893084,22.399121724649376,28.231856367969538,3.7642475157292714
MTB,high_vol_stress,defensive_dual_tight,False,3,"roe,roic,ev",False,False,True,False,True,True,-0.045216645216645215,-0.08756789571218607,0.12164307164307164,,0.23634363784200896,0.3114457018744723,0.10478335478335478,0.06243210428781392,0.6783569283569284,,1.063656362157991,0.13855429812552775
NCLH,high_vol_stress,defensive_dual_tight,False,4,"roic,de,ev,pb",True,False,False,False,False,True,0.0836909805934411,-0.11769039431676374,-5.432863900740547,-0.8145921291298208,-2.231340840845384,0.08915454480386387,0.2336909805934411,0.03230960568323625,6.232863900740547,8.81459212912982,3.531340840845384,0.36084545519613614
OMC,high_vol_stress,defensive_dual_tight,False,5,"roe,roic,de,ev,pb",False,False,False,False,False,True,-0.14332422036430684,-0.14699337109913763,-0.4203537103559356,-16.336803718302555,-0.866178786672813,0.04086223218172019,0.006675779635693169,0.0030066289008623777,1.2203537103559357,24.336803718302555,2.166178786672813,0.4091377678182798
PODD,high_vol_stress,defensive_dual_tight,False,4,"roic,ev,pb,mca",True,False,True,False,False,False,0.08245816060187319,-0.01546407784244902,0.07214801166896978,-18.594928095205084,-9.858067663523098,-4.415592842295523,0.2324581606018732,0.13453592215755097,0.7278519883310303,26.594928095205084,11.158067663523099,4.8655928422955235
KEY,high_vol_stress,defensive_dual_tight,False,4,"roe,roic,de,ev",False,False,False,False,True,True,-0.0526367138640116,-0.09742387809688488,-0.0518537049081903,,0.23513426641993962,0.3371878883667456,0.0973632861359884,0.05257612190311512,0.8518537049081903,,1.0648657335800604,0.11281211163325436
KDP,high_vol_stress,defensive_dual_tight,False,6,"roe,roic,de,ev,pb,mca",False,False,False,False,False,False,-0.07747713867226158,-0.11405587819808508,-0.21765567475555203,-6.923175272593104,-0.10810605886194913,-0.036329876304507736,0.07252286132773841,0.035944121801914926,1.017655674755552,14.923175272593104,1.4081060588619492,0.48632987630450775
PSKY,high_vol_stress,defensive_dual_tight,False,4,"roe,roic,de,ev",False,False,False,False,True,True,-0.13692866296454506,-0.14459363957597174,-0.617770183682187,-2.5934744348535723,0.4658301091552771,0.23052601662611308,0.013071337035454933,0.005406360424028269,1.417770183682187,10.593474434853572,0.8341698908447229,0.21947398337388693
JKHY,high_vol_stress,defensive_dual_tight,False,3,"ev,pb,mca",True,True,True,False,False,False,0.09318405704298882,0.08334656292152456,0.7578417012091468,-4.656798084934531,-3.9363505860186114,-3.2144517151749588,0.24318405704298882,0.23334656292152456,0.04215829879085315,12.65679808493453,5.236350586018611,3.664451715174959
APP,high_vol_stress,defensive_dual_tight,False,4,"de,ev,pb,mca",True,True,False,False,False,False,1.5267448718691863,0.5242585501841343,-0.686798085706561,-16.766931287302356,-50.18390574419195,-15.336973684125171,1.6767448718691862,0.6742585501841343,1.486798085706561,24.766931287302356,51.483905744191944,15.78697368412517
PTC,high_vol_stress,defensive_dual_tight,False,3,"ev,pb,mca",True,True,True,False,False,False,0.17290233383326345,0.08781336309907126,0.44220273568586327,-1.8018770735369234,-2.9639798755249878,-2.067632891162698,0.32290233383326344,0.23781336309907125,0.3577972643141368,9.801877073536923,4.263979875524988,2.517632891162698
Q,high_vol_stress,defensive_dual_tight,False,5,"roe,roic,ev,pb,mca",False,False,True,False,False,False,-0.0663651544670192,-0.09638237130876973,0.24016142499304205,-10.976651397914672,-2.0595047817421666,-1.2666608377728232,0.0836348455329808,0.05361762869123026,0.559838575006958,18.976651397914672,3.359504781742167,1.7166608377728232
RJF,high_vol_stress,defensive_dual_tight,False,3,"roic,ev,pb",True,False,True,False,False,True,0.02084427468767408,-0.02211103168930187,0.46412031511100504,,-0.8971829224118488,0.1496867899379002,0.17084427468767407,0.12788896831069813,0.335879684888995,,2.197182922411849,0.3003132100620998
RL,high_vol_stress,defensive_dual_tight,False,4,"de,ev,pb,mca",True,True,False,False,False,False,0.1812099669177166,0.010849798318178727,-0.2591257830646865,-1.5132227333205819,-3.24512563596865,-1.2186504272939236,0.3312099669177166,0.16084979831817872,1.0591257830646865,9.513222733320582,4.54512563596865,1.6686504272939235
RMD,high_vol_stress,defensive_dual_tight,False,3,"ev,pb,mca",True,True,True,False,False,False,0.08407067656965722,0.05716420270808226,0.670120061719885,-6.519984953430534,-3.700948571825035,-3.245885668994714,0.23407067656965722,0.20716420270808225,0.12987993828011504,14.519984953430534,5.000948571825035,3.6958856689947144
PNC,high_vol_stress,defensive_dual_tight,False,4,"roe,roic,de,ev",False,False,False,False,True,True,-0.036604743269366774,-0.09462480716538876,-0.24776274223207118,,0.015274083248442372,0.3144453393455173,0.11339525673063322,0.055375192834611224,1.0477627422320712,,1.2847259167515577,0.13555466065448266
PKG,high_vol_stress,defensive_dual_tight,False,5,"roic,de,ev,pb,mca",True,False,False,False,False,False,0.011537120188325561,-0.06723899181435447,-0.15185056018135046,-4.50909421381496,-2.794389985380665,-1.2928480849636212,0.16153712018832556,0.08276100818564552,0.9518505601813505,12.50909421381496,4.094389985380665,1.7428480849636212
ON,high_vol_stress,defensive_dual_tight,False,5,"roe,roic,ev,pb,mca",False,False,True,False,False,False,-0.07142925620061082,-0.09434527851613278,0.38824657271594293,-8.537931060231834,-2.000378235646477,-1.5563918942301826,0.07857074379938918,0.055654721483867214,0.4117534272840571,16.537931060231834,3.300378235646477,2.0063918942301826
LH,high_vol_stress,defensive_dual_tight,False,6,"roe,roic,de,ev,pb,mca",False,False,False,False,False,False,-0.04213619595353206,-0.09104275730781755,-0.02952592626538042,-5.469691470539891,-1.1661205193764965,-0.6777658505183966,0.10786380404646793,0.05895724269218245,0.8295259262653805,13.46969147053989,2.4661205193764966,1.1277658505183965
ORLY,high_vol_stress,defensive_dual_tight,False,5,"roe,de,ev,pb,mca",False,True,False,False,False,False,,0.1897504230725571,,-12.44102620263076,,-3.9982182454147726,,0.3397504230725571,,20.44102620263076,,4.448218245414773
OXY,high_vol_stress,defensive_dual_tight,False,4,"roe,roic,pb,mca",False,False,True,True,False,False,-0.028377684167265993,-0.06475073366580847,0.37333299085585125,0.873267321553798,-0.35298489614863326,-0.34978633894485217,0.121622315832734,0.08524926633419153,0.4266670091441488,7.126732678446202,1.6529848961486333,0.7997863389448522
LDOS,high_vol_stress,defensive_dual_tight,False,5,"roic,de,ev,pb,mca",True,False,False,False,False,False,0.13186714542190306,-0.03182654512001337,-0.5851984839417514,-2.999279503384674,-2.5885494089356866,-0.8168680176119192,0.28186714542190305,0.11817345487998662,1.3851984839417515,10.999279503384674,3.888549408935687,1.2668680176119191
L,high_vol_stress,defensive_dual_tight,False,3,"roe,roic,ev",False,False,True,False,True,True,-0.06263900769888793,-0.09087850061509516,0.32234816082121476,,0.12639626081147504,0.19371778431581083,0.08736099230111206,0.05912149938490484,0.4776518391787853,,1.173603739188525,0.2562822156841892
KVUE,high_vol_stress,defensive_dual_tight,False,5,"roic,de,ev,pb,mca",True,False,False,False,False,False,0.0029034690799396856,-0.06643482740855229,-0.029751131221719462,-4.611929399613395,-1.7832245150038217,-0.7679506090400143,0.15290346907993968,0.0835651725914477,0.8297511312217195,12.611929399613395,3.0832245150038218,1.2179506090400143
AMZN,high_vol_stress,defensive_dual_tight,False,4,"roic,ev,pb,mca",True,False,True,False,False,False,0.05546531678109315,-0.01069696011979096,0.325047859990858,-4.462747578487619,-3.76972675270539,-1.99415219684611,0.20546531678109314,0.13930303988020903,0.47495214000914204,12.462747578487619,5.06972675270539,2.44415219684611
PEG,high_vol_stress,defensive_dual_tight,False,6,"roe,roic,de,ev,pb,mca",False,False,False,False,False,False,-0.019213431196902275,-0.09573401755311495,-0.6101022943998151,-4.630567684369767,-1.0112440553093245,-0.24016232442863478,0.13078656880309772,0.05426598244688504,1.4101022943998152,12.630567684369767,2.3112440553093245,0.6901623244286348
PGR,high_vol_stress,defensive_dual_tight,False,3,"ev,pb,mca",True,True,True,False,False,False,0.21077905053216392,0.1359369202226345,0.5382564998907582,,-2.2939322937367956,-0.49220553935498373,0.3607790505321639,0.2859369202226345,0.26174350010924186,,3.593932293736796,0.9422055393549837
KLAC,high_vol_stress,defensive_dual_tight,False,4,"de,ev,pb,mca",True,True,False,False,False,False,0.6510573716296815,0.23999812539480478,-0.2540031335246835,-24.410859023485415,-31.646104730307986,-10.93423730322562,0.8010573716296815,0.3899981253948048,1.0540031335246836,32.410859023485415,32.94610473030799,11.38423730322562
PH,high_vol_stress,defensive_dual_tight,False,4,"roic,ev,pb,mca",True,False,True,False,False,False,0.08822109658429736,-0.006137737174982422,0.14410295023615582,-13.626708109092544,-6.409153207699842,-3.2210133710775115,0.23822109658429735,0.14386226282501757,0.6558970497638442,21.626708109092544,7.709153207699842,3.6710133710775117
KKR,high_vol_stress,defensive_dual_tight,False,5,"roe,roic,de,ev,pb",False,False,False,False,False,True,-0.052885586913208354,-0.11521110248493535,-0.9915346568467176,-3.9630659603384917,-1.4180672675287316,0.24885049634260792,0.09711441308679164,0.03478889751506465,1.7915346568467176,11.963065960338492,2.7180672675287316,0.2011495036573921
APO,high_vol_stress,defensive_dual_tight,False,3,"roe,roic,pb",False,False,True,True,False,True,-0.09265951581374367,-0.11652131924731497,0.08725377174076487,0.7986747783508301,-1.90614679398509,0.3131834648326385,0.05734048418625633,0.03347868075268502,0.7127462282592352,7.20132522164917,3.20614679398509,0.13681653516736153
APA,high_vol_stress,defensive_dual_tight,False,3,"roic,pb,mca",True,False,True,True,False,False,0.08745353159851302,-0.01053493449781659,0.09739776951672863,3.32593189492696,-1.8936753796287948,-0.6904595525683666,0.237453531598513,0.1394650655021834,0.7026022304832714,4.67406810507304,3.193675379628795,1.1404595525683665
AMGN,high_vol_stress,defensive_dual_tight,False,5,"roic,de,ev,pb,mca",True,False,False,False,False,False,0.6987486398258977,-0.03272969193992151,-5.437540805223069,-6.021000443794888,-19.208500478666853,-1.5874591304046135,0.8487486398258978,0.11727030806007849,6.237540805223069,14.021000443794888,20.508500478666853,2.0374591304046135
GL,high_vol_stress,defensive_dual_tight,False,3,"roic,ev,pb",True,False,True,False,False,True,0.04347233571464729,-0.017180740998151894,0.3433412505941233,,-0.46851794950882986,0.10249728672047065,0.19347233571464728,0.1328192590018481,0.45665874940587675,,1.76851794950883,0.34750271327952936
WRB,high_vol_stress,defensive_dual_tight,False,4,"roic,ev,pb,mca",True,False,True,False,False,False,0.0427242018368405,-0.000798114714061382,0.5082991513981653,,-1.2025735601489826,-0.10000871404558626,0.1927242018368405,0.1492018852859386,0.29170084860183476,,2.5025735601489827,0.5500087140455863
BALL,high_vol_stress,defensive_dual_tight,False,5,"roic,de,ev,pb,mca",True,False,False,False,False,False,0.017500000000000016,-0.08003654807190273,-0.5941071428571427,-2.785430474419808,-1.5000461251831776,-0.34313395553999976,0.1675,0.06996345192809726,1.3941071428571428,10.785430474419808,2.8000461251831776,0.7931339555399998
ETN,high_vol_stress,defensive_dual_tight,False,5,"roic,de,ev,pb,mca",True,False,False,False,False,False,0.05232239744434866,-0.053980362901285064,-0.3070939607524974,-17.67387495621711,-5.722997000787945,-2.0643055977587195,0.20232239744434866,0.09601963709871493,1.1070939607524974,25.67387495621711,7.022997000787945,2.5143055977587196
CHD,high_vol_stress,defensive_dual_tight,False,4,"roic,ev,pb,mca",True,False,True,False,False,False,0.025107501194457732,-0.03532002440665237,0.2730769230769231,-14.450780305381876,-5.2264748449037635,-2.5833452174282074,0.17510750119445773,0.11467997559334762,0.5269230769230769,22.450780305381876,6.526474844903763,3.0333452174282076
FLEX,high_vol_stress,defensive_dual_tight,False,5,"roic,de,ev,pb,mca",True,False,False,False,False,False,0.021073094867807146,-0.05697674418604651,-0.03903576982892687,-5.488214403644115,-3.3624921985614984,-0.6372103295285743,0.17107309486780714,0.09302325581395349,0.8390357698289269,13.488214403644115,4.662492198561498,1.0872103295285742
GPN,high_vol_stress,defensive_dual_tight,False,4,"roe,roic,de,ev",False,False,False,False,True,True,-0.1796525822172434,-0.16489366557576002,-0.19095260105101786,-2.799948352285929,0.5296134509879727,0.16474030377864535,-0.029652582217243408,-0.014893665575760015,0.9909526010510179,10.799948352285929,0.7703865490120273,0.28525969622135466
FIS,high_vol_stress,defensive_dual_tight,False,5,"roic,de,ev,pb,mca",True,False,False,False,False,False,0.01711522814045191,-0.07807693343749157,-0.5235275708831444,-3.773895163300164,-0.20047173908211935,-0.10130707789796295,0.1671152281404519,0.07192306656250842,1.3235275708831444,11.773895163300164,1.5004717390821194,0.551307077897963
WMB,high_vol_stress,defensive_dual_tight,False,5,"roic,de,ev,pb,mca",True,False,False,False,False,False,0.06490147783251232,-0.08551069432253891,-1.5323583743842366,-7.338720593992688,-5.500903774499685,-1.0332772388037386,0.21490147783251232,0.06448930567746108,2.3323583743842367,15.338720593992688,6.800903774499685,1.4832772388037385
FOXA,high_vol_stress,defensive_dual_tight,False,2,"roic,mca",True,False,True,True,True,False,0.005985048773817114,-0.0577279836056733,0.10950861518825783,2.98642229590056,0.2379790203324046,-0.08478896965403543,0.1559850487738171,0.0922720163943267,0.6904913848117422,5.01357770409944,1.0620209796675955,0.5347889696540354
BRK.B,high_vol_stress,defensive_dual_tight,False,4,"roe,roic,ev,mca",False,False,True,False,True,False,-0.08635972337011005,-0.09594114712983913,0.6227593955287611,,0.37853816988122946,-0.08508348838837415,0.06364027662988994,0.054058852870160864,0.17724060447123893,,0.9214618301187706,0.5350834883883742
FCX,high_vol_stress,defensive_dual_tight,False,5,"roe,roic,ev,pb,mca",False,False,True,False,False,False,-0.009882081517559593,-0.05861365612251722,0.2667521148423482,-2.390367312149701,-3.5894851066552196,-1.170826087785691,0.1401179184824404,0.09138634387748278,0.5332478851576519,10.390367312149701,4.889485106655219,1.620826087785691
ADM,high_vol_stress,defensive_dual_tight,False,5,"roe,roic,ev,pb,mca",False,False,True,False,False,False,-0.10259603578319593,-0.11769373300260003,0.33266970706893534,-6.263538251465775,-0.22635903083280673,-0.1760493424064054,0.04740396421680407,0.03230626699739996,0.4673302929310647,14.263538251465775,1.5263590308328068,0.6260493424064054
CDW,high_vol_stress,defensive_dual_tight,False,5,"roic,de,ev,pb,mca",True,False,False,False,False,False,0.27149956953901544,-0.020945711170486797,-1.466064021288252,-2.494082241412581,-4.7249584040408665,-0.4857445090793409,0.4214995695390154,0.1290542888295132,2.266064021288252,10.494082241412581,6.024958404040866,0.9357445090793409
FISV,high_vol_stress,defensive_dual_tight,False,3,"roe,roic,de",False,False,False,True,True,True,-0.02786725697492462,-0.09235065215824745,-0.31854509369871375,1.1521021441278574,0.16433449059350802,0.08058583686796078,0.12213274302507537,0.05764934784175254,1.1185450936987138,6.847897855872143,1.135665509406492,0.36941416313203923
AJG,high_vol_stress,defensive_dual_tight,False,5,"roe,roic,ev,pb,mca",False,False,True,False,False,False,-0.08221451104100946,-0.10661560825907879,0.23756046267087283,-9.343507266355068,-1.0328658043304026,-0.25834196878654575,0.06778548895899053,0.04338439174092121,0.5624395373291272,17.34350726635507,2.3328658043304027,0.7083419687865458
DOC,high_vol_stress,defensive_dual_tight,False,6,"roe,roic,de,ev,pb,mca",False,False,False,False,False,False,-0.12161464029946252,-0.1380171414556299,-0.5688304084899507,-3.2931800647796,-0.12965716481622747,-0.06761622175542975,0.02838535970053747,0.01198285854437008,1.3688304084899507,11.2931800647796,1.4296571648162275,0.5176162217554298
EXPE,high_vol_stress,defensive_dual_tight,False,4,"de,ev,pb,mca",True,True,False,False,False,False,2.4333333333333336,0.13171147292692162,-7.3701388888888895,-0.29165103703851436,-44.4996125783258,-0.5470360499306723,2.5833333333333335,0.2817114729269216,8.17013888888889,8.291651037038514,45.7996125783258,0.9970360499306724
DIS,high_vol_stress,defensive_dual_tight,False,5,"roe,roic,ev,pb,mca",False,False,True,False,False,False,-0.04675092909445487,-0.07808170902054258,0.3643558891709902,-3.2831886396564656,-0.3440236569379411,-0.4208758226580143,0.10324907090554512,0.07191829097945741,0.43564411082900983,11.283188639656466,1.6440236569379412,0.8708758226580143
AIG,high_vol_stress,defensive_dual_tight,False,5,"roe,roic,ev,pb,mca",False,False,True,False,False,False,-0.07176710803118426,-0.08622001170275014,0.5733943818834303,,-2.2275303019081516,-0.43230292769478634,0.07823289196881573,0.06377998829724986,0.22660561811656973,,3.527530301908152,0.8823029276947864
EXR,high_vol_stress,defensive_dual_tight,False,6,"roe,roic,de,ev,pb,mca",False,False,False,False,False,False,-0.07918789302515361,-0.11538291983120258,-0.24558289230510755,-9.20360517229032,-0.7555983880781036,-0.49181504263094206,0.07081210697484638,0.034617080168797415,1.0455828923051076,17.20360517229032,2.0555983880781037,0.9418150426309421
XYZ,high_vol_stress,defensive_dual_tight,False,5,"roe,roic,ev,pb,mca",False,False,True,False,False,False,-0.11283350505527476,-0.12296089223765608,0.42545409148132995,-2.6592982697161442,-0.1831929055549839,-0.3554811688929593,0.037166494944725244,0.027039107762343917,0.3745459085186701,10.659298269716144,1.483192905554984,0.8054811688929593
AIZ,high_vol_stress,defensive_dual_tight,False,3,"roic,ev,pb",True,False,True,False,False,True,0.020409241149010132,-0.026165360472458488,0.42389682079940033,,-0.6218800659282635,0.1346308103789829,0.17040924114901013,0.1238346395275415,0.3761031792005997,,1.9218800659282635,0.3153691896210171
CLX,high_vol_stress,defensive_dual_tight,False,5,"roe,de,ev,pb,mca",False,True,False,False,False,False,,0.021079429735234217,,-4.722406296782109,,-1.6289426126602462,,0.1710794297352342,,12.72240629678211,,2.078942612660246
WY,high_vol_stress,defensive_dual_tight,False,5,"roe,roic,ev,pb,mca",False,False,True,False,False,False,-0.10794045979446976,-0.1233342289091886,0.22271427057951054,-12.319233900772005,-0.550334498523068,-0.6148928316297324,0.042059540205530245,0.02666577109081139,0.5772857294204895,20.319233900772005,1.850334498523068,1.0648928316297324
WYNN,high_vol_stress,defensive_dual_tight,False,6,"roe,roic,de,ev,pb,mca",False,False,False,False,False,False,,-0.11861067540516886,,-3.750040560702768,,-0.3645436984474814,,0.03138932459483114,,11.750040560702768,,0.8145436984474814
EL,high_vol_stress,defensive_dual_tight,False,6,"roe,roic,de,ev,pb,mca",False,False,False,False,False,False,-0.21210869020786377,-0.1686564357180471,-1.529075882794891,-29.243761603343096,-9.456454183523551,-1.7342209903788415,-0.06210869020786376,-0.018656435718047093,2.329075882794891,37.243761603343096,10.756454183523552,2.1842209903788414
AEE,high_vol_stress,defensive_dual_tight,False,6,"roe,roic,de,ev,pb,mca",False,False,False,False,False,False,-0.037577456476836815,-0.10628227194492254,-0.7715550309825907,-4.344249825225903,-0.9275646223825051,-0.15580319425866157,0.11242254352316318,0.043717728055077454,1.5715550309825908,12.344249825225903,2.227564622382505,0.6058031942586616
ZBH,high_vol_stress,defensive_dual_tight,False,5,"roe,roic,ev,pb,mca",False,False,True,False,False,False,-0.0899446079553076,-0.11221760001588538,0.21049292607292502,-2.6128157779266736,-0.07663572501850102,-0.31783842396120726,0.06005539204469239,0.03778239998411461,0.589507073927075,10.612815777926674,1.376635725018501,0.7678384239612073
EXPD,high_vol_stress,defensive_dual_tight,False,3,"ev,pb,mca",True,True,True,False,False,False,0.2160295836488835,0.14345173690429855,0.5526753546929788,-7.722877528346778,-6.858559983556099,-3.4476195959654445,0.3660295836488835,0.29345173690429854,0.2473246453070212,15.722877528346778,8.1585599835561,3.8976195959654447
ED,high_vol_stress,defensive_dual_tight,False,6,"roe,roic,de,ev,pb,mca",False,False,False,False,False,False,-0.0658071573683388,-0.10916472438557595,-0.26176746366619774,-3.3689477258350546,-0.46355993763091585,-0.1539533878808274,0.0841928426316612,0.040835275614424044,1.0617674636661978,11.368947725835055,1.763559937630916,0.6039533878808274
YUM,high_vol_stress,defensive_dual_tight,False,5,"roe,de,ev,pb,mca",False,True,False,False,False,False,,0.22208306572468425,,-10.500807449530765,,-4.694237625629396,,0.37208306572468425,,18.500807449530765,,5.144237625629396
EW,high_vol_stress,defensive_dual_tight,False,5,"roe,roic,ev,pb,mca",False,False,True,False,False,False,-0.044185427257322676,-0.050928343487090216,0.7319389978213509,-20.458925628172732,-3.164784803129634,-3.0114047574033336,0.10581457274267732,0.09907165651290978,0.06806100217864924,28.458925628172732,4.464784803129634,3.4614047574033338
APH,high_vol_stress,defensive_dual_tight,False,5,"roic,de,ev,pb,mca",True,False,False,False,False,False,0.16949373247095187,-0.01354760937122812,-0.5414300841394311,-13.374833837169675,-9.818950921609373,-3.238424809562629,0.31949373247095186,0.13645239062877187,1.341430084139431,21.374833837169675,11.118950921609374,3.6884248095626293
AVY,high_vol_stress,defensive_dual_tight,False,5,"roic,de,ev,pb,mca",True,False,False,False,False,False,0.14984785916105195,-0.036743506386891264,-0.8475114105629211,-9.540930718212845,-7.957855082709814,-1.922050833957847,0.29984785916105194,0.11325649361310873,1.6475114105629212,17.540930718212845,9.257855082709813,2.372050833957847
GEN,high_vol_stress,defensive_dual_tight,False,4,"roic,de,pb,mca",True,False,False,True,False,False,0.22265415549597858,-0.06049581455247907,-2.3635388739946377,0.5887584993414539,-2.993804818534829,-0.26916892560102884,0.3726541554959786,0.08950418544752092,3.163538873994638,7.411241500658546,4.293804818534829,0.7191689256010289
ARE,high_vol_stress,defensive_dual_tight,False,4,"roe,roic,de,ev",False,False,False,False,True,True,-0.21730467827441202,-0.18701077182622805,-0.018515933426599962,-21.229499729927042,0.7966063408240469,0.21818713624303632,-0.06730467827441203,-0.037010771826228056,0.8185159334266,29.229499729927042,0.5033936591759531,0.2318128637569637
WBD,high_vol_stress,defensive_dual_tight,False,5,"roe,roic,de,pb,mca",False,False,False,True,False,False,-0.20328749462827675,-0.17668962548428754,-0.19656209712075634,2.4677553720268692,-0.8132657480989562,-0.25368032075357777,-0.05328749462827675,-0.02668962548428756,0.9965620971207564,5.532244627973131,2.1132657480989563,0.7036803207535778
ETR,high_vol_stress,defensive_dual_tight,False,6,"roe,roic,de,ev,pb,mca",False,False,False,False,False,False,-0.046135475822230806,-0.11495079173337848,-1.163391452031249,-5.235650847939814,-1.7061051158458398,-0.23790605451566077,0.10386452417776919,0.035049208266621515,1.963391452031249,13.235650847939814,3.00610511584584,0.6879060545156608
HST,high_vol_stress,defensive_dual_tight,False,5,"roe,roic,de,pb,mca",False,False,False,True,False,False,-0.001911527757433723,-0.06893842206542655,-0.02686392266002635,0.14951764832843395,-0.5512111801274859,-0.5107890167804734,0.14808847224256627,0.08106157793457344,0.8268639226600264,7.850482351671566,1.851211180127486,0.9607890167804733
WAT,high_vol_stress,defensive_dual_tight,False,5,"roe,roic,ev,pb,mca",False,False,True,False,False,False,-0.12062202458801988,-0.1284657271594286,0.43575725869735815,-26.67700457891904,-0.6120943251662438,-0.7419508548547633,0.02937797541198012,0.021534272840571373,0.3642427413026419,34.67700457891904,1.912094325166244,1.1919508548547633
FFIV,high_vol_stress,defensive_dual_tight,False,3,"ev,pb,mca",True,True,True,False,False,False,0.044053828185473654,0.031155031058188454,0.728796914709247,-8.85228717163898,-3.2050357416837763,-2.080440426208157,0.19405382818547365,0.18115503105818845,0.07120308529075303,16.85228717163898,4.505035741683776,2.5304404262081572
IFF,high_vol_stress,defensive_dual_tight,False,5,"roe,roic,ev,pb,mca",False,False,True,False,False,False,-0.08966005665722379,-0.10855023108732667,0.3442634560906516,-4.917208512767514,-0.10912400729257721,-0.34131526340165413,0.0603399433427762,0.04144976891267332,0.4557365439093484,12.917208512767514,1.4091240072925773,0.7913152634016541
IP,high_vol_stress,defensive_dual_tight,False,5,"roe,roic,ev,pb,mca",False,False,True,False,False,False,-0.3762965964343598,-0.2876124183811753,0.15555105348460296,-88.69393102074885,-0.18939048760907196,-0.15533826482173624,-0.22629659643435981,-0.1376124183811753,0.6444489465153971,96.69393102074885,1.489390487609072,0.6053382648217362
ES,high_vol_stress,defensive_dual_tight,False,5,"roe,roic,de,ev,pb",False,False,False,False,False,True,-0.04423330177636493,-0.11269682228610252,-1.035326765854352,-1.9062073511287618,-0.2576336488181379,0.05206894446712379,0.10576669822363506,0.037303177713897476,1.835326765854352,9.906207351128762,1.557633648818138,0.3979310555328762
AXON,high_vol_stress,defensive_dual_tight,False,5,"roe,roic,ev,pb,mca",False,False,True,False,False,False,-0.09171437076290428,-0.11158575770539483,0.28270782513179404,-103.27374880963332,-8.385852228808872,-4.39386977532878,0.0582856292370957,0.03841424229460517,0.517292174868206,111.27374880963332,9.685852228808873,4.8438697753287805
GILD,high_vol_stress,defensive_dual_tight,False,4,"de,ev,pb,mca",True,True,False,False,False,False,0.24192005103125666,0.05171157171310381,-0.14297257069955338,-4.871309680700541,-6.010558878784948,-2.6046180040980143,0.39192005103125666,0.2017115717131038,0.9429725706995534,12.871309680700541,7.310558878784948,3.0546180040980144
BDX,high_vol_stress,defensive_dual_tight,False,5,"roe,roic,ev,pb,mca",False,False,True,False,False,False,-0.10284269849162936,-0.12251937890898554,0.08397977788828115,-7.750509690623984,-1.0976734307166656,-0.6882722542897108,0.04715730150837063,0.027480621091014464,0.7160202221117189,15.750509690623984,2.3976734307166656,1.1382722542897108
VTRS,high_vol_stress,defensive_dual_tight,False,4,"roe,roic,de,ev",False,False,False,False,True,True,-0.1702282759232349,-0.16013062181175836,-0.19674573773511528,-3.5063780377663445,0.2344572704657486,0.02598546837228588,-0.02022827592323489,-0.010130621811758354,0.9967457377351153,11.506378037766344,1.0655427295342514,0.42401453162771413
FOX,high_vol_stress,defensive_dual_tight,False,2,"roic,mca",True,False,True,True,True,False,0.005985048773817114,-0.0577279836056733,0.10950861518825783,2.9686678296032394,0.23293545054642117,-0.08732869866208998,0.1559850487738171,0.0922720163943267,0.6904913848117422,5.031332170396761,1.0670645494535789,0.53732869866209
CPT,high_vol_stress,defensive_dual_tight,False,6,"roe,roic,de,ev,pb,mca",False,False,False,False,False,False,-0.05367337273876699,-0.10312591718669264,-0.25500825786582193,-5.49486430941233,-1.5287647394357664,-0.8079734967020618,0.096326627261233,0.04687408281330735,1.055008257865822,13.49486430941233,2.8287647394357665,1.2579734967020617
EVRG,high_vol_stress,defensive_dual_tight,False,6,"roe,roic,de,ev,pb,mca",False,False,False,False,False,False,-0.06315006990528325,-0.11611595327451033,-0.7631510544867377,-4.419964607928048,-0.5437994454085464,-0.09309509294074919,0.08684993009471674,0.03388404672548967,1.5631510544867377,12.419964607928048,1.8437994454085465,0.5430950929407492
BR,high_vol_stress,defensive_dual_tight,False,4,"de,ev,pb,mca",True,True,False,False,False,False,0.24041436072087416,0.026755914617497323,-0.4087767844472825,-7.171373668687169,-7.545678494300373,-2.390144721584414,0.39041436072087415,0.17675591461749732,1.2087767844472825,15.171373668687169,8.845678494300373,2.840144721584414
CRL,high_vol_stress,defensive_dual_tight,False,6,"roe,roic,de,ev,pb,mca",False,False,False,False,False,False,-0.2127934356119886,-0.18079121670746592,-0.23932946880800277,-31.151271841218602,-1.594481523120839,-0.6510550937944517,-0.0627934356119886,-0.030791216707465933,1.0393294688080028,39.1512718412186,2.894481523120839,1.1010550937944517
ZBRA,high_vol_stress,defensive_dual_tight,False,6,"roe,roic,de,ev,pb,mca",False,False,False,False,False,False,-0.029538904899135437,-0.083850292767843,-0.02103746397694517,-6.359943084365776,-1.5700834831640764,-0.7452940094310305,0.12046109510086456,0.06614970723215699,0.8210374639769452,14.359943084365776,2.8700834831640765,1.1952940094310305
WELL,high_vol_stress,defensive_dual_tight,False,5,"roe,roic,ev,pb,mca",False,False,True,False,False,False,-0.11785928561601647,-0.12793049935498654,0.3436591927943933,-51.6290083599382,-1.9420113422729537,-1.6621454435725804,0.03214071438398353,0.02206950064501344,0.45634080720560677,59.6290083599382,3.2420113422729537,2.1121454435725804
GS,high_vol_stress,defensive_dual_tight,False,5,"roe,roic,de,ev,pb",False,False,False,False,False,True,-0.0028448795426039564,-0.11759213587339623,-2.740722581485885,,-5.116866873760851,0.06756946068105463,0.14715512045739604,0.03240786412660376,3.5407225814858854,,6.416866873760851,0.3824305393189454
WEC,high_vol_stress,defensive_dual_tight,False,6,"roe,roic,de,ev,pb,mca",False,False,False,False,False,False,-0.03426991681613399,-0.10507302791727888,-0.7759600039544112,-6.395215791168189,-1.341205464310571,-0.27299004643537567,0.115730083183866,0.04492697208272111,1.5759600039544113,14.395215791168189,2.641205464310571,0.7229900464353757
GWW,high_vol_stress,defensive_dual_tight,False,3,"ev,pb,mca",True,True,True,False,False,False,0.30343511450381677,0.11553419758605274,0.09236641221374053,-34.115792915914376,-29.075558974426734,-12.151704504327782,0.4534351145038168,0.26553419758605273,0.7076335877862595,42.115792915914376,30.375558974426735,12.601704504327781
AZO,high_vol_stress,defensive_dual_tight,False,5,"roe,de,ev,pb,mca",False,True,False,False,False,False,,0.10167257918682546,,-9.271305063211507,,-2.4882246054743455,,0.25167257918682545,,17.271305063211507,,2.9382246054743457
TJX,high_vol_stress,defensive_dual_tight,False,4,"de,ev,pb,mca",True,True,False,False,False,False,0.40657022012880895,0.08552861733718423,-0.5630683456695185,-12.055020152276846,-15.291089789082122,-4.323414101328097,0.556570220128809,0.23552861733718422,1.3630683456695185,20.055020152276846,16.591089789082123,4.773414101328097
KR,high_vol_stress,defensive_dual_tight,False,5,"roic,de,ev,pb,mca",True,False,False,False,False,False,0.012700865265760197,-0.11566005739629533,-2.937948084054388,-2.9190357154742266,-5.150764878334229,-0.3801389941258874,0.1627008652657602,0.03433994260370467,3.737948084054388,10.919035715474227,6.450764878334229,0.8301389941258874
CPRT,high_vol_stress,defensive_dual_tight,False,3,"ev,pb,mca",True,True,True,False,False,False,0.02701781026875874,0.025158953377435067,0.7893875999172125,-6.2727885701835255,-2.193582907249028,-2.726858158067861,0.17701781026875874,0.17515895337743506,0.010612400082787571,14.272788570183526,3.493582907249028,3.176858158067861
NDSN,high_vol_stress,defensive_dual_tight,False,4,"roic,ev,pb,mca",True,False,True,False,False,False,0.01492106294509929,-0.04796799990108161,0.1836339306765431,-12.051472048967117,-3.704764646286293,-2.2370069329648903,0.16492106294509928,0.10203200009891839,0.6163660693234569,20.051472048967117,5.004764646286293,2.6870069329648905
SJM,high_vol_stress,defensive_dual_tight,False,6,"roe,roic,de,ev,pb,mca",False,False,False,False,False,False,-0.17501894007720337,-0.16097935532898486,-0.4787257837584329,-11.859432635575317,-0.5692036332906782,-0.188894848282727,-0.02501894007720336,-0.010979355328984865,1.278725783758433,19.859432635575317,1.8692036332906783,0.638894848282727
CRM,high_vol_stress,defensive_dual_tight,False,5,"roic,de,ev,pb,mca",True,False,False,False,False,False,0.084350810573974,-0.04459924591757643,-0.42342631809551623,-8.187808241965556,-4.239166447408394,-1.3275905823680763,0.234350810573974,0.10540075408242357,1.2234263180955163,16.187808241965556,5.539166447408394,1.7775905823680762
COO,high_vol_stress,defensive_dual_tight,False,5,"roe,roic,ev,pb,mca",False,False,True,False,False,False,-0.12137967447110658,-0.1279607630548364,0.5013921761400187,-10.003162941380413,-0.363670631602639,-0.6481001872019567,0.02862032552889342,0.02203923694516361,0.2986078238599813,18.003162941380413,1.663670631602639,1.0981001872019567
BBY,high_vol_stress,defensive_dual_tight,False,3,"de,pb,mca",True,True,False,True,False,False,0.22074278300356795,0.0085518102372035,-0.5383068439831333,1.8203040359434022,-2.779748372694443,-0.39471888737521604,0.37074278300356794,0.1585518102372035,1.3383068439831334,6.179695964056598,4.079748372694443,0.844718887375216
KEYS,high_vol_stress,defensive_dual_tight,False,4,"roic,ev,pb,mca",True,False,True,False,False,False,0.016482388248302005,-0.03404840484048405,0.3642078660559154,-28.606816094167698,-8.145269126949538,-4.644394176411444,0.166482388248302,0.11595159515951595,0.43579213394408467,36.6068160941677,9.445269126949539,5.094394176411444
DELL,high_vol_stress,defensive_dual_tight,False,4,"roe,de,pb,mca",False,True,False,True,False,False,,0.13258897066236516,,2.0897160664767176,,-0.14006777510878016,,0.28258897066236516,,5.910283933523282,,0.5900677751087802
INTU,high_vol_stress,defensive_dual_tight,False,3,"ev,pb,mca",True,True,True,False,False,False,0.07221144990062534,0.016515311126448468,0.46551941441659805,-7.600730837927189,-3.8287246265843162,-2.2400701836208454,0.22221144990062533,0.16651531112644846,0.334480585583402,15.60073083792719,5.128724626584316,2.6900701836208456
ULTA,high_vol_stress,defensive_dual_tight,False,4,"de,ev,pb,mca",True,True,False,False,False,False,0.3106418941825797,0.09345670780878398,-0.09208955599768298,-5.264757184485596,-7.6524590845811025,-2.9009895640611782,0.4606418941825797,0.24345670780878398,0.892089555997683,13.264757184485596,8.952459084581102,3.3509895640611784
DLTR,high_vol_stress,defensive_dual_tight,False,5,"roic,de,ev,pb,mca",True,False,False,False,False,False,0.21680923866552612,-0.034111240236750356,-1.3651839178785286,-2.424903735899113,-4.021378488159128,-0.8999959749109552,0.3668092386655261,0.11588875976324964,2.1651839178785286,10.424903735899113,5.3213784881591275,1.3499959749109551
CIEN,high_vol_stress,defensive_dual_tight,False,4,"roic,ev,pb,mca",True,False,True,False,False,False,0.0015442263309389803,-0.052007800474199076,0.2535072478800924,-94.89079200614658,-24.521121457658833,-11.915448074464628,0.15154422633093897,0.09799219952580092,0.5464927521199077,102.89079200614658,25.821121457658833,12.365448074464627
BF.B,high_vol_stress,defensive_dual_tight,False,4,"roic,ev,pb,mca",True,False,True,False,False,False,0.027860696517412936,-0.040371051824593676,0.17761194029850746,-0.9004733650166123,-0.5454008045318262,-0.48976580114237916,0.17786069651741293,0.10962894817540632,0.6223880597014926,8.900473365016612,1.8454008045318262,0.9397658011423792
SNPS,high_vol_stress,defensive_dual_tight,False,5,"roe,roic,ev,pb,mca",False,False,True,False,False,False,-0.12462875922411383,-0.13128590762300113,0.44427083799856365,-26.625080964025273,-1.7319419328467693,-1.5207792915749148,0.02537124077588616,0.018714092376998878,0.3557291620014364,34.62508096402527,3.0319419328467694,1.9707792915749147
MRVL,high_vol_stress,defensive_dual_tight,False,5,"roe,roic,ev,pb,mca",False,False,True,False,False,False,-0.011290747592749145,-0.04244881454050142,0.5102954577893917,-23.678327303911196,-6.638007290680058,-4.916481219008325,0.13870925240725085,0.10755118545949857,0.2897045422106084,31.678327303911196,7.938007290680058,5.3664812190083255
LULU,high_vol_stress,defensive_dual_tight,False,2,"pb,mca",True,True,True,True,False,False,0.15248232292723748,0.05967264895227525,0.3573591766082609,1.938672179342074,-1.7943101901656637,-1.3002209003114031,0.3024823229272375,0.20967264895227525,0.44264082339173916,6.061327820657926,3.0943101901656638,1.750220900311403
CASY,high_vol_stress,defensive_dual_tight,False,4,"roic,ev,pb,mca",True,False,True,False,False,False,0.03079423157365188,-0.045804365713772346,0.06485790108051714,-14.082414662690276,-6.387722135553473,-2.949678899669623,0.18079423157365188,0.10419563428622765,0.7351420989194829,22.082414662690276,7.687722135553472,3.399678899669623
WDAY,high_vol_stress,defensive_dual_tight,False,5,"roe,roic,ev,pb,mca",False,False,True,False,False,False,-0.023260511746221763,-0.06924103737604881,0.230644919946132,-8.115972399711609,-2.3813407611404553,-1.0789540927662458,0.12673948825377823,0.08075896262395119,0.569355080053868,16.11597239971161,3.681340761140455,1.5289540927662457
ADSK,high_vol_stress,defensive_dual_tight,False,4,"de,ev,pb,mca",True,True,False,False,False,False,0.3087645029789903,0.0974209369186538,-0.05418626528692372,-14.514348084044943,-14.39188601034807,-3.7438840502011397,0.4587645029789903,0.2474209369186538,0.8541862652869238,22.514348084044943,15.691886010348071,4.19388405020114
VEEV,high_vol_stress,defensive_dual_tight,False,5,"roe,roic,ev,pb,mca",False,False,True,False,False,False,-0.021083466108022697,-0.02287721327031364,0.7858896488313682,-15.649521234417193,-2.1686544895777278,-2.3251924348982755,0.1289165338919773,0.12712278672968635,0.014110351168631751,23.649521234417193,3.4686544895777276,2.7751924348982757
A,high_vol_stress,defensive_dual_tight,False,4,"roic,ev,pb,mca",True,False,True,False,False,False,0.04853973602920528,-0.0150377016321466,0.32892445942151083,-9.390602255411878,-3.273485204313129,-2.0431007749803367,0.19853973602920527,0.1349622983678534,0.4710755405784892,17.390602255411878,4.573485204313129,2.493100774980337
PANW,high_vol_stress,defensive_dual_tight,False,5,"roe,roic,ev,pb,mca",False,False,True,False,False,False,-0.11953881740639005,-0.12166010962036383,0.7251481856296083,-65.12017143893232,-3.982123968817344,-2.708816538478327,0.030461182593609946,0.02833989037963617,0.07485181437039179,73.12017143893232,5.282123968817344,3.158816538478327
HPE,high_vol_stress,defensive_dual_tight,False,6,"roe,roic,de,ev,pb,mca",False,False,False,False,False,False,-0.08847857029890874,-0.11656495766900167,-0.040028467499604536,-1.6997301333917534,-0.20190571215370645,-0.02774171536109693,0.06152142970109126,0.033435042330998324,0.8400284674996046,9.699730133391753,1.5019057121537065,0.47774171536109694
HD,high_vol_stress,defensive_dual_tight,False,4,"de,ev,pb,mca",True,True,False,False,False,False,0.8599466628225457,0.03190079318715841,-3.75218394118495,-17.943755742951897,-41.11119450974296,-5.0031149227848255,1.0099466628225457,0.1819007931871584,4.55218394118495,25.943755742951897,42.411194509742955,5.453114922784826
ADI,high_vol_stress,defensive_dual_tight,False,5,"roe,roic,ev,pb,mca",False,False,True,False,False,False,-0.05180105626711941,-0.07190253339851842,0.5426103815380656,-24.38243209776782,-4.491009050169595,-3.6251638477039263,0.09819894373288059,0.07809746660148158,0.2573896184619344,32.38243209776782,5.7910090501695946,4.0751638477039265
LOW,high_vol_stress,defensive_dual_tight,False,5,"roe,de,ev,pb,mca",False,True,False,False,False,False,,0.04963931469792607,,-5.827670233073226,,-1.9732972298995313,,0.19963931469792606,,13.827670233073226,,2.4232972298995312
MDT,high_vol_stress,defensive_dual_tight,False,5,"roe,roic,ev,pb,mca",False,False,True,False,False,False,-0.05293754927925924,-0.08799080388510022,0.23470877221357378,-5.124791575699321,-0.7768873818012383,-0.6542812977386878,0.09706245072074075,0.06200919611489977,0.5652912277864263,13.124791575699321,2.0768873818012383,1.1042812977386878
WSM,high_vol_stress,defensive_dual_tight,False,3,"ev,pb,mca",True,True,True,False,False,False,0.4321658312849903,0.17364463240418535,0.00121895129115146,-5.416096983950203,-10.073309578853298,-3.7531145358791367,0.5821658312849903,0.32364463240418534,0.7987810487088486,13.416096983950203,11.373309578853299,4.203114535879137
HRL,high_vol_stress,defensive_dual_tight,False,5,"roe,roic,ev,pb,mca",False,False,True,False,False,False,-0.09126793235144641,-0.10679301003298364,0.4406813412971173,-5.651889276070779,-0.16867865033441998,-0.42490605107507534,0.058732067648553585,0.04320698996701636,0.35931865870288276,13.65188927607078,1.46867865033442,0.8749060510750754
AVGO,high_vol_stress,defensive_dual_tight,False,3,"ev,pb,mca",True,True,True,False,False,False,0.18432165216498844,0.042119162767533,0.059821418389572556,-39.85844996861157,-21.31142573718914,-10.617429499770331,0.33432165216498844,0.192119162767533,0.7401785816104275,47.85844996861157,22.61142573718914,11.06742949977033
WMT,high_vol_stress,defensive_dual_tight,False,4,"roic,ev,pb,mca",True,False,True,False,False,False,0.09102618467083642,-0.015075455910366797,0.013622389483727404,-15.086468003870834,-9.808973637637422,-3.168384511556482,0.24102618467083642,0.1349245440896332,0.7863776105162726,23.086468003870834,11.108973637637423,3.6183845115564823
NTAP,high_vol_stress,defensive_dual_tight,False,4,"de,ev,pb,mca",True,True,False,False,False,False,0.7944855662472242,0.16243878550440746,-1.2229459659511475,-3.4123905125257465,-14.740746286464017,-1.5670372517696285,0.9444855662472242,0.31243878550440746,2.0229459659511475,11.412390512525747,16.040746286464017,2.0170372517696284
ROST,high_vol_stress,defensive_dual_tight,False,3,"ev,pb,mca",True,True,True,False,False,False,0.2172891194500621,0.05998611462862369,0.05088854041782376,-12.434173687278186,-10.26664622803848,-4.238508251318089,0.3672891194500621,0.20998611462862368,0.7491114595821763,20.434173687278186,11.566646228038481,4.68850825131809
FDX,high_vol_stress,defensive_dual_tight,False,6,"roe,roic,de,ev,pb,mca",False,False,False,False,False,False,-0.00992353145637817,-0.09056844080976001,-0.5569374664265174,-1.6867977266478125,-1.1710535688388617,-0.34041644979172053,0.14007646854362182,0.05943155919023998,1.3569374664265175,9.686797726647812,2.4710535688388617,0.7904164497917205
CCL,high_vol_stress,defensive_dual_tight,False,5,"roic,de,ev,pb,mca",True,False,False,False,False,False,0.08667772036708568,-0.07158315660372537,-1.2182000462713038,-0.7009004531419638,-1.6638585291639127,-0.28585727095941743,0.23667772036708568,0.07841684339627462,2.018200046271304,8.700900453141964,2.963858529163913,0.7358572709594174
ACN,high_vol_stress,defensive_dual_tight,False,3,"ev,pb,mca",True,True,True,False,False,False,0.09426509081086865,0.04339325752539716,0.5369513604744425,-1.0294361006219255,-2.2470015551594917,-1.1939694929225775,0.24426509081086864,0.19339325752539716,0.2630486395255575,9.029436100621925,3.5470015551594916,1.6439694929225774
ADBE,high_vol_stress,defensive_dual_tight,False,3,"ev,pb,mca",True,True,True,False,False,False,0.4776263240145858,0.23901146208900606,0.1866122590727557,-2.3821904652446513,-7.645647821096852,-2.9922200114720727,0.6276263240145858,0.38901146208900605,0.6133877409272444,10.382190465244651,8.945647821096852,3.442220011472073
JBL,high_vol_stress,defensive_dual_tight,False,4,"de,ev,pb,mca",True,True,False,False,False,False,0.5015495086923658,0.015292425695110273,-2.1417989417989416,-12.115151066672663,-27.57466433107494,-1.1538112813305406,0.6515495086923658,0.16529242569511027,2.941798941798942,20.115151066672663,28.87466433107494,1.6038112813305405
PAYX,high_vol_stress,defensive_dual_tight,False,4,"de,ev,pb,mca",True,True,False,False,False,False,0.32123236325667315,0.060957163746194615,-0.4337822280527963,-4.457416487916825,-7.839961458320411,-1.6606476270037753,0.47123236325667317,0.2109571637461946,1.2337822280527964,12.457416487916825,9.13996145832041,2.1106476270037753
CTAS,high_vol_stress,defensive_dual_tight,False,3,"ev,pb,mca",True,True,True,False,False,False,0.23910738699119263,0.10490794871781797,0.27353764781210177,-14.707879851002634,-12.033568776640994,-6.058892162005914,0.3891073869911926,0.25490794871781797,0.5264623521878983,22.707879851002634,13.333568776640995,6.508892162005914
LEN,high_vol_stress,defensive_dual_tight,False,4,"roe,roic,ev,mca",False,False,True,False,True,False,-0.07528624733460687,-0.09154000646572213,0.5219678253712958,-2.425992522226304,0.4310524769815257,-0.10745960630421153,0.07471375266539312,0.05845999353427787,0.2780321746287043,10.425992522226304,0.8689475230184743,0.5574596063042115
DPZ,high_vol_stress,defensive_dual_tight,False,5,"roe,de,ev,pb,mca",False,True,False,False,False,False,,0.37307216100706575,,-6.414195750670341,,-5.340999104435244,,0.5230721610070658,,14.414195750670341,,5.790999104435244
FDS,high_vol_stress,defensive_dual_tight,False,3,"ev,pb,mca",True,True,True,False,False,False,0.12848879835062912,0.007085951108708133,0.02715655738108247,-2.473707872251259,-2.9957815487085853,-1.6326049931870108,0.2784887983506291,0.15708595110870813,0.7728434426189176,10.473707872251259,4.295781548708585,2.0826049931870108
STZ,high_vol_stress,defensive_dual_tight,False,5,"roic,de,ev,pb,mca",True,False,False,False,False,False,0.07098938902078589,-0.0529027004587693,-0.47595813750666216,-2.332831327437834,-1.5487996400293393,-0.6137690279494594,0.22098938902078588,0.0970972995412307,1.2759581375066622,10.332831327437834,2.8487996400293394,1.0637690279494594
DRI,high_vol_stress,defensive_dual_tight,False,5,"roic,de,ev,pb,mca",True,False,False,False,False,False,0.39663646659116647,-0.008574375322300876,-2.065186862967157,-5.640661079916521,-9.19488501812043,-1.351176971443965,0.5466364665911665,0.14142562467769912,2.8651868629671573,13.640661079916521,10.494885018120431,1.801176971443965
PCAR,high_vol_stress,defensive_dual_tight,False,5,"roe,roic,ev,pb,mca",False,False,True,False,False,False,-0.026769694852199405,-0.07848759341704338,0.07679823633330551,-11.974781778041002,-1.8113639186501123,-0.987626553829221,0.12323030514780059,0.07151240658295661,0.7232017636666945,19.974781778041002,3.1113639186501123,1.437626553829221
PSA,high_vol_stress,defensive_dual_tight,False,5,"roic,de,ev,pb,mca",True,False,False,False,False,False,0.07244926161118051,-0.04445953755957191,-0.3077154341325836,-11.59637732691126,-5.168033464699418,-2.5047584484154455,0.2224492616111805,0.10554046244042808,1.1077154341325837,19.59637732691126,6.468033464699418,2.9547584484154457
FE,high_vol_stress,defensive_dual_tight,False,6,"roe,roic,de,ev,pb,mca",False,False,False,False,False,False,-0.0661190568225744,-0.12411613149482323,-1.4406648627754153,-13.922510838011142,-0.8266751369958005,-0.022484891998431455,0.08388094317742559,0.025883868505176773,2.2406648627754153,21.922510838011142,2.1266751369958006,0.47248489199843147
PPG,high_vol_stress,defensive_dual_tight,False,5,"roic,de,ev,pb,mca",True,False,False,False,False,False,0.03618974298235225,-0.05114451012451264,-0.08345374866753519,-3.650767423343389,-1.8935055316264042,-0.7465371085258601,0.18618974298235225,0.09885548987548735,0.8834537486675352,11.650767423343389,3.1935055316264043,1.19653710852586
CNC,high_vol_stress,defensive_dual_tight,False,4,"roe,roic,ev,pb",False,False,True,False,False,True,-0.37604379044410957,-0.2818954146947009,0.08618916762698348,,-0.10544013190508283,0.06801257341056138,-0.22604379044410958,-0.1318954146947009,0.7138108323730166,,1.4054401319050829,0.38198742658943863
EIX,high_vol_stress,defensive_dual_tight,False,3,"roic,de,pb",True,False,False,True,False,True,0.07488447715214788,-0.08545006468093468,-1.6838838496206285,0.9258821434966915,-0.3152259148487071,0.15559425334681987,0.22488447715214788,0.06454993531906532,2.4838838496206286,7.0741178565033085,1.6152259148487071,0.29440574665318014
PNR,high_vol_stress,defensive_dual_tight,False,4,"roic,ev,pb,mca",True,False,True,False,False,False,0.023739097964953465,-0.03186434530286543,0.32932547408849655,-6.908657568616835,-1.9490639528753697,-1.3648618155769532,0.17373909796495346,0.11813565469713457,0.4706745259115035,14.908657568616835,3.2490639528753698,1.8148618155769531
EME,high_vol_stress,defensive_dual_tight,False,3,"ev,pb,mca",True,True,True,False,False,False,0.2028293241302143,0.1614497704419223,0.6671389173619307,-8.796151950506946,-7.669811086467143,-3.152119706158563,0.3528293241302143,0.3114497704419223,0.13286108263806945,16.796151950506946,8.969811086467143,3.6021197061585633
CMS,high_vol_stress,defensive_dual_tight,False,6,"roe,roic,de,ev,pb,mca",False,False,False,False,False,False,-0.045027624309392264,-0.11471195184866723,-1.1747288725189278,-4.9899369052504525,-1.1543330165745858,-0.13644788910891087,0.10497237569060773,0.03528804815133276,1.9747288725189278,12.989936905250453,2.454333016574586,0.5864478891089109
PFG,high_vol_stress,defensive_dual_tight,False,4,"roe,roic,ev,pb",False,False,True,False,False,True,-0.021627631188852636,-0.05543213172039749,0.44253714135125344,,-0.6004017150592775,0.3845824309419902,0.12837236881114736,0.09456786827960251,0.3574628586487466,,1.9004017150592776,0.06541756905800981
ELV,high_vol_stress,defensive_dual_tight,False,5,"roe,roic,ev,pb,mca",False,False,True,False,False,False,-0.03942361250362052,-0.08463458321809106,0.1083350043446294,,-0.5686331774680209,-0.21332797817346988,0.11057638749637948,0.06536541678190894,0.6916649956553707,,1.868633177468021,0.6633279781734699
KMI,high_vol_stress,defensive_dual_tight,False,6,"roe,roic,de,ev,pb,mca",False,False,False,False,False,False,-0.040392336631785264,-0.0956327426689666,-0.21606019411336974,-5.413129954047857,-0.950667422980821,-0.5112333079893381,0.10960766336821473,0.054367257331033404,1.0160601941133698,13.413129954047857,2.250667422980821,0.961233307989338
FAST,high_vol_stress,defensive_dual_tight,False,3,"ev,pb,mca",True,True,True,False,False,False,0.18230111332301116,0.1497738559772969,0.6914940155816068,-20.091196113142903,-12.171335501714506,-9.904872394998801,0.33230111332301115,0.2997738559772969,0.10850598441839318,28.091196113142903,13.471335501714506,10.3548723949988
PCG,high_vol_stress,defensive_dual_tight,False,4,"roe,roic,de,ev",False,False,False,False,True,True,-0.05661042447125453,-0.11789176909658837,-1.1085867673519956,-1.5493992880518306,0.20729445482991782,0.194659277297341,0.09338957552874547,0.032108230903411625,1.9085867673519956,9.54939928805183,1.0927055451700822,0.255340722702659
VTR,high_vol_stress,defensive_dual_tight,False,6,"roe,roic,de,ev,pb,mca",False,False,False,False,False,False,-0.1320654075979499,-0.14046984884649444,-0.08187911326601172,-16.398556279485824,-1.8093178801797982,-1.0859386964598223,0.017934592402050076,0.009530151153505546,0.8818791132660118,24.398556279485824,3.1093178801797983,1.5359386964598223
CME,high_vol_stress,defensive_dual_tight,False,3,"roic,ev,pb",True,False,True,False,False,True,0.011649145563415342,-0.006835623117356721,0.6708843003876261,-5.22404634053718,-1.6941175978549927,0.04211740731986513,0.16164914556341534,0.14316437688264327,0.12911569961237387,13.22404634053718,2.9941175978549928,0.4078825926801349
MA,high_vol_stress,defensive_dual_tight,False,4,"de,ev,pb,mca",True,True,False,False,False,False,2.747344501871324,0.3873504330005949,-3.5919087506683303,-12.761505081265348,-78.1527617852904,-7.277538894754198,2.897344501871324,0.5373504330005949,4.39190875066833,20.761505081265348,79.45276178529039,7.727538894754198
BAX,high_vol_stress,defensive_dual_tight,False,6,"roe,roic,de,ev,pb,mca",False,False,False,False,False,False,-0.32128585240090235,-0.21696906696906698,-0.75768611021592,-16.329861602237983,-0.47608033208271716,-0.10693772628494475,-0.17128585240090236,-0.06696906696906697,1.55768611021592,24.329861602237983,1.7760803320827172,0.5569377262849448
LYV,high_vol_stress,defensive_dual_tight,False,5,"roic,de,ev,pb,mca",True,False,False,False,False,False,1.4860986274747967,-0.13814786606155965,-136.2425361350662,-18.546476237399734,-516.8248038714587,-1.0636964084280993,1.6360986274747966,0.01185213393844035,137.0425361350662,26.546476237399734,518.1248038714587,1.5136964084280993
NDAQ,high_vol_stress,defensive_dual_tight,False,4,"roic,ev,pb,mca",True,False,True,False,False,False,0.014080747414080746,-0.05735245631388064,0.028978978978979053,-7.4106850483076325,-2.375224915786924,-1.1614478728083701,0.16408074741408074,0.09264754368611935,0.771021021021021,15.410685048307633,3.675224915786924,1.61144787280837
NEM,high_vol_stress,defensive_dual_tight,False,2,"pb,mca",True,True,True,True,False,False,0.09393496580881311,0.06049925320143973,0.6411599466560736,2.0763274897613906,-1.492465446165389,-1.2573759948510057,0.2439349658088131,0.21049925320143972,0.15884005334392645,5.923672510238609,2.792465446165389,1.7073759948510057
EQIX,high_vol_stress,defensive_dual_tight,False,6,"roe,roic,de,ev,pb,mca",False,False,False,False,False,False,-0.043408427200667496,-0.10937781546451852,-0.8239744124600195,-20.08508190511909,-5.851604798701574,-2.054001855461243,0.1065915727993325,0.04062218453548148,1.6239744124600195,28.08508190511909,7.151604798701574,2.5040018554612433
LVS,high_vol_stress,defensive_dual_tight,False,5,"roic,de,ev,pb,mca",True,False,False,False,False,False,2.822461273666093,-0.04099286751246607,-25.468502581755594,-1.0522556949930237,-50.192799999101176,-1.0527031392575108,2.972461273666093,0.10900713248753392,26.268502581755595,9.052255694993024,51.49279999910117,1.5027031392575108
AOS,high_vol_stress,defensive_dual_tight,False,3,"ev,pb,mca",True,True,True,False,False,False,0.12162169498887018,0.0486421027554991,0.4326076334220099,-1.6955542969152528,-2.4247500108961413,-1.4324576883165325,0.2716216949888702,0.1986421027554991,0.3673923665779901,9.695554296915253,3.7247500108961415,1.8824576883165325
NFLX,high_vol_stress,defensive_dual_tight,False,3,"ev,pb,mca",True,True,True,False,False,False,0.30269363425082974,0.1570001145713993,0.32542845176839047,-0.6411047466637605,-8.560201196922442,-4.636450916941204,0.45269363425082976,0.3070001145713993,0.4745715482316096,8.64110474666376,9.860201196922443,5.086450916941204
CDNS,high_vol_stress,defensive_dual_tight,False,4,"roic,ev,pb,mca",True,False,True,False,False,False,0.05093342585837807,-0.005090194653204511,0.41338971936710656,-37.932932229985084,-13.771604028344653,-8.106102818180686,0.20093342585837806,0.14490980534679548,0.3866102806328935,45.932932229985084,15.071604028344654,8.556102818180685
EQT,high_vol_stress,defensive_dual_tight,False,4,"roe,roic,pb,mca",False,False,True,True,False,False,-0.04264704415192505,-0.06228688460691213,0.5760900366271247,2.4034064633992225,-0.01671276958824275,-0.3548888787025141,0.10735295584807494,0.08771311539308786,0.22390996337287533,5.5965935366007775,1.3167127695882428,0.8048888787025141
MSCI,high_vol_stress,defensive_dual_tight,False,5,"roe,de,ev,pb,mca",False,True,False,False,False,False,,0.20460206799310668,,-14.647753438520859,,-6.817274681407923,,0.3546020679931067,,22.64775343852086,,7.267274681407923
META,high_vol_stress,defensive_dual_tight,False,3,"ev,pb,mca",True,True,True,False,False,False,0.11069113892068402,0.03230492666093768,0.3700269120782786,-3.92517758306834,-3.455080140502025,-2.3105516747906,0.260691138920684,0.18230492666093767,0.42997308792172145,11.92517758306834,4.755080140502025,2.7605516747906003
MLM,high_vol_stress,defensive_dual_tight,False,4,"roic,ev,pb,mca",True,False,True,False,False,False,0.06280097003291182,-0.012668380750097796,0.25045903343149145,-11.603342966199317,-1.7001706291811514,-1.1759080067836458,0.21280097003291182,0.1373316192499022,0.5495409665685086,19.603342966199317,3.0001706291811514,1.6259080067836458
AON,high_vol_stress,defensive_dual_tight,False,4,"de,ev,pb,mca",True,True,False,False,False,False,0.25779329026880604,0.003658919597989946,-0.8538862262971452,-4.6517952646084915,-6.030681988054217,-0.8689098866167613,0.407793290268806,0.15365891959798994,1.6538862262971452,12.651795264608491,7.3306819880542164,1.3189098866167612
CBRE,high_vol_stress,defensive_dual_tight,False,5,"roic,de,ev,pb,mca",True,False,False,False,False,False,0.004917837580376283,-0.0814361001317523,-0.4594665396522981,-13.88934801756529,-3.3443078821851566,-0.8300005774208574,0.15491783758037628,0.0685638998682477,1.2594665396522982,21.88934801756529,4.6443078821851564,1.2800005774208574
ESS,high_vol_stress,defensive_dual_tight,False,6,"roe,roic,de,ev,pb,mca",False,False,False,False,False,False,-0.07225505830936378,-0.1157169394646454,-0.4677363244877535,-11.349585499591353,-2.22016217693736,-1.002755582841562,0.07774494169063621,0.034283060535354605,1.2677363244877535,19.349585499591353,3.52016217693736,1.452755582841562
MCO,high_vol_stress,defensive_dual_tight,False,4,"de,ev,pb,mca",True,True,False,False,False,False,0.7739669421487603,0.11500426661609939,-1.6866115702479336,-11.392273031606209,-24.629630941721736,-4.894949478617257,0.9239669421487603,0.2650042666160994,2.4866115702479337,19.39227303160621,25.929630941721737,5.3449494786172576
MRSH,high_vol_stress,defensive_dual_tight,False,5,"roic,de,ev,pb,mca",True,False,False,False,False,False,0.11213528288217087,-0.04405031279116198,-0.674148718961997,-5.824494830494622,-3.9090745696950338,-0.8751797726564072,0.26213528288217086,0.10594968720883802,1.474148718961997,13.824494830494622,5.209074569695034,1.3251797726564072
MAS,high_vol_stress,defensive_dual_tight,False,5,"roe,de,ev,pb,mca",False,True,False,False,False,False,,0.1330188679245283,,-6.203546537540353,,-2.5207723978321517,,0.2830188679245283,,14.203546537540353,,2.970772397832152
MAA,high_vol_stress,defensive_dual_tight,False,6,"roe,roic,de,ev,pb,mca",False,False,False,False,False,False,-0.07605442019680529,-0.11382008726399201,-0.24382968921869486,-9.175536860019673,-1.6315454740377853,-0.8827206828074727,0.0739455798031947,0.036179912736007985,1.043829689218695,17.175536860019673,2.9315454740377853,1.3327206828074727
ERIE,high_vol_stress,defensive_dual_tight,False,4,"de,ev,pb,mca",True,True,False,False,False,False,0.08387766881520292,0.08387766881520292,,,-3.163051688590647,-2.6455220890859406,0.23387766881520292,0.23387766881520292,,,4.463051688590647,3.0955220890859407
LII,high_vol_stress,defensive_dual_tight,False,4,"de,ev,pb,mca",True,True,False,False,False,False,0.46216466234967624,0.0890499412986544,-0.7608233117483811,-10.55379955958865,-13.964831300596083,-3.9067742933186445,0.6121646623496763,0.2390499412986544,1.5608233117483812,18.55379955958865,15.264831300596084,4.356774293318645
BG,high_vol_stress,defensive_dual_tight,False,4,"roe,roic,de,ev",False,False,False,False,True,True,-0.08687707641196013,-0.11930813776287716,-0.2566664577195512,-3.796238255605113,0.01466967700613453,0.011693073346134453,0.06312292358803986,0.03069186223712283,1.0566664577195513,11.796238255605113,1.2853303229938655,0.43830692665386556
LHX,high_vol_stress,defensive_dual_tight,False,5,"roe,roic,ev,pb,mca",False,False,True,False,False,False,-0.06079136690647481,-0.09159942227385474,0.27247002398081543,-7.9054788848178354,-1.295304776091209,-0.8102381243071803,0.08920863309352518,0.05840057772614525,0.5275299760191846,15.905478884817835,2.595304776091209,1.2602381243071803
CARR,high_vol_stress,defensive_dual_tight,False,6,"roe,roic,de,ev,pb,mca",False,False,False,False,False,False,-0.05720316421997414,-0.10223366352139696,-0.14272457594888566,-15.148567672065322,-3.282611122686636,-1.162105009899422,0.09279683578002586,0.04776633647860303,0.9427245759488857,23.148567672065322,4.582611122686636,1.6121050098994218
DAL,high_vol_stress,defensive_dual_tight,False,5,"roic,de,ev,pb,mca",True,False,False,False,False,False,0.031113912445564995,-0.05547620756477427,-0.11606692642677052,-5.5888209645974225,-1.5539802377669807,-0.2712564600373801,0.181113912445565,0.09452379243522573,0.9160669264267706,13.588820964597423,2.8539802377669807,0.7212564600373801
OTIS,high_vol_stress,defensive_dual_tight,False,5,"roe,de,ev,pb,mca",False,True,False,False,False,False,,0.3393479664299548,,-5.855093871827517,,-1.9931627905651388,,0.4893479664299548,,13.855093871827517,,2.4431627905651387
PHM,high_vol_stress,defensive_dual_tight,False,5,"roe,roic,ev,pb,mca",False,False,True,False,False,False,-0.003504886492582321,-0.02549249238109519,0.623403372945084,-2.3899765907368486,-0.7083889680853301,-0.9811099963385408,0.14649511350741767,0.1245075076189048,0.17659662705491608,10.389976590736849,2.00838896808533,1.4311099963385407
CMCSA,high_vol_stress,defensive_dual_tight,False,3,"roe,roic,de",False,False,False,True,True,True,-0.025226986620322397,-0.08782751576516565,-0.2068847966311287,3.065353237083565,0.34504937886000275,0.11717181804793836,0.1247730133796776,0.06217248423483435,1.0068847966311287,4.934646762916435,0.9549506211399973,0.33282818195206165
F,high_vol_stress,defensive_dual_tight,False,5,"roe,roic,de,ev,pb",False,False,False,False,False,True,-0.35706066799182506,-0.18716302791246892,-3.7716845376410317,-48.70151891252303,-0.22419536999302614,0.2593281135120849,-0.20706066799182507,-0.03716302791246891,4.5716845376410316,56.70151891252303,1.5241953699930262,0.1906718864879151
NXPI,high_vol_stress,defensive_dual_tight,False,5,"roic,de,ev,pb,mca",True,False,False,False,False,False,0.11098780594789018,-0.017039106145251393,-0.16289148170892176,-7.596109303199526,-4.916834591753874,-2.2076297585374984,0.2609878059478902,0.1329608938547486,0.9628914817089218,15.596109303199526,6.216834591753874,2.6576297585374986
LUV,high_vol_stress,defensive_dual_tight,False,6,"roe,roic,de,ev,pb,mca",False,False,False,False,False,False,-0.031813047161818694,-0.09009018681554648,-0.1727478113527252,-2.16663720750379,-2.2519746963644494,-0.38510672596949175,0.1181869528381813,0.059909813184453514,0.9727478113527253,10.16663720750379,3.551974696364449,0.8351067259694918
EXC,high_vol_stress,defensive_dual_tight,False,5,"roe,roic,de,ev,pb",False,False,False,False,False,True,-0.05625631355646844,-0.11620169719925702,-0.9736211192672908,-2.5923777678995332,-0.3172954017479306,0.05142368498311234,0.09374368644353155,0.03379830280074298,1.7736211192672908,10.592377767899533,1.6172954017479306,0.3985763150168877
NOW,high_vol_stress,defensive_dual_tight,False,5,"roe,roic,ev,pb,mca",False,False,True,False,False,False,-0.016570789389581342,-0.07035862463636797,0.12462448066474918,-23.026233742274695,-6.900848361933639,-2.791388811279019,0.13342921061041865,0.07964137536363203,0.6753755193352509,31.026233742274695,8.20084836193364,3.2413888112790192
CHTR,high_vol_stress,defensive_dual_tight,False,2,"roic,de",True,False,False,True,True,True,0.14046720151014633,-0.10667857331386038,-4.904931571495989,2.700596940239148,0.2993833802422581,0.3409994156322968,0.2904672015101463,0.04332142668613961,5.7049315714959885,5.299403059760852,1.000616619757742,0.10900058436770323
NSC,high_vol_stress,defensive_dual_tight,False,5,"roic,de,ev,pb,mca",True,False,False,False,False,False,0.01218544268750385,-0.06980285375277617,-0.22233433827601057,-7.504774683368629,-3.047477218946015,-1.1159666512904918,0.16218544268750384,0.08019714624722382,1.0223343382760106,15.504774683368629,4.347477218946015,1.5659666512904917
EQR,high_vol_stress,defensive_dual_tight,False,6,"roe,roic,de,ev,pb,mca",False,False,False,False,False,False,-0.06675162482477379,-0.10412300948403813,-0.014599742462657939,-7.100172324898155,-1.1219296719640488,-0.806020583883188,0.08324837517522621,0.04587699051596186,0.814599742462658,15.100172324898155,2.421929671964049,1.256020583883188
EXE,high_vol_stress,defensive_dual_tight,False,3,"roe,roic,mca",False,False,True,True,True,False,-0.006723338485316838,-0.029808107874492173,0.6079340546110252,4.383570518458519,0.21237346295183945,-0.30315130517676764,0.14327666151468316,0.12019189212550782,0.19206594538897476,3.6164294815414806,1.0876265370481606,0.7531513051767676
CI,high_vol_stress,defensive_dual_tight,False,3,"roic,pb,mca",True,False,True,True,False,False,0.0005396527451900501,-0.06387688260087518,0.05204129516658851,0.30146145912202726,-0.4091932248973458,-0.013743874187525484,0.15053965274519004,0.08612311739912482,0.7479587048334115,7.698538540877973,1.7091932248973458,0.4637438741875255
MGM,high_vol_stress,defensive_dual_tight,False,4,"roic,de,ev,pb",True,False,False,False,False,True,0.019436803214289283,-0.13683818400646808,-11.073360583186641,-11.860947080132537,-3.5660870192074485,0.1430298176965275,0.16943680321428928,0.013161815993531913,11.873360583186642,19.860947080132537,4.866087019207448,0.3069701823034725
NTRS,high_vol_stress,defensive_dual_tight,False,4,"roic,de,ev,pb",True,False,False,False,False,True,0.017241224928366772,-0.06830002223574998,-0.24701677411652345,,-1.0732248423707909,0.27261290166541147,0.16724122492836677,0.08169997776425002,1.0470167741165235,,2.373224842370791,0.17738709833458854
APD,high_vol_stress,defensive_dual_tight,False,6,"roe,roic,de,ev,pb,mca",False,False,False,False,False,False,-0.15340684826920584,-0.15147622896841867,-0.5078047796712715,-40.75857503788967,-3.373351804892631,-1.154225967441905,-0.003406848269205837,-0.0014762289684186873,1.3078047796712715,48.75857503788967,4.673351804892631,1.604225967441905
TXN,high_vol_stress,defensive_dual_tight,False,3,"ev,pb,mca",True,True,True,False,False,False,0.18609151996445825,0.03877694251224306,0.01963680790803579,-21.063362455670486,-13.739989732940947,-7.0976588573955635,0.33609151996445824,0.18877694251224306,0.7803631920919643,29.063362455670486,15.039989732940947,7.547658857395564
HIG,high_vol_stress,defensive_dual_tight,False,2,"ev,pb",True,True,True,False,False,True,0.07232975092955737,0.031821968592493866,0.577211837212856,,-0.5503446970719308,0.03710412877927305,0.22232975092955737,0.18182196859249386,0.22278816278714408,,1.8503446970719308,0.41289587122072696
TXT,high_vol_stress,defensive_dual_tight,False,5,"roe,roic,ev,pb,mca",False,False,True,False,False,False,-0.033660293022100815,-0.07098827894426174,0.3275639433821704,-2.5861958031558654,-0.6588230039432155,-0.41998789421852095,0.11633970697789918,0.07901172105573825,0.47243605661782967,10.586195803155865,1.9588230039432155,0.869987894218521
AVB,high_vol_stress,defensive_dual_tight,False,5,"roe,roic,ev,pb,mca",False,False,True,False,False,False,-0.06453552868887945,-0.10155555482213625,0.03582516019457338,-8.090429490833795,-0.9411933835149904,-0.758256676636966,0.08546447131112055,0.04844444517786374,0.7641748398054267,16.090429490833795,2.2411933835149904,1.208256676636966
GE,high_vol_stress,defensive_dual_tight,False,4,"de,ev,pb,mca",True,True,False,False,False,False,0.35861678004535147,0.09382422480093486,-0.2859977324263039,-23.304493625428396,-20.654960410349158,-2.5834411745610564,0.5086167800453515,0.24382422480093485,1.085997732426304,31.304493625428396,21.95496041034916,3.0334411745610566
TYL,high_vol_stress,defensive_dual_tight,False,5,"roe,roic,ev,pb,mca",False,False,True,False,False,False,-0.043121069816553295,-0.0777388379704563,0.32093535197026507,-13.584683956526188,-2.6433621295535374,-1.6101608552302433,0.1068789301834467,0.07226116202954369,0.479064648029735,21.584683956526188,3.9433621295535373,2.0601608552302433
HCA,high_vol_stress,defensive_dual_tight,False,5,"roe,de,ev,pb,mca",False,True,False,False,False,False,,0.0023046092184368927,,-0.5083395124146453,,-0.8845734862673311,,0.1523046092184369,,8.508339512414645,,1.334573486267331
UAL,high_vol_stress,defensive_dual_tight,False,5,"roic,de,ev,pb,mca",True,False,False,False,False,False,0.05943882134515183,-0.08056686190807108,-1.2164101335569264,-4.117563434904115,-1.3434832061828332,-0.07191984171073046,0.20943882134515182,0.06943313809192891,2.0164101335569264,12.117563434904115,2.6434832061828333,0.5219198417107305
GEHC,high_vol_stress,defensive_dual_tight,False,5,"roic,de,ev,pb,mca",True,False,False,False,False,False,0.030774487471526196,-0.05778955196133109,-0.16045558086560363,-2.107714776699396,-1.332903308854758,-0.32581790835743357,0.1807744874715262,0.0922104480386689,0.9604555808656037,10.107714776699396,2.632903308854758,0.7758179083574336
HAS,high_vol_stress,defensive_dual_tight,False,4,"de,ev,pb,mca",True,True,False,False,False,False,0.9760635280771411,0.035789153525806,-4.260975609756097,-2.582640989821181,-15.218522423439783,-1.479514015273593,1.1260635280771412,0.185789153525806,5.060975609756097,10.582640989821181,16.518522423439784,1.929514015273593
UDR,high_vol_stress,defensive_dual_tight,False,5,"roic,de,ev,pb,mca",True,False,False,False,False,False,0.0276908227256904,-0.09154864409156915,-1.2399777723558476,-5.174590670548872,-3.048556833083329,-0.7948706112949915,0.1776908227256904,0.058451355908430834,2.0399777723558477,13.174590670548872,4.348556833083329,1.2448706112949914
DECK,high_vol_stress,defensive_dual_tight,False,3,"ev,pb,mca",True,True,True,False,False,False,0.29091234149634915,0.2158378322259136,0.5947874641240624,-0.9131260186906669,-4.574615479552872,-3.0451722348113743,0.44091234149634917,0.3658378322259136,0.20521253587593768,8.913126018690667,5.8746154795528716,3.4951722348113745
WFC,high_vol_stress,defensive_dual_tight,False,5,"roe,roic,de,ev,pb",False,False,False,False,False,True,-0.024521338587046998,-0.09165116117028002,-0.35049114823242133,,-0.0868877478291652,0.3404989949258031,0.125478661412953,0.05834883882971997,1.1504911482324214,,1.3868877478291652,0.10950100507419691
HLT,high_vol_stress,defensive_dual_tight,False,5,"roe,de,ev,pb,mca",False,True,False,False,False,False,,0.055181347150259075,,-20.26291986915845,,-3.943605165136929,,0.20518134715025907,,28.26291986915845,,4.393605165136929
GDDY,high_vol_stress,defensive_dual_tight,False,4,"de,ev,pb,mca",True,True,False,False,False,False,135.71567164179103,0.0865583014994413,-572.5432835820895,-1.9236370080426841,-1676.154843236641,-0.955465754156203,135.86567164179104,0.2365583014994413,573.3432835820895,9.923637008042684,1677.454843236641,1.405465754156203
HUBB,high_vol_stress,defensive_dual_tight,False,5,"roic,de,ev,pb,mca",True,False,False,False,False,False,0.08055292824458704,-0.05474732006125574,-0.6204350826963878,-14.352381524299425,-5.766132005452299,-1.8834066445044695,0.23055292824458704,0.09525267993874426,1.4204350826963879,22.352381524299425,7.066132005452299,2.3334066445044694
HSY,high_vol_stress,defensive_dual_tight,False,5,"roic,de,ev,pb,mca",True,False,False,False,False,False,0.17636602530524756,-0.007990967386807657,-0.4982061021020494,-3.4967457373543613,-4.3261690018039305,-1.3871408796618503,0.32636602530524755,0.14200903261319234,1.2982061021020495,11.496745737354361,5.62616900180393,1.8371408796618502
ALLE,high_vol_stress,defensive_dual_tight,False,4,"de,ev,pb,mca",True,True,False,False,False,False,0.16086566600585292,0.008710268212159922,-0.15869914094213156,-5.189105294312908,-4.339015638752486,-1.7785514349091585,0.3108656660058529,0.15871026821215992,0.9586991409421316,13.189105294312908,5.639015638752486,2.2285514349091584
FTV,high_vol_stress,defensive_dual_tight,False,5,"roe,roic,ev,pb,mca",False,False,True,False,False,False,-0.06182391182391182,-0.09415824616767154,0.22096492096492104,-9.404710331207987,-1.7442896334957176,-1.1384822860752601,0.08817608817608817,0.05584175383232844,0.579035079035079,17.404710331207987,3.0442896334957177,1.58848228607526
CVNA,high_vol_stress,defensive_dual_tight,False,4,"de,ev,pb,mca",True,True,False,False,False,False,0.23927507447864946,0.012503886413099796,-0.5954816285998012,-346.32487141257275,-10.448543133213834,-2.8020019063074026,0.38927507447864945,0.1625038864130998,1.3954816285998013,354.32487141257275,11.748543133213834,3.252001906307403
WST,high_vol_stress,defensive_dual_tight,False,3,"ev,pb,mca",True,True,True,False,False,False,0.03891712928901078,0.021062592738394448,0.6956257106548057,-20.567033981215538,-7.143718275191982,-5.743800016308278,0.18891712928901078,0.17106259273839444,0.1043742893451943,28.567033981215538,8.443718275191982,6.193800016308278
HOOD,high_vol_stress,defensive_dual_tight,False,5,"roic,de,ev,pb,mca",True,False,False,False,False,False,0.06856540084388185,-0.08562418442801217,-1.5951476793248947,-32.92689491757527,-7.063333217341266,-0.9520229690609232,0.21856540084388185,0.06437581557198782,2.3951476793248947,40.92689491757527,8.363333217341266,1.4020229690609232
TT,high_vol_stress,defensive_dual_tight,False,3,"ev,pb,mca",True,True,True,False,False,False,0.19199631214556587,0.07273918593321602,0.26458847951385267,-17.648338190020482,-11.232510457162778,-4.06677635758639,0.34199631214556586,0.222739185933216,0.5354115204861474,25.648338190020482,12.532510457162779,4.51677635758639
WTW,high_vol_stress,defensive_dual_tight,False,5,"roic,de,ev,pb,mca",True,False,False,False,False,False,0.053563995837669104,-0.04417810534856988,-0.12364724245577519,-2.956883138200274,-1.8573800364481976,-0.3443302372529777,0.2035639958376691,0.10582189465143012,0.9236472424557752,10.956883138200274,3.1573800364481976,0.7943302372529777
HAL,high_vol_stress,defensive_dual_tight,False,5,"roe,roic,ev,pb,mca",False,False,True,False,False,False,-0.004495912806539493,-0.06660159300327971,0.0553133514986377,-1.6082276560712394,-1.2759994314811889,-0.648101043077586,0.1455040871934605,0.08339840699672028,0.7446866485013623,9.60822765607124,2.575999431481189,1.098101043077586
VRSK,high_vol_stress,defensive_dual_tight,False,5,"roe,de,ev,pb,mca",False,True,False,False,False,False,,0.10830635045652112,,-8.327961832913605,,-4.747381764602894,,0.2583063504565211,,16.327961832913605,,5.197381764602894
BKR,high_vol_stress,defensive_dual_tight,False,5,"roic,de,ev,pb,mca",True,False,False,False,False,False,0.0055153707052441325,-0.06438289870302259,-0.01640546513964236,-2.9487029410433063,-1.4674005897377935,-0.5970051490022805,0.15551537070524413,0.0856171012969774,0.8164054651396424,10.948702941043306,2.7674005897377936,1.0470051490022805
VRSN,high_vol_stress,defensive_dual_tight,False,5,"roe,de,ev,pb,mca",False,True,False,False,False,False,,9.710788863109048,,-12.08819406587957,,-12.164279886452672,,9.860788863109049,,20.08819406587957,,12.614279886452671
GM,high_vol_stress,defensive_dual_tight,False,4,"roe,roic,de,ev",False,False,False,False,True,True,-0.11856451612903225,-0.13972572049109896,-1.2596290322580643,-2.120925236148679,0.17556247683257675,0.20343201067977085,0.03143548387096774,0.010274279508901037,2.0596290322580644,10.120925236148679,1.1244375231674233,0.24656798932022916
VMC,high_vol_stress,defensive_dual_tight,False,5,"roe,roic,ev,pb,mca",False,False,True,False,False,False,-0.01818197927865134,-0.0664207277793591,0.22283837584320776,-10.168024830803613,-3.216051963779859,-1.874961991108586,0.13181802072134866,0.08357927222064089,0.5771616241567923,18.168024830803613,4.516051963779859,2.324961991108586
DOV,high_vol_stress,defensive_dual_tight,False,5,"roe,roic,ev,pb,mca",False,False,True,False,False,False,-0.002706462769230117,-0.04650211346378216,0.37684497567758274,-8.521389531898233,-2.620828792222256,-1.7557546557316919,0.14729353723076988,0.10349788653621783,0.4231550243224173,16.521389531898233,3.920828792222256,2.205754655731692
WAB,high_vol_stress,defensive_dual_tight,False,5,"roe,roic,ev,pb,mca",False,False,True,False,False,False,-0.03683788121990368,-0.07864773685690188,0.21403602639557695,-12.650086897049384,-2.760849514941147,-1.5189712236488249,0.11316211878009631,0.07135226314309812,0.5859639736044231,20.650086897049384,4.060849514941147,1.9689712236488248
GLW,high_vol_stress,defensive_dual_tight,False,4,"roic,ev,pb,mca",True,False,True,False,False,False,0.001273885350318471,-0.0633962350152696,0.05326433121019114,-45.93005080818636,-16.182267782131728,-6.2127407253178335,0.15127388535031847,0.0866037649847304,0.7467356687898089,53.93005080818636,17.48226778213173,6.662740725317834
VRT,high_vol_stress,defensive_dual_tight,False,3,"ev,pb,mca",True,True,True,False,False,False,0.21404910038674965,0.06393809135601178,0.09834370270724735,-42.69497587387787,-25.793858858163276,-7.656568993176335,0.36404910038674965,0.21393809135601177,0.7016562972927527,50.69497587387787,27.093858858163276,8.106568993176335
TMUS,high_vol_stress,defensive_dual_tight,False,5,"roic,de,ev,pb,mca",True,False,False,False,False,False,0.03768328445747801,-0.08989892091244364,-1.322793921620901,-1.1914080052551732,-1.897710922696924,-0.39250375815625355,0.187683284457478,0.060101079087556346,2.122793921620901,9.191408005255173,3.197710922696924,0.8425037581562536
DHR,high_vol_stress,defensive_dual_tight,False,5,"roe,roic,ev,pb,mca",False,False,True,False,False,False,-0.07385082063863373,-0.09940547644018752,0.29491261101918953,-12.582040944289986,-1.2466381499484516,-0.9997036881401318,0.07614917936136627,0.05059452355981248,0.5050873889808105,20.582040944289986,2.5466381499484516,1.4497036881401317
UNP,high_vol_stress,defensive_dual_tight,False,5,"roic,de,ev,pb,mca",True,False,False,False,False,False,0.20456876118608816,-0.008608849967208038,-0.7077153775455909,-6.3630549636308995,-6.516404752866057,-1.8191513313392595,0.35456876118608815,0.14139115003279196,1.507715377545591,14.3630549636309,7.816404752866057,2.2691513313392595
URI,high_vol_stress,defensive_dual_tight,False,5,"roic,de,ev,pb,mca",True,False,False,False,False,False,0.13599306157849092,-0.0428034458937787,-0.8679314830875975,-3.519658154285647,-6.344611261379575,-1.8018328630952676,0.2859930615784909,0.1071965541062213,1.6679314830875975,11.519658154285647,7.644611261379575,2.2518328630952675
DGX,high_vol_stress,defensive_dual_tight,False,6,"roe,roic,de,ev,pb,mca",False,False,False,False,False,False,-0.008701436934539647,-0.07359162529678394,-0.04925492283129318,-4.896539792665768,-1.799907417891961,-0.9254592451075021,0.14129856306546035,0.07640837470321606,0.8492549228312932,12.896539792665768,3.099907417891961,1.375459245107502
GRMN,high_vol_stress,defensive_dual_tight,False,3,"ev,pb,mca",True,True,True,False,False,False,0.057917964012234785,0.053899219830193856,0.78029053673973,-10.885803737043915,-3.7736653172006385,-3.5600338935878924,0.20791796401223478,0.20389921983019385,0.019709463260269976,18.885803737043915,5.073665317200638,4.0100338935878925
BLDR,high_vol_stress,defensive_dual_tight,False,6,"roe,roic,de,ev,pb,mca",False,False,False,False,False,False,-0.12439562565930327,-0.13890558430463112,-0.5078614542435724,-6.330095248267991,-1.1038228875278009,-0.40022021596745067,0.025604374340696723,0.011094415695368873,1.3078614542435725,14.330095248267991,2.403822887527801,0.8502202159674507
GPC,high_vol_stress,defensive_dual_tight,False,6,"roe,roic,de,ev,pb,mca",False,False,False,False,False,False,-0.14276051411264484,-0.14706891537613573,-0.6698999914273316,-22.118640186040757,-2.2936039744539016,-0.3223652962576811,0.007239485887355138,0.002931084623864267,1.4698999914273316,30.118640186040757,3.5936039744539015,0.7723652962576811
V,high_vol_stress,defensive_dual_tight,False,3,"ev,pb,mca",True,True,True,False,False,False,0.49221956904883735,0.2326817535063351,0.12179202910910236,-12.50502228602232,-15.320160837563616,-5.731034125634983,0.6422195690488374,0.3826817535063351,0.6782079708908977,20.50502228602232,16.620160837563617,6.181034125634983
DHI,high_vol_stress,defensive_dual_tight,False,5,"roe,roic,ev,pb,mca",False,False,True,False,False,False,-0.021831902432880607,-0.051529201918517814,0.4984151640462647,-4.915577355501158,-0.6126238474648436,-0.7977710663462776,0.1281680975671194,0.09847079808148218,0.30158483595373536,12.915577355501158,1.9126238474648436,1.2477710663462775
VICI,high_vol_stress,defensive_dual_tight,False,4,"roe,roic,ev,mca",False,False,True,False,True,False,-0.055188653195020795,-0.09117298855289577,0.1883025081049513,-4.798850746072606,0.29784512111620853,-0.15561155137666888,0.0948113468049792,0.05882701144710422,0.6116974918950487,12.798850746072606,1.0021548788837915,0.6056115513766689
AWK,high_vol_stress,defensive_dual_tight,False,6,"roe,roic,de,ev,pb,mca",False,False,False,False,False,False,-0.05330047149592798,-0.10931176279623417,-0.5765966566652378,-5.8941007726533226,-0.9416425834979549,-0.2673280864813224,0.09669952850407201,0.040688237203765826,1.376596656665238,13.894100772653323,2.241642583497955,0.7173280864813224
GEV,high_vol_stress,defensive_dual_tight,False,3,"ev,pb,mca",True,True,True,False,False,False,0.6469390315296479,0.4959901023659413,0.566329346826127,-92.69173613054548,-24.86916175230318,-3.4225825132709056,0.796939031529648,0.6459901023659413,0.23367065317387303,100.69173613054548,26.169161752303182,3.8725825132709057
GOOG,high_vol_stress,defensive_dual_tight,False,2,"pb,mca",True,True,True,True,False,False,0.23128434923807148,0.17420781800126386,0.6239507869098176,1.849577253548767,-1.7490488942432425,-1.6681028671731608,0.3812843492380715,0.32420781800126386,0.17604921309018237,6.150422746451233,3.0490488942432425,2.1181028671731608
VLTO,high_vol_stress,defensive_dual_tight,False,4,"de,ev,pb,mca",True,True,False,False,False,False,0.16901840490797546,0.0025633106856084165,-0.2910558605101712,-8.412908049009918,-5.680818153154609,-2.076243727543798,0.31901840490797545,0.1525633106856084,1.0910558605101712,16.412908049009918,6.980818153154609,2.526243727543798
CTSH,high_vol_stress,defensive_dual_tight,False,2,"roic,mca",True,False,True,True,True,False,0.0035057391785368597,-0.01590964000966416,0.6552067487207855,3.4895894665107257,0.09368662644357606,-0.3877288839554864,0.15350573917853685,0.13409035999033583,0.1447932512792145,4.510410533489274,1.206313373556424,0.8377288839554864
AXP,high_vol_stress,defensive_dual_tight,False,5,"roic,de,ev,pb,mca",True,False,False,False,False,False,0.1838681446907818,-0.027369306432084337,-0.9225495915985997,,-5.345273317354836,-0.2891231406538021,0.3338681446907818,0.12263069356791566,1.7225495915985998,,6.645273317354836,0.7391231406538021
ISRG,high_vol_stress,defensive_dual_tight,False,4,"de,ev,pb,mca",True,True,False,False,False,False,0.0227614979855133,0.0227614979855133,,-24.91082289719067,-6.5421879487314945,-6.374866478628381,0.1727614979855133,0.1727614979855133,,32.91082289719067,7.842187948731494,6.8248664786283815
SHW,high_vol_stress,defensive_dual_tight,False,5,"roic,de,ev,pb,mca",True,False,False,False,False,False,0.5473824162710457,-0.0012349129224520083,-2.8878096868757623,-12.594852433222194,-20.384304441417957,-2.6513783451076307,0.6973824162710457,0.14876508707754799,3.687809686875762,20.594852433222194,21.684304441417957,3.101378345107631
FIX,high_vol_stress,defensive_dual_tight,False,3,"ev,pb,mca",True,True,True,False,False,False,0.2958442859456265,0.254592048857897,0.698039921436473,-26.110334167298817,-20.380934557563233,-7.76807174234153,0.44584428594562653,0.404592048857897,0.10196007856352701,34.11033416729882,21.680934557563234,8.21807174234153
SLB,high_vol_stress,defensive_dual_tight,False,5,"roe,roic,ev,pb,mca",False,False,True,False,False,False,-0.03106926440131931,-0.0702253550113192,0.30916621922221377,-3.8644486417942563,-1.3462307777968523,-0.7924875981465664,0.11893073559868068,0.0797746449886808,0.4908337807777863,11.864448641794256,2.6462307777968523,1.2424875981465664
SNA,high_vol_stress,defensive_dual_tight,False,4,"roic,ev,pb,mca",True,False,True,False,False,False,0.021105556751030402,-0.008795727126191838,0.5882409415192095,-5.595900792422505,-2.1454495525603248,-1.9588919420294981,0.1711055567510304,0.14120427287380816,0.21175905848079055,13.595900792422505,3.4454495525603246,2.408891942029498
IQV,high_vol_stress,defensive_dual_tight,False,5,"roic,de,ev,pb,mca",True,False,False,False,False,False,0.07281639928698752,-0.08864893806889165,-1.831826284232701,-5.077100963981785,-3.8537858047201006,-0.6143556842450968,0.22281639928698752,0.061351061931108335,2.631826284232701,13.077100963981785,5.1537858047201,1.0643556842450967
TDY,high_vol_stress,defensive_dual_tight,False,5,"roe,roic,ev,pb,mca",False,False,True,False,False,False,-0.06072033704263406,-0.07469970259935885,0.6143517882493017,-12.544407187433038,-1.5297412464412508,-1.57197127033774,0.08927966295736593,0.07530029740064115,0.18564821175069834,20.544407187433038,2.829741246441251,2.02197127033774
ROL,high_vol_stress,defensive_dual_tight,False,3,"ev,pb,mca",True,True,True,False,False,False,0.22193418844611454,0.0589339463240206,0.019847971141517595,-16.450740181429726,-12.7480219044574,-5.536115358089697,0.37193418844611453,0.2089339463240206,0.7801520288584824,24.450740181429726,14.0480219044574,5.986115358089697
COIN,high_vol_stress,defensive_dual_tight,False,5,"roe,roic,ev,pb,mca",False,False,True,False,False,False,-0.22551921245689396,-0.2000186475004627,0.2901788386782078,,-1.1902454146977555,-0.7809608366301375,-0.07551921245689397,-0.050018647500462705,0.5098211613217922,,2.4902454146977555,1.2309608366301374
CNP,high_vol_stress,defensive_dual_tight,False,6,"roe,roic,de,ev,pb,mca",False,False,False,False,False,False,-0.05469283276450511,-0.11928111765029425,-1.3025597269624571,-5.410818635625828,-1.1752595637027674,-0.15124439557712815,0.09530716723549489,0.030718882349705736,2.102559726962457,13.410818635625828,2.4752595637027675,0.6012443955771282
PWR,high_vol_stress,defensive_dual_tight,False,5,"roe,roic,ev,pb,mca",False,False,True,False,False,False,-0.012327870410508784,-0.06830123088511925,0.11488122671831813,-29.115878329703044,-9.930272792816359,-3.375724814499106,0.1376721295894912,0.08169876911488075,0.6851187732816819,37.115878329703044,11.23027279281636,3.825724814499106
FICO,high_vol_stress,defensive_dual_tight,False,5,"roe,de,ev,pb,mca",False,True,False,False,False,False,,0.3930279003914383,,-16.577804215357002,,-12.215536933120845,,0.5430279003914383,,24.577804215357002,,12.665536933120844
COF,high_vol_stress,defensive_dual_tight,False,3,"roe,roic,ev",False,False,True,False,True,True,-0.057551431107361606,-0.08361519530510506,0.4073835824699235,,0.2184104048334381,0.2673479786553258,0.09244856889263839,0.06638480469489494,0.39261641753007653,,1.081589595166562,0.18265202134467426
QCOM,high_vol_stress,defensive_dual_tight,False,3,"ev,pb,mca",True,True,True,False,False,False,0.18476751753561357,0.06568673127096533,0.24789934196254249,-7.197156965299055,-5.715311770570521,-2.932249253934134,0.33476751753561357,0.21568673127096533,0.5521006580374576,15.197156965299055,7.015311770570521,3.382249253934134
JCI,high_vol_stress,defensive_dual_tight,False,3,"ev,pb,mca",True,True,True,False,False,False,0.11546506453048508,0.00590016117088471,0.09721109627651692,-18.293594422316385,-5.264670416215344,-1.8334667187341072,0.2654650645304851,0.1559001611708847,0.7027889037234831,26.293594422316385,6.5646704162153435,2.283466718734107
RCL,high_vol_stress,defensive_dual_tight,False,5,"roic,de,ev,pb,mca",True,False,False,False,False,False,0.27966002344665886,-0.01970433133850802,-1.497577178585385,-6.547884758728754,-6.9966060869519735,-1.4522502442890513,0.4296600234466589,0.13029566866149198,2.297577178585385,14.547884758728754,8.296606086951973,1.9022502442890512
JBHT,high_vol_stress,defensive_dual_tight,False,4,"roic,ev,pb,mca",True,False,True,False,False,False,0.034436365823880294,-0.009549871607253957,0.4868195285081274,-8.876875571689656,-6.132580082091059,-2.9713416796437158,0.1844363658238803,0.14045012839274604,0.31318047149187267,16.876875571689656,7.432580082091059,3.421341679643716
EFX,high_vol_stress,defensive_dual_tight,False,5,"roic,de,ev,pb,mca",True,False,False,False,False,False,0.007846673667869064,-0.07978786063184831,-0.4481393543673804,-4.535575538733145,-2.957157855014424,-1.1062939488669632,0.15784667366786906,0.07021213936815168,1.2481393543673804,12.535575538733145,4.257157855014424,1.5562939488669632
SPGI,high_vol_stress,defensive_dual_tight,False,4,"roic,ev,pb,mca",True,False,True,False,False,False,0.0062490079680010135,-0.04554994376419158,0.3040792355798229,-6.9110457348039045,-2.305785582157238,-1.3556441615034363,0.156249007968001,0.10445005623580841,0.49592076442017713,14.911045734803904,3.605785582157238,1.8056441615034362
INVH,high_vol_stress,defensive_dual_tight,False,6,"roe,roic,de,ev,pb,mca",False,False,False,False,False,False,-0.07703594278902771,-0.11242290303887559,-0.14171618117433726,-6.667330448549624,-0.682016837406356,-0.5227724082530241,0.07296405721097228,0.03757709696112441,0.9417161811743373,14.667330448549624,1.982016837406356,0.972772408253024
ICE,high_vol_stress,defensive_dual_tight,False,4,"roe,roic,ev,pb",False,False,True,False,False,True,-0.013354878007512422,-0.069365789368585,0.10537037663700044,-3.526974965801406,-1.0387795890906568,0.05336031244602202,0.13664512199248757,0.08063421063141499,0.6946296233629996,11.526974965801406,2.338779589090657,0.396639687553978
FSLR,high_vol_stress,defensive_dual_tight,False,3,"ev,pb,mca",True,True,True,False,False,False,0.019181862066920685,0.01606013040466228,0.7812011970925758,-1.7796664276221588,-1.1571454828337873,-1.444042370830604,0.16918186206692068,0.16606013040466228,0.018798802907424157,9.779666427622159,2.4571454828337873,1.894042370830604
CSX,high_vol_stress,defensive_dual_tight,False,5,"roic,de,ev,pb,mca",True,False,False,False,False,False,0.07887373952563556,-0.05361553874218726,-0.5745916773185626,-7.875579012785449,-4.952530218980832,-1.5186117815965676,0.22887373952563556,0.09638446125781273,1.3745916773185627,15.87557901278545,6.252530218980832,1.9686117815965676
XYL,high_vol_stress,defensive_dual_tight,False,5,"roe,roic,ev,pb,mca",False,False,True,False,False,False,-0.05231263794261587,-0.07445829623033541,0.5068419537472412,-7.786929517870199,-1.3485438856881717,-1.1415393745102318,0.09768736205738413,0.07554170376966458,0.2931580462527589,15.786929517870199,2.648543885688172,1.5915393745102318
XEL,high_vol_stress,defensive_dual_tight,False,6,"roe,roic,de,ev,pb,mca",False,False,False,False,False,False,-0.05717878372199359,-0.1153153153153153,-0.876144157625639,-5.542191440078467,-0.7849705565129745,-0.12543895689821166,0.09282121627800641,0.034684684684684684,1.676144157625639,13.542191440078467,2.0849705565129746,0.5754389568982117
DXCM,high_vol_stress,defensive_dual_tight,False,3,"ev,pb,mca",True,True,True,False,False,False,0.2313611047531853,0.09869396487387433,0.26654459449149315,-8.489415013112161,-8.395295241833816,-3.4871132165729195,0.3813611047531853,0.24869396487387432,0.5334554055085069,16.48941501311216,9.695295241833817,3.9371132165729197
FRT,high_vol_stress,defensive_dual_tight,False,6,"roe,roic,de,ev,pb,mca",False,False,False,False,False,False,-0.02035514618683737,-0.09691146958059604,-0.6420501526216142,-6.808861496028014,-1.840486925115506,-0.7163675545225616,0.12964485381316262,0.053088530419403944,1.4420501526216143,14.808861496028014,3.140486925115506,1.1663675545225616
AAPL,high_vol_stress,defensive_dual_tight,False,4,"de,ev,pb,mca",True,True,False,False,False,False,1.35,0.30000000000000004,-1.0,-17.570127930109035,-38.22690771031607,-10.638729803878205,1.5,0.45,1.8,25.570127930109035,39.52690771031607,11.088729803878204
BRO,high_vol_stress,defensive_dual_tight,False,5,"roe,roic,ev,pb,mca",False,False,True,False,False,False,-0.05423587379798139,-0.09147644487615347,0.16366526265596448,-3.5697953452694033,-0.4058932617122215,-0.2682137689338135,0.0957641262020186,0.05852355512384653,0.6363347373440356,11.569795345269403,1.7058932617122216,0.7182137689338135
HUM,high_vol_stress,defensive_dual_tight,False,5,"roe,roic,ev,pb,mca",False,False,True,False,False,False,-0.08343048977254983,-0.11177525403466826,0.05847082704418882,,-1.1826055322095665,-0.38394468302577817,0.06656951022745017,0.03822474596533174,0.7415291729558112,,2.4826055322095666,0.8339446830257782
FTNT,high_vol_stress,defensive_dual_tight,False,3,"ev,pb,mca",True,True,True,False,False,False,1.2172232609116111,0.8854980468749999,0.4796467023402747,-31.39099403153199,-71.36655134502857,-9.929501969875664,1.367223260911611,1.035498046875,0.32035329765972537,39.39099403153199,72.66655134502857,10.379501969875664
TEL,high_vol_stress,defensive_dual_tight,False,3,"ev,pb,mca",True,True,True,False,False,False,0.07769137852936736,0.00976268672528871,0.3748150385021894,-4.83921124798483,-3.1130257480662653,-1.792230113497727,0.22769137852936736,0.1597626867252887,0.42518496149781065,12.83921124798483,4.413025748066265,2.242230113497727
SWKS,high_vol_stress,defensive_dual_tight,False,5,"roe,roic,ev,pb,mca",False,False,True,False,False,False,-0.0994449575658296,-0.10480886064118142,0.6813063102312532,-4.37057859885585,-0.47788806420132945,-0.9240141520278098,0.050555042434170396,0.045191139358818584,0.11869368976874684,12.37057859885585,1.7778880642013295,1.3740141520278097
INCY,high_vol_stress,defensive_dual_tight,False,3,"ev,pb,mca",True,True,True,False,False,False,0.10414162697435089,0.10261793844417419,0.7939684072336242,-1.2040500617643506,-2.3217323661028626,-2.46869006831843,0.2541416269743509,0.2526179384441742,0.006031592766375908,9.20405006176435,3.621732366102863,2.9186900683184303
STT,high_vol_stress,defensive_dual_tight,False,5,"roe,roic,de,ev,pb",False,False,False,False,False,True,-0.027741615961511243,-0.09076511723570546,-0.2639592472053205,,-0.33997002066062043,0.3391950816503751,0.12225838403848875,0.059234882764294526,1.0639592472053205,,1.6399700206606205,0.11080491834962491
CRH,high_vol_stress,defensive_dual_tight,False,5,"roic,de,ev,pb,mca",True,False,False,False,False,False,0.008976492614936549,-0.0628580550994344,-0.024339504888703956,-2.649248599080014,-1.6617409060536714,-0.7657644944152207,0.15897649261493654,0.0871419449005656,0.824339504888704,10.649248599080014,2.9617409060536715,1.2157644944152206
IEX,high_vol_stress,defensive_dual_tight,False,5,"roe,roic,ev,pb,mca",False,False,True,False,False,False,-0.020384231536926145,-0.061852040383473306,0.3295658682634731,-10.73080110248533,-2.8607188862176773,-1.9563724813795742,0.12961576846307385,0.08814795961652669,0.47043413173652693,18.73080110248533,4.160718886217677,2.406372481379574
SW,high_vol_stress,defensive_dual_tight,False,5,"roe,roic,ev,pb,mca",False,False,True,False,False,False,-0.12244400088711466,-0.13456521739130434,0.01468174761587937,-0.8266141790240162,-0.04533315833254137,-0.08681177061759066,0.02755599911288534,0.015434782608695652,0.7853182523841207,8.826614179024016,1.3453331583325414,0.5368117706175907
BIIB,high_vol_stress,defensive_dual_tight,False,5,"roe,roic,ev,pb,mca",False,False,True,False,False,False,-0.10571943972835313,-0.11931967312548937,0.3567115874363328,-10.229081598407024,-0.3937462036901773,-0.5449240008960896,0.04428056027164686,0.030680326874510624,0.44328841256366724,18.229081598407024,1.6937462036901774,0.9949240008960896
CSGP,high_vol_stress,defensive_dual_tight,False,5,"roe,roic,ev,pb,mca",False,False,True,False,False,False,-0.1407211296016137,-0.14194219400043792,0.6484619263741805,-20.962425300770327,-0.1466963651668569,-0.6817877077131385,0.009278870398386284,0.008057805999562075,0.15153807362581947,28.962425300770327,1.446696365166857,1.1317877077131384
SWK,high_vol_stress,defensive_dual_tight,False,5,"roe,roic,ev,pb,mca",False,False,True,False,False,False,-0.08073849176228959,-0.10476317189994677,0.2689132473099076,-2.131855934784781,-0.28656144413309725,-0.25737734420084074,0.0692615082377104,0.04523682810005322,0.5310867526900924,10.131855934784781,1.5865614441330973,0.7073773442008408
BAC,high_vol_stress,defensive_dual_tight,False,4,"roe,roic,de,ev",False,False,False,False,True,True,-0.04999999999999999,-0.06999999999999999,-0.30000000000000004,-1.0,0.10000000000000009,0.34700000000000003,0.1,0.08,1.1,9.0,1.2,0.103
CAG,high_vol_stress,defensive_dual_tight,False,4,"roe,roic,de,ev",False,False,False,False,True,True,-0.04999999999999999,-0.07999999999999999,-0.09999999999999998,-0.5,0.19999999999999996,0.09800000000000003,0.1,0.07,0.9,8.5,1.1,0.352
BLK,high_vol_stress,defensive_dual_tight,False,3,"ev,pb,mca",True,True,True,False,False,False,0.07,0.03,0.6000000000000001,-8.0,-2.2,-0.627,0.22,0.18,0.2,16.0,3.5,1.077
MRK,high_vol_stress,defensive_dual_tight,False,3,"ev,pb,mca",True,True,True,False,False,False,0.15,0.03,0.10000000000000009,-4.0,-5.2,-2.186,0.3,0.18,0.7,12.0,6.5,2.636
GIS,high_vol_stress,defensive_dual_tight,False,5,"roic,de,ev,pb,mca",True,False,False,False,False,False,0.13000000000000003,-0.03,-0.5,-4.0,-2.5,-0.675,0.28,0.12,1.3,12.0,3.8,1.125
UAN,high_vol_stress,defensive_dual_tight,False,3,"roic,pb,mca",True,False,True,True,False,False,0.05000000000000002,-0.03,0.30000000000000004,2.0,-1.2,-0.677,0.2,0.12,0.5,6.0,2.5,1.127
TGT,high_vol_stress,defensive_dual_tight,False,5,"roic,de,ev,pb,mca",True,False,False,False,False,False,0.1,-0.03,-0.3999999999999999,-2.0,-2.2,-0.823,0.25,0.12,1.2,10.0,3.5,1.273
O,high_vol_stress,defensive_dual_tight,False,6,"roe,roic,de,ev,pb,mca",False,False,False,False,False,False,-0.09999999999999999,-0.10999999999999999,-0.3999999999999999,-7.0,-0.09999999999999987,-0.26399999999999996,0.05,0.04,1.2,15.0,1.4,0.714
CAT,high_vol_stress,defensive_dual_tight,False,4,"de,ev,pb,mca",True,True,False,False,False,False,0.25,0.03,-0.7,-5.0,-6.7,-1.55,0.4,0.18,1.5,13.0,8.0,2.0
ICL,high_vol_stress,defensive_dual_tight,False,4,"roe,roic,pb,mca",False,False,True,True,False,False,-0.03,-0.06999999999999999,0.10000000000000009,1.0,-0.09999999999999987,-1.359,0.12,0.08,0.7,7.0,1.4,1.809
JPM,high_vol_stress,defensive_dual_tight,False,4,"roic,de,ev,pb",True,False,False,False,False,True,0.0,-0.03,-0.3999999999999999,-2.0,-0.5,0.30000000000000004,0.15,0.12,1.2,10.0,1.8,0.15
LLY,high_vol_stress,defensive_dual_tight,False,4,"de,ev,pb,mca",True,True,False,False,False,False,0.4,0.15,-0.7,-27.0,-43.7,-10.121,0.55,0.3,1.5,35.0,45.0,10.571
VNQ,high_vol_stress,defensive_dual_tight,False,5,"roe,roic,ev,pb,mca",False,False,True,False,False,False,-0.09,-0.10999999999999999,0.0,,,-0.55,0.06,0.04,0.8,,,1.0
MCD,high_vol_stress,defensive_dual_tight,False,4,"de,ev,pb,mca",True,True,False,False,False,False,1.05,0.03,-3.2,-10.0,-13.7,-3.368,1.2,0.18,4.0,18.0,15.0,3.818
XOM,high_vol_stress,defensive_dual_tight,False,3,"roic,pb,mca",True,False,True,True,False,False,0.010000000000000009,-0.03,0.55,1.5,-0.7,-0.7610000000000001,0.16,0.12,0.25,6.5,2.0,1.211
HMC,high_vol_stress,defensive_dual_tight,False,2,"roe,roic",False,False,True,True,True,True,-0.06999999999999999,-0.09,0.30000000000000004,1.5,0.7000000000000001,0.21000000000000002,0.08,0.06,0.5,6.5,0.6,0.24
PFE,high_vol_stress,defensive_dual_tight,False,5,"roe,roic,ev,pb,mca",False,False,True,False,False,False,-0.03,-0.04999999999999999,0.20000000000000007,-1.0,-0.30000000000000004,-0.21500000000000002,0.12,0.1,0.6,9.0,1.6,0.665
IPI,high_vol_stress,defensive_dual_tight,False,4,"roe,roic,ev,mca",False,False,True,False,True,False,-0.09999999999999999,-0.10999999999999999,0.5,-1.0,0.10000000000000009,-0.38599999999999995,0.05,0.04,0.3,9.0,1.2,0.836
PG,high_vol_stress,defensive_dual_tight,False,3,"ev,pb,mca",True,True,True,False,False,False,0.03,0.010000000000000009,0.25,-10.0,-6.2,-2.8,0.18,0.16,0.55,18.0,7.5,3.25
CPB,high_vol_stress,defensive_dual_tight,False,5,"roic,de,ev,pb,mca",True,False,False,False,False,False,0.05000000000000002,-0.06,-0.7,-2.0,-1.2,-0.45,0.2,0.09,1.5,10.0,2.5,0.9
CL,high_vol_stress,defensive_dual_tight,False,4,"de,ev,pb,mca",True,True,False,False,False,False,0.19999999999999998,0.03,-0.3999999999999999,-8.0,-78.7,-4.425,0.35,0.18,1.2,16.0,80.0,4.875
DD,high_vol_stress,defensive_dual_tight,False,5,"roe,roic,ev,pb,mca",False,False,True,False,False,False,-0.09,-0.09999999999999999,0.30000000000000004,-2.0,-0.5,-0.328,0.06,0.05,0.5,10.0,1.8,0.778
VYM,high_vol_stress,defensive_dual_tight,False,5,"roe,roic,ev,pb,mca",False,False,True,False,False,False,-0.009999999999999981,-0.039999999999999994,0.0,-3.0,-1.2,-0.75,0.14,0.11,0.8,11.0,2.5,1.2
AFL,high_vol_stress,defensive_dual_tight,False,3,"roic,ev,pb",True,False,True,False,False,True,0.010000000000000009,-0.03,0.4,-0.5,-0.19999999999999996,0.30000000000000004,0.16,0.12,0.4,8.5,1.5,0.15
RF,high_vol_stress,defensive_dual_tight,True,0,,True,True,True,True,True,True,0.0,0.0,0.6000000000000001,0.5,0.19999999999999996,0.33,0.15,0.15,0.2,7.5,1.1,0.12
IYR,high_vol_stress,defensive_dual_tight,False,6,"roe,roic,de,ev,pb,mca",False,False,False,False,False,False,-0.09,-0.10999999999999999,-0.3999999999999999,-8.0,-0.7,-0.55,0.06,0.04,1.2,16.0,2.0,1.0
XBI,high_vol_stress,defensive_dual_tight,False,6,"roe,roic,de,ev,pb,mca",False,False,False,False,False,False,,,,,,,,,,,,
SCHD,high_vol_stress,defensive_dual_tight,False,4,"roic,ev,pb,mca",True,False,True,False,False,False,0.03,-0.009999999999999981,0.10000000000000009,-4.0,-1.7,-1.05,0.18,0.14,0.7,12.0,3.0,1.5
VUG,high_vol_stress,defensive_dual_tight,False,6,"roe,roic,de,ev,pb,mca",False,False,False,False,False,False,,,,,,,,,,,,
QQQ,high_vol_stress,defensive_dual_tight,False,6,"roe,roic,de,ev,pb,mca",False,False,False,False,False,False,,,,,,,,,,,,
TDG,high_vol_stress,defensive_dual_tight,False,5,"roe,de,ev,pb,mca",False,True,False,False,False,False,-0.15,0.0,-4.2,-12.0,-48.7,-2.55,0.0,0.15,5.0,20.0,50.0,3.0
AMD,high_vol_stress,defensive_dual_tight,False,5,"roe,roic,ev,pb,mca",False,False,True,False,False,False,-0.03,-0.04999999999999999,0.65,-20.0,-3.7,-3.55,0.12,0.1,0.15,28.0,5.0,4.0
MU,high_vol_stress,defensive_dual_tight,False,3,"roic,pb,mca",True,False,True,True,False,False,0.010000000000000009,-0.03,0.5,1.5,-0.5,-0.45,0.16,0.12,0.3,6.5,1.8,0.9
ARKK,high_vol_stress,defensive_dual_tight,False,6,"roe,roic,de,ev,pb,mca",False,False,False,False,False,False,,,,,,,,,,,,
SPR,high_vol_stress,defensive_dual_tight,False,5,"roe,roic,de,ev,mca",False,False,False,False,True,False,-0.25,-0.2,-1.2,-7.0,0.10000000000000009,-0.35000000000000003,-0.1,-0.05,2.0,15.0,1.2,0.8
SPLV,high_vol_stress,defensive_dual_tight,False,5,"roe,roic,ev,pb,mca",False,False,True,False,False,False,-0.009999999999999981,-0.039999999999999994,0.0,-5.0,-1.7,-1.05,0.14,0.11,0.8,13.0,3.0,1.5
USMV,high_vol_stress,defensive_dual_tight,False,4,"roic,ev,pb,mca",True,False,True,False,False,False,0.0,-0.03,0.10000000000000009,-6.0,-2.2,-1.35,0.15,0.12,0.7,14.0,3.5,1.8
VIG,high_vol_stress,defensive_dual_tight,False,3,"ev,pb,mca",True,True,True,False,False,False,0.05000000000000002,0.0,0.20000000000000007,-8.0,-2.7,-1.55,0.2,0.15,0.6,16.0,4.0,2.0
NUE,high_vol_stress,defensive_dual_tight,False,3,"roic,pb,mca",True,False,True,True,False,False,0.03,-0.009999999999999981,0.5,2.0,-0.30000000000000004,-0.55,0.18,0.14,0.3,6.0,1.6,1.0
CW,high_vol_stress,defensive_dual_tight,False,5,"roe,roic,ev,pb,mca",False,False,True,False,False,False,-0.009999999999999981,-0.04999999999999999,0.30000000000000004,-6.0,-1.7,-1.35,0.14,0.1,0.5,14.0,3.0,1.8
HEI,high_vol_stress,defensive_dual_tight,False,4,"roic,ev,pb,mca",True,False,True,False,False,False,0.010000000000000009,-0.03,0.20000000000000007,-20.0,-5.7,-3.55,0.16,0.12,0.6,28.0,7.0,4.0
HPQ,high_vol_stress,defensive_dual_tight,False,2,"pb,mca",True,True,True,True,False,False,0.05000000000000002,0.0,0.0,1.0,-0.09999999999999987,-0.14999999999999997,0.2,0.15,0.8,7.0,1.4,0.6
XLV,high_vol_stress,defensive_dual_tight,False,4,"roic,ev,pb,mca",True,False,True,False,False,False,0.010000000000000009,-0.03,0.10000000000000009,-7.0,-2.7,-1.7500000000000002,0.16,0.12,0.7,15.0,4.0,2.2
XLU,high_vol_stress,defensive_dual_tight,False,6,"roe,roic,de,ev,pb,mca",False,False,False,False,False,False,-0.04999999999999999,-0.09999999999999999,-0.5999999999999999,-4.0,-0.7,-0.55,0.1,0.05,1.4,12.0,2.0,1.0
XLP,high_vol_stress,defensive_dual_tight,False,4,"roic,ev,pb,mca",True,False,True,False,False,False,0.03,-0.03,0.0,-6.0,-3.2,-1.55,0.18,0.12,0.8,14.0,4.5,2.0
DVN,high_vol_stress,defensive_dual_tight,False,3,"roic,pb,mca",True,False,True,True,False,False,0.03,-0.03,0.30000000000000004,3.5,-0.19999999999999996,-0.45,0.18,0.12,0.5,4.5,1.5,0.9
DVY,high_vol_stress,defensive_dual_tight,False,6,"roe,roic,de,ev,pb,mca",False,False,False,False,False,False,-0.03,-0.06,-0.19999999999999996,-2.0,-0.5,-0.45,0.12,0.09,1.0,10.0,1.8,0.9
XLF,high_vol_stress,defensive_dual_tight,False,4,"roe,roic,ev,pb",False,False,True,False,False,True,-0.03,-0.04999999999999999,0.0,-2.0,-0.19999999999999996,0.30000000000000004,0.12,0.1,0.8,10.0,1.5,0.15
HII,high_vol_stress,defensive_dual_tight,False,5,"roe,roic,ev,pb,mca",False,False,True,False,False,False,-0.03,-0.06999999999999999,0.0,-4.0,-1.2,-0.55,0.12,0.08,0.8,12.0,2.5,1.0
XLE,high_vol_stress,defensive_dual_tight,False,4,"roe,roic,pb,mca",False,False,True,True,False,False,-0.009999999999999981,-0.04999999999999999,0.30000000000000004,1.0,-0.5,-0.45,0.14,0.1,0.5,7.0,1.8,0.9
CB,high_vol_stress,defensive_dual_tight,False,5,"roe,roic,ev,pb,mca",False,False,True,False,False,False,-0.01999999999999999,-0.04999999999999999,0.5,,-0.5,-0.23000000000000004,0.13,0.1,0.3,,1.8,0.68
SHEL,high_vol_stress,defensive_dual_tight,False,5,"roe,roic,ev,pb,mca",False,False,True,False,False,False,-0.03,-0.04999999999999999,0.45000000000000007,,-0.17999999999999994,-0.181,0.12,0.1,0.35,,1.48,0.631
CRWD,high_vol_stress,defensive_dual_tight,False,5,"roe,roic,ev,pb,mca",False,False,True,False,False,False,-0.09999999999999999,-0.10999999999999999,0.5,,-39.71,,0.05,0.04,0.3,,41.01,
CSCO,high_vol_stress,defensive_dual_tight,False,3,"ev,pb,mca",True,True,True,False,False,False,0.1,0.03,0.5,,-7.910000000000001,-4.05,0.25,0.18,0.3,,9.21,4.5
INTC,high_vol_stress,defensive_dual_tight,False,6,"roe,roic,de,ev,pb,mca",False,False,False,False,False,False,,,,,-2.8900000000000006,-2.4789999999999996,,,,,4.19,2.929
IBM,high_vol_stress,defensive_dual_tight,False,5,"roic,de,ev,pb,mca",True,False,False,False,False,False,0.1,-0.04999999999999999,-1.2,,-4.680000000000001,-1.1360000000000001,0.25,0.1,2.0,,5.98,1.586
PYPL,high_vol_stress,defensive_dual_tight,False,4,"roic,ev,pb,mca",True,False,True,False,False,False,0.03,-0.03,0.4,,-1.1700000000000002,-0.15599999999999997,0.18,0.12,0.4,,2.47,0.606
IVZ,high_vol_stress,defensive_dual_tight,False,4,"roe,roic,de,ev",False,False,False,False,True,True,,,,,0.25,0.123,,,,,1.05,0.327
SPCX,high_vol_stress,defensive_dual_tight,False,6,"roe,roic,de,ev,pb,mca",False,False,False,False,False,False,,,,,-17.08,-35.602999999999994,,,,,18.38,36.053
SEDG,high_vol_stress,defensive_dual_tight,False,5,"roe,roic,ev,pb,mca",False,False,True,False,False,False,-0.2,-0.16999999999999998,0.0,,-4.82,,-0.05,-0.02,0.8,,6.12,
IRDM,high_vol_stress,defensive_dual_tight,False,6,"roe,roic,de,ev,pb,mca",False,False,False,False,False,False,,,,,-9.18,-1.2,,,,,10.48,1.65
BX,high_vol_stress,defensive_dual_tight,False,6,"roe,roic,de,ev,pb,mca",False,False,False,False,False,False,,,,,-10.129999999999999,-3.559,,,,,11.43,4.009
BEN,high_vol_stress,defensive_dual_tight,False,5,"roe,roic,de,ev,pb",False,False,False,False,False,True,,,,,-0.1399999999999999,0.10000000000000003,,,,,1.44,0.35
CTVA,high_vol_stress,defensive_dual_tight,False,5,"roe,roic,ev,pb,mca",False,False,True,False,False,False,-0.06999999999999999,-0.09,0.4,,-0.9000000000000001,-0.825,0.08,0.06,0.4,,2.2,1.275
PSX,high_vol_stress,defensive_dual_tight,False,6,"roe,roic,de,ev,pb,mca",False,False,False,False,False,False,,,,,-1.6500000000000001,-0.6720000000000002,,,,,2.95,1.122
KO,high_vol_stress,defensive_dual_tight,False,4,"de,ev,pb,mca",True,True,False,False,False,False,0.23,0.0,-0.5999999999999999,,-9.12,-3.393,0.38,0.15,1.4,,10.42,3.843
SO,high_vol_stress,defensive_dual_tight,False,6,"roe,roic,de,ev,pb,mca",False,False,False,False,False,False,-0.039999999999999994,-0.09999999999999999,-0.8,,,-0.329,0.11,0.05,1.6,,,0.779
SMCI,high_vol_stress,defensive_dual_tight,False,3,"ev,pb,mca",True,True,True,False,False,False,0.15,0.07,0.6000000000000001,,-0.9200000000000002,-1.274,0.3,0.22,0.2,,2.22,1.724
REGN,high_vol_stress,defensive_dual_tight,False,3,"ev,pb,mca",True,True,True,False,False,False,0.03,0.010000000000000009,0.7000000000000001,,-1.0999999999999999,,0.18,0.16,0.1,,2.4,
JNJ,high_vol_stress,defensive_dual_tight,False,3,"ev,pb,mca",True,True,True,False,False,False,0.07,0.0,0.35000000000000003,,-5.96,-2.889,0.22,0.15,0.45,,7.26,3.339
CFG,high_vol_stress,defensive_dual_tight,False,4,"roe,roic,de,ev",False,False,False,False,True,True,,,,,0.040000000000000036,0.281,,,,,1.26,0.169
SATS,high_vol_stress,defensive_dual_tight,False,6,"roe,roic,de,ev,pb,mca",False,False,False,False,False,False,,,,,-4.04,-1.056,,,,,5.34,1.506
BAYRY,high_vol_stress,defensive_dual_tight,False,6,"roe,roic,de,ev,pb,mca",False,False,False,False,False,False,-0.09999999999999999,-0.10999999999999999,-0.09999999999999998,,-0.3599999999999999,-0.0030000000000000027,0.05,0.04,0.9,,1.66,0.453
C,high_vol_stress,defensive_dual_tight,False,4,"roe,roic,de,ev",False,False,False,False,True,True,-0.07999999999999999,-0.09999999999999999,-0.5,,0.14000000000000012,0.357,0.07,0.05,1.3,,1.16,0.093
RTX,high_vol_stress,defensive_dual_tight,False,5,"roe,roic,ev,pb,mca",False,False,True,False,False,False,-0.03,-0.06999999999999999,0.10000000000000009,,-3.04,-1.242,0.12,0.08,0.7,,4.34,1.692
KHC,high_vol_stress,defensive_dual_tight,False,3,"roe,roic,ev",False,False,True,False,True,True,-0.09,-0.09999999999999999,0.30000000000000004,,0.56,0.10000000000000003,0.06,0.05,0.5,,0.74,0.35
SBUX,high_vol_stress,defensive_dual_tight,False,4,"roic,de,ev,mca",True,False,False,False,True,False,0.25,-0.009999999999999981,-1.7,,15.39,-3.529,0.4,0.14,2.5,,-14.09,3.979
SMG,high_vol_stress,defensive_dual_tight,False,5,"roe,roic,de,ev,mca",False,False,False,False,True,False,-0.03,-0.06999999999999999,-0.7,,14.82,-0.569,0.12,0.08,1.5,,-13.52,1.019
WM,high_vol_stress,defensive_dual_tight,False,5,"roic,de,ev,pb,mca",True,False,False,False,False,False,0.1,-0.03,-0.7,,-7.8500000000000005,-2.134,0.25,0.12,1.5,,9.15,2.584
VZ,high_vol_stress,defensive_dual_tight,False,5,"roic,de,ev,pb,mca",True,False,False,False,False,False,0.05000000000000002,-0.06999999999999999,-1.0,,-0.55,-0.059,0.2,0.08,1.8,,1.85,0.509
CF,high_vol_stress,defensive_dual_tight,False,3,"ev,pb,mca",True,True,True,False,False,False,0.1,0.0,0.30000000000000004,,-2.3,-0.974,0.25,0.15,0.5,,3.6,1.424
RKLB,high_vol_stress,defensive_dual_tight,False,6,"roe,roic,de,ev,pb,mca",False,False,False,False,False,False,,,,,-15.05,-15.626000000000001,,,,,16.35,16.076
COST,high_vol_stress,defensive_dual_tight,False,3,"ev,pb,mca",True,True,True,False,False,False,0.13000000000000003,0.010000000000000009,0.4,,-24.11,-5.552,0.28,0.16,0.4,,25.41,6.002
BA,high_vol_stress,defensive_dual_tight,False,6,"roe,roic,de,ev,pb,mca",False,False,False,False,False,False,-0.15,-0.13,-4.2,,-26.13,,0.0,0.02,5.0,,27.43,
ABBV,high_vol_stress,defensive_dual_tight,False,3,"de,ev,mca",True,True,False,False,True,False,0.65,0.05000000000000002,-2.7,,68.39,-2.8579999999999997,0.8,0.2,3.5,,-67.09,3.308
AEP,high_vol_stress,defensive_dual_tight,False,6,"roe,roic,de,ev,pb,mca",False,False,False,False,False,False,-0.04999999999999999,-0.09999999999999999,-0.7,,-0.8899999999999999,-0.24799999999999994,0.1,0.05,1.5,,2.19,0.698
KMB,high_vol_stress,defensive_dual_tight,False,4,"de,ev,pb,mca",True,True,False,False,False,False,0.4,0.010000000000000009,-1.2,,-18.97,-1.691,0.55,0.16,2.0,,20.27,2.141
SCHW,high_vol_stress,defensive_dual_tight,False,5,"roe,roic,ev,pb,mca",False,False,True,False,False,False,-0.009999999999999981,-0.04999999999999999,0.30000000000000004,,-2.34,,0.14,0.1,0.5,,3.64,
MSFT,high_vol_stress,defensive_dual_tight,False,3,"ev,pb,mca",True,True,True,False,False,False,0.19999999999999998,0.1,0.5,,-6.29,-6.265,0.35,0.25,0.3,,7.59,6.715
PM,high_vol_stress,defensive_dual_tight,False,4,"de,ev,pb,mca",True,True,False,False,False,False,0.5499999999999999,0.05000000000000002,-1.2,,,-4.153,0.7,0.2,2.0,,,4.603
TDW,high_vol_stress,defensive_dual_tight,False,6,"roe,roic,de,ev,pb,mca",False,False,False,False,False,False,,,,,-1.41,-0.47600000000000003,,,,,2.71,0.926
MMM,high_vol_stress,defensive_dual_tight,False,5,"roic,de,ev,pb,mca",True,False,False,False,False,False,0.1,-0.03,-0.3999999999999999,,-29.34,-1.8110000000000002,0.25,0.12,1.2,,30.64,2.261
GSAT,high_vol_stress,defensive_dual_tight,False,6,"roe,roic,de,ev,pb,mca",False,False,False,False,False,False,,,,,-29.83,-6.676,,,,,31.13,7.126
NTR,high_vol_stress,defensive_dual_tight,False,5,"roe,roic,ev,pb,mca",False,False,True,False,False,False,-0.07999999999999999,-0.09999999999999999,0.20000000000000007,,-0.030000000000000027,-0.192,0.07,0.05,0.6,,1.33,0.642
BKSY,high_vol_stress,defensive_dual_tight,False,6,"roe,roic,de,ev,pb,mca",False,False,False,False,False,False,,,,,-9.11,-0.8880000000000001,,,,,10.41,1.338
ENPH,high_vol_stress,defensive_dual_tight,False,5,"roe,roic,ev,pb,mca",False,False,True,False,False,False,-0.04999999999999999,-0.06999999999999999,0.30000000000000004,,-2.8500000000000005,,0.1,0.08,0.5,,4.15,
NOC,high_vol_stress,defensive_dual_tight,False,6,"roe,roic,de,ev,pb,mca",False,False,False,False,False,False,,,,,-3.13,-1.235,,,,,4.43,1.685
UNH,high_vol_stress,defensive_dual_tight,False,3,"ev,pb,mca",True,True,True,False,False,False,0.1,0.03,0.10000000000000009,,-2.34,-0.8200000000000001,0.25,0.18,0.7,,3.64,1.27
MO,high_vol_stress,defensive_dual_tight,False,3,"de,ev,mca",True,True,False,False,True,False,0.75,0.1,-0.7,,37.349999999999994,-2.855,0.9,0.25,1.5,,-36.05,3.305
NKE,high_vol_stress,defensive_dual_tight,False,3,"ev,pb,mca",True,True,True,False,False,False,0.15,0.03,0.20000000000000007,,-2.8600000000000003,-1.098,0.3,0.18,0.6,,4.16,1.548
TRV,high_vol_stress,defensive_dual_tight,False,5,"roe,roic,ev,pb,mca",False,False,True,False,False,False,-0.009999999999999981,-0.04999999999999999,0.5,,-1.0799999999999998,-0.15499999999999997,0.14,0.1,0.3,,2.38,0.605
FANG,high_vol_stress,defensive_dual_tight,False,6,"roe,roic,de,ev,pb,mca",False,False,False,False,False,False,,,,,-0.25,-0.5760000000000001,,,,,1.55,1.026
MOS,high_vol_stress,defensive_dual_tight,False,3,"roe,roic,ev",False,False,True,False,True,True,-0.06999999999999999,-0.09,0.4,,0.7000000000000001,0.129,0.08,0.06,0.4,,0.6,0.321
NEE,high_vol_stress,defensive_dual_tight,False,6,"roe,roic,de,ev,pb,mca",False,False,False,False,False,False,-0.03,-0.09,-0.5999999999999999,,,-0.5109999999999999,0.12,0.06,1.4,,,0.961
GOOGL,high_vol_stress,defensive_dual_tight,False,3,"ev,pb,mca",True,True,True,False,False,False,0.1,0.07,0.7000000000000001,,-5.59,,0.25,0.22,0.1,,6.89,
MPC,high_vol_stress,defensive_dual_tight,False,6,"roe,roic,de,ev,pb,mca",False,False,False,False,False,False,,,,,-4.180000000000001,-0.9570000000000001,,,,,5.48,1.407
TSLA,high_vol_stress,defensive_dual_tight,False,4,"roic,ev,pb,mca",True,False,True,False,False,False,0.0,-0.04999999999999999,0.6000000000000001,,-12.43,,0.15,0.1,0.2,,13.73,
FITB,high_vol_stress,defensive_dual_tight,False,5,"roe,roic,de,ev,pb",False,False,False,False,False,True,,,,,-0.29000000000000004,0.16600000000000004,,,,,1.59,0.284
GD,high_vol_stress,defensive_dual_tight,False,6,"roe,roic,de,ev,pb,mca",False,False,False,False,False,False,,,,,-2.5199999999999996,-1.4140000000000001,,,,,3.82,1.864
ANDE,high_vol_stress,defensive_dual_tight,False,5,"roe,roic,ev,pb,mca",False,False,True,False,False,False,-0.06999999999999999,-0.09,0.30000000000000004,,-0.5799999999999998,-0.12399999999999994,0.08,0.06,0.5,,1.88,0.574
FMC,high_vol_stress,defensive_dual_tight,False,4,"roe,roic,de,ev",False,False,False,False,True,True,-0.09999999999999999,-0.10999999999999999,-0.3999999999999999,,0.4700000000000001,0.331,0.05,0.04,1.2,,0.83,0.119
MTSI,high_vol_stress,defensive_dual_tight,False,6,"roe,roic,de,ev,pb,mca",False,False,False,False,False,False,,,,,-12.42,-3.44,,,,,13.72,3.89
TTMI,high_vol_stress,defensive_dual_tight,False,6,"roe,roic,de,ev,pb,mca",False,False,False,False,False,False,,,,,-5.42,-3.078,,,,,6.72,3.528
ASIX,high_vol_stress,defensive_dual_tight,False,3,"roe,roic,ev",False,False,True,False,True,True,-0.04999999999999999,-0.07999999999999999,0.20000000000000007,,0.62,0.11399999999999999,0.1,0.07,0.6,,0.68,0.336
LMT,high_vol_stress,defensive_dual_tight,False,4,"de,ev,pb,mca",True,True,False,False,False,False,0.4,0.05000000000000002,-0.7,,-13.75,-1.957,0.55,0.2,1.5,,15.05,2.407
NVDA,high_vol_stress,defensive_dual_tight,False,3,"ev,pb,mca",True,True,True,False,False,False,0.75,0.4,0.6000000000000001,,-23.16,,0.9,0.55,0.2,,24.46,
MKC,high_vol_stress,defensive_dual_tight,False,5,"roic,de,ev,pb,mca",True,False,False,False,False,False,0.07,-0.03,-0.09999999999999998,,-0.6599999999999999,-0.6040000000000001,0.22,0.12,0.9,,1.96,1.054
LRCX,high_vol_stress,defensive_dual_tight,False,6,"roe,roic,de,ev,pb,mca",False,False,False,False,False,False,,,,,-34.230000000000004,-10.301,,,,,35.53,10.751
STLD,high_vol_stress,defensive_dual_tight,False,6,"roe,roic,de,ev,pb,mca",False,False,False,False,False,False,,,,,-2.5700000000000003,-1.566,,,,,3.87,2.016
CVX,high_vol_stress,defensive_dual_tight,False,5,"roe,roic,ev,pb,mca",False,False,True,False,False,False,-0.009999999999999981,-0.039999999999999994,0.6000000000000001,,-0.7899999999999998,-1.0370000000000001,0.14,0.11,0.2,,2.09,1.487
ASTS,high_vol_stress,defensive_dual_tight,False,6,"roe,roic,de,ev,pb,mca",False,False,False,False,False,False,,,,,-7.03,-8.561,,,,,8.33,9.011
PLTR,high_vol_stress,defensive_dual_tight,False,5,"roe,roic,ev,pb,mca",False,False,True,False,False,False,-0.06999999999999999,-0.09999999999999999,0.8,,-32.77,,0.08,0.05,0.0,,34.07,
STM,high_vol_stress,defensive_dual_tight,False,6,"roe,roic,de,ev,pb,mca",False,False,False,False,False,False,,,,,-1.3299999999999998,-0.8960000000000001,,,,,2.63,1.346
LXU,high_vol_stress,defensive_dual_tight,False,4,"roic,ev,pb,mca",True,False,True,False,False,False,0.0,-0.04999999999999999,0.0,,-0.1399999999999999,-0.10800000000000004,0.15,0.1,0.8,,1.44,0.558
PLD,high_vol_stress,defensive_dual_tight,False,5,"roe,roic,ev,pb,mca",False,False,True,False,False,False,-0.06999999999999999,-0.09999999999999999,0.20000000000000007,,-1.2,-1.076,0.08,0.05,0.6,,2.5,1.526
D,high_vol_stress,defensive_dual_tight,False,6,"roe,roic,de,ev,pb,mca",False,False,False,False,False,False,,,,,-0.8699999999999999,-0.10600000000000004,,,,,2.17,0.556
VLO,high_vol_stress,defensive_dual_tight,False,6,"roe,roic,de,ev,pb,mca",False,False,False,False,False,False,,,,,-2.55,-0.964,,,,,3.85,1.414
ALL,high_vol_stress,defensive_dual_tight,False,5,"roe,roic,ev,pb,mca",False,False,True,False,False,False,-0.03,-0.06,0.45000000000000007,,-1.01,-0.2,0.12,0.09,0.35,,2.31,0.65
DE,high_vol_stress,defensive_dual_tight,False,4,"de,ev,pb,mca",True,True,False,False,False,False,0.19999999999999998,0.0,-1.0,,-4.5600000000000005,-1.1560000000000001,0.35,0.15,1.8,,5.86,1.606
SYF,high_vol_stress,defensive_dual_tight,False,5,"roe,roic,de,ev,pb",False,False,False,False,False,True,,,,,-0.3799999999999999,0.26,,,,,1.68,0.19
DG,high_vol_stress,defensive_dual_tight,False,5,"roic,de,ev,pb,mca",True,False,False,False,False,False,0.05000000000000002,-0.04999999999999999,-0.19999999999999996,,-1.86,-1.101,0.2,0.1,1.0,,3.16,1.551
BMY,high_vol_stress,defensive_dual_tight,False,5,"roic,de,ev,pb,mca",True,False,False,False,False,False,0.03,-0.03,-0.30000000000000004,,-5.24,-0.931,0.18,0.12,1.1,,6.54,1.381
PEP,high_vol_stress,defensive_dual_tight,False,5,"roic,de,ev,pb,mca",True,False,False,False,False,False,0.35,-0.009999999999999981,-0.8,,-7.29,-1.448,0.5,0.14,1.6,,8.59,1.898
MCHP,high_vol_stress,defensive_dual_tight,False,6,"roe,roic,de,ev,pb,mca",False,False,False,False,False,False,,,,,-5.05,-1.186,,,,,6.35,1.636
HBAN,high_vol_stress,defensive_dual_tight,False,4,"roe,roic,de,ev",False,False,False,False,True,True,,,,,0.14000000000000012,0.259,,,,,1.16,0.191
ORCL,high_vol_stress,defensive_dual_tight,False,4,"de,ev,pb,mca",True,True,False,False,False,False,0.35,0.03,-1.7,,-8.45,-2.167,0.5,0.18,2.5,,9.75,2.617
VAL,high_vol_stress,defensive_dual_tight,False,6,"roe,roic,de,ev,pb,mca",False,False,False,False,False,False,,,,,-0.3899999999999999,-0.7430000000000001,,,,,1.69,1.193
T,high_vol_stress,defensive_dual_tight,False,5,"roe,roic,de,ev,pb",False,False,False,False,False,True,-0.04999999999999999,-0.09,-0.3999999999999999,,-0.1499999999999999,0.05099999999999999,0.1,0.06,1.2,,1.45,0.399
AMAT,high_vol_stress,defensive_dual_tight,False,6,"roe,roic,de,ev,pb,mca",False,False,False,False,False,False,,,,,-15.719999999999999,-6.951,,,,,17.02,7.401
DOW,high_vol_stress,defensive_dual_tight,False,4,"roe,roic,ev,pb",False,False,True,False,False,True,-0.04999999999999999,-0.07999999999999999,0.10000000000000009,,-0.07000000000000006,0.08800000000000002,0.1,0.07,0.7,,1.37,0.362
DUK,high_vol_stress,defensive_dual_tight,False,6,"roe,roic,de,ev,pb,mca",False,False,False,False,False,False,-0.06,-0.09999999999999999,-0.7,,-0.53,-0.09400000000000003,0.09,0.05,1.5,,1.83,0.544
HON,high_vol_stress,defensive_dual_tight,False,3,"ev,pb,mca",True,True,True,False,False,False,0.13000000000000003,0.010000000000000009,0.0,,-4.33,-0.728,0.28,0.16,0.8,,5.63,1.178
